episode,timestep,reward,sla_violation,mean_replicas,crashes,flapping_incidents,length
0,48,-19.86499984562397,0.8333333333333334,1.5,1,0,6
1,64,-22.15333268046379,1.0,2.5,1,1,8
2,112,-23.323333851993084,1.0,1.8571428571428572,1,3,14
3,128,-25.12333321943879,0.9375,2.375,1,6,16
4,328,-17.634999945759773,0.43999999999999995,2.76,1,13,25
5,392,-20.686666041612625,0.875,2.0,1,1,8
6,496,-6.886667096056044,0.3709677419354839,4.903225806451613,1,18,62
7,544,-20.161665990948677,0.736842105263158,2.263157894736842,1,4,19
8,1000,0.07333390228450298,0.36752136752136755,5.05982905982906,1,42,117
9,1080,-19.51166719198227,0.7,3.1,1,1,10
10,1408,-8.305000392720103,0.24390243902439024,3.8780487804878048,1,18,41
11,1472,39.43666663579643,0.1292134831460674,7.426966292134831,1,54,178
12,1600,41.93833361659199,0.25,6.695,0,73,200
13,1600,61.03833352494985,0.08999999999999997,8.705,0,65,200
14,1600,58.74833348300308,0.06000000000000005,9.215,0,74,200
15,1640,-21.58333383500576,1.0,1.6,1,1,5
16,1696,41.921667284332216,0.07070707070707072,8.752525252525253,1,67,198
17,1904,-32.943333730101585,0.8157894736842105,3.526315789473684,1,19,38
18,2096,57.72666678391397,0.14,7.51,0,70,200
19,2144,86.48166704177856,0.0,8.275,0,59,200
20,2672,-0.2716668900102377,0.3055555555555556,4.263888888888889,1,23,72
21,3008,50.03666679933667,0.245,6.46,0,64,200
22,3072,69.2216666713357,0.08999999999999997,7.195,0,72,200
23,3200,77.78000021632761,0.0,9.81,0,54,200
24,3240,77.77333353459835,0.0050000000000000044,9.17,0,61,200
25,3296,79.82000039797276,0.050000000000000044,7.86,0,59,200
26,3504,76.4716671956703,0.09499999999999997,7.375,0,58,200
27,3744,64.96833342965692,0.08999999999999997,8.945,0,57,200
28,4272,94.7833332484588,0.020000000000000018,6.62,0,64,200
29,4608,56.25166688859463,0.10499999999999998,8.485,0,71,200
30,4672,80.81500030681491,0.0050000000000000044,9.015,0,59,200
31,4800,52.051666588522494,0.14500000000000002,8.395,0,66,200
32,4840,83.90666707139462,0.010000000000000009,7.96,0,64,200
33,4896,84.2183333914727,0.015000000000000013,7.895,0,63,200
34,5104,73.15999998897314,0.07499999999999996,7.56,0,63,200
35,5344,56.800000433810055,0.16500000000000004,7.83,0,58,200
36,5872,70.69666682742536,0.06499999999999995,9.13,0,51,200
37,6208,81.43000009376556,0.03500000000000003,8.88,0,50,200
38,6272,72.72500046063215,0.050000000000000044,8.415,0,63,200
39,6400,89.58500015921891,0.0,8.085,0,57,200
40,6440,77.54166684579104,0.0,8.575,0,68,200
41,6496,75.52499985694885,0.030000000000000027,8.445,0,68,200
42,6704,86.45500017888844,0.0,8.535,0,57,200
43,6944,86.12499990034848,0.0050000000000000044,8.805,0,52,200
44,7472,79.68666676711291,0.030000000000000027,8.23,0,63,200
45,7808,76.03000009898096,0.030000000000000027,9.51,0,53,200
46,7872,79.08999996352941,0.0050000000000000044,9.51,0,54,200
47,8000,80.10166659206152,0.020000000000000018,9.265,0,51,200
48,8040,89.39500009734184,0.015000000000000013,7.665,0,57,200
49,8096,70.34166667889804,0.020000000000000018,9.895,0,59,200
50,8304,77.36833326425403,0.020000000000000018,9.215,0,54,200
51,8544,87.6466669542715,0.0050000000000000044,9.07,0,47,200
52,9072,80.1649996554479,0.0050000000000000044,9.285,0,55,200
53,9408,82.63499996624887,0.015000000000000013,9.105,0,50,200
54,9472,82.1583333844319,0.0,8.885,0,62,200
55,9600,73.04166653286666,0.0,9.985,0,59,200
56,9640,79.36500005610287,0.040000000000000036,8.895,0,51,200
57,9696,85.83666677027941,0.020000000000000018,8.05,0,58,200
58,9904,75.80333332624286,0.0050000000000000044,9.29,0,63,200
59,10144,86.03000024519861,0.0050000000000000044,9.03,0,50,200
60,10672,89.44333365373313,0.0,8.33,0,55,200
61,11008,80.43500017654151,0.020000000000000018,8.865,0,57,200
62,11072,82.62333335075527,0.0,8.72,0,61,200
63,11200,85.91666679084301,0.015000000000000013,8.83,0,50,200
64,11240,84.16999991144985,0.0,9.27,0,51,200
65,11296,70.0316665917635,0.0050000000000000044,9.475,0,67,200
66,11504,90.04666682891548,0.015000000000000013,8.05,0,54,200
67,11744,89.08166713360697,0.0050000000000000044,8.035,0,57,200
68,12272,85.6200002161786,0.0,9.39,0,48,200
69,12608,86.36833315808326,0.0,8.735,0,54,200
70,12672,74.65166658442467,0.030000000000000027,9.325,0,54,200
71,12800,78.7883340548724,0.015000000000000013,9.425,0,55,200
72,12840,77.77833364903927,0.020000000000000018,9.575,0,53,200
73,12896,80.08333314210176,0.0050000000000000044,8.69,0,67,200
74,13104,92.27833304740489,0.0,8.435,0,49,200
75,13344,79.56666663102806,0.010000000000000009,9.7,0,49,200
76,13872,76.24166657403111,0.0,9.385,0,62,200
77,14208,84.14833359513432,0.0050000000000000044,9.035,0,52,200
78,14272,90.44500009156764,0.030000000000000027,8.295,0,45,200
79,14400,82.95499986968935,0.0,8.715,0,60,200
80,14440,99.58666715025902,0.0,8.2,0,42,200
81,14496,79.8916668817401,0.020000000000000018,8.485,0,61,200
82,14704,86.73166706971824,0.010000000000000009,8.815,0,51,200
83,14944,86.1133335204795,0.0050000000000000044,9.14,0,49,200
84,15472,83.2016667407006,0.0,9.355,0,50,200
85,15808,89.33333337120712,0.0050000000000000044,8.48,0,52,200
86,15872,83.38166699931026,0.010000000000000009,8.695,0,55,200
87,16000,94.34666697215289,0.0,8.47,0,45,200
88,16040,98.62833383586258,0.0,7.805,0,48,200
89,16096,94.28999991808087,0.0,8.61,0,42,200
90,16304,82.06333352345973,0.0050000000000000044,8.75,0,59,200
91,16544,85.4849998196587,0.0,9.135,0,52,200
92,17072,93.60833389870822,0.0,8.795,0,43,200
93,17408,89.72833363804966,0.0,9.035,0,46,200
94,17472,82.04833331611007,0.0,9.215,0,56,200
95,17600,85.63833318836987,0.0,9.095,0,53,200
96,17640,90.10166708100587,0.0050000000000000044,8.485,0,52,200
97,17696,82.39833365380764,0.010000000000000009,8.315,0,63,200
98,17904,90.78333349339664,0.0050000000000000044,8.45,0,50,200
99,18144,75.74666697718203,0.04500000000000004,8.44,0,59,200
100,18672,88.62333327718079,0.0,7.97,0,60,200
101,19008,95.33166666701436,0.0,7.675,0,57,200
102,19072,89.83333324175328,0.0050000000000000044,8.84,0,46,200
103,19200,95.52666684240103,0.0050000000000000044,8.17,0,44,200
104,19240,96.90000041015446,0.0050000000000000044,7.68,0,50,200
105,19296,81.91833349317312,0.0,9.065,0,57,200
106,19504,98.14500021375716,0.0050000000000000044,6.945,0,59,200
107,19744,80.49500007275492,0.020000000000000018,8.595,0,61,200
108,20272,83.9650000128895,0.015000000000000013,8.535,0,57,200
109,20608,94.39666656404734,0.025000000000000022,7.69,0,46,200
110,20672,96.24500054121017,0.0,8.595,0,42,200
111,20800,95.37666672933847,0.010000000000000009,7.84,0,50,200
112,20840,102.13333332259208,0.0,7.52,0,46,200
113,20896,91.3550004446879,0.015000000000000013,7.575,0,57,200
114,21104,102.23000020068139,0.0,8.01,0,41,200
115,21344,92.90000009350479,0.0050000000000000044,8.16,0,51,200
116,21872,96.04666679818183,0.0,8.02,0,48,200
117,22208,104.67333335708827,0.0050000000000000044,7.22,0,44,200
118,22272,87.25333363283426,0.020000000000000018,8.33,0,57,200
119,22400,102.82666676025838,0.010000000000000009,7.0,0,50,200
120,22440,96.34500006958842,0.0050000000000000044,8.055,0,45,200
121,22496,83.19000023882836,0.015000000000000013,7.83,0,68,200
122,22704,102.80500001274049,0.010000000000000009,7.515,0,44,200
123,22944,97.5050003156066,0.0050000000000000044,7.905,0,46,200
124,23472,105.80500012170523,0.0050000000000000044,7.425,0,38,200
125,23808,96.3700005132705,0.0050000000000000044,8.22,0,45,200
126,23872,102.45333370473236,0.0050000000000000044,7.4,0,46,200
127,24000,106.7233336372301,0.0,7.43,0,40,200
128,24040,81.68166716210544,0.0,8.575,0,66,200
129,24096,98.575000282377,0.020000000000000018,7.725,0,43,200
130,24304,88.77833350934088,0.010000000000000009,8.315,0,54,200
131,24544,112.42500018328428,0.025000000000000022,6.405,0,39,200
132,25072,104.59000042080879,0.0050000000000000044,6.99,0,46,200
133,25408,104.8716671159491,0.0,7.885,0,40,200
134,25472,102.48166697472334,0.0,7.165,0,48,200
135,25600,97.39833356998861,0.0,8.015,0,48,200
136,25640,98.79833345394582,0.020000000000000018,7.565,0,43,200
137,25696,84.19666676968336,0.0,9.13,0,54,200
138,25904,105.99833390396088,0.0,7.085,0,47,200
139,26144,109.3683339562267,0.0,7.055,0,43,200
140,26672,100.26166696101427,0.0,7.735,0,50,200
141,27008,95.38666698988527,0.0,8.41,0,47,200
142,27072,106.8350002868101,0.0,7.665,0,39,200
143,27200,99.44833386782557,0.0,7.475,0,52,200
144,27240,94.32833359856158,0.025000000000000022,7.985,0,46,200
145,27296,96.3733335500583,0.025000000000000022,7.73,0,46,200
146,27504,115.20666734222323,0.0050000000000000044,6.58,0,38,200
147,27744,87.23833352513611,0.020000000000000018,8.735,0,49,200
148,28272,100.11500015109777,0.010000000000000009,7.725,0,45,200
149,28608,110.91833363939077,0.0,6.785,0,44,200
150,28672,105.1300002168864,0.0,7.44,0,45,200
151,28800,102.08833357226104,0.0,7.865,0,44,200
152,28840,110.20666684862226,0.0,7.0,0,42,200
153,28896,99.77166703529656,0.010000000000000009,8.365,0,36,200
154,29104,95.18000046536326,0.010000000000000009,8.25,0,46,200
155,29344,109.64333377033472,0.010000000000000009,7.13,0,36,200
156,29872,107.12000023107976,0.0,6.99,0,46,200
157,30208,94.2883337456733,0.010000000000000009,7.715,0,53,200
158,30272,89.27000036090612,0.0050000000000000044,8.4,0,53,200
159,30400,101.14166671317071,0.0,7.675,0,47,200
160,30440,100.32333381287754,0.010000000000000009,8.15,0,37,200
161,30496,103.82000017073005,0.0050000000000000044,7.41,0,42,200
162,30704,108.3100002631545,0.0050000000000000044,6.81,0,45,200
163,30944,98.62000038474798,0.0050000000000000044,7.95,0,46,200
164,31472,105.6899999184534,0.040000000000000036,6.6,0,41,200
165,31808,102.31166685651988,0.0,7.315,0,51,200
166,31872,112.95166679378599,0.0,6.805,0,40,200
167,32000,106.57833364978433,0.0,7.295,0,46,200
168,32040,95.29833324812353,0.0,8.135,0,48,200
169,32096,102.03833343274891,0.0050000000000000044,7.505,0,46,200
170,32304,90.62666686065495,0.0,8.41,0,53,200
171,32544,106.7283331649378,0.0,7.265,0,45,200
172,33072,108.93833351321518,0.0,7.685,0,33,200
173,33408,106.41666665580124,0.0050000000000000044,6.82,0,50,200
174,33472,95.59666716121137,0.0,7.96,0,51,200
175,33600,109.07500018645078,0.0,6.705,0,47,200
176,33640,96.61666691489518,0.015000000000000013,7.72,0,48,200
177,33696,102.77500047907233,0.0050000000000000044,7.275,0,46,200
178,33904,106.60666701104492,0.0,7.81,0,37,200
179,34144,113.97000002861023,0.0,6.72,0,39,200
180,34672,105.72333374712616,0.0050000000000000044,6.89,0,48,200
181,35008,104.30000023450702,0.020000000000000018,6.96,0,44,200
182,35072,108.5266666924581,0.015000000000000013,6.82,0,41,200
183,35200,104.77333332970738,0.010000000000000009,6.8,0,48,200
184,35240,110.26833359431475,0.010000000000000009,6.425,0,48,200
185,35296,117.07500034570694,0.010000000000000009,6.405,0,35,200
186,35504,100.94333367887884,0.010000000000000009,7.46,0,48,200
187,35744,106.34000025503337,0.015000000000000013,7.35,0,37,200
188,36272,107.94333388656378,0.0050000000000000044,7.1,0,43,200
189,36608,112.65833358094096,0.0,7.115,0,37,200
190,36672,110.48500031698495,0.0050000000000000044,7.035,0,40,200
191,36800,105.78333358839154,0.015000000000000013,7.31,0,40,200
192,36840,106.5733332214877,0.015000000000000013,7.58,0,33,200
193,36896,110.00333345029503,0.015000000000000013,6.5,0,45,200
194,37104,120.18000018503517,0.0,6.3,0,35,200
195,37344,95.38333347067237,0.03500000000000003,7.64,0,45,200
196,37872,112.4566668048501,0.010000000000000009,6.91,0,36,200
197,38208,101.70166682172567,0.020000000000000018,7.825,0,36,200
198,38272,109.283333693631,0.025000000000000022,6.26,0,44,200
199,38400,123.1500004073605,0.0050000000000000044,6.21,0,29,200
200,38440,111.87166674807668,0.0,6.985,0,39,200
201,38496,111.98333342373371,0.0050000000000000044,7.22,0,33,200
202,38704,108.22000010684133,0.040000000000000036,6.27,0,42,200
203,38944,109.59166651591659,0.020000000000000018,7.015,0,35,200
204,39472,107.61166679579765,0.020000000000000018,7.075,0,38,200
205,39808,110.75500019080937,0.0,6.885,0,44,200
206,39872,115.3016671454534,0.0050000000000000044,6.205,0,43,200
207,40000,124.98333375900984,0.0050000000000000044,6.08,0,28,200
208,40040,108.37000020127743,0.015000000000000013,7.14,0,37,200
209,40096,115.43833350855857,0.0,6.605,0,38,200
210,40304,120.48000014852732,0.0050000000000000044,6.3,0,34,200
211,40544,109.11333363130689,0.020000000000000018,7.07,0,36,200
212,41072,104.45833372604102,0.020000000000000018,7.205,0,44,200
213,41408,106.39166742935777,0.0050000000000000044,7.195,0,41,200
214,41472,108.45166664011776,0.015000000000000013,7.255,0,37,200
215,41600,126.89999975543469,0.010000000000000009,5.58,0,31,200
216,41640,119.24333387054503,0.025000000000000022,5.75,0,36,200
217,41696,109.99666698276997,0.025000000000000022,7.06,0,33,200
218,41904,122.13666682969779,0.020000000000000018,5.74,0,35,200
219,42144,114.3599999723956,0.0050000000000000044,6.84,0,37,200
220,42672,122.52666673436761,0.0050000000000000044,6.43,0,29,200
221,43008,109.47500033024698,0.05500000000000005,6.315,0,34,200
222,43072,111.41500043030828,0.05500000000000005,6.105,0,32,200
223,43200,114.04000050388277,0.04500000000000004,6.03,0,33,200
224,43240,114.93500037770718,0.015000000000000013,6.705,0,32,200
225,43296,113.83833353128284,0.020000000000000018,6.695,0,34,200
226,43504,115.25166736915708,0.0,7.135,0,33,200
227,43744,120.75833341106772,0.0050000000000000044,6.455,0,31,200
228,44272,119.59000035561621,0.030000000000000027,6.09,0,30,200
229,44608,118.03333367593586,0.0,6.71,0,32,200
230,44672,109.88166665285826,0.015000000000000013,7.285,0,35,200
231,44800,107.41500020772219,0.07499999999999996,6.015,0,36,200
232,44840,117.49666680581868,0.05500000000000005,5.65,0,30,200
233,44896,115.39333358034492,0.03500000000000003,6.68,0,26,200
234,45104,119.59333363454789,0.030000000000000027,5.9,0,32,200
235,45344,112.61500017344952,0.010000000000000009,6.765,0,38,200
236,45872,114.68666696920991,0.025000000000000022,7.0,0,27,200
237,46208,117.82999982312322,0.06000000000000005,6.0,0,23,200
238,46272,124.67333390936255,0.025000000000000022,5.45,0,32,200
239,46400,81.66166678629816,0.19499999999999995,6.505,0,32,200
240,46440,116.70166675001383,0.06000000000000005,5.995,0,26,200
241,46496,120.81166671123356,0.025000000000000022,5.875,0,34,200
242,46704,117.97166695352644,0.0050000000000000044,6.265,0,37,200
243,46944,110.2350003933534,0.06999999999999995,6.285,0,29,200
244,47472,95.6466668639332,0.09999999999999998,6.91,0,34,200
245,47808,112.11333356797695,0.020000000000000018,6.86,0,35,200
246,47872,127.68000035267323,0.010000000000000009,5.7,0,30,200
247,48000,125.20333330519497,0.0050000000000000044,6.02,0,31,200
248,48040,116.90166682284325,0.0,6.655,0,36,200
249,48096,103.69666697271168,0.05500000000000005,6.94,0,35,200
250,48304,121.9316667765379,0.04500000000000004,5.695,0,27,200
251,48544,125.24166643153876,0.015000000000000013,5.635,0,31,200
252,49072,98.23166688531637,0.07499999999999996,6.955,0,38,200
253,49408,122.47666681371629,0.010000000000000009,6.37,0,28,200
254,49472,126.90166679397225,0.0050000000000000044,5.785,0,31,200
255,49600,117.23333318065852,0.020000000000000018,5.84,0,42,200
256,49640,120.49333358090371,0.025000000000000022,6.38,0,25,200
257,49696,120.89333302062005,0.015000000000000013,6.14,0,32,200
258,49904,121.80666684173048,0.010000000000000009,6.01,0,35,200
259,50144,110.85500037204474,0.10999999999999999,5.415,0,27,200
260,50672,116.08500004094094,0.050000000000000044,5.685,0,33,200
261,51008,113.89000014867634,0.06000000000000005,6.09,0,30,200
262,51072,106.59500025399029,0.10999999999999999,5.475,0,33,200
263,51200,118.38166706450284,0.0050000000000000044,6.235,0,39,200
264,51240,109.3000002168119,0.020000000000000018,7.05,0,37,200
265,51296,113.26500024925917,0.010000000000000009,6.465,0,41,200
266,51504,126.58333343546838,0.0050000000000000044,6.17,0,26,200
267,51744,111.12666695378721,0.0050000000000000044,7.21,0,35,200
268,52272,124.58500042930245,0.015000000000000013,5.775,0,31,200
269,52608,120.51000016089529,0.0050000000000000044,6.21,0,35,200
270,52672,124.21500036865473,0.020000000000000018,5.745,0,31,200
271,52800,121.33333354443312,0.020000000000000018,6.38,0,27,200
272,52840,119.16500038281083,0.040000000000000036,6.015,0,29,200
273,52896,126.14166699536145,0.010000000000000009,6.145,0,24,200
274,53104,119.54166645556688,0.03500000000000003,6.025,0,29,200
275,53344,115.24333387427032,0.050000000000000044,5.99,0,29,200
276,53872,116.60499982908368,0.050000000000000044,6.225,0,27,200
277,54208,102.33833347912878,0.09999999999999998,6.605,0,29,200
278,54272,106.79166689142585,0.07499999999999996,6.505,0,30,200
279,54400,122.26166712492704,0.015000000000000013,6.445,0,27,200
280,54440,126.43333376199007,0.010000000000000009,6.14,0,26,200
281,54496,127.67500039376318,0.010000000000000009,5.715,0,30,200
282,54704,123.44833325129002,0.025000000000000022,5.765,0,32,200
283,54944,128.44666686933488,0.015000000000000013,5.62,0,28,200
284,55472,115.62166708987206,0.05500000000000005,6.325,0,23,200
285,55808,121.06333384197205,0.03500000000000003,5.75,0,30,200
286,55872,114.04166704975069,0.04500000000000004,6.565,0,26,200
287,56000,108.05333364754915,0.04500000000000004,6.98,0,32,200
288,56040,103.20000036805868,0.10999999999999999,6.15,0,30,200
289,56096,107.98666715621948,0.07499999999999996,6.58,0,28,200
290,56304,119.68666654732078,0.015000000000000013,6.97,0,21,200
291,56544,117.74166690092534,0.010000000000000009,6.295,0,37,200
292,57072,118.30000025779009,0.025000000000000022,6.27,0,32,200
293,57408,116.97833354584873,0.040000000000000036,5.795,0,35,200
294,57472,109.84500017762184,0.05500000000000005,6.525,0,31,200
295,57600,102.33000019192696,0.09999999999999998,6.33,0,32,200
296,57640,114.16166681051254,0.020000000000000018,6.805,0,33,200
297,57696,119.49666677694768,0.040000000000000036,5.92,0,30,200
298,57904,113.3700000345707,0.0,7.08,0,37,200
299,58144,115.21833340451121,0.030000000000000027,6.545,0,30,200
300,58672,111.20833324547857,0.04500000000000004,6.455,0,36,200
301,59008,123.9566669203341,0.020000000000000018,5.8,0,32,200
302,59072,121.9100001566112,0.010000000000000009,6.15,0,33,200
303,59200,120.33166709914804,0.020000000000000018,5.725,0,38,200
304,59240,120.32166713103652,0.010000000000000009,6.325,0,32,200
305,59296,116.31500026024878,0.04500000000000004,6.015,0,31,200
306,59504,109.2283338047564,0.05500000000000005,6.725,0,30,200
307,59744,120.78000023216009,0.0,6.36,0,34,200
308,60272,111.82333354931325,0.015000000000000013,6.95,0,38,200
309,60608,124.87666688486934,0.0,6.22,0,29,200
310,60672,111.57666689809412,0.03500000000000003,6.37,0,38,200
311,60800,131.395000198856,0.0,5.025,0,35,200
312,60840,115.14833345264196,0.05500000000000005,6.035,0,29,200
313,60896,114.60833364352584,0.0050000000000000044,6.965,0,35,200
314,61104,123.40666700340807,0.010000000000000009,6.04,0,31,200
315,61344,119.55833368282765,0.040000000000000036,5.735,0,31,200
316,61872,116.54000005871058,0.05500000000000005,5.76,0,33,200
317,62208,116.14500007219613,0.030000000000000027,6.195,0,33,200
318,62272,121.9333330495283,0.025000000000000022,5.69,0,35,200
319,62400,118.02833343669772,0.010000000000000009,6.275,0,38,200
320,62440,118.2616666406393,0.020000000000000018,6.235,0,34,200
321,62496,126.32666666805744,0.0050000000000000044,5.86,0,30,200
322,62704,111.43000032566488,0.06999999999999995,5.94,0,31,200
323,62944,120.26166699826717,0.03500000000000003,5.875,0,30,200
324,63472,120.88000031840056,0.03500000000000003,5.97,0,29,200
325,63808,124.15166675765067,0.0,6.025,0,34,200
326,63872,129.14333348721266,0.010000000000000009,5.42,0,31,200
327,64000,132.56499980017543,0.010000000000000009,5.595,0,23,200
328,64040,106.78833338618279,0.06000000000000005,6.455,0,36,200
329,64096,117.71499979030341,0.020000000000000018,6.255,0,35,200
330,64304,113.31333346292377,0.050000000000000044,6.23,0,32,200
331,64544,105.0849999524653,0.06000000000000005,6.585,0,38,200
332,65072,115.42833383567631,0.06499999999999995,5.645,0,31,200
333,65408,113.57666686922312,0.050000000000000044,6.04,0,33,200
334,65472,118.16166680399328,0.04500000000000004,5.575,0,34,200
335,65600,111.39166681375355,0.06999999999999995,6.025,0,32,200
336,65640,116.21333342976868,0.03500000000000003,6.11,0,32,200
337,65696,105.94166662916541,0.06000000000000005,6.445,0,39,200
338,65904,114.85166668985039,0.040000000000000036,6.145,0,33,200
339,66144,124.85000015981495,0.010000000000000009,5.52,0,36,200
340,66672,113.76833347138017,0.05500000000000005,6.095,0,31,200
341,67008,118.37333356961608,0.030000000000000027,6.05,0,31,200
342,67072,119.81666679121554,0.04500000000000004,5.95,0,27,200
343,67200,121.85833343490958,0.020000000000000018,6.275,0,27,200
344,67240,120.50833347719163,0.030000000000000027,5.645,0,35,200
345,67296,128.30333391949534,0.015000000000000013,5.72,0,26,200
346,67504,122.23333410173655,0.020000000000000018,5.51,0,37,200
347,67744,124.58666702732444,0.015000000000000013,5.95,0,28,200
348,68272,117.30333372019231,0.030000000000000027,6.26,0,31,200
349,68608,121.7683335468173,0.020000000000000018,6.005,0,31,200
350,68672,108.00666667334735,0.06499999999999995,6.28,0,34,200
351,68800,116.41166649013758,0.030000000000000027,6.085,0,35,200
352,68840,122.80500025954098,0.010000000000000009,5.835,0,35,200
353,68896,102.93833396211267,0.06499999999999995,6.635,0,38,200
354,69104,115.35500008612871,0.030000000000000027,6.165,0,36,200
355,69344,114.0933334985748,0.030000000000000027,6.23,0,37,200
356,69872,124.588333199732,0.015000000000000013,5.585,0,33,200
357,70208,101.6999998902902,0.10499999999999998,5.97,0,36,200
358,70272,127.0300004798919,0.0,5.7,0,32,200
359,70400,110.6283332630992,0.06499999999999995,5.945,0,35,200
360,70440,112.93666688725352,0.030000000000000027,6.52,0,36,200
361,70496,119.091667230241,0.050000000000000044,5.485,0,31,200
362,70704,114.76333363633603,0.050000000000000044,5.93,0,32,200
363,70944,118.02499973960221,0.03500000000000003,5.865,0,33,200
364,71472,117.61500009894371,0.020000000000000018,6.435,0,33,200
365,71808,116.43666641041636,0.03500000000000003,5.92,0,37,200
366,71872,120.94333361741155,0.025000000000000022,5.9,0,31,200
367,72000,120.76166713889688,0.025000000000000022,6.025,0,30,200
368,72040,111.18833300098777,0.025000000000000022,6.245,0,43,200
369,72096,116.24166655167937,0.020000000000000018,6.145,0,37,200
370,72304,125.64666712190956,0.0050000000000000044,5.77,0,33,200
371,72544,108.5616670139134,0.06999999999999995,6.355,0,31,200
372,73072,116.03833342995495,0.025000000000000022,6.005,0,38,200
373,73408,116.9850002406165,0.015000000000000013,6.465,0,34,200
374,73472,112.70000008121133,0.050000000000000044,6.12,0,35,200
375,73600,111.75833378918469,0.030000000000000027,6.125,0,42,200
376,73640,111.31833343859762,0.015000000000000013,6.725,0,40,200
377,73696,119.08666659798473,0.020000000000000018,6.25,0,32,200
378,73904,117.25666669663042,0.040000000000000036,5.98,0,31,200
379,74144,118.89500025846064,0.015000000000000013,6.075,0,37,200
380,74672,99.80833368003368,0.08999999999999997,6.185,0,40,200
381,75008,116.31333336234093,0.07999999999999996,5.6,0,26,200
382,75072,115.68166686501354,0.06000000000000005,5.845,0,30,200
383,75200,120.47333316132426,0.020000000000000018,5.81,0,36,200
384,75240,114.43666686397046,0.050000000000000044,5.98,0,33,200
385,75296,123.04833345860243,0.04500000000000004,5.435,0,29,200
386,75504,102.91500024031848,0.08999999999999997,6.315,0,34,200
387,75744,120.58166685234755,0.010000000000000009,6.355,0,31,200
388,76272,118.33500027190894,0.025000000000000022,6.075,0,34,200
389,76608,111.72833371534944,0.06000000000000005,5.825,0,38,200
390,76672,111.39166704937816,0.030000000000000027,6.715,0,35,200
391,76800,114.19000021647662,0.050000000000000044,6.15,0,31,200
392,76840,109.66833362635225,0.03500000000000003,6.515,0,39,200
393,76896,116.85166675969958,0.040000000000000036,5.995,0,33,200
394,77104,110.68000049889088,0.07999999999999996,6.18,0,27,200
395,77344,122.5749998986721,0.0050000000000000044,6.345,0,30,200
396,77872,121.81166727095842,0.0,6.355,0,33,200
397,78208,126.91666709631681,0.015000000000000013,5.47,0,30,200
398,78272,122.92166688293219,0.020000000000000018,5.635,0,35,200
399,78400,119.8300005486235,0.025000000000000022,5.82,0,36,200
400,78440,120.33000027295202,0.030000000000000027,6.03,0,30,200
401,78496,115.61000021919608,0.125,5.01,0,20,200
402,78704,128.01833370234817,0.0050000000000000044,5.705,0,28,200
403,78944,104.71666706632823,0.07999999999999996,6.4,0,34,200
404,79472,115.5033336803317,0.03500000000000003,6.29,0,31,200
405,79808,119.37000001221895,0.050000000000000044,5.76,0,29,200
406,79872,122.48500010184944,0.015000000000000013,5.955,0,32,200
407,80000,114.36500013526529,0.030000000000000027,6.285,0,34,200
408,80040,108.75166678056121,0.07999999999999996,6.295,0,28,200
409,80096,119.0300003066659,0.020000000000000018,6.27,0,31,200
410,80304,122.98833374679089,0.040000000000000036,5.765,0,25,200
411,80544,112.14833382889628,0.050000000000000044,6.395,0,33,200
412,81072,119.49166722595692,0.03500000000000003,6.325,0,25,200
413,81408,121.47000024002045,0.020000000000000018,6.03,0,32,200
414,81472,127.7100003734231,0.015000000000000013,5.67,0,29,200
415,81600,118.58666692301631,0.05500000000000005,6.04,0,23,200
416,81640,115.46666640322655,0.03500000000000003,6.37,0,31,200
417,81696,122.2966669332236,0.050000000000000044,5.56,0,27,200
418,81904,125.18499997165054,0.010000000000000009,6.015,0,29,200
419,82144,108.97666684910655,0.06999999999999995,6.31,0,32,200
420,82672,122.0100005865097,0.025000000000000022,5.97,0,30,200
421,83008,130.3750002272427,0.0,5.715,0,27,200
422,83072,117.58333378192037,0.040000000000000036,5.9,0,33,200
423,83200,109.7466669715941,0.05500000000000005,6.04,0,39,200
424,83240,129.70666675176471,0.0050000000000000044,5.8,0,25,200
425,83296,110.22500042524189,0.06499999999999995,6.255,0,30,200
426,83504,121.40166690479964,0.03500000000000003,5.875,0,29,200
427,83744,108.04666672181338,0.10999999999999999,6.04,0,23,200
428,84272,128.676666803658,0.0050000000000000044,5.83,0,27,200
429,84608,124.2500000745058,0.015000000000000013,5.85,0,31,200
430,84672,115.03166717290878,0.025000000000000022,6.415,0,36,200
431,84800,125.30833302345127,0.020000000000000018,5.765,0,30,200
432,84840,115.71166683267802,0.020000000000000018,6.685,0,31,200
433,84896,116.17833365127444,0.05500000000000005,6.185,0,26,200
434,85104,126.46500009577721,0.0050000000000000044,5.985,0,28,200
435,85344,119.86166692804545,0.015000000000000013,6.385,0,30,200
436,85872,111.47666676715016,0.06499999999999995,6.1,0,32,200
437,86208,122.91833402588964,0.040000000000000036,5.765,0,25,200
438,86272,122.19000003114343,0.025000000000000022,6.18,0,26,200
439,86400,123.27333354018629,0.040000000000000036,5.57,0,28,200
440,86440,120.55000002961606,0.040000000000000036,5.91,0,27,200
441,86496,111.28833317756653,0.09499999999999997,5.855,0,27,200
442,86704,113.51833386719227,0.06000000000000005,6.185,0,30,200
443,86944,125.90166662633419,0.025000000000000022,5.545,0,32,200
444,87472,121.16666683368385,0.06499999999999995,5.53,0,22,200
445,87808,129.85500032827258,0.010000000000000009,5.355,0,32,200
446,87872,128.938333414495,0.015000000000000013,5.555,0,28,200
447,88000,129.83833349775523,0.0,5.645,0,29,200
448,88040,117.06666700169444,0.05500000000000005,5.98,0,28,200
449,88096,121.96333334967494,0.04500000000000004,5.39,0,31,200
450,88304,121.25333347544074,0.040000000000000036,5.66,0,31,200
451,88544,117.36833354458213,0.04500000000000004,5.945,0,30,200
452,89072,119.97166702803224,0.04500000000000004,5.935,0,26,200
453,89408,117.26000006403774,0.040000000000000036,6.18,0,29,200
454,89472,115.91166670899838,0.040000000000000036,5.995,0,35,200
455,89600,120.27166689839214,0.050000000000000044,5.905,0,24,200
456,89640,115.4649998024106,0.010000000000000009,6.795,0,35,200
457,89696,122.43333330750465,0.020000000000000018,6.14,0,29,200
458,89904,125.33833369612694,0.020000000000000018,5.885,0,28,200
459,90144,121.69000054523349,0.040000000000000036,5.91,0,26,200
460,90672,118.21499998681247,0.025000000000000022,6.015,0,36,200
461,91008,117.34666685014963,0.04500000000000004,6.28,0,27,200
462,91072,116.75666685402393,0.025000000000000022,6.04,0,40,200
463,91200,119.48166708275676,0.04500000000000004,5.995,0,26,200
464,91240,125.54166669677943,0.0050000000000000044,5.635,0,35,200
465,91296,125.2283335654065,0.0050000000000000044,6.245,0,27,200
466,91504,132.98166669160128,0.015000000000000013,5.245,0,25,200
467,91744,120.6633335314691,0.025000000000000022,6.26,0,29,200
468,92272,133.3550003245473,0.0,5.535,0,25,200
469,92608,129.21333340834826,0.0,5.9,0,27,200
470,92672,118.41166685521603,0.040000000000000036,6.025,0,29,200
471,92800,131.13666685298085,0.015000000000000013,5.38,0,27,200
472,92840,119.26833371818066,0.03500000000000003,6.185,0,28,200
473,92896,127.60999991744757,0.010000000000000009,5.67,0,30,200
474,93104,126.59333360940218,0.010000000000000009,5.9,0,29,200
475,93344,129.91000025253743,0.020000000000000018,5.37,0,26,200
476,93872,119.52166638802737,0.025000000000000022,5.965,0,35,200
477,94208,124.98666683211923,0.010000000000000009,5.95,0,31,200
478,94272,121.07166703697294,0.030000000000000027,6.055,0,29,200
479,94400,123.6033336436376,0.04500000000000004,5.93,0,22,200
480,94440,121.06499975919724,0.03500000000000003,5.955,0,28,200
481,94496,122.43833341449499,0.010000000000000009,6.095,0,34,200
482,94704,133.26333330571651,0.015000000000000013,5.39,0,25,200
483,94944,118.43166667595506,0.040000000000000036,6.205,0,28,200
484,95472,127.76333393529058,0.015000000000000013,5.87,0,24,200
485,95808,119.52500032167882,0.020000000000000018,6.135,0,34,200
486,95872,122.69666701182723,0.030000000000000027,5.89,0,28,200
487,96000,125.42833367362618,0.020000000000000018,5.765,0,28,200
488,96040,124.97166687995195,0.0050000000000000044,6.055,0,30,200
489,96096,133.78333415091038,0.020000000000000018,5.27,0,23,200
490,96304,114.94166698958725,0.05500000000000005,6.055,0,30,200
491,96544,128.3166668061167,0.020000000000000018,5.53,0,27,200
492,97072,126.30166741088033,0.015000000000000013,5.695,0,29,200
493,97408,125.24500009790063,0.040000000000000036,5.325,0,29,200
494,97472,123.28999976813793,0.020000000000000018,6.12,0,28,200
495,97600,122.040000166744,0.020000000000000018,5.97,0,31,200
496,97640,132.0983334928751,0.0050000000000000044,5.735,0,24,200
497,97696,114.89666685089469,0.050000000000000044,6.37,0,29,200
498,97904,112.54166699945927,0.06999999999999995,6.355,0,26,200
499,98144,124.07833317667246,0.030000000000000027,6.005,0,26,200
500,98672,125.73833344876766,0.040000000000000036,5.675,0,22,200
501,99008,130.4900000691414,0.025000000000000022,5.52,0,24,200
502,99072,122.53999993950129,0.050000000000000044,5.79,0,24,200
503,99200,131.90166681818664,0.0,5.695,0,26,200
504,99240,123.86333359777927,0.015000000000000013,6.02,0,30,200
505,99296,125.89166656509042,0.0,5.875,0,32,200
506,99504,127.92166696023196,0.040000000000000036,5.455,0,23,200
507,99744,130.93666684627533,0.030000000000000027,5.53,0,20,200
508,100272,137.4416665052995,0.0050000000000000044,5.545,0,18,200
509,100608,121.94166655093431,0.04500000000000004,6.055,0,23,200
510,100672,115.84666689485312,0.050000000000000044,5.98,0,33,200
511,100800,126.82833372056484,0.010000000000000009,6.095,0,25,200
512,100840,119.1166664659977,0.015000000000000013,6.4,0,32,200
513,100896,122.4783333176747,0.040000000000000036,5.615,0,29,200
514,101104,122.91833359654993,0.06499999999999995,5.615,0,20,200
515,101344,118.99333358183503,0.06499999999999995,5.87,0,25,200
516,101872,120.25000017881393,0.04500000000000004,6.0,0,27,200
517,101928,72.3350006788969,0.014184397163120588,5.680851063829787,1,17,141
518,102208,134.941666867584,0.015000000000000013,5.125,0,25,200
519,102272,120.85666693281382,0.06499999999999995,5.5,0,25,200
520,102440,125.93666679784656,0.025000000000000022,5.83,0,27,200
521,102496,123.75666667800397,0.03500000000000003,5.83,0,25,200
522,102704,114.5533335916698,0.06499999999999995,5.99,0,31,200
523,102944,110.46333330497146,0.07999999999999996,5.87,0,33,200
524,103472,115.07333404198289,0.07999999999999996,5.78,0,27,200
525,103528,121.69500045478344,0.040000000000000036,5.895,0,26,200
526,103808,127.14166673272848,0.025000000000000022,5.725,0,25,200
527,103872,120.97666685283184,0.03500000000000003,6.22,0,27,200
528,104040,128.1250003799796,0.015000000000000013,5.565,0,30,200
529,104096,121.3599997870624,0.06000000000000005,5.61,0,24,200
530,104304,124.83833385631442,0.050000000000000044,5.705,0,21,200
531,104544,120.10666637867689,0.040000000000000036,5.92,0,30,200
532,105072,128.32333360612392,0.040000000000000036,5.54,0,22,200
533,105128,130.70000010356307,0.020000000000000018,5.73,0,22,200
534,105408,115.6050001308322,0.05500000000000005,6.015,0,31,200
535,105472,124.45666672568768,0.04500000000000004,5.44,0,27,200
536,105640,124.02999983541667,0.0050000000000000044,6.0,0,34,200
537,105696,110.11000005155802,0.07499999999999996,6.18,0,31,200
538,105904,125.39000055845827,0.06999999999999995,5.01,0,23,200
539,106144,112.20333353430033,0.07499999999999996,6.08,0,31,200
540,106672,111.27333310991526,0.06000000000000005,6.32,0,33,200
541,106728,120.89666736125946,0.050000000000000044,6.04,0,23,200
542,107008,123.2749997228384,0.010000000000000009,6.435,0,26,200
543,107072,122.51666733622551,0.050000000000000044,5.74,0,25,200
544,107240,118.49166697915643,0.03500000000000003,6.385,0,26,200
545,107296,119.70666692405939,0.04500000000000004,6.13,0,27,200
546,107504,132.3466668613255,0.015000000000000013,5.68,0,21,200
547,107744,126.67833364754915,0.050000000000000044,5.375,0,23,200
548,108272,118.70833358541131,0.040000000000000036,6.275,0,26,200
549,108328,123.52666686847806,0.020000000000000018,6.1,0,27,200
550,108608,128.27666684240103,0.040000000000000036,5.56,0,21,200
551,108672,122.98333369195461,0.05500000000000005,5.75,0,23,200
552,108840,122.32500018179417,0.05500000000000005,5.655,0,23,200
553,108896,125.51000041887164,0.03500000000000003,5.97,0,20,200
554,109104,134.87166652083397,0.020000000000000018,5.245,0,21,200
555,109344,130.39500047266483,0.030000000000000027,5.535,0,23,200
556,109872,117.41000043600798,0.07499999999999996,5.91,0,22,200
557,109928,111.81500010937452,0.10999999999999999,5.775,0,22,200
558,110208,131.21666694432497,0.030000000000000027,5.5,0,21,200
559,110272,128.72833390533924,0.015000000000000013,5.705,0,26,200
560,110440,119.31833346933126,0.07999999999999996,5.615,0,21,200
561,110496,124.83333357330412,0.030000000000000027,5.72,0,29,200
562,110704,118.5633336007595,0.030000000000000027,6.26,0,30,200
563,110944,126.80833369120955,0.03500000000000003,5.915,0,20,200
564,111472,134.9816667623818,0.015000000000000013,5.425,0,20,200
565,111528,126.79000010341406,0.025000000000000022,6.06,0,21,200
566,111808,129.67666620668024,0.010000000000000009,5.95,0,24,200
567,111872,125.61333355586976,0.025000000000000022,5.84,0,26,200
568,112040,119.11666681151837,0.06999999999999995,5.77,0,24,200
569,112096,134.36833330988884,0.015000000000000013,5.585,0,19,200
570,112304,122.56333339959383,0.030000000000000027,6.11,0,27,200
571,112544,128.87666630651802,0.030000000000000027,5.56,0,24,200
572,113072,135.45500023663044,0.050000000000000044,4.815,0,18,200
573,113128,133.38500059396029,0.020000000000000018,5.565,0,19,200
574,113408,114.29000010713935,0.07999999999999996,5.79,0,28,200
575,113472,134.98666672036052,0.03500000000000003,5.05,0,19,200
576,113640,123.75333354622126,0.06499999999999995,5.6,0,21,200
577,113696,124.14666647836566,0.03500000000000003,5.83,0,27,200
578,113904,133.57500002067536,0.010000000000000009,5.685,0,19,200
579,114144,126.02833316847682,0.030000000000000027,5.855,0,24,200
580,114672,122.54166705533862,0.020000000000000018,6.295,0,25,200
581,114728,130.71833322942257,0.03500000000000003,5.555,0,21,200
582,115008,122.73333335109055,0.040000000000000036,5.75,0,27,200
583,115072,127.8550002463162,0.025000000000000022,5.715,0,24,200
584,115240,132.51833344157785,0.010000000000000009,5.465,0,26,200
585,115296,119.87999993562698,0.05500000000000005,5.91,0,25,200
586,115504,131.28333408385515,0.03500000000000003,5.36,0,20,200
587,115744,131.61000005155802,0.015000000000000013,5.64,0,23,200
588,116272,124.33999999146909,0.025000000000000022,6.0,0,26,200
589,116328,126.7183335646987,0.025000000000000022,5.555,0,29,200
590,116608,130.70833329763263,0.020000000000000018,5.465,0,24,200
591,116672,122.53000042587519,0.040000000000000036,6.0,0,24,200
592,116840,120.6166668459773,0.030000000000000027,6.13,0,28,200
593,116896,122.48000030498952,0.03500000000000003,6.0,0,26,200
594,117104,123.05166657269001,0.040000000000000036,5.845,0,25,200
595,117344,128.0700002014637,0.0,6.12,0,26,200
596,117872,120.86333333700895,0.05500000000000005,5.78,0,23,200
597,117928,125.30000003334135,0.020000000000000018,5.88,0,28,200
598,118208,122.3916671872139,0.06999999999999995,5.785,0,17,200
599,118272,127.52166658919305,0.07999999999999996,4.825,0,17,200
600,118440,137.46166633069515,0.025000000000000022,5.155,0,17,200
601,118496,125.37333384435624,0.05500000000000005,5.69,0,21,200
602,118704,128.0516667738557,0.03500000000000003,5.695,0,21,200
603,118944,125.92499997839332,0.03500000000000003,5.865,0,22,200
604,119472,123.4533334216103,0.03500000000000003,6.29,0,20,200
605,119528,126.96833399683237,0.04500000000000004,5.615,0,21,200
606,119808,108.42833360657096,0.10999999999999999,6.155,0,22,200
607,119872,132.13666672632098,0.04500000000000004,5.08,0,19,200
608,120040,104.49999991059303,0.135,5.94,0,22,200
609,120096,137.1116669625044,0.015000000000000013,5.275,0,20,200
610,120304,137.04666687827557,0.0050000000000000044,5.53,0,18,200
611,120544,120.99000026658177,0.020000000000000018,6.42,0,28,200
612,121072,121.67500030994415,0.07499999999999996,5.445,0,24,200
613,121128,128.04000033065677,0.025000000000000022,6.03,0,20,200
614,121408,118.29500017967075,0.010000000000000009,6.435,0,36,200
615,121472,127.92833337187767,0.030000000000000027,5.675,0,23,200
616,121640,132.14833334460855,0.015000000000000013,5.405,0,27,200
617,121696,121.29166692402214,0.05500000000000005,5.695,0,27,200
618,121904,132.21166717261076,0.03500000000000003,5.125,0,24,200
619,122144,128.024999987334,0.015000000000000013,5.925,0,25,200
620,122672,132.5199994891882,0.015000000000000013,5.4,0,24,200
621,122728,126.82833315804601,0.040000000000000036,5.765,0,20,200
622,123008,139.38500005751848,0.010000000000000009,5.355,0,14,200
623,123072,128.36166689917445,0.050000000000000044,5.245,0,22,200
624,123240,119.5716666765511,0.06499999999999995,5.665,0,25,200
625,123296,130.57500041648746,0.010000000000000009,5.925,0,21,200
626,123504,124.45333394221961,0.025000000000000022,6.11,0,24,200
627,123744,118.78500002995133,0.03500000000000003,6.255,0,30,200
628,124272,124.37500017881393,0.025000000000000022,6.105,0,24,200
629,124328,124.21666689962149,0.025000000000000022,6.4,0,22,200
630,124608,121.07333356887102,0.06000000000000005,6.08,0,19,200
631,124672,123.88999962434173,0.030000000000000027,5.97,0,26,200
632,124840,122.70833363384008,0.03500000000000003,6.125,0,25,200
633,124896,126.77166708279401,0.025000000000000022,5.665,0,26,200
634,125104,137.3716668104753,0.015000000000000013,5.275,0,18,200
635,125344,122.97333323955536,0.07499999999999996,5.42,0,21,200
636,125872,130.35500057414174,0.0050000000000000044,5.955,0,25,200
637,125928,132.22500035818666,0.020000000000000018,5.415,0,25,200
638,126208,135.0699999537319,0.030000000000000027,5.04,0,20,200
639,126272,119.5416669016704,0.050000000000000044,5.995,0,25,200
640,126440,129.50999976694584,0.040000000000000036,5.25,0,25,200
641,126496,132.98333305865526,0.020000000000000018,5.51,0,22,200
642,126704,122.75833324715495,0.07499999999999996,5.135,0,23,200
643,126944,129.62666695564985,0.020000000000000018,6.07,0,18,200
644,127472,136.29166682437062,0.010000000000000009,5.395,0,21,200
645,127528,124.64500000141561,0.050000000000000044,5.565,0,23,200
646,127808,131.61833375319839,0.015000000000000013,5.735,0,21,200
647,127872,129.37500010430813,0.040000000000000036,5.505,0,20,200
648,128040,122.20666676387191,0.04500000000000004,6.07,0,23,200
649,128096,129.5300004919991,0.020000000000000018,5.55,0,26,200
650,128304,130.7333334442228,0.020000000000000018,5.57,0,21,200
651,128544,122.09000016003847,0.05500000000000005,5.82,0,21,200
652,129072,132.92833307012916,0.040000000000000036,5.015,0,21,200
653,129128,122.82333310693502,0.04500000000000004,6.11,0,22,200
654,129408,125.69333364069462,0.07999999999999996,5.06,0,20,200
655,129472,124.76666644122452,0.040000000000000036,5.8,0,24,200
656,129640,129.18666686769575,0.020000000000000018,5.95,0,20,200
657,129696,125.04500035196543,0.07499999999999996,5.355,0,16,200
658,129904,128.2350002154708,0.040000000000000036,5.625,0,21,200
659,130144,128.0300004184246,0.050000000000000044,5.1,0,25,200
660,130672,128.45333379786462,0.050000000000000044,5.39,0,18,200
661,130728,134.70833377167583,0.010000000000000009,5.705,0,20,200
662,131008,139.38333336263895,0.025000000000000022,4.88,0,17,200
663,131072,131.34833362698555,0.04500000000000004,5.105,0,19,200
664,131240,129.923333235085,0.030000000000000027,5.81,0,18,200
665,131296,129.6666664928198,0.03500000000000003,5.59,0,20,200
666,131504,124.12833371385932,0.030000000000000027,6.155,0,23,200
667,131744,128.5816668458283,0.050000000000000044,5.245,0,22,200
668,132272,126.03166694100946,0.050000000000000044,5.425,0,24,200
669,132328,116.91999995708466,0.06999999999999995,6.18,0,22,200
670,132608,132.2916671000421,0.030000000000000027,5.215,0,24,200
671,132672,124.87833365797997,0.050000000000000044,5.705,0,23,200
672,132840,127.21833331882954,0.030000000000000027,6.005,0,20,200
673,132896,127.85666712000966,0.020000000000000018,5.89,0,25,200
674,133104,130.25333359092474,0.040000000000000036,5.3,0,22,200
675,133344,130.72166661173105,0.03500000000000003,5.665,0,18,200
676,133872,129.30499984603375,0.050000000000000044,5.295,0,18,200
677,133928,137.6650002002716,0.010000000000000009,5.445,0,18,200
678,134208,133.06500029191375,0.015000000000000013,5.895,0,17,200
679,134272,140.86166673898697,0.020000000000000018,5.275,0,12,200
680,134440,138.16666684672236,0.015000000000000013,5.35,0,16,200
681,134496,127.38999996334314,0.020000000000000018,6.18,0,21,200
682,134704,135.89833321794868,0.020000000000000018,5.315,0,18,200
683,134944,119.56333331391215,0.07999999999999996,5.69,0,22,200
684,135472,135.04000014718622,0.030000000000000027,5.4,0,16,200
685,135528,132.85666682943702,0.050000000000000044,5.32,0,13,200
686,135808,137.46666688472033,0.0,5.38,0,22,200
687,135872,132.849999695085,0.05500000000000005,5.07,0,17,200
688,136040,139.79333338793367,0.020000000000000018,5.06,0,18,200
689,136096,121.14833394438028,0.08499999999999996,5.585,0,19,200
690,136304,112.1916668266058,0.08499999999999996,6.385,0,22,200
691,136544,136.69666714128107,0.020000000000000018,5.35,0,18,200
692,137072,138.9150003194809,0.015000000000000013,5.205,0,17,200
693,137128,120.78000013157725,0.03500000000000003,6.06,0,30,200
694,137408,132.0799998342991,0.03500000000000003,5.46,0,19,200
695,137472,124.23000044375658,0.015000000000000013,6.45,0,24,200
696,137640,135.43500028457493,0.020000000000000018,5.355,0,18,200
697,137696,138.4850000180304,0.0050000000000000044,5.235,0,21,200
698,137904,123.65333373099566,0.050000000000000044,5.48,0,24,200
699,138144,127.11999959032983,0.050000000000000044,5.52,0,20,200
700,138672,130.14166651666164,0.04500000000000004,5.365,0,19,200
701,138728,138.79333336651325,0.020000000000000018,5.06,0,17,200
702,139008,135.22833328321576,0.040000000000000036,5.045,0,16,200
703,139072,133.48666684236377,0.025000000000000022,5.47,0,18,200
704,139240,129.5666669458151,0.04500000000000004,5.5,0,18,200
705,139296,117.30999979749322,0.09499999999999997,6.09,0,13,200
706,139504,121.90666629280895,0.07499999999999996,5.5,0,21,200
707,139744,116.2033335082233,0.08999999999999997,5.84,0,20,200
708,140272,127.45666658040136,0.050000000000000044,5.56,0,19,200
709,140328,130.3483334388584,0.040000000000000036,5.225,0,22,200
710,140608,116.58666680380702,0.09999999999999998,5.89,0,17,200
711,140672,118.73833346366882,0.09499999999999997,5.825,0,17,200
712,140696,15.111666843295097,0.021739130434782594,4.1521739130434785,1,2,46
713,140840,131.82166654150933,0.050000000000000044,4.915,0,21,200
714,140896,114.70666703209281,0.08499999999999996,6.25,0,19,200
715,141104,122.68166687246412,0.06999999999999995,5.995,0,16,200
716,141344,139.5300004063174,0.010000000000000009,5.34,0,17,200
717,141872,134.32333308458328,0.020000000000000018,5.93,0,13,200
718,142208,119.95500010251999,0.09999999999999998,5.625,0,15,200
719,142272,143.62666682898998,0.015000000000000013,4.93,0,13,200
720,142296,119.65333344787359,0.07499999999999996,6.02,0,18,200
721,142440,141.31833327561617,0.025000000000000022,4.925,0,15,200
722,142496,141.52166740503162,0.0,5.305,0,16,200
723,142704,116.34999996423721,0.09999999999999998,5.88,0,19,200
724,142944,127.50500014796853,0.07999999999999996,5.145,0,14,200
725,143472,130.80500074010342,0.04500000000000004,5.385,0,17,200
726,143808,130.61500003188848,0.05500000000000005,5.565,0,11,200
727,143872,127.42166652344167,0.030000000000000027,5.995,0,20,200
728,143896,140.1700007794425,0.010000000000000009,5.61,0,10,200
729,144040,133.8400002270937,0.03500000000000003,5.88,0,9,200
730,144096,122.95166690088809,0.06999999999999995,5.455,0,22,200
731,144304,136.82833382766694,0.040000000000000036,5.045,0,17,200
732,144544,124.23999994900078,0.06499999999999995,5.28,0,24,200
733,145072,128.74333295226097,0.03500000000000003,5.87,0,19,200
734,145408,128.70833338424563,0.040000000000000036,5.975,0,16,200
735,145472,123.91333324462175,0.08999999999999997,5.6,0,12,200
736,145496,140.25499939918518,0.010000000000000009,5.715,0,10,200
737,145640,118.36500039696693,0.08999999999999997,5.865,0,18,200
738,145696,133.3616668842733,0.03500000000000003,5.785,0,12,200
739,145904,125.37833323236555,0.040000000000000036,6.065,0,20,200
740,146144,130.64833369851112,0.040000000000000036,6.005,0,13,200
741,146672,146.5466667143628,0.0050000000000000044,5.23,0,8,200
742,147008,136.7033335994929,0.0050000000000000044,5.66,0,18,200
743,147072,129.66833338793367,0.030000000000000027,6.005,0,17,200
744,147096,129.1649998165667,0.030000000000000027,6.285,0,13,200
745,147240,141.47666744701564,0.0050000000000000044,5.23,0,15,200
746,147296,127.22666665911674,0.04500000000000004,5.59,0,24,200
747,147504,134.8516666777432,0.03500000000000003,5.665,0,11,200
748,147744,127.97000045701861,0.025000000000000022,6.3,0,17,200
749,148272,140.0999998934567,0.010000000000000009,5.4,0,15,200
750,148608,139.10000059008598,0.020000000000000018,5.61,0,11,200
751,148672,136.801666688174,0.030000000000000027,5.635,0,10,200
752,148696,130.0333341471851,0.03500000000000003,6.14,0,12,200
753,148840,139.30500032007694,0.015000000000000013,5.595,0,11,200
754,148896,123.56333319097757,0.07999999999999996,5.9,0,13,200
755,149104,144.31000043451786,0.0,5.46,0,9,200
756,149256,37.481666907668114,0.0,4.424657534246576,1,1,73
757,149344,139.9033341407776,0.0050000000000000044,5.48,0,16,200
758,149872,140.9833339797333,0.0,5.39,0,14,200
759,150208,126.34000044688582,0.05500000000000005,5.94,0,15,200
760,150296,137.7600003182888,0.015000000000000013,5.61,0,14,200
761,150392,103.97666768729687,0.030927835051546393,6.164948453608248,1,18,194
762,150496,131.33666656911373,0.040000000000000036,5.62,0,16,200
763,150704,135.7950000986457,0.015000000000000013,5.895,0,13,200
764,150856,143.0883333599195,0.010000000000000009,5.405,0,9,200
765,150944,135.42000000923872,0.025000000000000022,5.67,0,16,200
766,151472,140.95500043034554,0.010000000000000009,5.595,0,10,200
767,151808,132.8066669330001,0.025000000000000022,6.04,0,15,200
768,151896,138.57666688784957,0.020000000000000018,5.5,0,14,200
769,151992,134.60333324596286,0.025000000000000022,5.6,0,18,200
770,152096,130.77333411201835,0.03500000000000003,5.75,0,18,200
771,152304,139.05333311669528,0.020000000000000018,5.15,0,15,200
772,152456,128.61833357345313,0.06999999999999995,5.255,0,15,200
773,152544,132.66000014543533,0.04500000000000004,5.82,0,11,200
774,153048,80.46166677772999,0.0,5.993055555555555,1,9,144
775,153072,130.45000039041042,0.06000000000000005,5.76,0,10,200
776,153408,134.06833304371685,0.025000000000000022,5.825,0,14,200
777,153592,138.26499989256263,0.0,5.805,0,15,200
778,153696,132.4216666733846,0.050000000000000044,5.395,0,14,200
779,153904,143.36166666448116,0.010000000000000009,5.425,0,9,200
780,154056,127.89500037580729,0.030000000000000027,6.165,0,17,200
781,154144,127.91333361715078,0.040000000000000036,6.08,0,16,200
782,154352,60.001667466014624,0.008474576271186418,5.686440677966102,1,12,118
783,154648,143.5116669461131,0.010000000000000009,5.215,0,12,200
784,154672,139.896666794084,0.010000000000000009,5.35,0,15,200
785,155192,139.29499972984195,0.0,5.685,0,15,200
786,155296,138.25500020384789,0.020000000000000018,5.325,0,15,200
787,155504,131.6583337103948,0.010000000000000009,5.885,0,21,200
788,155656,134.23000053688884,0.03500000000000003,5.7,0,10,200
789,155744,136.72666620835662,0.040000000000000036,5.32,0,12,200
790,155952,135.99666670709848,0.010000000000000009,5.83,0,16,200
791,156248,137.05666605383158,0.030000000000000027,5.35,0,14,200
792,156272,136.12500020489097,0.030000000000000027,5.325,0,15,200
793,156792,133.37833351641893,0.015000000000000013,6.095,0,15,200
794,156896,132.22333376854658,0.03500000000000003,5.87,0,13,200
795,157104,128.55500017106533,0.040000000000000036,5.775,0,19,200
796,157256,138.37500031292439,0.020000000000000018,5.415,0,14,200
797,157344,130.86999989300966,0.020000000000000018,6.18,0,16,200
798,157552,131.54166696965694,0.03500000000000003,5.665,0,19,200
799,157848,131.58333379030228,0.020000000000000018,6.17,0,15,200
800,157872,140.86666747927666,0.0,5.41,0,16,200
801,158392,134.37666702549905,0.020000000000000018,5.56,0,17,200
802,158496,110.55000025779009,0.09499999999999997,6.3,0,22,200
803,158704,125.07833342906088,0.03500000000000003,5.915,0,24,200
804,158856,122.6666670255363,0.05500000000000005,6.13,0,18,200
805,158944,124.8500003516674,0.040000000000000036,6.12,0,21,200
806,159152,137.85000064969063,0.025000000000000022,5.31,0,15,200
807,159448,128.6950000822544,0.06499999999999995,5.685,0,11,200
808,159472,136.4733336418867,0.020000000000000018,5.54,0,17,200
809,159488,53.07166677713394,0.048387096774193505,6.911290322580645,1,10,124
810,159992,132.0383333005011,0.020000000000000018,5.825,0,19,200
811,160304,141.54333373066038,0.0,5.3,0,17,200
812,160456,128.11166643351316,0.04500000000000004,5.815,0,16,200
813,160544,140.88833398371935,0.0,5.585,0,14,200
814,160752,136.53166660666466,0.020000000000000018,5.485,0,17,200
815,161048,141.51833282411098,0.025000000000000022,4.805,0,17,200
816,161072,134.54666647687554,0.0050000000000000044,6.1,0,16,200
817,161088,127.08833352476358,0.04500000000000004,5.765,0,20,200
818,161592,126.96166624873877,0.05500000000000005,5.665,0,18,200
819,161904,141.83000044804066,0.0,5.31,0,16,200
820,162056,127.1666667945683,0.040000000000000036,5.95,0,18,200
821,162144,135.68166704755276,0.0,5.545,0,23,200
822,162352,126.39000012353063,0.030000000000000027,6.06,0,22,200
823,162648,137.77166701480746,0.0,6.115,0,12,200
824,162672,130.15333346650004,0.015000000000000013,5.75,0,26,200
825,162688,136.473333530128,0.025000000000000022,5.39,0,16,200
826,163192,133.8166665546596,0.015000000000000013,5.8,0,17,200
827,163504,133.8416669368744,0.010000000000000009,5.605,0,21,200
828,163656,125.24833341687918,0.030000000000000027,6.215,0,20,200
829,163744,127.5666668266058,0.020000000000000018,6.28,0,20,200
830,163904,87.23666726797819,0.03821656050955413,5.286624203821656,1,11,157
831,163952,135.39666682761163,0.025000000000000022,5.5,0,16,200
832,164272,136.04333410784602,0.0,5.81,0,20,200
833,164288,133.48166695982218,0.030000000000000027,5.635,0,15,200
834,164792,125.45666653104126,0.04500000000000004,5.83,0,21,200
835,165104,132.1833333298564,0.030000000000000027,5.42,0,20,200
836,165256,134.35166706889868,0.010000000000000009,6.145,0,13,200
837,165344,127.70833398029208,0.040000000000000036,5.675,0,21,200
838,165504,132.74833360966295,0.010000000000000009,6.095,0,17,200
839,165552,141.29500031471252,0.0050000000000000044,5.175,0,17,200
840,165872,130.14000091701746,0.015000000000000013,5.91,0,22,200
841,165888,135.26833372935653,0.010000000000000009,5.525,0,21,200
842,165896,10.29499927163124,0.0,6.069767441860465,1,2,43
843,166392,145.73500016331673,0.015000000000000013,4.665,0,15,200
844,166704,131.80333307757974,0.03500000000000003,5.75,0,16,200
845,166856,140.1383341997862,0.020000000000000018,5.255,0,14,200
846,166944,135.84333318006247,0.03500000000000003,5.66,0,10,200
847,167104,115.52500050514936,0.07999999999999996,5.955,0,23,200
848,167472,135.9699998907745,0.030000000000000027,5.58,0,12,200
849,167488,128.04166696593165,0.07499999999999996,5.215,0,14,200
850,167496,126.82500002440065,0.07999999999999996,5.445,0,13,200
851,167992,126.51833328604698,0.030000000000000027,6.575,0,14,200
852,168304,126.68499984964728,0.030000000000000027,6.075,0,21,200
853,168456,131.6133333062753,0.06999999999999995,5.0,0,14,200
854,168544,128.94000044465065,0.03500000000000003,5.82,0,18,200
855,168704,133.77833350375295,0.025000000000000022,5.375,0,21,200
856,169072,133.78833298385143,0.025000000000000022,5.525,0,19,200
857,169088,131.0333337476477,0.025000000000000022,5.87,0,18,200
858,169096,135.275000102818,0.020000000000000018,5.475,0,18,200
859,169592,135.01666684728116,0.040000000000000036,5.14,0,15,200
860,169904,128.36500015389174,0.06000000000000005,5.535,0,14,200
861,170056,126.32333339750767,0.05500000000000005,5.69,0,19,200
862,170144,128.37666692957282,0.030000000000000027,5.95,0,20,200
863,170304,133.0383331766352,0.015000000000000013,5.705,0,19,200
864,170672,136.9766663312912,0.010000000000000009,5.38,0,19,200
865,170688,135.83666674420238,0.03500000000000003,5.26,0,14,200
866,170696,131.49166668578982,0.04500000000000004,5.815,0,11,200
867,171192,124.65000022947788,0.05500000000000005,6.06,0,16,200
868,171504,128.82166628167033,0.020000000000000018,6.055,0,20,200
869,171624,117.12833322118968,0.015306122448979553,5.1479591836734695,1,17,196
870,171744,130.85166683793068,0.03500000000000003,5.575,0,20,200
871,171904,142.10666620731354,0.010000000000000009,5.23,0,13,200
872,172272,116.4050003066659,0.10499999999999998,5.835,0,16,200
873,172288,135.10333387553692,0.040000000000000036,5.3,0,15,200
874,172296,137.2150000333786,0.015000000000000013,5.715,0,13,200
875,172792,137.89000043272972,0.0050000000000000044,5.43,0,20,200
876,173104,123.02666667103767,0.06000000000000005,5.83,0,19,200
877,173224,134.95666685327888,0.025000000000000022,5.59,0,15,200
878,173344,129.89166670199484,0.020000000000000018,5.815,0,22,200
879,173504,140.4416667073965,0.010000000000000009,4.975,0,20,200
880,173872,139.39000025764108,0.020000000000000018,5.25,0,13,200
881,173888,141.1916667651385,0.020000000000000018,5.005,0,15,200
882,173896,128.57666730880737,0.040000000000000036,5.8,0,18,200
883,174392,142.0833336925134,0.015000000000000013,4.94,0,15,200
884,174704,146.95166668947786,0.0050000000000000044,4.765,0,14,200
885,174824,141.58000062871724,0.010000000000000009,5.28,0,13,200
886,174944,123.70666658878326,0.07999999999999996,5.68,0,14,200
887,175104,135.56666729226708,0.025000000000000022,5.56,0,14,200
888,175472,136.37333320826292,0.015000000000000013,5.48,0,16,200
889,175488,123.03666650503874,0.08499999999999996,5.62,0,15,200
890,175496,131.1249998509884,0.040000000000000036,5.565,0,17,200
891,175992,129.57833366841078,0.04500000000000004,5.405,0,20,200
892,176304,124.4933338528499,0.06499999999999995,5.81,0,15,200
893,176424,143.1200004518032,0.010000000000000009,5.34,0,10,200
894,176544,115.82833306118846,0.08999999999999997,5.975,0,19,200
895,176704,135.17000011727214,0.025000000000000022,5.58,0,15,200
896,177072,120.36833345890045,0.07499999999999996,5.525,0,23,200
897,177088,138.0433337604627,0.015000000000000013,5.66,0,13,200
898,177096,143.0166671872139,0.0,5.26,0,17,200
899,177592,140.8716661967337,0.020000000000000018,5.095,0,14,200
900,177752,95.84666608273983,0.03314917127071826,6.441988950276243,1,10,181
901,178024,132.83500075992197,0.020000000000000018,5.565,0,20,200
902,178144,142.06500034034252,0.010000000000000009,5.355,0,11,200
903,178304,126.91999968886375,0.05500000000000005,6.3,0,8,200
904,178304,90.57166716456413,0.00649350649350644,5.253246753246753,1,9,154
905,178688,133.4916669204831,0.0050000000000000044,5.815,0,20,200
906,178696,127.54666697047651,0.05500000000000005,5.5,0,19,200
907,179192,129.4449996156618,0.040000000000000036,5.685,0,17,200
908,179352,137.63166683912277,0.0050000000000000044,5.875,0,13,200
909,179624,138.59833377227187,0.025000000000000022,5.345,0,14,200
910,179744,135.68333387654275,0.020000000000000018,5.87,0,11,200
911,179904,145.0433331951499,0.0050000000000000044,5.27,0,10,200
912,179904,135.26166677102447,0.025000000000000022,5.395,0,18,200
913,180288,131.23833348602057,0.030000000000000027,5.885,0,15,200
914,180296,145.7283330410719,0.0,4.955,0,15,200
915,180792,130.52000054717064,0.04500000000000004,5.61,0,16,200
916,180952,139.78499994426966,0.0050000000000000044,5.385,0,17,200
917,181224,141.71000009775162,0.010000000000000009,5.16,0,15,200
918,181344,133.6483335494995,0.010000000000000009,5.465,0,23,200
919,181504,140.64166712760925,0.015000000000000013,5.485,0,12,200
920,181504,136.90666711330414,0.040000000000000036,5.35,0,9,200
921,181888,139.48000050336123,0.020000000000000018,5.91,0,6,200
922,181896,137.8783337501809,0.015000000000000013,5.615,0,13,200
923,182392,136.8066663518548,0.020000000000000018,5.62,0,12,200
924,182552,135.5250001102686,0.020000000000000018,5.625,0,17,200
925,182824,138.13666661735624,0.025000000000000022,5.26,0,14,200
926,182944,128.2099997252226,0.040000000000000036,6.24,0,13,200
927,183104,145.95166745223105,0.010000000000000009,4.825,0,12,200
928,183104,136.1633334159851,0.04500000000000004,5.48,0,9,200
929,183488,138.7266663229093,0.015000000000000013,5.14,0,18,200
930,183496,133.54666652530432,0.0050000000000000044,6.4,0,13,200
931,183992,144.06333322823048,0.010000000000000009,5.36,0,8,200
932,184152,132.16666620224714,0.050000000000000044,5.68,0,12,200
933,184424,143.02333364542574,0.030000000000000027,4.82,0,10,200
934,184544,137.4883335158229,0.015000000000000013,5.705,0,13,200
935,184704,139.56833384558558,0.0,5.705,0,14,200
936,184704,142.434999297373,0.010000000000000009,5.175,0,13,200
937,185088,128.61500035133213,0.040000000000000036,5.775,0,16,200
938,185096,140.77666646242142,0.025000000000000022,5.05,0,14,200
939,185592,127.05666676163673,0.05500000000000005,5.62,0,20,200
940,185752,142.64833360910416,0.0050000000000000044,5.465,0,11,200
941,186024,129.96999993082136,0.040000000000000036,5.7,0,17,200
942,186144,131.99333304073662,0.06499999999999995,5.18,0,13,200
943,186304,130.88166678603739,0.040000000000000036,5.665,0,16,200
944,186304,140.5966664031148,0.030000000000000027,5.14,0,11,200
945,186688,127.60500017926097,0.025000000000000022,6.285,0,18,200
946,186696,139.05666733440012,0.015000000000000013,5.32,0,16,200
947,187192,144.30166621133685,0.010000000000000009,5.095,0,12,200
948,187352,138.98500015493482,0.025000000000000022,4.845,0,17,200
949,187624,134.4400001168251,0.06000000000000005,5.22,0,10,200
950,187744,135.68500012904406,0.040000000000000036,5.385,0,12,200
951,187904,134.70000004768372,0.04500000000000004,5.49,0,10,200
952,187904,128.64666708838195,0.04500000000000004,5.77,0,16,200
953,188288,134.67166697978973,0.05500000000000005,5.365,0,10,200
954,188296,130.51166678965092,0.06499999999999995,5.485,0,11,200
955,188792,140.14499965962023,0.015000000000000013,5.295,0,14,200
956,188952,136.15500024612993,0.03500000000000003,5.775,0,6,200
957,189224,130.05833359062672,0.07499999999999996,5.045,0,14,200
958,189344,142.8166669458151,0.020000000000000018,5.02,0,12,200
959,189504,125.95166669227183,0.06499999999999995,5.215,0,21,200
960,189504,129.03666696697474,0.015000000000000013,6.31,0,18,200
961,189888,134.58500050660223,0.020000000000000018,5.085,0,24,200
962,189896,125.99333296343684,0.025000000000000022,5.99,0,25,200
963,190392,130.54500019922853,0.025000000000000022,5.775,0,20,200
964,190552,136.27166666090488,0.030000000000000027,5.515,0,12,200
965,190824,123.07333325594664,0.040000000000000036,6.11,0,22,200
966,190944,141.24333331361413,0.015000000000000013,5.03,0,15,200
967,191104,129.89333351980895,0.040000000000000036,5.72,0,16,200
968,191104,137.4500005543232,0.030000000000000027,5.25,0,14,200
969,191488,133.57833343744278,0.025000000000000022,5.735,0,14,200
970,191496,137.93666629306972,0.010000000000000009,5.08,0,22,200
971,191992,133.63666708394885,0.04500000000000004,5.35,0,13,200
972,192152,142.048333581537,0.020000000000000018,4.925,0,14,200
973,192424,136.1283334158361,0.030000000000000027,5.735,0,10,200
974,192544,139.89333318173885,0.015000000000000013,5.42,0,12,200
975,192704,128.26666676998138,0.04500000000000004,5.68,0,18,200
976,192704,135.64999986812472,0.03500000000000003,4.95,0,20,200
977,193088,138.60166686587036,0.015000000000000013,5.185,0,17,200
978,193096,127.7816670909524,0.040000000000000036,6.145,0,15,200
979,193592,139.5300005339086,0.010000000000000009,5.43,0,15,200
980,193752,135.36333345528692,0.020000000000000018,5.51,0,16,200
981,194024,137.60166762769222,0.010000000000000009,5.755,0,13,200
982,194144,145.95333357155323,0.010000000000000009,5.03,0,11,200
983,194304,139.06166721135378,0.020000000000000018,5.215,0,15,200
984,194304,135.23999966681004,0.040000000000000036,5.28,0,14,200
985,194688,142.9099997766316,0.015000000000000013,5.13,0,12,200
986,194696,131.09833338856697,0.040000000000000036,5.705,0,14,200
987,195192,132.59500056132674,0.030000000000000027,5.535,0,18,200
988,195352,139.22999997530133,0.010000000000000009,5.22,0,17,200
989,195624,134.67166635766625,0.015000000000000013,5.725,0,16,200
990,195744,146.80999964475632,0.010000000000000009,5.19,0,7,200
991,195904,136.8266667276621,0.020000000000000018,5.29,0,18,200
992,195904,131.26833338662982,0.030000000000000027,5.555,0,19,200
993,196288,133.89833357930183,0.020000000000000018,5.735,0,15,200
994,196296,135.88000069186091,0.03500000000000003,5.28,0,15,200
995,196792,139.85333358496428,0.015000000000000013,5.36,0,14,200
996,196952,139.40833308547735,0.04500000000000004,5.105,0,8,200
997,197224,135.04499968793243,0.015000000000000013,5.835,0,15,200
998,197344,134.71000031754375,0.03500000000000003,5.37,0,15,200
999,197504,129.26999960839748,0.07499999999999996,5.22,0,12,200
1000,197504,136.15499978046864,0.025000000000000022,5.475,0,15,200
1001,197888,135.39333295822144,0.020000000000000018,5.69,0,14,200
1002,197896,121.99000004120171,0.06499999999999995,5.76,0,20,200
1003,198392,134.1733326613903,0.03500000000000003,5.72,0,12,200
1004,198552,140.77333368360996,0.03500000000000003,4.91,0,12,200
1005,198824,136.72000029310584,0.030000000000000027,5.22,0,16,200
1006,198944,141.66000048723072,0.025000000000000022,5.34,0,8,200
1007,199104,129.2399997813627,0.050000000000000044,5.61,0,16,200
1008,199104,139.90166655462235,0.015000000000000013,5.125,0,16,200
1009,199488,138.98500024154782,0.03500000000000003,5.235,0,9,200
1010,199496,145.84500043094158,0.0050000000000000044,5.325,0,9,200
1011,199992,129.3366668438539,0.06499999999999995,5.2,0,17,200
1012,200152,136.1999999722466,0.020000000000000018,5.73,0,13,200
1013,200424,138.87833390384912,0.025000000000000022,5.585,0,9,200
1014,200544,137.76833356171846,0.03500000000000003,5.195,0,13,200
1015,200704,138.25500016193837,0.025000000000000022,4.935,0,17,200
1016,200704,130.78000010177493,0.03500000000000003,5.85,0,15,200
1017,201088,136.1416670307517,0.015000000000000013,5.605,0,16,200
1018,201096,135.75500017683953,0.015000000000000013,5.505,0,18,200
1019,201592,132.61000021453947,0.025000000000000022,5.37,0,23,200
1020,201752,139.07999999821186,0.0050000000000000044,5.52,0,15,200
1021,202024,137.5816668011248,0.020000000000000018,5.065,0,18,200
1022,202144,135.97000040113926,0.010000000000000009,5.7,0,15,200
1023,202304,132.8133334070444,0.020000000000000018,5.99,0,13,200
1024,202304,132.53499979432672,0.040000000000000036,5.415,0,16,200
1025,202688,139.071667060256,0.010000000000000009,5.515,0,15,200
1026,202696,141.94166741520166,0.010000000000000009,5.515,0,8,200
1027,203192,133.85833337903023,0.020000000000000018,5.375,0,20,200
1028,203352,133.61500022839755,0.030000000000000027,5.415,0,17,200
1029,203624,131.93833368178457,0.05500000000000005,5.165,0,16,200
1030,203744,127.08500035479665,0.040000000000000036,5.955,0,17,200
1031,203904,134.25666675623506,0.015000000000000013,5.8,0,17,200
1032,203904,135.93499948829412,0.015000000000000013,5.745,0,14,200
1033,204288,122.8316662851721,0.06999999999999995,5.725,0,17,200
1034,204296,136.21833334863186,0.025000000000000022,5.315,0,17,200
1035,204792,135.97666691988707,0.010000000000000009,5.71,0,14,200
1036,204952,134.4466666476801,0.030000000000000027,5.29,0,16,200
1037,205224,140.28333304822445,0.030000000000000027,5.21,0,10,200
1038,205344,134.69333317875862,0.050000000000000044,5.18,0,13,200
1039,205504,127.61166650336236,0.040000000000000036,5.995,0,16,200
1040,205504,137.6500001102686,0.0050000000000000044,5.61,0,18,200
1041,205888,126.9783337675035,0.030000000000000027,6.305,0,18,200
1042,205896,145.16666659712791,0.010000000000000009,5.08,0,10,200
1043,206392,127.72666674107313,0.040000000000000036,5.92,0,18,200
1044,206552,137.8366668075323,0.020000000000000018,5.56,0,11,200
1045,206824,137.7116669267416,0.010000000000000009,5.545,0,15,200
1046,206944,135.30500002019107,0.020000000000000018,5.235,0,21,200
1047,207104,135.9433327615261,0.020000000000000018,5.63,0,16,200
1048,207104,133.04999999701977,0.030000000000000027,5.82,0,12,200
1049,207488,135.1400002539158,0.040000000000000036,5.04,0,18,200
1050,207496,138.2583326473832,0.015000000000000013,5.675,0,11,200
1051,207992,137.68333323299885,0.010000000000000009,5.69,0,15,200
1052,208152,137.64000043272972,0.03500000000000003,5.01,0,14,200
1053,208424,127.14333339687437,0.06000000000000005,5.48,0,16,200
1054,208544,130.21000044420362,0.050000000000000044,5.64,0,14,200
1055,208704,131.61999948322773,0.050000000000000044,5.61,0,12,200
1056,208704,128.5050000762567,0.05500000000000005,5.415,0,19,200
1057,209088,131.6749998703599,0.040000000000000036,5.865,0,12,200
1058,209096,128.79833328351378,0.06000000000000005,5.675,0,13,200
1059,209592,137.17333309352398,0.0050000000000000044,5.99,0,12,200
1060,209752,139.8783324882388,0.015000000000000013,5.345,0,14,200
1061,210024,130.1533337449655,0.06000000000000005,5.15,0,17,200
1062,210144,123.09333362802863,0.06999999999999995,5.96,0,14,200
1063,210304,125.68500054255128,0.03500000000000003,6.195,0,17,200
1064,210304,146.71666668355465,0.0050000000000000044,4.84,0,13,200
1065,210688,130.52333350479603,0.020000000000000018,6.56,0,11,200
1066,210696,137.06000047922134,0.025000000000000022,5.19,0,17,200
1067,211192,139.56166706606746,0.020000000000000018,5.395,0,11,200
1068,211352,136.3583330474794,0.015000000000000013,5.615,0,17,200
1069,211624,136.04666709061712,0.025000000000000022,5.53,0,15,200
1070,211744,140.36499993503094,0.020000000000000018,5.355,0,13,200
1071,211904,128.71666713431478,0.025000000000000022,6.4,0,15,200
1072,211904,140.40166592225432,0.010000000000000009,5.665,0,9,200
1073,212288,127.73166628554463,0.05500000000000005,6.115,0,10,200
1074,212296,133.21833359450102,0.020000000000000018,6.095,0,14,200
1075,212792,141.78833301365376,0.0050000000000000044,5.645,0,10,200
1076,212952,148.03000009059906,0.0050000000000000044,4.77,0,13,200
1077,213224,125.52500043064356,0.040000000000000036,6.465,0,15,200
1078,213344,141.53833336755633,0.0050000000000000044,5.675,0,9,200
1079,213504,138.73000004142523,0.0050000000000000044,5.88,0,11,200
1080,213504,138.42499963194132,0.020000000000000018,5.415,0,15,200
1081,213888,134.2133337110281,0.03500000000000003,5.87,0,10,200
1082,213896,142.6216667443514,0.0050000000000000044,5.485,0,11,200
1083,214392,141.07500000298023,0.010000000000000009,5.385,0,13,200
1084,214552,129.9283340498805,0.04500000000000004,6.065,0,9,200
1085,214824,132.32499958574772,0.040000000000000036,5.895,0,14,200
1086,214944,134.821667291224,0.030000000000000027,6.055,0,10,200
1087,215104,135.6699997894466,0.010000000000000009,5.61,0,19,200
1088,215104,135.45833349227905,0.015000000000000013,5.885,0,15,200
1089,215488,134.61500058323145,0.015000000000000013,5.925,0,16,200
1090,215496,138.4799998253584,0.010000000000000009,6.06,0,10,200
1091,215992,139.5983334183693,0.025000000000000022,5.585,0,10,200
1092,216152,143.12166699767113,0.0,5.545,0,13,200
1093,216424,136.35000007599592,0.010000000000000009,5.97,0,13,200
1094,216544,143.43833351507783,0.0050000000000000044,5.795,0,5,200
1095,216704,137.30333333835006,0.0050000000000000044,5.45,0,20,200
1096,216704,132.89666696544737,0.05500000000000005,4.87,0,19,200
1097,217088,130.43999989982694,0.025000000000000022,6.09,0,17,200
1098,217096,133.1283327192068,0.020000000000000018,6.005,0,14,200
1099,217592,132.1583330333233,0.03500000000000003,6.035,0,11,200
1100,217752,124.50999975856394,0.025000000000000022,6.6,0,18,200
1101,218024,132.0416665636003,0.050000000000000044,5.005,0,21,200
1102,218144,140.0333337560296,0.015000000000000013,5.39,0,13,200
1103,218304,135.92333368118852,0.030000000000000027,5.57,0,13,200
1104,218304,134.6533334814012,0.030000000000000027,5.66,0,13,200
1105,218688,135.2133331373334,0.025000000000000022,5.75,0,12,200
1106,218696,127.19666694104671,0.03500000000000003,6.37,0,15,200
1107,219192,137.891666457057,0.015000000000000013,5.815,0,11,200
1108,219352,131.2250008052215,0.03500000000000003,5.955,0,13,200
1109,219624,143.37999985273927,0.0,5.28,0,13,200
1110,219744,141.05666707456112,0.015000000000000013,5.35,0,11,200
1111,219904,140.9816665649414,0.015000000000000013,5.665,0,9,200
1112,219904,132.97333338018507,0.015000000000000013,5.75,0,20,200
1113,220288,137.68666678573936,0.020000000000000018,5.41,0,14,200
1114,220296,136.21666717156768,0.010000000000000009,6.1,0,11,200
1115,220792,136.08333295583725,0.0050000000000000044,6.02,0,14,200
1116,220952,142.35166765749454,0.020000000000000018,5.275,0,9,200
1117,221224,142.9266667496413,0.010000000000000009,5.2,0,12,200
1118,221344,139.41333407815546,0.020000000000000018,5.36,0,14,200
1119,221504,137.85666659846902,0.010000000000000009,5.74,0,13,200
1120,221504,138.49000006075948,0.015000000000000013,5.49,0,14,200
1121,221888,145.35666678100824,0.0,5.53,0,7,200
1122,221896,137.16333323344588,0.025000000000000022,5.45,0,13,200
1123,222392,139.83666640147567,0.010000000000000009,5.5,0,14,200
1124,222552,139.77333404123783,0.0050000000000000044,6.23,0,7,200
1125,222824,133.47666669636965,0.015000000000000013,6.16,0,12,200
1126,222944,133.2316665276885,0.03500000000000003,5.755,0,14,200
1127,223104,143.7350007146597,0.0050000000000000044,5.655,0,8,200
1128,223104,138.88333355169743,0.025000000000000022,5.24,0,12,200
1129,223488,141.34833338484168,0.0050000000000000044,5.405,0,12,200
1130,223496,136.04833337664604,0.015000000000000013,5.735,0,15,200
1131,223992,131.2366668432951,0.03500000000000003,5.95,0,14,200
1132,224152,127.93166697025299,0.06000000000000005,5.635,0,15,200
1133,224424,136.50500047858804,0.020000000000000018,5.655,0,14,200
1134,224544,140.50666639208794,0.015000000000000013,5.41,0,12,200
1135,224704,131.793333273381,0.015000000000000013,5.78,0,21,200
1136,224704,131.23833370953798,0.06000000000000005,5.705,0,7,200
1137,225088,130.36500011384487,0.025000000000000022,6.465,0,12,200
1138,225096,139.8733336813748,0.010000000000000009,5.54,0,13,200
1139,225592,126.99999975413084,0.040000000000000036,6.15,0,14,200
1140,225752,138.29500004649162,0.010000000000000009,5.685,0,13,200
1141,226024,139.2100005876273,0.010000000000000009,5.34,0,15,200
1142,226144,130.24000024795532,0.030000000000000027,6.12,0,14,200
1143,226304,141.1066672205925,0.0,5.77,0,11,200
1144,226304,137.3883331110701,0.0050000000000000044,5.705,0,16,200
1145,226688,140.95666727423668,0.010000000000000009,5.47,0,12,200
1146,226696,141.54499991238117,0.010000000000000009,5.355,0,14,200
1147,227192,145.0516668483615,0.0,5.455,0,9,200
1148,227352,142.58166738506407,0.0,5.515,0,13,200
1149,227624,134.86833332758397,0.010000000000000009,6.065,0,14,200
1150,227744,135.79333324730396,0.015000000000000013,5.99,0,11,200
1151,227904,133.95500003546476,0.015000000000000013,5.715,0,18,200
1152,227904,138.9716666340828,0.015000000000000013,5.695,0,11,200
1153,228288,144.3966666162014,0.010000000000000009,5.17,0,11,200
1154,228296,136.49333393201232,0.015000000000000013,5.78,0,14,200
1155,228792,128.5383334401995,0.050000000000000044,5.405,0,18,200
1156,228952,138.16666617244482,0.040000000000000036,5.35,0,9,200
1157,229224,139.34333387762308,0.020000000000000018,5.78,0,8,200
1158,229344,142.39333394169807,0.015000000000000013,5.21,0,15,200
1159,229504,135.28166718687862,0.015000000000000013,5.425,0,20,200
1160,229504,142.82166661322117,0.0,5.845,0,7,200
1161,229888,131.60833332687616,0.03500000000000003,6.005,0,12,200
1162,229896,137.02000057697296,0.020000000000000018,5.85,0,10,200
1163,230392,136.49166695773602,0.025000000000000022,5.605,0,12,200
1164,230552,124.19666677713394,0.05500000000000005,6.22,0,15,200
1165,230824,138.92666712403297,0.0050000000000000044,5.71,0,15,200
1166,230944,141.50666680932045,0.020000000000000018,5.38,0,9,200
1167,231104,132.78000020235777,0.015000000000000013,5.85,0,20,200
1168,231104,136.2316666096449,0.015000000000000013,5.815,0,12,200
1169,231472,28.976666636765003,0.04938271604938271,6.91358024691358,1,5,81
1170,231488,133.2366671487689,0.015000000000000013,5.95,0,17,200
1171,231496,140.59666681289673,0.0050000000000000044,5.89,0,8,200
1172,231992,140.97333340346813,0.010000000000000009,5.24,0,16,200
1173,232152,132.4866669140756,0.025000000000000022,5.83,0,17,200
1174,232544,141.8183330707252,0.010000000000000009,5.195,0,15,200
1175,232704,142.57500000298023,0.015000000000000013,5.295,0,9,200
1176,232704,141.54499983787537,0.010000000000000009,5.355,0,12,200
1177,233072,135.66333383321762,0.015000000000000013,5.87,0,14,200
1178,233088,138.00833321362734,0.0050000000000000044,5.645,0,16,200
1179,233096,131.5566666163504,0.03500000000000003,5.59,0,17,200
1180,233592,149.63166649639606,0.0,5.035,0,8,200
1181,233752,135.1249999590218,0.030000000000000027,5.745,0,12,200
1182,234144,144.39833377301693,0.0050000000000000044,5.315,0,10,200
1183,234304,133.47333384957165,0.025000000000000022,5.84,0,14,200
1184,234304,137.455000333488,0.025000000000000022,5.865,0,7,200
1185,234672,136.89000084996223,0.025000000000000022,5.49,0,13,200
1186,234688,140.60666722711176,0.025000000000000022,5.17,0,11,200
1187,234696,136.99333353713155,0.03500000000000003,5.45,0,11,200
1188,235192,134.8083334416151,0.040000000000000036,5.525,0,10,200
1189,235352,130.41499990224838,0.040000000000000036,5.775,0,17,200
1190,235744,135.00500024482608,0.030000000000000027,5.625,0,14,200
1191,235904,139.88333332538605,0.025000000000000022,5.12,0,12,200
1192,235904,141.50666677951813,0.015000000000000013,5.14,0,14,200
1193,236272,123.71166636701673,0.07499999999999996,5.635,0,15,200
1194,236288,143.12166633829474,0.015000000000000013,5.245,0,9,200
1195,236296,129.5116664879024,0.06499999999999995,5.425,0,14,200
1196,236792,142.74000004213303,0.010000000000000009,5.25,0,12,200
1197,236952,124.28666668385267,0.06499999999999995,6.37,0,8,200
1198,237344,138.48000022768974,0.025000000000000022,5.43,0,12,200
1199,237504,133.66166730597615,0.03500000000000003,5.635,0,13,200
1200,237504,139.73333324491978,0.020000000000000018,5.3,0,12,200
1201,237872,147.960000295192,0.0050000000000000044,5.07,0,8,200
1202,237888,116.39166690036654,0.06000000000000005,6.565,0,21,200
1203,237896,135.10666655376554,0.04500000000000004,5.41,0,10,200
1204,238392,131.45999976992607,0.025000000000000022,6.12,0,13,200
1205,238552,131.585000410676,0.04500000000000004,5.835,0,11,200
1206,238944,134.15166705101728,0.025000000000000022,5.905,0,11,200
1207,239104,144.4916673814878,0.010000000000000009,5.305,0,8,200
1208,239104,135.50333346426487,0.040000000000000036,5.36,0,12,200
1209,239472,134.76499983668327,0.03500000000000003,5.385,0,14,200
1210,239488,130.818332914263,0.04500000000000004,5.645,0,13,200
1211,239496,139.948332965374,0.030000000000000027,5.315,0,9,200
1212,239992,132.39666682481766,0.050000000000000044,5.53,0,12,200
1213,240152,138.84333373233676,0.015000000000000013,5.63,0,10,200
1214,240544,138.30833347141743,0.020000000000000018,5.465,0,12,200
1215,240704,143.1100005544722,0.010000000000000009,5.16,0,11,200
1216,240704,126.12499979510903,0.050000000000000044,6.255,0,12,200
1217,241072,138.71000055968761,0.0,5.67,0,15,200
1218,241088,125.89500004425645,0.040000000000000036,6.495,0,13,200
1219,241096,142.3333337008953,0.0050000000000000044,5.45,0,10,200
1220,241592,136.2216668277979,0.03500000000000003,5.635,0,11,200
1221,241752,132.26000013947487,0.050000000000000044,5.67,0,9,200
1222,242144,130.71833378076553,0.040000000000000036,5.825,0,13,200
1223,242304,131.42666693776846,0.04500000000000004,5.98,0,8,200
1224,242304,136.9833333492279,0.015000000000000013,5.99,0,10,200
1225,242672,134.2483330667019,0.020000000000000018,5.795,0,14,200
1226,242688,136.2983337044716,0.03500000000000003,5.345,0,13,200
1227,242696,130.3466662876308,0.03500000000000003,6.25,0,11,200
1228,243192,137.02666655555367,0.020000000000000018,5.53,0,12,200
1229,243352,141.55000032112002,0.010000000000000009,5.58,0,8,200
1230,243744,124.17500036861748,0.05500000000000005,5.805,0,20,200
1231,243904,136.7483330667019,0.03500000000000003,5.585,0,11,200
1232,243904,130.37499994784594,0.03500000000000003,6.075,0,11,200
1233,244272,136.15000061690807,0.030000000000000027,5.88,0,7,200
1234,244288,133.3833340704441,0.030000000000000027,5.93,0,10,200
1235,244296,129.71166605036706,0.04500000000000004,5.365,0,18,200
1236,244792,125.08666727691889,0.06999999999999995,5.89,0,12,200
1237,244952,127.02999971713871,0.06000000000000005,5.46,0,19,200
1238,245344,135.55666606128216,0.030000000000000027,5.62,0,14,200
1239,245504,126.11166675016284,0.040000000000000036,6.415,0,13,200
1240,245504,136.9899998307228,0.0050000000000000044,6.0,0,13,200
1241,245872,135.9116672836244,0.040000000000000036,5.545,0,10,200
1242,245888,135.4383337199688,0.030000000000000027,5.495,0,14,200
1243,245896,127.73833336215466,0.03500000000000003,6.005,0,16,200
1244,246392,133.86499973759055,0.04500000000000004,5.415,0,12,200
1245,246552,139.96666667610407,0.020000000000000018,5.35,0,11,200
1246,246944,144.46833300590515,0.0050000000000000044,5.195,0,11,200
1247,247104,142.060000538826,0.0,5.22,0,15,200
1248,247104,136.76833360642195,0.0050000000000000044,5.615,0,17,200
1249,247472,131.5283333286643,0.030000000000000027,5.945,0,13,200
1250,247488,136.73499974235892,0.04500000000000004,4.965,0,14,200
1251,247496,130.18666679412127,0.020000000000000018,5.98,0,18,200
1252,247992,127.96166679635644,0.025000000000000022,6.025,0,18,200
1253,248152,128.77333345264196,0.050000000000000044,6.14,0,9,200
1254,248544,137.7999998293817,0.020000000000000018,5.22,0,16,200
1255,248704,140.59833320137113,0.0,5.735,0,12,200
1256,248704,145.46833294536918,0.0,4.955,0,15,200
1257,249072,127.54000009130687,0.015000000000000013,6.24,0,19,200
1258,249088,139.2383334003389,0.020000000000000018,5.435,0,13,200
1259,249096,129.46333331614733,0.025000000000000022,6.2,0,17,200
1260,249592,133.6116664847359,0.025000000000000022,5.575,0,18,200
1261,249752,129.48833377566189,0.050000000000000044,5.675,0,13,200
1262,250144,132.2550000315532,0.04500000000000004,5.595,0,12,200
1263,250304,127.65000051259995,0.07499999999999996,5.67,0,10,200
1264,250304,129.0516664199531,0.04500000000000004,5.995,0,13,200
1265,250672,127.44166646897793,0.06999999999999995,5.695,0,12,200
1266,250688,133.42499938607216,0.04500000000000004,5.565,0,14,200
1267,250696,127.53166614472866,0.07999999999999996,5.575,0,10,200
1268,251192,134.80500001367182,0.050000000000000044,5.475,0,10,200
1269,251352,141.3466671258211,0.03500000000000003,5.2,0,7,200
1270,251744,133.76666636765003,0.04500000000000004,5.68,0,11,200
1271,251904,139.06333322823048,0.030000000000000027,5.45,0,10,200
1272,251904,144.656667586416,0.020000000000000018,5.2,0,6,200
1273,252272,124.45499969925731,0.07999999999999996,5.865,0,13,200
1274,252288,144.69833283126354,0.010000000000000009,5.405,0,7,200
1275,252296,143.32833370566368,0.010000000000000009,5.525,0,9,200
1276,252792,133.8450003117323,0.06000000000000005,5.295,0,7,200
1277,252952,129.93833259493113,0.04500000000000004,6.365,0,5,200
1278,253344,139.51333369780332,0.030000000000000027,5.03,0,12,200
1279,253504,145.3350004516542,0.0050000000000000044,5.325,0,7,200
1280,253504,139.17999998480082,0.04500000000000004,5.28,0,6,200
1281,253872,133.29333351552486,0.050000000000000044,5.78,0,8,200
1282,253888,152.32999947667122,0.015000000000000013,4.41,0,6,200
1283,253896,140.23833303153515,0.04500000000000004,5.075,0,9,200
1284,254392,142.30500062182546,0.010000000000000009,5.355,0,9,200
1285,254552,152.20833264291286,0.010000000000000009,4.775,0,5,200
1286,254944,142.52166629210114,0.030000000000000027,5.185,0,8,200
1287,255104,128.45500043034554,0.06000000000000005,5.715,0,14,200
1288,255104,133.8416666276753,0.04500000000000004,5.545,0,10,200
1289,255472,118.79000039771199,0.08999999999999997,5.94,0,16,200
1290,255488,125.51666595041752,0.04500000000000004,6.01,0,19,200
1291,255496,144.57333317399025,0.04500000000000004,4.61,0,5,200
1292,255992,144.20833296701312,0.025000000000000022,5.015,0,9,200
1293,256152,147.50499965250492,0.015000000000000013,4.965,0,7,200
1294,256544,137.86500086262822,0.030000000000000027,5.415,0,11,200
1295,256704,126.67500028014183,0.03500000000000003,6.255,0,16,200
1296,256704,125.23999972641468,0.05500000000000005,5.94,0,15,200
1297,257072,139.51833368092775,0.04500000000000004,5.165,0,8,200
1298,257088,133.2983328178525,0.030000000000000027,5.705,0,16,200
1299,257096,148.52666666731238,0.0,5.17,0,7,200
1300,257592,144.37666726764292,0.010000000000000009,5.47,0,7,200
1301,257752,126.68500010669231,0.040000000000000036,5.955,0,19,200
1302,258144,138.06000020634383,0.0,5.82,0,14,200
1303,258304,139.31166699528694,0.015000000000000013,5.905,0,8,200
1304,258304,146.003334261477,0.0,5.36,0,9,200
1305,258672,138.52499969303608,0.05500000000000005,5.115,0,7,200
1306,258688,129.36666654329747,0.030000000000000027,5.98,0,17,200
1307,258696,135.41666722297668,0.030000000000000027,5.92,0,9,200
1308,259192,122.59500053524971,0.050000000000000044,5.985,0,22,200
1309,259352,137.64000049233437,0.015000000000000013,5.79,0,11,200
1310,259744,140.6600003167987,0.040000000000000036,5.16,0,6,200
1311,259904,129.19499994441867,0.040000000000000036,6.105,0,13,200
1312,259904,136.83333349972963,0.025000000000000022,5.84,0,9,200
1313,260272,141.89166662003845,0.0,5.665,0,11,200
1314,260288,140.21833282709122,0.025000000000000022,5.495,0,8,200
1315,260296,139.3816673308611,0.010000000000000009,5.845,0,10,200
1316,260792,146.04999925848097,0.020000000000000018,5.04,0,5,200
1317,260952,125.09333334490657,0.03500000000000003,6.29,0,19,200
1318,261344,129.0983332162723,0.040000000000000036,5.975,0,15,200
1319,261504,146.1800001785159,0.03500000000000003,4.83,0,6,200
1320,261504,139.875,0.020000000000000018,5.535,0,10,200
1321,261872,137.86499976366758,0.025000000000000022,5.805,0,7,200
1322,261888,133.10333278775215,0.050000000000000044,5.57,0,11,200
1323,261896,142.660000577569,0.010000000000000009,5.64,0,7,200
1324,262392,133.25666637346148,0.030000000000000027,5.86,0,14,200
1325,262552,132.12666686996818,0.04500000000000004,5.53,0,15,200
1326,262944,149.29666654765606,0.010000000000000009,4.93,0,6,200
1327,263104,126.51333390455693,0.03500000000000003,6.23,0,16,200
1328,263104,132.6966662928462,0.05500000000000005,5.29,0,14,200
1329,263472,136.5783337801695,0.030000000000000027,5.735,0,10,200
1330,263488,139.278333671391,0.015000000000000013,5.975,0,6,200
1331,263496,127.21833364292979,0.05500000000000005,6.155,0,10,200
1332,263992,132.86500044167042,0.030000000000000027,5.775,0,15,200
1333,264152,147.31333300471306,0.0050000000000000044,4.91,0,11,200
1334,264544,135.53666605055332,0.04500000000000004,5.65,0,8,200
1335,264704,144.98833267390728,0.015000000000000013,5.225,0,8,200
1336,264704,143.56666669249535,0.010000000000000009,5.32,0,10,200
1337,265072,126.21166692208499,0.06499999999999995,5.965,0,12,200
1338,265088,140.2466664230451,0.025000000000000022,5.53,0,8,200
1339,265096,145.74999957438558,0.025000000000000022,5.1,0,5,200
1340,265592,140.2216662913561,0.030000000000000027,5.545,0,9,200
1341,265752,139.7183329090476,0.040000000000000036,5.495,0,5,200
1342,266144,133.07000017166138,0.040000000000000036,6.18,0,5,200
1343,266304,142.22333297133446,0.03500000000000003,5.36,0,6,200
1344,266304,147.14333276450634,0.025000000000000022,4.79,0,8,200
1345,266672,143.5283333659172,0.015000000000000013,5.345,0,8,200
1346,266688,136.3683337904513,0.04500000000000004,5.285,0,9,200
1347,266696,144.44833326339722,0.030000000000000027,4.955,0,8,200
1348,267192,123.20166689157486,0.08499999999999996,5.935,0,12,200
1349,267352,138.89666723832488,0.0,5.98,0,12,200
1350,267744,136.35999937355518,0.050000000000000044,5.52,0,7,200
1351,267904,131.2933335006237,0.030000000000000027,6.29,0,10,200
1352,267904,130.6316668614745,0.040000000000000036,5.845,0,14,200
1353,268272,130.18666663765907,0.03500000000000003,6.07,0,14,200
1354,268288,136.7600004784763,0.025000000000000022,5.82,0,9,200
1355,268296,130.4200002066791,0.06999999999999995,5.4,0,11,200
1356,268792,137.95666644722223,0.015000000000000013,6.16,0,6,200
1357,268952,144.54000100120902,0.0050000000000000044,5.43,0,10,200
1358,269344,138.4966665841639,0.030000000000000027,5.5,0,9,200
1359,269504,140.38000001758337,0.020000000000000018,5.79,0,7,200
1360,269504,133.77166658639908,0.06000000000000005,5.485,0,9,200
1361,269872,141.71999999135733,0.015000000000000013,5.61,0,8,200
1362,269888,138.01000037789345,0.020000000000000018,5.94,0,9,200
1363,269896,134.35000053793192,0.020000000000000018,5.97,0,13,200
1364,270392,141.69500048458576,0.040000000000000036,5.115,0,8,200
1365,270552,145.64666760712862,0.020000000000000018,5.05,0,5,200
1366,270944,137.93000012636185,0.030000000000000027,5.58,0,10,200
1367,271104,144.3766669780016,0.015000000000000013,5.08,0,10,200
1368,271104,149.5966663211584,0.0,5.2,0,6,200
1369,271472,131.77500028908253,0.05500000000000005,5.865,0,8,200
1370,271488,130.47666653990746,0.06499999999999995,5.89,0,7,200
1371,271496,147.8349989503622,0.010000000000000009,5.115,0,7,200
1372,271992,143.39833322167397,0.020000000000000018,5.345,0,7,200
1373,272152,140.640000782907,0.010000000000000009,5.76,0,9,200
1374,272544,134.49000041931868,0.030000000000000027,6.0,0,10,200
1375,272704,133.2733340105042,0.03500000000000003,5.63,0,14,200
1376,272704,126.86166679114103,0.040000000000000036,6.265,0,15,200
1377,273072,140.8700001835823,0.015000000000000013,5.7,0,8,200
1378,273088,134.9949998818338,0.025000000000000022,5.865,0,10,200
1379,273096,136.85666776448488,0.03500000000000003,5.5,0,11,200
1380,273592,145.90333351492882,0.025000000000000022,5.06,0,5,200
1381,273752,139.6866666674614,0.05500000000000005,4.81,0,10,200
1382,274144,144.38500040769577,0.015000000000000013,5.295,0,7,200
1383,274304,138.4100000075996,0.025000000000000022,5.43,0,13,200
1384,274304,134.62833353877068,0.04500000000000004,5.675,0,8,200
1385,274672,142.00666657835245,0.010000000000000009,5.65,0,6,200
1386,274688,140.34833316504955,0.050000000000000044,4.985,0,8,200
1387,274696,133.14833296090364,0.03500000000000003,6.035,0,10,200
1388,275192,140.99833363294601,0.010000000000000009,5.705,0,9,200
1389,275352,141.49999935925007,0.015000000000000013,5.58,0,9,200
1390,275744,141.66166750341654,0.03500000000000003,5.245,0,6,200
1391,275904,146.38166664540768,0.010000000000000009,5.125,0,8,200
1392,275904,134.83499966561794,0.020000000000000018,6.045,0,12,200
1393,276272,135.5249999538064,0.020000000000000018,6.075,0,8,200
1394,276288,131.17166697233915,0.04500000000000004,5.725,0,13,200
1395,276296,136.25499997939914,0.025000000000000022,5.805,0,11,200
1396,276792,131.2549999654293,0.03500000000000003,6.075,0,13,200
1397,276952,128.8733333721757,0.04500000000000004,6.23,0,11,200
1398,277344,130.78666659072042,0.015000000000000013,6.43,0,14,200
1399,277504,127.15000035613775,0.030000000000000027,6.36,0,14,200
1400,277504,135.6016672104597,0.015000000000000013,6.265,0,8,200
1401,277872,139.61166687309742,0.03500000000000003,5.215,0,10,200
1402,277888,141.89833329897374,0.010000000000000009,5.315,0,13,200
1403,277896,136.49000070244074,0.03500000000000003,5.61,0,9,200
1404,278392,137.7299998551607,0.0050000000000000044,5.91,0,11,200
1405,278552,140.41999992728233,0.025000000000000022,5.37,0,9,200
1406,278944,142.3833337314427,0.015000000000000013,5.21,0,12,200
1407,279104,136.18999985605478,0.015000000000000013,5.85,0,13,200
1408,279104,148.76333282887936,0.0050000000000000044,5.21,0,5,200
1409,279472,145.32333336770535,0.010000000000000009,5.36,0,6,200
1410,279488,138.97833297401667,0.010000000000000009,6.095,0,7,200
1411,279496,135.40999978035688,0.0050000000000000044,6.12,0,12,200
1412,279992,135.75500024855137,0.025000000000000022,5.685,0,14,200
1413,280152,136.631667137146,0.030000000000000027,5.785,0,8,200
1414,280544,137.09833320230246,0.015000000000000013,5.765,0,13,200
1415,280704,146.62666602805257,0.015000000000000013,5.02,0,8,200
1416,280704,141.6633334904909,0.010000000000000009,5.54,0,10,200
1417,281072,140.9249992519617,0.020000000000000018,5.325,0,11,200
1418,281088,135.98999990522861,0.015000000000000013,5.97,0,12,200
1419,281096,131.31333345919847,0.025000000000000022,5.96,0,18,200
1420,281592,139.79166673123837,0.025000000000000022,5.425,0,12,200
1421,281752,134.8533335030079,0.030000000000000027,5.42,0,18,200
1422,282144,145.42666662484407,0.0,5.38,0,10,200
1423,282304,132.64499986171722,0.020000000000000018,6.135,0,15,200
1424,282304,143.5466662524268,0.015000000000000013,5.17,0,11,200
1425,282672,144.59833343327045,0.010000000000000009,5.465,0,7,200
1426,282688,135.16333407908678,0.015000000000000013,6.17,0,10,200
1427,282696,144.04333412647247,0.015000000000000013,5.3,0,8,200
1428,283192,120.81333352252841,0.04500000000000004,6.35,0,23,200
1429,283352,132.53833371400833,0.04500000000000004,5.735,0,10,200
1430,283744,140.0583341009915,0.020000000000000018,5.525,0,7,200
1431,283904,138.29833371937275,0.015000000000000013,5.615,0,13,200
1432,283904,144.03166723251343,0.030000000000000027,5.215,0,4,200
1433,284272,151.24833425879478,0.0,5.225,0,2,200
1434,284288,140.19833310507238,0.015000000000000013,5.615,0,9,200
1435,284296,139.1366668343544,0.025000000000000022,5.83,0,8,200
1436,284792,139.6166671514511,0.025000000000000022,5.71,0,8,200
1437,284952,139.99833351373672,0.015000000000000013,5.615,0,9,200
1438,285344,144.92833253741264,0.025000000000000022,5.285,0,4,200
1439,285504,141.21333357691765,0.040000000000000036,5.3,0,4,200
1440,285504,139.0166663825512,0.0,5.71,0,17,200
1441,285872,138.48999984189868,0.015000000000000013,5.97,0,7,200
1442,285888,124.67333330214024,0.050000000000000044,6.11,0,17,200
1443,285896,136.42666698247194,0.025000000000000022,5.95,0,9,200
1444,286392,139.07166574522853,0.020000000000000018,5.485,0,11,200
1445,286552,141.53166633844376,0.020000000000000018,5.365,0,10,200
1446,286944,136.84500041604042,0.030000000000000027,5.685,0,10,200
1447,287104,146.033333145082,0.0050000000000000044,5.33,0,8,200
1448,287104,148.10666730999947,0.025000000000000022,4.75,0,7,200
1449,287472,144.50500047486275,0.010000000000000009,5.355,0,6,200
1450,287488,140.4366667419672,0.010000000000000009,5.65,0,11,200
1451,287496,142.02000023052096,0.025000000000000022,5.43,0,6,200
1452,287992,147.15166626870632,0.020000000000000018,4.795,0,9,200
1453,288152,142.69333338737488,0.015000000000000013,5.3,0,9,200
1454,288544,140.58166682720184,0.03500000000000003,5.245,0,8,200
1455,288704,140.30166728049517,0.040000000000000036,5.455,0,5,200
1456,288704,134.8383335918188,0.05500000000000005,5.255,0,12,200
1457,289072,132.73999974131584,0.03500000000000003,5.67,0,16,200
1458,289088,134.4466669112444,0.020000000000000018,6.1,0,12,200
1459,289096,143.6516662053764,0.0050000000000000044,5.485,0,10,200
1460,289592,133.52666655182838,0.025000000000000022,6.13,0,10,200
1461,289752,148.55833195149899,0.025000000000000022,4.865,0,3,200
1462,290144,144.84333319962025,0.025000000000000022,4.88,0,9,200
1463,290304,138.5850001834333,0.020000000000000018,5.805,0,9,200
1464,290304,137.16833318024874,0.040000000000000036,5.675,0,7,200
1465,290672,148.45499981939793,0.0050000000000000044,4.995,0,8,200
1466,290688,143.09166710078716,0.025000000000000022,5.425,0,5,200
1467,290696,136.0233339741826,0.025000000000000022,5.75,0,12,200
1468,291192,144.46499951835722,0.030000000000000027,5.055,0,5,200
1469,291352,138.27333333343267,0.010000000000000009,5.9,0,9,200
1470,291744,138.8516664505005,0.03500000000000003,5.425,0,8,200
1471,291904,138.39166656509042,0.050000000000000044,5.125,0,9,200
1472,291904,139.1366671398282,0.030000000000000027,5.65,0,6,200
1473,292272,143.24500011559576,0.03500000000000003,4.965,0,6,200
1474,292288,139.55833426117897,0.040000000000000036,5.225,0,8,200
1475,292296,139.98166605830193,0.05500000000000005,4.945,0,5,200
1476,292792,145.7983333915472,0.010000000000000009,4.955,0,12,200
1477,292952,136.52000019699335,0.05500000000000005,5.31,0,8,200
1478,293344,131.87166670709848,0.040000000000000036,5.725,0,15,200
1479,293504,147.79833334684372,0.0050000000000000044,5.135,0,7,200
1480,293504,143.07666615303606,0.025000000000000022,5.11,0,7,200
1481,293872,135.05833339318633,0.050000000000000044,5.405,0,9,200
1482,293888,127.46833379939198,0.06000000000000005,5.825,0,13,200
1483,293896,134.42000014241785,0.050000000000000044,5.22,0,13,200
1484,294392,128.59166657924652,0.06499999999999995,5.905,0,9,200
1485,294552,148.66999982949346,0.020000000000000018,4.8,0,5,200
1486,294944,143.14999988675117,0.015000000000000013,5.52,0,7,200
1487,295104,147.81333336234093,0.0050000000000000044,5.06,0,7,200
1488,295104,133.10833355691284,0.020000000000000018,6.245,0,10,200
1489,295472,136.42333259433508,0.06000000000000005,5.0,0,9,200
1490,295488,136.37499978393316,0.015000000000000013,5.865,0,13,200
1491,295496,133.43666615709662,0.04500000000000004,5.86,0,8,200
1492,295992,132.47833400964737,0.06499999999999995,5.795,0,5,200
1493,296152,139.97166677564383,0.07999999999999996,4.465,0,5,200
1494,296544,130.52833297848701,0.06999999999999995,5.915,0,5,200
1495,296704,122.8516665622592,0.07499999999999996,6.115,0,11,200
1496,296704,137.09333370625973,0.04500000000000004,5.48,0,7,200
1497,297072,128.8149992004037,0.08999999999999997,5.445,0,7,200
1498,297088,138.26833307743073,0.030000000000000027,5.795,0,8,200
1499,297096,133.4416658654809,0.07499999999999996,5.425,0,3,200
1500,297592,137.1249996125698,0.03500000000000003,5.475,0,10,200
1501,297752,145.7549997586757,0.020000000000000018,4.815,0,10,200
1502,298144,132.63833324611187,0.08999999999999997,4.835,0,10,200
1503,298304,141.92000080645084,0.010000000000000009,5.79,0,5,200
1504,298304,148.2183327525854,0.015000000000000013,4.985,0,5,200
1505,298672,145.3316665031016,0.030000000000000027,4.555,0,10,200
1506,298688,132.66333404183388,0.06999999999999995,5.6,0,5,200
1507,298696,146.3949994891882,0.015000000000000013,4.935,0,9,200
1508,299192,135.00833368301392,0.05500000000000005,5.405,0,8,200
1509,299352,144.10666646342725,0.015000000000000013,5.2,0,7,200
1510,299744,133.07833322882652,0.06000000000000005,5.585,0,8,200
1511,299904,135.7833327203989,0.040000000000000036,5.42,0,13,200
1512,299904,141.99999924376607,0.030000000000000027,5.16,0,10,200
1513,300272,132.32499939203262,0.06499999999999995,5.385,0,9,200
1514,300288,146.33833253756166,0.020000000000000018,4.805,0,10,200
1515,300296,133.99000054970384,0.025000000000000022,5.94,0,13,200
1516,300792,135.12499929964542,0.025000000000000022,6.015,0,10,200
1517,300952,146.4483340382576,0.015000000000000013,5.015,0,8,200
1518,301344,143.4116662852466,0.03500000000000003,5.095,0,6,200
1519,301504,128.87833352014422,0.06000000000000005,5.825,0,12,200
1520,301504,130.09333343431354,0.03500000000000003,5.87,0,16,200
1521,301872,141.91166707873344,0.010000000000000009,5.305,0,14,200
1522,301888,129.89000022038817,0.06499999999999995,5.61,0,11,200
1523,301896,143.71666658949107,0.015000000000000013,5.2,0,9,200
1524,302392,137.77166703995317,0.030000000000000027,5.485,0,10,200
1525,302552,148.50666596367955,0.0050000000000000044,4.84,0,10,200
1526,302944,124.6500001475215,0.07499999999999996,5.67,0,15,200
1527,303104,136.18666703999043,0.030000000000000027,5.71,0,10,200
1528,303104,132.60166631639004,0.04500000000000004,5.665,0,14,200
1529,303472,134.89499939978123,0.08499999999999996,4.785,0,7,200
1530,303488,143.9899998381734,0.025000000000000022,4.98,0,9,200
1531,303496,126.7116666212678,0.08499999999999996,5.335,0,12,200
1532,303992,138.7333338074386,0.025000000000000022,5.42,0,11,200
1533,304152,137.40166753530502,0.030000000000000027,5.485,0,11,200
1534,304544,137.1116667902097,0.03500000000000003,5.335,0,12,200
1535,304704,142.0316669791937,0.0050000000000000044,5.515,0,12,200
1536,304704,138.03666672483087,0.04500000000000004,5.02,0,12,200
1537,305072,118.57000032719225,0.08999999999999997,5.94,0,16,200
1538,305088,134.44666688889265,0.03500000000000003,5.8,0,9,200
1539,305096,148.9416662156582,0.020000000000000018,4.675,0,10,200
1540,305592,144.10833403654397,0.0,5.165,0,12,200
1541,305752,136.2533336803317,0.025000000000000022,6.05,0,6,200
1542,306144,145.06666690763086,0.0050000000000000044,5.35,0,8,200
1543,306304,144.96499978005886,0.03500000000000003,5.055,0,4,200
1544,306304,151.523333594203,0.020000000000000018,4.76,0,2,200
1545,306672,144.2450007200241,0.020000000000000018,5.235,0,8,200
1546,306688,137.62666726112366,0.05500000000000005,5.44,0,5,200
1547,306696,147.35166680812836,0.0050000000000000044,5.275,0,7,200
1548,307192,129.94666649401188,0.03500000000000003,6.43,0,9,200
1549,307352,134.02999948710203,0.04500000000000004,6.0,0,4,200
1550,307744,141.39833331108093,0.010000000000000009,5.675,0,9,200
1551,307904,151.76500019431114,0.010000000000000009,4.755,0,3,200
1552,307904,137.33666606247425,0.025000000000000022,5.62,0,13,200
1553,308272,141.17833349388093,0.0,5.975,0,8,200
1554,308288,134.9083329886198,0.05500000000000005,5.375,0,10,200
1555,308296,140.90166561305523,0.040000000000000036,5.095,0,10,200
1556,308792,143.71833297610283,0.025000000000000022,5.225,0,6,200
1557,308952,144.8333338946104,0.010000000000000009,5.45,0,8,200
1558,309344,145.59666712209582,0.025000000000000022,4.84,0,7,200
1559,309504,138.75833269953728,0.04500000000000004,5.135,0,10,200
1560,309504,144.48166659474373,0.020000000000000018,5.515,0,3,200
1561,309872,133.80833454430103,0.050000000000000044,5.615,0,8,200
1562,309888,137.5066670840606,0.030000000000000027,5.56,0,9,200
1563,309896,149.46666680276394,0.015000000000000013,4.93,0,5,200
1564,310392,145.38333277404308,0.030000000000000027,5.12,0,6,200
1565,310552,133.80666618794203,0.04500000000000004,5.83,0,8,200
1566,310944,139.51833275333047,0.03500000000000003,5.225,0,9,200
1567,311104,135.88500009477139,0.03500000000000003,5.865,0,7,200
1568,311104,144.6283330321312,0.020000000000000018,5.375,0,3,200
1569,311472,143.06166645139456,0.0050000000000000044,5.575,0,9,200
1570,311488,138.40833332948387,0.03500000000000003,5.525,0,7,200
1571,311496,143.34000011906028,0.025000000000000022,5.16,0,8,200
1572,311992,130.10833321511745,0.07999999999999996,5.375,0,8,200
1573,312152,150.50666743516922,0.010000000000000009,5.14,0,2,200
1574,312544,135.72333361953497,0.025000000000000022,6.17,0,6,200
1575,312704,137.28666606545448,0.015000000000000013,6.22,0,6,200
1576,312704,143.4283331297338,0.040000000000000036,5.105,0,3,200
1577,313072,140.91166631877422,0.05500000000000005,4.945,0,6,200
1578,313088,146.84999975562096,0.04500000000000004,4.86,0,1,200
1579,313096,134.88999965041876,0.03500000000000003,6.33,0,3,200
1580,313592,129.29333313181996,0.04500000000000004,6.2,0,10,200
1581,313752,130.98500045295805,0.05500000000000005,5.865,0,9,200
1582,314144,144.9516666084528,0.020000000000000018,5.395,0,4,200
1583,314304,140.8200003914535,0.03500000000000003,5.46,0,4,200
1584,314304,143.61166769266129,0.010000000000000009,5.695,0,5,200
1585,314672,151.6533345496282,0.0,5.03,0,6,200
1586,314688,144.718332788907,0.015000000000000013,5.465,0,6,200
1587,314696,137.731666687876,0.030000000000000027,5.785,0,6,200
1588,315192,149.15500003099442,0.0050000000000000044,5.235,0,4,200
1589,315352,137.8766668587923,0.030000000000000027,5.71,0,8,200
1590,315592,56.38333369791508,0.0357142857142857,6.035714285714286,1,4,112
1591,315680,79.65499997138977,0.0,4.42741935483871,1,0,124
1592,315744,137.14333368837833,0.030000000000000027,5.27,0,16,200
1593,315904,146.52833412587643,0.0050000000000000044,5.495,0,5,200
1594,315904,140.025000102818,0.03500000000000003,5.385,0,9,200
1595,316272,144.10666713118553,0.0050000000000000044,5.74,0,5,200
1596,316792,146.18666713684797,0.0050000000000000044,5.53,0,5,200
1597,316952,147.08333299681544,0.0050000000000000044,5.33,0,5,200
1598,317192,144.09000021219254,0.015000000000000013,5.25,0,9,200
1599,317280,137.5966672897339,0.015000000000000013,6.31,0,4,200
1600,317344,141.1666664481163,0.03500000000000003,5.32,0,7,200
1601,317504,139.73166735470295,0.020000000000000018,5.995,0,5,200
1602,317504,136.28333354275674,0.025000000000000022,5.39,0,15,200
1603,317872,145.7266671732068,0.020000000000000018,4.96,0,9,200
1604,318392,146.65999922156334,0.0,5.67,0,5,200
1605,318552,140.9016658216715,0.040000000000000036,5.395,0,5,200
1606,318792,134.02666640281677,0.06499999999999995,5.38,0,8,200
1607,318880,129.90000085532665,0.050000000000000044,5.85,0,13,200
1608,318944,137.4766658358276,0.05500000000000005,5.02,0,11,200
1609,319104,134.54166673868895,0.040000000000000036,5.635,0,9,200
1610,319104,138.95166685432196,0.020000000000000018,5.785,0,8,200
1611,319472,132.6016670167446,0.06000000000000005,5.785,0,6,200
1612,319992,139.99833174049854,0.040000000000000036,4.955,0,11,200
1613,320152,134.51166634261608,0.025000000000000022,6.025,0,9,200
1614,320392,130.94333310425282,0.040000000000000036,6.14,0,10,200
1615,320480,123.82833345979452,0.040000000000000036,6.575,0,15,200
1616,320544,148.89166705310345,0.020000000000000018,4.855,0,4,200
1617,320704,137.91666677594185,0.030000000000000027,5.35,0,13,200
1618,320704,133.08833311405033,0.030000000000000027,5.825,0,14,200
1619,321072,137.40166690945625,0.05500000000000005,5.365,0,5,200
1620,321592,140.3499997407198,0.015000000000000013,5.64,0,10,200
1621,321752,130.57666693627834,0.04500000000000004,5.95,0,12,200
1622,321992,138.21166678145528,0.0050000000000000044,6.025,0,11,200
1623,322080,142.2016668235883,0.0,5.665,0,10,200
1624,322144,136.4716666340828,0.025000000000000022,5.935,0,9,200
1625,322304,146.1750003695488,0.010000000000000009,5.415,0,4,200
1626,322304,141.44500040169805,0.0,5.865,0,11,200
1627,322672,147.09833281859756,0.0050000000000000044,5.135,0,8,200
1628,322760,17.326667219400406,0.10526315789473684,5.192982456140351,1,1,57
1629,323192,147.60333313047886,0.03500000000000003,4.79,0,4,200
1630,323352,132.84500020369887,0.020000000000000018,6.375,0,10,200
1631,323592,142.03166639059782,0.010000000000000009,5.335,0,13,200
1632,323680,146.96499946340919,0.0050000000000000044,5.385,0,5,200
1633,323744,140.49666538834572,0.025000000000000022,5.59,0,7,200
1634,323904,137.26833375543356,0.03500000000000003,5.795,0,7,200
1635,324272,148.2299994379282,0.015000000000000013,5.1,0,6,200
1636,324360,148.84499971568584,0.010000000000000009,5.085,0,6,200
1637,324792,139.29166699945927,0.050000000000000044,5.245,0,5,200
1638,324952,131.37833385914564,0.04500000000000004,6.185,0,8,200
1639,325192,144.41666593030095,0.04500000000000004,4.84,0,3,200
1640,325280,141.1550007192418,0.020000000000000018,5.445,0,8,200
1641,325344,134.60500000417233,0.03500000000000003,6.015,0,8,200
1642,325504,132.5916663557291,0.05500000000000005,5.335,0,14,200
1643,325872,144.42166613042355,0.040000000000000036,4.645,0,8,200
1644,325960,146.58833269774914,0.020000000000000018,5.135,0,6,200
1645,326392,137.70833300054073,0.04500000000000004,5.285,0,10,200
1646,326552,142.25499968230724,0.025000000000000022,5.385,0,8,200
1647,326792,128.20999988168478,0.07499999999999996,5.58,0,10,200
1648,326880,138.43166635930538,0.05500000000000005,5.275,0,5,200
1649,326944,142.51166766509414,0.010000000000000009,5.725,0,6,200
1650,327104,140.45166501402855,0.040000000000000036,5.245,0,7,200
1651,327472,141.22000041604042,0.025000000000000022,5.76,0,3,200
1652,327560,137.8049995964393,0.025000000000000022,5.655,0,11,200
1653,327992,138.39499995764345,0.05500000000000005,5.055,0,7,200
1654,328152,137.48166605830193,0.03500000000000003,5.575,0,9,200
1655,328392,146.27166651189327,0.025000000000000022,4.765,0,9,200
1656,328480,137.4683333337307,0.050000000000000044,5.255,0,7,200
1657,328544,138.00833383575082,0.0050000000000000044,6.005,0,11,200
1658,328704,130.97333423420787,0.06000000000000005,5.9,0,6,200
1659,329072,143.77833364903927,0.040000000000000036,5.045,0,4,200
1660,329160,147.16333293914795,0.020000000000000018,4.97,0,5,200
1661,329592,132.07833345979452,0.030000000000000027,6.395,0,7,200
1662,329752,131.77166668698192,0.030000000000000027,5.965,0,13,200
1663,329992,145.37833339627832,0.010000000000000009,5.525,0,2,200
1664,330080,129.36666630208492,0.04500000000000004,6.31,0,6,200
1665,330144,135.44333370029926,0.025000000000000022,5.78,0,12,200
1666,330304,148.5450000083074,0.010000000000000009,4.785,0,8,200
1667,330672,142.5966666713357,0.025000000000000022,5.35,0,6,200
1668,330760,133.08833360671997,0.030000000000000027,6.005,0,11,200
1669,331192,132.79333291202784,0.03500000000000003,6.02,0,9,200
1670,331352,130.87333357334137,0.04500000000000004,5.87,0,13,200
1671,331592,139.99499902129173,0.025000000000000022,5.505,0,9,200
1672,331680,140.02500039711595,0.025000000000000022,5.415,0,8,200
1673,331744,142.5616658590734,0.020000000000000018,5.005,0,13,200
1674,331904,132.8749998807907,0.06000000000000005,5.505,0,9,200
1675,332272,141.18833332881331,0.020000000000000018,5.555,0,8,200
1676,332360,137.79333345592022,0.03500000000000003,5.72,0,6,200
1677,332792,140.79500063881278,0.040000000000000036,5.055,0,8,200
1678,332952,135.54833306744695,0.050000000000000044,5.345,0,11,200
1679,333192,136.09166686609387,0.015000000000000013,6.055,0,10,200
1680,333280,140.629999473691,0.040000000000000036,5.19,0,6,200
1681,333344,138.22666623722762,0.03500000000000003,5.53,0,6,200
1682,333504,144.98166600614786,0.015000000000000013,5.305,0,6,200
1683,333872,137.1316664768383,0.04500000000000004,5.185,0,9,200
1684,333960,138.77999910712242,0.030000000000000027,5.58,0,9,200
1685,334392,141.32000043150038,0.040000000000000036,4.95,0,8,200
1686,334552,145.20833337306976,0.020000000000000018,5.045,0,6,200
1687,334792,136.28666717465967,0.040000000000000036,5.62,0,6,200
1688,334880,139.54166598245502,0.040000000000000036,5.215,0,7,200
1689,334944,134.40999974310398,0.040000000000000036,5.7,0,10,200
1690,335104,128.44000001251698,0.06499999999999995,5.73,0,11,200
1691,335472,125.19833347853273,0.050000000000000044,5.945,0,18,200
1692,335560,126.51833227276802,0.05500000000000005,6.005,0,13,200
1693,335992,133.09833333268762,0.050000000000000044,5.435,0,13,200
1694,336152,139.11666620429605,0.04500000000000004,4.66,0,14,200
1695,336392,147.67833267897367,0.025000000000000022,4.745,0,6,200
1696,336480,138.54833402391523,0.030000000000000027,5.165,0,13,200
1697,336544,129.96666584908962,0.05500000000000005,5.92,0,9,200
1698,336704,133.5583335161209,0.03500000000000003,5.885,0,11,200
1699,337072,135.87999975681305,0.040000000000000036,5.55,0,10,200
1700,337160,143.9150001583621,0.025000000000000022,4.905,0,10,200
1701,337592,137.79666703380644,0.010000000000000009,5.05,0,22,200
1702,337752,137.04499924741685,0.030000000000000027,5.445,0,13,200
1703,337992,136.7700001820922,0.03500000000000003,5.13,0,15,200
1704,338080,131.35500012338161,0.030000000000000027,6.015,0,13,200
1705,338144,145.73833307623863,0.015000000000000013,4.805,0,12,200
1706,338304,146.8766659796238,0.025000000000000022,4.81,0,8,200
1707,338672,141.35666644200683,0.020000000000000018,5.35,0,8,200
1708,338760,130.8033338477835,0.030000000000000027,5.96,0,14,200
1709,339192,140.2416659630835,0.03500000000000003,4.945,0,13,200
1710,339352,140.01333393901587,0.03500000000000003,5.12,0,10,200
1711,339592,134.00833269953728,0.040000000000000036,5.825,0,8,200
1712,339680,140.97333405073732,0.030000000000000027,5.45,0,6,200
1713,339744,135.0149996727705,0.040000000000000036,5.595,0,9,200
1714,339904,130.07333317399025,0.06999999999999995,5.69,0,7,200
1715,340272,143.18666735943407,0.015000000000000013,5.35,0,8,200
1716,340360,142.80166627373546,0.020000000000000018,5.185,0,9,200
1717,340792,145.21833392977715,0.010000000000000009,5.315,0,7,200
1718,340952,134.77166630327702,0.040000000000000036,5.635,0,10,200
1719,341192,135.0766665302217,0.030000000000000027,5.89,0,9,200
1720,341280,140.04666642285883,0.015000000000000013,5.44,0,11,200
1721,341344,136.07666669785976,0.040000000000000036,5.5,0,11,200
1722,341504,142.70000033825636,0.020000000000000018,5.55,0,5,200
1723,341872,127.33666591346264,0.040000000000000036,5.92,0,18,200
1724,341960,136.41333316266537,0.06000000000000005,5.3,0,5,200
1725,342392,136.15666644275188,0.040000000000000036,5.17,0,12,200
1726,342552,145.5000009648502,0.010000000000000009,5.31,0,8,200
1727,342792,142.6216681599617,0.025000000000000022,5.245,0,9,200
1728,342880,125.32499995827675,0.04500000000000004,6.165,0,16,200
1729,342944,123.02166623529047,0.09999999999999998,5.485,0,12,200
1730,343104,134.98166641965508,0.05500000000000005,5.365,0,9,200
1731,343472,135.78166667371988,0.040000000000000036,5.155,0,15,200
1732,343560,140.82666678726673,0.010000000000000009,5.92,0,4,200
1733,343992,139.90666577219963,0.03500000000000003,5.62,0,3,200
1734,344152,141.8800000101328,0.03500000000000003,5.31,0,5,200
1735,344392,126.11333332955837,0.09999999999999998,5.24,0,10,200
1736,344480,135.30333349388093,0.040000000000000036,5.54,0,10,200
1737,344544,149.81999963894486,0.0,4.86,0,10,200
1738,344704,129.65833415463567,0.07499999999999996,5.615,0,8,200
1739,345072,145.32499952241778,0.015000000000000013,5.265,0,7,200
1740,345160,138.9883331656456,0.025000000000000022,5.405,0,11,200
1741,345592,139.61499948054552,0.025000000000000022,5.655,0,7,200
1742,345752,134.3216663300991,0.03500000000000003,5.815,0,10,200
1743,345992,143.1066672867164,0.025000000000000022,5.23,0,8,200
1744,346080,131.73833265900612,0.050000000000000044,5.915,0,9,200
1745,346144,142.34499944373965,0.03500000000000003,5.025,0,9,200
1746,346304,141.91000051796436,0.030000000000000027,5.07,0,9,200
1747,346672,142.34999959170818,0.015000000000000013,5.46,0,7,200
1748,346760,143.0383327230811,0.0050000000000000044,5.675,0,6,200
1749,347192,146.78166553378105,0.020000000000000018,5.065,0,5,200
1750,347352,127.62833319604397,0.05500000000000005,5.855,0,14,200
1751,347592,134.4166671782732,0.050000000000000044,5.74,0,7,200
1752,347680,129.38000007718801,0.050000000000000044,5.91,0,11,200
1753,347744,147.32500079274178,0.015000000000000013,5.025,0,7,200
1754,347904,143.7049997150898,0.03500000000000003,4.905,0,7,200
1755,348272,145.0349992737174,0.020000000000000018,5.145,0,5,200
1756,348360,143.6949994713068,0.015000000000000013,5.535,0,3,200
1757,348792,149.3433337956667,0.010000000000000009,5.12,0,5,200
1758,348952,137.52000111620873,0.03500000000000003,5.37,0,11,200
1759,349192,135.8183340197429,0.040000000000000036,5.585,0,9,200
1760,349280,145.48500022292137,0.020000000000000018,4.965,0,8,200
1761,349344,139.61500005051494,0.030000000000000027,5.445,0,7,200
1762,349504,147.33166670799255,0.010000000000000009,5.215,0,4,200
1763,349872,140.66000010073185,0.03500000000000003,5.28,0,5,200
1764,349960,135.37000015284866,0.030000000000000027,5.67,0,12,200
1765,350392,141.29666759073734,0.05500000000000005,4.96,0,5,200
1766,350552,130.8333341255784,0.05500000000000005,5.54,0,12,200
1767,350792,144.02999975904822,0.0050000000000000044,5.25,0,11,200
1768,350880,126.09666670765728,0.06999999999999995,5.8,0,12,200
1769,350944,125.43333379924297,0.06999999999999995,6.08,0,9,200
1770,351104,140.61833295226097,0.025000000000000022,5.375,0,9,200
1771,351472,140.00666649639606,0.03500000000000003,5.38,0,8,200
1772,351560,140.2683330923319,0.040000000000000036,5.255,0,8,200
1773,351992,136.4200005531311,0.025000000000000022,5.82,0,10,200
1774,352152,142.39166646357626,0.020000000000000018,5.305,0,9,200
1775,352392,134.34666646644473,0.040000000000000036,5.59,0,11,200
1776,352480,131.29166706558317,0.050000000000000044,5.935,0,8,200
1777,352544,132.29833333566785,0.030000000000000027,6.035,0,11,200
1778,352704,149.438332721591,0.010000000000000009,5.015,0,5,200
1779,353072,146.51166665181518,0.0050000000000000044,5.185,0,7,200
1780,353160,137.8333333171904,0.020000000000000018,5.87,0,7,200
1781,353592,144.02833310514688,0.010000000000000009,5.435,0,7,200
1782,353752,147.0599998831749,0.03500000000000003,4.68,0,4,200
1783,353992,134.81499968469143,0.04500000000000004,5.685,0,9,200
1784,354080,141.0599999576807,0.050000000000000044,5.01,0,4,200
1785,354144,135.104999512434,0.04500000000000004,5.535,0,10,200
1786,354304,130.04499973356724,0.05500000000000005,5.715,0,12,200
1787,354672,143.77833357453346,0.030000000000000027,5.225,0,5,200
1788,354760,141.21166636049747,0.020000000000000018,5.695,0,4,200
1789,355192,136.79833374917507,0.05500000000000005,5.495,0,4,200
1790,355352,147.0316666662693,0.015000000000000013,4.945,0,8,200
1791,355592,142.57499961555004,0.03500000000000003,5.115,0,6,200
1792,355680,149.23500028252602,0.0050000000000000044,5.145,0,4,200
1793,355744,136.9233333915472,0.04500000000000004,5.3,0,8,200
1794,355904,134.4500002041459,0.020000000000000018,6.18,0,9,200
1795,356272,130.46666703000665,0.050000000000000044,5.83,0,11,200
1796,356360,134.96166679263115,0.040000000000000036,5.725,0,7,200
1797,356792,137.75833335891366,0.030000000000000027,5.495,0,10,200
1798,356952,146.00499971210957,0.015000000000000013,5.055,0,7,200
1799,357192,146.43166655302048,0.010000000000000009,4.975,0,9,200
1800,357280,145.4899996370077,0.030000000000000027,4.77,0,8,200
1801,357344,138.8133334070444,0.03500000000000003,5.3,0,9,200
1802,357504,135.34833328425884,0.03500000000000003,5.735,0,8,200
1803,357872,122.47166726738214,0.07999999999999996,5.995,0,14,200
1804,357960,138.4066671282053,0.05500000000000005,4.9,0,9,200
1805,358392,143.06333319842815,0.025000000000000022,5.45,0,4,200
1806,358552,129.21499919891357,0.06499999999999995,5.805,0,9,200
1807,358792,132.1800006777048,0.06999999999999995,5.58,0,7,200
1808,358880,145.59833310171962,0.03500000000000003,4.955,0,5,200
1809,358944,141.51999953389168,0.030000000000000027,5.28,0,8,200
1810,359104,136.36499944329262,0.030000000000000027,5.925,0,6,200
1811,359472,134.53000004589558,0.04500000000000004,5.88,0,6,200
1812,359560,135.6033335775137,0.05500000000000005,5.45,0,4,200
1813,359992,133.13500018417835,0.04500000000000004,5.655,0,11,200
1814,360152,118.97000003606081,0.08999999999999997,6.33,0,10,200
1815,360392,131.5299999266863,0.030000000000000027,6.09,0,11,200
1816,360480,138.09499986469746,0.020000000000000018,5.835,0,7,200
1817,360544,136.52999991178513,0.04500000000000004,5.64,0,4,200
1818,360704,136.45833338424563,0.025000000000000022,6.065,0,5,200
1819,361072,136.69166630506516,0.040000000000000036,5.425,0,8,200
1820,361160,127.19833321869373,0.040000000000000036,6.155,0,13,200
1821,361592,125.97166685014963,0.05500000000000005,6.205,0,12,200
1822,361752,146.91333263739944,0.020000000000000018,4.97,0,7,200
1823,361992,141.00833363458514,0.025000000000000022,5.255,0,10,200
1824,362080,135.20000013709068,0.025000000000000022,5.97,0,9,200
1825,362144,128.89833362400532,0.06000000000000005,5.825,0,13,200
1826,362304,137.5116666853428,0.030000000000000027,5.335,0,14,200
1827,362672,138.1399998217821,0.030000000000000027,5.85,0,3,200
1828,362760,133.53666704520583,0.06000000000000005,5.32,0,9,200
1829,363192,136.85999995097518,0.020000000000000018,6.15,0,5,200
1830,363352,133.19166658818722,0.05500000000000005,5.815,0,5,200
1831,363592,136.7083330405876,0.030000000000000027,5.525,0,12,200
1832,363680,150.76333251595497,0.015000000000000013,4.61,0,7,200
1833,363744,132.26000027172267,0.06499999999999995,5.13,0,12,200
1834,363904,146.69499951601028,0.010000000000000009,5.355,0,5,200
1835,364272,145.76499941945076,0.030000000000000027,5.055,0,4,200
1836,364360,132.48333322256804,0.025000000000000022,6.05,0,13,200
1837,364792,135.6366669125855,0.025000000000000022,6.22,0,5,200
1838,364952,136.33333376049995,0.020000000000000018,5.78,0,12,200
1839,365192,140.65333422273397,0.010000000000000009,5.84,0,7,200
1840,365280,136.21166728436947,0.04500000000000004,5.875,0,2,200
1841,365344,138.4766676723957,0.030000000000000027,5.71,0,7,200
1842,365504,139.41499987244606,0.020000000000000018,5.715,0,7,200
1843,365872,139.52333322912455,0.020000000000000018,5.84,0,6,200
1844,365960,144.19500133395195,0.020000000000000018,5.475,0,4,200
1845,366392,128.06666669249535,0.05500000000000005,6.16,0,8,200
1846,366552,139.39000029861927,0.015000000000000013,6.03,0,7,200
1847,366792,142.06166590750217,0.03500000000000003,5.125,0,8,200
1848,366880,128.81333292275667,0.06999999999999995,5.54,0,10,200
1849,366944,131.9950002990663,0.06000000000000005,5.715,0,8,200
1850,367104,142.12333238124847,0.03500000000000003,5.39,0,5,200
1851,367472,134.31333330273628,0.040000000000000036,6.08,0,5,200
1852,367560,143.24333280324936,0.025000000000000022,5.39,0,6,200
1853,367992,140.8016674183309,0.025000000000000022,5.395,0,7,200
1854,368152,142.3850004374981,0.025000000000000022,5.445,0,5,200
1855,368392,131.6549996882677,0.06999999999999995,5.685,0,4,200
1856,368480,140.47999945282936,0.040000000000000036,5.1,0,8,200
1857,368544,141.1466671526432,0.025000000000000022,5.56,0,5,200
1858,368704,149.34333415329456,0.0050000000000000044,5.21,0,4,200
1859,369072,138.14000054821372,0.030000000000000027,5.76,0,6,200
1860,369160,146.10666557308286,0.0050000000000000044,5.2,0,8,200
1861,369592,140.25166701432317,0.020000000000000018,5.545,0,8,200
1862,369752,141.60499930381775,0.025000000000000022,5.625,0,4,200
1863,369992,143.22833272442222,0.030000000000000027,5.225,0,5,200
1864,370080,136.21166594326496,0.03500000000000003,5.605,0,10,200
1865,370144,122.06666587945074,0.09499999999999997,5.62,0,13,200
1866,370304,137.7649995824322,0.015000000000000013,5.955,0,10,200
1867,370672,148.61166597064584,0.020000000000000018,4.885,0,4,200
1868,370760,141.81166678946465,0.025000000000000022,5.095,0,11,200
1869,371192,139.69666557013988,0.03500000000000003,5.29,0,8,200
1870,371352,142.3333328878507,0.010000000000000009,5.63,0,7,200
1871,371592,137.97166642546654,0.040000000000000036,5.305,0,9,200
1872,371680,136.03666669130325,0.06000000000000005,5.02,0,11,200
1873,371744,131.17833338677883,0.030000000000000027,6.365,0,9,200
1874,371904,133.9549995213747,0.06000000000000005,5.385,0,10,200
1875,372272,142.3366670459509,0.015000000000000013,5.5,0,9,200
1876,372360,135.2266670241952,0.025000000000000022,5.8,0,13,200
1877,372792,144.37000048160553,0.010000000000000009,5.52,0,7,200
1878,372952,138.62499968707561,0.050000000000000044,5.265,0,7,200
1879,373192,143.91166586335748,0.015000000000000013,5.515,0,6,200
1880,373280,137.8750001937151,0.030000000000000027,5.745,0,7,200
1881,373344,133.4383331388235,0.050000000000000044,5.285,0,15,200
1882,373504,151.1849995702505,0.015000000000000013,4.905,0,3,200
1883,373872,142.90500115975738,0.020000000000000018,5.565,0,4,200
1884,373960,141.87999956309795,0.010000000000000009,5.85,0,6,200
1885,374392,153.81499995663762,0.0,4.905,0,4,200
1886,374552,146.27166649326682,0.020000000000000018,4.825,0,11,200
1887,374792,150.13833285868168,0.015000000000000013,4.985,0,3,200
1888,374880,138.70666708052158,0.040000000000000036,5.44,0,7,200
1889,374944,143.87499981280416,0.020000000000000018,5.295,0,7,200
1890,375104,138.81499956548214,0.040000000000000036,5.475,0,7,200
1891,375472,154.14499953389168,0.010000000000000009,4.755,0,2,200
1892,375560,146.75166662037373,0.025000000000000022,4.675,0,9,200
1893,375992,150.65333393216133,0.010000000000000009,4.91,0,5,200
1894,376152,141.83333373069763,0.015000000000000013,5.42,0,9,200
1895,376392,134.18166668713093,0.050000000000000044,5.395,0,14,200
1896,376480,134.11333332955837,0.06000000000000005,5.06,0,14,200
1897,376544,132.10833381861448,0.04500000000000004,5.945,0,9,200
1898,376704,135.63166741281748,0.020000000000000018,6.445,0,5,200
1899,377072,141.57833318412304,0.040000000000000036,4.955,0,9,200
1900,377160,137.54833283275366,0.050000000000000044,5.315,0,8,200
1901,377592,145.611667111516,0.020000000000000018,4.855,0,12,200
1902,377752,144.59999997913837,0.0050000000000000044,5.07,0,14,200
1903,377992,125.59333353117108,0.07499999999999996,5.84,0,11,200
1904,378080,139.77666732668877,0.03500000000000003,5.32,0,9,200
1905,378144,139.44500014930964,0.015000000000000013,5.895,0,8,200
1906,378304,148.30166552960873,0.015000000000000013,5.125,0,5,200
1907,378672,129.6316670998931,0.04500000000000004,6.085,0,12,200
1908,378760,139.3516662120819,0.04500000000000004,5.215,0,7,200
1909,379192,136.91000021994114,0.03500000000000003,5.85,0,5,200
1910,379352,125.28000054508448,0.06499999999999995,5.88,0,15,200
1911,379592,139.69666662067175,0.025000000000000022,5.62,0,7,200
1912,379680,147.7749995291233,0.025000000000000022,4.695,0,8,200
1913,379744,138.24333333969116,0.040000000000000036,5.33,0,10,200
1914,379904,133.7116656973958,0.06499999999999995,5.245,0,11,200
1915,380272,146.76166686415672,0.050000000000000044,4.495,0,4,200
1916,380360,138.94666668772697,0.050000000000000044,4.99,0,9,200
1917,380792,140.32166655361652,0.010000000000000009,5.395,0,14,200
1918,380952,133.52666672319174,0.030000000000000027,5.71,0,15,200
1919,381192,126.88833348825574,0.05500000000000005,5.885,0,13,200
1920,381280,140.5716664455831,0.030000000000000027,4.945,0,15,200
1921,381344,129.14166631177068,0.03500000000000003,6.265,0,11,200
1922,381504,149.90333306789398,0.010000000000000009,4.79,0,7,200
1923,381872,135.43166695162654,0.015000000000000013,5.665,0,17,200
1924,381960,140.0833328878507,0.020000000000000018,5.54,0,8,200
1925,382392,143.81333306245506,0.015000000000000013,5.21,0,8,200
1926,382552,140.06333412230015,0.03500000000000003,5.15,0,10,200
1927,382792,142.29833360668272,0.015000000000000013,5.195,0,13,200
1928,382880,143.15999981667846,0.010000000000000009,5.49,0,9,200
1929,382944,124.38333351910114,0.07999999999999996,5.69,0,12,200
1930,383104,143.13166714366525,0.015000000000000013,5.395,0,8,200
1931,383472,136.66666615009308,0.03500000000000003,5.38,0,13,200
1932,383560,142.42666736990213,0.020000000000000018,5.44,0,7,200
1933,383992,134.90333354473114,0.040000000000000036,5.87,0,8,200
1934,384152,130.60500010382384,0.030000000000000027,6.225,0,12,200
1935,384392,145.10833305772394,0.010000000000000009,5.105,0,11,200
1936,384480,145.27999969478697,0.020000000000000018,5.07,0,8,200
1937,384544,146.7966674119234,0.0050000000000000044,5.2,0,9,200
1938,384704,133.22500003501773,0.050000000000000044,5.325,0,14,200
1939,385072,128.13499971479177,0.040000000000000036,6.225,0,13,200
1940,385160,150.71666590496898,0.010000000000000009,4.63,0,9,200
1941,385592,141.9383339099586,0.010000000000000009,5.435,0,11,200
1942,385752,134.3566661886871,0.020000000000000018,6.04,0,12,200
1943,385992,142.66833320260048,0.020000000000000018,5.495,0,5,200
1944,386080,137.5149995572865,0.025000000000000022,5.565,0,13,200
1945,386144,135.61500043421984,0.030000000000000027,5.805,0,11,200
1946,386304,126.78999990224838,0.07499999999999996,6.06,0,7,200
1947,386672,142.98666648566723,0.015000000000000013,5.35,0,10,200
1948,386760,145.48166678845882,0.010000000000000009,5.485,0,5,200
1949,387192,149.6933336108923,0.0,5.36,0,3,200
1950,387352,147.48333249986172,0.030000000000000027,4.79,0,5,200
1951,387592,131.55500020831823,0.06000000000000005,5.655,0,9,200
1952,387680,145.81166645884514,0.04500000000000004,4.705,0,4,200
1953,387744,147.85166642814875,0.010000000000000009,5.185,0,5,200
1954,387904,148.34499947726727,0.010000000000000009,5.235,0,4,200
1955,388272,143.8333338946104,0.020000000000000018,5.36,0,7,200
1956,388360,146.57333367690444,0.010000000000000009,5.18,0,8,200
1957,388792,145.49166663642973,0.020000000000000018,5.005,0,8,200
1958,388952,145.28833343088627,0.020000000000000018,5.105,0,8,200
1959,389192,141.40666626393795,0.04500000000000004,4.84,0,9,200
1960,389280,145.79333323519677,0.015000000000000013,5.27,0,6,200
1961,389344,133.11666647344828,0.050000000000000044,5.44,0,12,200
1962,389504,137.95999993383884,0.04500000000000004,5.46,0,6,200
1963,389872,141.97833369672298,0.03500000000000003,5.195,0,7,200
1964,389960,136.1049998179078,0.03500000000000003,5.745,0,8,200
1965,390392,139.3016664236784,0.03500000000000003,5.455,0,8,200
1966,390552,143.21666625142097,0.0,5.65,0,8,200
1967,390792,149.92166689038277,0.025000000000000022,4.675,0,3,200
1968,390880,136.435000105761,0.040000000000000036,5.805,0,5,200
1969,390944,151.28166567441076,0.0050000000000000044,4.915,0,5,200
1970,391104,129.9900000989437,0.04500000000000004,5.85,0,15,200
1971,391472,137.60166715085506,0.025000000000000022,5.845,0,7,200
1972,391560,141.17166728898883,0.020000000000000018,5.665,0,4,200
1973,391992,135.31166687235236,0.040000000000000036,5.695,0,9,200
1974,392152,132.3933335840702,0.050000000000000044,5.66,0,11,200
1975,392392,137.2633337378502,0.050000000000000044,4.97,0,12,200
1976,392480,149.60333263874054,0.010000000000000009,5.09,0,2,200
1977,392544,138.76666736602783,0.025000000000000022,5.35,0,14,200
1978,392704,145.79666637536138,0.0,5.17,0,11,200
1979,393072,136.33666722476482,0.030000000000000027,5.62,0,13,200
1980,393160,138.32666692137718,0.020000000000000018,6.04,0,5,200
1981,393592,136.4500003075227,0.025000000000000022,5.7,0,11,200
1982,393752,136.35499945282936,0.015000000000000013,5.835,0,13,200
1983,393992,145.40000001713634,0.010000000000000009,5.34,0,6,200
1984,394080,138.03166664019227,0.03500000000000003,5.305,0,10,200
1985,394144,137.7600001320243,0.015000000000000013,6.03,0,7,200
1986,394304,144.37999972701073,0.04500000000000004,4.53,0,8,200
1987,394672,146.04000040888786,0.015000000000000013,5.37,0,3,200
1988,394760,138.42666613683105,0.04500000000000004,5.32,0,7,200
1989,395192,138.0500002577901,0.03500000000000003,5.37,0,10,200
1990,395352,136.2216674676165,0.010000000000000009,6.085,0,10,200
1991,395592,131.4083335325122,0.050000000000000044,5.315,0,16,200
1992,395680,144.25666618347168,0.015000000000000013,5.17,0,8,200
1993,395744,147.05500008165836,0.010000000000000009,5.145,0,5,200
1994,395904,144.87333320826292,0.0,5.54,0,6,200
1995,396272,141.98666677623987,0.0050000000000000044,5.71,0,9,200
1996,396360,151.9716658294201,0.010000000000000009,4.675,0,5,200
1997,396792,138.3416662365198,0.030000000000000027,5.755,0,5,200
1998,396952,134.96000001952052,0.03500000000000003,5.49,0,11,200
1999,397192,139.74166645482183,0.030000000000000027,5.455,0,7,200
2000,397280,141.83833375573158,0.010000000000000009,5.885,0,4,200
2001,397344,143.85333368182182,0.015000000000000013,5.42,0,5,200
2002,397504,137.49333346635103,0.025000000000000022,6.02,0,6,200
2003,397872,138.99333336949348,0.03500000000000003,5.45,0,8,200
2004,397960,141.6566673135385,0.015000000000000013,5.47,0,7,200
2005,398392,144.3933330923319,0.020000000000000018,5.06,0,8,200
2006,398552,132.40499955415726,0.03500000000000003,5.955,0,11,200
2007,398792,132.65000008046627,0.04500000000000004,5.7,0,11,200
2008,398880,132.4616668894887,0.03500000000000003,5.995,0,10,200
2009,398944,130.3783338330686,0.05500000000000005,5.615,0,13,200
2010,399104,137.51666663587093,0.010000000000000009,5.83,0,13,200
2011,399472,134.49666672945023,0.025000000000000022,5.59,0,16,200
2012,399560,134.24999981280416,0.015000000000000013,5.97,0,13,200
2013,399992,137.47499960288405,0.020000000000000018,5.925,0,7,200
