episode,timestep,reward,sla_violation,mean_replicas,crashes,flapping_incidents,length
0,48,-20.531667113304138,0.8333333333333334,4.166666666666667,1,0,6
1,88,-22.406665980815887,0.9090909090909091,4.7272727272727275,1,1,11
2,280,-28.221667110919952,0.8333333333333334,5.541666666666667,1,10,24
3,384,-23.53333313111216,0.6666666666666667,4.041666666666667,1,15,48
4,696,-43.79499945882708,0.8160919540229885,5.068965517241379,1,31,87
5,928,-10.510000263340771,0.45679012345679015,5.2592592592592595,1,24,81
6,1000,-31.733332604169846,0.9473684210526316,3.210526315789474,1,12,38
7,1048,-35.8316661901772,0.5648854961832062,7.244274809160306,1,47,131
8,1304,16.179999603889883,0.2576687116564417,7.141104294478527,1,47,163
9,1464,-23.546666495501995,0.7586206896551724,2.9655172413793105,1,15,58
10,1520,-21.0199998319149,1.0,1.7142857142857142,1,0,7
11,1600,12.840000445023179,0.235,8.88,0,92,200
12,1600,22.35333416517824,0.20999999999999996,8.87,0,85,200
13,1648,37.42666685115546,0.28500000000000003,6.37,0,73,200
14,1704,-23.47499990463257,1.0,3.0,1,3,7
15,1832,-26.568332448601723,0.8275862068965517,3.2758620689655173,1,10,29
16,1984,31.228333762846887,0.21999999999999997,7.895,0,82,200
17,2056,-23.25666654855013,0.8888888888888888,2.4444444444444446,1,4,9
18,2080,-14.768333767540753,0.35,5.183333333333334,1,29,60
19,2120,-2.651666197925806,0.38926174496644295,7.053691275167785,1,38,149
20,2360,7.335000011138618,0.3475609756097561,5.579268292682927,1,57,164
21,2472,-17.37499975785613,0.40816326530612246,6.673469387755102,1,17,49
22,2840,11.264999522827566,0.2816901408450704,5.852112676056338,1,51,142
23,2904,29.11166675016284,0.31000000000000005,7.405,0,62,200
24,2952,-29.218333597294986,0.5810810810810811,5.581081081081081,1,31,74
25,3120,58.06333348527551,0.09999999999999998,8.21,0,74,200
26,3432,-12.661666330881417,0.385,9.665,0,74,200
27,3448,-15.328333676792681,0.4193548387096774,7.919354838709677,1,13,62
28,3656,5.050000689923763,0.39,8.19,0,64,200
29,3720,28.885000265203416,0.32999999999999996,7.425,0,56,200
30,4008,-14.251665879972279,0.43181818181818177,4.795454545454546,1,15,44
31,4056,-21.92500051856041,1.0,2.5,1,1,6
32,4072,41.95166720356792,0.17500000000000004,8.455,0,72,200
33,4440,31.065000164322555,0.24,8.625,0,68,200
34,4504,30.49833355192095,0.15000000000000002,9.965,0,77,200
35,4720,25.5783336116001,0.27,8.435,0,69,200
36,5032,35.985000390559435,0.15500000000000003,9.705,0,69,200
37,5048,15.06833373568952,0.29500000000000004,9.155,0,69,200
38,5320,35.96666665934026,0.15500000000000003,9.31,0,76,200
39,5656,37.846667094156146,0.25,7.81,0,64,200
40,5672,53.73166687693447,0.08999999999999997,7.705,0,88,200
41,6040,52.63333345018327,0.15500000000000003,8.36,0,62,200
42,6104,44.33000008575618,0.16500000000000004,8.19,0,76,200
43,6320,40.54000024218112,0.19499999999999995,8.16,0,72,200
44,6632,34.365000477060676,0.21999999999999997,8.595,0,67,200
45,6648,37.26500029116869,0.21999999999999997,9.285,0,54,200
46,6920,37.51666718348861,0.14500000000000002,10.33,0,63,200
47,7256,31.583333617076278,0.20999999999999996,9.47,0,64,200
48,7272,59.78499999828637,0.12,8.835,0,54,200
49,7640,34.65000050608069,0.26,8.31,0,58,200
50,7704,15.601667142473161,0.20499999999999996,10.225,0,82,200
51,7920,53.063333542086184,0.06499999999999995,9.44,0,79,200
52,8232,24.92333367280662,0.25,9.65,0,58,200
53,8248,30.106666729785502,0.18999999999999995,9.28,0,74,200
54,8520,42.68166639376432,0.135,9.955,0,65,200
55,8856,41.50500010512769,0.17000000000000004,8.715,0,73,200
56,8872,54.53666684683412,0.08499999999999996,9.16,0,72,200
57,9240,50.438333415426314,0.14500000000000002,9.785,0,50,200
58,9304,46.93333344999701,0.09999999999999998,9.98,0,67,200
59,9520,60.79333357140422,0.050000000000000044,9.86,0,65,200
60,9832,51.37000015657395,0.14,9.42,0,57,200
61,9848,17.545000571757555,0.29000000000000004,9.645,0,60,200
62,10120,49.078333460725844,0.15500000000000003,10.295,0,44,200
63,10456,40.381667139939964,0.18500000000000005,9.505,0,63,200
64,10472,71.7266666404903,0.05500000000000005,9.46,0,52,200
65,10840,49.3350001340732,0.13,9.885,0,57,200
66,10904,48.08500057272613,0.125,9.345,0,68,200
67,11120,21.638333507813513,0.19999999999999996,10.595,0,67,200
68,11432,31.53999984730035,0.16500000000000004,10.86,0,62,200
69,11448,48.04333325475454,0.15000000000000002,10.04,0,49,200
70,11720,36.17666622251272,0.18500000000000005,11.02,0,44,200
71,12056,56.886666781269014,0.06999999999999995,10.51,0,53,200
72,12072,55.580000130459666,0.10499999999999998,10.62,0,45,200
73,12440,47.5416666707024,0.13,9.835,0,61,200
74,12504,45.531666682101786,0.15500000000000003,10.375,0,49,200
75,12720,34.51333311665803,0.16000000000000003,11.0,0,56,200
76,13032,30.909999855794013,0.21499999999999997,11.01,0,42,200
77,13048,66.95999960321933,0.07999999999999996,10.5,0,35,200
78,13320,43.86999996751547,0.19499999999999995,10.02,0,41,200
79,13656,48.896666910499334,0.135,9.67,0,61,200
80,13672,40.85166647657752,0.16000000000000003,10.255,0,52,200
81,14040,60.93999993894249,0.07999999999999996,10.35,0,48,200
82,14104,36.09500010497868,0.20999999999999996,10.035,0,51,200
83,14320,56.45999961160123,0.05500000000000005,10.8,0,54,200
84,14632,56.005000033415854,0.09999999999999998,10.215,0,50,200
85,14648,25.324999776668847,0.255,10.575,0,48,200
86,14920,65.17333288490772,0.06999999999999995,10.76,0,39,200
87,15256,47.098333443515,0.15500000000000003,10.415,0,48,200
88,15272,70.2433329867199,0.020000000000000018,11.09,0,43,200
89,15544,1.9166673552244902,0.15384615384615385,10.564102564102564,1,13,78
90,15640,34.14833344146609,0.19499999999999995,10.295,0,56,200
91,15704,49.75666631292552,0.14500000000000002,11.02,0,35,200
92,15920,57.2499999506399,0.14,10.59,0,31,200
93,16232,46.291666354984045,0.18000000000000005,10.585,0,35,200
94,16248,61.82166620809585,0.05500000000000005,11.005,0,45,200
95,16856,75.69166595116258,0.040000000000000036,10.855,0,31,200
96,16872,38.669999406673014,0.20999999999999996,11.31,0,28,200
97,17144,64.90000029280782,0.06000000000000005,10.65,0,42,200
98,17240,48.4483332419768,0.135,11.075,0,42,200
99,17304,70.27833264414221,0.05500000000000005,11.465,0,28,200
100,17520,60.31166643835604,0.08999999999999997,10.675,0,41,200
101,17824,34.30500009376556,0.1306532663316583,11.231155778894472,1,30,199
102,17848,29.645000032149255,0.21499999999999997,10.905,0,47,200
103,17936,-24.31499982625246,1.0,1.9090909090909092,1,5,11
104,18456,53.61333268601447,0.11499999999999999,10.88,0,42,200
105,18472,64.303332679905,0.06999999999999995,11.06,0,36,200
106,18568,15.479999951086938,0.021505376344086002,10.64516129032258,1,19,93
107,18744,45.518332770094275,0.17000000000000004,11.165,0,33,200
108,18840,57.11333271767944,0.09499999999999997,11.36,0,37,200
109,18904,65.24333285167813,0.07499999999999996,11.48,0,29,200
110,18928,4.0999992322176695,0.06779661016949157,10.372881355932204,1,5,59
111,19120,73.806666248478,0.06000000000000005,10.96,0,27,200
112,19536,59.14833276066929,0.10499999999999998,11.405,0,29,200
113,20072,59.6666658539325,0.13,11.11,0,24,200
114,20168,66.30333276744932,0.05500000000000005,11.45,0,33,200
115,20344,44.13333245087415,0.16500000000000004,11.36,0,32,200
116,20440,75.96833279822022,0.050000000000000044,10.895,0,25,200
117,20504,43.7016661381349,0.15500000000000003,11.215,0,41,200
118,20528,49.398332758806646,0.17500000000000004,11.225,0,23,200
119,20720,33.72999947331846,0.22999999999999998,11.34,0,32,200
120,21136,65.20666586700827,0.09999999999999998,11.5,0,20,200
121,21672,69.78666620142758,0.04500000000000004,10.81,0,40,200
122,21768,70.76166583690792,0.03500000000000003,11.545,0,31,200
123,21944,66.11166608612984,0.06000000000000005,11.215,0,34,200
124,22040,74.32833270449191,0.030000000000000027,11.465,0,27,200
125,22104,53.66333238594234,0.14500000000000002,11.33,0,24,200
126,22128,62.486665800213814,0.10499999999999998,11.38,0,24,200
127,22320,59.809999090619385,0.10999999999999999,11.4,0,25,200
128,22736,61.601666127331555,0.08999999999999997,11.125,0,31,200
129,23272,28.726665882393718,0.26,11.38,0,27,200
130,23368,54.408332855440676,0.125,11.015,0,34,200
131,23544,72.09333233721554,0.06999999999999995,11.36,0,19,200
132,23640,69.79166583623737,0.030000000000000027,11.515,0,32,200
133,23704,70.5099995015189,0.015000000000000013,11.16,0,45,200
134,23728,73.48333276808262,0.06499999999999995,10.85,0,26,200
135,23920,70.67166621237993,0.05500000000000005,10.585,0,37,200
136,24336,58.27166659478098,0.10499999999999998,10.795,0,38,200
137,24872,58.659999336116016,0.10499999999999998,11.31,0,31,200
138,24968,81.03333247732371,0.010000000000000009,11.24,0,26,200
139,25144,68.44499946106225,0.05500000000000005,11.115,0,32,200
140,25240,58.53166586626321,0.13,11.365,0,20,200
141,25304,71.82833230588585,0.050000000000000044,11.735,0,21,200
142,25328,58.47333252988756,0.125,11.51,0,23,200
143,25520,66.97999946027994,0.06000000000000005,11.31,0,32,200
144,25936,77.06833258271217,0.03500000000000003,11.435,0,21,200
145,26000,15.623333731666207,0.023809523809523836,11.119047619047619,1,8,84
146,26472,76.32666580099612,0.04500000000000004,11.47,0,19,200
147,26568,60.391666032373905,0.12,11.305,0,24,200
148,26744,30.83666596096009,0.27,11.5,0,18,200
149,26840,76.90999966487288,0.06000000000000005,11.37,0,19,200
150,26904,73.06999940145761,0.010000000000000009,11.37,0,37,200
151,27120,59.56333286035806,0.11499999999999999,11.48,0,22,200
152,27536,53.419999150559306,0.15500000000000003,11.61,0,18,200
153,27600,51.961665818467736,0.14500000000000002,11.275,0,29,200
154,28072,71.22833229787648,0.05500000000000005,11.405,0,24,200
155,28168,61.02333269268274,0.12,10.91,0,28,200
156,28344,72.82333249039948,0.040000000000000036,11.39,0,27,200
157,28440,51.85833284445107,0.14500000000000002,11.015,0,32,200
158,28504,83.89333234541118,0.015000000000000013,11.66,0,13,200
159,28720,56.4916659835726,0.10499999999999998,11.335,0,34,200
160,29136,68.2366657089442,0.07499999999999996,11.32,0,23,200
161,29200,73.31666590087116,0.030000000000000027,11.5,0,29,200
162,29672,68.40499898325652,0.06999999999999995,11.565,0,23,200
163,29768,77.12499920558184,0.020000000000000018,11.445,0,25,200
164,29944,51.84166608285159,0.14500000000000002,11.575,0,26,200
165,30040,78.66499932203442,0.040000000000000036,11.385,0,19,200
166,30104,75.13166592735797,0.04500000000000004,11.515,0,21,200
167,30320,77.67666556220502,0.030000000000000027,11.74,0,17,200
168,30736,40.0449995547533,0.21499999999999997,11.295,0,25,200
169,30800,60.85666570439935,0.12,11.68,0,16,200
170,30952,18.838333493098617,0.18918918918918914,11.358108108108109,1,10,148
171,31272,70.87166584748775,0.050000000000000044,11.485,0,25,200
172,31544,58.866666303016245,0.10999999999999999,10.9,0,34,200
173,31640,62.424999193288386,0.13,11.235,0,17,200
174,31704,67.17166571784765,0.06499999999999995,11.605,0,27,200
175,31920,77.47166617400944,0.06000000000000005,11.185,0,17,200
176,32336,66.79166591446847,0.09499999999999997,11.155,0,23,200
177,32400,69.13666575308889,0.030000000000000027,11.44,0,35,200
178,32552,50.49833263736218,0.17500000000000004,11.285,0,22,200
179,32872,65.65999945718795,0.07499999999999996,11.49,0,27,200
180,33144,77.88833267614245,0.040000000000000036,11.165,0,22,200
181,33240,62.699999389238656,0.08999999999999997,11.37,0,30,200
182,33304,63.8716658949852,0.10999999999999999,11.545,0,18,200
183,33520,80.07166614197195,0.025000000000000022,11.215,0,24,200
184,33936,59.423332534730434,0.13,11.24,0,21,200
185,34000,81.56999927107245,0.04500000000000004,11.34,0,14,200
186,34152,58.91999944392592,0.125,11.01,0,29,200
187,34472,73.73666607216,0.050000000000000044,11.38,0,24,200
188,34744,71.49999910127372,0.05500000000000005,11.61,0,20,200
189,34840,23.809999120421708,0.29500000000000004,11.49,0,21,200
190,34904,38.863332733511925,0.235,11.18,0,23,200
191,35120,75.0316658988595,0.04500000000000004,11.275,0,27,200
192,35536,63.45499924942851,0.09499999999999997,11.325,0,26,200
193,35600,47.82333285920322,0.17500000000000004,11.06,0,31,200
194,35752,69.54999949969351,0.06999999999999995,10.89,0,29,200
195,36072,72.87333253305405,0.040000000000000036,11.6,0,24,200
196,36344,44.379999375902116,0.18500000000000005,11.37,0,24,200
197,36440,55.508332387544215,0.125,11.375,0,26,200
198,36504,57.56666602008045,0.13,11.08,0,27,200
199,36720,68.71833233162761,0.07999999999999996,11.585,0,17,200
200,37136,58.40333207882941,0.135,11.78,0,13,200
201,37200,25.86333273164928,0.265,11.42,0,31,200
202,37264,-21.525000512599945,0.75,3.375,1,4,8
203,37352,77.16166553087533,0.04500000000000004,11.665,0,17,200
204,37672,13.758332589641213,0.32999999999999996,11.495,0,27,200
205,37944,76.26833273470402,0.05500000000000005,10.985,0,23,200
206,38040,65.39166575670242,0.06999999999999995,11.665,0,25,200
207,38104,48.213332664221525,0.18000000000000005,11.3,0,22,200
208,38320,71.4649994391948,0.07999999999999996,11.235,0,20,200
209,38736,59.14166575670242,0.16000000000000003,11.425,0,9,200
210,38864,61.281665639951825,0.12,11.695,0,15,200
211,38952,75.56666588690132,0.05500000000000005,11.65,0,14,200
212,39272,53.51999965775758,0.15000000000000002,11.1,0,28,200
213,39544,53.47833249159157,0.16500000000000004,11.465,0,17,200
214,39640,61.78166590910405,0.10999999999999999,11.455,0,21,200
215,39704,58.47166596259922,0.10499999999999998,11.305,0,29,200
216,39920,74.99333232175559,0.07499999999999996,11.63,0,11,200
217,40336,56.3783325124532,0.17500000000000004,11.405,0,10,200
218,40464,71.3766659758985,0.07999999999999996,11.26,0,17,200
219,40552,64.7799989907071,0.08999999999999997,11.61,0,22,200
220,40872,69.11833260953426,0.08499999999999996,11.405,0,18,200
221,41144,73.84166553989053,0.07999999999999996,11.725,0,10,200
222,41240,72.80499942041934,0.040000000000000036,11.205,0,30,200
223,41304,60.94166577979922,0.125,11.515,0,16,200
224,41520,57.52499917149544,0.14500000000000002,11.685,0,14,200
225,41936,73.6099990485236,0.07999999999999996,11.43,0,12,200
226,42064,71.85499897785485,0.06000000000000005,11.445,0,22,200
227,42152,70.18666597735137,0.06499999999999995,11.38,0,25,200
228,42472,76.07333264872432,0.05500000000000005,11.0,0,23,200
229,42600,-15.286666482686996,0.375,4.75,1,2,16
230,42744,71.21999946888536,0.050000000000000044,11.37,0,28,200
231,42840,66.67999923136085,0.11499999999999999,11.43,0,13,200
232,42904,73.80333277583122,0.040000000000000036,11.33,0,27,200
233,43120,81.10999930370599,0.025000000000000022,11.52,0,17,200
234,43536,52.3133325278759,0.17000000000000004,11.45,0,19,200
235,43664,77.7116657840088,0.050000000000000044,11.725,0,12,200
236,43752,74.92333253007382,0.07499999999999996,11.33,0,14,200
237,44200,71.64333256334066,0.05500000000000005,11.42,0,23,200
238,44344,74.43333266954869,0.06499999999999995,11.72,0,13,200
239,44440,78.00666589476168,0.040000000000000036,11.44,0,19,200
240,44504,72.50166583247483,0.04500000000000004,11.485,0,25,200
241,44720,51.74166585225612,0.17000000000000004,11.305,0,20,200
242,45136,50.63333284202963,0.15000000000000002,11.57,0,25,200
243,45264,40.643332607112825,0.22999999999999998,11.0,0,23,200
244,45352,62.92666590958834,0.09499999999999997,11.71,0,20,200
245,45800,63.26333304680884,0.07999999999999996,11.42,0,30,200
246,45944,40.30166612099856,0.22499999999999998,11.515,0,18,200
247,46040,79.76666580606252,0.040000000000000036,11.44,0,15,200
248,46104,52.1199995521456,0.18000000000000005,11.22,0,19,200
249,46320,57.93999944999814,0.15000000000000002,11.43,0,15,200
250,46736,68.5899990843609,0.07499999999999996,11.7,0,20,200
251,46864,81.58999906573445,0.025000000000000022,11.58,0,16,200
252,46952,61.76499895285815,0.13,11.595,0,14,200
253,47400,76.0833325535059,0.04500000000000004,11.51,0,20,200
254,47544,71.49499903153628,0.06999999999999995,11.685,0,14,200
255,47640,50.50499955471605,0.19999999999999996,10.875,0,19,200
256,47704,79.34166611358523,0.03500000000000003,11.515,0,19,200
257,47920,78.8866657493636,0.030000000000000027,11.56,0,19,200
258,48336,68.1949993064627,0.08499999999999996,11.505,0,20,200
259,48464,74.35999937914312,0.06000000000000005,11.34,0,20,200
260,48552,57.898332834243774,0.16000000000000003,11.315,0,15,200
261,49000,68.96166582778096,0.08499999999999996,11.515,0,17,200
262,49144,63.63999950978905,0.10499999999999998,11.49,0,21,200
263,49240,68.61666630301625,0.09499999999999997,10.96,0,22,200
264,49304,81.41333232354373,0.040000000000000036,11.39,0,12,200
265,49520,68.2916660271585,0.05500000000000005,11.275,0,33,200
266,49936,44.321666113100946,0.19499999999999995,11.335,0,23,200
267,50064,73.68999914079905,0.040000000000000036,11.4,0,26,200
268,50152,64.86333245970309,0.08999999999999997,11.42,0,23,200
269,50600,76.8633325099945,0.04500000000000004,11.33,0,21,200
270,50744,67.04999912157655,0.125,11.49,0,9,200
271,50840,63.03166591003537,0.11499999999999999,11.185,0,22,200
272,50904,81.61333243828267,0.040000000000000036,11.33,0,15,200
273,51120,74.35999907832593,0.025000000000000022,11.64,0,25,200
274,51536,74.86333275865763,0.08499999999999996,11.51,0,11,200
275,51664,63.42666629049927,0.11499999999999999,11.2,0,21,200
276,51752,63.70333248656243,0.12,11.36,0,17,200
277,52200,85.37666594423354,0.030000000000000027,11.35,0,11,200
278,52344,80.15499921701849,0.03500000000000003,11.475,0,14,200
279,52440,41.31166609283537,0.22499999999999998,11.245,0,20,200
280,52504,84.40333271957934,0.010000000000000009,11.06,0,22,200
281,52720,89.38833242096007,0.020000000000000018,11.255,0,12,200
282,53136,82.44333268795162,0.025000000000000022,11.21,0,20,200
283,53264,52.456666093319654,0.18000000000000005,11.29,0,16,200
284,53352,52.47499913908541,0.14500000000000002,11.235,0,29,200
285,53800,67.46166593302041,0.10499999999999998,11.515,0,13,200
286,53944,78.27666566614062,0.06000000000000005,11.56,0,10,200
287,54040,79.39499950129539,0.030000000000000027,11.355,0,22,200
288,54104,72.45833257492632,0.08999999999999997,11.105,0,16,200
289,54320,74.84166624769568,0.06499999999999995,10.795,0,27,200
290,54736,55.308332675136626,0.16000000000000003,11.015,0,23,200
291,54864,78.17833234462887,0.020000000000000018,11.495,0,23,200
292,54952,70.27333259768784,0.09999999999999998,11.39,0,12,200
293,55400,71.46333250124007,0.06499999999999995,11.45,0,20,200
294,55544,56.373332696035504,0.14500000000000002,11.36,0,22,200
295,55640,74.27333257347345,0.05500000000000005,11.36,0,22,200
296,55704,81.63833280093968,0.020000000000000018,11.255,0,23,200
297,55920,68.39833278674632,0.09999999999999998,11.435,0,16,200
298,56336,54.981665533035994,0.15000000000000002,11.695,0,16,200
299,56464,62.99666591826826,0.135,11.62,0,10,200
300,56552,68.69833255000412,0.11499999999999999,11.675,0,7,200
301,57000,72.19833263289183,0.08999999999999997,10.925,0,17,200
302,57144,69.58666602615267,0.08499999999999996,11.47,0,19,200
303,57240,68.42166599724442,0.08499999999999996,11.335,0,22,200
304,57304,81.03166610468179,0.030000000000000027,11.185,0,23,200
305,57520,70.38833244889975,0.08999999999999997,11.675,0,12,200
306,57936,65.13499903399497,0.125,11.655,0,10,200
307,58064,56.25666588451713,0.15000000000000002,11.59,0,17,200
308,58152,84.47499933186918,0.030000000000000027,11.355,0,12,200
309,58600,47.75166608393192,0.19499999999999995,11.365,0,17,200
310,58744,82.43166595324874,0.015000000000000013,11.215,0,24,200
311,58840,86.64833222515881,0.030000000000000027,11.615,0,5,200
312,58904,72.13666609302163,0.10499999999999998,11.17,0,12,200
313,59120,79.68333228398114,0.03500000000000003,11.66,0,14,200
314,59536,66.51166591700166,0.10999999999999999,11.545,0,13,200
315,59664,80.00833293236792,0.030000000000000027,11.345,0,23,200
316,59752,92.23333217203617,0.010000000000000009,11.6,0,5,200
317,60200,57.493332280777395,0.15000000000000002,11.66,0,12,200
318,60344,78.95333226211369,0.06000000000000005,11.6,0,8,200
319,60440,70.76166583038867,0.07999999999999996,11.425,0,18,200
320,60504,62.723332582972944,0.12,11.72,0,15,200
321,60720,73.40999923087656,0.08999999999999997,11.52,0,10,200
322,61136,75.62833264283836,0.06000000000000005,11.015,0,22,200
323,61264,82.53833239153028,0.015000000000000013,11.465,0,19,200
324,61352,73.74666577018797,0.07499999999999996,11.74,0,10,200
325,61800,91.33999903313816,0.010000000000000009,11.64,0,5,200
326,61944,87.22499908134341,0.025000000000000022,11.475,0,9,200
327,62040,72.22833238169551,0.08499999999999996,11.705,0,9,200
328,62104,81.59666598401964,0.025000000000000022,11.41,0,19,200
329,62320,75.34499917272478,0.06999999999999995,11.325,0,14,200
330,62736,66.56833259854466,0.10999999999999999,11.345,0,16,200
331,62864,55.55333246756345,0.15000000000000002,11.6,0,16,200
332,62952,83.2366659399122,0.040000000000000036,11.59,0,11,200
333,63400,90.76999891921878,0.0,11.58,0,9,200
334,63544,83.67999894078821,0.025000000000000022,11.61,0,11,200
335,63640,88.16499935463071,0.020000000000000018,11.295,0,11,200
336,63704,87.1433327216655,0.015000000000000013,11.3,0,14,200
337,63920,82.86166588123888,0.020000000000000018,11.665,0,14,200
338,64336,82.57999906968325,0.025000000000000022,11.64,0,13,200
339,64464,54.54333214927465,0.17500000000000004,11.72,0,9,200
340,64552,86.98999884724617,0.040000000000000036,11.73,0,1,200
341,65000,83.99166574701667,0.030000000000000027,11.545,0,13,200
342,65144,82.36833265330642,0.050000000000000044,11.435,0,9,200
343,65240,51.278333022259176,0.20499999999999996,10.835,0,17,200
344,65304,61.209999188780785,0.135,11.55,0,13,200
345,65520,74.24999898672104,0.06999999999999995,11.55,0,13,200
346,65936,79.59833226259798,0.050000000000000044,11.615,0,11,200
347,66064,47.35999931208789,0.21499999999999997,11.61,0,9,200
348,66152,82.90666594915092,0.030000000000000027,11.26,0,16,200
349,66600,85.75666591897607,0.015000000000000013,11.59,0,12,200
350,66744,75.66333228815347,0.06999999999999995,11.69,0,9,200
351,66840,49.78999930340797,0.21499999999999997,11.46,0,7,200
352,66904,76.51499940361828,0.05500000000000005,11.475,0,16,200
353,67120,61.671665851958096,0.14500000000000002,11.515,0,10,200
354,67536,87.74333239439875,0.015000000000000013,11.66,0,8,200
355,67664,85.83666585199535,0.020000000000000018,11.53,0,11,200
356,67752,85.12999886739999,0.030000000000000027,11.79,0,6,200
357,68200,80.70499911345541,0.04500000000000004,11.715,0,11,200
358,68344,79.32499949727207,0.06999999999999995,10.905,0,13,200
359,68440,79.97999919205904,0.050000000000000044,11.19,0,15,200
360,68504,67.59999952744693,0.12,11.13,0,15,200
361,68720,67.9449992692098,0.12,11.175,0,12,200
362,69136,77.36166581977159,0.05500000000000005,11.515,0,14,200
363,69264,63.58999915421009,0.15500000000000003,11.52,0,5,200
364,69352,80.39499945193529,0.05500000000000005,11.085,0,15,200
365,69800,70.50333252549171,0.11499999999999999,11.36,0,9,200
366,69944,83.07166576571763,0.04500000000000004,11.695,0,7,200
367,70040,85.82333230320364,0.020000000000000018,11.69,0,9,200
368,70104,89.66666586883366,0.010000000000000009,11.47,0,11,200
369,70320,87.49166606646031,0.010000000000000009,11.125,0,17,200
370,70736,35.448332572355866,0.25,11.195,0,22,200
371,70864,85.76833270303905,0.040000000000000036,11.345,0,8,200
372,70952,91.84833270963281,0.030000000000000027,10.985,0,8,200
373,71400,84.62999923992902,0.050000000000000044,11.31,0,8,200
374,71544,57.51833250839263,0.18000000000000005,11.555,0,8,200
375,71640,70.50666603632271,0.10999999999999999,11.35,0,12,200
376,71704,67.36333253327757,0.10999999999999999,11.45,0,14,200
377,71920,80.68666603136808,0.06999999999999995,11.35,0,8,200
378,72336,84.58666612952948,0.020000000000000018,11.44,0,16,200
379,72464,84.76999927684665,0.03500000000000003,11.4,0,11,200
380,72552,79.4433329179883,0.06000000000000005,11.27,0,12,200
381,73000,68.55333266314119,0.125,11.69,0,3,200
382,73144,78.84333276189864,0.08999999999999997,10.58,0,12,200
383,73240,72.04999947641045,0.09999999999999998,11.04,0,14,200
384,73304,43.81833264417946,0.235,11.525,0,10,200
385,73520,77.32499937340617,0.06499999999999995,11.115,0,17,200
386,73936,58.586666161194444,0.17500000000000004,11.14,0,11,200
387,74064,90.27999968454242,0.040000000000000036,10.44,0,13,200
388,74152,75.49333275202662,0.07499999999999996,11.45,0,12,200
389,74600,47.60833297390491,0.21499999999999997,11.285,0,16,200
390,74720,24.000000246800482,0.22702702702702704,11.05945945945946,1,11,185
391,74744,61.6866661272943,0.135,11.29,0,16,200
392,74904,64.9366658711806,0.125,11.56,0,12,200
393,75120,68.59166597388685,0.10999999999999999,10.975,0,16,200
394,75536,85.59166606608778,0.025000000000000022,11.545,0,11,200
395,75664,91.77166626043618,0.015000000000000013,11.215,0,9,200
396,75752,79.47666649334133,0.07999999999999996,10.75,0,13,200
397,76200,70.67166585382074,0.09499999999999997,11.725,0,8,200
398,76320,88.17333276662976,0.030000000000000027,11.48,0,7,200
399,76344,88.37333289254457,0.015000000000000013,11.03,0,15,200
400,76504,86.8749990016222,0.03500000000000003,11.775,0,2,200
401,76720,72.114999640733,0.12,10.275,0,19,200
402,77136,86.87833291478455,0.020000000000000018,11.315,0,14,200
403,77168,16.189999311231077,0.11650485436893199,10.776699029126213,1,8,103
404,77264,49.88666624389589,0.20999999999999996,11.5,0,10,200
405,77352,88.04333250410855,0.030000000000000027,11.6,0,6,200
406,77800,89.06166610028595,0.03500000000000003,11.065,0,7,200
407,77920,83.438332577236,0.040000000000000036,11.495,0,9,200
408,78104,82.5549993114546,0.06499999999999995,11.205,0,8,200
409,78320,68.90333249047399,0.08999999999999997,11.54,0,15,200
410,78736,70.04166597966105,0.11499999999999999,11.245,0,10,200
411,78768,63.953332867473364,0.15000000000000002,11.18,0,11,200
412,78864,84.46166625153273,0.050000000000000044,11.305,0,9,200
413,78952,92.04999956209213,0.040000000000000036,10.59,0,9,200
414,79400,62.43333255313337,0.14500000000000002,11.45,0,10,200
415,79520,84.28499944973737,0.050000000000000044,11.355,0,9,200
416,79704,87.526665950194,0.025000000000000022,11.62,0,8,200
417,79920,63.6749995034188,0.14500000000000002,11.355,0,10,200
418,80336,86.12833260186017,0.04500000000000004,11.345,0,7,200
419,80368,69.1183326812461,0.125,11.165,0,9,200
420,80464,86.28833256661892,0.040000000000000036,11.615,0,4,200
421,80552,83.46166620682925,0.04500000000000004,11.005,0,16,200
422,81000,70.98666588310152,0.12,10.96,0,11,200
423,81120,61.64833314809948,0.19499999999999995,10.295,0,13,200
424,81304,71.7866659462452,0.10499999999999998,11.44,0,7,200
425,81520,89.59166558086872,0.025000000000000022,11.545,0,4,200
426,81936,93.42333255242556,0.015000000000000013,11.45,0,3,200
427,81968,79.21666601486504,0.06999999999999995,11.02,0,13,200
428,82064,79.45833266619593,0.06000000000000005,11.525,0,10,200
429,82152,75.76999939978123,0.08999999999999997,11.28,0,10,200
430,82600,74.08666603267193,0.10999999999999999,11.38,0,5,200
431,82720,79.04833321738988,0.10999999999999999,9.635,0,19,200
432,82904,83.95833315420896,0.07999999999999996,10.295,0,14,200
433,83120,85.14833286497742,0.04500000000000004,11.195,0,11,200
434,83536,82.19166616909206,0.06499999999999995,11.275,0,8,200
435,83568,62.45333272125572,0.125,11.33,0,19,200
436,83664,51.30499941110611,0.19999999999999996,11.505,0,11,200
437,83752,60.59499970078468,0.18500000000000005,11.175,0,5,200
438,84200,31.0666663357988,0.31000000000000005,10.72,0,17,200
439,84320,73.65166604984552,0.11499999999999999,11.275,0,6,200
440,84504,81.23833282198757,0.07499999999999996,10.835,0,11,200
441,84720,81.64999937172979,0.06000000000000005,11.37,0,8,200
442,85136,80.43166628107429,0.07999999999999996,10.975,0,9,200
443,85168,83.96999948006123,0.04500000000000004,11.4,0,10,200
444,85264,69.17499911785126,0.12,11.835,0,4,200
445,85352,85.57166585512459,0.050000000000000044,11.335,0,6,200
446,85800,71.52666611410677,0.125,10.84,0,12,200
447,85920,82.21666594780982,0.05500000000000005,11.5,0,7,200
448,86104,77.40166635811329,0.07999999999999996,11.155,0,12,200
449,86320,74.62833282351494,0.10999999999999999,11.285,0,6,200
450,86736,74.67666629422456,0.11499999999999999,11.29,0,6,200
451,86768,75.58166643045843,0.11499999999999999,10.795,0,9,200
452,86864,83.75666621979326,0.06000000000000005,10.96,0,9,200
453,86952,58.42499967198819,0.19999999999999996,10.095,0,19,200
454,87400,91.64999945275486,0.020000000000000018,11.16,0,8,200
455,87520,71.62166614178568,0.10499999999999998,10.915,0,16,200
456,87704,84.83500005025417,0.06999999999999995,10.005,0,17,200
457,87920,88.9316660668701,0.030000000000000027,10.975,0,12,200
458,88336,79.94833273719996,0.07499999999999996,11.345,0,8,200
459,88368,72.8083332721144,0.12,10.715,0,14,200
460,88464,41.43833277281374,0.265,11.435,0,6,200
461,88552,87.80666592624038,0.04500000000000004,11.44,0,4,200
462,89000,81.45666625071317,0.06499999999999995,11.41,0,8,200
463,89120,89.3266661753878,0.040000000000000036,10.81,0,11,200
464,89304,71.56499974988401,0.125,10.755,0,12,200
465,89520,85.49833262804896,0.040000000000000036,11.495,0,8,200
466,89936,84.83833267260343,0.06000000000000005,11.075,0,8,200
467,89968,73.19166608154774,0.10999999999999999,11.425,0,7,200
468,90064,87.79666666965932,0.04500000000000004,10.63,0,14,200
469,90152,73.61499934550375,0.09999999999999998,11.385,0,7,200
470,90600,85.38499948196113,0.050000000000000044,10.845,0,11,200
471,90720,73.52999968547374,0.10499999999999998,10.83,0,15,200
472,90904,51.65999966301024,0.21499999999999997,11.28,0,9,200
473,91120,95.28499983344227,0.03500000000000003,10.065,0,14,200
474,91536,79.29166606720537,0.08999999999999997,11.275,0,4,200
475,91568,80.20833271835,0.07499999999999996,11.045,0,11,200
476,91664,90.34166651777923,0.04500000000000004,10.585,0,9,200
477,91752,85.12999956775457,0.050000000000000044,11.13,0,9,200
478,92200,75.78999935276806,0.11499999999999999,10.71,0,9,200
479,92320,92.15499976184219,0.020000000000000018,10.275,0,18,200
480,92504,61.1449994975701,0.14500000000000002,11.505,0,11,200
481,92720,83.68333266768605,0.040000000000000036,11.0,0,17,200
482,93136,69.76166618801653,0.125,11.275,0,9,200
483,93168,65.49333292711526,0.17000000000000004,10.61,0,10,200
484,93264,69.44666658435017,0.14,10.09,0,19,200
485,93352,82.05666632764041,0.08999999999999997,10.45,0,10,200
486,93800,63.04999940935522,0.18000000000000005,10.65,0,9,200
487,93920,60.00666631385684,0.18500000000000005,10.87,0,10,200
488,94104,77.05666660796851,0.09499999999999997,10.51,0,17,200
489,94320,87.89666656125337,0.05500000000000005,10.15,0,16,200
490,94736,59.52999977581203,0.19499999999999995,10.44,0,13,200
491,94768,67.7416662145406,0.13,11.035,0,13,200
492,94864,68.3966661253944,0.14,10.78,0,12,200
493,94952,83.05166628677398,0.040000000000000036,10.915,0,17,200
494,95400,92.18666618689895,0.015000000000000013,11.14,0,9,200
495,95520,79.81833289004862,0.06999999999999995,11.255,0,9,200
496,95704,84.62499943748116,0.050000000000000044,11.055,0,10,200
497,95920,73.76833303831518,0.11499999999999999,10.805,0,12,200
498,96336,57.48833287227899,0.21499999999999997,10.415,0,9,200
499,96368,85.68666591495275,0.03500000000000003,11.26,0,10,200
500,96464,33.42666619550437,0.29500000000000004,11.35,0,11,200
501,96552,81.46666637714952,0.050000000000000044,10.9,0,16,200
502,97000,87.23499906156212,0.010000000000000009,11.565,0,12,200
503,97120,72.39999972097576,0.08499999999999996,10.68,0,25,200
504,97304,66.64333270303905,0.125,11.48,0,9,200
505,97520,61.65499951224774,0.15000000000000002,10.935,0,16,200
506,97936,91.2366662779823,0.015000000000000013,10.78,0,15,200
507,97968,52.626666069962084,0.21999999999999997,10.84,0,10,200
508,98064,73.65999966301024,0.08499999999999996,11.04,0,17,200
509,98152,81.47999947704375,0.05500000000000005,11.04,0,13,200
510,98600,81.72166607901454,0.050000000000000044,11.185,0,13,200
511,98720,67.41833307780325,0.135,10.535,0,18,200
512,98904,76.94999990612268,0.08499999999999996,10.56,0,18,200
513,99120,91.4333326946944,0.025000000000000022,10.88,0,9,200
514,99536,83.43999962229282,0.03500000000000003,11.1,0,17,200
515,99568,63.58499943651259,0.14500000000000002,11.145,0,13,200
516,99664,82.42833281401545,0.08499999999999996,10.535,0,10,200
517,99752,59.69833266362548,0.16500000000000004,11.375,0,8,200
518,100200,84.85166635364294,0.050000000000000044,10.555,0,18,200
519,100320,59.30499944277108,0.15000000000000002,11.415,0,14,200
520,100504,73.0399995520711,0.10499999999999998,10.71,0,17,200
521,100720,91.92833307106048,0.040000000000000036,9.875,0,19,200
522,101136,78.02833262458444,0.07999999999999996,11.105,0,10,200
523,101168,86.1149996239692,0.030000000000000027,11.175,0,14,200
524,101264,82.54666633810848,0.07499999999999996,10.24,0,18,200
525,101352,91.14166657160968,0.020000000000000018,10.435,0,19,200
526,101800,76.78833298478276,0.08999999999999997,10.415,0,18,200
527,101920,84.87666626647115,0.05500000000000005,10.57,0,16,200
528,102104,92.51833312306553,0.010000000000000009,10.505,0,18,200
529,102320,79.83499937225133,0.06499999999999995,10.905,0,14,200
530,102736,97.72999954782426,0.0050000000000000044,10.89,0,6,200
531,102768,93.10666635632515,0.025000000000000022,10.57,0,14,200
532,102864,85.04833280760795,0.040000000000000036,10.955,0,14,200
533,102952,76.19333276152611,0.08499999999999996,11.12,0,12,200
534,103400,57.79666639305651,0.18000000000000005,10.72,0,17,200
535,103520,82.03166591562331,0.050000000000000044,11.395,0,11,200
536,103704,88.60000020638108,0.030000000000000027,10.44,0,20,200
537,103920,86.88666626717895,0.030000000000000027,10.78,0,17,200
538,104336,64.0416661631316,0.16000000000000003,11.005,0,7,200
539,104368,79.24333350546658,0.09499999999999997,9.83,0,23,200
540,104464,78.79333315510303,0.05500000000000005,10.61,0,24,200
541,104552,85.73166625760496,0.06499999999999995,10.615,0,9,200
542,105000,68.88333310186863,0.14,10.52,0,15,200
543,105120,88.76833295542747,0.050000000000000044,10.415,0,12,200
544,105304,84.13666653260589,0.07999999999999996,9.97,0,17,200
545,105520,92.34333303011954,0.010000000000000009,10.73,0,16,200
546,105936,84.35166648030281,0.04500000000000004,10.165,0,25,200
547,105968,86.15833261515945,0.030000000000000027,11.405,0,11,200
548,106064,79.6099992711097,0.05500000000000005,11.49,0,13,200
549,106152,64.94999937340617,0.135,11.01,0,16,200
550,106600,71.67166597954929,0.10499999999999998,11.245,0,11,200
551,106720,81.36666569579393,0.030000000000000027,11.74,0,12,200
552,106904,94.20166595093906,0.025000000000000022,10.975,0,5,200
553,107120,69.33833299484104,0.135,10.445,0,18,200
554,107536,91.42999939527363,0.015000000000000013,11.1,0,11,200
555,107568,93.79666689410806,0.040000000000000036,9.7,0,16,200
556,107664,57.49166597146541,0.17500000000000004,11.275,0,11,200
557,107752,75.9733331296593,0.125,9.77,0,18,200
558,108200,94.91333335917443,0.04500000000000004,9.74,0,15,200
559,108320,72.53833304066211,0.13,10.565,0,11,200
560,108504,85.11666595935822,0.06000000000000005,10.78,0,10,200
561,108720,82.43166626337916,0.06499999999999995,10.705,0,14,200
562,109136,83.13833263888955,0.06000000000000005,11.045,0,10,200
563,109168,58.72833324037492,0.20999999999999996,10.145,0,13,200
564,109264,87.1999996798113,0.020000000000000018,11.1,0,16,200
565,109352,77.53500009793788,0.14,9.405,0,16,200
566,109800,88.3166665583849,0.06499999999999995,9.94,0,15,200
567,109920,91.57166656944901,0.040000000000000036,10.225,0,17,200
568,110104,98.4649998806417,0.015000000000000013,10.185,0,13,200
569,110320,48.79833302460611,0.235,10.955,0,10,200
570,110736,92.8033333485946,0.025000000000000022,9.89,0,22,200
571,110768,85.95166581124067,0.040000000000000036,11.155,0,10,200
572,110864,94.38833340629935,0.06499999999999995,9.005,0,20,200
573,110952,99.62833326216787,0.03500000000000003,9.665,0,11,200
574,111400,92.41833306569606,0.03500000000000003,10.355,0,14,200
575,111520,89.59333337564021,0.09499999999999997,8.99,0,17,200
576,111704,87.9616664275527,0.07999999999999996,10.015,0,10,200
577,111920,97.3583329282701,0.0050000000000000044,10.325,0,15,200
578,112336,94.60666642989963,0.050000000000000044,9.85,0,13,200
579,112368,73.59666633419693,0.15500000000000003,10.21,0,6,200
580,112464,44.86666664108634,0.27,10.27,0,16,200
581,112552,83.03000033274293,0.09999999999999998,9.72,0,17,200
582,113000,42.51333337556571,0.30000000000000004,9.83,0,16,200
583,113120,92.89499974995852,0.020000000000000018,10.485,0,17,200
584,113304,93.7933332612738,0.06999999999999995,9.74,0,9,200
585,113520,85.3466666303575,0.12,9.43,0,10,200
586,113936,81.10999985970557,0.11499999999999999,9.51,0,16,200
587,113968,95.7783329365775,0.020000000000000018,10.355,0,14,200
588,114064,73.13833278045058,0.13,10.685,0,9,200
589,114152,88.86500027310103,0.07499999999999996,9.615,0,16,200
590,114600,85.58166694547981,0.10999999999999999,9.235,0,17,200
591,114664,65.71833434980363,0.07253886010362698,9.487046632124352,1,17,193
592,114904,93.98000008519739,0.05500000000000005,9.33,0,19,200
593,115120,79.24499951303005,0.07499999999999996,10.875,0,15,200
594,115536,73.92833335418254,0.13,10.295,0,14,200
595,115568,90.03166633658111,0.08499999999999996,9.595,0,11,200
596,115664,63.09999984968454,0.16500000000000004,11.37,0,4,200
597,115752,60.270000042393804,0.19499999999999995,10.14,0,17,200
598,116200,79.63166654482484,0.10499999999999998,10.285,0,12,200
599,116264,80.8599999025464,0.09999999999999998,10.32,0,12,200
600,116504,89.85000024456531,0.05500000000000005,9.84,0,19,200
601,116720,64.6916666040197,0.17000000000000004,10.345,0,14,200
602,117136,76.27333301771432,0.10999999999999999,10.64,0,12,200
603,117168,91.0333333555609,0.07499999999999996,10.04,0,8,200
604,117264,65.198332936503,0.17500000000000004,10.565,0,9,200
605,117352,81.94499990157783,0.08499999999999996,9.975,0,19,200
606,117800,95.47999994084239,0.020000000000000018,10.41,0,13,200
607,117864,77.58999993186444,0.12,10.56,0,9,200
608,118104,93.26166697125882,0.030000000000000027,9.835,0,20,200
609,118320,90.8700002124533,0.06499999999999995,9.48,0,17,200
610,118736,72.90999963879585,0.14500000000000002,10.02,0,14,200
611,118768,97.02666652388871,0.06499999999999995,8.8,0,17,200
612,118864,62.584999662823975,0.18999999999999995,10.575,0,8,200
613,118952,79.67500013485551,0.11499999999999999,9.495,0,19,200
614,119400,82.54166677314788,0.10999999999999999,9.325,0,18,200
615,119464,71.8466668240726,0.14,10.06,0,15,200
616,119704,79.53333336487412,0.14,8.96,0,20,200
617,119920,97.60666663106531,0.03500000000000003,9.25,0,19,200
618,120336,65.85333359148353,0.17500000000000004,9.77,0,19,200
619,120368,89.31499989703298,0.06999999999999995,9.765,0,15,200
620,120464,87.81333291530609,0.050000000000000044,10.64,0,13,200
621,120552,90.79166660550982,0.040000000000000036,9.835,0,23,200
622,121000,87.43166673928499,0.06499999999999995,9.505,0,24,200
623,121064,81.7983332965523,0.11499999999999999,9.755,0,12,200
624,121304,70.11166677810252,0.15500000000000003,10.075,0,15,200
625,121520,92.05000021401793,0.08999999999999997,9.03,0,15,200
626,121936,90.22333366796374,0.07999999999999996,9.47,0,14,200
627,121968,96.85500010941178,0.05500000000000005,9.165,0,15,200
628,122064,83.78166654426605,0.10999999999999999,9.685,0,12,200
629,122152,95.65000022854656,0.04500000000000004,9.72,0,14,200
630,122600,76.06166720949113,0.14500000000000002,9.415,0,18,200
631,122664,98.0716669941321,0.025000000000000022,9.865,0,14,200
632,122904,89.78999999724329,0.07999999999999996,9.09,0,22,200
633,123120,85.84833305701613,0.07999999999999996,10.145,0,12,200
634,123536,87.0599998421967,0.06499999999999995,10.38,0,11,200
635,123568,99.04333367757499,0.025000000000000022,9.59,0,16,200
636,123664,98.04166698362678,0.03500000000000003,9.565,0,14,200
637,123752,83.04999980982393,0.10499999999999998,9.78,0,13,200
638,124200,83.35166615620255,0.08499999999999996,10.585,0,8,200
639,124264,101.35666725225747,0.010000000000000009,9.64,0,18,200
640,124504,94.92166666965932,0.09499999999999997,8.695,0,13,200
641,124720,73.36833335459232,0.17000000000000004,9.515,0,13,200
642,125136,78.4700000807643,0.11499999999999999,9.18,0,28,200
643,125168,101.46833321079612,0.04500000000000004,8.795,0,18,200
644,125264,85.21166682243347,0.09499999999999997,9.505,0,18,200
645,125352,83.70666683744639,0.10999999999999999,9.25,0,20,200
646,125800,64.18833351321518,0.18500000000000005,9.665,0,20,200
647,125864,90.48500005714595,0.06000000000000005,9.765,0,17,200
648,126104,81.07166666444391,0.09999999999999998,9.565,0,22,200
649,126320,62.481666763313115,0.20499999999999996,9.805,0,14,200
650,126736,86.89166719187051,0.16000000000000003,8.155,0,13,200
651,126768,94.99500005040318,0.050000000000000044,9.885,0,12,200
652,126864,83.81499975174665,0.07999999999999996,9.555,0,24,200
653,126952,76.85833332967013,0.14500000000000002,9.335,0,16,200
654,127400,77.00499961338937,0.11499999999999999,10.635,0,8,200
655,127464,80.36333311721683,0.14500000000000002,9.14,0,15,200
656,127704,84.71333358436823,0.09999999999999998,9.38,0,17,200
657,127920,59.66333327628672,0.24,9.5,0,12,200
658,128280,55.19833325967193,0.17098445595854928,8.430051813471502,1,18,193
659,128368,91.32666641660035,0.06999999999999995,9.28,0,18,200
660,128464,90.13666666485369,0.09499999999999997,9.31,0,12,200
661,128552,67.49166674632579,0.19499999999999995,9.265,0,15,200
662,129000,67.18666603043675,0.17000000000000004,10.51,0,7,200
663,129064,84.48500011395663,0.10999999999999999,9.195,0,16,200
664,129304,91.54000046569854,0.06000000000000005,9.39,0,20,200
665,129520,79.35333311092108,0.10499999999999998,10.19,0,13,200
666,129880,90.43333335034549,0.06000000000000005,9.56,0,19,200
667,129968,70.43666642066091,0.17500000000000004,9.64,0,13,200
668,130064,81.2599998563528,0.11499999999999999,9.81,0,14,200
669,130152,88.62666652351618,0.07499999999999996,9.73,0,15,200
670,130600,84.88666708860546,0.12,9.04,0,16,200
671,130664,64.35666658636183,0.18999999999999995,10.36,0,10,200
672,130904,77.9450000161305,0.15500000000000003,9.315,0,13,200
673,131120,70.32000027876347,0.18000000000000005,9.42,0,16,200
674,131176,-22.043333798646927,1.0,5.428571428571429,1,0,7
675,131480,61.503332992084324,0.21999999999999997,9.56,0,13,200
676,131568,98.62833363935351,0.07499999999999996,8.645,0,14,200
677,131664,70.37666653934866,0.16500000000000004,9.88,0,11,200
678,131752,76.39333338942379,0.12,10.19,0,15,200
679,131848,35.813333032652736,0.19594594594594594,8.5,1,10,148
680,132200,73.3083330206573,0.14,9.965,0,16,200
681,132504,70.20166681520641,0.15000000000000002,9.565,0,23,200
682,132776,67.66999972239137,0.16000000000000003,10.11,0,16,200
683,133080,95.83333333209157,0.03500000000000003,9.56,0,18,200
684,133168,71.51833333447576,0.16000000000000003,9.785,0,15,200
685,133264,98.07000020053238,0.050000000000000044,8.58,0,25,200
686,133352,85.31833375059068,0.14,7.895,0,25,200
687,133448,77.96666648611426,0.16000000000000003,9.25,0,11,200
688,133800,94.27666695415974,0.05500000000000005,9.22,0,20,200
689,134104,91.5583339240402,0.09499999999999997,8.765,0,17,200
690,134376,71.52166680246592,0.16500000000000004,9.355,0,20,200
691,134680,80.65999998245388,0.08499999999999996,9.87,0,23,200
692,134768,61.09000014513731,0.22499999999999998,9.81,0,11,200
693,134864,104.62000009045005,0.025000000000000022,8.76,0,20,200
694,134952,46.57999973744154,0.265,10.44,0,13,200
695,135048,101.76666626799852,0.050000000000000044,8.83,0,15,200
696,135400,88.24166667181998,0.09999999999999998,9.235,0,14,200
697,135704,57.90333311539143,0.18500000000000005,10.76,0,17,200
698,135976,70.97666688542813,0.17000000000000004,9.58,0,16,200
699,136280,90.06999984476715,0.05500000000000005,9.72,0,18,200
700,136368,94.82833335734904,0.03500000000000003,9.665,0,18,200
701,136464,85.45166691858321,0.10999999999999999,8.575,0,25,200
702,136552,83.4316663518548,0.09499999999999997,9.985,0,12,200
703,136648,91.57499990891665,0.050000000000000044,9.825,0,18,200
704,137000,73.56666688621044,0.18500000000000005,8.83,0,15,200
705,137304,73.0066666668281,0.20999999999999996,8.95,0,7,200
706,137576,91.35833357274532,0.06000000000000005,9.485,0,19,200
707,137880,94.78000017628074,0.050000000000000044,9.15,0,21,200
708,137968,73.13333365414292,0.18999999999999995,8.87,0,16,200
709,138064,55.016666339710355,0.235,10.12,0,13,200
710,138152,115.18333383370191,0.030000000000000027,7.43,0,18,200
711,138248,94.92666669283062,0.030000000000000027,10.33,0,10,200
712,138600,92.30166701134294,0.08499999999999996,8.995,0,17,200
713,138904,66.40499996114522,0.17000000000000004,10.485,0,10,200
714,139176,98.45833343546838,0.06499999999999995,8.825,0,15,200
715,139480,72.30333286803216,0.16000000000000003,9.92,0,10,200
716,139568,90.21166664827615,0.06499999999999995,9.385,0,21,200
717,139664,80.24499987158924,0.14,9.315,0,13,200
718,139752,93.94833362102509,0.050000000000000044,9.395,0,18,200
719,139848,77.86500010173768,0.15500000000000003,8.475,0,23,200
720,140200,73.09833334106952,0.12,10.235,0,20,200
721,140504,90.91833352670074,0.05500000000000005,9.635,0,20,200
722,140776,106.12666721548885,0.06999999999999995,7.63,0,17,200
723,141080,78.29666649270803,0.135,10.0,0,10,200
724,141168,105.44000025931746,0.050000000000000044,7.8,0,21,200
725,141264,75.56000025104731,0.14500000000000002,9.33,0,20,200
726,141352,91.3266663942486,0.05500000000000005,9.67,0,20,200
727,141448,77.61499991919845,0.12,9.585,0,22,200
728,141800,98.0849999608472,0.025000000000000022,9.165,0,25,200
729,142104,85.4350002175197,0.08499999999999996,9.495,0,20,200
730,142376,92.03833368979394,0.06499999999999995,9.365,0,18,200
731,142680,97.21666678972542,0.06499999999999995,9.01,0,16,200
732,142768,105.49000009242445,0.015000000000000013,9.15,0,14,200
733,142864,89.31500010192394,0.07499999999999996,9.525,0,17,200
734,142888,42.41500014718622,0.13235294117647056,8.316176470588236,1,7,136
735,142952,90.0133335199207,0.08999999999999997,8.96,0,19,200
736,143048,65.83666651323438,0.19999999999999996,9.49,0,15,200
737,143704,69.27499992027879,0.17000000000000004,9.885,0,13,200
738,143976,99.03833314962685,0.03500000000000003,9.935,0,8,200
739,144280,79.66000001877546,0.135,8.97,0,21,200
740,144368,78.3666667835787,0.14,9.46,0,16,200
741,144464,79.57333357259631,0.135,9.29,0,16,200
742,144488,62.36000004969537,0.20999999999999996,10.02,0,12,200
743,144552,85.94000018760562,0.15000000000000002,8.01,0,21,200
744,144648,86.21833345573395,0.10999999999999999,8.825,0,21,200
745,145304,63.508333103731275,0.18500000000000005,9.995,0,18,200
746,145576,100.05666705593467,0.040000000000000036,8.8,0,22,200
747,145880,69.61833358928561,0.16500000000000004,9.665,0,18,200
748,145968,78.31999978143722,0.14500000000000002,9.24,0,19,200
749,146064,65.76833332329988,0.16500000000000004,10.175,0,20,200
750,146088,79.26666672714055,0.12,8.92,0,28,200
751,146152,79.81333340983838,0.17500000000000004,8.78,0,12,200
752,146248,91.92999977059662,0.040000000000000036,9.93,0,18,200
753,146904,51.73333306517452,0.22999999999999998,10.31,0,18,200
754,147176,89.48500074632466,0.07999999999999996,9.165,0,23,200
755,147480,89.71166709251702,0.06000000000000005,9.445,0,23,200
756,147568,90.8016666220501,0.04500000000000004,9.925,0,20,200
757,147664,82.10000024177134,0.12,9.21,0,19,200
758,147688,89.31833353731781,0.06000000000000005,10.175,0,13,200
759,147752,89.79500015825033,0.07999999999999996,9.735,0,14,200
760,147848,53.52333289850503,0.21999999999999997,10.19,0,19,200
761,148504,100.49833341501653,0.05500000000000005,8.345,0,22,200
762,148776,100.83500033430755,0.025000000000000022,8.595,0,27,200
763,149080,88.57833382301033,0.125,8.195,0,21,200
764,149168,87.32166673894972,0.10999999999999999,9.085,0,17,200
765,149264,68.81333354488015,0.17000000000000004,9.53,0,19,200
766,149288,92.69333328213543,0.050000000000000044,9.89,0,17,200
767,149352,93.37500045262277,0.07999999999999996,8.115,0,30,200
768,149448,100.0216671563685,0.03500000000000003,8.965,0,20,200
769,150104,85.84999999310821,0.08999999999999997,9.63,0,17,200
770,150376,84.08666688296944,0.16500000000000004,8.26,0,14,200
771,150680,100.6666669184342,0.06499999999999995,8.74,0,13,200
772,150768,99.07666720915586,0.07999999999999996,8.02,0,21,200
773,150864,80.6566671775654,0.15000000000000002,9.04,0,14,200
774,150888,98.93166674859822,0.06999999999999995,8.995,0,11,200
775,150952,91.42333363927901,0.10499999999999998,8.57,0,18,200
776,151048,84.01333347149193,0.08999999999999997,9.5,0,22,200
777,151704,92.53833323344588,0.05500000000000005,9.905,0,14,200
778,151976,72.38166635483503,0.19999999999999996,8.965,0,12,200
779,152280,101.36333392839879,0.050000000000000044,8.33,0,23,200
780,152368,100.78333360143006,0.05500000000000005,8.39,0,20,200
781,152464,91.20333372987807,0.15000000000000002,7.28,0,20,200
782,152488,94.0100003471598,0.06499999999999995,9.0,0,20,200
783,152552,94.37166647333652,0.09499999999999997,8.665,0,14,200
784,152648,50.635000141337514,0.275,9.495,0,16,200
785,153304,94.04666686337441,0.09999999999999998,8.56,0,15,200
786,153408,49.99166622105986,0.06382978723404253,7.99290780141844,1,18,141
787,153576,107.23833366949111,0.010000000000000009,8.705,0,21,200
788,153968,88.03666687104851,0.14,7.96,0,20,200
789,154064,72.31000002566725,0.20999999999999996,8.67,0,13,200
790,154088,91.08000035583973,0.08999999999999997,8.82,0,19,200
791,154152,106.43833369296044,0.030000000000000027,8.405,0,19,200
792,154248,57.26833327580243,0.245,9.485,0,14,200
793,154904,60.673333055339754,0.18999999999999995,10.1,0,18,200
794,155008,76.71999981533736,0.14,9.57,0,16,200
795,155176,54.75333336926997,0.28500000000000003,8.54,0,18,200
796,155568,104.46000031009316,0.07499999999999996,7.83,0,15,200
797,155664,52.148333640769124,0.265,9.575,0,15,200
798,155688,91.80666710902005,0.07999999999999996,8.95,0,18,200
799,155752,90.32000036723912,0.04500000000000004,9.39,0,28,200
800,155848,88.5766669511795,0.12,8.35,0,18,200
801,156504,87.86000005528331,0.06999999999999995,9.57,0,20,200
802,156608,72.26000031922013,0.125,9.81,0,23,200
803,156776,49.45666652172804,0.25,10.15,0,15,200
804,157168,101.95000008214265,0.020000000000000018,9.45,0,16,200
805,157264,90.49666729010642,0.10999999999999999,8.5,0,18,200
806,157288,74.3083336642012,0.14,9.455,0,21,200
807,157352,84.99833333864808,0.11499999999999999,9.155,0,17,200
808,157448,67.12333368696272,0.17500000000000004,9.44,0,24,200
809,158104,99.66000010073185,0.03500000000000003,8.79,0,25,200
810,158208,81.64333334937692,0.12,9.32,0,18,200
811,158376,82.07166691869497,0.125,9.025,0,20,200
812,158768,72.76333333551884,0.17000000000000004,9.02,0,19,200
813,158864,73.02000001538545,0.19499999999999995,8.61,0,17,200
814,158888,93.8300002515316,0.06000000000000005,9.06,0,22,200
815,158896,4.866667083464563,0.2153846153846154,7.876923076923077,1,4,65
816,158952,110.14166696276516,0.015000000000000013,8.185,0,23,200
817,159048,95.38500049058348,0.06999999999999995,8.475,0,24,200
818,159704,70.5399999730289,0.15500000000000003,9.75,0,18,200
819,159808,109.28500027302653,0.020000000000000018,7.965,0,24,200
820,160368,103.96666700020432,0.020000000000000018,9.07,0,19,200
821,160464,94.56000006198883,0.05500000000000005,9.57,0,14,200
822,160488,113.42500062379986,0.015000000000000013,7.155,0,33,200
823,160496,97.68333346676081,0.06000000000000005,8.3,0,26,200
824,160552,65.21166664734483,0.22499999999999998,8.815,0,16,200
825,160648,107.11000056378543,0.030000000000000027,8.07,0,24,200
826,161304,101.97833365388215,0.025000000000000022,8.585,0,26,200
827,161408,67.94500010926276,0.15500000000000003,9.675,0,26,200
828,161968,96.10500024817884,0.07999999999999996,8.685,0,16,200
829,162064,99.06833357270807,0.06999999999999995,8.585,0,15,200
830,162088,89.70499984920025,0.06499999999999995,9.525,0,20,200
831,162096,77.96500059496611,0.125,8.925,0,30,200
832,162152,91.12166663631797,0.11499999999999999,7.855,0,24,200
833,162248,85.844999932684,0.08499999999999996,9.855,0,15,200
834,162904,53.53500051703304,0.245,9.225,0,24,200
835,163008,110.96000017877668,0.025000000000000022,7.68,0,22,200
836,163568,100.71166670322418,0.015000000000000013,9.655,0,17,200
837,163664,82.60833315365016,0.15500000000000003,8.795,0,13,200
838,163688,82.64333319384605,0.10999999999999999,9.32,0,20,200
839,163696,81.03500015102327,0.13,8.565,0,25,200
840,163752,102.07333346363157,0.05500000000000005,8.21,0,20,200
841,163848,92.96666700579226,0.030000000000000027,9.1,0,31,200
842,164504,92.22666673455387,0.06499999999999995,9.43,0,16,200
843,164608,105.0466669825837,0.020000000000000018,8.53,0,24,200
844,164896,-13.831666618585587,0.3055555555555556,11.194444444444445,1,1,36
845,165168,48.53333319630474,0.235,10.01,0,26,200
846,165264,83.33833372872323,0.08999999999999997,9.845,0,19,200
847,165288,87.1266667554155,0.10499999999999998,8.71,0,24,200
848,165296,97.16500018909574,0.04500000000000004,8.925,0,22,200
849,165352,81.30833347234875,0.10999999999999999,9.485,0,18,200
850,165448,75.03833301179111,0.14,9.605,0,17,200
851,166104,98.7233334351331,0.040000000000000036,8.6,0,28,200
852,166496,66.52833309490234,0.18500000000000005,9.695,0,16,200
853,166768,102.59500030055642,0.06499999999999995,7.845,0,19,200
854,166864,71.36333315260708,0.16500000000000004,9.26,0,21,200
855,166888,99.23333338089287,0.030000000000000027,8.39,0,32,200
856,166896,71.92166665289551,0.17000000000000004,8.695,0,28,200
857,166952,80.69833290204406,0.135,9.185,0,17,200
858,167048,59.24999962002039,0.19999999999999996,10.14,0,18,200
859,167704,110.35666657797992,0.025000000000000022,7.81,0,25,200
860,168096,85.82333298958838,0.06499999999999995,9.95,0,21,200
861,168368,89.69833354372531,0.07999999999999996,9.095,0,21,200
862,168464,66.10333316214383,0.17500000000000004,9.77,0,19,200
863,168488,75.96666695736349,0.135,9.67,0,18,200
864,168496,74.6633331971243,0.125,9.74,0,22,200
865,168552,96.10000029299408,0.06999999999999995,8.28,0,24,200
866,168648,91.83499987144023,0.04500000000000004,9.525,0,24,200
867,169304,88.13000013399869,0.13,7.98,0,23,200
868,169696,69.54499985463917,0.17500000000000004,9.315,0,23,200
869,169968,98.52833379991353,0.050000000000000044,8.435,0,25,200
870,170064,80.47166624385864,0.11499999999999999,9.505,0,19,200
871,170088,96.44166645407677,0.06000000000000005,9.175,0,16,200
872,170096,73.39499966334552,0.135,10.185,0,14,200
873,170152,82.21333304420114,0.09999999999999998,9.77,0,17,200
874,170248,86.56666694767773,0.07499999999999996,9.52,0,26,200
875,170904,91.21333341114223,0.07999999999999996,9.38,0,16,200
876,171296,103.91666668374091,0.03500000000000003,8.74,0,17,200
877,171568,97.49333383142948,0.04500000000000004,8.84,0,24,200
878,171664,82.7799999685958,0.10499999999999998,9.45,0,20,200
879,171688,86.76833347417414,0.11499999999999999,8.675,0,22,200
880,171696,84.39333352539688,0.07999999999999996,9.56,0,24,200
881,171752,61.49999998882413,0.18500000000000005,10.2,0,18,200
882,171848,77.21499957423657,0.08999999999999997,10.515,0,20,200
883,172504,67.63833327032626,0.17000000000000004,10.115,0,14,200
884,172896,95.97000000346452,0.06999999999999995,8.97,0,17,200
885,173168,106.09833333827555,0.025000000000000022,8.255,0,26,200
886,173264,79.58500018157065,0.125,9.135,0,23,200
887,173288,100.53499998804182,0.030000000000000027,9.135,0,20,200
888,173296,75.2549995360896,0.13,9.795,0,20,200
889,173352,101.57166665513068,0.06499999999999995,8.365,0,17,200
890,173448,100.59166682884097,0.030000000000000027,8.755,0,28,200
891,174104,114.47666703816503,0.025000000000000022,7.39,0,25,200
892,174496,87.12999989558011,0.11499999999999999,8.97,0,15,200
893,174768,99.78166693542153,0.050000000000000044,9.025,0,14,200
894,174864,90.34499984048307,0.08999999999999997,9.015,0,19,200
895,174888,88.08333332743496,0.06499999999999995,9.47,0,24,200
896,174896,98.70000010821968,0.08499999999999996,7.98,0,21,200
897,174952,81.14333357941359,0.09499999999999997,9.83,0,18,200
898,175048,87.47666659299284,0.09999999999999998,8.98,0,20,200
899,175704,60.53166651725769,0.18999999999999995,10.345,0,15,200
900,176096,53.5699997600168,0.275,9.03,0,15,200
901,176368,75.0216667773202,0.17500000000000004,9.085,0,12,200
902,176464,39.37166617996991,0.30500000000000005,10.075,0,16,200
903,176488,82.73333318531513,0.11499999999999999,9.35,0,16,200
904,176496,89.62833336833864,0.07499999999999996,8.945,0,25,200
905,176552,79.35833338554949,0.10499999999999998,9.935,0,18,200
906,176648,100.17833340261132,0.050000000000000044,8.675,0,21,200
907,177304,95.4950005505234,0.040000000000000036,8.925,0,28,200
908,177696,85.16833361238241,0.08999999999999997,9.665,0,17,200
909,177744,-8.541666598059237,0.3090909090909091,9.836363636363636,1,4,55
910,177968,71.76999980863184,0.14,10.02,0,15,200
911,178064,83.55166673846543,0.125,9.085,0,16,200
912,178088,95.51333323307335,0.07499999999999996,8.6,0,21,200
913,178096,82.566666290164,0.11499999999999999,9.46,0,15,200
914,178152,90.59000041987747,0.08499999999999996,9.06,0,18,200
915,178248,97.9300003098324,0.040000000000000036,9.39,0,18,200
916,179296,105.86333341989666,0.06499999999999995,7.73,0,20,200
917,179344,72.26333324704319,0.15000000000000002,9.95,0,15,200
918,179568,64.12666599545628,0.18500000000000005,9.97,0,15,200
919,179664,74.66833296790719,0.10999999999999999,10.265,0,19,200
920,179688,90.07666704524308,0.06999999999999995,9.61,0,17,200
921,179696,101.98166714143008,0.06499999999999995,8.245,0,17,200
922,179752,87.63833341840655,0.10499999999999998,8.885,0,18,200
923,179848,79.64166667126119,0.11499999999999999,9.595,0,19,200
924,180896,79.12833335343748,0.11499999999999999,9.335,0,23,200
925,180944,82.21833307947963,0.07999999999999996,9.965,0,20,200
926,181168,85.22999963723123,0.07999999999999996,9.69,0,20,200
927,181264,107.56166625302285,0.015000000000000013,8.725,0,20,200
928,181288,65.23499990440905,0.15000000000000002,10.365,0,19,200
929,181296,87.7733330046758,0.09499999999999997,8.72,0,24,200
930,181352,72.3433331232518,0.11499999999999999,10.13,0,23,200
931,181448,102.12333331257105,0.025000000000000022,9.17,0,19,200
932,182496,83.95999987609684,0.10499999999999998,9.45,0,18,200
933,182544,68.11166666448116,0.15500000000000003,9.925,0,21,200
934,182768,84.85500007495284,0.08999999999999997,9.585,0,21,200
935,182864,104.65500003658235,0.010000000000000009,9.045,0,20,200
936,182888,92.4400004837662,0.08999999999999997,8.85,0,18,200
937,182896,102.32666642218828,0.05500000000000005,8.47,0,17,200
938,182952,91.24000004399568,0.040000000000000036,10.05,0,18,200
939,183048,75.8533335449174,0.09999999999999998,10.04,0,23,200
940,184096,87.7266670614481,0.07999999999999996,9.37,0,23,200
941,184144,53.729999804869294,0.24,9.63,0,19,200
942,184368,88.2349998485297,0.05500000000000005,10.185,0,16,200
943,184464,75.88833294156939,0.11499999999999999,10.085,0,19,200
944,184488,99.13833374902606,0.050000000000000044,8.705,0,23,200
945,184496,70.06333325710148,0.14500000000000002,10.16,0,16,200
946,184552,94.52666698209941,0.050000000000000044,9.46,0,18,200
947,184648,87.44833334721625,0.09499999999999997,9.515,0,13,200
948,185696,89.5900000911206,0.15500000000000003,7.77,0,16,200
949,185744,100.53000026661903,0.040000000000000036,8.97,0,20,200
950,185968,66.1316666668281,0.19499999999999995,9.535,0,15,200
951,186064,103.68333355430514,0.06000000000000005,8.18,0,19,200
952,186088,109.49000001512468,0.020000000000000018,8.67,0,15,200
953,186096,81.63499994110316,0.11499999999999999,9.105,0,21,200
954,186152,105.39833342842758,0.03500000000000003,8.525,0,18,200
955,186248,85.00333328358829,0.125,8.87,0,18,200
956,187296,88.7249997984618,0.10999999999999999,8.355,0,23,200
957,187344,61.6100001167506,0.19499999999999995,9.93,0,18,200
958,187568,110.0016671102494,0.040000000000000036,7.585,0,24,200
959,187664,79.37666625436395,0.12,9.46,0,20,200
960,187688,106.56333383265883,0.03500000000000003,8.36,0,18,200
961,187696,89.28499974217266,0.10999999999999999,8.595,0,18,200
962,187752,71.45166656002402,0.15500000000000003,9.715,0,16,200
963,187848,66.96333297062665,0.17000000000000004,9.74,0,20,200
964,188896,81.85333310440183,0.08499999999999996,9.77,0,21,200
965,188944,77.02333336882293,0.135,9.05,0,23,200
966,189168,95.92333331797272,0.09999999999999998,8.0,0,19,200
967,189264,104.20666723512113,0.05500000000000005,7.84,0,24,200
968,189288,83.88999975286424,0.135,8.94,0,14,200
969,189296,95.57166650798172,0.05500000000000005,9.265,0,19,200
970,189352,107.42000051029027,0.05500000000000005,7.68,0,21,200
971,189448,85.92999995034188,0.06499999999999995,9.48,0,26,200
972,190496,95.09500009473413,0.07499999999999996,8.235,0,25,200
973,190544,92.8850002642721,0.08499999999999996,8.685,0,18,200
974,190768,78.23999985866249,0.08999999999999997,10.2,0,21,200
975,190864,88.41666693612933,0.08999999999999997,8.98,0,21,200
976,190888,79.04999994020909,0.14500000000000002,8.73,0,20,200
977,190896,74.91166694648564,0.17000000000000004,8.545,0,24,200
978,190952,85.72333300113678,0.06000000000000005,10.31,0,16,200
979,191048,86.4066666085273,0.12,8.92,0,16,200
980,192096,103.33333363756537,0.015000000000000013,7.97,0,37,200
981,192144,103.1666667200625,0.025000000000000022,8.5,0,24,200
982,192368,85.91833369806409,0.15000000000000002,7.925,0,18,200
983,192464,64.52833318617195,0.15500000000000003,9.785,0,27,200
984,192488,103.98499984946102,0.050000000000000044,8.175,0,19,200
985,192496,108.2850004862994,0.12,6.675,0,12,200
986,192552,83.72166640218347,0.10499999999999998,9.625,0,13,200
987,192648,84.02833401225507,0.20499999999999996,6.815,0,20,200
988,193696,104.70333320461214,0.03500000000000003,8.51,0,19,200
989,193744,78.45500015933067,0.10999999999999999,9.765,0,20,200
990,193968,116.9783343616873,0.020000000000000018,7.805,0,15,200
991,194064,82.76166651304811,0.09499999999999997,9.355,0,23,200
992,194088,86.49666672199965,0.125,8.89,0,13,200
993,194096,85.94833308085799,0.09999999999999998,9.245,0,17,200
994,194152,96.29000015556812,0.04500000000000004,8.76,0,28,200
995,194248,108.63166648056358,0.04500000000000004,7.285,0,27,200
996,195296,84.89000021107495,0.08499999999999996,9.09,0,29,200
997,195344,103.09500007424504,0.050000000000000044,8.085,0,24,200
998,195568,70.58499973732978,0.135,10.215,0,18,200
999,195664,98.80000031087548,0.050000000000000044,8.82,0,20,200
1000,195688,88.71333351265639,0.10499999999999998,8.45,0,24,200
1001,195696,87.4183332324028,0.06000000000000005,9.515,0,25,200
1002,195752,97.18000042904168,0.10999999999999999,7.38,0,22,200
1003,195848,71.8033331502229,0.18500000000000005,8.66,0,21,200
1004,196896,91.51666615251452,0.08499999999999996,9.52,0,9,200
1005,196944,86.92333299480379,0.10999999999999999,9.14,0,15,200
1006,197168,104.36500036064535,0.03500000000000003,8.745,0,18,200
1007,197264,77.82833368051797,0.18000000000000005,8.225,0,20,200
1008,197288,120.68333354499191,0.025000000000000022,7.28,0,14,200
1009,197296,79.7016667779535,0.14500000000000002,9.355,0,11,200
1010,197352,67.06499978434294,0.16500000000000004,9.735,0,22,200
1011,197448,106.77666686754674,0.025000000000000022,8.38,0,23,200
1012,198496,86.8466666676104,0.13,8.53,0,19,200
1013,198544,88.48833374679089,0.07499999999999996,9.425,0,20,200
1014,198768,105.50999999511987,0.015000000000000013,8.97,0,19,200
1015,198864,102.84333319216967,0.06000000000000005,8.3,0,18,200
1016,198888,79.60499996412545,0.135,9.165,0,18,200
1017,198896,65.83666678331792,0.20999999999999996,8.92,0,18,200
1018,198952,87.57000007014722,0.125,8.37,0,20,200
1019,199048,74.14999986346811,0.17500000000000004,8.49,0,22,200
1020,200096,105.31666681077331,0.06499999999999995,8.05,0,16,200
1021,200144,89.64333313796669,0.09999999999999998,8.84,0,17,200
1022,200368,96.42666734568775,0.06000000000000005,8.41,0,26,200
1023,200464,104.62666691932827,0.04500000000000004,8.29,0,18,200
1024,200488,60.404999778606,0.20999999999999996,9.555,0,19,200
1025,200496,85.20166645944118,0.09999999999999998,9.625,0,14,200
1026,200552,96.4033332746476,0.06999999999999995,9.05,0,13,200
1027,200648,86.64499978814274,0.125,8.595,0,17,200
1028,201696,65.95499970763922,0.18000000000000005,9.945,0,15,200
1029,201744,55.24333342257887,0.22499999999999998,9.59,0,23,200
1030,201968,93.42499993555248,0.07999999999999996,8.985,0,16,200
1031,202064,102.7049996946007,0.07499999999999996,7.785,0,20,200
1032,202088,73.59166700392962,0.20999999999999996,7.735,0,22,200
1033,202096,101.66333415731788,0.09499999999999997,7.46,0,21,200
1034,202136,-21.4833325445652,1.0,5.2,1,0,5
1035,202152,66.85499993059784,0.20999999999999996,9.285,0,13,200
1036,202248,106.97500008996576,0.06000000000000005,7.485,0,22,200
1037,203296,104.75500051490963,0.09999999999999998,6.945,0,20,200
1038,203344,52.553333051502705,0.245,10.01,0,14,200
1039,203568,77.5683334292844,0.14,9.395,0,16,200
1040,203664,89.2433331310749,0.07499999999999996,9.47,0,19,200
1041,203688,61.72666654922068,0.28,8.02,0,13,200
1042,203736,40.593333166092634,0.28,10.52,0,14,200
1043,203752,97.44666673522443,0.10499999999999998,7.69,0,19,200
1044,203848,92.19999972078949,0.05500000000000005,10.05,0,11,200
1045,204896,65.02499982900918,0.235,8.385,0,20,200
1046,204944,63.793333417735994,0.19999999999999996,9.56,0,17,200
1047,205168,110.94666675850749,0.03500000000000003,7.66,0,20,200
1048,205264,74.0199998151511,0.17500000000000004,9.15,0,13,200
1049,205288,75.11999978031963,0.16500000000000004,9.42,0,13,200
1050,205336,93.63999981340021,0.050000000000000044,9.03,0,25,200
1051,205352,87.040000224486,0.12,8.43,0,22,200
1052,205448,97.16500020679086,0.040000000000000036,9.285,0,20,200
1053,206496,85.63166666403413,0.10499999999999998,8.905,0,22,200
1054,206544,93.79166649002582,0.04500000000000004,9.415,0,21,200
1055,206768,105.50833351816982,0.06000000000000005,7.565,0,23,200
1056,206864,101.21666677761823,0.07499999999999996,8.2,0,17,200
1057,206888,91.82166676502675,0.11499999999999999,8.425,0,16,200
1058,206936,83.21333359275013,0.15000000000000002,8.66,0,15,200
1059,206952,97.18500023614615,0.06499999999999995,8.145,0,27,200
1060,207048,74.98500020243227,0.19499999999999995,8.265,0,17,200
1061,208096,69.61000019311905,0.18000000000000005,9.18,0,20,200
1062,208144,89.80166681297123,0.135,8.185,0,14,200
1063,208368,40.48666640650481,0.29000000000000004,10.06,0,18,200
1064,208464,96.17500000726432,0.06000000000000005,8.775,0,21,200
1065,208488,60.72000019904226,0.255,8.85,0,13,200
1066,208536,65.36999966856092,0.16500000000000004,10.2,0,16,200
1067,208552,101.41166670527309,0.08499999999999996,7.915,0,17,200
1068,208648,96.91333362925798,0.09499999999999997,8.18,0,18,200
1069,209696,102.9383338149637,0.030000000000000027,9.095,0,16,200
1070,209744,57.52999955136329,0.235,9.78,0,11,200
1071,209968,78.15833354182541,0.18999999999999995,8.495,0,11,200
1072,210064,104.05833340343088,0.06499999999999995,8.135,0,15,200
1073,210088,76.52666694950312,0.16500000000000004,8.59,0,22,200
1074,210136,79.66166657209396,0.08499999999999996,10.225,0,20,200
1075,210152,83.70666699390858,0.13,8.8,0,19,200
1076,210248,104.39833373297006,0.050000000000000044,8.405,0,16,200
1077,211296,77.60833347029984,0.19499999999999995,8.165,0,16,200
1078,211344,99.8733332566917,0.05500000000000005,9.05,0,13,200
1079,211568,97.9933331599459,0.06999999999999995,8.96,0,13,200
1080,211664,83.12000001315027,0.125,9.27,0,14,200
1081,211688,82.83000025711954,0.12,8.88,0,22,200
1082,211736,84.38999993726611,0.15000000000000002,8.52,0,15,200
1083,211752,96.17499970272183,0.07499999999999996,8.865,0,16,200
1084,211848,107.42166672553867,0.04500000000000004,8.125,0,18,200
1085,212896,84.10833316855133,0.07999999999999996,9.965,0,17,200
1086,212944,95.10833302885294,0.07999999999999996,9.095,0,14,200
1087,213168,70.74000033084303,0.18999999999999995,9.36,0,12,200
1088,213264,95.58666666503996,0.09999999999999998,8.14,0,19,200
1089,213288,108.6633338322863,0.05500000000000005,8.03,0,14,200
1090,213336,97.38666648976505,0.08999999999999997,8.65,0,12,200
1091,213352,123.28500030282885,0.025000000000000022,6.855,0,16,200
1092,213448,95.4866665713489,0.05500000000000005,9.34,0,16,200
1093,214496,83.73000026959926,0.11499999999999999,9.69,0,10,200
1094,214544,107.75833355542272,0.03500000000000003,8.255,0,19,200
1095,214768,88.66166635602713,0.06999999999999995,9.745,0,16,200
1096,214864,116.4983337847516,0.06499999999999995,6.545,0,18,200
1097,214888,98.52833316568285,0.06000000000000005,9.035,0,13,200
1098,214936,74.56499967165291,0.17500000000000004,8.835,0,17,200
1099,214952,64.28833333216608,0.20999999999999996,9.425,0,17,200
1100,215048,96.78833353612572,0.07999999999999996,8.345,0,22,200
1101,216096,83.91499996278435,0.10499999999999998,9.165,0,21,200
1102,216144,78.77666676882654,0.17500000000000004,8.59,0,15,200
1103,216368,80.16166702378541,0.18000000000000005,8.245,0,15,200
1104,216464,96.70666688680649,0.06499999999999995,8.89,0,17,200
1105,216488,91.77666640840471,0.10499999999999998,8.29,0,21,200
1106,216536,83.21499962173402,0.125,9.135,0,18,200
1107,216552,104.66500015370548,0.06000000000000005,8.115,0,16,200
1108,216648,98.27999984566122,0.050000000000000044,9.21,0,15,200
1109,216672,14.178332968614995,0.11111111111111116,8.597222222222221,1,4,72
1110,217744,94.38833366055042,0.07999999999999996,8.915,0,15,200
1111,217968,99.60500034876168,0.07999999999999996,8.595,0,13,200
1112,218064,84.16333340201527,0.10499999999999998,9.59,0,17,200
1113,218088,92.35500004515052,0.18999999999999995,6.705,0,13,200
1114,218136,79.8116669813171,0.16500000000000004,8.485,0,18,200
1115,218152,90.06833363883197,0.10499999999999998,8.975,0,13,200
1116,218248,83.40333323273808,0.135,8.84,0,17,200
1117,218272,84.63333357311785,0.17000000000000004,8.0,0,16,200
1118,219344,74.5116667393595,0.18999999999999995,8.755,0,13,200
1119,219568,92.50166661664844,0.06999999999999995,9.445,0,15,200
1120,219664,96.48666667193174,0.12,7.87,0,12,200
1121,219688,92.15000036731362,0.09999999999999998,8.01,0,23,200
1122,219736,95.6750001264736,0.04500000000000004,8.955,0,25,200
1123,219752,71.80333321914077,0.21999999999999997,8.42,0,13,200
1124,219848,100.55333348177373,0.09999999999999998,7.61,0,16,200
1125,219872,89.95333344209939,0.09499999999999997,9.2,0,14,200
1126,220944,82.58166670426726,0.12,8.815,0,23,200
1127,221168,82.23999959044158,0.125,8.94,0,20,200
1128,221264,85.14500038325787,0.11499999999999999,9.045,0,19,200
1129,221288,78.92833325173706,0.15500000000000003,8.735,0,19,200
1130,221336,90.73499992396683,0.13,8.445,0,12,200
1131,221352,86.11500041093677,0.09999999999999998,9.195,0,18,200
1132,221448,105.7233335422352,0.020000000000000018,8.75,0,18,200
1133,221472,90.36499995645136,0.10999999999999999,8.505,0,17,200
1134,222544,109.41166676022112,0.04500000000000004,8.005,0,16,200
1135,222768,89.04999987315387,0.09999999999999998,9.09,0,17,200
1136,222864,87.17833342589438,0.135,8.375,0,17,200
1137,222888,89.64333316404372,0.09499999999999997,9.2,0,15,200
1138,222936,68.63666626531631,0.18999999999999995,9.67,0,10,200
1139,222952,78.6483335904777,0.15000000000000002,8.885,0,19,200
1140,223048,94.34500044118613,0.08499999999999996,8.475,0,21,200
1141,223072,98.15333344321698,0.05500000000000005,8.9,0,18,200
1142,224144,76.62000011187047,0.14500000000000002,9.72,0,11,200
1143,224368,93.43833334650844,0.09499999999999997,8.285,0,22,200
1144,224464,76.61000019218773,0.15000000000000002,9.33,0,17,200
1145,224488,109.08333345223218,0.04500000000000004,8.27,0,13,200
1146,224536,86.06833348888904,0.13,8.585,0,17,200
1147,224552,114.35500052105635,0.03500000000000003,7.485,0,18,200
1148,224648,79.98666681163013,0.17500000000000004,8.5,0,15,200
1149,224672,110.00166627205908,0.04500000000000004,8.275,0,10,200
1150,225744,73.54999935161322,0.13,10.14,0,17,200
1151,225968,81.4950001211837,0.135,9.345,0,13,200
1152,226064,92.51333338860422,0.08499999999999996,8.93,0,16,200
1153,226088,80.34333331976086,0.135,9.35,0,16,200
1154,226136,112.51500025205314,0.050000000000000044,7.845,0,11,200
1155,226152,93.94999978784472,0.08499999999999996,9.03,0,15,200
1156,226248,82.32833318877965,0.09999999999999998,10.175,0,12,200
1157,226272,78.27666693460196,0.14500000000000002,9.22,0,18,200
1158,227344,75.8666666392237,0.125,10.42,0,11,200
1159,227568,97.57999982777983,0.08999999999999997,8.58,0,14,200
1160,227664,96.51833367254585,0.06499999999999995,8.945,0,18,200
1161,227688,84.38000000361353,0.13,8.64,0,20,200
1162,227736,101.27833343762904,0.05500000000000005,8.855,0,14,200
1163,227752,63.65333329048008,0.22999999999999998,9.35,0,11,200
1164,227848,90.66333314217627,0.11499999999999999,8.42,0,18,200
1165,227872,87.52499986439943,0.12,8.955,0,14,200
1166,228944,70.92666633427143,0.18000000000000005,9.25,0,16,200
1167,229168,75.81333312485367,0.15500000000000003,9.44,0,15,200
1168,229264,93.63999980594963,0.08999999999999997,8.97,0,13,200
1169,229288,88.4466667668894,0.10999999999999999,9.1,0,13,200
1170,229336,99.57000011671335,0.10499999999999998,8.04,0,13,200
1171,229352,105.2500001611188,0.050000000000000044,8.52,0,14,200
1172,229448,107.003333510831,0.015000000000000013,8.99,0,17,200
1173,229472,91.05666624568403,0.12,9.07,0,7,200
1174,230544,106.11499993875623,0.025000000000000022,8.775,0,17,200
1175,230768,95.24166708998382,0.09499999999999997,8.755,0,12,200
1176,230864,88.06166635174304,0.125,8.695,0,16,200
1177,230888,103.64166664332151,0.04500000000000004,9.175,0,10,200
1178,230936,97.38333357777447,0.08499999999999996,8.48,0,17,200
1179,230952,76.00666688941419,0.14,9.61,0,16,200
1180,231048,100.56833311636001,0.06499999999999995,8.825,0,13,200
1181,231072,94.16833351925015,0.050000000000000044,9.725,0,15,200
1182,232144,78.81333338562399,0.13,10.1,0,10,200
1183,232368,90.9649998312816,0.14,8.715,0,7,200
1184,232464,104.55666708387434,0.06499999999999995,8.26,0,13,200
1185,232488,56.79166619665921,0.26,9.205,0,15,200
1186,232536,90.09166716132313,0.05500000000000005,9.415,0,25,200
1187,232552,95.12333308253437,0.05500000000000005,9.56,0,13,200
1188,232648,94.0949997799471,0.06000000000000005,10.035,0,7,200
1189,232672,104.20333318598568,0.050000000000000044,8.87,0,11,200
1190,233744,88.47833321709186,0.10999999999999999,9.185,0,11,200
1191,233968,90.75166661571711,0.13,8.395,0,13,200
1192,234064,65.97999999020249,0.245,8.82,0,11,200
1193,234088,99.8700000140816,0.06999999999999995,8.52,0,17,200
1194,234136,94.081666784361,0.05500000000000005,9.715,0,16,200
1195,234152,89.98499980475754,0.11499999999999999,8.625,0,16,200
1196,234248,47.18166614603251,0.275,10.315,0,12,200
1197,234272,101.28666645940393,0.07499999999999996,8.53,0,13,200
1198,235344,99.818334126845,0.10499999999999998,8.045,0,11,200
1199,235568,102.96499943826348,0.09499999999999997,8.175,0,10,200
1200,235664,73.81166741717607,0.17500000000000004,9.385,0,12,200
1201,235688,93.7483334466815,0.09499999999999997,8.825,0,16,200
1202,235736,92.62666693050414,0.09499999999999997,8.92,0,14,200
1203,235752,83.50166710931808,0.13,9.205,0,14,200
1204,235848,65.30833305325359,0.21999999999999997,9.485,0,11,200
1205,235872,113.19833320006728,0.015000000000000013,8.645,0,12,200
1206,236944,94.1000000378117,0.09999999999999998,9.27,0,8,200
1207,237104,-9.55833387374878,0.25,3.25,1,2,20
1208,237168,54.01999989338219,0.275,9.54,0,10,200
1209,237264,76.3616666411981,0.21999999999999997,8.155,0,10,200
1210,237288,99.3766666809097,0.10499999999999998,7.96,0,15,200
1211,237336,118.9383336585015,0.040000000000000036,7.775,0,5,200
1212,237352,91.89500004146248,0.07999999999999996,9.195,0,16,200
1213,237448,94.69500000216067,0.13,8.205,0,11,200
1214,237472,110.09666667785496,0.05500000000000005,8.26,0,8,200
1215,238704,81.03833330329508,0.17000000000000004,8.735,0,12,200
1216,238768,90.95500018633902,0.16000000000000003,7.605,0,15,200
1217,238864,52.60999973770231,0.25,10.05,0,15,200
1218,238888,97.28000005241483,0.06999999999999995,8.7,0,20,200
1219,238936,89.73500010557473,0.14,8.595,0,10,200
1220,238952,64.6483332272619,0.25,9.095,0,9,200
1221,239048,85.77000060677528,0.125,8.76,0,19,200
1222,239072,98.7266668183729,0.06999999999999995,8.59,0,19,200
1223,240304,74.81999983917922,0.15500000000000003,9.57,0,14,200
1224,240368,101.83999987877905,0.030000000000000027,9.03,0,19,200
1225,240464,102.55333335045725,0.06000000000000005,8.75,0,12,200
1226,240488,75.77833325881511,0.16500000000000004,9.455,0,12,200
1227,240536,112.50333349406719,0.015000000000000013,8.57,0,14,200
1228,240552,82.64000015053898,0.125,9.45,0,13,200
1229,240648,112.8000007122755,0.03500000000000003,7.98,0,15,200
1230,240672,49.706666158512235,0.30500000000000005,9.31,0,9,200
1231,241904,82.52333380002528,0.135,9.41,0,13,200
1232,241968,97.32333342079073,0.030000000000000027,9.95,0,16,200
1233,242064,94.83333358634263,0.06999999999999995,9.44,0,13,200
1234,242088,83.57000018656254,0.135,8.79,0,18,200
1235,242136,79.55833334289491,0.15000000000000002,8.975,0,18,200
1236,242152,64.05666642356664,0.21499999999999997,9.7,0,12,200
1237,242248,71.89499996602535,0.18999999999999995,9.045,0,16,200
1238,242272,102.74833354260772,0.040000000000000036,9.035,0,16,200
1239,243504,110.63000081665814,0.025000000000000022,8.88,0,10,200
1240,243568,106.63500062562525,0.06000000000000005,8.355,0,12,200
1241,243664,67.31666666828096,0.20999999999999996,9.46,0,12,200
1242,243688,84.46333337575197,0.09999999999999998,9.68,0,15,200
1243,243736,87.66999992821366,0.09999999999999998,9.33,0,16,200
1244,243752,61.88666653074324,0.19499999999999995,10.15,0,15,200
1245,243848,89.89166673272848,0.135,8.185,0,15,200
1246,243872,111.56166687607765,0.020000000000000018,8.305,0,18,200
1247,245104,96.97833333536983,0.11499999999999999,8.195,0,12,200
1248,245168,96.66666709445417,0.09999999999999998,8.62,0,11,200
1249,245264,101.58000017236918,0.07499999999999996,8.55,0,12,200
1250,245288,103.46833355538547,0.015000000000000013,9.785,0,12,200
1251,245336,91.06499997898936,0.09999999999999998,9.195,0,12,200
1252,245352,102.18166655022651,0.040000000000000036,8.995,0,17,200
1253,245448,96.30000046826899,0.050000000000000044,9.24,0,19,200
1254,245472,74.54666648805141,0.15000000000000002,9.88,0,13,200
1255,246704,88.57166678551584,0.08499999999999996,9.595,0,16,200
1256,246768,76.44499964080751,0.17000000000000004,9.135,0,14,200
1257,246864,79.76000046730042,0.15000000000000002,9.33,0,13,200
1258,246888,96.17999964393675,0.050000000000000044,9.84,0,11,200
1259,246936,121.28499968349934,0.020000000000000018,7.905,0,9,200
1260,246952,67.79166686162353,0.19499999999999995,9.865,0,11,200
1261,247048,102.80999960377812,0.06499999999999995,8.73,0,11,200
1262,247072,104.67333332169801,0.06000000000000005,8.81,0,10,200
1263,248304,116.61500011198223,0.025000000000000022,8.085,0,10,200
1264,248368,102.8850003266707,0.06499999999999995,8.505,0,16,200
1265,248464,107.87000039871782,0.06000000000000005,8.4,0,11,200
1266,248488,57.26666670572013,0.21499999999999997,10.15,0,15,200
1267,248536,93.97333347145468,0.07999999999999996,9.56,0,10,200
1268,248552,68.46166635863483,0.20499999999999996,9.445,0,10,200
1269,248648,89.47333332616836,0.125,8.81,0,12,200
1270,248672,111.9983332818374,0.030000000000000027,8.405,0,13,200
1271,249880,44.08000034186989,0.14569536423841056,8.503311258278146,1,14,151
1272,249904,83.33666673582047,0.18000000000000005,7.84,0,17,200
1273,249968,53.30833325535059,0.245,9.785,0,17,200
1274,250064,88.06833329144865,0.09499999999999997,9.665,0,14,200
1275,250088,75.7066666893661,0.15000000000000002,9.67,0,15,200
1276,250136,95.12999970559031,0.08999999999999997,8.79,0,15,200
1277,250152,90.9549999255687,0.10499999999999998,8.865,0,16,200
1278,250248,88.23000014200807,0.12,8.73,0,17,200
1279,251480,87.47666660323739,0.10999999999999999,9.43,0,12,200
1280,251504,97.10166717413813,0.10499999999999998,8.515,0,11,200
1281,251568,80.62000006251037,0.13,9.75,0,12,200
1282,251664,98.46333314944059,0.125,7.76,0,13,200
1283,251688,107.66666713915765,0.04500000000000004,8.68,0,12,200
1284,251736,77.25500021036714,0.13,9.675,0,18,200
1285,251752,100.21499997284263,0.040000000000000036,9.225,0,16,200
1286,251848,62.2933337520808,0.25,8.84,0,15,200
1287,253080,75.72833298426121,0.18999999999999995,8.825,0,11,200
1288,253104,102.46500023268163,0.07999999999999996,8.055,0,18,200
1289,253168,110.81000008899719,0.040000000000000036,8.16,0,15,200
1290,253264,58.50500028952956,0.25,9.255,0,15,200
1291,253288,98.44500024057925,0.06000000000000005,9.045,0,15,200
1292,253336,107.86499992571771,0.050000000000000044,8.415,0,11,200
1293,253352,91.88833345100284,0.10499999999999998,8.465,0,19,200
1294,253448,65.92333320248872,0.16000000000000003,10.28,0,18,200
1295,254680,114.99666679371148,0.025000000000000022,8.08,0,13,200
1296,254704,79.59833308216184,0.12,9.995,0,12,200
1297,254768,96.30500037781894,0.06999999999999995,8.745,0,18,200
1298,254864,111.266666601412,0.03500000000000003,8.11,0,16,200
1299,254888,108.8333335435018,0.05500000000000005,7.82,0,17,200
1300,254936,103.04333388712257,0.03500000000000003,9.11,0,15,200
1301,254952,54.518333037383854,0.25,9.875,0,14,200
1302,255048,108.08666701521724,0.06999999999999995,7.69,0,16,200
1303,256280,78.31333302520216,0.125,9.95,0,16,200
1304,256304,104.2000000551343,0.03500000000000003,9.36,0,11,200
1305,256368,98.26000016182661,0.10999999999999999,8.13,0,12,200
1306,256464,77.50000034086406,0.17500000000000004,8.85,0,14,200
1307,256488,105.9816663581878,0.10499999999999998,7.585,0,9,200
1308,256536,93.04999945871532,0.11499999999999999,8.43,0,15,200
1309,256552,75.8533335449174,0.19999999999999996,7.85,0,22,200
1310,256648,96.631666732952,0.125,8.095,0,11,200
1311,257880,95.61833338439465,0.10499999999999998,8.525,0,13,200
1312,257904,88.89833319094032,0.08999999999999997,9.485,0,16,200
1313,257968,94.84499985631555,0.125,7.965,0,15,200
1314,258064,90.41999975126237,0.15000000000000002,7.89,0,14,200
1315,258088,119.41833395510912,0.030000000000000027,7.955,0,7,200
1316,258136,67.71166689414531,0.19999999999999996,9.415,0,14,200
1317,258152,112.43833350203931,0.03500000000000003,8.105,0,15,200
1318,258248,86.61666683573276,0.12,8.92,0,17,200
1319,259480,94.73000018019229,0.09499999999999997,8.97,0,12,200
1320,259504,82.13666676543653,0.17000000000000004,8.62,0,14,200
1321,259568,56.21500005200505,0.27,9.195,0,13,200
1322,259664,89.41999978665262,0.13,8.82,0,12,200
1323,259688,91.29666673764586,0.15000000000000002,7.72,0,16,200
1324,259736,80.13500013295561,0.16000000000000003,8.835,0,15,200
1325,259752,84.47000022511929,0.17500000000000004,8.07,0,14,200
1326,259848,71.44499979261309,0.18000000000000005,9.495,0,15,200
1327,261080,95.02333359606564,0.09499999999999997,8.45,0,19,200
1328,261104,93.7283333549276,0.10499999999999998,8.555,0,16,200
1329,261168,79.49666663259268,0.14500000000000002,9.4,0,14,200
1330,261264,71.59333354700357,0.22999999999999998,8.66,0,9,200
1331,261288,97.67166681401432,0.12,8.035,0,12,200
1332,261336,70.3033336494118,0.19999999999999996,9.38,0,11,200
1333,261352,100.83333318959922,0.09499999999999997,8.12,0,15,200
1334,261448,89.53666645940393,0.18000000000000005,7.78,0,10,200
1335,262680,102.09500045701861,0.08499999999999996,8.475,0,10,200
1336,262704,108.00499980896711,0.09499999999999997,7.365,0,12,200
1337,262768,76.34833338297904,0.19999999999999996,8.645,0,13,200
1338,262864,54.41500031854957,0.30500000000000005,9.045,0,8,200
1339,262888,90.89833317231387,0.14500000000000002,7.835,0,15,200
1340,262936,71.96666721720248,0.21999999999999997,8.65,0,12,200
1341,262952,90.98666678182781,0.15500000000000003,7.81,0,14,200
1342,263048,103.9883335661143,0.10499999999999998,7.655,0,11,200
1343,264280,61.36333360616118,0.29500000000000004,8.06,0,12,200
1344,264304,90.35500015132129,0.16000000000000003,7.935,0,13,200
1345,264368,73.26666706893593,0.18500000000000005,9.1,0,15,200
1346,264464,61.838333167135715,0.25,9.275,0,11,200
1347,264488,50.42833318002522,0.275,9.215,0,20,200
1348,264536,98.25999998953193,0.125,7.71,0,13,200
1349,264552,91.5600005062297,0.11499999999999999,8.64,0,14,200
1350,264648,99.58000040892512,0.05500000000000005,8.64,0,21,200
1351,265880,99.76000003796071,0.10499999999999998,7.68,0,17,200
1352,265904,125.25166683923453,0.015000000000000013,7.015,0,16,200
1353,265968,91.22833362780511,0.135,7.865,0,19,200
1354,266064,101.65833356697112,0.05500000000000005,9.125,0,11,200
1355,266088,95.55000056046993,0.135,7.59,0,17,200
1356,266136,108.4000000199303,0.08999999999999997,6.93,0,19,200
1357,266152,99.9050005543977,0.08999999999999997,7.755,0,22,200
1358,266248,100.06833361275494,0.09999999999999998,8.045,0,14,200
1359,267480,94.11999997869134,0.125,7.95,0,17,200
1360,267504,86.54499994684011,0.16000000000000003,8.205,0,15,200
1361,267568,106.91333357151598,0.05500000000000005,8.42,0,14,200
1362,267664,109.66333351749927,0.07999999999999996,7.4,0,12,200
1363,267688,98.69500020053238,0.135,7.335,0,15,200
1364,267736,97.88166682608426,0.13,7.495,0,15,200
1365,267752,104.38166668638587,0.14,6.865,0,11,200
1366,267848,106.14333351980895,0.06999999999999995,8.27,0,11,200
1367,268448,31.568334240466356,0.23140495867768596,6.603305785123967,1,10,121
1368,269104,70.79500016290694,0.18000000000000005,9.765,0,13,200
1369,269168,82.23833392281085,0.17000000000000004,8.435,0,14,200
1370,269264,71.51166709605604,0.22999999999999998,8.515,0,11,200
1371,269288,102.85333382152021,0.09499999999999997,7.88,0,13,200
1372,269336,83.36666664388031,0.18000000000000005,8.47,0,8,200
1373,269352,75.43166677001864,0.17500000000000004,8.935,0,17,200
1374,269448,76.44666698295623,0.21499999999999997,8.05,0,14,200
1375,270048,107.69166669715196,0.040000000000000036,8.695,0,12,200
1376,270704,91.29000009596348,0.12,8.7,0,12,200
1377,270768,115.30500013194978,0.08499999999999996,6.855,0,10,200
1378,270864,112.02833360806108,0.030000000000000027,8.285,0,14,200
1379,270888,112.62833376135677,0.020000000000000018,8.315,0,14,200
1380,270936,106.67166696395725,0.08999999999999997,7.645,0,11,200
1381,270952,89.24666662886739,0.125,8.62,0,15,200
1382,271048,102.67166680376977,0.07499999999999996,8.245,0,16,200
1383,271648,99.66166679002345,0.08999999999999997,8.365,0,13,200
1384,272304,110.82166678644717,0.030000000000000027,8.635,0,11,200
1385,272368,106.26499987952411,0.04500000000000004,8.835,0,11,200
1386,272464,76.23166633117944,0.16500000000000004,9.265,0,14,200
1387,272488,107.96666706167161,0.07499999999999996,7.42,0,17,200
1388,272536,106.29833362810314,0.04500000000000004,8.555,0,15,200
1389,272552,90.88833325635642,0.14,8.375,0,12,200
1390,272648,92.2950001489371,0.14500000000000002,8.085,0,12,200
1391,273248,81.37166669033468,0.21499999999999997,7.795,0,10,200
1392,273904,74.89166721049696,0.20999999999999996,8.185,0,17,200
1393,273968,56.49500008113682,0.26,9.675,0,10,200
1394,274064,105.94000024907291,0.050000000000000044,8.61,0,13,200
1395,274088,103.64500030130148,0.09499999999999997,7.515,0,17,200
1396,274136,97.19666671287268,0.12,8.26,0,10,200
1397,274152,103.72000054083765,0.09999999999999998,7.83,0,10,200
1398,274248,94.03999973647296,0.14,7.77,0,15,200
1399,274848,96.90833332948387,0.15000000000000002,7.385,0,9,200
1400,275504,110.4333337340504,0.06999999999999995,7.85,0,11,200
1401,275568,104.61833291966468,0.05500000000000005,8.915,0,9,200
1402,275664,76.34833360649645,0.10999999999999999,9.965,0,22,200
1403,275688,108.69166713673621,0.06000000000000005,8.005,0,14,200
1404,275736,106.00333354528993,0.050000000000000044,8.24,0,19,200
1405,275752,92.11166631244123,0.10499999999999998,9.055,0,11,200
1406,275848,87.18000006396323,0.15500000000000003,8.43,0,10,200
1407,276448,98.79833379294723,0.09499999999999997,7.865,0,21,200
1408,277104,90.58666664920747,0.14,8.56,0,10,200
1409,277168,94.91333335638046,0.07999999999999996,8.81,0,17,200
1410,277264,103.17666701041162,0.08999999999999997,7.99,0,11,200
1411,277288,90.56499980669469,0.08499999999999996,9.315,0,17,200
1412,277336,95.38666739221662,0.14500000000000002,7.57,0,14,200
1413,277352,104.3566670930013,0.11499999999999999,7.15,0,15,200
1414,277448,82.53333318792284,0.16500000000000004,8.84,0,13,200
1415,278048,113.7266669375822,0.040000000000000036,7.78,0,16,200
1416,278704,77.03166674636304,0.20499999999999996,8.335,0,13,200
1417,278768,123.53666724916548,0.020000000000000018,6.97,0,16,200
1418,278864,108.02833343856037,0.04500000000000004,8.465,0,15,200
1419,278888,99.3083332972601,0.05500000000000005,9.095,0,16,200
1420,278936,97.0666669998318,0.08499999999999996,8.71,0,14,200
1421,278952,91.76000015717,0.125,8.4,0,13,200
1422,279048,83.13000020757318,0.125,9.06,0,20,200
1423,279648,109.21500037051737,0.06000000000000005,8.295,0,9,200
1424,280304,62.81666642520577,0.21499999999999997,9.76,0,12,200
1425,280368,91.39499990083277,0.07999999999999996,9.645,0,12,200
1426,280464,92.44666645117104,0.09999999999999998,9.1,0,13,200
1427,280488,91.28833378199488,0.135,7.985,0,17,200
1428,280536,96.12000011466444,0.125,7.92,0,15,200
1429,280552,106.9183339914307,0.08499999999999996,7.655,0,14,200
1430,280648,68.86833349242806,0.18999999999999995,9.575,0,14,200
1431,281248,106.80666704382747,0.05500000000000005,8.23,0,17,200
1432,281904,108.79999992996454,0.010000000000000009,8.94,0,17,200
1433,281968,83.09833372477442,0.15000000000000002,8.735,0,16,200
1434,282064,89.01999974157661,0.18000000000000005,7.83,0,9,200
1435,282088,76.34666662104428,0.19999999999999996,8.92,0,9,200
1436,282136,93.81333346478641,0.10499999999999998,8.42,0,17,200
1437,282152,69.6199998781085,0.21999999999999997,8.79,0,13,200
1438,282248,99.13833357114345,0.10999999999999999,8.375,0,8,200
1439,282848,84.18500011786819,0.11499999999999999,9.225,0,19,200
1440,283504,99.48166652396321,0.050000000000000044,9.295,0,13,200
1441,283568,96.74666637741029,0.08999999999999997,8.77,0,14,200
1442,283664,96.21333340462297,0.08999999999999997,8.54,0,17,200
1443,283688,98.6366667682305,0.07499999999999996,8.92,0,13,200
1444,283736,85.6016670903191,0.15000000000000002,8.395,0,16,200
1445,283752,95.36166713107377,0.09499999999999997,8.245,0,19,200
1446,283848,82.43500001262873,0.13,9.225,0,18,200
1447,284448,80.66999982204288,0.20499999999999996,8.04,0,10,200
1448,285104,95.98166687972844,0.08999999999999997,8.755,0,14,200
1449,285168,109.75166689231992,0.020000000000000018,8.665,0,15,200
1450,285264,110.11166675202549,0.020000000000000018,8.785,0,15,200
1451,285288,102.78833367489278,0.07499999999999996,8.315,0,14,200
1452,285336,88.85999994911253,0.11499999999999999,8.94,0,14,200
1453,285352,82.06499966140836,0.15000000000000002,9.015,0,11,200
1454,285448,98.29000056348741,0.10999999999999999,8.01,0,13,200
1455,286048,93.54166682530195,0.08999999999999997,8.905,0,15,200
1456,286704,65.76833330653608,0.18000000000000005,9.905,0,17,200
1457,286768,90.92333358619362,0.08999999999999997,9.14,0,16,200
1458,286864,76.44166629761457,0.17000000000000004,9.145,0,14,200
1459,286888,94.53166675101966,0.06499999999999995,9.355,0,15,200
1460,286936,107.63833307102323,0.050000000000000044,8.375,0,13,200
1461,286952,89.56333354581147,0.07499999999999996,9.62,0,18,200
1462,287048,102.32000004686415,0.10499999999999998,7.68,0,14,200
1463,287648,107.74333338718861,0.03500000000000003,8.42,0,18,200
1464,288304,113.01333318743855,0.015000000000000013,8.57,0,15,200
1465,288368,77.27333294507116,0.20999999999999996,8.24,0,11,200
1466,288464,90.06666657887399,0.125,8.47,0,17,200
1467,288488,108.07166643533856,0.04500000000000004,8.425,0,15,200
1468,288536,56.04666645824909,0.24,9.4,0,20,200
1469,288552,91.72166680078954,0.13,8.065,0,19,200
1470,288648,75.4866667771712,0.19999999999999996,8.74,0,11,200
1471,289248,89.47666712943465,0.09499999999999997,8.71,0,24,200
1472,289904,99.016666803509,0.08499999999999996,8.44,0,17,200
1473,289968,63.26833352446556,0.20499999999999996,9.905,0,14,200
1474,290064,89.2366671571508,0.125,8.74,0,14,200
1475,290088,78.99833301734179,0.10499999999999998,9.845,0,22,200
1476,290136,110.59833416994661,0.08499999999999996,7.205,0,12,200
1477,290152,99.27333331294358,0.07999999999999996,8.75,0,12,200
1478,290248,61.75666657835245,0.22499999999999998,9.4,0,17,200
1479,290848,113.69000020436943,0.030000000000000027,7.83,0,17,200
1480,291504,100.28000026848167,0.09499999999999997,8.31,0,12,200
1481,291568,106.59499981161207,0.06999999999999995,8.145,0,12,200
1482,291664,72.43833329621702,0.16000000000000003,9.635,0,17,200
1483,291688,100.35666693560779,0.09499999999999997,8.2,0,13,200
1484,291736,117.28833354543895,0.025000000000000022,7.505,0,17,200
1485,291752,87.50333313457668,0.14500000000000002,8.6,0,11,200
1486,291848,76.75000009778887,0.19499999999999995,8.04,0,20,200
1487,292448,113.97833399660885,0.03500000000000003,7.415,0,21,200
1488,293104,67.75999969337136,0.18999999999999995,9.72,0,13,200
1489,293168,92.45500065851957,0.10999999999999999,8.325,0,18,200
1490,293264,107.04166644345969,0.06999999999999995,7.585,0,17,200
1491,293288,101.85666716005653,0.09999999999999998,7.75,0,14,200
1492,293336,103.19333380367607,0.06999999999999995,8.21,0,16,200
1493,293352,95.52999985031784,0.10999999999999999,8.04,0,16,200
1494,293448,83.81166672799736,0.17000000000000004,8.515,0,9,200
1495,294048,87.67333344742656,0.10499999999999998,9.2,0,17,200
1496,294704,101.72666707914323,0.125,7.33,0,12,200
1497,294768,115.14166700001806,0.05500000000000005,6.955,0,18,200
1498,294864,95.47833318449557,0.08999999999999997,8.285,0,20,200
1499,294888,108.67166706454009,0.025000000000000022,8.095,0,24,200
1500,294936,103.88999944645911,0.06499999999999995,8.52,0,13,200
1501,294952,90.47000023536384,0.10999999999999999,9.0,0,13,200
1502,295048,94.57000003196299,0.07499999999999996,8.94,0,17,200
1503,295648,75.8199998633936,0.15500000000000003,9.45,0,15,200
1504,296304,88.51833315100521,0.17000000000000004,7.985,0,10,200
1505,296368,66.52666688803583,0.21499999999999997,9.1,0,15,200
1506,296464,76.25666684191674,0.16000000000000003,8.98,0,19,200
1507,296488,82.7549998331815,0.18500000000000005,7.965,0,14,200
1508,296536,113.32666648365557,0.03500000000000003,7.99,0,15,200
1509,296552,84.24333347100765,0.18000000000000005,8.09,0,11,200
1510,296648,108.25333368219435,0.10499999999999998,6.98,0,11,200
1511,297248,81.62000024039298,0.14500000000000002,9.03,0,16,200
1512,297904,94.83833345863968,0.10999999999999999,8.375,0,14,200
1513,297968,89.0300001995638,0.15500000000000003,7.8,0,16,200
1514,298064,108.28166688699275,0.040000000000000036,8.395,0,15,200
1515,298088,124.68333354592323,0.020000000000000018,7.28,0,12,200
1516,298136,110.30333364289254,0.06999999999999995,7.43,0,16,200
1517,298152,97.635000186041,0.08499999999999996,8.385,0,16,200
1518,298248,123.11666670814157,0.020000000000000018,7.45,0,11,200
1519,298848,85.43499963916838,0.13,9.015,0,14,200
1520,299504,103.98500043246895,0.04500000000000004,8.715,0,17,200
1521,299568,100.83666703756899,0.10999999999999999,7.45,0,16,200
1522,299664,88.85500049497932,0.16500000000000004,8.325,0,7,200
1523,299688,91.72999995294958,0.125,8.64,0,11,200
1524,299736,104.36166674178094,0.05500000000000005,8.545,0,14,200
1525,299752,62.25499994587153,0.21499999999999997,9.825,0,14,200
1526,299848,73.53833347931504,0.17500000000000004,9.155,0,17,200
1527,300448,73.79833340458572,0.16000000000000003,9.095,0,21,200
1528,301104,79.91499986499548,0.15500000000000003,9.015,0,15,200
1529,301168,107.08666688762605,0.08999999999999997,7.24,0,17,200
1530,301264,94.48833355400711,0.10499999999999998,8.675,0,15,200
1531,301288,111.40166656393558,0.10499999999999998,6.955,0,9,200
1532,301336,106.84166664071381,0.08499999999999996,7.945,0,10,200
1533,301352,75.50166633632034,0.19999999999999996,8.815,0,10,200
1534,301448,94.17333369143307,0.13,7.79,0,16,200
1535,302048,81.62833289802074,0.13,9.245,0,17,200
1536,302704,100.23833339102566,0.11499999999999999,7.745,0,13,200
1537,302768,70.26500000804663,0.19499999999999995,9.105,0,15,200
1538,302864,99.12333337776363,0.08499999999999996,8.57,0,14,200
1539,302888,101.34499993734062,0.06999999999999995,8.235,0,18,200
1540,302936,121.37666690349579,0.025000000000000022,7.3,0,16,200
1541,302952,102.503333915025,0.06000000000000005,8.42,0,18,200
1542,303048,100.13666718546301,0.09499999999999997,8.35,0,13,200
1543,303648,78.36666724737734,0.14,9.16,0,20,200
1544,304304,94.11999997496605,0.13,8.07,0,14,200
1545,304368,108.76833362597972,0.050000000000000044,8.045,0,18,200
1546,304464,110.5866669099778,0.07499999999999996,7.63,0,12,200
1547,304488,59.58833304513246,0.255,9.485,0,8,200
1548,304536,100.7566664647311,0.10999999999999999,8.2,0,8,200
1549,304552,104.395000574179,0.06499999999999995,8.415,0,14,200
1550,304648,104.91333360411227,0.06999999999999995,8.24,0,15,200
1551,305248,97.88833350688219,0.09999999999999998,8.495,0,12,200
1552,305904,72.46666641160846,0.20999999999999996,8.98,0,10,200
1553,305968,101.97166662290692,0.08499999999999996,8.395,0,12,200
1554,306064,93.55333323869854,0.06499999999999995,9.74,0,13,200
1555,306088,109.25000048521906,0.03500000000000003,8.55,0,15,200
1556,306136,99.76166712120175,0.08499999999999996,8.425,0,16,200
1557,306152,104.94833328109235,0.06499999999999995,8.555,0,12,200
1558,306248,85.04499998409301,0.125,9.285,0,14,200
1559,306848,97.57833325117826,0.07999999999999996,8.855,0,15,200
1560,307504,100.57333323266357,0.06999999999999995,8.84,0,14,200
1561,307568,69.24333317670971,0.18500000000000005,9.53,0,15,200
1562,307664,89.04666645172983,0.08999999999999997,9.82,0,11,200
1563,307688,106.58500006236136,0.030000000000000027,8.985,0,16,200
1564,307736,93.68666638620198,0.09499999999999997,8.92,0,14,200
1565,307752,98.95499992091209,0.11499999999999999,8.265,0,9,200
1566,307848,68.21499985083938,0.19499999999999995,9.615,0,14,200
1567,308448,106.26000043936074,0.03500000000000003,8.94,0,13,200
1568,309104,121.30166700761765,0.04500000000000004,7.165,0,12,200
1569,309168,95.91166697163135,0.12,8.455,0,8,200
1570,309264,107.75333354715258,0.06000000000000005,8.3,0,13,200
1571,309288,84.13833380956203,0.15500000000000003,8.585,0,14,200
1572,309336,59.17333313822746,0.19999999999999996,10.61,0,13,200
1573,309352,100.92833346035331,0.10999999999999999,7.895,0,11,200
1574,309448,115.06833377853036,0.050000000000000044,7.625,0,14,200
1575,310048,107.48833342920989,0.06000000000000005,8.315,0,11,200
1576,310704,82.56833345536143,0.11499999999999999,9.575,0,16,200
1577,310768,81.28833301179111,0.17000000000000004,8.855,0,10,200
1578,310864,101.25999995321035,0.04500000000000004,8.91,0,19,200
1579,310888,106.2033337187022,0.025000000000000022,9.32,0,13,200
1580,310936,95.0333334421739,0.07499999999999996,9.2,0,13,200
1581,310952,104.3000001590699,0.06999999999999995,8.37,0,13,200
1582,311048,66.17499997094274,0.16500000000000004,10.215,0,18,200
1583,311648,72.42166705895215,0.18999999999999995,9.145,0,16,200
1584,312304,104.96833299845457,0.050000000000000044,8.795,0,14,200
1585,312368,72.4916667630896,0.18500000000000005,9.385,0,12,200
1586,312464,106.364999698475,0.030000000000000027,8.805,0,18,200
1587,312488,93.71666656900197,0.06000000000000005,9.73,0,14,200
1588,312536,100.69500062521547,0.025000000000000022,9.135,0,23,200
1589,312552,112.71500032022595,0.015000000000000013,8.655,0,15,200
1590,312648,118.71666702535003,0.050000000000000044,7.48,0,9,200
1591,313248,108.86666696239263,0.06999999999999995,7.81,0,12,200
1592,313904,108.35999993048608,0.030000000000000027,8.7,0,16,200
1593,313968,96.0916667887941,0.10499999999999998,8.305,0,15,200
1594,314064,94.06833356898278,0.12,8.015,0,19,200
1595,314088,54.739999977871776,0.24,9.96,0,15,200
1596,314136,87.53833313006908,0.135,8.585,0,17,200
1597,314152,93.7766661113128,0.09499999999999997,8.89,0,15,200
1598,314248,103.25666690431535,0.07499999999999996,8.56,0,13,200
1599,314848,82.10666676610708,0.18500000000000005,8.32,0,11,200
1600,315504,106.8266670582816,0.06000000000000005,8.05,0,17,200
1601,315568,54.52499979082495,0.20999999999999996,10.455,0,17,200
1602,315664,114.44666671101004,0.03500000000000003,8.26,0,9,200
1603,315688,102.36166689824313,0.07999999999999996,8.275,0,14,200
1604,315736,105.94333327468485,0.07499999999999996,8.21,0,11,200
1605,315752,103.97666653804481,0.050000000000000044,9.19,0,9,200
1606,315848,97.6083337077871,0.09499999999999997,8.585,0,12,200
1607,316448,84.51833340432495,0.14,8.765,0,15,200
1608,317104,85.0666667483747,0.14,8.56,0,17,200
1609,317168,90.013333552517,0.10999999999999999,9.08,0,14,200
1610,317264,116.02666685637087,0.03500000000000003,8.02,0,9,200
1611,317288,81.37000014726073,0.16000000000000003,8.79,0,14,200
1612,317336,108.223333818838,0.06000000000000005,7.97,0,15,200
1613,317352,96.91166656091809,0.07999999999999996,8.815,0,14,200
1614,317448,83.24166648555547,0.14500000000000002,8.875,0,16,200
1615,318048,93.1016664262861,0.125,8.395,0,12,200
1616,318704,83.6183336917311,0.17500000000000004,8.495,0,10,200
1617,318768,76.68666658550501,0.14500000000000002,9.31,0,20,200
1618,318864,114.26666694320738,0.030000000000000027,8.08,0,15,200
1619,318888,91.45666697900742,0.10499999999999998,8.95,0,12,200
1620,318936,99.17166690155864,0.06999999999999995,8.335,0,22,200
1621,318952,122.18500057328492,0.03500000000000003,7.515,0,7,200
1622,319048,58.23333330266178,0.265,9.17,0,10,200
1623,319648,113.7833337849006,0.030000000000000027,7.7,0,20,200
1624,320304,110.84000034909695,0.050000000000000044,8.04,0,13,200
1625,320368,91.31166685465723,0.11499999999999999,8.845,0,12,200
1626,320464,84.67166660819203,0.16500000000000004,8.305,0,14,200
1627,320488,60.27000021096319,0.245,9.27,0,12,200
1628,320536,97.40166637767106,0.10999999999999999,8.035,0,15,200
1629,320552,109.85500075109303,0.025000000000000022,8.145,0,22,200
1630,320648,102.91500050388277,0.07499999999999996,8.265,0,14,200
1631,321248,92.78666713181883,0.15500000000000003,7.99,0,9,200
1632,321904,93.80500016640872,0.11499999999999999,8.055,0,18,200
1633,321968,111.80000026058406,0.040000000000000036,7.98,0,15,200
1634,322064,102.93333387747407,0.06999999999999995,8.24,0,17,200
1635,322088,70.81500015221536,0.17500000000000004,9.075,0,22,200
1636,322136,101.78666655160487,0.09999999999999998,7.96,0,13,200
1637,322152,85.76833327952772,0.17500000000000004,8.105,0,10,200
1638,322248,103.25833353213966,0.05500000000000005,8.375,0,18,200
1639,322848,95.84833391848952,0.07999999999999996,8.855,0,17,200
1640,323504,84.58500008285046,0.125,9.015,0,17,200
1641,323568,117.17166709434241,0.025000000000000022,7.525,0,20,200
1642,323664,79.0516666220501,0.18500000000000005,8.455,0,14,200
1643,323688,66.62666644901037,0.19999999999999996,9.64,0,13,200
1644,323736,113.15666708815843,0.05500000000000005,7.78,0,11,200
1645,323752,84.18000025302172,0.12,9.21,0,19,200
1646,323848,78.5716667957604,0.15500000000000003,9.055,0,17,200
1647,324448,110.39333373587579,0.020000000000000018,8.45,0,16,200
1648,325104,111.69666666910052,0.06000000000000005,7.48,0,17,200
1649,325168,67.59833331499249,0.20999999999999996,9.065,0,16,200
1650,325264,72.60666687786579,0.19499999999999995,8.56,0,19,200
1651,325288,92.02000012248755,0.135,8.1,0,14,200
1652,325336,82.85500023607165,0.13,8.985,0,17,200
1653,325352,113.58333350345492,0.06000000000000005,7.13,0,19,200
1654,325448,104.5333336153999,0.06000000000000005,8.18,0,17,200
1655,326048,98.72333316784352,0.06499999999999995,8.3,0,25,200
1656,326704,70.16000035684556,0.15000000000000002,9.51,0,27,200
1657,326768,96.4900004658848,0.06499999999999995,8.52,0,27,200
1658,326864,108.75499981362373,0.07999999999999996,7.365,0,18,200
1659,326888,86.08500038646162,0.10999999999999999,8.655,0,26,200
1660,326936,99.87333358917385,0.07999999999999996,8.06,0,23,200
1661,326952,106.27166679687798,0.03500000000000003,8.245,0,25,200
1662,327048,121.5200005415827,0.010000000000000009,7.32,0,19,200
1663,327648,107.0583334825933,0.08499999999999996,7.385,0,16,200
1664,328304,103.02000027894974,0.08499999999999996,7.92,0,16,200
1665,328368,96.84333353396505,0.09499999999999997,8.12,0,22,200
1666,328464,76.25999985914677,0.15500000000000003,8.7,0,24,200
1667,328488,35.25666643306613,0.36,8.92,0,20,200
1668,328536,77.33833315595984,0.17500000000000004,8.645,0,17,200
1669,328552,112.6866666842252,0.06499999999999995,7.36,0,15,200
1670,328648,87.25833381339908,0.15000000000000002,8.315,0,14,200
1671,329248,81.39499972946942,0.125,9.465,0,16,200
1672,329904,89.33500002417713,0.10499999999999998,9.075,0,15,200
1673,329968,73.82666697446257,0.19999999999999996,8.65,0,14,200
1674,330064,89.19000015035272,0.14,8.34,0,16,200
1675,330088,86.58833353966475,0.135,8.945,0,14,200
1676,330136,106.13666736986488,0.06999999999999995,7.81,0,19,200
1677,330152,91.62833318300545,0.11499999999999999,8.735,0,14,200
1678,330248,108.43000032287091,0.06499999999999995,7.86,0,15,200
1679,330848,93.8666670108214,0.10499999999999998,8.74,0,13,200
1680,331504,103.59833359252661,0.11499999999999999,7.445,0,12,200
1681,331568,116.28500060830265,0.025000000000000022,7.995,0,14,200
1682,331664,91.19666717853397,0.13,8.56,0,11,200
1683,331688,103.77833381388336,0.06000000000000005,8.375,0,17,200
1684,331736,66.2149997772649,0.22499999999999998,8.985,0,15,200
1685,331752,115.62000050675124,0.025000000000000022,7.74,0,19,200
1686,331848,97.26499983668327,0.08499999999999996,8.595,0,17,200
1687,332448,89.73333286866546,0.11499999999999999,8.63,0,20,200
1688,333104,75.28666667826474,0.20499999999999996,8.35,0,16,200
1689,333168,105.18666623346508,0.06999999999999995,7.99,0,16,200
1690,333264,103.99166723247617,0.06999999999999995,8.095,0,20,200
1691,333288,75.54499997571111,0.19499999999999995,8.625,0,16,200
1692,333336,99.05666675046086,0.09499999999999997,8.17,0,16,200
1693,333352,88.70666622091085,0.125,8.53,0,19,200
1694,333448,84.43166680634022,0.15500000000000003,8.095,0,21,200
1695,334048,79.88500015251338,0.17500000000000004,8.325,0,20,200
1696,334704,80.55999992974102,0.18500000000000005,8.22,0,18,200
1697,334768,79.46166660543531,0.15500000000000003,9.235,0,16,200
1698,334864,90.56333362031728,0.15000000000000002,7.82,0,17,200
1699,334888,88.76666662935168,0.13,8.98,0,13,200
1700,334936,80.0000000456348,0.17500000000000004,8.19,0,21,200
1701,334952,118.03166696429253,0.04500000000000004,7.525,0,11,200
1702,335048,102.46666684839875,0.08999999999999997,8.17,0,14,200
1703,335648,97.25166670512408,0.09499999999999997,8.725,0,13,200
1704,336304,110.0216665705666,0.05500000000000005,8.005,0,14,200
1705,336368,79.30500046163797,0.15000000000000002,9.075,0,17,200
1706,336464,76.53833338152617,0.17500000000000004,8.915,0,18,200
1707,336488,95.51166677195579,0.11499999999999999,7.945,0,19,200
1708,336536,101.70666716527194,0.07999999999999996,8.14,0,17,200
1709,336552,101.1283335853368,0.10999999999999999,7.535,0,15,200
1710,336648,103.79500033520162,0.050000000000000044,8.445,0,20,200
1711,337248,67.96499999985099,0.20499999999999996,9.195,0,15,200
1712,337904,94.53999999817461,0.14,7.68,0,14,200
1713,337968,85.88666691444814,0.14,8.38,0,19,200
1714,338064,80.32833364419639,0.18500000000000005,8.675,0,9,200
1715,338088,102.46666703559458,0.06499999999999995,8.41,0,17,200
1716,338136,80.61500022467226,0.135,9.435,0,15,200
1717,338152,118.95000027120113,0.020000000000000018,7.32,0,20,200
1718,338248,107.4250000808388,0.05500000000000005,8.025,0,19,200
1719,338848,99.63000001292676,0.10499999999999998,7.8,0,16,200
1720,339504,79.35500007029623,0.15500000000000003,8.955,0,18,200
1721,339568,85.58333344571292,0.15000000000000002,8.3,0,18,200
1722,339664,105.29666711576283,0.05500000000000005,8.08,0,19,200
1723,339688,88.0733334356919,0.10499999999999998,8.78,0,21,200
1724,339736,72.28833350352943,0.18999999999999995,9.215,0,16,200
1725,339752,97.30500006023794,0.125,7.395,0,20,200
1726,339848,66.86999996192753,0.265,8.1,0,12,200
1727,340448,69.67833335697651,0.19999999999999996,9.305,0,12,200
1728,341104,111.17666713614017,0.040000000000000036,7.75,0,20,200
1729,341168,45.358333048410714,0.33499999999999996,8.975,0,14,200
1730,341264,114.14000029768795,0.03500000000000003,7.59,0,21,200
1731,341288,97.63499991036952,0.06499999999999995,8.475,0,25,200
1732,341336,93.3466660361737,0.13,7.78,0,19,200
1733,341352,99.19000020902604,0.06499999999999995,8.64,0,22,200
1734,341448,117.77000028919429,0.040000000000000036,7.29,0,16,200
1735,342048,108.96000010706484,0.07499999999999996,7.65,0,15,200
1736,342704,76.60166652034968,0.19499999999999995,8.395,0,16,200
1737,342768,99.21333365794271,0.08499999999999996,8.18,0,19,200
1738,342864,101.87166698463261,0.07499999999999996,8.035,0,22,200
1739,342888,101.12166689895093,0.135,7.135,0,12,200
1740,342936,57.620000045746565,0.29000000000000004,8.46,0,15,200
1741,342952,94.87833379860967,0.17000000000000004,7.295,0,10,200
1742,343048,84.49333359859884,0.18999999999999995,7.67,0,14,200
1743,343648,123.74333340674639,0.03500000000000003,6.71,0,16,200
1744,344304,104.09333351440728,0.06000000000000005,8.57,0,15,200
1745,344368,113.4250004356727,0.025000000000000022,7.875,0,23,200
1746,344464,123.85666676610708,0.040000000000000036,6.64,0,16,200
1747,344488,90.76666690222919,0.125,8.5,0,14,200
1748,344536,108.76333365216851,0.07499999999999996,7.79,0,13,200
1749,344552,98.37000017147511,0.12,8.13,0,11,200
1750,344648,78.18666686024517,0.22999999999999998,7.57,0,14,200
1751,345248,106.39166714809835,0.07999999999999996,7.735,0,16,200
1752,345904,101.5616669273004,0.09999999999999998,7.735,0,17,200
1753,345968,85.60166617669165,0.15500000000000003,8.515,0,15,200
1754,346064,84.89500016905367,0.12,9.375,0,15,200
1755,346088,83.77333350945264,0.17000000000000004,8.18,0,19,200
1756,346136,90.99333338811994,0.135,8.3,0,15,200
1757,346152,61.45333319157362,0.265,8.81,0,12,200
1758,346248,73.54000024870038,0.19999999999999996,8.61,0,18,200
1759,346848,107.72666705213487,0.06499999999999995,7.87,0,16,200
1760,347504,86.0366671346128,0.12,9.04,0,18,200
1761,347568,96.9716670634225,0.07499999999999996,8.395,0,22,200
1762,347664,75.21666660811752,0.16500000000000004,9.7,0,12,200
1763,347688,100.14000032562762,0.09999999999999998,8.34,0,10,200
1764,347736,101.81666719075292,0.07999999999999996,8.2,0,15,200
1765,347752,103.02333347126842,0.06000000000000005,8.75,0,11,200
1766,347848,111.01500045508146,0.125,6.165,0,13,200
1767,348448,84.01666664611548,0.135,8.83,0,19,200
1768,349104,78.78500016126782,0.17000000000000004,9.075,0,12,200
1769,349168,114.91000020783395,0.03500000000000003,7.65,0,18,200
1770,349264,99.27833374682814,0.10499999999999998,8.135,0,14,200
1771,349288,92.62999987322837,0.13,8.07,0,16,200
1772,349336,104.5166663872078,0.08999999999999997,7.87,0,13,200
1773,349352,99.00500015635043,0.07999999999999996,8.505,0,17,200
1774,349448,69.00500037893653,0.21999999999999997,8.775,0,14,200
1775,350048,84.36666682176292,0.135,8.68,0,19,200
1776,350704,63.68333350494504,0.24,9.23,0,11,200
1777,350768,104.64166695810854,0.08499999999999996,8.125,0,12,200
1778,350864,61.02333333622664,0.235,9.74,0,11,200
1779,350888,109.02833387907594,0.06999999999999995,7.295,0,22,200
1780,350936,84.12500039860606,0.15000000000000002,8.835,0,13,200
1781,350952,64.00499999523163,0.245,8.925,0,13,200
1782,351048,111.45000025443733,0.050000000000000044,8.28,0,11,200
1783,351648,82.26666685938835,0.18999999999999995,7.87,0,18,200
1784,352304,108.36500001139939,0.06999999999999995,7.875,0,15,200
1785,352368,83.62333359662443,0.16500000000000004,8.72,0,10,200
1786,352464,111.7616671603173,0.07999999999999996,7.255,0,14,200
1787,352488,95.43000010587275,0.12,8.13,0,16,200
1788,352536,98.55500033684075,0.11499999999999999,7.635,0,19,200
1789,352552,88.06666694115847,0.09499999999999997,9.31,0,18,200
1790,352648,64.1266663018614,0.26,8.62,0,14,200
1791,353248,107.26166705228388,0.07499999999999996,7.735,0,15,200
1792,353904,84.29166698269546,0.16000000000000003,7.855,0,22,200
1793,353968,97.71833358891308,0.10999999999999999,8.165,0,12,200
1794,354064,124.44999993499368,0.020000000000000018,7.17,0,14,200
1795,354088,102.39666702691466,0.07999999999999996,8.08,0,17,200
1796,354136,89.64000027813017,0.14,8.49,0,11,200
1797,354152,104.60000018402934,0.06499999999999995,8.34,0,15,200
1798,354248,70.13833350129426,0.245,8.315,0,11,200
1799,354848,73.57000038865954,0.20999999999999996,8.58,0,13,200
1800,355504,94.94833321589977,0.09499999999999997,8.795,0,14,200
1801,355568,89.54166649840772,0.14,8.485,0,13,200
1802,355664,87.29333347082138,0.135,8.9,0,12,200
1803,355688,105.58666692767292,0.06499999999999995,8.35,0,13,200
1804,355736,101.8900001887232,0.06000000000000005,8.82,0,15,200
1805,355752,110.8933332702145,0.04500000000000004,8.12,0,15,200
1806,355848,101.33833365049213,0.11499999999999999,7.685,0,12,200
1807,356448,105.52333302982152,0.025000000000000022,8.87,0,20,200
1808,357104,81.76833360735327,0.14500000000000002,8.855,0,18,200
1809,357168,118.76500046998262,0.04500000000000004,7.425,0,11,200
1810,357264,97.59500032197684,0.09999999999999998,8.175,0,17,200
1811,357288,117.45833361428231,0.030000000000000027,8.015,0,11,200
1812,357336,115.18833343032748,0.040000000000000036,7.775,0,12,200
1813,357352,86.39666667673737,0.15500000000000003,8.35,0,14,200
1814,357448,97.16166700981557,0.07999999999999996,8.845,0,16,200
1815,358048,90.01666704658419,0.10499999999999998,9.22,0,13,200
1816,358704,69.42666687909514,0.19999999999999996,9.04,0,17,200
1817,358768,86.69500018376857,0.135,8.805,0,14,200
1818,358864,92.00000034738332,0.11499999999999999,8.82,0,12,200
1819,358888,92.7966667925939,0.16500000000000004,7.6,0,11,200
1820,358936,103.66333391610533,0.04500000000000004,8.66,0,20,200
1821,358952,70.54833316244185,0.20999999999999996,8.645,0,20,200
1822,359048,74.90166694577783,0.14500000000000002,9.655,0,16,200
1823,359648,88.47166700288653,0.12,8.935,0,14,200
1824,360304,88.66166655253619,0.15000000000000002,8.215,0,16,200
1825,360368,127.5416678711772,0.015000000000000013,7.165,0,10,200
1826,360464,118.33166725188494,0.06999999999999995,6.625,0,15,200
1827,360488,117.6000002566725,0.030000000000000027,8.19,0,7,200
1828,360536,95.58666650485247,0.135,8.11,0,10,200
1829,360552,94.75499968975782,0.07999999999999996,8.955,0,18,200
1830,360648,113.72333319950849,0.040000000000000036,7.82,0,15,200
1831,361248,72.61333346087486,0.18000000000000005,8.99,0,20,200
1832,361904,113.13166671898216,0.07999999999999996,7.195,0,13,200
1833,361968,90.00333363004029,0.16000000000000003,8.33,0,9,200
1834,362064,90.865000044927,0.14500000000000002,8.325,0,11,200
1835,362088,84.17500017955899,0.15000000000000002,8.775,0,16,200
1836,362136,85.4083338752389,0.18500000000000005,8.075,0,8,200
1837,362152,104.78666719701141,0.08999999999999997,7.93,0,12,200
1838,362248,87.77166667021811,0.135,8.545,0,15,200
1839,362848,117.52833343110979,0.040000000000000036,7.595,0,13,200
1840,363504,106.28333397954702,0.09999999999999998,7.58,0,14,200
1841,363568,105.82166663277894,0.08499999999999996,8.185,0,9,200
1842,363664,93.026667076163,0.11499999999999999,8.47,0,17,200
1843,363688,80.01166691351682,0.18000000000000005,8.545,0,13,200
1844,363736,100.43999954592437,0.10499999999999998,8.16,0,13,200
1845,363752,109.79666702263057,0.06999999999999995,7.78,0,14,200
1846,363848,116.66499995812774,0.06499999999999995,7.335,0,10,200
1847,364448,93.42666690982878,0.11499999999999999,9.04,0,7,200
1848,365104,95.76000029034913,0.135,8.01,0,10,200
1849,365168,83.33833324350417,0.16000000000000003,8.405,0,18,200
1850,365264,102.66500049456954,0.07499999999999996,8.175,0,19,200
1851,365288,99.96333380229771,0.06999999999999995,8.9,0,14,200
1852,365336,116.4550000615418,0.06000000000000005,7.005,0,15,200
1853,365352,102.01166662853211,0.125,7.495,0,13,200
1854,365448,107.67000017222017,0.11499999999999999,6.78,0,16,200
1855,366048,86.0700000738725,0.21499999999999997,7.26,0,11,200
1856,366704,101.68166679143906,0.13,7.105,0,13,200
1857,366768,118.2283338047564,0.06999999999999995,6.755,0,13,200
1858,366864,106.65000010188669,0.10999999999999999,7.11,0,13,200
1859,366888,87.03500020038337,0.17000000000000004,8.235,0,11,200
1860,366936,82.1900004837662,0.25,6.9,0,9,200
1861,366952,116.54000036418438,0.04500000000000004,7.59,0,14,200
1862,367048,94.42333363555372,0.135,7.91,0,15,200
1863,367648,87.64166643470526,0.13,8.965,0,13,200
1864,368304,113.75833341106772,0.06000000000000005,7.595,0,12,200
1865,368368,93.54333396069705,0.14500000000000002,8.0,0,10,200
1866,368464,83.6399999819696,0.15500000000000003,9.06,0,10,200
1867,368488,112.56666659936309,0.06499999999999995,7.66,0,12,200
1868,368536,124.86833330243826,0.025000000000000022,6.995,0,13,200
1869,368552,96.80666678585112,0.125,7.93,0,14,200
1870,368560,-16.846665799617767,0.5,4.833333333333333,1,0,12
1871,368648,102.21166723873466,0.14,7.015,0,14,200
1872,369248,88.03833369351923,0.17500000000000004,7.715,0,14,200
1873,369904,91.59499986283481,0.11499999999999999,8.775,0,16,200
1874,369968,116.50166685134172,0.04500000000000004,7.495,0,13,200
1875,370088,74.93833306524903,0.20999999999999996,8.645,0,11,200
1876,370136,93.05166729260236,0.12,8.395,0,13,200
1877,370152,83.05333332158625,0.18000000000000005,8.18,0,14,200
1878,370160,68.48000011686236,0.245,8.55,0,11,200
1879,370248,40.81333285663277,0.32499999999999996,10.1,0,8,200
1880,370848,76.41333350725472,0.17500000000000004,9.11,0,14,200
1881,371504,106.22499996609986,0.06499999999999995,8.415,0,12,200
1882,371568,78.42333361599594,0.18000000000000005,8.66,0,14,200
1883,371688,72.38833360094577,0.19499999999999995,8.825,0,18,200
1884,371736,56.67499993555248,0.26,9.525,0,11,200
1885,371752,116.47666627075523,0.030000000000000027,8.29,0,9,200
1886,371760,92.4950002739206,0.12,8.565,0,14,200
1887,371848,92.93833365198225,0.11499999999999999,8.915,0,12,200
1888,372448,69.73999957647175,0.24,8.34,0,13,200
1889,373104,115.53833377920091,0.08499999999999996,7.025,0,7,200
1890,373168,84.4550002804026,0.18000000000000005,8.325,0,9,200
1891,373288,110.43833326455206,0.06499999999999995,7.865,0,11,200
1892,373336,109.05166656337678,0.06999999999999995,8.065,0,11,200
1893,373352,116.38333350419998,0.025000000000000022,8.03,0,14,200
1894,373360,100.83333388995379,0.08999999999999997,8.42,0,13,200
1895,373448,96.92666677758098,0.07999999999999996,9.01,0,14,200
1896,374048,81.61166675947607,0.14,9.025,0,18,200
1897,374704,96.95500001590699,0.09999999999999998,8.715,0,11,200
1898,374768,99.02333369199187,0.09499999999999997,8.42,0,12,200
1899,374888,104.89500084333122,0.07999999999999996,8.025,0,12,200
1900,374936,108.44500019401312,0.10499999999999998,7.215,0,9,200
1901,374952,75.59000033233315,0.18500000000000005,8.94,0,14,200
1902,374960,111.65000019408762,0.07499999999999996,7.23,0,13,200
1903,375048,106.42166705429554,0.09999999999999998,7.825,0,7,200
1904,375648,89.89000025577843,0.13,8.76,0,12,200
1905,376304,102.09833294153214,0.13,7.535,0,7,200
1906,376368,105.84333390835673,0.06499999999999995,8.15,0,16,200
1907,376488,80.2649998832494,0.19999999999999996,8.535,0,7,200
1908,376536,93.92666677571833,0.13,8.05,0,14,200
1909,376552,99.66499994881451,0.10499999999999998,8.355,0,10,200
1910,376560,80.46999972872436,0.15000000000000002,9.42,0,10,200
1911,376648,91.95333372149616,0.12,8.6,0,13,200
1912,377248,94.3433330161497,0.12,8.72,0,8,200
1913,377904,96.3300000494346,0.11499999999999999,8.58,0,9,200
1914,377968,83.25166694819927,0.15500000000000003,8.575,0,16,200
1915,378088,96.5683337925002,0.15000000000000002,7.955,0,6,200
1916,378136,101.16666638385504,0.07499999999999996,9.04,0,8,200
1917,378152,74.14833330735564,0.22999999999999998,8.525,0,8,200
1918,378160,98.58333344664425,0.10999999999999999,8.27,0,11,200
1919,378248,86.57500035502017,0.18500000000000005,8.145,0,7,200
1920,378848,90.01166681014001,0.09999999999999998,9.445,0,12,200
1921,379504,56.69333326909691,0.265,9.65,0,9,200
1922,379568,81.83833363093436,0.20999999999999996,8.135,0,6,200
1923,379688,96.86666700337082,0.11499999999999999,8.44,0,9,200
1924,379736,123.19666695594788,0.04500000000000004,7.51,0,2,200
1925,379752,89.8516668509692,0.16000000000000003,8.605,0,4,200
1926,379760,70.80499990750104,0.19999999999999996,9.465,0,11,200
1927,379848,58.99999988544732,0.29000000000000004,9.06,0,6,200
1928,380448,117.76333380397409,0.040000000000000036,7.91,0,8,200
1929,381104,64.94833381194621,0.245,9.005,0,11,200
1930,381168,104.9949998697266,0.125,7.755,0,3,200
1931,381288,81.72999992780387,0.18000000000000005,8.46,0,13,200
1932,381336,94.96000047214329,0.09999999999999998,8.76,0,14,200
1933,381352,55.96666694711894,0.265,9.67,0,10,200
1934,381360,97.68166681937873,0.15000000000000002,7.795,0,5,200
1935,381448,69.94833314605057,0.20499999999999996,9.275,0,11,200
1936,382048,71.8466665763408,0.21499999999999997,9.1,0,8,200
1937,382704,102.44999974127859,0.07999999999999996,8.64,0,9,200
1938,382768,112.6033333055675,0.025000000000000022,8.57,0,12,200
1939,382888,78.27999980840832,0.19999999999999996,8.19,0,13,200
1940,382936,73.9633331252262,0.18500000000000005,9.14,0,15,200
1941,382952,82.43833356536925,0.19999999999999996,8.165,0,9,200
1942,382960,104.62666691746563,0.08999999999999997,7.84,0,13,200
1943,383048,77.09833319764584,0.17000000000000004,8.885,0,16,200
1944,383648,100.3449998088181,0.09499999999999997,8.445,0,10,200
1945,384304,106.74666672293097,0.050000000000000044,8.65,0,10,200
1946,384368,85.94666728377342,0.16000000000000003,8.5,0,10,200
1947,384488,94.51500006299466,0.135,8.175,0,9,200
1948,384536,85.43999959062785,0.15500000000000003,8.64,0,12,200
1949,384552,101.95666636526585,0.08499999999999996,8.35,0,13,200
1950,384560,101.35333320312202,0.08499999999999996,8.63,0,9,200
1951,384648,114.31666632648557,0.06000000000000005,7.78,0,7,200
1952,385248,115.59500012174249,0.07499999999999996,7.395,0,6,200
1953,385904,51.79499961156398,0.29000000000000004,9.555,0,9,200
1954,385968,61.291666712611914,0.265,9.145,0,9,200
1955,386088,65.9583332920447,0.22999999999999998,9.155,0,12,200
1956,386136,94.28666707780212,0.08999999999999997,9.07,0,12,200
1957,386152,79.60666667483747,0.17000000000000004,9.13,0,7,200
1958,386160,99.29500022064894,0.09499999999999997,8.355,0,12,200
1959,386248,81.15999985672534,0.19999999999999996,7.92,0,13,200
1960,386848,106.86500003468245,0.06999999999999995,8.175,0,12,200
1961,387504,91.11500006448478,0.15000000000000002,8.175,0,10,200
1962,387568,103.3233340298757,0.08499999999999996,8.48,0,8,200
1963,387688,110.65333352144808,0.10999999999999999,7.16,0,5,200
1964,387736,98.86333394329995,0.15000000000000002,7.4,0,10,200
1965,387752,94.88000003434718,0.135,8.04,0,13,200
1966,387760,71.8533331817016,0.19999999999999996,9.14,0,11,200
1967,387848,104.92000005673617,0.09499999999999997,8.04,0,10,200
1968,388448,97.67833332438022,0.13,8.135,0,8,200
1969,389104,72.06000004895031,0.21999999999999997,8.52,0,14,200
1970,389168,107.57666626106948,0.08999999999999997,8.08,0,5,200
1971,389288,102.27833344694227,0.07999999999999996,8.585,0,10,200
1972,389336,129.2383338212967,0.03500000000000003,7.025,0,2,200
1973,389352,84.00833362806588,0.17500000000000004,8.255,0,12,200
1974,389360,112.48833313211799,0.05500000000000005,7.835,0,12,200
1975,389448,114.28333289083093,0.03500000000000003,8.36,0,8,200
1976,390048,97.98500017635524,0.10999999999999999,8.055,0,16,200
1977,390704,101.31333356630057,0.135,7.82,0,6,200
1978,390768,95.25499988161027,0.10999999999999999,8.535,0,13,200
1979,390888,91.54333380702883,0.13,8.39,0,15,200
1980,390936,92.66000017430633,0.16000000000000003,8.13,0,7,200
1981,390952,82.67333384323865,0.15500000000000003,8.96,0,13,200
1982,390960,87.86500011663884,0.16000000000000003,8.385,0,10,200
1983,391048,107.10666673257947,0.09999999999999998,7.48,0,11,200
1984,391648,87.7533332305029,0.16000000000000003,8.36,0,10,200
1985,392304,105.3916665604338,0.08499999999999996,8.065,0,10,200
1986,392368,94.08166629262269,0.11499999999999999,8.995,0,7,200
1987,392488,95.17500000726432,0.14,8.385,0,6,200
1988,392536,95.18499945756048,0.14,7.935,0,13,200
1989,392552,87.86999971233308,0.15500000000000003,8.94,0,5,200
1990,392560,102.87666713539511,0.06999999999999995,8.53,0,12,200
1991,392648,124.94500059634447,0.040000000000000036,7.515,0,2,200
1992,393248,94.63833302538842,0.14500000000000002,8.285,0,6,200
1993,393904,98.35999958775938,0.14,7.62,0,10,200
1994,393968,97.20000084862113,0.12,8.43,0,9,200
1995,394088,120.86333344131708,0.04500000000000004,7.52,0,7,200
1996,394136,97.3449999447912,0.11499999999999999,8.415,0,11,200
1997,394152,54.143333670683205,0.27,9.35,0,16,200
1998,394160,98.8016665931791,0.09999999999999998,8.755,0,7,200
1999,394248,83.75333300791681,0.15500000000000003,8.84,0,13,200
2000,394848,107.36666691955179,0.09999999999999998,7.57,0,10,200
2001,395504,85.8416668586433,0.17500000000000004,8.395,0,9,200
2002,395568,86.861667111516,0.16500000000000004,8.305,0,12,200
2003,395688,88.52500014565885,0.11499999999999999,9.225,0,12,200
2004,395736,109.89166698232293,0.09999999999999998,7.315,0,10,200
2005,395752,79.61000049673021,0.18000000000000005,8.91,0,10,200
2006,395760,80.19999940879643,0.18500000000000005,8.64,0,11,200
2007,395848,106.67166683357209,0.08999999999999997,8.155,0,6,200
2008,396448,105.6550005171448,0.12,7.335,0,10,200
2009,397104,87.83833347074687,0.19499999999999995,7.805,0,7,200
2010,397168,109.69333379529417,0.06499999999999995,8.03,0,11,200
2011,397288,116.97333401441574,0.08499999999999996,6.95,0,6,200
2012,397336,95.79666646849364,0.14,7.81,0,12,200
2013,397352,118.31999983638525,0.05500000000000005,6.96,0,15,200
2014,397360,107.45333379507065,0.06000000000000005,8.66,0,8,200
2015,397448,88.29166728630662,0.13,9.025,0,11,200
2016,398048,110.16000004019588,0.06499999999999995,8.28,0,8,200
2017,398704,117.61500045284629,0.020000000000000018,8.205,0,11,200
2018,398768,117.54666660260409,0.03500000000000003,7.75,0,13,200
2019,398888,115.34000040218234,0.040000000000000036,7.77,0,12,200
2020,398936,116.00999992713332,0.07499999999999996,7.2,0,9,200
2021,398952,101.60833316948265,0.10999999999999999,7.805,0,12,200
2022,398960,84.23000030685216,0.14500000000000002,9.36,0,10,200
2023,399048,77.90666660759598,0.17500000000000004,9.07,0,13,200
2024,399648,93.40999979432672,0.15500000000000003,8.01,0,8,200
