episode,timestep,reward,sla_violation,mean_replicas,crashes,flapping_incidents,length
0,208,-29.619999200105667,0.9615384615384616,6.0,1,5,26
1,232,-33.46000051498413,1.0,3.5172413793103448,1,12,29
2,312,-32.068333849310875,0.8717948717948718,5.051282051282051,1,11,39
3,504,-27.698333833366632,0.7142857142857143,3.888888888888889,1,21,63
4,528,-28.378333769738674,0.8888888888888888,5.296296296296297,1,7,27
5,728,-39.511666604317725,0.48351648351648346,8.846153846153847,1,44,91
6,1040,-10.911667078733444,0.32835820895522383,7.0,1,22,67
7,1088,-4.538333839736879,0.28181818181818186,8.172727272727272,1,38,110
8,1392,-31.908332735300064,0.41954022988505746,8.959770114942529,1,66,174
9,1600,38.93499992322177,0.08499999999999996,10.515,0,74,200
10,1600,22.23666733317077,0.255,9.79,0,61,200
11,1744,-22.04166579246521,0.6666666666666667,4.722222222222222,1,6,18
12,1832,49.2800004221499,0.135,9.12,0,66,200
13,2128,16.580000535584986,0.29500000000000004,7.95,0,79,200
14,2328,29.060000053606927,0.16000000000000003,9.75,0,79,200
15,2640,67.22166668251157,0.05500000000000005,9.535,0,56,200
16,2688,63.06833355501294,0.06000000000000005,9.305,0,65,200
17,2992,25.980000177398324,0.245,10.05,0,55,200
18,3200,57.413333549164236,0.06999999999999995,9.71,0,65,200
19,3344,34.876666920259595,0.20999999999999996,8.41,0,73,200
20,3432,43.15833379328251,0.16000000000000003,9.275,0,65,200
21,3728,19.898333276621997,0.20999999999999996,10.145,0,73,200
22,3928,55.16833329759538,0.08499999999999996,9.695,0,64,200
23,4240,32.686667307280004,0.16500000000000004,9.19,0,79,200
24,4288,32.25666688662022,0.14500000000000002,9.91,0,78,200
25,4592,60.25166679918766,0.06999999999999995,10.285,0,53,200
26,4800,41.526666837744415,0.17500000000000004,9.31,0,63,200
27,4944,47.248333615250885,0.15500000000000003,9.455,0,57,200
28,5032,48.68333350867033,0.10499999999999998,10.04,0,64,200
29,5328,64.13333366718143,0.08999999999999997,8.75,0,60,200
30,5528,46.221666648983955,0.13,10.105,0,57,200
31,5840,61.343333361670375,0.040000000000000036,10.88,0,53,200
32,5888,55.90666681807488,0.08499999999999996,10.48,0,51,200
33,6192,58.45500021986663,0.06000000000000005,10.395,0,57,200
34,6400,53.82999988924712,0.04500000000000004,10.86,0,62,200
35,6544,69.77999977394938,0.030000000000000027,10.32,0,49,200
36,6632,55.828332980163395,0.05500000000000005,10.625,0,59,200
37,6928,65.88000003434718,0.015000000000000013,10.59,0,57,200
38,7128,69.4666670076549,0.050000000000000044,10.69,0,39,200
39,7440,54.6616670563817,0.07999999999999996,10.855,0,52,200
40,7488,63.46499980147928,0.04500000000000004,10.965,0,47,200
41,7792,60.186666363850236,0.030000000000000027,11.29,0,52,200
42,8000,72.04499945323914,0.025000000000000022,11.535,0,30,200
43,8144,52.46166648901999,0.08999999999999997,11.215,0,47,200
44,8232,73.6899998197332,0.020000000000000018,11.28,0,34,200
45,8528,76.20833327714354,0.015000000000000013,10.985,0,36,200
46,8728,62.98500007670373,0.05500000000000005,10.965,0,42,200
47,9040,46.39666613843292,0.10999999999999999,10.66,0,54,200
48,9088,52.525000092573464,0.09499999999999997,11.055,0,45,200
49,9392,40.72666649147868,0.17500000000000004,11.08,0,40,200
50,9600,62.76499957870692,0.06499999999999995,11.505,0,34,200
51,9744,81.2716662157327,0.020000000000000018,11.215,0,24,200
52,9832,81.66999947279692,0.015000000000000013,11.1,0,24,200
53,10128,69.76166637800634,0.03500000000000003,11.335,0,35,200
54,10328,75.87166676018387,0.010000000000000009,11.035,0,36,200
55,10640,61.691666301339865,0.050000000000000044,10.765,0,50,200
56,10688,75.50999990198761,0.025000000000000022,10.95,0,34,200
57,10992,63.463333239778876,0.10999999999999999,11.12,0,28,200
58,11200,62.44499956443906,0.040000000000000036,11.535,0,42,200
59,11344,62.61833354271948,0.05500000000000005,11.165,0,44,200
60,11432,71.38333318103105,0.040000000000000036,11.24,0,31,200
61,11728,72.71166648250073,0.010000000000000009,11.185,0,40,200
62,11928,56.64333273842931,0.07499999999999996,11.51,0,40,200
63,12240,79.22666663769633,0.010000000000000009,11.02,0,33,200
64,12288,76.22999965865165,0.0,11.16,0,38,200
65,12592,54.96499946992844,0.07499999999999996,11.385,0,43,200
66,12800,78.30999960377812,0.015000000000000013,11.04,0,34,200
67,12944,58.04999920446426,0.04500000000000004,11.37,0,47,200
68,13032,77.91833307314664,0.0,11.345,0,32,200
69,13328,64.27333298046142,0.040000000000000036,11.12,0,45,200
70,13528,59.43999963067472,0.06499999999999995,11.31,0,39,200
71,13840,71.49999962560833,0.030000000000000027,11.13,0,35,200
72,13888,67.40833305753767,0.020000000000000018,11.435,0,43,200
73,14192,67.98166607320309,0.04500000000000004,11.155,0,36,200
74,14400,67.9433328146115,0.050000000000000044,11.57,0,31,200
75,14544,69.78666623029858,0.030000000000000027,11.38,0,36,200
76,14632,74.3866660669446,0.010000000000000009,11.47,0,33,200
77,14928,75.01166597660631,0.03500000000000003,10.735,0,33,200
78,15128,76.75833247695118,0.010000000000000009,11.585,0,27,200
79,15440,84.39833266288042,0.0050000000000000044,11.165,0,22,200
80,15488,76.26666612550616,0.0050000000000000044,11.38,0,33,200
81,15792,84.2233330802992,0.0050000000000000044,11.42,0,20,200
82,16000,81.25166625156999,0.015000000000000013,11.605,0,22,200
83,16144,68.66166610084474,0.010000000000000009,11.395,0,43,200
84,16232,69.70499926339835,0.0050000000000000044,11.655,0,39,200
85,16528,84.80499974731356,0.0,11.565,0,22,200
86,16728,58.57666614558548,0.07999999999999996,11.56,0,34,200
87,17040,76.6533325528726,0.010000000000000009,11.54,0,29,200
88,17088,80.22333285119385,0.0050000000000000044,11.48,0,25,200
89,17392,74.85999937076122,0.025000000000000022,11.28,0,31,200
90,17600,83.4933324707672,0.0050000000000000044,11.66,0,21,200
91,17744,78.66166641749442,0.0,11.275,0,32,200
92,17832,78.22333263140172,0.030000000000000027,11.6,0,21,200
93,18128,89.559999470599,0.0,11.34,0,18,200
94,18328,72.51999967731535,0.010000000000000009,11.28,0,37,200
95,18640,86.35666635632515,0.0,11.44,0,21,200
96,18688,69.09499978926033,0.020000000000000018,11.445,0,40,200
97,18992,76.80666618049145,0.0,11.59,0,32,200
98,19200,90.76333284564316,0.0,11.78,0,10,200
99,19344,79.72666604444385,0.015000000000000013,11.68,0,22,200
100,19432,72.60833304934204,0.050000000000000044,11.495,0,24,200
101,19728,86.73333310429007,0.010000000000000009,11.57,0,14,200
102,19928,75.69499914254993,0.015000000000000013,11.595,0,28,200
103,20240,74.76999921537936,0.03500000000000003,11.67,0,22,200
104,20288,79.05166575871408,0.010000000000000009,11.455,0,25,200
105,20592,83.61666637193412,0.0,11.62,0,23,200
106,20800,81.51333261094987,0.015000000000000013,11.69,0,18,200
107,20944,81.75333277788013,0.0,11.54,0,25,200
108,21032,77.87333337962627,0.020000000000000018,11.36,0,30,200
109,21328,75.45666607096791,0.040000000000000036,11.56,0,22,200
110,21528,84.84999939519912,0.0050000000000000044,11.55,0,19,200
111,21840,86.12666634656489,0.0,11.38,0,21,200
112,21888,82.6849990542978,0.020000000000000018,11.595,0,16,200
113,22192,75.26666576974094,0.015000000000000013,11.53,0,31,200
114,22400,84.49499964248389,0.0,11.595,0,20,200
115,22544,72.84666595142335,0.020000000000000018,11.65,0,30,200
116,22632,83.96333301626146,0.015000000000000013,11.42,0,19,200
117,22928,76.65666599664837,0.020000000000000018,11.62,0,24,200
118,23128,88.29333272296935,0.0050000000000000044,10.82,0,21,200
119,23440,79.7533330321312,0.0050000000000000044,11.42,0,27,200
120,23488,79.08166600111872,0.0050000000000000044,11.605,0,27,200
121,23792,79.20999954547733,0.0,11.28,0,31,200
122,24000,80.18499922100455,0.0,11.625,0,25,200
123,24144,82.47999960090965,0.0,11.16,0,27,200
124,24232,80.82833268400282,0.0,11.345,0,25,200
125,24528,84.65999952424318,0.0050000000000000044,11.61,0,19,200
126,24728,89.02166629210114,0.0,11.575,0,13,200
127,25040,82.41999926324934,0.010000000000000009,11.52,0,18,200
128,25088,82.27499906532466,0.020000000000000018,11.685,0,16,200
129,25392,85.32999948877841,0.0050000000000000044,11.73,0,17,200
130,25600,81.89666652865708,0.0,11.47,0,25,200
131,25744,74.02166603598744,0.015000000000000013,11.665,0,30,200
132,25832,84.59999920427799,0.0050000000000000044,11.73,0,16,200
133,26128,84.59666585829109,0.0,11.71,0,18,200
134,26328,83.85166574269533,0.0,11.635,0,19,200
135,26640,82.0366658968851,0.0,11.74,0,23,200
136,26688,87.04333217348903,0.0,11.75,0,14,200
137,26992,83.20666612591594,0.0,11.17,0,26,200
138,27200,91.79999876488,0.0,11.79,0,3,200
139,27344,80.08333275746554,0.020000000000000018,11.54,0,23,200
140,27432,85.2099993173033,0.0,11.52,0,20,200
141,27728,88.2766662267968,0.0,11.59,0,15,200
142,27928,77.82166548259556,0.030000000000000027,11.755,0,18,200
143,28240,83.41166588757187,0.0,11.665,0,19,200
144,28288,80.0633322969079,0.020000000000000018,11.66,0,17,200
145,28592,80.19666571170092,0.010000000000000009,11.65,0,21,200
146,28800,84.32333274651319,0.0050000000000000044,11.66,0,18,200
147,28944,81.68166575022042,0.0050000000000000044,11.425,0,24,200
148,29032,75.70499917306006,0.030000000000000027,11.685,0,23,200
149,29328,84.42166600748897,0.020000000000000018,11.425,0,14,200
150,29528,88.51333269197494,0.0,11.21,0,20,200
151,29840,84.63499902095646,0.0,11.745,0,19,200
152,29888,88.19499940704554,0.0050000000000000044,11.475,0,13,200
153,30192,87.01666583213955,0.0,11.89,0,14,200
154,30400,79.53166620060802,0.010000000000000009,11.575,0,24,200
155,30544,89.0349998390302,0.0,11.685,0,16,200
156,30632,89.3583330931142,0.0,11.015,0,21,200
157,30928,83.67166589479893,0.0,11.695,0,21,200
158,31128,82.48166598100215,0.010000000000000009,11.695,0,19,200
159,31440,85.21333281695843,0.0050000000000000044,11.24,0,22,200
160,31488,83.98166632466018,0.0,11.365,0,25,200
161,31792,82.29166597314179,0.010000000000000009,11.785,0,17,200
162,32000,85.95166666433215,0.0,11.545,0,18,200
163,32144,89.0866658873856,0.0,11.56,0,16,200
164,32232,82.51166600361466,0.010000000000000009,11.575,0,18,200
165,32528,85.45999903790653,0.010000000000000009,11.58,0,13,200
166,32728,90.3349992018193,0.0,11.625,0,10,200
167,33040,89.30833299364895,0.0,11.495,0,16,200
168,33088,86.30499967280775,0.0050000000000000044,11.505,0,17,200
169,33392,84.20333234313875,0.0,11.75,0,19,200
170,33600,89.47499936353415,0.0,11.385,0,15,200
171,33744,83.29999932926148,0.020000000000000018,11.64,0,17,200
172,33832,74.67166545893997,0.04500000000000004,11.665,0,18,200
173,34128,82.97999915108085,0.0050000000000000044,11.52,0,22,200
174,34328,92.92166640050709,0.0,11.155,0,14,200
175,34640,90.8949994314462,0.015000000000000013,11.625,0,5,200
176,34688,86.16666678711772,0.010000000000000009,11.35,0,19,200
177,34992,84.78666615579277,0.010000000000000009,11.68,0,16,200
178,35200,88.90499956067652,0.0,11.805,0,13,200
179,35344,90.28166633285582,0.0,11.605,0,12,200
180,35432,84.87666573747993,0.010000000000000009,11.56,0,16,200
181,35728,89.56166616640985,0.0050000000000000044,11.575,0,13,200
182,35928,92.04333307780325,0.0,11.6,0,12,200
183,36240,92.35999893769622,0.0050000000000000044,11.82,0,4,200
184,36288,88.2466661175713,0.010000000000000009,11.56,0,12,200
185,36592,84.78666571900249,0.030000000000000027,11.8,0,8,200
186,36800,88.66166567523032,0.0,11.785,0,12,200
187,36944,88.32499929144979,0.0,11.655,0,16,200
188,37032,87.11499906517565,0.015000000000000013,11.805,0,9,200
189,37328,94.3016662504524,0.0,11.695,0,7,200
190,37528,84.94166648574173,0.0,11.635,0,21,200
191,37840,88.31833280995488,0.015000000000000013,11.585,0,12,200
192,37888,85.48333249054849,0.0050000000000000044,11.48,0,20,200
193,38192,89.92999961413443,0.0,11.67,0,12,200
194,38400,91.60166635550559,0.0,11.545,0,12,200
195,38544,89.62666638195515,0.0,11.08,0,20,200
196,38632,89.70833276491612,0.0050000000000000044,11.645,0,11,200
197,38928,82.78833306673914,0.0050000000000000044,11.555,0,21,200
198,39128,89.27999974228442,0.0,11.64,0,13,200
199,39440,90.65666618943214,0.0,11.71,0,11,200
200,39488,79.05499936081469,0.040000000000000036,11.775,0,16,200
201,39792,86.3333331355825,0.0050000000000000044,11.27,0,20,200
202,40000,89.91166621167213,0.0,11.545,0,14,200
203,40144,89.48666611593217,0.0,11.44,0,15,200
204,40232,87.83333320636302,0.010000000000000009,11.45,0,16,200
205,40528,90.70666579902172,0.010000000000000009,11.8,0,6,200
206,40728,89.8349992306903,0.0,11.565,0,14,200
207,41040,91.85333273559809,0.0,11.24,0,14,200
208,41088,89.81499929353595,0.0,11.715,0,12,200
209,41392,91.77166652493179,0.0,11.125,0,16,200
210,41600,88.96999948192388,0.0,11.67,0,14,200
211,41744,83.3283329308033,0.0,11.645,0,22,200
212,41832,88.70166625082493,0.0,11.635,0,16,200
213,42128,86.41999932844192,0.020000000000000018,11.49,0,14,200
214,42328,97.20333294849843,0.0,11.57,0,5,200
215,42640,88.42999971285462,0.0,11.67,0,15,200
216,42688,91.0599992023781,0.015000000000000013,11.58,0,6,200
217,42992,87.67833306640387,0.015000000000000013,11.615,0,12,200
218,43200,87.6633329661563,0.0050000000000000044,11.39,0,17,200
219,43344,86.368332516402,0.0,11.765,0,15,200
220,43432,90.80499895568937,0.0050000000000000044,11.745,0,7,200
221,43728,80.2983325291425,0.03500000000000003,11.675,0,14,200
222,43928,83.08666571881622,0.010000000000000009,11.77,0,16,200
223,44240,88.69499964267015,0.0,11.385,0,17,200
224,44288,80.74333248008043,0.030000000000000027,11.72,0,17,200
225,44592,84.49833280500025,0.025000000000000022,11.735,0,12,200
226,44800,88.48499969020486,0.0,11.445,0,18,200
227,44944,93.76166599802673,0.0,11.755,0,7,200
228,45032,88.72333265189081,0.0050000000000000044,11.87,0,9,200
229,45328,89.76666592154652,0.010000000000000009,11.62,0,10,200
230,45528,79.46833291463554,0.03500000000000003,11.405,0,20,200
231,45840,90.06999919284135,0.0,11.76,0,11,200
232,45888,88.04999951273203,0.0,11.7,0,16,200
233,46192,90.66833263169974,0.0050000000000000044,11.675,0,10,200
234,46400,87.11999911349267,0.010000000000000009,11.7,0,12,200
235,46544,85.96666582114995,0.025000000000000022,11.65,0,9,200
236,46632,90.25999956578016,0.0050000000000000044,11.7,0,12,200
237,46928,88.85333273094147,0.0050000000000000044,11.3,0,16,200
238,47128,88.47499926201999,0.0050000000000000044,11.595,0,12,200
239,47440,79.94333216454834,0.04500000000000004,11.75,0,11,200
240,47488,89.02499914262444,0.0050000000000000044,11.805,0,9,200
241,47792,89.38166633248329,0.0050000000000000044,11.395,0,14,200
242,48000,92.77999924123287,0.0,11.79,0,7,200
243,48144,90.83333283290267,0.0,11.51,0,13,200
244,48232,86.78666574787349,0.020000000000000018,11.47,0,11,200
245,48528,90.18499939888716,0.0,11.685,0,13,200
246,48728,87.28499925415963,0.015000000000000013,11.415,0,14,200
247,49040,90.391665879637,0.0,11.575,0,11,200
248,49088,88.20166635885835,0.0,11.395,0,21,200
249,49392,87.80999884195626,0.015000000000000013,11.73,0,9,200
250,49600,91.38333269115537,0.0,11.69,0,10,200
251,49744,75.79833248257637,0.07499999999999996,11.705,0,8,200
252,49832,91.48166608810425,0.0,11.125,0,16,200
253,50128,88.42499929759651,0.0050000000000000044,11.625,0,11,200
254,50328,89.08999947924167,0.0,11.22,0,18,200
255,50640,94.83166597224772,0.0,11.695,0,6,200
256,50688,91.18833326827735,0.0,11.405,0,13,200
257,50992,89.87166599649936,0.0050000000000000044,11.575,0,12,200
258,51200,90.04499926418066,0.010000000000000009,11.685,0,9,200
259,51344,90.41333234868944,0.0,11.87,0,10,200
260,51432,87.30833271052688,0.0050000000000000044,11.615,0,15,200
261,51728,85.1299995239824,0.0050000000000000044,11.58,0,20,200
262,51928,80.74166560918093,0.040000000000000036,11.665,0,14,200
263,52240,94.15666614752263,0.0,11.65,0,9,200
264,52288,89.16499917767942,0.0,11.655,0,14,200
265,52592,85.4816661560908,0.0,11.575,0,21,200
266,52800,88.70666619949043,0.0,11.59,0,16,200
267,52944,88.08166579436511,0.0,11.695,0,16,200
268,53032,96.94166625104845,0.0,10.945,0,10,200
269,53328,83.28166552167386,0.025000000000000022,11.545,0,14,200
270,53528,91.96833286806941,0.0050000000000000044,11.345,0,11,200
271,53840,88.0849997960031,0.0,11.445,0,20,200
272,53888,89.4266662998125,0.0050000000000000044,11.62,0,12,200
273,54192,93.19499915465713,0.0,11.655,0,6,200
274,54400,91.43499959725887,0.0,11.475,0,11,200
275,54544,90.75833273679018,0.0,11.615,0,10,200
276,54632,84.21999909263104,0.015000000000000013,11.73,0,15,200
277,54928,90.8499994687736,0.0,11.58,0,12,200
278,55128,86.24833247531205,0.020000000000000018,11.615,0,11,200
279,55440,86.66666643042117,0.010000000000000009,11.29,0,18,200
280,55488,92.47499914653599,0.0,11.385,0,9,200
281,55792,89.71499886550009,0.0050000000000000044,11.775,0,8,200
282,56000,83.58833247516304,0.020000000000000018,11.345,0,17,200
283,56144,89.93333219643682,0.0050000000000000044,11.84,0,6,200
284,56232,91.78833257872611,0.0050000000000000044,11.465,0,8,200
285,56528,87.74833254143596,0.020000000000000018,11.345,0,11,200
286,56728,92.90333246346563,0.0,11.78,0,3,200
287,57040,86.55833233799785,0.010000000000000009,11.705,0,12,200
288,57088,84.08833230193704,0.020000000000000018,11.795,0,10,200
289,57392,88.3433329174295,0.0,11.18,0,20,200
290,57600,94.23333240114152,0.0,11.45,0,5,200
291,57744,92.92666628118604,0.0,11.35,0,11,200
292,57832,88.88666596915573,0.0,11.35,0,17,200
293,58128,91.8349991524592,0.0,11.505,0,12,200
294,58328,90.5199992088601,0.0,11.82,0,7,200
295,58640,92.11666621640325,0.0,10.81,0,21,200
296,58688,90.23833253793418,0.0,11.675,0,12,200
297,58992,86.63666591793299,0.0050000000000000044,11.62,0,17,200
298,59200,87.47166569251567,0.010000000000000009,11.665,0,13,200
299,59344,88.78499917313457,0.0050000000000000044,11.565,0,11,200
300,59432,85.19666589144617,0.020000000000000018,11.53,0,13,200
301,59728,86.63499906472862,0.0050000000000000044,11.685,0,14,200
302,59928,90.80166592262685,0.015000000000000013,11.515,0,7,200
303,60240,91.72999967169017,0.0,11.34,0,14,200
304,60288,87.32499875687063,0.0050000000000000044,11.775,0,11,200
305,60592,91.39166619908065,0.0050000000000000044,11.245,0,14,200
306,60800,87.55999888293445,0.030000000000000027,11.55,0,6,200
307,60944,91.91166574135423,0.0,11.695,0,7,200
308,61032,87.49666628148407,0.0,10.9,0,26,200
309,61328,92.31499908398837,0.020000000000000018,11.355,0,3,200
310,61528,90.31833323650062,0.0,10.955,0,22,200
311,61840,90.63999940361828,0.0050000000000000044,11.25,0,13,200
312,61888,76.94999875500798,0.06499999999999995,11.76,0,7,200
313,62192,86.8633325388655,0.010000000000000009,11.45,0,15,200
314,62400,87.43166576046497,0.0,11.575,0,17,200
315,62544,85.77833259571344,0.015000000000000013,11.285,0,17,200
316,62632,89.8283324688673,0.010000000000000009,11.255,0,13,200
317,62928,90.67666587699205,0.0,11.5,0,13,200
318,63128,89.84499887935817,0.0,11.745,0,9,200
319,63440,89.00999951642007,0.0050000000000000044,11.22,0,18,200
320,63488,81.16166599746794,0.010000000000000009,11.695,0,20,200
321,63792,91.33499954920262,0.0,11.145,0,18,200
322,64000,83.52499899826944,0.015000000000000013,11.295,0,20,200
323,64144,83.3383325273171,0.03500000000000003,11.255,0,15,200
324,64232,88.30999965406954,0.0,10.92,0,24,200
325,64528,83.42666578572243,0.03500000000000003,11.32,0,12,200
326,64728,89.92166584730148,0.0050000000000000044,11.485,0,12,200
327,65040,91.42666590679437,0.0,11.68,0,10,200
328,65088,88.7699993243441,0.0050000000000000044,11.46,0,15,200
329,65392,87.74499937705696,0.0,11.325,0,21,200
330,65600,84.63166561815888,0.030000000000000027,11.515,0,11,200
331,65744,89.37499910127372,0.010000000000000009,11.565,0,10,200
332,65832,86.05333227198571,0.010000000000000009,11.81,0,11,200
333,66128,91.68666610307992,0.0,11.38,0,13,200
334,66328,93.59833272267133,0.0,10.745,0,17,200
335,66640,93.63999930862337,0.0,11.25,0,12,200
336,66688,92.5349993230775,0.0,10.905,0,16,200
337,66992,92.61499973759055,0.0,10.485,0,22,200
338,67200,84.37333216611296,0.03500000000000003,11.66,0,8,200
339,67344,87.87833249662071,0.010000000000000009,11.345,0,15,200
340,67432,91.85333323758096,0.015000000000000013,10.88,0,14,200
341,67728,89.84666630160064,0.0,11.29,0,17,200
342,67928,76.70333284139633,0.07499999999999996,10.73,0,18,200
343,68240,90.5983331669122,0.0,10.595,0,26,200
344,68288,91.5166658135131,0.0,11.05,0,16,200
345,68592,90.41166573949158,0.0050000000000000044,11.365,0,11,200
346,68800,83.87499963585287,0.0,10.845,0,32,200
347,68944,91.19999919831753,0.0050000000000000044,11.25,0,13,200
348,69032,90.13333222921938,0.0050000000000000044,11.72,0,7,200
349,69328,93.35499958600849,0.010000000000000009,10.815,0,13,200
350,69528,82.39333246462047,0.06999999999999995,11.12,0,8,200
351,69840,91.21833313722163,0.0,10.775,0,22,200
352,69888,86.79833289142698,0.025000000000000022,10.775,0,19,200
353,70192,89.68999916315079,0.015000000000000013,11.4,0,11,200
354,70400,93.73666683398187,0.010000000000000009,10.03,0,25,200
355,70544,94.34999973513186,0.0,10.47,0,19,200
356,70632,90.89999933820218,0.015000000000000013,11.37,0,10,200
357,70928,94.32833262905478,0.0,11.345,0,10,200
358,71128,85.15499922726303,0.030000000000000027,11.415,0,13,200
359,71440,90.80499933846295,0.020000000000000018,11.085,0,11,200
360,71488,93.66999935917556,0.0,11.67,0,8,200
361,71792,89.0133323231712,0.020000000000000018,11.78,0,6,200
362,72000,91.03333291690797,0.015000000000000013,10.67,0,20,200
363,72144,94.73333256412297,0.0,11.48,0,7,200
364,72232,93.95666636899114,0.0,10.93,0,15,200
365,72528,98.69833296351135,0.0,10.505,0,15,200
366,72728,93.44666640274227,0.0050000000000000044,10.51,0,20,200
367,73040,94.6766662672162,0.0,10.6,0,19,200
368,73088,91.66999949328601,0.015000000000000013,10.68,0,19,200
369,73392,98.01499961782247,0.0,10.275,0,19,200
370,73600,93.31833286210895,0.0,10.265,0,25,200
371,73744,92.65499953180552,0.0,10.905,0,18,200
372,73832,88.37499911990017,0.030000000000000027,11.355,0,8,200
373,74128,88.24166576378047,0.03500000000000003,11.125,0,10,200
374,74328,93.81833281274885,0.0,10.895,0,16,200
375,74640,95.52333313785493,0.010000000000000009,10.67,0,14,200
376,74688,97.34499978739768,0.010000000000000009,10.005,0,19,200
377,74992,94.66499964892864,0.0,11.055,0,13,200
378,75200,94.37499983236194,0.0,10.665,0,19,200
379,75344,98.90333301573992,0.0,10.25,0,17,200
380,75432,96.7783329654485,0.0050000000000000044,10.325,0,18,200
381,75728,95.58999933395535,0.0,11.37,0,7,200
382,75928,89.053332795389,0.03500000000000003,10.4,0,21,200
383,76240,99.454999351874,0.010000000000000009,10.305,0,11,200
384,76288,93.45833335444331,0.015000000000000013,10.325,0,21,200
385,76592,92.09333283640444,0.0050000000000000044,11.27,0,13,200
386,76800,98.22499987203628,0.0,10.395,0,18,200
387,76944,96.80999960098416,0.0,10.8,0,13,200
388,77032,96.66999942809343,0.0,10.98,0,12,200
389,77328,92.56499966327101,0.015000000000000013,10.545,0,21,200
390,77528,94.33333353418857,0.0,10.76,0,20,200
391,77840,92.93499944359064,0.015000000000000013,11.385,0,7,200
392,77888,100.19166686851531,0.0050000000000000044,9.745,0,20,200
393,78192,96.43999968003482,0.015000000000000013,9.6,0,23,200
394,78400,94.62999982386827,0.0050000000000000044,10.38,0,22,200
395,78544,97.56166640948504,0.0,10.975,0,11,200
396,78632,89.65166609548032,0.040000000000000036,10.165,0,20,200
397,78928,94.34999946691096,0.015000000000000013,10.8,0,13,200
398,79128,99.30166649073362,0.0,10.435,0,14,200
399,79440,100.63333285134286,0.0,10.43,0,13,200
400,79488,98.01166628301144,0.0050000000000000044,10.495,0,14,200
401,79792,101.3033332079649,0.0050000000000000044,10.22,0,12,200
402,80000,93.27000004518777,0.015000000000000013,10.92,0,16,200
403,80144,80.98666597064584,0.06999999999999995,11.14,0,10,200
404,80232,101.60666663013399,0.0,10.0,0,17,200
405,80528,105.16166645102203,0.0050000000000000044,9.595,0,17,200
406,80728,92.70333317760378,0.030000000000000027,10.73,0,11,200
407,81040,96.99499976448715,0.010000000000000009,10.605,0,14,200
408,81088,90.49999992921948,0.025000000000000022,10.71,0,16,200
409,81392,81.78666693158448,0.09499999999999997,10.18,0,14,200
410,81600,98.63833334110677,0.010000000000000009,10.085,0,17,200
411,81744,99.07166655547917,0.03500000000000003,9.865,0,12,200
412,81832,97.1116661624983,0.020000000000000018,10.135,0,16,200
413,82128,88.46166661381721,0.050000000000000044,10.165,0,21,200
414,82328,96.85166621953249,0.010000000000000009,10.675,0,14,200
415,82640,92.76166610699147,0.030000000000000027,10.675,0,13,200
416,82688,89.34833316225559,0.06499999999999995,10.475,0,10,200
417,82992,95.41833325754851,0.03500000000000003,10.085,0,15,200
418,83200,101.32333342637867,0.010000000000000009,9.65,0,19,200
419,83344,97.7366664800793,0.020000000000000018,9.85,0,20,200
420,83432,101.94500005897135,0.020000000000000018,9.075,0,23,200
421,83728,97.1566663486883,0.010000000000000009,10.48,0,14,200
422,83928,94.85333354678005,0.040000000000000036,9.32,0,24,200
423,84240,93.3966659437865,0.020000000000000018,11.35,0,5,200
424,84288,104.18000058736652,0.0050000000000000044,8.79,0,28,200
425,84592,109.74833318591118,0.020000000000000018,8.495,0,19,200
426,84800,92.03999961167574,0.020000000000000018,10.71,0,16,200
427,84944,103.75666614528745,0.010000000000000009,10.15,0,8,200
428,85032,98.4466666392982,0.025000000000000022,9.25,0,26,200
429,85328,98.28333307616413,0.030000000000000027,10.13,0,12,200
430,85528,92.97333314828575,0.050000000000000044,9.92,0,15,200
431,85840,88.85166679415852,0.06999999999999995,9.715,0,19,200
432,85888,96.92333333101124,0.04500000000000004,9.53,0,17,200
433,86192,101.99166655912995,0.030000000000000027,9.115,0,21,200
434,86400,102.41999989748001,0.0050000000000000044,10.26,0,11,200
435,86544,102.53500003926456,0.040000000000000036,8.865,0,17,200
436,86632,95.09166676551104,0.030000000000000027,9.925,0,20,200
437,86928,102.34333356842399,0.020000000000000018,9.05,0,23,200
438,87128,91.50999979488552,0.04500000000000004,10.14,0,19,200
439,87440,106.55166640412062,0.015000000000000013,9.085,0,18,200
440,87488,82.84833314269781,0.10499999999999998,9.935,0,15,200
441,87792,92.32166621554643,0.06000000000000005,10.345,0,9,200
442,88000,93.14666679222137,0.03500000000000003,10.57,0,11,200
443,88144,99.71166605688632,0.0050000000000000044,10.645,0,10,200
444,88232,104.95833324454725,0.020000000000000018,9.215,0,18,200
445,88528,100.78166651725769,0.0,9.805,0,19,200
446,88728,107.50666683539748,0.010000000000000009,9.04,0,19,200
447,89040,109.2149997735396,0.0,9.495,0,12,200
448,89088,99.14499985985458,0.050000000000000044,8.955,0,19,200
449,89392,105.59999950509518,0.0,9.9,0,14,200
450,89600,92.34333315491676,0.0050000000000000044,11.18,0,15,200
451,89744,84.90333272051066,0.06000000000000005,11.18,0,8,200
452,89832,96.92333302088082,0.010000000000000009,10.55,0,15,200
453,90128,97.3083329461515,0.0,10.475,0,17,200
454,90328,91.36166616529226,0.0,11.515,0,14,200
455,90640,103.8899997100234,0.010000000000000009,9.81,0,14,200
456,90688,95.95166637469083,0.040000000000000036,10.555,0,7,200
457,90992,95.83500008098781,0.030000000000000027,10.335,0,12,200
458,91200,95.1016665622592,0.04500000000000004,9.805,0,15,200
459,91344,104.18333346862346,0.015000000000000013,9.65,0,14,200
460,91432,96.3983329795301,0.015000000000000013,10.835,0,10,200
461,91728,103.86500005051494,0.010000000000000009,9.345,0,21,200
462,91928,100.19333313219249,0.020000000000000018,9.86,0,16,200
463,92240,92.93166662286967,0.040000000000000036,10.195,0,17,200
464,92288,87.37000014446676,0.08999999999999997,9.66,0,17,200
465,92592,90.9166662292555,0.040000000000000036,10.72,0,13,200
466,92800,104.50333337858319,0.025000000000000022,8.9,0,19,200
467,92944,100.44499958958477,0.010000000000000009,10.305,0,13,200
468,93032,115.74333305843174,0.0050000000000000044,8.75,0,12,200
469,93328,102.94499996863306,0.040000000000000036,9.105,0,18,200
470,93528,97.48833294212818,0.020000000000000018,9.905,0,20,200
471,93840,92.74166602361947,0.040000000000000036,9.925,0,19,200
472,93888,95.25500000361353,0.025000000000000022,10.605,0,13,200
473,94192,99.66000000853091,0.03500000000000003,9.63,0,16,200
474,94400,86.24333374388516,0.06000000000000005,10.49,0,19,200
475,94544,100.7216666713357,0.040000000000000036,9.715,0,11,200
476,94632,100.58166665397584,0.04500000000000004,9.475,0,13,200
477,94928,105.46833335142583,0.020000000000000018,9.335,0,16,200
478,95128,104.88499975483865,0.010000000000000009,9.945,0,9,200
479,95440,99.79999961145222,0.025000000000000022,10.44,0,7,200
480,95488,102.77333323657513,0.030000000000000027,9.5,0,14,200
481,95792,103.00666642095894,0.010000000000000009,9.37,0,19,200
482,96000,114.121666662395,0.0,8.815,0,15,200
483,96144,92.07333316467702,0.025000000000000022,10.61,0,18,200
484,96232,93.20999959576875,0.040000000000000036,10.59,0,11,200
485,96528,97.81333288364112,0.015000000000000013,11.03,0,5,200
486,96728,101.96166712325066,0.050000000000000044,9.355,0,12,200
487,97040,100.45999963115901,0.040000000000000036,10.05,0,8,200
488,97088,94.07166695874184,0.03500000000000003,10.195,0,16,200
489,97392,107.89000007417053,0.06000000000000005,8.67,0,9,200
490,97600,108.41833345219493,0.050000000000000044,8.885,0,6,200
491,97744,88.75333305820823,0.06499999999999995,10.49,0,12,200
492,97832,100.64500019699335,0.025000000000000022,9.555,0,20,200
493,98128,101.68166679795831,0.040000000000000036,9.835,0,7,200
494,98328,113.04666687361896,0.0,9.34,0,9,200
495,98640,99.90333360992372,0.020000000000000018,10.37,0,12,200
496,98688,92.36333342641592,0.03500000000000003,10.67,0,14,200
497,98992,94.48499999940395,0.10499999999999998,9.195,0,8,200
498,99200,109.27666659187526,0.0,9.31,0,17,200
499,99344,103.55666716303676,0.06000000000000005,8.86,0,11,200
500,99432,101.75333336181939,0.025000000000000022,9.98,0,12,200
501,99728,99.88499985728413,0.0050000000000000044,10.605,0,13,200
502,99928,90.68333346024156,0.04500000000000004,11.0,0,12,200
503,100240,98.12999956309795,0.010000000000000009,10.95,0,9,200
504,100288,108.01166678126901,0.020000000000000018,9.595,0,9,200
505,100592,110.64499973319471,0.0050000000000000044,9.225,0,16,200
506,100800,110.72333341743797,0.010000000000000009,9.56,0,7,200
507,100944,104.39499986637384,0.030000000000000027,9.915,0,7,200
508,101032,103.54166663717479,0.025000000000000022,9.985,0,9,200
509,101328,96.74666643608361,0.04500000000000004,10.3,0,8,200
510,101528,107.37999961338937,0.040000000000000036,9.24,0,7,200
511,101840,104.39500037394464,0.06999999999999995,8.775,0,9,200
512,101888,107.29166665300727,0.025000000000000022,9.475,0,10,200
513,102192,93.96333322580904,0.13,8.54,0,9,200
514,102400,99.17333330214024,0.020000000000000018,10.64,0,10,200
515,102544,105.83333321195096,0.09499999999999997,7.82,0,12,200
516,102632,114.12499969825149,0.040000000000000036,8.745,0,6,200
517,102928,101.18333352543414,0.015000000000000013,10.28,0,11,200
518,103128,113.8416670653969,0.040000000000000036,8.335,0,10,200
519,103440,95.39999986626208,0.125,8.58,0,8,200
520,103488,87.74333299603313,0.06999999999999995,10.34,0,16,200
521,103792,119.25333370547742,0.0,8.45,0,12,200
522,104000,99.57000010740012,0.0050000000000000044,10.68,0,13,200
523,104144,104.71499987784773,0.015000000000000013,9.855,0,11,200
524,104232,111.03499995358288,0.015000000000000013,9.045,0,13,200
525,104528,107.48500004131347,0.020000000000000018,9.705,0,9,200
526,104728,114.29833384603262,0.040000000000000036,8.465,0,5,200
527,105040,96.44833347760141,0.050000000000000044,9.935,0,12,200
528,105088,108.4449996156618,0.0,9.495,0,13,200
529,105392,102.88166635669768,0.06000000000000005,8.725,0,16,200
530,105600,106.08000040333718,0.010000000000000009,9.6,0,14,200
531,105744,95.46166653931141,0.04500000000000004,10.315,0,9,200
532,105832,104.1950003337115,0.025000000000000022,9.945,0,8,200
533,106128,100.41333338990808,0.050000000000000044,9.47,0,13,200
534,106328,96.90833281632513,0.04500000000000004,10.145,0,9,200
535,106640,110.59333384223282,0.015000000000000013,8.9,0,15,200
536,106688,106.54499986208975,0.030000000000000027,9.375,0,9,200
537,106992,95.60666640289128,0.06000000000000005,9.55,0,18,200
538,107200,108.40166663564742,0.020000000000000018,8.665,0,22,200
539,107344,103.41833325661719,0.015000000000000013,9.965,0,13,200
540,107432,103.8016662299633,0.015000000000000013,9.535,0,18,200
541,107728,101.44333312287927,0.0050000000000000044,10.55,0,10,200
542,107928,100.16333336569369,0.020000000000000018,10.16,0,12,200
543,108240,100.5733333248645,0.03500000000000003,10.04,0,9,200
544,108288,109.79166713077575,0.010000000000000009,9.295,0,12,200
545,108592,88.03166659642011,0.030000000000000027,11.065,0,16,200
546,108800,111.27666654903442,0.0050000000000000044,9.01,0,16,200
547,108944,111.51499965693802,0.06000000000000005,7.995,0,11,200
548,109032,103.10166675597429,0.010000000000000009,10.345,0,9,200
549,109328,104.05166663881391,0.030000000000000027,9.445,0,15,200
550,109528,103.41833328735083,0.015000000000000013,9.965,0,13,200
551,109840,108.48166662454605,0.0050000000000000044,9.505,0,13,200
552,109888,98.60666611790657,0.03500000000000003,9.88,0,16,200
553,110192,100.96333397366107,0.07999999999999996,8.3,0,17,200
554,110400,110.85000019334257,0.030000000000000027,9.03,0,9,200
555,110544,104.17833367083222,0.050000000000000044,9.245,0,10,200
556,110632,107.51499992702156,0.0,9.855,0,13,200
557,110928,102.85166680812836,0.020000000000000018,9.805,0,12,200
558,111128,113.4916665982455,0.0050000000000000044,8.995,0,13,200
559,111440,116.9016667669639,0.03500000000000003,7.975,0,10,200
560,111488,97.89166670106351,0.07999999999999996,9.025,0,13,200
561,111792,108.39833376463503,0.04500000000000004,8.555,0,13,200
562,112000,94.54500016197562,0.050000000000000044,10.605,0,6,200
563,112144,104.12333395518363,0.030000000000000027,9.14,0,17,200
564,112232,113.42833317723125,0.015000000000000013,8.855,0,11,200
565,112528,114.06333326362073,0.015000000000000013,8.39,0,15,200
566,112728,101.64166622981429,0.0050000000000000044,10.705,0,7,200
567,113040,94.7933335788548,0.04500000000000004,10.13,0,16,200
568,113088,96.66666665580124,0.04500000000000004,9.58,0,18,200
569,113392,106.91999986115843,0.050000000000000044,8.46,0,17,200
570,113600,101.95166660379618,0.03500000000000003,9.415,0,15,200
571,113744,84.5000000456348,0.11499999999999999,9.93,0,9,200
572,113832,93.55166666954756,0.040000000000000036,10.045,0,19,200
573,114128,109.20999965351075,0.0,9.18,0,20,200
574,114328,119.2833337103948,0.0,8.27,0,14,200
575,114640,97.15166718699038,0.03500000000000003,9.655,0,18,200
576,114688,104.95000027958304,0.050000000000000044,8.76,0,14,200
577,114992,106.78333347477019,0.0050000000000000044,9.38,0,19,200
578,115200,92.01999980397522,0.06499999999999995,9.57,0,18,200
579,115344,97.15833362657577,0.05500000000000005,9.425,0,17,200
580,115432,115.80999974813312,0.0050000000000000044,8.85,0,11,200
581,115728,105.79000009875745,0.015000000000000013,9.24,0,18,200
582,115928,107.13499983772635,0.050000000000000044,8.505,0,14,200
583,116240,102.79333360586315,0.025000000000000022,9.38,0,18,200
584,116288,93.65333297476172,0.030000000000000027,10.73,0,11,200
585,116592,100.37666679359972,0.030000000000000027,9.55,0,17,200
586,116800,93.84666660241783,0.050000000000000044,9.73,0,18,200
587,116944,97.52999991830438,0.0050000000000000044,10.38,0,19,200
588,117032,100.6033334415406,0.04500000000000004,9.62,0,10,200
589,117328,101.44666717480868,0.0050000000000000044,9.94,0,19,200
590,117528,106.6916664103046,0.025000000000000022,8.905,0,16,200
591,117840,97.67999992333353,0.050000000000000044,9.66,0,14,200
592,117888,86.73666603397578,0.06999999999999995,10.57,0,12,200
593,118192,81.87166621908545,0.06499999999999995,11.245,0,11,200
594,118400,106.7483337437734,0.040000000000000036,8.585,0,17,200
595,118544,101.1383332805708,0.0050000000000000044,10.265,0,13,200
596,118632,105.75166652537882,0.015000000000000013,9.565,0,14,200
597,118928,109.20166632253677,0.020000000000000018,8.485,0,21,200
598,119128,99.58666666503996,0.020000000000000018,10.24,0,13,200
599,119440,92.37333360221237,0.06999999999999995,9.77,0,15,200
600,119488,112.1566670332104,0.03500000000000003,8.68,0,7,200
601,119792,97.75500005763024,0.08499999999999996,9.015,0,10,200
602,120000,90.84999986644834,0.08999999999999997,9.45,0,15,200
603,120144,111.7283335858956,0.010000000000000009,8.825,0,17,200
604,120232,90.78333327453583,0.04500000000000004,10.52,0,13,200
605,120528,98.22166651301086,0.020000000000000018,10.315,0,14,200
606,120728,102.9916663672775,0.04500000000000004,9.235,0,11,200
607,121040,99.53333345800638,0.025000000000000022,10.01,0,14,200
608,121088,95.48999975714833,0.03500000000000003,10.05,0,16,200
609,121392,95.89499976113439,0.010000000000000009,10.755,0,13,200
610,121600,109.46166646946222,0.030000000000000027,8.725,0,15,200
611,121744,95.3349992763251,0.025000000000000022,10.815,0,7,200
612,121832,95.90166654903442,0.050000000000000044,10.015,0,11,200
613,122128,104.04500007256866,0.020000000000000018,9.135,0,19,200
614,122328,104.47833363339305,0.015000000000000013,9.455,0,15,200
615,122640,85.0816663466394,0.06000000000000005,10.825,0,12,200
616,122688,101.42166642472148,0.025000000000000022,9.835,0,13,200
617,122992,100.4666662979871,0.050000000000000044,9.34,0,14,200
618,123200,96.7450002739206,0.015000000000000013,10.005,0,22,200
619,123344,100.49666645750403,0.025000000000000022,9.85,0,13,200
620,123432,97.6249995501712,0.025000000000000022,10.305,0,13,200
621,123728,105.5383340548724,0.020000000000000018,9.305,0,16,200
622,123928,97.30166676733643,0.030000000000000027,9.895,0,17,200
623,124240,102.01333341468126,0.030000000000000027,9.2,0,21,200
624,124288,101.13000012096018,0.030000000000000027,9.3,0,20,200
625,124592,98.44166707899421,0.07499999999999996,8.755,0,16,200
626,124800,96.58499961066991,0.030000000000000027,10.305,0,12,200
627,124944,107.60500018298626,0.0050000000000000044,9.225,0,18,200
628,125032,95.41833264753222,0.030000000000000027,10.445,0,12,200
629,125328,111.0283332541585,0.010000000000000009,8.735,0,18,200
630,125528,104.25999975763261,0.0050000000000000044,9.72,0,19,200
631,125840,102.22333302628249,0.010000000000000009,9.86,0,16,200
632,125888,107.08166631031781,0.025000000000000022,9.085,0,15,200
633,126192,102.49666671920568,0.050000000000000044,9.1,0,13,200
634,126400,110.95666662417352,0.025000000000000022,8.5,0,16,200
635,126544,104.49833318311721,0.04500000000000004,9.125,0,10,200
636,126632,104.28666660282761,0.025000000000000022,9.4,0,16,200
637,126928,102.71500016748905,0.010000000000000009,9.435,0,23,200
638,127128,96.39166675973684,0.11499999999999999,8.305,0,13,200
639,127440,114.56000036280602,0.015000000000000013,8.31,0,16,200
640,127488,96.58666639961302,0.0050000000000000044,11.02,0,10,200
641,127792,92.41333321575075,0.06000000000000005,9.59,0,19,200
642,128000,109.29833318479359,0.020000000000000018,8.825,0,16,200
643,128144,93.33499973267317,0.030000000000000027,10.605,0,13,200
644,128232,95.81833272241056,0.010000000000000009,10.745,0,15,200
645,128528,94.43666617013514,0.030000000000000027,10.24,0,15,200
646,128728,109.26833360083401,0.05500000000000005,7.805,0,18,200
647,129040,108.37499949615449,0.020000000000000018,9.165,0,14,200
648,129088,106.40500039700419,0.04500000000000004,8.385,0,19,200
649,129392,94.92999989911914,0.025000000000000022,10.23,0,17,200
650,129600,85.64166601933539,0.06000000000000005,10.705,0,15,200
651,129744,103.72166675701737,0.050000000000000044,8.995,0,12,200
652,129832,105.70333349891007,0.050000000000000044,8.39,0,17,200
653,130128,98.88833345938474,0.10499999999999998,7.985,0,16,200
654,130328,94.02166697289795,0.06499999999999995,9.505,0,18,200
655,130640,95.78666668850929,0.040000000000000036,9.97,0,16,200
656,130688,112.70666677877307,0.06499999999999995,7.6,0,14,200
657,130992,102.01666643377393,0.030000000000000027,9.82,0,9,200
658,131200,111.1949999127537,0.030000000000000027,8.535,0,13,200
659,131344,87.85833311453462,0.09499999999999997,9.455,0,17,200
660,131432,106.52500013355166,0.030000000000000027,9.165,0,13,200
661,131728,97.93999961484224,0.025000000000000022,9.9,0,19,200
662,131928,96.39333340711892,0.050000000000000044,10.1,0,10,200
663,132240,86.16499982960522,0.07499999999999996,10.545,0,9,200
664,132288,112.16833381634206,0.04500000000000004,8.105,0,15,200
665,132592,91.9483329448849,0.05500000000000005,10.535,0,8,200
666,132800,101.4416663814336,0.04500000000000004,9.205,0,15,200
667,132944,106.89500001445413,0.03500000000000003,9.075,0,11,200
668,133032,99.77333376463503,0.050000000000000044,9.38,0,14,200
669,133328,104.77666645497084,0.05500000000000005,8.68,0,15,200
670,133528,95.37666673958302,0.06000000000000005,9.79,0,13,200
671,133840,107.23166657797992,0.020000000000000018,9.055,0,17,200
672,133888,93.88499987032264,0.07999999999999996,9.345,0,14,200
673,134192,110.1533334357664,0.04500000000000004,8.12,0,16,200
674,134400,100.2699993737042,0.040000000000000036,9.99,0,8,200
675,134544,87.55666619632393,0.09999999999999998,10.09,0,9,200
676,134632,108.81999971996993,0.020000000000000018,9.0,0,15,200
677,134928,106.96666658762842,0.010000000000000009,9.49,0,15,200
678,135128,104.33833304233849,0.05500000000000005,8.465,0,19,200
679,135440,99.96999985259026,0.04500000000000004,9.57,0,12,200
680,135488,95.89499965775758,0.06000000000000005,9.915,0,10,200
681,135792,109.51166685018688,0.040000000000000036,8.725,0,12,200
682,136000,101.54500029515475,0.07499999999999996,8.805,0,12,200
683,136144,90.52833309490234,0.07499999999999996,10.025,0,12,200
684,136232,92.15499963983893,0.08499999999999996,9.465,0,14,200
685,136528,98.62666684854776,0.09499999999999997,8.5,0,15,200
686,136728,99.0116663808003,0.06499999999999995,9.355,0,11,200
687,137040,106.48833336587995,0.06499999999999995,8.285,0,15,200
688,137088,98.43999957107008,0.04500000000000004,9.72,0,13,200
689,137392,100.64666723739356,0.06499999999999995,8.77,0,18,200
690,137600,91.47833293862641,0.07499999999999996,10.385,0,5,200
691,137744,104.36500002909452,0.03500000000000003,9.105,0,14,200
692,137832,100.726666117087,0.030000000000000027,10.09,0,9,200
693,138128,95.89166668709368,0.025000000000000022,10.045,0,20,200
694,138328,91.48500050324947,0.10499999999999998,9.315,0,10,200
695,138640,94.76333301421255,0.03500000000000003,10.34,0,14,200
696,138688,88.76166663039476,0.09999999999999998,9.145,0,18,200
697,138992,112.36166661139578,0.020000000000000018,9.085,0,9,200
698,139200,98.74499987624586,0.020000000000000018,9.915,0,18,200
699,139344,98.91333339177072,0.07499999999999996,9.2,0,10,200
700,139432,106.41833307407796,0.020000000000000018,9.575,0,9,200
701,139728,94.81999951787293,0.06000000000000005,9.99,0,9,200
702,139928,85.23166650440544,0.07999999999999996,10.345,0,14,200
703,140240,101.61000027600676,0.05500000000000005,8.91,0,16,200
704,140288,112.17499971948564,0.03500000000000003,8.745,0,7,200
705,140592,105.73499967250973,0.06000000000000005,8.625,0,13,200
706,140800,98.88333295937628,0.05500000000000005,9.83,0,6,200
707,140944,110.08166652545333,0.04500000000000004,8.095,0,19,200
708,141032,91.835000324063,0.07999999999999996,9.375,0,18,200
709,141328,95.5499999532476,0.06499999999999995,9.18,0,19,200
710,141528,111.24499992094934,0.0,9.135,0,17,200
711,141840,116.88166681863368,0.025000000000000022,7.945,0,14,200
712,141888,115.12166675273329,0.025000000000000022,8.035,0,17,200
713,142192,92.07666617725044,0.08999999999999997,9.67,0,11,200
714,142400,92.62999988067895,0.10499999999999998,9.27,0,9,200
715,142544,108.53833365160972,0.05500000000000005,8.405,0,10,200
716,142632,90.20833323989064,0.06999999999999995,10.205,0,10,200
717,142928,105.6916666245088,0.04500000000000004,8.725,0,16,200
718,143128,120.50500030908734,0.0,8.115,0,15,200
719,143440,111.29333316348493,0.0050000000000000044,9.35,0,11,200
720,143488,97.37000024411827,0.07999999999999996,9.12,0,12,200
721,143792,112.7683336827904,0.030000000000000027,8.435,0,11,200
722,144000,100.59333322383463,0.050000000000000044,9.29,0,16,200
723,144144,100.40666665416211,0.010000000000000009,10.15,0,17,200
724,144232,104.0883333766833,0.020000000000000018,9.275,0,19,200
725,144528,83.92166638094932,0.09499999999999997,10.195,0,13,200
726,144728,112.51499992795289,0.025000000000000022,8.475,0,15,200
727,145040,100.85999933630228,0.015000000000000013,9.93,0,18,200
728,145088,111.16166625358164,0.010000000000000009,9.295,0,11,200
729,145392,108.38833304867148,0.03500000000000003,8.885,0,12,200
730,145600,108.84999959822744,0.025000000000000022,9.21,0,10,200
731,145744,107.19166688155383,0.010000000000000009,9.595,0,13,200
732,145832,108.70666695944965,0.0050000000000000044,9.1,0,21,200
733,146128,106.37333361245692,0.04500000000000004,9.02,0,10,200
734,146328,117.07833286933601,0.010000000000000009,8.315,0,14,200
735,146640,111.36333388276398,0.04500000000000004,8.6,0,9,200
736,146688,107.26500022411346,0.06499999999999995,8.295,0,14,200
737,146992,95.60666658356786,0.050000000000000044,9.67,0,18,200
738,147200,113.66333330329508,0.050000000000000044,8.18,0,9,200
739,147344,110.47833323292434,0.04500000000000004,8.435,0,13,200
740,147432,106.93499965034425,0.06499999999999995,8.835,0,5,200
741,147728,108.37166675273329,0.05500000000000005,8.155,0,17,200
742,147928,95.10666654724628,0.07499999999999996,9.58,0,12,200
743,148240,95.96500004734844,0.04500000000000004,9.885,0,15,200
744,148288,95.9949996219948,0.09999999999999998,8.925,0,13,200
745,148592,102.3116667829454,0.05500000000000005,9.265,0,10,200
746,148800,105.04833291657269,0.0,10.235,0,10,200
747,148944,95.12666647229344,0.09999999999999998,8.71,0,14,200
748,149032,115.7549994578585,0.06499999999999995,7.635,0,9,200
749,149328,100.69166649598628,0.09499999999999997,8.215,0,15,200
750,149528,109.3583332952112,0.040000000000000036,8.765,0,10,200
751,149840,100.13666672259569,0.025000000000000022,9.76,0,16,200
752,149888,101.02166650630534,0.06000000000000005,9.205,0,11,200
753,150192,113.89000020828098,0.05500000000000005,7.71,0,14,200
754,150400,99.02499993052334,0.010000000000000009,10.125,0,18,200
755,150544,96.34833401348442,0.08999999999999997,8.885,0,12,200
756,150632,103.42333311121911,0.020000000000000018,9.32,0,18,200
757,150928,110.1883337777108,0.050000000000000044,8.285,0,12,200
758,151128,96.2383332895115,0.08999999999999997,8.855,0,14,200
759,151440,90.85333303362131,0.09499999999999997,9.41,0,13,200
760,151488,102.31833343300968,0.040000000000000036,9.485,0,13,200
761,151792,97.19666596315801,0.050000000000000044,10.0,0,9,200
762,152000,96.509999839589,0.04500000000000004,9.39,0,19,200
763,152144,101.76666674483567,0.040000000000000036,9.46,0,14,200
764,152232,101.4900001771748,0.040000000000000036,9.57,0,12,200
765,152528,101.43333357479423,0.03500000000000003,9.38,0,16,200
766,152728,100.84333351068199,0.10499999999999998,7.94,0,12,200
767,153040,106.01999979559332,0.03500000000000003,9.09,0,14,200
768,153088,97.48833332024515,0.040000000000000036,9.605,0,18,200
769,153392,108.91666656639427,0.015000000000000013,8.86,0,19,200
770,153600,96.66666670050472,0.040000000000000036,9.97,0,14,200
771,153744,100.67500014789402,0.06000000000000005,9.495,0,7,200
772,153832,101.90666676871479,0.040000000000000036,9.4,0,12,200
773,154128,109.41666665952653,0.03500000000000003,8.35,0,16,200
774,154328,107.15499990992248,0.020000000000000018,9.045,0,15,200
775,154640,98.8916665893048,0.025000000000000022,10.225,0,12,200
776,154688,112.02000023145229,0.05500000000000005,7.68,0,16,200
777,154992,100.78666676953435,0.04500000000000004,9.58,0,11,200
778,155200,112.79999977909029,0.06499999999999995,7.74,0,12,200
779,155344,103.93166667409241,0.030000000000000027,9.745,0,10,200
780,155432,118.46333286073059,0.015000000000000013,8.03,0,14,200
781,155728,99.71166678052396,0.03500000000000003,10.225,0,9,200
782,155928,91.47000015061349,0.07499999999999996,9.93,0,13,200
783,156240,100.94166652858257,0.04500000000000004,9.205,0,17,200
784,156288,101.30500055942684,0.04500000000000004,9.045,0,19,200
785,156592,107.60166691802442,0.06000000000000005,8.515,0,10,200
786,156800,99.9216664545238,0.12,7.435,0,19,200
787,156944,109.1533335139975,0.025000000000000022,8.72,0,15,200
788,157032,97.13166664727032,0.09499999999999997,8.755,0,14,200
789,157328,99.97666662652045,0.07999999999999996,8.98,0,10,200
790,157528,102.99500012490898,0.05500000000000005,8.385,0,23,200
791,157840,97.77500051259995,0.07499999999999996,8.955,0,14,200
792,157888,96.16833284962922,0.10499999999999998,8.285,0,16,200
793,158192,81.9416669048369,0.18000000000000005,8.215,0,18,200
794,158400,102.63000003341585,0.05500000000000005,8.64,0,18,200
795,158544,98.52500016056001,0.05500000000000005,9.285,0,15,200
796,158632,101.29166698176414,0.050000000000000044,9.205,0,14,200
797,158928,114.61999940034002,0.03500000000000003,7.95,0,15,200
798,159128,102.57000013440847,0.06000000000000005,8.88,0,11,200
799,159440,100.59499971754849,0.06499999999999995,8.985,0,14,200
800,159488,87.56666685361415,0.10499999999999998,9.7,0,11,200
801,159792,85.92499993275851,0.08999999999999997,10.245,0,13,200
802,160000,98.4733339222148,0.03500000000000003,9.14,0,24,200
803,160144,98.7583329230547,0.030000000000000027,10.145,0,10,200
804,160232,106.8783330861479,0.025000000000000022,9.035,0,15,200
805,160528,107.87499976716936,0.0050000000000000044,9.165,0,19,200
806,160728,103.79166710097343,0.025000000000000022,9.235,0,19,200
807,161040,106.71000029146671,0.04500000000000004,8.61,0,15,200
808,161088,106.72000025305897,0.030000000000000027,9.06,0,13,200
809,161392,96.15833326615393,0.040000000000000036,10.025,0,14,200
810,161600,83.66500041168183,0.06499999999999995,10.425,0,19,200
811,161744,89.10000037588179,0.09499999999999997,9.45,0,17,200
812,161832,114.4416668433696,0.040000000000000036,8.155,0,12,200
813,162128,97.97166711091995,0.06999999999999995,9.265,0,13,200
814,162328,100.03666671924293,0.040000000000000036,9.37,0,17,200
815,162640,104.53833295218647,0.030000000000000027,9.335,0,14,200
816,162688,102.00500044040382,0.09999999999999998,8.115,0,11,200
817,162992,109.41666714381427,0.03500000000000003,8.86,0,11,200
818,163200,100.37333321105689,0.0050000000000000044,10.49,0,12,200
819,163344,99.41833342891186,0.025000000000000022,9.995,0,15,200
820,163432,109.6516668535769,0.05500000000000005,8.095,0,15,200
821,163728,94.47000002954155,0.06000000000000005,10.02,0,11,200
822,163928,97.56833336502314,0.03500000000000003,10.325,0,10,200
823,164240,110.1500000236556,0.020000000000000018,8.43,0,18,200
824,164288,115.12500021606684,0.025000000000000022,8.685,0,8,200
825,164592,101.42000007722527,0.03500000000000003,9.57,0,14,200
826,164800,103.47833320684731,0.04500000000000004,8.975,0,14,200
827,164944,97.45999980531633,0.040000000000000036,9.63,0,18,200
828,165032,82.59333330392838,0.10499999999999998,9.89,0,17,200
829,165328,96.65999993588775,0.07499999999999996,9.18,0,15,200
830,165528,90.69000003673136,0.06999999999999995,9.42,0,21,200
831,165840,92.6566664641723,0.040000000000000036,10.36,0,14,200
832,165888,108.68500036653131,0.0050000000000000044,8.865,0,21,200
833,166192,104.03500002902001,0.06000000000000005,8.625,0,12,200
834,166400,110.56000011228025,0.010000000000000009,8.85,0,17,200
835,166544,102.50333301071078,0.0050000000000000044,9.92,0,16,200
836,166632,111.86166653223336,0.0,8.995,0,15,200
837,166928,87.36500001791865,0.06999999999999995,9.915,0,19,200
838,167128,100.104999858886,0.025000000000000022,9.855,0,16,200
839,167440,106.03166685253382,0.0050000000000000044,9.055,0,21,200
840,167488,107.96333295013756,0.0050000000000000044,9.29,0,16,200
841,167792,111.42333332076669,0.030000000000000027,8.24,0,17,200
842,168000,107.54666666779667,0.03500000000000003,8.74,0,15,200
843,168144,93.4549999916926,0.025000000000000022,10.395,0,18,200
844,168232,97.13166626170278,0.020000000000000018,10.225,0,16,200
845,168528,116.39333339594305,0.0,8.48,0,15,200
846,168728,94.88999994006008,0.03500000000000003,9.72,0,22,200
847,169040,92.98333321232349,0.06999999999999995,9.62,0,14,200
848,169088,100.79833332356066,0.025000000000000022,9.215,0,22,200
849,169392,105.36666711419821,0.03500000000000003,9.04,0,15,200
850,169600,109.7233329275623,0.0050000000000000044,9.14,0,16,200
851,169744,100.9233332760632,0.025000000000000022,9.83,0,14,200
852,169832,108.06999991554767,0.030000000000000027,9.0,0,12,200
853,170128,104.67333391774446,0.0050000000000000044,9.71,0,17,200
854,170328,105.4883328974247,0.020000000000000018,9.095,0,18,200
855,170640,117.99166709091514,0.010000000000000009,8.215,0,13,200
856,170688,106.00666728895158,0.020000000000000018,9.52,0,12,200
857,170992,110.4516670666635,0.010000000000000009,8.815,0,16,200
858,171200,104.49499967135489,0.010000000000000009,9.645,0,16,200
859,171344,113.43333280272782,0.010000000000000009,8.69,0,13,200
860,171432,96.63499980419874,0.025000000000000022,10.245,0,14,200
861,171728,99.06999952998012,0.06000000000000005,9.54,0,9,200
862,171928,108.96833289321512,0.040000000000000036,8.945,0,8,200
863,172240,119.69833360798657,0.015000000000000013,7.955,0,12,200
864,172288,96.28666614554822,0.03500000000000003,10.48,0,9,200
865,172592,100.74166717100888,0.08499999999999996,8.365,0,14,200
866,172800,102.88833349943161,0.05500000000000005,8.825,0,12,200
867,172944,111.32499997504056,0.025000000000000022,8.385,0,16,200
868,173032,99.34833322279155,0.03500000000000003,9.545,0,16,200
869,173328,95.19500018749386,0.03500000000000003,9.945,0,16,200
870,173528,96.08500038087368,0.025000000000000022,10.185,0,15,200
871,173840,99.59000006783754,0.015000000000000013,9.84,0,18,200
872,173888,102.64333290420473,0.06000000000000005,8.69,0,15,200
873,174192,107.08833344746381,0.03500000000000003,8.825,0,14,200
874,174400,112.21833340264857,0.010000000000000009,8.765,0,15,200
875,174544,105.91166637651622,0.020000000000000018,8.905,0,19,200
876,174632,83.20833312161267,0.08499999999999996,10.085,0,18,200
877,174928,100.90000009164214,0.03500000000000003,9.27,0,17,200
878,175128,87.80499986186624,0.050000000000000044,10.665,0,14,200
879,175440,112.17000038083643,0.030000000000000027,7.98,0,19,200
880,175488,108.61833352409303,0.010000000000000009,8.975,0,17,200
881,175792,107.94000061322004,0.020000000000000018,9.06,0,13,200
882,176000,109.98333312757313,0.015000000000000013,8.93,0,14,200
883,176144,103.12333340477198,0.010000000000000009,8.93,0,26,200
884,176232,99.98333354666829,0.025000000000000022,9.77,0,15,200
885,176528,99.78500010073185,0.03500000000000003,9.525,0,15,200
886,176728,101.92333348467946,0.07999999999999996,7.85,0,19,200
887,177040,111.07833331171423,0.020000000000000018,8.765,0,15,200
888,177088,108.06000026036054,0.010000000000000009,8.76,0,22,200
889,177392,96.8733334299177,0.050000000000000044,9.41,0,15,200
890,177600,86.25833339150995,0.050000000000000044,10.325,0,23,200
891,177744,82.48666714318097,0.08999999999999997,9.73,0,24,200
892,177832,95.48666709009558,0.06499999999999995,8.77,0,23,200
893,178128,106.66333400830626,0.015000000000000013,8.84,0,21,200
894,178328,106.12666678614914,0.040000000000000036,8.38,0,22,200
895,178640,104.50333396345377,0.030000000000000027,8.84,0,20,200
896,178688,107.43000063393265,0.015000000000000013,8.91,0,19,200
897,178992,104.08833316713572,0.025000000000000022,8.465,0,27,200
898,179200,103.73666664678603,0.010000000000000009,9.64,0,16,200
899,179344,103.8683330109343,0.040000000000000036,8.825,0,18,200
900,179432,93.85499987564981,0.010000000000000009,10.635,0,17,200
901,179728,111.38500055857003,0.010000000000000009,8.655,0,17,200
902,179928,105.65833347570151,0.020000000000000018,8.885,0,22,200
903,180240,94.77166666742414,0.03500000000000003,9.955,0,17,200
904,180288,94.89666675310582,0.03500000000000003,9.94,0,16,200
905,180592,111.95333371218294,0.06499999999999995,7.37,0,16,200
906,180800,93.97333337087184,0.04500000000000004,9.89,0,16,200
907,180944,80.27000017091632,0.14500000000000002,8.64,0,23,200
908,181032,105.30833360366523,0.04500000000000004,7.745,0,28,200
909,181328,104.74166698381305,0.030000000000000027,8.575,0,24,200
910,181528,102.85833344608545,0.050000000000000044,8.675,0,20,200
911,181840,113.03499979618937,0.020000000000000018,7.995,0,20,200
912,181888,106.33500022161752,0.025000000000000022,9.405,0,12,200
913,182192,115.16166683193296,0.015000000000000013,8.365,0,15,200
914,182400,94.86166694853455,0.06999999999999995,8.875,0,22,200
915,182544,110.92500045523047,0.050000000000000044,7.875,0,17,200
916,182632,107.28000001516193,0.030000000000000027,8.97,0,14,200
917,182928,99.55000022239983,0.07999999999999996,8.55,0,16,200
918,183128,91.6066664494574,0.06000000000000005,10.09,0,14,200
919,183440,116.89666637592018,0.010000000000000009,8.5,0,11,200
920,183488,105.07999985665083,0.03500000000000003,8.91,0,16,200
921,183792,97.67166672553867,0.050000000000000044,9.385,0,18,200
922,184000,106.38833375182003,0.040000000000000036,8.465,0,19,200
923,184144,108.60666653700173,0.040000000000000036,8.47,0,14,200
924,184232,109.5283337244764,0.050000000000000044,8.075,0,15,200
925,184528,92.11333346460015,0.06000000000000005,9.89,0,16,200
926,184728,100.60000006202608,0.025000000000000022,9.33,0,22,200
927,185040,102.33833326864988,0.05500000000000005,8.645,0,17,200
928,185088,98.81500020436943,0.06499999999999995,8.835,0,18,200
929,185392,102.27666690852493,0.10999999999999999,7.84,0,12,200
930,185600,102.3883334537968,0.020000000000000018,9.185,0,22,200
931,185744,106.2016670992598,0.050000000000000044,8.035,0,21,200
932,185832,98.24833328742534,0.050000000000000044,9.455,0,14,200
933,186128,90.67999957036227,0.06000000000000005,9.72,0,19,200
934,186328,92.90166660770774,0.06000000000000005,9.835,0,15,200
935,186640,103.54333339259028,0.030000000000000027,9.35,0,14,200
936,186688,105.3733333889395,0.03500000000000003,8.75,0,18,200
937,186992,88.53666674066335,0.09999999999999998,9.1,0,19,200
938,187200,121.14833414182067,0.015000000000000013,7.145,0,20,200
939,187344,98.9766665874049,0.03500000000000003,9.37,0,20,200
940,187432,111.86666711047292,0.050000000000000044,7.87,0,15,200
941,187728,108.83499995619059,0.05500000000000005,8.445,0,9,200
942,187928,89.41500025894493,0.06000000000000005,10.125,0,18,200
943,188240,110.9450007174164,0.050000000000000044,8.325,0,9,200
944,188288,95.71333350799978,0.030000000000000027,10.1,0,17,200
945,188592,95.11333385203034,0.06499999999999995,9.17,0,21,200
946,188800,98.92333308421075,0.04500000000000004,9.44,0,16,200
947,188944,101.5683334749192,0.08499999999999996,8.525,0,12,200
948,189032,104.55666632484645,0.04500000000000004,8.59,0,18,200
949,189328,108.52000005356967,0.040000000000000036,8.49,0,16,200
950,189528,97.07666648924351,0.050000000000000044,9.52,0,16,200
951,189840,94.83166678901762,0.040000000000000036,9.895,0,16,200
952,189888,111.71166670136154,0.05500000000000005,7.735,0,16,200
953,190192,95.59499979112297,0.07999999999999996,8.895,0,17,200
954,190400,110.16833289340138,0.08499999999999996,7.115,0,17,200
955,190544,114.6966667091474,0.03500000000000003,7.66,0,19,200
956,190632,88.12666623666883,0.06999999999999995,10.45,0,10,200
957,190928,113.25500031001866,0.030000000000000027,8.265,0,12,200
958,191128,92.57333390414715,0.07999999999999996,9.2,0,18,200
959,191440,93.55000000353903,0.08999999999999997,9.48,0,9,200
960,191488,100.75166688859463,0.05500000000000005,8.935,0,15,200
961,191792,110.52000048477203,0.025000000000000022,8.58,0,17,200
962,192000,91.5900006685406,0.07999999999999996,9.24,0,19,200
963,192144,95.26333340350538,0.05500000000000005,9.86,0,12,200
964,192232,97.92833353299648,0.04500000000000004,9.725,0,14,200
965,192528,99.48499976936728,0.050000000000000044,9.225,0,15,200
966,192728,110.56000023894012,0.05500000000000005,8.28,0,10,200
967,193040,102.67500005662441,0.03500000000000003,9.105,0,15,200
968,193088,95.51666717324406,0.08999999999999997,9.19,0,11,200
969,193392,96.47333403583616,0.09999999999999998,8.54,0,14,200
970,193600,107.81333329435438,0.06999999999999995,8.15,0,13,200
971,193744,117.33499955292791,0.06000000000000005,7.245,0,14,200
972,193832,102.48666668962687,0.11499999999999999,7.51,0,14,200
973,194128,98.8549998626113,0.09999999999999998,8.355,0,14,200
974,194328,102.44166698958725,0.10999999999999999,7.705,0,14,200
975,194640,89.84666690323502,0.12,9.1,0,10,200
976,194688,88.00166626088321,0.08999999999999997,9.625,0,17,200
977,194992,77.11666662059724,0.17000000000000004,9.37,0,9,200
978,195200,101.36333388928324,0.08999999999999997,8.09,0,16,200
979,195344,105.44999994989485,0.05500000000000005,8.31,0,17,200
980,195432,105.91499974112958,0.040000000000000036,8.295,0,19,200
981,195728,82.41999993287027,0.125,9.9,0,8,200
982,195928,124.64833306148648,0.020000000000000018,7.235,0,13,200
983,196240,90.92333315592259,0.07499999999999996,9.44,0,18,200
984,196288,110.79166678059846,0.020000000000000018,8.365,0,18,200
985,196592,99.49833375401795,0.07999999999999996,8.195,0,21,200
986,196800,98.24166708625853,0.06499999999999995,8.965,0,15,200
987,196944,94.7066667387262,0.08499999999999996,9.01,0,15,200
988,197032,108.6916665751487,0.040000000000000036,8.425,0,14,200
989,197328,111.1300000725314,0.025000000000000022,8.34,0,17,200
990,197528,95.45833311136812,0.07999999999999996,9.155,0,13,200
991,197840,99.96833338029683,0.07999999999999996,8.675,0,12,200
992,197888,83.96333337575197,0.15000000000000002,8.66,0,16,200
993,198192,102.80333349201828,0.010000000000000009,9.62,0,17,200
994,198400,95.0083333728835,0.06499999999999995,9.575,0,13,200
995,198544,93.57666711416095,0.05500000000000005,9.85,0,15,200
996,198632,103.21499990206212,0.015000000000000013,9.285,0,19,200
997,198928,89.87166708614677,0.06499999999999995,9.835,0,17,200
998,199128,100.3883336270228,0.06499999999999995,8.435,0,19,200
999,199440,100.42833347804844,0.050000000000000044,8.555,0,22,200
1000,199488,87.83333359286189,0.05500000000000005,10.13,0,21,200
1001,199792,79.56666590925306,0.135,9.73,0,13,200
1002,200000,111.74833368789405,0.0,8.345,0,23,200
1003,200144,112.2466667946428,0.020000000000000018,8.2,0,18,200
1004,200232,93.41333326417953,0.025000000000000022,10.04,0,21,200
1005,200528,105.72666718252003,0.040000000000000036,8.17,0,21,200
1006,200728,91.56000000610948,0.06499999999999995,9.36,0,20,200
1007,201040,109.25999970082194,0.025000000000000022,8.31,0,19,200
1008,201088,111.15000048466027,0.020000000000000018,7.8,0,25,200
1009,201392,99.24833390675485,0.05500000000000005,8.045,0,29,200
1010,201600,96.40499987918884,0.03500000000000003,9.615,0,20,200
1011,201744,109.02000044193119,0.020000000000000018,8.01,0,26,200
1012,201832,99.4833335550502,0.04500000000000004,8.72,0,25,200
1013,202128,108.7416667835787,0.0,8.665,0,23,200
1014,202328,106.4016668042168,0.03500000000000003,7.945,0,26,200
1015,202640,87.72833295445889,0.07499999999999996,9.725,0,17,200
1016,202688,99.6866666181013,0.06000000000000005,8.47,0,20,200
1017,202992,94.80833335220814,0.040000000000000036,10.145,0,13,200
1018,203200,106.81333352904767,0.020000000000000018,8.75,0,18,200
1019,203344,99.70333323907107,0.025000000000000022,9.59,0,18,200
1020,203432,103.78500046022236,0.015000000000000013,9.015,0,22,200
1021,203728,104.73500035982579,0.040000000000000036,8.355,0,20,200
1022,203928,99.28500057943165,0.04500000000000004,8.655,0,25,200
1023,204240,99.39833273924887,0.03500000000000003,9.485,0,16,200
1024,204288,105.16833355743438,0.020000000000000018,8.465,0,26,200
1025,204592,87.24499970208853,0.07999999999999996,9.705,0,18,200
1026,204800,91.62333355471492,0.04500000000000004,9.74,0,20,200
1027,204944,112.28666649013758,0.020000000000000018,8.23,0,17,200
1028,205032,91.2816669754684,0.05500000000000005,9.415,0,24,200
1029,205328,78.16833329945803,0.09999999999999998,10.445,0,16,200
1030,205528,90.23499991558492,0.05500000000000005,10.125,0,15,200
1031,205840,100.26833299547434,0.03500000000000003,9.485,0,15,200
1032,205888,103.69000024255365,0.040000000000000036,8.43,0,23,200
1033,206192,106.38999995030463,0.040000000000000036,8.91,0,12,200
1034,206400,91.45833304710686,0.11499999999999999,8.405,0,17,200
1035,206544,98.44833337981254,0.040000000000000036,9.365,0,17,200
1036,206632,114.38666682224721,0.025000000000000022,7.96,0,16,200
1037,206928,106.79333350341767,0.025000000000000022,8.48,0,22,200
1038,207128,104.09999982547015,0.07999999999999996,8.07,0,14,200
1039,207440,108.41500029992312,0.020000000000000018,8.835,0,16,200
1040,207488,96.61833376809955,0.10999999999999999,7.805,0,19,200
1041,207792,109.20500020496547,0.040000000000000036,7.875,0,21,200
1042,208000,111.13833316601813,0.03500000000000003,8.015,0,18,200
1043,208144,104.28333312738687,0.05500000000000005,8.75,0,11,200
1044,208232,97.44666688982397,0.025000000000000022,9.7,0,22,200
1045,208528,103.67499985732138,0.06000000000000005,8.655,0,10,200
1046,208728,105.75833348371089,0.05500000000000005,8.195,0,18,200
1047,209040,95.26000003982335,0.06000000000000005,8.82,0,22,200
1048,209088,96.32666690088809,0.040000000000000036,10.12,0,11,200
1049,209392,108.64333349652588,0.03500000000000003,8.42,0,17,200
1050,209600,123.36333364248276,0.010000000000000009,7.64,0,11,200
1051,209744,92.96666706632823,0.030000000000000027,9.94,0,22,200
1052,209832,101.20166649855673,0.025000000000000022,9.415,0,15,200
1053,210128,108.81333352439106,0.030000000000000027,8.51,0,15,200
1054,210328,111.16500003635883,0.030000000000000027,8.025,0,19,200
1055,210640,98.4716666964814,0.04500000000000004,9.055,0,21,200
1056,210688,102.3416667804122,0.04500000000000004,8.425,0,24,200
1057,210992,97.94500001333654,0.06000000000000005,9.405,0,11,200
1058,211200,99.85999997984618,0.04500000000000004,9.27,0,17,200
1059,211344,101.3916665809229,0.040000000000000036,9.085,0,18,200
1060,211432,109.67666744627059,0.0050000000000000044,8.56,0,21,200
1061,211728,89.60999986436218,0.12,8.82,0,15,200
1062,211928,97.57666712068021,0.04500000000000004,9.31,0,18,200
1063,212240,103.29166689421982,0.07499999999999996,8.245,0,15,200
1064,212288,120.73833297751844,0.020000000000000018,8.165,0,6,200
1065,212592,98.84833386074752,0.05500000000000005,9.635,0,10,200
1066,212800,98.09833330009133,0.05500000000000005,9.455,0,13,200
1067,212944,90.05499990750104,0.07999999999999996,10.155,0,9,200
1068,213032,96.62499987706542,0.03500000000000003,9.675,0,18,200
1069,213328,106.20166672859341,0.05500000000000005,8.815,0,9,200
1070,213528,112.73666715528816,0.040000000000000036,7.78,0,18,200
1071,213840,100.33000022359192,0.08999999999999997,8.46,0,11,200
1072,213888,107.54000002052635,0.025000000000000022,8.73,0,17,200
1073,214192,112.9283330719918,0.015000000000000013,8.555,0,14,200
1074,214400,119.27499982342124,0.020000000000000018,7.695,0,16,200
1075,214544,115.06166767235845,0.025000000000000022,8.305,0,12,200
1076,214632,115.18666695430875,0.03500000000000003,8.08,0,12,200
1077,214928,104.44666702579707,0.050000000000000044,8.92,0,13,200
1078,215128,114.04166661202908,0.050000000000000044,7.825,0,13,200
1079,215440,107.21000030171126,0.030000000000000027,8.67,0,17,200
1080,215488,85.2050001854077,0.135,9.315,0,10,200
1081,215792,88.41666629072279,0.10499999999999998,9.55,0,12,200
1082,216000,100.70666663069278,0.040000000000000036,9.85,0,9,200
1083,216144,106.98000071570277,0.050000000000000044,8.64,0,13,200
1084,216232,89.23833316750824,0.09499999999999997,9.455,0,15,200
1085,216528,97.62000018917024,0.07499999999999996,9.21,0,10,200
1086,216728,102.35500033572316,0.050000000000000044,9.525,0,9,200
1087,217040,120.4650001078844,0.015000000000000013,7.965,0,12,200
1088,217088,107.10500049125403,0.05500000000000005,8.745,0,9,200
1089,217392,106.93666761089116,0.07499999999999996,8.29,0,9,200
1090,217600,98.9616664769128,0.08499999999999996,8.995,0,9,200
1091,217744,100.73166661988944,0.06999999999999995,9.415,0,6,200
1092,217832,106.46333317644894,0.06000000000000005,8.84,0,9,200
1093,218128,105.97333368193358,0.07499999999999996,8.54,0,8,200
1094,218328,101.08333367481828,0.040000000000000036,9.83,0,9,200
1095,218640,119.93333281110972,0.015000000000000013,8.39,0,6,200
1096,218688,101.31166672613472,0.09499999999999997,8.815,0,5,200
1097,218992,99.10999967716634,0.06499999999999995,9.69,0,6,200
1098,219200,111.65166650246829,0.07499999999999996,7.465,0,14,200
1099,219344,118.66499901469797,0.03500000000000003,8.265,0,6,200
1100,219432,97.01500017754734,0.08999999999999997,9.045,0,12,200
1101,219728,103.0049999486655,0.050000000000000044,9.315,0,10,200
1102,219928,116.65000059828162,0.040000000000000036,8.16,0,7,200
1103,220240,114.31999939493835,0.06999999999999995,7.71,0,8,200
1104,220288,120.7500000987202,0.040000000000000036,7.86,0,5,200
1105,220592,118.65999975148588,0.010000000000000009,8.55,0,8,200
1106,220800,108.9250003285706,0.040000000000000036,8.535,0,12,200
1107,220944,103.4850002238527,0.07999999999999996,8.625,0,9,200
1108,221032,94.23500017635524,0.07499999999999996,9.465,0,13,200
1109,221328,96.16499935183674,0.06000000000000005,9.525,0,15,200
1110,221528,102.64833344332874,0.06499999999999995,8.945,0,9,200
1111,221840,109.12666654959321,0.040000000000000036,8.62,0,12,200
1112,221888,108.94666711054742,0.06999999999999995,7.84,0,12,200
1113,222192,111.03333333693445,0.030000000000000027,8.45,0,15,200
1114,222400,91.28666663728654,0.12,8.89,0,10,200
1115,222544,88.25833326671273,0.10499999999999998,9.425,0,15,200
1116,222632,99.02666684798896,0.07499999999999996,9.13,0,8,200
1117,222928,100.59166714921594,0.040000000000000036,9.205,0,19,200
1118,223128,102.07999970391393,0.020000000000000018,10.26,0,7,200
1119,223440,92.19333325140178,0.040000000000000036,10.43,0,14,200
1120,223488,97.84666716959327,0.08499999999999996,8.71,0,16,200
1121,223792,106.09833382349461,0.030000000000000027,8.885,0,17,200
1122,224000,100.556666190736,0.040000000000000036,9.55,0,11,200
1123,224144,105.27666698023677,0.040000000000000036,9.07,0,12,200
1124,224232,109.1633330071345,0.04500000000000004,8.57,0,12,200
1125,224528,108.66666621156037,0.040000000000000036,8.5,0,14,200
1126,224728,101.46666752919555,0.050000000000000044,9.16,0,15,200
1127,225040,96.7483333516866,0.07999999999999996,8.645,0,18,200
1128,225088,97.71333340369165,0.07499999999999996,9.26,0,10,200
1129,225392,105.30333359073848,0.0,9.86,0,15,200
1130,225600,94.20666654035449,0.050000000000000044,9.85,0,16,200
1131,225744,106.65833320654929,0.03500000000000003,9.035,0,12,200
1132,225832,114.2000001501292,0.020000000000000018,8.76,0,8,200
1133,226128,117.67666619084775,0.010000000000000009,8.68,0,8,200
1134,226328,96.52499991375953,0.06000000000000005,9.675,0,12,200
1135,226640,106.9933328833431,0.050000000000000044,8.45,0,14,200
1136,226688,110.16833343543112,0.025000000000000022,8.285,0,20,200
1137,226992,117.37999969627708,0.0050000000000000044,8.4,0,13,200
1138,227200,98.40500030107796,0.07999999999999996,9.165,0,9,200
1139,227344,115.766666139476,0.020000000000000018,8.5,0,9,200
1140,227432,109.42833363171667,0.030000000000000027,8.975,0,9,200
1141,227728,120.74499963968992,0.025000000000000022,7.995,0,6,200
1142,227928,106.21666686609387,0.050000000000000044,8.65,0,14,200
1143,228240,95.89166697207838,0.08999999999999997,9.085,0,11,200
1144,228288,105.56000039447099,0.050000000000000044,8.82,0,10,200
1145,228592,100.16166621912271,0.040000000000000036,9.835,0,9,200
1146,228800,109.51833348162472,0.015000000000000013,9.305,0,10,200
1147,228944,116.43499976024032,0.030000000000000027,8.145,0,9,200
1148,229032,111.56166621576995,0.040000000000000036,8.665,0,8,200
1149,229328,104.79833311215043,0.050000000000000044,8.675,0,14,200
1150,229528,106.6616665693,0.03500000000000003,8.815,0,13,200
1151,229840,96.14166678581387,0.05500000000000005,9.535,0,14,200
1152,229888,106.50666696205735,0.015000000000000013,9.52,0,13,200
1153,230192,98.29333376139402,0.050000000000000044,9.14,0,20,200
1154,230400,105.39833351131529,0.04500000000000004,8.525,0,17,200
1155,230544,105.02000019699335,0.040000000000000036,8.67,0,18,200
1156,230632,104.36999979056418,0.030000000000000027,9.15,0,16,200
1157,230928,110.83166645653546,0.025000000000000022,8.785,0,13,200
1158,231128,112.43000063300133,0.05500000000000005,8.19,0,7,200
1159,231440,103.3449996272102,0.025000000000000022,9.555,0,12,200
1160,231488,116.20999994780868,0.020000000000000018,8.52,0,7,200
1161,231792,91.2050003670156,0.05500000000000005,10.095,0,15,200
1162,232000,121.46333323698491,0.015000000000000013,7.85,0,12,200
1163,232144,101.53000053018332,0.06999999999999995,8.52,0,16,200
1164,232232,113.7783333286643,0.03500000000000003,8.075,0,13,200
1165,232528,103.80999993626028,0.030000000000000027,8.94,0,21,200
1166,232728,95.22666700277478,0.07999999999999996,8.98,0,16,200
1167,233040,100.89666659757495,0.040000000000000036,8.89,0,22,200
1168,233088,117.11333357449621,0.025000000000000022,7.76,0,15,200
1169,233392,93.27833316568285,0.03500000000000003,10.145,0,16,200
1170,233600,104.14500002376735,0.040000000000000036,8.535,0,19,200
1171,233744,101.33666690438986,0.03500000000000003,9.67,0,10,200
1172,233832,91.9699994372204,0.06999999999999995,9.51,0,16,200
1173,234128,108.69333285838366,0.030000000000000027,8.54,0,16,200
1174,234328,92.57666689995676,0.04500000000000004,9.1,0,28,200
1175,234640,99.78666631598026,0.050000000000000044,9.31,0,12,200
1176,234688,95.3233336713165,0.06000000000000005,9.26,0,19,200
1177,234992,99.07000060006976,0.04500000000000004,9.21,0,19,200
1178,235200,112.36500021349639,0.020000000000000018,8.505,0,16,200
1179,235344,97.74833232350647,0.07499999999999996,9.275,0,10,200
1180,235432,109.40333295147866,0.0050000000000000044,8.93,0,19,200
1181,235728,108.64833413437009,0.020000000000000018,9.005,0,14,200
1182,235928,110.10333399940282,0.015000000000000013,9.05,0,15,200
1183,236240,106.75166628882289,0.05500000000000005,8.545,0,11,200
1184,236288,114.82499999646097,0.025000000000000022,8.715,0,6,200
1185,236592,108.55666658934206,0.06000000000000005,8.23,0,11,200
1186,236800,112.23000006843358,0.015000000000000013,8.79,0,12,200
1187,236944,119.47000011708587,0.010000000000000009,8.4,0,8,200
1188,237032,109.49499986600131,0.040000000000000036,8.235,0,17,200
1189,237328,116.75333345960826,0.025000000000000022,8.51,0,6,200
1190,237528,95.35333400964737,0.06999999999999995,8.93,0,21,200
1191,237840,96.70666697062552,0.06499999999999995,9.19,0,18,200
1192,237888,89.7866675760597,0.06999999999999995,9.85,0,18,200
1193,238192,111.72499957215041,0.040000000000000036,8.445,0,10,200
1194,238400,102.00833367276937,0.06499999999999995,8.945,0,10,200
1195,238544,99.8249998698011,0.030000000000000027,9.765,0,15,200
1196,238632,115.22333326283842,0.025000000000000022,7.88,0,16,200
1197,238928,103.12166685890406,0.040000000000000036,9.265,0,12,200
1198,239128,109.68500001076609,0.025000000000000022,8.715,0,16,200
1199,239440,118.88833288755268,0.030000000000000027,7.835,0,11,200
1200,239488,89.0183337572962,0.08999999999999997,9.515,0,15,200
1201,239792,117.99833400174975,0.030000000000000027,7.655,0,15,200
1202,240000,77.15166648756713,0.10499999999999998,10.525,0,15,200
1203,240144,90.83333364129066,0.06999999999999995,9.86,0,16,200
1204,240232,100.00333333108574,0.06000000000000005,8.81,0,18,200
1205,240528,92.16333329677582,0.06000000000000005,10.04,0,14,200
1206,240728,111.82999952696264,0.020000000000000018,8.82,0,13,200
1207,241040,119.0633330186829,0.015000000000000013,8.15,0,12,200
1208,241088,107.76999999769032,0.040000000000000036,8.67,0,13,200
1209,241392,99.10666670277715,0.05500000000000005,8.98,0,18,200
1210,241600,102.088333834894,0.030000000000000027,9.515,0,14,200
1211,241744,90.71333340927958,0.05500000000000005,9.95,0,19,200
1212,241832,115.70666641369462,0.015000000000000013,8.05,0,18,200
1213,242128,104.58833371195942,0.050000000000000044,8.585,0,15,200
1214,242328,97.20166637562215,0.040000000000000036,9.895,0,13,200
1215,242640,98.80666672810912,0.04500000000000004,9.34,0,16,200
1216,242688,104.07666691113263,0.06000000000000005,8.47,0,16,200
1217,242992,80.4133335314691,0.10999999999999999,9.71,0,22,200
1218,243200,99.54999961610883,0.06000000000000005,9.36,0,11,200
1219,243344,96.65666605066508,0.06000000000000005,9.4,0,14,200
1220,243432,116.46500039752573,0.030000000000000027,7.965,0,12,200
1221,243728,104.9816666143015,0.020000000000000018,9.235,0,18,200
1222,243928,112.08333355467767,0.04500000000000004,8.33,0,9,200
1223,244240,109.18333320971578,0.030000000000000027,8.57,0,13,200
1224,244288,105.3216660534963,0.06499999999999995,8.275,0,15,200
1225,244592,100.79500001296401,0.06499999999999995,8.955,0,12,200
1226,244800,101.76500033214688,0.03500000000000003,9.435,0,13,200
1227,244944,110.6450001578778,0.030000000000000027,8.685,0,12,200
1228,245032,115.54833347070962,0.020000000000000018,8.465,0,10,200
1229,245328,108.47166690975428,0.050000000000000044,8.455,0,13,200
1230,245528,83.66000052262098,0.06000000000000005,10.65,0,19,200
1231,245840,110.14000005554408,0.015000000000000013,8.76,0,16,200
1232,245888,115.99499983992428,0.015000000000000013,7.995,0,16,200
1233,246192,110.1833330411464,0.020000000000000018,8.72,0,15,200
1234,246400,104.19333374593407,0.020000000000000018,8.93,0,22,200
1235,246544,100.75833315495402,0.03500000000000003,8.945,0,23,200
1236,246632,92.97833351232111,0.05500000000000005,9.635,0,18,200
1237,246928,99.20666711777449,0.030000000000000027,9.55,0,20,200
1238,247128,96.47833335027099,0.040000000000000036,9.665,0,20,200
1239,247440,116.70833339076489,0.025000000000000022,8.225,0,9,200
1240,247488,95.43500013649464,0.030000000000000027,9.705,0,24,200
1241,247792,88.82333358097821,0.06499999999999995,9.71,0,21,200
1242,248000,96.45333306491375,0.05500000000000005,9.59,0,14,200
1243,248144,86.85000026039779,0.06000000000000005,10.74,0,10,200
1244,248232,95.78000039700419,0.010000000000000009,10.29,0,21,200
1245,248528,111.01500005368143,0.020000000000000018,8.775,0,12,200
1246,248728,100.70166697725654,0.020000000000000018,9.625,0,19,200
1247,249040,107.8866674285382,0.020000000000000018,8.68,0,19,200
1248,249088,111.4166670832783,0.030000000000000027,8.62,0,11,200
1249,249392,113.53000004403293,0.025000000000000022,8.34,0,14,200
1250,249600,99.66999969538301,0.05500000000000005,9.42,0,11,200
1251,249744,106.35500007867813,0.040000000000000036,8.595,0,17,200
1252,249832,112.8433337546885,0.040000000000000036,8.12,0,15,200
1253,250128,94.57833325024694,0.06000000000000005,9.815,0,14,200
1254,250328,110.22333415783942,0.06499999999999995,8.18,0,9,200
1255,250640,110.78000052925199,0.03500000000000003,8.37,0,15,200
1256,250688,110.44166612252593,0.03500000000000003,8.785,0,11,200
1257,250992,108.93833404034376,0.06999999999999995,7.565,0,17,200
1258,251200,95.41500074230134,0.06999999999999995,9.255,0,17,200
1259,251344,100.30000046920031,0.07499999999999996,8.85,0,12,200
1260,251432,107.62833321280777,0.030000000000000027,8.675,0,17,200
1261,251728,103.355000176467,0.040000000000000036,9.315,0,11,200
1262,251928,112.3333328505978,0.04500000000000004,8.18,0,12,200
1263,252240,104.68833361379802,0.020000000000000018,9.515,0,13,200
1264,252288,107.28000051435083,0.015000000000000013,9.54,0,11,200
1265,252592,104.41666590794921,0.040000000000000036,9.13,0,14,200
1266,252800,107.84500077739358,0.010000000000000009,9.255,0,16,200
1267,252944,103.55999988410622,0.03500000000000003,9.33,0,14,200
1268,253032,104.4883339330554,0.05500000000000005,8.855,0,13,200
1269,253328,93.73166648112237,0.08499999999999996,9.325,0,11,200
1270,253528,92.22666698042303,0.040000000000000036,10.3,0,17,200
1271,253840,120.19166633766145,0.020000000000000018,8.155,0,9,200
1272,253888,94.290000282228,0.06499999999999995,9.6,0,17,200
1273,254192,113.95999993756413,0.025000000000000022,8.55,0,12,200
1274,254400,108.79500009678304,0.010000000000000009,9.285,0,15,200
1275,254544,100.39833349082619,0.040000000000000036,9.545,0,14,200
1276,254632,107.57499960716814,0.06499999999999995,8.265,0,12,200
1277,254928,97.45000063069165,0.08499999999999996,8.88,0,14,200
1278,255128,102.71999968308955,0.05500000000000005,8.79,0,16,200
1279,255440,109.64666638430208,0.03500000000000003,8.56,0,14,200
1280,255488,118.15833299979568,0.010000000000000009,8.375,0,12,200
1281,255792,100.39000024832785,0.07499999999999996,8.82,0,14,200
1282,256000,99.23500054515898,0.06999999999999995,9.045,0,14,200
1283,256144,106.8683333080262,0.030000000000000027,8.855,0,19,200
1284,256232,103.8433335153386,0.040000000000000036,9.41,0,11,200
1285,256528,102.47499995399266,0.050000000000000044,8.865,0,18,200
1286,256728,126.70499970763922,0.0,7.815,0,9,200
1287,257040,125.11500026099384,0.0,8.055,0,8,200
1288,257088,117.91500066127628,0.050000000000000044,7.665,0,9,200
1289,257392,96.8216670351103,0.09999999999999998,8.695,0,13,200
1290,257600,103.0849997503683,0.04500000000000004,9.165,0,15,200
1291,257744,116.99833290558308,0.015000000000000013,8.615,0,9,200
1292,257832,110.78500007931143,0.03500000000000003,8.775,0,11,200
1293,258128,102.6050002714619,0.07499999999999996,8.955,0,7,200
1294,258328,124.5183333158493,0.010000000000000009,7.865,0,10,200
1295,258640,110.21666734479368,0.015000000000000013,9.25,0,11,200
1296,258688,105.93166612647474,0.06000000000000005,8.515,0,14,200
1297,258992,98.69833265803754,0.06000000000000005,9.575,0,10,200
1298,259200,108.864999813959,0.06000000000000005,7.905,0,17,200
1299,259344,118.4066662369296,0.0,8.74,0,9,200
1300,259432,121.59166572522372,0.010000000000000009,8.005,0,12,200
1301,259728,94.4583335146308,0.08999999999999997,9.185,0,13,200
1302,259928,112.65999988745898,0.030000000000000027,8.46,0,14,200
1303,260240,98.61666630581021,0.04500000000000004,9.73,0,13,200
1304,260288,108.50000068359077,0.06499999999999995,8.22,0,12,200
1305,260592,115.00500007066876,0.015000000000000013,8.595,0,13,200
1306,260800,112.8233330687508,0.04500000000000004,8.0,0,13,200
1307,260944,105.4300003964454,0.040000000000000036,9.45,0,8,200
1308,261032,106.29666644986719,0.04500000000000004,8.71,0,16,200
1309,261328,104.226666348055,0.04500000000000004,9.31,0,11,200
1310,261528,108.55833356734365,0.05500000000000005,8.405,0,13,200
1311,261840,118.20833303779364,0.0050000000000000044,8.705,0,9,200
1312,261888,118.76833293400705,0.050000000000000044,7.655,0,7,200
1313,262192,123.53333360981196,0.010000000000000009,8.06,0,7,200
1314,262400,110.65833309106529,0.030000000000000027,8.285,0,18,200
1315,262544,99.78999967128038,0.08999999999999997,8.49,0,14,200
1316,262632,104.20333401206881,0.04500000000000004,8.66,0,20,200
1317,262928,118.345000798814,0.040000000000000036,7.935,0,8,200
1318,263128,119.78333297464997,0.020000000000000018,7.91,0,14,200
1319,263440,109.40666695591062,0.03500000000000003,9.19,0,7,200
1320,263488,105.80166691727936,0.05500000000000005,9.085,0,9,200
1321,263792,103.39833376277238,0.06000000000000005,8.825,0,14,200
1322,264000,108.03166667744517,0.050000000000000044,9.205,0,6,200
1323,264144,95.02499978803098,0.08999999999999997,9.345,0,9,200
1324,264232,104.93499968573451,0.07499999999999996,8.685,0,8,200
1325,264528,117.65666703414172,0.03500000000000003,8.02,0,9,200
1326,264728,113.37166662421077,0.030000000000000027,8.905,0,7,200
1327,265040,101.59333341754973,0.050000000000000044,9.17,0,15,200
1328,265088,87.40166727732867,0.15000000000000002,8.665,0,11,200
1329,265392,114.92833397723734,0.025000000000000022,8.765,0,8,200
1330,265600,127.08666650857776,0.010000000000000009,7.84,0,5,200
1331,265744,119.54833298549056,0.03500000000000003,8.015,0,8,200
1332,265832,119.57666718959808,0.050000000000000044,7.33,0,12,200
1333,266128,97.31833297852427,0.07999999999999996,9.005,0,15,200
1334,266328,116.24166682641953,0.06499999999999995,7.615,0,7,200
1335,266640,112.98666642047465,0.050000000000000044,8.41,0,7,200
1336,266688,96.00500000547618,0.07499999999999996,9.855,0,7,200
1337,266992,97.73000025562942,0.07499999999999996,9.09,0,13,200
1338,267200,118.36500008776784,0.03500000000000003,7.515,0,15,200
1339,267344,104.37833406962454,0.05500000000000005,9.005,0,10,200
1340,267432,113.84999966621399,0.08999999999999997,7.62,0,4,200
1341,267728,112.46000032126904,0.07999999999999996,7.68,0,7,200
1342,267928,117.77166702412069,0.010000000000000009,8.515,0,10,200
1343,268240,92.81833433639258,0.12,9.185,0,7,200
1344,268288,112.9583334941417,0.025000000000000022,8.255,0,16,200
1345,268592,110.52666687872261,0.04500000000000004,8.44,0,12,200
1346,268800,101.45000010542572,0.050000000000000044,9.06,0,17,200
1347,268944,107.73000051733106,0.09499999999999997,7.8,0,8,200
1348,269032,98.19999986607581,0.07499999999999996,9.39,0,8,200
1349,269328,100.06333355884999,0.050000000000000044,9.14,0,18,200
1350,269528,121.76999916043133,0.03500000000000003,7.74,0,6,200
1351,269840,104.63500013388693,0.030000000000000027,9.525,0,12,200
1352,269888,102.2950002476573,0.05500000000000005,9.285,0,13,200
1353,270192,101.87999916356057,0.07499999999999996,8.79,0,11,200
1354,270400,114.3249990483746,0.04500000000000004,7.935,0,12,200
1355,270544,95.50333335064352,0.10999999999999999,8.42,0,14,200
1356,270632,108.10333347134292,0.04500000000000004,8.54,0,14,200
1357,270928,108.36166661884636,0.040000000000000036,8.635,0,14,200
1358,271128,112.20166667550802,0.06499999999999995,7.645,0,12,200
1359,271440,93.98499987460673,0.08999999999999997,9.855,0,5,200
1360,271488,110.96499989554286,0.050000000000000044,7.875,0,16,200
1361,271792,103.37000079359859,0.07999999999999996,8.19,0,13,200
1362,272000,109.34333325736225,0.020000000000000018,9.14,0,12,200
1363,272144,101.82333391904831,0.020000000000000018,9.68,0,16,200
1364,272232,115.03666641190648,0.020000000000000018,8.35,0,13,200
1365,272528,104.34833400230855,0.06499999999999995,8.135,0,17,200
1366,272728,85.11500029545277,0.09499999999999997,10.065,0,15,200
1367,273040,116.11166700720787,0.015000000000000013,8.335,0,14,200
1368,273088,120.4850001623854,0.0050000000000000044,8.385,0,9,200
1369,273392,100.0950001757592,0.050000000000000044,9.645,0,10,200
1370,273600,103.41000008676201,0.050000000000000044,8.82,0,16,200
1371,273744,108.52666708733886,0.010000000000000009,8.98,0,18,200
1372,273832,96.15000036824495,0.06999999999999995,9.54,0,12,200
1373,274128,108.47000078298151,0.025000000000000022,8.79,0,17,200
1374,274328,113.74000012502074,0.03500000000000003,8.13,0,13,200
1375,274640,107.89166617859155,0.03500000000000003,8.905,0,12,200
1376,274688,104.58166711870581,0.030000000000000027,9.445,0,11,200
1377,274992,106.70833401940763,0.050000000000000044,8.705,0,12,200
1378,275200,92.98500008415431,0.06999999999999995,9.675,0,15,200
1379,275344,108.76999951992184,0.010000000000000009,9.57,0,9,200
1380,275432,115.838333315216,0.03500000000000003,8.045,0,11,200
1381,275728,108.32166618853807,0.020000000000000018,8.905,0,18,200
1382,275928,101.6133338585496,0.06000000000000005,9.11,0,13,200
1383,276240,93.14666740223765,0.07999999999999996,9.85,0,10,200
1384,276288,113.46666713431478,0.025000000000000022,8.44,0,13,200
1385,276592,100.08333407063037,0.07499999999999996,8.96,0,11,200
1386,276800,95.03666724357754,0.06499999999999995,9.49,0,16,200
1387,276944,115.08166667073965,0.04500000000000004,8.005,0,10,200
1388,277032,100.13666698802263,0.06499999999999995,9.22,0,13,200
1389,277328,115.78833372890949,0.015000000000000013,8.165,0,15,200
1390,277528,116.62499976810068,0.05500000000000005,7.725,0,5,200
1391,277840,112.75499965529889,0.030000000000000027,8.445,0,10,200
1392,277888,100.64333386160433,0.030000000000000027,9.5,0,17,200
1393,278192,119.29666671808809,0.0050000000000000044,8.35,0,10,200
1394,278400,111.86833288148046,0.03500000000000003,8.405,0,14,200
1395,278544,108.00499994307756,0.0050000000000000044,9.555,0,12,200
1396,278632,109.01166639197618,0.040000000000000036,8.575,0,13,200
1397,278928,104.53166716266423,0.04500000000000004,8.785,0,14,200
1398,279128,107.38666659034789,0.025000000000000022,9.07,0,15,200
1399,279440,112.91833346709609,0.020000000000000018,8.315,0,15,200
1400,279488,115.84999935235828,0.030000000000000027,8.19,0,10,200
1401,279792,94.91666564624757,0.08999999999999997,9.22,0,10,200
1402,280000,106.45500007178634,0.06499999999999995,8.475,0,10,200
1403,280144,107.62999982293695,0.040000000000000036,9.21,0,8,200
1404,280232,118.88833322003484,0.030000000000000027,8.015,0,9,200
1405,280528,108.72833374515176,0.06000000000000005,8.285,0,12,200
1406,280728,121.64499976392835,0.0050000000000000044,8.055,0,10,200
1407,281040,113.49166660942137,0.0050000000000000044,8.515,0,17,200
1408,281088,100.3400006936863,0.050000000000000044,9.45,0,12,200
1409,281392,117.60333458334208,0.025000000000000022,8.36,0,8,200
1410,281600,117.17500043660402,0.03500000000000003,7.935,0,9,200
1411,281744,110.46166677027941,0.03500000000000003,8.455,0,14,200
1412,281832,109.52833339944482,0.05500000000000005,8.375,0,9,200
1413,282128,104.76166620384902,0.06999999999999995,8.575,0,9,200
1414,282328,108.32500054873526,0.04500000000000004,8.595,0,11,200
1415,282640,102.81833388470113,0.07499999999999996,8.795,0,9,200
1416,282688,112.0916668586433,0.020000000000000018,8.635,0,13,200
1417,282992,94.89166713599116,0.06499999999999995,9.865,0,11,200
1418,283200,114.24166673980653,0.010000000000000009,8.905,0,9,200
1419,283344,103.15666737221181,0.06000000000000005,8.74,0,14,200
1420,283432,94.55166699551046,0.07499999999999996,9.535,0,13,200
1421,283728,111.61666648369282,0.040000000000000036,8.44,0,10,200
1422,283928,108.1849995655939,0.040000000000000036,8.625,0,12,200
1423,284240,105.5883331168443,0.04500000000000004,8.765,0,16,200
1424,284288,97.0583337051794,0.050000000000000044,9.515,0,16,200
1425,284592,113.61166619602591,0.020000000000000018,8.365,0,14,200
1426,284800,102.03333308082074,0.06000000000000005,8.81,0,15,200
1427,284944,107.30333282332867,0.025000000000000022,8.93,0,17,200
1428,285032,101.0883335834369,0.06000000000000005,8.765,0,17,200
1429,285328,113.46833348181099,0.020000000000000018,8.345,0,15,200
1430,285528,103.64833398349583,0.025000000000000022,9.245,0,17,200
1431,285840,110.9900000654161,0.03500000000000003,8.4,0,12,200
1432,285888,104.77833318244666,0.025000000000000022,9.395,0,15,200
1433,286192,113.22999929264188,0.040000000000000036,8.07,0,13,200
1434,286400,91.29166685696691,0.06999999999999995,9.355,0,22,200
1435,286544,100.11666665412486,0.03500000000000003,9.67,0,14,200
1436,286632,101.20333342812955,0.040000000000000036,9.47,0,12,200
1437,286928,98.47666713502258,0.06000000000000005,9.46,0,12,200
1438,287128,92.61333339381963,0.08499999999999996,9.47,0,14,200
1439,287440,107.38333320524544,0.025000000000000022,9.32,0,11,200
1440,287488,102.50833344832063,0.040000000000000036,9.215,0,15,200
1441,287792,114.91166654136032,0.015000000000000013,8.365,0,14,200
1442,288000,111.57166669797152,0.020000000000000018,8.485,0,15,200
1443,288144,103.26999957859516,0.05500000000000005,8.73,0,17,200
1444,288232,101.45000053942204,0.030000000000000027,9.36,0,19,200
1445,288528,108.46499988343567,0.040000000000000036,8.565,0,15,200
1446,288728,111.61166689544916,0.010000000000000009,8.785,0,16,200
1447,289040,105.10333364270627,0.020000000000000018,8.69,0,24,200
1448,289088,90.98000020906329,0.050000000000000044,9.75,0,25,200
1449,289392,103.67666670586914,0.04500000000000004,8.98,0,14,200
1450,289600,107.39666713774204,0.030000000000000027,8.71,0,17,200
1451,289744,96.66999953985214,0.050000000000000044,9.42,0,17,200
1452,289832,106.96666653454304,0.040000000000000036,7.72,0,24,200
1453,290128,92.49500013608485,0.09499999999999997,9.165,0,12,200
1454,290328,112.92999992705882,0.010000000000000009,8.4,0,16,200
1455,290640,95.76166689302772,0.015000000000000013,10.285,0,19,200
1456,290688,111.7400003215298,0.010000000000000009,8.79,0,14,200
1457,290992,103.60166677366942,0.010000000000000009,10.075,0,11,200
1458,291200,103.9000003952533,0.020000000000000018,8.88,0,22,200
1459,291344,104.4349999371916,0.025000000000000022,8.925,0,19,200
1460,291432,108.50666720233858,0.030000000000000027,8.35,0,20,200
1461,291728,110.03333358094096,0.030000000000000027,8.57,0,13,200
1462,291928,104.95499994698912,0.025000000000000022,9.105,0,15,200
1463,292240,104.32666638493538,0.030000000000000027,9.28,0,14,200
1464,292288,108.81333327386528,0.030000000000000027,8.84,0,12,200
1465,292592,103.16666655428708,0.030000000000000027,9.25,0,17,200
1466,292800,108.0750001994893,0.020000000000000018,9.045,0,14,200
1467,292944,104.92000073008239,0.025000000000000022,9.0,0,19,200
1468,293032,114.23000030126423,0.025000000000000022,8.01,0,16,200
1469,293328,110.3666670229286,0.010000000000000009,8.56,0,20,200
1470,293528,92.68666753172874,0.04500000000000004,9.91,0,20,200
1471,293840,114.61500022560358,0.020000000000000018,8.205,0,13,200
1472,293888,102.87499988917261,0.04500000000000004,9.015,0,14,200
1473,294192,96.87333377916366,0.03500000000000003,9.68,0,18,200
1474,294400,90.9416668182239,0.040000000000000036,10.495,0,15,200
1475,294544,102.19500006642193,0.03500000000000003,8.745,0,24,200
1476,294632,105.01000001188368,0.010000000000000009,9.3,0,18,200
1477,294928,95.48333373386413,0.030000000000000027,10.19,0,15,200
1478,295128,104.33166679367423,0.010000000000000009,9.595,0,16,200
1479,295440,100.25833341199905,0.03500000000000003,9.215,0,20,200
1480,295488,103.26500008162111,0.06000000000000005,8.235,0,19,200
1481,295792,92.91333365440369,0.030000000000000027,9.89,0,23,200
1482,296000,115.38166643958539,0.010000000000000009,7.915,0,20,200
1483,296144,110.43500014767051,0.0050000000000000044,8.745,0,18,200
1484,296232,108.64000059012324,0.025000000000000022,8.88,0,12,200
1485,296528,103.15833328850567,0.020000000000000018,9.215,0,18,200
1486,296728,95.01166658755392,0.07999999999999996,8.845,0,16,200
1487,297040,100.36666692607105,0.050000000000000044,9.43,0,12,200
1488,297088,119.45833356212825,0.0050000000000000044,7.655,0,17,200
1489,297392,102.32666711509228,0.040000000000000036,9.22,0,16,200
1490,297600,92.35833318438381,0.07999999999999996,9.725,0,9,200
1491,297744,99.51333410479128,0.03500000000000003,9.08,0,22,200
1492,297832,107.76999967731535,0.020000000000000018,8.97,0,15,200
1493,298128,110.92833348270506,0.010000000000000009,8.705,0,18,200
1494,298328,101.60666662734002,0.03500000000000003,9.28,0,17,200
1495,298640,98.74166756402701,0.025000000000000022,9.055,0,26,200
1496,298688,104.79166668374091,0.020000000000000018,9.025,0,17,200
1497,298992,102.5183328166604,0.04500000000000004,8.585,0,22,200
1498,299200,86.14166689384729,0.09999999999999998,9.535,0,17,200
1499,299344,94.5749999023974,0.05500000000000005,9.495,0,18,200
1500,299432,103.38999982643872,0.03500000000000003,9.09,0,16,200
1501,299728,111.71833321079612,0.030000000000000027,8.675,0,7,200
1502,299928,103.22833434771746,0.04500000000000004,9.155,0,12,200
1503,300240,112.63166626077145,0.015000000000000013,8.185,0,19,200
1504,300288,92.07166673708707,0.06499999999999995,10.285,0,9,200
1505,300592,117.31666655000299,0.0050000000000000044,8.32,0,13,200
1506,300800,121.05166599806398,0.015000000000000013,7.885,0,11,200
1507,300944,100.61666652187705,0.04500000000000004,9.16,0,16,200
1508,301032,118.25166565179825,0.0,8.395,0,12,200
1509,301328,99.46000001672655,0.05500000000000005,8.67,0,23,200
1510,301528,96.96833330020308,0.06999999999999995,8.915,0,17,200
1511,301840,93.53000013716519,0.06499999999999995,9.39,0,19,200
1512,301888,101.33166683278978,0.04500000000000004,9.265,0,13,200
1513,302192,115.5466673951596,0.0050000000000000044,8.62,0,14,200
1514,302400,107.15499957185239,0.050000000000000044,7.905,0,20,200
1515,302544,108.398333536461,0.030000000000000027,8.555,0,16,200
1516,302632,108.4849999435246,0.05500000000000005,7.965,0,16,200
1517,302928,106.21166601125151,0.04500000000000004,8.665,0,14,200
1518,303128,104.88833340071142,0.040000000000000036,9.005,0,13,200
1519,303440,112.34333378821611,0.040000000000000036,7.85,0,16,200
1520,303488,115.02000000420958,0.015000000000000013,8.13,0,17,200
1521,303792,104.40333423949778,0.030000000000000027,9.2,0,15,200
1522,304000,93.76999962702394,0.08999999999999997,9.27,0,11,200
1523,304144,107.16333345137537,0.030000000000000027,8.87,0,13,200
1524,304232,112.45166668761522,0.030000000000000027,8.245,0,14,200
1525,304528,84.35666647087783,0.08999999999999997,10.15,0,15,200
1526,304728,110.29833298269659,0.050000000000000044,8.405,0,10,200
1527,305040,98.45500051882118,0.05500000000000005,8.835,0,21,200
1528,305088,109.82500007748604,0.025000000000000022,8.235,0,22,200
1529,305392,107.28000048175454,0.04500000000000004,8.64,0,13,200
1530,305600,97.35000041592866,0.06999999999999995,9.39,0,10,200
1531,305744,102.9499999601394,0.03500000000000003,9.33,0,15,200
1532,305832,107.12166698370129,0.025000000000000022,8.755,0,18,200
1533,306128,104.60499974805862,0.03500000000000003,9.465,0,8,200
1534,306328,103.05999960657209,0.050000000000000044,9.3,0,7,200
1535,306640,108.36666696425527,0.05500000000000005,8.65,0,9,200
1536,306688,94.13999999780208,0.05500000000000005,10.29,0,7,200
1537,306992,112.24666669219732,0.025000000000000022,8.5,0,13,200
1538,307200,100.02666613645852,0.050000000000000044,9.67,0,7,200
1539,307344,109.30500014685094,0.040000000000000036,8.985,0,6,200
1540,307432,119.67666694056243,0.030000000000000027,7.99,0,5,200
1541,307728,97.06166596338153,0.04500000000000004,9.775,0,14,200
1542,307928,115.32000043522567,0.020000000000000018,8.1,0,16,200
1543,308240,118.48333384748548,0.010000000000000009,8.36,0,10,200
1544,308288,121.26666627824306,0.025000000000000022,7.48,0,13,200
1545,308592,94.61833339650184,0.06499999999999995,9.485,0,14,200
1546,308800,105.93999980576336,0.025000000000000022,9.48,0,10,200
1547,308944,89.8066665744409,0.06000000000000005,10.45,0,11,200
1548,309032,113.06833433639258,0.025000000000000022,8.405,0,13,200
1549,309328,105.3799998499453,0.04500000000000004,8.88,0,12,200
1550,309528,98.90666722692549,0.06000000000000005,9.82,0,6,200
1551,309840,112.47666670382023,0.025000000000000022,8.2,0,17,200
1552,309888,107.10333318077028,0.07499999999999996,8.42,0,8,200
1553,310192,107.7966670524329,0.040000000000000036,8.74,0,13,200
1554,310400,100.25499964877963,0.030000000000000027,10.395,0,5,200
1555,310544,101.40166620537639,0.05500000000000005,9.325,0,12,200
1556,310632,111.94500026013702,0.03500000000000003,8.565,0,9,200
1557,310928,109.03499979246408,0.040000000000000036,9.105,0,7,200
1558,311128,115.17333382274956,0.020000000000000018,8.6,0,8,200
1559,311440,113.28833284508437,0.040000000000000036,8.255,0,10,200
1560,311488,105.24666578136384,0.050000000000000044,9.01,0,9,200
1561,311792,98.61333360243589,0.015000000000000013,10.34,0,12,200
1562,312000,99.15333305392414,0.06000000000000005,9.08,0,14,200
1563,312144,102.07166745327413,0.04500000000000004,9.205,0,12,200
1564,312232,98.32000000402331,0.040000000000000036,9.75,0,13,200
1565,312528,119.40333291422576,0.0050000000000000044,8.0,0,16,200
1566,312728,99.6050002714619,0.050000000000000044,9.585,0,9,200
1567,313040,105.87166728731245,0.025000000000000022,8.875,0,18,200
1568,313088,111.02499934472144,0.0050000000000000044,9.195,0,13,200
1569,313392,110.61333416029811,0.050000000000000044,8.36,0,11,200
1570,313600,112.61833297368139,0.020000000000000018,8.225,0,16,200
1571,313744,105.62166741210967,0.020000000000000018,9.355,0,13,200
1572,313832,102.52333273924887,0.030000000000000027,9.23,0,16,200
1573,314128,112.3500001495704,0.03500000000000003,8.37,0,11,200
1574,314328,112.39499988779426,0.030000000000000027,8.265,0,14,200
1575,314640,107.24333357065916,0.040000000000000036,8.69,0,13,200
1576,314688,93.37333384528756,0.05500000000000005,9.5,0,21,200
1577,314992,117.38666662853211,0.020000000000000018,8.08,0,12,200
1578,315200,93.32833355106413,0.050000000000000044,9.935,0,15,200
1579,315344,112.36166715901345,0.050000000000000044,7.945,0,13,200
1580,315432,106.54000028781593,0.050000000000000044,8.52,0,13,200
1581,315728,96.65333278104663,0.06499999999999995,9.29,0,14,200
1582,315928,113.74166661407799,0.020000000000000018,8.275,0,15,200
1583,316240,108.40166706219316,0.0,9.655,0,10,200
1584,316288,115.72666684444994,0.03500000000000003,7.84,0,12,200
1585,316592,109.01833334658295,0.040000000000000036,8.495,0,13,200
1586,316800,103.67666709516197,0.020000000000000018,9.37,0,16,200
1587,316944,104.85999978426844,0.040000000000000036,9.21,0,11,200
1588,317032,104.0216665789485,0.040000000000000036,9.295,0,11,200
1589,317328,102.37833266891539,0.015000000000000013,9.935,0,12,200
1590,317528,98.91666616406292,0.05500000000000005,9.13,0,17,200
1591,317840,107.68333441019058,0.0050000000000000044,9.08,0,19,200
1592,317888,118.06833383161575,0.020000000000000018,8.015,0,13,200
1593,318192,97.94999962486327,0.030000000000000027,10.11,0,13,200
1594,318400,106.67000054940581,0.030000000000000027,9.03,0,12,200
1595,318544,91.99833272397518,0.050000000000000044,9.605,0,22,200
1596,318632,95.9533333228901,0.050000000000000044,9.47,0,17,200
1597,318928,92.88833351060748,0.04500000000000004,10.085,0,16,200
1598,319128,98.39166664145887,0.03500000000000003,9.595,0,17,200
1599,319440,107.30666784383357,0.03500000000000003,8.74,0,16,200
1600,319488,114.3216668497771,0.03500000000000003,8.065,0,11,200
1601,319792,112.40833316370845,0.010000000000000009,8.765,0,15,200
1602,320000,111.36000006552786,0.03500000000000003,8.31,0,15,200
1603,320144,92.49333298392594,0.050000000000000044,10.52,0,8,200
1604,320232,72.14833241235465,0.14500000000000002,10.835,0,4,200
1605,320528,117.76333376765251,0.0050000000000000044,8.48,0,11,200
1606,320728,112.10333359520882,0.010000000000000009,9.14,0,11,200
1607,321040,108.20500013791025,0.0050000000000000044,9.405,0,14,200
1608,321088,92.75999988429248,0.050000000000000044,10.14,0,14,200
1609,321392,104.57000086084008,0.025000000000000022,9.75,0,7,200
1610,321600,122.52333294134587,0.015000000000000013,7.82,0,10,200
1611,321744,111.56833344884217,0.025000000000000022,8.345,0,16,200
1612,321832,98.94333273172379,0.050000000000000044,9.62,0,12,200
1613,322128,109.38333360478282,0.025000000000000022,8.66,0,17,200
1614,322328,117.90333314146847,0.030000000000000027,7.79,0,12,200
1615,322640,116.09499941579998,0.030000000000000027,7.935,0,14,200
1616,322688,111.31000063940883,0.015000000000000013,9.06,0,13,200
1617,322992,103.45666649658233,0.025000000000000022,9.22,0,19,200
1618,323200,117.87166661024094,0.010000000000000009,8.245,0,12,200
1619,323344,91.59500021860003,0.07499999999999996,9.915,0,12,200
1620,323432,108.37833384238183,0.040000000000000036,8.375,0,17,200
1621,323728,101.1233333144337,0.030000000000000027,9.68,0,12,200
1622,323928,97.83166672009975,0.10999999999999999,8.395,0,10,200
1623,324240,109.32833348028362,0.025000000000000022,9.215,0,7,200
1624,324288,95.02833379618824,0.03500000000000003,10.505,0,12,200
1625,324592,100.72166672348976,0.040000000000000036,9.595,0,13,200
1626,324800,96.50000105798244,0.050000000000000044,9.93,0,11,200
1627,324944,100.93333327583969,0.06499999999999995,9.14,0,8,200
1628,325032,116.96166674792767,0.030000000000000027,8.335,0,7,200
1629,325328,91.94333313126117,0.08499999999999996,9.86,0,8,200
1630,325528,107.35999934840947,0.03500000000000003,9.18,0,11,200
1631,325840,121.91333271469921,0.010000000000000009,8.21,0,6,200
1632,325888,97.35000047832727,0.07999999999999996,9.63,0,5,200
1633,326192,112.25166602805257,0.040000000000000036,8.665,0,8,200
1634,326400,104.574999935925,0.04500000000000004,9.255,0,11,200
1635,326544,102.47000106889755,0.05500000000000005,9.45,0,7,200
1636,326632,108.81333358865231,0.025000000000000022,8.69,0,16,200
1637,326928,90.45999959576875,0.06999999999999995,10.32,0,11,200
1638,327128,94.71833372954279,0.05500000000000005,9.725,0,17,200
1639,327440,113.39666774775833,0.05500000000000005,8.08,0,10,200
1640,327488,118.29333457630128,0.020000000000000018,8.57,0,5,200
1641,327792,108.58000027760863,0.06000000000000005,8.85,0,4,200
1642,328000,100.17833354882896,0.07499999999999996,9.395,0,5,200
1643,328144,99.84666696190834,0.04500000000000004,9.94,0,8,200
1644,328232,101.32499977760017,0.08499999999999996,8.775,0,7,200
1645,328528,122.11166688427329,0.020000000000000018,8.005,0,5,200
1646,328728,104.15000000875443,0.050000000000000044,9.45,0,5,200
1647,329040,108.17166492715478,0.050000000000000044,9.205,0,4,200
1648,329088,117.67166682239622,0.015000000000000013,8.485,0,9,200
1649,329392,115.42499996256083,0.015000000000000013,8.565,0,13,200
1650,329600,107.636667936109,0.030000000000000027,9.52,0,7,200
1651,329744,112.40833319723606,0.06000000000000005,8.225,0,6,200
1652,329832,98.1216674670577,0.06000000000000005,10.045,0,4,200
1653,330128,98.14333259128034,0.05500000000000005,10.13,0,5,200
1654,330328,97.47999909427017,0.07499999999999996,9.24,0,10,200
1655,330640,112.51500028651208,0.025000000000000022,9.045,0,6,200
1656,330688,105.42666680924594,0.05500000000000005,9.13,0,6,200
1657,330992,116.85833481512964,0.020000000000000018,8.555,0,7,200
1658,331200,119.9266667328775,0.010000000000000009,8.23,0,9,200
1659,331344,109.83999928738922,0.040000000000000036,8.94,0,7,200
1660,331432,116.32666761800647,0.05500000000000005,7.81,0,6,200
1661,331728,96.12166626751423,0.07999999999999996,9.445,0,9,200
1662,331928,105.30666645243764,0.050000000000000044,9.22,0,8,200
1663,332240,113.17499992158264,0.06499999999999995,7.635,0,10,200
1664,332288,92.04333386011422,0.08499999999999996,9.53,0,13,200
1665,332592,115.06166587304324,0.050000000000000044,8.155,0,5,200
1666,332800,119.10499985329807,0.020000000000000018,8.205,0,7,200
1667,332944,113.10833252500743,0.030000000000000027,8.525,0,11,200
1668,333032,104.38666661828756,0.06499999999999995,8.62,0,13,200
1669,333328,103.22333361022174,0.06000000000000005,8.96,0,10,200
1670,333528,115.2333334106952,0.03500000000000003,8.21,0,9,200
1671,333840,98.27500014565885,0.04500000000000004,9.555,0,15,200
1672,333888,119.50000071711838,0.015000000000000013,7.8,0,15,200
1673,334192,107.68833339121193,0.025000000000000022,9.185,0,12,200
1674,334400,108.04166716895998,0.020000000000000018,9.355,0,9,200
1675,334544,102.45166708249599,0.05500000000000005,9.265,0,9,200
1676,334632,111.17166721820831,0.030000000000000027,8.185,0,17,200
1677,334928,102.99333340488374,0.050000000000000044,9.2,0,10,200
1678,335128,96.57166711054742,0.04500000000000004,9.655,0,17,200
1679,335440,110.25166617706418,0.020000000000000018,8.935,0,11,200
1680,335488,106.48666736111045,0.020000000000000018,9.01,0,18,200
1681,335792,98.8566676126793,0.03500000000000003,9.07,0,25,200
1682,336000,100.89333346765488,0.06999999999999995,8.06,0,24,200
1683,336144,102.3016663370654,0.040000000000000036,9.175,0,14,200
1684,336232,100.94499981496483,0.03500000000000003,9.195,0,17,200
1685,336528,101.07666644174606,0.030000000000000027,9.34,0,18,200
1686,336728,104.27666688803583,0.030000000000000027,9.4,0,12,200
1687,337040,103.33000057004392,0.025000000000000022,9.39,0,15,200
1688,337088,111.79000042751431,0.04500000000000004,7.89,0,14,200
1689,337392,114.20666724257171,0.025000000000000022,8.47,0,12,200
1690,337600,97.76500028651208,0.05500000000000005,9.525,0,13,200
1691,337744,103.52000034041703,0.03500000000000003,10.02,0,5,200
1692,337832,98.7983329296112,0.06999999999999995,9.215,0,9,200
1693,338128,121.06833416968584,0.015000000000000013,7.805,0,11,200
1694,338328,105.07833313010633,0.025000000000000022,9.365,0,14,200
1695,338640,109.38666657079011,0.03500000000000003,8.68,0,12,200
1696,338688,112.21833331137896,0.030000000000000027,8.705,0,8,200
1697,338992,107.8699989086017,0.020000000000000018,9.06,0,16,200
1698,339200,94.78833321947604,0.040000000000000036,10.055,0,17,200
1699,339344,94.54666655883193,0.07999999999999996,9.37,0,11,200
1700,339432,106.91333384159952,0.040000000000000036,9.11,0,9,200
1701,339728,102.23666610661894,0.04500000000000004,9.37,0,12,200
1702,339928,105.49833400733769,0.030000000000000027,9.305,0,13,200
1703,340240,101.95499996747822,0.04500000000000004,9.405,0,12,200
1704,340288,114.1116666039452,0.04500000000000004,7.885,0,12,200
1705,340592,113.96833319962025,0.010000000000000009,8.675,0,13,200
1706,340800,99.96499894093722,0.04500000000000004,9.615,0,13,200
1707,340944,119.6333335340023,0.025000000000000022,8.0,0,9,200
1708,341032,119.07666459772736,0.015000000000000013,8.5,0,7,200
1709,341328,106.29166705347598,0.03500000000000003,9.595,0,6,200
1710,341528,123.01833394821733,0.015000000000000013,8.165,0,5,200
1711,341840,106.03666690271348,0.020000000000000018,10.12,0,3,200
1712,341888,109.43666611425579,0.050000000000000044,8.56,0,10,200
1713,342192,96.78999921493232,0.04500000000000004,10.02,0,12,200
1714,342400,96.81166666839272,0.09999999999999998,9.055,0,7,200
1715,342544,109.9416662408039,0.06000000000000005,8.335,0,9,200
1716,342632,119.76166618149728,0.030000000000000027,7.975,0,7,200
1717,342928,91.52499936148524,0.07499999999999996,10.005,0,10,200
1718,343128,118.92666570749134,0.03500000000000003,7.9,0,8,200
1719,343440,93.99166659917682,0.06000000000000005,9.535,0,16,200
1720,343488,112.1899995310232,0.03500000000000003,8.79,0,6,200
1721,343792,110.30166686978191,0.06999999999999995,7.915,0,10,200
1722,344000,107.51166634447873,0.030000000000000027,9.295,0,8,200
1723,344144,98.04166636336595,0.040000000000000036,9.775,0,14,200
1724,344232,109.00166684575379,0.03500000000000003,8.545,0,14,200
1725,344528,97.54333312343806,0.04500000000000004,9.98,0,11,200
1726,344728,89.33499952405691,0.08499999999999996,9.885,0,12,200
1727,345040,110.3666678769514,0.06499999999999995,8.26,0,7,200
1728,345088,113.62999908346683,0.0050000000000000044,9.09,0,10,200
1729,345392,117.87999883573502,0.015000000000000013,8.64,0,7,200
1730,345600,105.15833274740726,0.05500000000000005,8.555,0,14,200
1731,345744,105.6316670095548,0.06499999999999995,8.425,0,11,200
1732,345832,102.58833362720907,0.08499999999999996,8.645,0,9,200
1733,346128,100.14333250932395,0.05500000000000005,9.77,0,7,200
1734,346328,84.62166704423726,0.12,9.505,0,14,200
1735,346640,85.94666732288897,0.11499999999999999,10.21,0,5,200
1736,346688,104.81833276897669,0.06000000000000005,9.125,0,6,200
1737,346992,125.35833260044456,0.025000000000000022,7.535,0,7,200
1738,347200,121.88333430048078,0.025000000000000022,8.09,0,4,200
1739,347344,118.59499962441623,0.015000000000000013,8.565,0,7,200
1740,347432,119.45666592847556,0.015000000000000013,8.44,0,8,200
1741,347728,110.10499961581081,0.05500000000000005,8.865,0,4,200
1742,347928,107.01666761748493,0.08499999999999996,8.56,0,5,200
1743,348240,111.70833357796073,0.06999999999999995,7.685,0,10,200
1744,348288,94.06500015594065,0.09499999999999997,9.525,0,8,200
1745,348592,96.32500028144568,0.09499999999999997,8.775,0,13,200
1746,348800,105.51000009663403,0.06999999999999995,8.7,0,8,200
1747,348944,98.73500022944063,0.06499999999999995,8.955,0,15,200
1748,349032,123.34833391476423,0.010000000000000009,8.015,0,8,200
1749,349328,95.37499958835542,0.07999999999999996,9.555,0,8,200
1750,349528,110.81499984581023,0.04500000000000004,8.505,0,9,200
1751,349840,86.35333330370486,0.11499999999999999,9.23,0,16,200
1752,349888,119.61833303049207,0.010000000000000009,8.315,0,11,200
1753,350192,107.4900003504008,0.050000000000000044,8.97,0,6,200
1754,350400,100.47000056691468,0.04500000000000004,9.36,0,15,200
1755,350544,100.16833415348083,0.04500000000000004,9.935,0,8,200
1756,350632,113.71666614152491,0.040000000000000036,8.41,0,10,200
1757,350928,103.68666615895927,0.030000000000000027,9.49,0,12,200
1758,351128,106.17333351634443,0.025000000000000022,9.5,0,11,200
1759,351440,85.37333317380399,0.13,9.5,0,10,200
1760,351488,113.87666681688279,0.03500000000000003,8.56,0,7,200
1761,351792,104.9283344540745,0.025000000000000022,9.965,0,7,200
1762,352000,89.90833321213722,0.07999999999999996,9.965,0,9,200
1763,352144,110.02333380747586,0.020000000000000018,9.68,0,3,200
1764,352232,77.3866669870913,0.14,10.15,0,11,200
1765,352528,107.57666680496186,0.05500000000000005,8.47,0,12,200
1766,352728,101.2833337103948,0.040000000000000036,10.19,0,4,200
1767,353040,96.05000026710331,0.050000000000000044,10.14,0,8,200
1768,353088,102.51833338011056,0.04500000000000004,9.875,0,6,200
1769,353392,104.621667615138,0.06999999999999995,9.115,0,3,200
1770,353600,109.20999934431165,0.04500000000000004,9.15,0,3,200
1771,353744,97.91166704427451,0.06999999999999995,9.265,0,14,200
1772,353832,92.71666744351387,0.07999999999999996,9.58,0,12,200
1773,354128,96.54166623856872,0.125,8.395,0,9,200
1774,354328,116.77333298139274,0.025000000000000022,8.57,0,7,200
1775,354640,115.57499989122152,0.06000000000000005,7.755,0,7,200
1776,354688,101.06499959155917,0.13,8.265,0,4,200
1777,354992,113.35999971907586,0.03500000000000003,8.76,0,6,200
1778,355200,121.31166732683778,0.04500000000000004,7.615,0,5,200
1779,355344,86.40333396010101,0.13,9.56,0,7,200
1780,355432,100.59166805353016,0.06999999999999995,9.565,0,5,200
1781,355728,102.48999855294824,0.10499999999999998,8.16,0,7,200
1782,355928,98.39166697766632,0.07999999999999996,9.295,0,7,200
1783,356240,114.77500006556511,0.07999999999999996,7.815,0,1,200
1784,356288,115.41333348304033,0.06000000000000005,7.97,0,4,200
1785,356592,118.60333324223757,0.07999999999999996,7.4,0,2,200
1786,356800,111.94666650518775,0.05500000000000005,8.44,0,7,200
1787,356944,100.92499932553619,0.08999999999999997,9.165,0,4,200
1788,357032,99.80333359073848,0.11499999999999999,8.51,0,5,200
1789,357328,100.18666623067111,0.09499999999999997,9.01,0,4,200
1790,357528,114.96666617598385,0.030000000000000027,8.83,0,5,200
1791,357840,103.32000053673983,0.07999999999999996,9.18,0,1,200
1792,357888,117.49666653573513,0.05500000000000005,7.84,0,5,200
1793,358192,106.39833290688694,0.06999999999999995,8.735,0,6,200
1794,358400,95.78833284974098,0.13,8.735,0,4,200
1795,358544,104.09166620951146,0.06999999999999995,8.785,0,10,200
1796,358632,95.50166733562946,0.10999999999999999,9.025,0,7,200
1797,358928,111.35166728310287,0.05500000000000005,8.245,0,9,200
1798,359128,112.51166689302772,0.050000000000000044,8.395,0,6,200
1799,359440,115.00000090524554,0.04500000000000004,8.64,0,2,200
1800,359488,109.31833233684301,0.08499999999999996,7.985,0,6,200
1801,359792,109.12333376705647,0.08999999999999997,8.06,0,5,200
1802,360000,118.91666651889682,0.04500000000000004,7.75,0,8,200
1803,360144,111.0416660932824,0.040000000000000036,8.905,0,6,200
1804,360232,106.43499960005283,0.08999999999999997,8.085,0,6,200
1805,360528,116.7649997472763,0.040000000000000036,8.685,0,0,200
1806,360728,97.49166607763618,0.08999999999999997,9.145,0,8,200
1807,361040,97.17333367560059,0.08999999999999997,9.26,0,7,200
1808,361088,103.76833390817046,0.06999999999999995,8.675,0,9,200
1809,361392,112.12166654970497,0.040000000000000036,8.635,0,7,200
1810,361600,105.16666648816317,0.07499999999999996,8.71,0,7,200
1811,361744,107.07499924954027,0.06000000000000005,8.685,0,8,200
1812,361832,117.63666661735624,0.03500000000000003,8.26,0,6,200
1813,362128,114.8149994565174,0.05500000000000005,7.965,0,8,200
1814,362328,99.60666575655341,0.08499999999999996,8.59,0,14,200
1815,362640,113.40333361923695,0.04500000000000004,8.36,0,6,200
1816,362688,107.20000082999468,0.05500000000000005,8.97,0,6,200
1817,362992,95.78333261050284,0.05500000000000005,10.1,0,9,200
1818,363200,109.07333333790302,0.06000000000000005,7.88,0,16,200
1819,363344,100.22833394352347,0.050000000000000044,9.215,0,16,200
1820,363432,109.40500008687377,0.015000000000000013,9.255,0,12,200
1821,363728,107.44999931473285,0.03500000000000003,9.42,0,6,200
1822,363928,103.89833339583129,0.04500000000000004,9.305,0,10,200
1823,364240,116.37333322968334,0.025000000000000022,8.48,0,8,200
1824,364288,108.57833398412913,0.04500000000000004,9.125,0,5,200
1825,364592,116.78666661679745,0.06000000000000005,7.45,0,9,200
1826,364800,114.53999992460012,0.025000000000000022,8.85,0,7,200
1827,364944,107.68333374336362,0.05500000000000005,8.39,0,13,200
1828,365032,94.35333333071321,0.08499999999999996,9.5,0,9,200
1829,365328,103.74000051431358,0.050000000000000044,9.09,0,11,200
1830,365528,105.17166637908667,0.025000000000000022,9.505,0,13,200
1831,365840,95.74666614178568,0.06499999999999995,10.03,0,9,200
1832,365888,109.6533335512504,0.050000000000000044,8.93,0,5,200
1833,366192,118.6100006159395,0.015000000000000013,8.46,0,8,200
1834,366400,107.91166624706239,0.040000000000000036,9.175,0,9,200
1835,366544,128.4983333349228,0.025000000000000022,7.235,0,6,200
1836,366632,114.3283317387104,0.030000000000000027,8.705,0,8,200
1837,366928,92.1216669306159,0.12,9.145,0,6,200
1838,367128,102.61999981012195,0.06000000000000005,9.18,0,9,200
1839,367440,101.02333306055516,0.07499999999999996,9.38,0,5,200
1840,367488,112.91666676104069,0.050000000000000044,8.83,0,2,200
1841,367792,99.04833322670311,0.07499999999999996,8.975,0,12,200
1842,368000,112.95999912079424,0.03500000000000003,8.79,0,6,200
1843,368144,109.5783333927393,0.07499999999999996,8.375,0,5,200
1844,368232,95.57666655257344,0.07499999999999996,9.58,0,9,200
1845,368528,94.14999970700592,0.07999999999999996,9.78,0,10,200
1846,368728,118.66666716244072,0.040000000000000036,7.57,0,11,200
1847,369040,90.8349996348843,0.08999999999999997,10.005,0,6,200
1848,369088,101.92666703276336,0.07499999999999996,9.1,0,7,200
1849,369392,86.05333338491619,0.14500000000000002,9.32,0,8,200
1850,369600,105.46999968960881,0.03500000000000003,9.45,0,8,200
1851,369744,120.35833244025707,0.030000000000000027,7.745,0,10,200
1852,369832,94.31499888561666,0.12,8.835,0,8,200
1853,370128,117.4783337553963,0.020000000000000018,8.195,0,11,200
1854,370328,110.85000037122518,0.03500000000000003,8.79,0,10,200
1855,370640,112.24999988824129,0.04500000000000004,8.61,0,8,200
1856,370688,116.2516666278243,0.06499999999999995,7.885,0,5,200
1857,370992,103.31166734360158,0.07999999999999996,8.515,0,9,200
1858,371200,100.81833321228623,0.07999999999999996,9.035,0,9,200
1859,371344,94.27666668687016,0.07499999999999996,10.03,0,7,200
1860,371432,104.54333336465061,0.07999999999999996,9.05,0,2,200
1861,371728,104.49666681420058,0.040000000000000036,9.67,0,7,200
1862,371928,117.55999982729554,0.06499999999999995,7.56,0,6,200
1863,372240,99.38666610047221,0.08499999999999996,8.74,0,13,200
1864,372288,118.02833363320678,0.03500000000000003,7.685,0,13,200
1865,372592,100.08000009972602,0.07499999999999996,8.82,0,13,200
1866,372800,102.0566669460386,0.050000000000000044,9.58,0,8,200
1867,372944,113.01333383284509,0.06499999999999995,8.03,0,5,200
1868,373032,115.02166621293873,0.025000000000000022,8.875,0,5,200
1869,373328,100.81499972008169,0.050000000000000044,9.285,0,16,200
1870,373528,113.42666682228446,0.05500000000000005,8.02,0,9,200
1871,373840,113.74833357241005,0.050000000000000044,8.075,0,9,200
1872,373888,114.34999978821725,0.06499999999999995,7.98,0,6,200
1873,374192,95.52333371713758,0.040000000000000036,10.31,0,12,200
1874,374400,105.66000004205853,0.030000000000000027,9.57,0,9,200
1875,374544,111.49333351384848,0.05500000000000005,8.33,0,10,200
1876,374632,121.93999992124736,0.050000000000000044,7.2,0,10,200
1877,374928,117.42166771553457,0.030000000000000027,8.215,0,11,200
1878,375128,97.99166709091514,0.06999999999999995,9.655,0,8,200
1879,375440,115.39499907009304,0.05500000000000005,8.025,0,6,200
1880,375488,108.82333287037909,0.06000000000000005,7.97,0,17,200
1881,375792,100.55666687525809,0.04500000000000004,9.43,0,16,200
1882,376000,112.04333336185664,0.050000000000000044,8.39,0,9,200
1883,376144,117.19166636839509,0.040000000000000036,8.305,0,5,200
1884,376232,92.47166666481644,0.09499999999999997,9.535,0,10,200
1885,376528,109.0816663755104,0.05500000000000005,8.515,0,10,200
1886,376728,109.78166637849063,0.040000000000000036,8.935,0,8,200
1887,377040,91.56166631449014,0.06499999999999995,10.315,0,11,200
1888,377088,87.25166666693985,0.07999999999999996,10.135,0,14,200
1889,377392,102.74166667368263,0.06499999999999995,8.755,0,12,200
1890,377600,102.17499964591116,0.05500000000000005,8.895,0,15,200
1891,377744,100.95166636165231,0.06000000000000005,8.845,0,17,200
1892,377832,102.56833278946579,0.040000000000000036,9.635,0,11,200
1893,378128,97.19166640937328,0.06499999999999995,9.745,0,8,200
1894,378328,107.46000011172146,0.050000000000000044,8.34,0,17,200
1895,378640,97.69666692987084,0.06499999999999995,9.52,0,13,200
1896,378688,118.0316665219143,0.04500000000000004,7.465,0,14,200
1897,378992,104.35166681371629,0.05500000000000005,9.235,0,8,200
1898,379200,96.85499954689294,0.06999999999999995,9.405,0,15,200
1899,379344,110.81333342008293,0.06000000000000005,8.51,0,6,200
1900,379432,103.24499956704676,0.030000000000000027,9.795,0,11,200
1901,379728,108.28833371400833,0.08499999999999996,8.165,0,6,200
1902,379928,113.92833343427628,0.06000000000000005,7.775,0,10,200
1903,380240,109.41000088118017,0.05500000000000005,8.4,0,10,200
1904,380288,102.0116667971015,0.09999999999999998,8.155,0,14,200
1905,380592,96.21999940648675,0.07999999999999996,9.36,0,10,200
1906,380800,104.16333306953311,0.06499999999999995,8.75,0,12,200
1907,380944,108.42666629515588,0.03500000000000003,9.4,0,7,200
1908,381032,116.31166670378298,0.025000000000000022,8.335,0,10,200
1909,381328,120.89833283424377,0.0050000000000000044,8.585,0,8,200
1910,381528,92.06666710134596,0.135,8.89,0,7,200
1911,381840,99.84166753292084,0.07999999999999996,9.505,0,4,200
1912,381888,109.60833304282278,0.10999999999999999,7.535,0,5,200
1913,382192,104.66166719980538,0.06499999999999995,8.725,0,11,200
1914,382400,111.95666686818004,0.07999999999999996,7.72,0,7,200
1915,382544,116.52000004053116,0.06999999999999995,7.5,0,7,200
1916,382632,107.66666739340872,0.06499999999999995,8.44,0,10,200
1917,382928,118.40166652947664,0.06000000000000005,7.825,0,4,200
1918,383128,123.9000003375113,0.030000000000000027,7.65,0,7,200
1919,383440,97.62333356402814,0.12,8.66,0,7,200
1920,383488,108.33166632708162,0.05500000000000005,8.875,0,7,200
1921,383792,99.49500059243292,0.07499999999999996,9.285,0,10,200
1922,384000,113.20166680216789,0.09499999999999997,7.585,0,4,200
1923,384144,98.86833423934877,0.09499999999999997,9.065,0,6,200
1924,384232,107.51666540559381,0.09999999999999998,7.96,0,8,200
1925,384528,120.29333225917071,0.030000000000000027,8.51,0,2,200
1926,384728,111.71833406295627,0.06499999999999995,8.285,0,7,200
1927,385040,115.54999990016222,0.08999999999999997,7.35,0,3,200
1928,385088,105.48500063829124,0.06000000000000005,9.015,0,9,200
1929,385392,117.34833300113678,0.025000000000000022,8.405,0,9,200
1930,385600,98.32833279296756,0.06000000000000005,10.235,0,2,200
1931,385744,105.01833337452263,0.08499999999999996,8.105,0,13,200
1932,385832,109.59166663140059,0.08999999999999997,7.465,0,12,200
1933,386128,117.38666680362076,0.025000000000000022,7.63,0,20,200
1934,386328,105.43333304673433,0.05500000000000005,8.75,0,13,200
1935,386640,103.28000003751367,0.08499999999999996,8.76,0,6,200
1936,386688,107.22333314362913,0.03500000000000003,8.87,0,16,200
1937,386992,115.20833404362202,0.03500000000000003,8.045,0,16,200
1938,387200,94.9366664243862,0.06499999999999995,9.52,0,16,200
1939,387344,104.39333391189575,0.06499999999999995,9.05,0,7,200
1940,387432,106.6266658641398,0.03500000000000003,9.28,0,11,200
1941,387728,101.8849997324869,0.030000000000000027,9.705,0,13,200
1942,387928,111.12666623666883,0.06499999999999995,8.35,0,7,200
1943,388240,103.54833420459181,0.030000000000000027,9.605,0,13,200
1944,388288,105.16500014998019,0.025000000000000022,9.645,0,11,200
1945,388592,95.69333314523101,0.05500000000000005,9.83,0,16,200
1946,388800,103.30499972123653,0.030000000000000027,9.405,0,16,200
1947,388944,112.43999953847378,0.04500000000000004,8.25,0,11,200
1948,389032,98.10499996505678,0.05500000000000005,9.405,0,18,200
1949,389328,101.67666631005704,0.050000000000000044,9.61,0,10,200
1950,389528,95.15333359781653,0.05500000000000005,9.95,0,14,200
1951,389840,120.09333337564021,0.0050000000000000044,8.33,0,10,200
1952,389888,110.46666678227484,0.04500000000000004,8.71,0,9,200
1953,390192,120.48500013630837,0.020000000000000018,7.875,0,13,200
1954,390400,103.82333298027515,0.015000000000000013,10.01,0,10,200
1955,390544,112.9350002296269,0.03500000000000003,8.235,0,14,200
1956,390632,97.3950000628829,0.07999999999999996,8.865,0,16,200
1957,390928,114.84000012651086,0.03500000000000003,8.52,0,9,200
1958,391128,96.98166655562818,0.06000000000000005,9.295,0,20,200
1959,391440,118.27000016253442,0.025000000000000022,8.04,0,13,200
1960,391488,117.19500092696398,0.04500000000000004,8.235,0,4,200
1961,391792,108.12333317101002,0.05500000000000005,8.33,0,16,200
1962,392000,97.8916669068858,0.03500000000000003,10.225,0,11,200
1963,392144,99.82500060554594,0.040000000000000036,9.735,0,14,200
1964,392232,109.21333351451904,0.030000000000000027,8.9,0,14,200
1965,392528,117.89333419129252,0.015000000000000013,8.33,0,11,200
1966,392728,108.5699997190386,0.05500000000000005,8.55,0,10,200
1967,393040,98.26999958977103,0.08999999999999997,8.73,0,14,200
1968,393088,112.43500037584454,0.050000000000000044,8.325,0,10,200
1969,393392,115.93666751682758,0.010000000000000009,9.04,0,6,200
1970,393600,117.86333349253982,0.020000000000000018,8.24,0,11,200
1971,393744,98.18000026140362,0.025000000000000022,10.08,0,17,200
1972,393832,96.61500036530197,0.06000000000000005,9.495,0,17,200
1973,394128,98.74333276320249,0.03500000000000003,9.62,0,19,200
1974,394328,108.02666724100709,0.015000000000000013,9.1,0,17,200
1975,394640,115.04333299025893,0.025000000000000022,8.36,0,13,200
1976,394688,114.81000018119812,0.030000000000000027,8.37,0,11,200
1977,394992,92.3866667766124,0.07999999999999996,10.03,0,9,200
1978,395200,118.49000007566065,0.020000000000000018,8.19,0,10,200
1979,395344,97.3100002631545,0.06999999999999995,9.42,0,12,200
1980,395432,94.77499999850988,0.06999999999999995,9.645,0,12,200
1981,395728,99.73333316855133,0.040000000000000036,9.5,0,19,200
1982,395928,107.65666676964611,0.050000000000000044,8.74,0,12,200
1983,396240,105.5883335834369,0.03500000000000003,9.155,0,13,200
1984,396288,113.27499921061099,0.04500000000000004,8.265,0,9,200
1985,396592,91.85166671685874,0.07999999999999996,9.895,0,12,200
1986,396800,99.2766666226089,0.06000000000000005,9.64,0,10,200
1987,396944,111.50999989639968,0.050000000000000044,8.19,0,12,200
1988,397032,115.98333360254765,0.030000000000000027,8.36,0,9,200
1989,397328,101.82666673138738,0.06999999999999995,9.04,0,10,200
1990,397528,97.80833307094872,0.06999999999999995,9.545,0,11,200
1991,397840,108.07999970763922,0.07999999999999996,8.16,0,7,200
1992,397888,116.86166648101062,0.015000000000000013,8.605,0,9,200
1993,398192,107.06999962218106,0.06000000000000005,8.61,0,11,200
1994,398400,118.06499980390072,0.05500000000000005,7.575,0,10,200
1995,398544,107.76333307754248,0.05500000000000005,8.6,0,11,200
1996,398632,117.84666599985212,0.030000000000000027,8.68,0,2,200
1997,398928,111.45666677132249,0.05500000000000005,7.93,0,13,200
1998,399128,120.17999926954508,0.025000000000000022,7.98,0,9,200
1999,399440,94.50499980058521,0.08999999999999997,9.885,0,5,200
2000,399488,113.35833305865526,0.06499999999999995,7.745,0,10,200
2001,399792,117.22666627168655,0.05500000000000005,7.27,0,13,200
2002,400000,99.28666684031487,0.08499999999999996,9.19,0,7,200
