episode,timestep,reward,sla_violation,mean_replicas,crashes,flapping_incidents,length
0,144,-15.263333033770323,0.38888888888888884,2.111111111111111,1,6,18
1,392,-16.013332467526197,0.5714285714285714,2.122448979591837,1,19,49
2,920,-0.8233336694538593,0.3739130434782608,4.660869565217391,1,42,115
3,1160,-25.64166722074151,0.7333333333333334,2.6333333333333333,1,14,30
4,1272,-22.20666654407978,0.6428571428571428,2.857142857142857,1,7,14
5,1600,70.71499998215586,0.020000000000000018,9.645,0,62,200
6,1600,81.8233334068209,0.06000000000000005,6.65,0,68,200
7,1600,82.4883335661143,0.0050000000000000044,8.225,0,64,200
8,1600,92.96166685316712,0.07999999999999996,5.965,0,56,200
9,1600,58.256666646339,0.15500000000000003,7.51,0,63,200
10,1688,-18.876666508615017,0.6363636363636364,2.0,1,3,11
11,1744,53.745000031776726,0.10499999999999998,9.765,0,62,200
12,1992,90.24833365995437,0.13,5.015,0,57,200
13,2032,-19.245000425726175,0.6851851851851851,2.5,1,14,54
14,2120,-20.06500042323023,0.5625,3.1875,1,6,16
15,2144,15.858334134332836,0.2018348623853211,5.568807339449541,1,36,109
16,2216,-22.836665991693735,0.9166666666666666,1.8333333333333333,1,4,12
17,3200,82.21166718192399,0.0,8.245,0,65,200
18,3200,79.60000030882657,0.025000000000000022,7.5,0,73,200
19,3200,80.4266668651253,0.020000000000000018,6.76,0,80,200
20,3288,101.67666702251881,0.030000000000000027,5.74,0,58,200
21,3344,85.36000025458634,0.05500000000000005,5.46,0,80,200
22,3632,90.14500011410564,0.0,7.605,0,65,200
23,3744,60.6400002213195,0.06999999999999995,7.98,0,79,200
24,3816,88.25000009033829,0.0,8.04,0,63,200
25,4800,80.8350000763312,0.025000000000000022,7.185,0,76,200
26,4800,87.71833347529173,0.020000000000000018,7.745,0,58,200
27,4800,99.83333349600434,0.0,5.96,0,71,200
28,4888,67.41666666697711,0.10499999999999998,6.67,0,79,200
29,4944,79.26833376847208,0.010000000000000009,7.655,0,76,200
30,5232,78.41499985940754,0.09499999999999997,6.315,0,68,200
31,5344,70.46833339426666,0.025000000000000022,9.155,0,67,200
32,5416,80.99333362560719,0.03500000000000003,7.07,0,72,200
33,6400,70.75000032968819,0.06499999999999995,7.23,0,74,200
34,6400,98.06166680064052,0.020000000000000018,6.775,0,53,200
35,6400,90.44333334360272,0.010000000000000009,6.17,0,80,200
36,6488,79.95666713453829,0.020000000000000018,7.93,0,69,200
37,6544,84.27166671864688,0.0050000000000000044,8.275,0,63,200
38,6832,101.53166688326746,0.0050000000000000044,6.565,0,58,200
39,6944,106.19666696619242,0.0050000000000000044,5.44,0,64,200
40,7016,93.1133336648345,0.010000000000000009,6.17,0,71,200
41,8000,86.7533333543688,0.015000000000000013,6.77,0,74,200
42,8000,92.98499996587634,0.0,6.195,0,75,200
43,8000,82.80833372101188,0.05500000000000005,6.125,0,77,200
44,8088,85.30333332531154,0.020000000000000018,6.83,0,73,200
45,8144,93.80500022228807,0.0050000000000000044,6.915,0,64,200
46,8432,91.54833327420056,0.025000000000000022,6.935,0,62,200
47,8544,91.99833355471492,0.0050000000000000044,7.295,0,62,200
48,8616,88.39500064961612,0.0050000000000000044,7.305,0,67,200
49,9600,98.02500017359853,0.0,7.035,0,59,200
50,9600,83.06333352066576,0.03500000000000003,6.68,0,74,200
51,9600,98.06500018108636,0.0050000000000000044,6.135,0,70,200
52,9688,88.9583333581686,0.0050000000000000044,6.665,0,75,200
53,9744,97.60166694130749,0.0,6.535,0,68,200
54,10032,90.82666711416095,0.0050000000000000044,6.52,0,74,200
55,10144,108.24666690640152,0.0050000000000000044,5.56,0,61,200
56,10216,100.40166664775461,0.0,6.295,0,62,200
57,11200,107.04333380330354,0.0050000000000000044,5.42,0,65,200
58,11200,87.74833315238357,0.0,6.935,0,75,200
59,11200,99.92666700202972,0.0,6.4,0,64,200
60,11288,102.45666675362736,0.0,5.8,0,65,200
61,11344,105.24000018462539,0.0,5.58,0,66,200
62,11632,94.45333368517458,0.0,5.96,0,80,200
63,11744,111.49500027950853,0.0050000000000000044,5.325,0,59,200
64,11816,97.9116665944457,0.0050000000000000044,5.965,0,73,200
65,12800,94.16166654787958,0.0050000000000000044,6.025,0,75,200
66,12800,98.28500020131469,0.020000000000000018,5.625,0,69,200
67,12800,101.91500020679086,0.0050000000000000044,6.165,0,60,200
68,12888,97.90833342634141,0.0,5.765,0,76,200
69,12944,103.710000150837,0.0,5.64,0,69,200
70,13232,109.60833348333836,0.0,5.645,0,60,200
71,13344,104.6266668792814,0.015000000000000013,5.71,0,60,200
72,13416,114.35000035725534,0.0,5.43,0,56,200
73,14400,103.58666693046689,0.015000000000000013,5.83,0,61,200
74,14400,108.71833358891308,0.0,5.765,0,60,200
75,14400,110.9083334011957,0.0050000000000000044,5.705,0,53,200
76,14488,105.66666711866856,0.0,5.62,0,65,200
77,14544,107.02666709851474,0.0,5.98,0,57,200
78,14832,99.55166685767472,0.0,6.115,0,66,200
79,14944,111.0100000500679,0.0,5.28,0,62,200
80,15016,106.94666735921055,0.0050000000000000044,5.86,0,57,200
81,16000,107.78166697733104,0.0,6.265,0,52,200
82,16000,107.07000038865954,0.0,5.88,0,61,200
83,16000,99.34000018145889,0.0050000000000000044,6.0,0,69,200
84,16088,108.43500002194196,0.0050000000000000044,5.295,0,63,200
85,16144,111.01166696008295,0.010000000000000009,5.395,0,55,200
86,16432,108.06166686210781,0.0,5.725,0,58,200
87,16544,106.38000014331192,0.0050000000000000044,6.3,0,54,200
88,16616,109.64666676614434,0.0,5.71,0,59,200
89,17600,101.5283335680142,0.0,5.645,0,71,200
90,17600,110.64333380013704,0.0,5.63,0,59,200
91,17600,112.55000053532422,0.0050000000000000044,5.49,0,54,200
92,17688,102.96499998681247,0.0050000000000000044,5.625,0,67,200
93,17744,99.47500008996576,0.0,6.195,0,69,200
94,18032,114.27000056114048,0.0,5.52,0,53,200
95,18144,106.99500022828579,0.030000000000000027,4.965,0,63,200
96,18216,110.43833391647786,0.0,5.495,0,59,200
97,19200,107.82166717480868,0.0,5.485,0,61,200
98,19200,110.22833357844502,0.0,5.285,0,63,200
99,19200,114.65500045008957,0.0050000000000000044,4.905,0,60,200
100,19288,102.25333350338042,0.0050000000000000044,5.87,0,64,200
101,19344,112.48833382781595,0.0050000000000000044,5.735,0,51,200
102,19632,111.12833349686116,0.020000000000000018,4.865,0,60,200
103,19744,116.68666701950133,0.0050000000000000044,5.11,0,52,200
104,19816,117.51833363715559,0.010000000000000009,5.255,0,50,200
105,20800,118.9666668465361,0.0,4.96,0,54,200
106,20800,117.17500023636967,0.0,5.565,0,49,200
107,20800,110.7200005017221,0.0,6.12,0,50,200
108,20888,110.54000013880432,0.010000000000000009,5.37,0,58,200
109,20944,121.03166644275188,0.0050000000000000044,4.885,0,51,200
110,21232,113.43833401147276,0.015000000000000013,5.855,0,44,200
111,21344,109.68166698608547,0.0,5.515,0,60,200
112,21416,117.54833350423723,0.0050000000000000044,5.045,0,50,200
113,22400,113.57500032056123,0.015000000000000013,5.505,0,51,200
114,22400,116.87833353411406,0.0,5.165,0,53,200
115,22400,119.54833356663585,0.0050000000000000044,5.195,0,49,200
116,22488,111.57333360146731,0.0,5.57,0,57,200
117,22544,123.64166674017906,0.0,4.585,0,53,200
118,22832,117.17333343997598,0.0,5.15,0,55,200
119,22944,115.26666655763984,0.0,5.17,0,58,200
120,23016,115.70666664931923,0.010000000000000009,5.17,0,52,200
121,24000,115.72666676715016,0.0050000000000000044,4.87,0,57,200
122,24000,115.5416668979451,0.010000000000000009,4.975,0,56,200
123,24000,122.02666697185487,0.0,5.02,0,48,200
124,24088,122.3083334909752,0.0,4.955,0,48,200
125,24144,117.1450001327321,0.010000000000000009,4.905,0,55,200
126,24432,114.82000008411705,0.0050000000000000044,5.25,0,56,200
127,24544,112.74833360686898,0.0,5.525,0,54,200
128,24616,113.68166666664183,0.0,5.575,0,55,200
129,25600,119.75833348277956,0.020000000000000018,5.165,0,45,200
130,25600,114.16166662517935,0.040000000000000036,4.555,0,54,200
131,25600,119.88000000268221,0.0,5.16,0,51,200
132,25688,121.56333356257528,0.0050000000000000044,5.03,0,46,200
133,25744,111.16166716720909,0.0,5.455,0,60,200
134,26032,122.01666683331132,0.0050000000000000044,4.72,0,50,200
135,26144,113.00333367008716,0.0,5.12,0,61,200
136,26216,127.91833380702883,0.020000000000000018,4.565,0,39,200
137,27200,111.77666702959687,0.0,5.56,0,59,200
138,27200,121.81500004604459,0.010000000000000009,5.325,0,42,200
139,27200,115.23500025551766,0.0050000000000000044,5.235,0,54,200
140,27288,118.73000014107674,0.0050000000000000044,4.95,0,52,200
141,27344,127.7883335892111,0.0050000000000000044,4.775,0,42,200
142,27632,124.38666671700776,0.0,4.84,0,49,200
143,27744,122.9216667721048,0.010000000000000009,5.005,0,45,200
144,27816,121.15500024426728,0.04500000000000004,4.725,0,39,200
145,28800,131.85833366401494,0.0,4.895,0,34,200
146,28800,118.30500036105514,0.0050000000000000044,5.235,0,48,200
147,28800,129.46833325643092,0.0050000000000000044,4.865,0,37,200
148,28888,131.6133335288614,0.0050000000000000044,4.76,0,35,200
149,28944,122.69000030029565,0.0050000000000000044,5.1,0,45,200
150,29232,115.1066670101136,0.010000000000000009,5.29,0,54,200
151,29344,118.60666679311544,0.0050000000000000044,5.26,0,50,200
152,29416,123.22000023536384,0.0050000000000000044,5.46,0,39,200
153,30400,119.23000001627952,0.010000000000000009,5.13,0,50,200
154,30400,122.65000038873404,0.0050000000000000044,4.89,0,48,200
155,30400,122.54833348095417,0.0,5.465,0,41,200
156,30488,124.13000009115785,0.0,5.52,0,40,200
157,30544,122.5866669099778,0.0050000000000000044,5.14,0,45,200
158,30832,127.97500030323863,0.015000000000000013,4.695,0,41,200
159,30944,128.3300001192838,0.0,4.71,0,45,200
160,31016,134.62833352666348,0.0050000000000000044,4.625,0,33,200
161,32000,127.74000028334558,0.020000000000000018,4.59,0,40,200
162,32000,135.10666674282402,0.0,4.57,0,34,200
163,32000,134.9433329962194,0.025000000000000022,4.46,0,29,200
164,32088,123.3816671287641,0.0050000000000000044,5.275,0,43,200
165,32144,133.27499990165234,0.015000000000000013,4.995,0,28,200
166,32432,129.0333330044523,0.0050000000000000044,4.64,0,42,200
167,32544,131.6899999473244,0.0050000000000000044,4.38,0,40,200
168,32616,128.95000035408884,0.05500000000000005,4.02,0,36,200
169,33600,119.173333841376,0.040000000000000036,4.91,0,44,200
170,33600,126.49666636437178,0.0050000000000000044,4.54,0,46,200
171,33600,121.95499982964247,0.04500000000000004,4.755,0,39,200
172,33688,132.94833352975547,0.0,4.565,0,38,200
173,33744,133.62666650488973,0.0,4.87,0,34,200
174,34032,134.60833374410868,0.0050000000000000044,4.295,0,40,200
175,34144,137.25000007171184,0.0050000000000000044,4.47,0,31,200
176,34216,128.11666675843298,0.025000000000000022,4.78,0,36,200
177,35200,136.28833363950253,0.0050000000000000044,4.295,0,36,200
178,35200,130.02333342004567,0.010000000000000009,4.76,0,37,200
179,35200,132.1716668335721,0.030000000000000027,3.985,0,39,200
180,35288,134.71499985735863,0.0050000000000000044,4.425,0,35,200
181,35344,132.88666661456227,0.0,4.57,0,38,200
182,35632,127.69000025931746,0.03500000000000003,4.44,0,36,200
183,35744,131.06666651088744,0.015000000000000013,4.3,0,40,200
184,35816,133.73833344317973,0.0050000000000000044,4.745,0,34,200
185,36800,136.6666665840894,0.0050000000000000044,4.15,0,37,200
186,36800,131.6116668432951,0.0,4.675,0,38,200
187,36800,129.17999994941056,0.0,4.62,0,44,200
188,36888,131.47166646271944,0.0050000000000000044,4.195,0,43,200
189,36944,133.2566668810323,0.0050000000000000044,4.36,0,40,200
190,37232,138.91499998606741,0.0,4.155,0,35,200
191,37344,141.51333305239677,0.0050000000000000044,4.19,0,30,200
192,37352,-16.91500049084425,0.6666666666666667,1.4,1,1,15
193,37416,126.22500014863908,0.010000000000000009,4.725,0,44,200
194,38400,141.59500026982278,0.010000000000000009,4.035,0,29,200
195,38400,146.82166665699333,0.0050000000000000044,3.805,0,24,200
196,38400,138.72833364643157,0.0050000000000000044,4.385,0,31,200
197,38488,133.12166698183864,0.0050000000000000044,4.825,0,33,200
198,38544,135.75166681408882,0.0050000000000000044,4.375,0,36,200
199,38944,143.46333324816078,0.0050000000000000044,4.22,0,26,200
200,38952,143.70166703220457,0.010000000000000009,4.135,0,26,200
201,39016,134.81833354569972,0.020000000000000018,4.595,0,27,200
202,40000,147.6200002199039,0.0050000000000000044,4.26,0,19,200
203,40000,135.90500006917864,0.0,4.695,0,32,200
204,40000,138.06333310808986,0.0050000000000000044,4.34,0,31,200
205,40088,133.04166705720127,0.0050000000000000044,4.855,0,31,200
206,40144,136.16666672378778,0.030000000000000027,4.81,0,20,200
207,40544,152.21666663885117,0.015000000000000013,3.7,0,15,200
208,40552,138.54333364218473,0.040000000000000036,4.04,0,23,200
209,40616,139.8183338791132,0.030000000000000027,4.175,0,24,200
210,41600,141.14166704099625,0.06000000000000005,3.655,0,19,200
211,41600,145.2049998631701,0.020000000000000018,3.945,0,23,200
212,41600,144.4683334203437,0.0,4.385,0,23,200
213,41688,137.02166594471782,0.07499999999999996,3.775,0,19,200
214,41744,143.9100000364706,0.0,4.29,0,23,200
215,42144,150.72666691802442,0.020000000000000018,3.76,0,15,200
216,42152,134.44166701566428,0.08499999999999996,4.015,0,16,200
217,42216,139.83333398867399,0.06000000000000005,3.86,0,19,200
218,43200,152.4933337625116,0.025000000000000022,3.47,0,14,200
219,43200,146.78833324834704,0.030000000000000027,3.905,0,14,200
220,43200,142.0366667835042,0.06999999999999995,3.91,0,11,200
221,43288,148.19666649401188,0.030000000000000027,3.85,0,16,200
222,43344,143.3250000057742,0.040000000000000036,3.915,0,18,200
223,43744,154.44333316385746,0.0050000000000000044,3.98,0,12,200
224,43752,132.57833358179778,0.08999999999999997,3.995,0,18,200
225,43816,145.46333339624107,0.025000000000000022,4.4,0,14,200
226,44800,135.12833347264677,0.08499999999999996,4.145,0,15,200
227,44800,133.7533335145563,0.06999999999999995,4.16,0,20,200
228,44800,145.14333322830498,0.03500000000000003,3.86,0,17,200
229,44888,138.57833314221352,0.08499999999999996,3.755,0,14,200
230,44944,109.64666661247611,0.25,3.46,0,13,200
231,45344,145.9483337085694,0.040000000000000036,3.695,0,16,200
232,45352,126.80000082217157,0.14500000000000002,3.54,0,16,200
233,45416,150.686666614376,0.0,4.09,0,18,200
234,46400,140.37333314679563,0.020000000000000018,4.46,0,21,200
235,46400,141.57833327259868,0.040000000000000036,4.085,0,20,200
236,46400,143.88333373516798,0.010000000000000009,4.01,0,25,200
237,46488,144.30000019725412,0.0050000000000000044,4.26,0,24,200
238,46544,138.04666663333774,0.020000000000000018,4.24,0,28,200
239,46944,147.5066664358601,0.020000000000000018,3.88,0,18,200
240,46952,140.90000049490482,0.0,4.53,0,25,200
241,47016,144.04333324823529,0.0050000000000000044,4.46,0,21,200
242,48000,140.5099998190999,0.030000000000000027,4.29,0,20,200
243,48000,135.80666673369706,0.04500000000000004,4.12,0,26,200
244,48000,127.27666660677642,0.05500000000000005,4.87,0,27,200
245,48088,138.93000009004027,0.0050000000000000044,4.62,0,27,200
246,48144,145.3866662941873,0.015000000000000013,3.97,0,25,200
247,48544,139.66999991144985,0.0050000000000000044,4.11,0,33,200
248,48552,135.78000016789883,0.06499999999999995,3.87,0,24,200
249,48616,134.77166662178934,0.015000000000000013,4.555,0,33,200
250,49600,145.86166607216,0.020000000000000018,4.015,0,22,200
251,49600,145.81666630040854,0.0,3.94,0,28,200
252,49600,140.48333350103348,0.0050000000000000044,4.46,0,28,200
253,49688,134.5933333178982,0.030000000000000027,4.64,0,24,200
254,49744,148.56000054627657,0.030000000000000027,3.78,0,15,200
255,50144,147.72000009194016,0.0050000000000000044,4.14,0,18,200
256,50152,144.90000023692846,0.025000000000000022,3.87,0,20,200
257,50216,136.99999974574894,0.06999999999999995,4.17,0,15,200
258,51200,133.65666642598808,0.040000000000000036,4.15,0,32,200
259,51200,146.4633333021775,0.0,4.13,0,25,200
260,51200,139.43499985150993,0.04500000000000004,3.915,0,23,200
261,51288,145.26000001095235,0.0,4.47,0,20,200
262,51344,140.5633332831785,0.050000000000000044,4.01,0,19,200
263,51744,143.41500019934028,0.015000000000000013,4.065,0,25,200
264,51752,141.59499995410442,0.025000000000000022,3.975,0,23,200
265,51816,131.89500031434,0.07999999999999996,3.855,0,23,200
266,52800,140.87333325110376,0.010000000000000009,4.37,0,27,200
267,52800,137.66500043775886,0.050000000000000044,4.065,0,20,200
268,52800,141.90499969292432,0.025000000000000022,4.245,0,20,200
269,52888,142.5066665345803,0.040000000000000036,4.03,0,19,200
270,52944,146.77500013448298,0.0050000000000000044,3.915,0,24,200
271,53344,125.4683336764574,0.135,3.875,0,18,200
272,53352,139.5199998775497,0.04500000000000004,4.08,0,20,200
273,53416,127.21166653838009,0.08999999999999997,4.105,0,27,200
274,54400,143.53000002913177,0.015000000000000013,4.29,0,22,200
275,54400,146.66833368409425,0.015000000000000013,3.785,0,22,200
276,54400,134.27833295986056,0.040000000000000036,4.325,0,29,200
277,54488,140.07833301182836,0.030000000000000027,4.265,0,23,200
278,54544,139.9816662175581,0.025000000000000022,4.105,0,27,200
279,54944,141.18833361100405,0.030000000000000027,4.145,0,22,200
280,54952,146.75166715215892,0.015000000000000013,3.775,0,21,200
281,55016,140.0999998934567,0.025000000000000022,4.11,0,26,200
282,56000,144.0033336384222,0.03500000000000003,3.92,0,20,200
283,56000,137.29666693042964,0.06999999999999995,3.58,0,22,200
284,56000,149.55833310820162,0.015000000000000013,3.965,0,15,200
285,56088,144.096666703932,0.010000000000000009,4.06,0,26,200
286,56144,145.7566668074578,0.0,4.15,0,24,200
287,56544,143.2316669113934,0.04500000000000004,3.865,0,18,200
288,56552,136.89000050909817,0.030000000000000027,4.02,0,31,200
289,56616,143.12166662700474,0.040000000000000036,4.075,0,17,200
290,57600,144.4533327948302,0.025000000000000022,4.31,0,16,200
291,57600,136.24333342444152,0.05500000000000005,4.34,0,20,200
292,57600,148.26666680630296,0.010000000000000009,4.06,0,19,200
293,57688,148.64166635181755,0.0,3.895,0,24,200
294,57744,149.0866668075323,0.010000000000000009,3.82,0,23,200
295,58144,145.06666644476354,0.015000000000000013,4.12,0,21,200
296,58152,149.81499949097633,0.0050000000000000044,4.095,0,18,200
297,58216,140.5816667927429,0.020000000000000018,4.135,0,28,200
298,59200,137.49499998427927,0.040000000000000036,4.215,0,24,200
299,59200,144.15666677989066,0.04500000000000004,3.88,0,15,200
300,59200,142.88500026520342,0.040000000000000036,3.615,0,23,200
301,59288,127.16999970562756,0.10999999999999999,3.84,0,22,200
302,59344,151.13333347812295,0.0050000000000000044,3.74,0,18,200
303,59744,126.73666680045426,0.09499999999999997,4.3,0,24,200
304,59752,139.83666639681906,0.03500000000000003,3.88,0,26,200
305,59816,143.5566664049402,0.020000000000000018,4.12,0,23,200
306,60800,139.00666693691164,0.0,4.51,0,30,200
307,60800,143.14999971352518,0.015000000000000013,4.23,0,24,200
308,60800,146.5450000781566,0.020000000000000018,3.885,0,21,200
309,60888,147.42500023078173,0.030000000000000027,3.795,0,16,200
310,60944,150.07833288609982,0.0050000000000000044,4.055,0,18,200
311,61344,143.0499996431172,0.03500000000000003,3.87,0,22,200
312,61352,143.67333281878382,0.015000000000000013,4.13,0,23,200
313,61416,145.1983337542042,0.025000000000000022,3.725,0,22,200
314,62400,129.97499928995967,0.11499999999999999,4.095,0,15,200
315,62400,143.12333337124437,0.04500000000000004,4.13,0,16,200
316,62400,150.20333335921168,0.0050000000000000044,4.1,0,15,200
317,62488,144.04833325464278,0.015000000000000013,3.875,0,26,200
318,62544,144.58666599914432,0.010000000000000009,4.18,0,22,200
319,62944,134.51666693016887,0.09999999999999998,3.55,0,19,200
320,62952,140.95833291113377,0.025000000000000022,4.115,0,24,200
321,63016,153.98166691884398,0.015000000000000013,3.625,0,15,200
322,64000,145.0116664916277,0.03500000000000003,3.865,0,18,200
323,64000,141.36500002723187,0.03500000000000003,3.885,0,22,200
324,64000,150.17833296768367,0.0050000000000000044,4.025,0,17,200
325,64088,147.25499973352998,0.040000000000000036,3.945,0,11,200
326,64144,147.0916664749384,0.040000000000000036,3.745,0,15,200
327,64544,146.3233330277726,0.0,4.19,0,25,200
328,64552,142.22499980963767,0.015000000000000013,4.035,0,26,200
329,64616,151.64666667953134,0.015000000000000013,3.64,0,18,200
330,65600,137.6799996914342,0.04500000000000004,3.81,0,29,200
331,65600,156.09666645526886,0.0,3.61,0,17,200
332,65600,147.89000041317195,0.040000000000000036,3.72,0,14,200
333,65688,146.32333339657634,0.03500000000000003,3.71,0,20,200
334,65744,153.37499947100878,0.0,3.795,0,19,200
335,66144,138.59333340264857,0.040000000000000036,4.01,0,24,200
336,66152,143.7033330220729,0.020000000000000018,3.92,0,24,200
337,66216,142.97333306632936,0.015000000000000013,4.25,0,22,200
338,67200,151.58666655234993,0.015000000000000013,3.67,0,17,200
339,67200,145.22166673000902,0.030000000000000027,3.835,0,22,200
340,67200,142.9383331174031,0.040000000000000036,3.815,0,19,200
341,67288,147.7816668478772,0.015000000000000013,3.805,0,22,200
342,67344,146.8850002763793,0.050000000000000044,3.375,0,16,200
343,67744,137.9866667035967,0.050000000000000044,3.94,0,23,200
344,67752,144.14499935880303,0.0050000000000000044,4.185,0,25,200
345,67816,152.805000141263,0.025000000000000022,3.315,0,16,200
346,68800,152.30999970901757,0.0,3.81,0,19,200
347,68800,150.20833338052034,0.010000000000000009,3.785,0,18,200
348,68800,133.48666686471552,0.09999999999999998,3.88,0,16,200
349,68888,151.71500002034009,0.015000000000000013,3.795,0,15,200
350,68944,144.17666629888117,0.020000000000000018,4.21,0,19,200
351,69344,153.39333325996995,0.010000000000000009,3.65,0,17,200
352,69352,146.96499936282635,0.04500000000000004,3.795,0,14,200
353,69416,144.21999938972294,0.025000000000000022,4.17,0,18,200
354,70400,153.4783335691318,0.0050000000000000044,3.425,0,21,200
355,70400,144.58333329390734,0.04500000000000004,3.56,0,21,200
356,70400,144.5783330006525,0.020000000000000018,3.995,0,24,200
357,70488,137.7849997319281,0.08499999999999996,3.615,0,17,200
358,70544,143.79666666686535,0.010000000000000009,4.18,0,23,200
359,70944,148.64000022318214,0.040000000000000036,3.6,0,16,200
360,70952,134.09333327878267,0.03500000000000003,4.34,0,29,200
361,71016,146.644999708049,0.020000000000000018,4.245,0,16,200
362,72000,142.65333349909633,0.015000000000000013,3.89,0,30,200
363,72000,137.22666641883552,0.06999999999999995,3.52,0,24,200
364,72000,147.8383333524689,0.040000000000000036,3.605,0,15,200
365,72088,142.37833298370242,0.05500000000000005,3.785,0,18,200
366,72144,139.01833354029804,0.06499999999999995,3.665,0,19,200
367,72544,135.90666646324098,0.06999999999999995,3.88,0,22,200
368,72552,141.86333294026554,0.030000000000000027,3.95,0,24,200
369,72616,150.82666657399386,0.030000000000000027,3.82,0,12,200
370,73600,145.22666628658772,0.025000000000000022,3.91,0,21,200
371,73600,138.17333307862282,0.04500000000000004,4.1,0,21,200
372,73600,143.8716668887064,0.04500000000000004,3.565,0,21,200
373,73688,133.58833269029856,0.11499999999999999,3.845,0,13,200
374,73744,143.70833306387067,0.04500000000000004,3.695,0,19,200
375,74144,140.50666661839932,0.05500000000000005,3.73,0,20,200
376,74152,148.6183326765895,0.025000000000000022,3.665,0,21,200
377,74216,147.09499996248633,0.025000000000000022,3.675,0,21,200
378,75200,144.62833342514932,0.010000000000000009,3.995,0,26,200
379,75200,142.67499992996454,0.020000000000000018,4.095,0,24,200
380,75200,143.06166662834585,0.040000000000000036,4.165,0,16,200
381,75288,141.98333325609565,0.03500000000000003,3.8,0,24,200
382,75344,147.06166629493237,0.03500000000000003,3.955,0,14,200
383,75744,137.4433335242793,0.08499999999999996,3.8,0,15,200
384,75752,153.76333336159587,0.015000000000000013,3.74,0,13,200
385,75816,150.61166588496417,0.0050000000000000044,3.985,0,19,200
386,76800,144.9216662105173,0.020000000000000018,4.165,0,19,200
387,76800,148.6366661451757,0.015000000000000013,3.94,0,19,200
388,76800,142.11833339557052,0.030000000000000027,4.085,0,23,200
389,76888,149.60833283420652,0.025000000000000022,3.965,0,14,200
390,76944,146.76333369221538,0.040000000000000036,3.59,0,18,200
391,77344,145.99666664004326,0.03500000000000003,4.0,0,16,200
392,77352,143.694999310188,0.040000000000000036,3.915,0,18,200
393,77416,147.68666704371572,0.040000000000000036,3.61,0,18,200
394,78400,146.40666627511382,0.030000000000000027,3.94,0,17,200
395,78400,152.2016669139266,0.015000000000000013,3.565,0,19,200
396,78400,151.3566671088338,0.020000000000000018,3.61,0,17,200
397,78488,142.81499990448356,0.020000000000000018,3.945,0,26,200
398,78544,151.334999833256,0.020000000000000018,3.795,0,15,200
399,78944,144.36499980278313,0.010000000000000009,4.065,0,26,200
400,78952,145.9266666173935,0.010000000000000009,4.0,0,24,200
401,79016,142.08500038832426,0.07999999999999996,3.315,0,17,200
402,80000,140.8433329053223,0.050000000000000044,3.98,0,20,200
403,80000,139.28666624426842,0.07499999999999996,3.88,0,16,200
404,80000,153.08166692219675,0.015000000000000013,3.655,0,14,200
405,80088,147.84333315864205,0.04500000000000004,3.56,0,16,200
406,80144,150.84333354979753,0.030000000000000027,3.5,0,16,200
407,80544,153.76666695810854,0.0,3.52,0,20,200
408,80552,152.05000010691583,0.020000000000000018,3.42,0,18,200
409,80616,151.90166709944606,0.010000000000000009,3.625,0,17,200
410,81600,153.28833323717117,0.015000000000000013,3.755,0,15,200
411,81600,147.104999772273,0.030000000000000027,3.585,0,22,200
412,81600,158.7450004843995,0.025000000000000022,3.165,0,10,200
413,81688,144.05833370611072,0.050000000000000044,3.605,0,19,200
414,81744,150.88000036031008,0.04500000000000004,3.39,0,14,200
415,82144,152.0833331681788,0.025000000000000022,3.68,0,12,200
416,82152,145.47499950230122,0.040000000000000036,3.855,0,20,200
417,82216,142.85666577331722,0.030000000000000027,4.06,0,25,200
418,83200,150.66333348304033,0.020000000000000018,3.44,0,20,200
419,83200,150.17333307024091,0.010000000000000009,3.77,0,22,200
420,83200,150.22333278413862,0.0050000000000000044,3.98,0,20,200
421,83288,148.5833335351199,0.050000000000000044,3.41,0,15,200
422,83344,144.6749997138977,0.04500000000000004,3.975,0,16,200
423,83744,157.02999981865287,0.0,3.48,0,17,200
424,83752,151.4349994957447,0.03500000000000003,3.645,0,14,200
425,83816,142.24166662059724,0.020000000000000018,3.985,0,28,200
426,84800,152.92999944463372,0.0050000000000000044,3.57,0,23,200
427,84800,144.8233332708478,0.040000000000000036,3.8,0,21,200
428,84800,152.54666666965932,0.015000000000000013,3.4,0,20,200
429,84888,147.3216664325446,0.03500000000000003,4.075,0,13,200
430,84944,146.0116668008268,0.050000000000000044,3.535,0,19,200
431,85344,150.69666608422995,0.0,3.61,0,26,200
432,85352,154.7916666707024,0.010000000000000009,3.565,0,17,200
433,85416,142.24666636809707,0.025000000000000022,3.55,0,32,200
434,86400,152.2883326774463,0.010000000000000009,3.935,0,15,200
435,86400,142.83833322953433,0.06499999999999995,3.635,0,17,200
436,86400,147.05166590213776,0.025000000000000022,3.805,0,22,200
437,86488,148.25500005111098,0.030000000000000027,3.375,0,25,200
438,86544,151.24833328649402,0.025000000000000022,3.425,0,19,200
439,86944,153.6383329220116,0.0,3.785,0,19,200
440,86952,147.4849997907877,0.025000000000000022,4.215,0,16,200
441,87016,148.97500022500753,0.010000000000000009,3.705,0,23,200
442,88000,157.62833333015442,0.0050000000000000044,3.545,0,14,200
443,88000,143.93666631635278,0.03500000000000003,3.79,0,23,200
444,88000,147.35666664596647,0.03500000000000003,3.7,0,20,200
445,88088,145.01333341840655,0.040000000000000036,3.71,0,19,200
446,88144,134.61333287134767,0.07499999999999996,3.8,0,24,200
447,88544,146.32499933894724,0.025000000000000022,4.005,0,18,200
448,88552,149.4633328197524,0.020000000000000018,3.47,0,24,200
449,88616,143.66999963484704,0.04500000000000004,3.75,0,21,200
450,89600,155.78166650235653,0.0050000000000000044,3.325,0,21,200
451,89600,143.38499930407852,0.020000000000000018,4.185,0,22,200
452,89600,140.7850000783801,0.06000000000000005,3.615,0,22,200
453,89688,147.05499939154834,0.0050000000000000044,4.215,0,23,200
454,89744,145.56999925523996,0.020000000000000018,3.96,0,24,200
455,90144,147.07166631426662,0.0050000000000000044,3.685,0,30,200
456,90152,141.56999923288822,0.040000000000000036,4.08,0,22,200
457,90216,146.4666666565463,0.010000000000000009,3.7,0,28,200
458,91200,149.17500007804483,0.0050000000000000044,3.675,0,25,200
459,91200,141.28000006824732,0.03500000000000003,3.93,0,23,200
460,91200,141.13666584249586,0.030000000000000027,3.97,0,27,200
461,91288,140.86999949533492,0.020000000000000018,3.9,0,31,200
462,91344,140.97333280090243,0.015000000000000013,4.13,0,28,200
463,91744,149.318333318457,0.020000000000000018,3.665,0,20,200
464,91752,138.47333294898272,0.040000000000000036,3.8,0,32,200
465,91816,153.98666660487652,0.0050000000000000044,3.55,0,20,200
466,92800,152.3349998779595,0.0050000000000000044,3.555,0,23,200
467,92800,152.17666646838188,0.0,3.61,0,23,200
468,92800,145.06833275035024,0.025000000000000022,3.755,0,24,200
469,92888,144.11666609812528,0.0050000000000000044,3.85,0,29,200
470,92944,146.28333244100213,0.025000000000000022,3.89,0,21,200
471,93344,143.13666596263647,0.040000000000000036,3.94,0,17,200
472,93352,134.74166614189744,0.06000000000000005,3.865,0,28,200
473,93416,143.2249993858859,0.025000000000000022,3.915,0,24,200
474,94400,144.03499962203205,0.015000000000000013,3.975,0,28,200
475,94400,144.92166665941477,0.05500000000000005,3.445,0,19,200
476,94400,145.33333324827254,0.025000000000000022,3.83,0,22,200
477,94488,141.14333260059357,0.040000000000000036,3.89,0,26,200
478,94544,144.5666663274169,0.020000000000000018,3.46,0,29,200
479,94944,149.00499955564737,0.0,3.735,0,27,200
480,94952,146.63999970909208,0.020000000000000018,3.63,0,26,200
481,95016,150.09833324328065,0.010000000000000009,3.665,0,22,200
482,96000,145.25999958720058,0.020000000000000018,3.75,0,25,200
483,96000,146.27999993320554,0.010000000000000009,3.81,0,27,200
484,96000,155.18499973416328,0.0,3.435,0,21,200
485,96088,146.44499975442886,0.025000000000000022,3.585,0,26,200
486,96144,137.90666634589434,0.050000000000000044,4.0,0,26,200
487,96544,142.63166630454361,0.025000000000000022,3.775,0,28,200
488,96552,143.91833267360926,0.030000000000000027,3.725,0,24,200
489,96616,149.5866666175425,0.015000000000000013,3.64,0,21,200
490,97600,145.0216662278399,0.015000000000000013,3.835,0,26,200
491,97600,139.22333254665136,0.03500000000000003,3.92,0,29,200
492,97600,141.24499931838363,0.030000000000000027,3.615,0,32,200
493,97688,142.24166624620557,0.030000000000000027,3.835,0,26,200
494,97744,152.6183334439993,0.0050000000000000044,3.395,0,24,200
495,98144,148.5033332258463,0.010000000000000009,4.01,0,20,200
496,98152,145.59666645526886,0.025000000000000022,3.82,0,22,200
497,98216,145.538333597593,0.020000000000000018,3.545,0,26,200
498,99200,138.9033332951367,0.040000000000000036,3.89,0,27,200
499,99200,147.20833356678486,0.015000000000000013,3.605,0,26,200
500,99200,144.78833316266537,0.030000000000000027,3.965,0,20,200
501,99288,136.8733332939446,0.050000000000000044,4.1,0,25,200
502,99344,132.15000003483146,0.06499999999999995,4.02,0,25,200
503,99744,141.60500020813197,0.030000000000000027,3.675,0,27,200
504,99752,139.37000011559576,0.03500000000000003,3.9,0,27,200
505,99816,142.6033332645893,0.03500000000000003,4.01,0,21,200
506,100800,151.84833347052336,0.015000000000000013,3.455,0,20,200
507,100800,143.8116668537259,0.050000000000000044,3.475,0,21,200
508,100800,147.2133329808712,0.020000000000000018,3.65,0,25,200
509,100888,139.50833275541663,0.030000000000000027,3.785,0,31,200
510,100944,145.74833308067173,0.025000000000000022,3.725,0,22,200
511,101344,145.85833289753646,0.020000000000000018,3.995,0,19,200
512,101352,133.06499984581023,0.03500000000000003,4.125,0,33,200
513,101416,149.07500003557652,0.010000000000000009,3.765,0,22,200
514,102400,149.7000000923872,0.03500000000000003,3.6,0,16,200
515,102400,146.2383328936994,0.010000000000000009,3.875,0,25,200
516,102400,146.21833319589496,0.020000000000000018,3.815,0,23,200
517,102488,146.59833332896233,0.015000000000000013,3.635,0,27,200
518,102544,142.46000005304813,0.040000000000000036,3.72,0,24,200
519,102944,145.61666624620557,0.010000000000000009,3.91,0,27,200
520,102952,127.34833349194378,0.09499999999999997,3.965,0,26,200
521,103016,133.9016662798822,0.07499999999999996,3.775,0,26,200
522,104000,147.3783329874277,0.030000000000000027,3.695,0,22,200
523,104000,156.60333372466266,0.0050000000000000044,3.35,0,18,200
524,104000,145.99499958660454,0.025000000000000022,3.765,0,21,200
525,104088,153.37666687741876,0.0050000000000000044,3.64,0,17,200
526,104144,144.96333345025778,0.010000000000000009,3.68,0,28,200
527,104544,150.91999954357743,0.0,3.87,0,21,200
528,104552,150.62333272397518,0.015000000000000013,3.89,0,16,200
529,104616,146.668333619833,0.06000000000000005,3.485,0,14,200
530,105600,146.34833351429552,0.06499999999999995,3.365,0,14,200
531,105600,147.77666700538248,0.015000000000000013,3.67,0,23,200
532,105600,143.63000010792166,0.030000000000000027,3.87,0,21,200
533,105688,158.908334068954,0.020000000000000018,3.275,0,10,200
534,105744,144.484999938868,0.03500000000000003,3.645,0,20,200
535,106144,145.97166656330228,0.030000000000000027,3.925,0,17,200
536,106152,150.23999960254878,0.025000000000000022,3.69,0,16,200
537,106216,147.0549995303154,0.015000000000000013,3.975,0,20,200
538,107200,127.97500004246831,0.09999999999999998,3.915,0,25,200
539,107200,143.64166637696326,0.030000000000000027,4.045,0,19,200
540,107200,137.13999951072037,0.025000000000000022,3.96,0,35,200
541,107288,148.8816668689251,0.020000000000000018,3.385,0,22,200
542,107344,143.5816664164886,0.030000000000000027,3.835,0,22,200
543,107744,145.85666649602354,0.015000000000000013,3.79,0,23,200
544,107752,141.53166666068137,0.050000000000000044,3.745,0,19,200
545,107816,140.65333290025592,0.03500000000000003,3.89,0,24,200
546,108800,146.11999996751547,0.010000000000000009,3.78,0,27,200
547,108800,150.3266664966941,0.025000000000000022,3.52,0,19,200
548,108800,140.4166664648801,0.040000000000000036,3.91,0,24,200
549,108888,141.36666660942137,0.025000000000000022,3.88,0,27,200
550,108944,145.71999960765243,0.010000000000000009,3.87,0,25,200
551,109344,145.71999979019165,0.030000000000000027,3.72,0,21,200
552,109352,146.91666673123837,0.025000000000000022,3.76,0,20,200
553,109416,142.5416661016643,0.05500000000000005,3.625,0,20,200
554,110400,146.721666848287,0.030000000000000027,3.415,0,23,200
555,110400,149.09000012185425,0.030000000000000027,3.66,0,15,200
556,110400,126.51499970257282,0.10499999999999998,3.825,0,28,200
557,110488,138.2783331135288,0.04500000000000004,3.755,0,28,200
558,110544,138.5566664347425,0.050000000000000044,4.03,0,20,200
559,110944,138.6049997881055,0.030000000000000027,3.885,0,29,200
560,110952,132.8366661798209,0.06000000000000005,3.97,0,28,200
561,111016,144.89499992132187,0.0050000000000000044,3.735,0,31,200
562,112000,136.41499987337738,0.04500000000000004,4.185,0,25,200
563,112000,142.52499969303608,0.040000000000000036,3.705,0,24,200
564,112000,139.92000020574778,0.06499999999999995,3.51,0,22,200
565,112088,151.78499994054437,0.020000000000000018,3.585,0,16,200
566,112144,147.988333160989,0.025000000000000022,3.515,0,20,200
567,112544,150.8283334542066,0.0050000000000000044,3.785,0,20,200
568,112552,136.87666680570692,0.07999999999999996,3.4,0,23,200
569,112616,142.64666644763201,0.030000000000000027,3.82,0,23,200
570,113600,145.0100002475083,0.03500000000000003,3.63,0,21,200
571,113600,153.02666699886322,0.025000000000000022,3.49,0,14,200
572,113600,147.69999993871897,0.03500000000000003,3.48,0,18,200
573,113688,154.82666685432196,0.0,3.58,0,18,200
574,113744,141.91166638582945,0.03500000000000003,3.715,0,26,200
575,114144,150.76166640780866,0.025000000000000022,3.475,0,17,200
576,114152,141.885000041686,0.040000000000000036,3.735,0,23,200
577,114216,147.27666642796248,0.020000000000000018,3.76,0,22,200
578,115200,148.95499947294593,0.030000000000000027,3.855,0,14,200
579,115200,145.198333225213,0.040000000000000036,3.755,0,16,200
580,115200,144.8916663825512,0.06000000000000005,3.625,0,16,200
581,115288,155.22666733991355,0.010000000000000009,3.43,0,14,200
582,115344,142.53333273530006,0.050000000000000044,3.74,0,21,200
583,115744,145.02166625577956,0.030000000000000027,3.745,0,22,200
584,115752,147.13000034354627,0.050000000000000044,3.27,0,19,200
585,115816,149.17500056233257,0.03500000000000003,3.645,0,14,200
586,116800,150.54500003810972,0.025000000000000022,3.735,0,13,200
587,116800,148.20166604127735,0.025000000000000022,3.655,0,20,200
588,116800,145.77166624739766,0.03500000000000003,3.775,0,18,200
589,116888,142.87666679173708,0.06000000000000005,3.55,0,18,200
590,116944,149.78000012785196,0.030000000000000027,3.57,0,17,200
591,117344,143.79999976046383,0.04500000000000004,3.66,0,21,200
592,117352,150.30499996896833,0.010000000000000009,3.825,0,19,200
593,117416,147.21166675444692,0.040000000000000036,3.505,0,17,200
594,118400,144.1216667247936,0.03500000000000003,3.895,0,20,200
595,118400,149.63666623830795,0.010000000000000009,3.97,0,18,200
596,118400,141.74833308905363,0.050000000000000044,3.725,0,21,200
597,118488,143.4983334261924,0.03500000000000003,3.575,0,25,200
598,118544,140.55166655406356,0.07999999999999996,3.595,0,18,200
599,118944,153.11000008136034,0.010000000000000009,3.57,0,20,200
600,118952,141.65333310049027,0.06000000000000005,3.65,0,20,200
601,119016,143.128333222121,0.040000000000000036,3.995,0,16,200
602,120000,142.97166633978486,0.03500000000000003,4.105,0,19,200
603,120000,151.22499984502792,0.020000000000000018,3.585,0,19,200
604,120000,147.4533331822604,0.030000000000000027,3.89,0,17,200
605,120088,152.53999973461032,0.025000000000000022,3.63,0,14,200
606,120144,129.37999984715134,0.12,3.75,0,17,200
607,120544,140.26166635658592,0.06000000000000005,3.865,0,18,200
608,120552,147.84999985899776,0.04500000000000004,3.69,0,14,200
609,120616,139.80500013381243,0.06999999999999995,3.555,0,22,200
610,121600,148.74499966856092,0.03500000000000003,3.825,0,15,200
611,121600,144.87166617065668,0.06000000000000005,3.715,0,14,200
612,121600,142.72999998088926,0.06000000000000005,3.54,0,19,200
613,121688,142.86833312548697,0.050000000000000044,3.815,0,18,200
614,121744,146.04833315126598,0.050000000000000044,3.785,0,12,200
615,122144,141.28833325207233,0.06000000000000005,3.755,0,20,200
616,122152,143.54999984800816,0.07999999999999996,3.48,0,13,200
617,122216,159.07500040903687,0.020000000000000018,3.195,0,11,200
618,123200,147.73166620265692,0.015000000000000013,3.745,0,23,200
619,123200,150.338333661668,0.015000000000000013,3.845,0,17,200
620,123200,150.50999970268458,0.040000000000000036,3.69,0,11,200
621,123288,142.47833288367838,0.05500000000000005,3.785,0,18,200
622,123344,136.75666643865407,0.05500000000000005,3.97,0,24,200
623,123744,137.82166664674878,0.08499999999999996,3.655,0,16,200
624,123752,153.40833346173167,0.040000000000000036,3.275,0,12,200
625,123816,152.2533334409818,0.03500000000000003,3.32,0,16,200
626,124800,158.64833337068558,0.0,3.575,0,13,200
627,124800,147.9916664995253,0.040000000000000036,3.805,0,13,200
628,124800,154.4516667947173,0.030000000000000027,3.385,0,13,200
629,124888,156.22833344340324,0.0050000000000000044,3.605,0,16,200
630,124944,148.95166647434235,0.030000000000000027,3.595,0,20,200
631,125344,148.54833321273327,0.03500000000000003,3.635,0,16,200
632,125352,147.04333290830255,0.025000000000000022,3.83,0,19,200
633,125416,147.4033333575353,0.030000000000000027,3.83,0,17,200
634,126400,153.67333329096437,0.0050000000000000044,3.56,0,18,200
635,126400,142.6199998157099,0.025000000000000022,3.93,0,26,200
636,126400,134.71333286724985,0.06000000000000005,3.92,0,26,200
637,126488,140.20499934256077,0.06499999999999995,3.825,0,19,200
638,126544,140.05666626989841,0.06499999999999995,3.79,0,20,200
639,126944,150.9349997639656,0.020000000000000018,3.525,0,18,200
640,126952,151.99666697904468,0.020000000000000018,3.46,0,18,200
641,127016,153.416666675359,0.0050000000000000044,3.55,0,20,200
642,128000,153.62166635505855,0.010000000000000009,3.865,0,12,200
643,128000,153.9400003058836,0.0,3.42,0,21,200
644,128000,143.96166688203812,0.06999999999999995,3.325,0,18,200
645,128088,140.35999996960163,0.05500000000000005,3.96,0,21,200
646,128144,154.94833394885063,0.025000000000000022,3.365,0,12,200
647,128544,146.48166670557112,0.03500000000000003,3.775,0,17,200
648,128552,134.1983328051865,0.09499999999999997,3.725,0,18,200
649,128616,139.12499957438558,0.04500000000000004,3.945,0,25,200
650,129600,150.66833302378654,0.015000000000000013,3.575,0,21,200
651,129600,143.28499965928495,0.015000000000000013,3.975,0,26,200
652,129600,158.0433337977156,0.010000000000000009,3.26,0,14,200
653,129688,144.43499976675957,0.015000000000000013,3.735,0,27,200
654,129744,141.85666651185602,0.050000000000000044,3.91,0,18,200
655,130144,147.449999849312,0.025000000000000022,3.72,0,19,200
656,130152,148.5616670548916,0.030000000000000027,3.445,0,22,200
657,130216,151.13000008556992,0.0050000000000000044,3.57,0,21,200
658,131200,154.47666657343507,0.0,3.73,0,16,200
659,131200,141.85499995108694,0.050000000000000044,3.855,0,19,200
660,131200,155.11166669428349,0.020000000000000018,3.445,0,15,200
661,131288,141.73833298310637,0.040000000000000036,4.025,0,19,200
662,131344,153.3049995265901,0.010000000000000009,3.735,0,14,200
663,131744,156.0883335955441,0.0,3.455,0,17,200
664,131752,148.20166677609086,0.03500000000000003,3.565,0,16,200
665,131816,144.67333319690078,0.030000000000000027,4.07,0,17,200
666,132800,147.52500018384308,0.04500000000000004,3.555,0,16,200
667,132800,142.80833281949162,0.030000000000000027,3.965,0,21,200
668,132800,150.98166686668992,0.0050000000000000044,3.535,0,21,200
669,132888,151.8016666872427,0.0050000000000000044,3.625,0,19,200
670,132944,145.05666673835367,0.04500000000000004,3.7,0,17,200
671,133344,155.09666652977467,0.010000000000000009,3.46,0,16,200
672,133352,147.31666679680347,0.050000000000000044,3.52,0,15,200
673,133416,145.87333344947547,0.010000000000000009,4.13,0,22,200
674,134400,154.0150002129376,0.015000000000000013,3.375,0,17,200
675,134400,151.6449999511242,0.015000000000000013,3.465,0,20,200
676,134400,152.47833255771548,0.015000000000000013,3.995,0,12,200
677,134488,142.1383329508826,0.03500000000000003,4.085,0,20,200
678,134544,142.95166681334376,0.04500000000000004,3.505,0,23,200
679,134944,147.18666681274772,0.03500000000000003,3.58,0,19,200
680,134952,152.63500034809113,0.025000000000000022,3.465,0,15,200
681,135016,150.17666622251272,0.020000000000000018,3.91,0,13,200
682,136000,147.29499951191247,0.020000000000000018,3.885,0,18,200
683,136000,130.1883333409205,0.08999999999999997,3.845,0,26,200
684,136000,151.11499954294413,0.020000000000000018,3.795,0,15,200
685,136088,148.41666655242443,0.040000000000000036,3.73,0,13,200
686,136144,152.54333247896284,0.015000000000000013,3.89,0,12,200
687,136544,145.58833306469023,0.020000000000000018,3.875,0,21,200
688,136552,145.15500024612993,0.040000000000000036,3.525,0,21,200
689,136616,149.41499990038574,0.025000000000000022,3.675,0,17,200
690,137600,145.67666633799672,0.03500000000000003,3.73,0,19,200
691,137600,146.96499967202544,0.015000000000000013,3.885,0,21,200
692,137600,140.95166620146483,0.06999999999999995,3.595,0,17,200
693,137688,143.16666677594185,0.04500000000000004,3.76,0,20,200
694,137744,156.80666676536202,0.010000000000000009,3.58,0,12,200
695,138144,149.499999913387,0.025000000000000022,3.57,0,18,200
696,138152,142.35833320952952,0.050000000000000044,3.725,0,18,200
697,138216,153.89499962236732,0.020000000000000018,3.615,0,11,200
698,139200,162.03166706860065,0.0050000000000000044,3.295,0,10,200
699,139200,154.2899997252971,0.010000000000000009,3.66,0,13,200
700,139200,151.2966669201851,0.020000000000000018,3.85,0,14,200
701,139288,159.185000221245,0.0050000000000000044,3.435,0,12,200
702,139344,147.41333390492946,0.040000000000000036,3.71,0,14,200
703,139744,151.30833246465772,0.030000000000000027,3.875,0,11,200
704,139752,147.32999984826893,0.030000000000000027,3.99,0,14,200
705,139816,154.64500060584396,0.015000000000000013,3.555,0,12,200
706,140800,146.92833306919783,0.03500000000000003,3.785,0,16,200
707,140800,140.27166656963527,0.08499999999999996,3.745,0,11,200
708,140800,145.89166707452387,0.05500000000000005,3.655,0,11,200
709,140888,157.70666679553688,0.010000000000000009,3.55,0,10,200
710,140944,156.18166683148593,0.010000000000000009,3.535,0,12,200
711,141344,152.3450000276789,0.025000000000000022,3.555,0,13,200
712,141352,158.7350007519126,0.010000000000000009,3.075,0,14,200
713,141416,158.95000045374036,0.030000000000000027,3.03,0,9,200
714,142400,147.10833304282278,0.015000000000000013,3.995,0,20,200
715,142400,148.7116661639884,0.030000000000000027,3.715,0,15,200
716,142400,143.99666571058333,0.03500000000000003,3.94,0,18,200
717,142488,162.955000564456,0.0,3.315,0,8,200
718,142544,158.11833333224058,0.0,3.425,0,14,200
719,142944,152.78499998524785,0.020000000000000018,3.375,0,17,200
720,142952,150.21500002220273,0.040000000000000036,3.465,0,14,200
721,143016,140.47499943803996,0.03500000000000003,4.035,0,23,200
722,144000,140.3733329437673,0.06999999999999995,3.98,0,14,200
723,144000,146.8500003311783,0.050000000000000044,3.45,0,15,200
724,144000,151.77500040829182,0.015000000000000013,3.825,0,15,200
725,144088,151.84333356749266,0.025000000000000022,3.59,0,14,200
726,144144,154.27500039339066,0.015000000000000013,3.555,0,13,200
727,144544,155.85833356902003,0.025000000000000022,3.395,0,11,200
728,144552,144.17833276838064,0.07999999999999996,3.665,0,9,200
729,144616,155.8650005524978,0.040000000000000036,3.345,0,7,200
730,145600,163.35999961197376,0.0050000000000000044,3.39,0,5,200
731,145600,154.1400001347065,0.06000000000000005,3.33,0,5,200
732,145600,156.06666651554406,0.0,3.82,0,11,200
733,145688,146.81666630133986,0.06000000000000005,3.34,0,15,200
734,145744,152.6816670941189,0.0050000000000000044,3.895,0,16,200
735,146144,156.03166618477553,0.015000000000000013,3.745,0,9,200
736,146152,147.7833325928077,0.04500000000000004,3.98,0,10,200
737,146216,165.0983336865902,0.0050000000000000044,3.185,0,6,200
738,147200,153.36166687309742,0.05500000000000005,3.175,0,8,200
739,147200,146.4433338260278,0.05500000000000005,3.14,0,19,200
740,147200,156.48000012990087,0.015000000000000013,3.51,0,10,200
741,147288,152.95000006258488,0.030000000000000027,3.45,0,13,200
742,147344,138.4016668619588,0.06000000000000005,3.835,0,21,200
743,147744,143.1283333627507,0.050000000000000044,3.785,0,17,200
744,147752,151.93666576128453,0.020000000000000018,3.88,0,12,200
745,147816,150.83833369519562,0.030000000000000027,3.605,0,14,200
746,148800,148.5199992954731,0.020000000000000018,3.99,0,14,200
747,148800,154.23166639730334,0.020000000000000018,3.595,0,11,200
748,148800,141.56999994721264,0.05500000000000005,3.63,0,21,200
749,148888,160.60000037029386,0.010000000000000009,3.24,0,11,200
750,148944,147.28666656371206,0.030000000000000027,3.61,0,19,200
751,149344,149.97166581824422,0.030000000000000027,3.925,0,11,200
752,149352,142.61166677623987,0.06999999999999995,3.445,0,18,200
753,149416,148.36833298020065,0.030000000000000027,3.785,0,15,200
754,150400,151.66666664462537,0.025000000000000022,3.52,0,15,200
755,150400,147.47833334933966,0.04500000000000004,3.455,0,16,200
756,150400,154.55166636779904,0.025000000000000022,3.475,0,11,200
757,150488,157.0950003489852,0.010000000000000009,3.465,0,12,200
758,150544,161.0716669857502,0.0,3.385,0,10,200
759,150944,150.76833316218108,0.020000000000000018,3.815,0,13,200
760,150952,148.0899996412918,0.06499999999999995,3.42,0,12,200
761,151016,153.3116663992405,0.020000000000000018,3.835,0,10,200
762,152000,154.36000043340027,0.03500000000000003,3.36,0,11,200
763,152000,154.10999922361225,0.030000000000000027,3.63,0,10,200
764,152000,146.25166641455144,0.040000000000000036,3.685,0,17,200
765,152088,152.67166700866073,0.03500000000000003,3.355,0,12,200
766,152144,151.42166656721383,0.025000000000000022,3.865,0,12,200
767,152544,156.3633334673941,0.020000000000000018,3.2,0,13,200
768,152552,149.6283332183957,0.03500000000000003,3.545,0,14,200
769,152616,154.51833364274353,0.025000000000000022,3.425,0,11,200
770,153600,149.46999936178327,0.050000000000000044,3.81,0,9,200
771,153600,149.48999976366758,0.050000000000000044,3.42,0,13,200
772,153600,150.43166605755687,0.030000000000000027,3.655,0,14,200
773,153688,145.84833324607462,0.05500000000000005,3.695,0,13,200
774,153744,154.07333353161812,0.030000000000000027,3.32,0,12,200
775,154144,152.28666694834828,0.020000000000000018,3.55,0,15,200
776,154152,156.094999557361,0.0050000000000000044,3.825,0,11,200
777,154216,155.92333372682333,0.015000000000000013,3.26,0,15,200
778,155200,150.61833241581917,0.030000000000000027,3.725,0,14,200
779,155200,138.72833324596286,0.09999999999999998,3.575,0,11,200
780,155200,135.61833292990923,0.10499999999999998,3.515,0,16,200
781,155288,154.30166701879352,0.010000000000000009,3.325,0,19,200
782,155344,140.29833315871656,0.050000000000000044,3.845,0,20,200
783,155744,142.15499946661294,0.06499999999999995,3.645,0,16,200
784,155752,150.75333282351494,0.04500000000000004,3.41,0,14,200
785,155816,163.20333386957645,0.0,3.23,0,7,200
786,156800,143.26500033121556,0.07499999999999996,3.405,0,16,200
787,156800,157.40000046044588,0.030000000000000027,3.3,0,8,200
788,156800,153.10000032093376,0.040000000000000036,3.33,0,12,200
789,156888,148.51333270594478,0.025000000000000022,3.86,0,16,200
790,156944,157.9199996739626,0.025000000000000022,3.39,0,8,200
791,157344,150.49166722595692,0.04500000000000004,3.205,0,15,200
792,157352,155.65333383902907,0.03500000000000003,3.11,0,12,200
793,157416,152.7483337847516,0.030000000000000027,3.215,0,15,200
794,158400,139.62333349883556,0.06000000000000005,3.71,0,21,200
795,158400,156.4916664659977,0.010000000000000009,3.655,0,11,200
796,158400,149.95999962091446,0.020000000000000018,3.75,0,18,200
797,158488,150.27500028535724,0.050000000000000044,3.045,0,17,200
798,158544,155.87333351746202,0.015000000000000013,3.26,0,14,200
799,158944,142.10166667960584,0.040000000000000036,3.715,0,23,200
800,158952,141.40333292912692,0.03500000000000003,3.8,0,24,200
801,159016,154.42833378817886,0.020000000000000018,3.485,0,13,200
802,160000,145.4133331887424,0.04500000000000004,3.53,0,20,200
803,160000,151.4499993212521,0.025000000000000022,3.63,0,16,200
804,160000,142.61333341430873,0.050000000000000044,3.8,0,18,200
805,160088,148.831666726619,0.030000000000000027,3.505,0,19,200
806,160144,147.20000000670552,0.03500000000000003,3.21,0,24,200
807,160544,151.24333341699094,0.020000000000000018,3.5,0,16,200
808,160552,136.0366664743051,0.06000000000000005,4.09,0,21,200
809,160616,155.19666702207178,0.010000000000000009,3.4,0,16,200
810,161600,158.3250004351139,0.030000000000000027,2.955,0,12,200
811,161600,138.4449998959899,0.06000000000000005,3.825,0,21,200
812,161600,152.26666694507003,0.030000000000000027,3.19,0,17,200
813,161688,151.92833288758993,0.025000000000000022,3.665,0,13,200
814,161744,147.26999996230006,0.04500000000000004,3.21,0,22,200
815,162144,147.9649993814528,0.030000000000000027,3.855,0,15,200
816,162152,155.81833377480507,0.040000000000000036,3.125,0,11,200
817,162216,147.31999948993325,0.030000000000000027,3.54,0,20,200
818,163200,147.8233333863318,0.050000000000000044,3.53,0,13,200
819,163200,144.311665950343,0.03500000000000003,3.925,0,19,200
820,163200,154.6299999151379,0.0050000000000000044,3.72,0,14,200
821,163288,145.6183331310749,0.04500000000000004,3.725,0,16,200
822,163344,152.26333332713693,0.030000000000000027,3.41,0,15,200
823,163744,156.67833337187767,0.030000000000000027,3.335,0,10,200
824,163752,148.66833338420838,0.04500000000000004,3.455,0,15,200
825,163816,156.8316659629345,0.015000000000000013,3.805,0,8,200
826,164800,155.54499921947718,0.03500000000000003,3.555,0,7,200
827,164800,149.2233326509595,0.04500000000000004,3.86,0,10,200
828,164800,150.91333276033401,0.030000000000000027,3.62,0,15,200
829,164888,146.1216664565727,0.040000000000000036,3.565,0,19,200
830,164944,151.94333369657397,0.050000000000000044,3.32,0,11,200
831,165344,152.42999951913953,0.040000000000000036,3.54,0,11,200
832,165352,160.7150001814589,0.015000000000000013,3.165,0,11,200
833,165416,160.4316671974957,0.020000000000000018,2.965,0,11,200
834,166400,157.42500028386712,0.020000000000000018,3.285,0,11,200
835,166400,158.47999998927116,0.015000000000000013,3.36,0,11,200
836,166400,150.85666649788618,0.03500000000000003,3.73,0,10,200
837,166488,155.44666659832,0.020000000000000018,3.43,0,15,200
838,166544,156.7133333645761,0.0050000000000000044,3.44,0,14,200
839,166944,150.35166638251394,0.010000000000000009,3.655,0,20,200
840,166952,153.95333382487297,0.025000000000000022,3.41,0,14,200
841,167016,148.2333326935768,0.04500000000000004,3.71,0,13,200
842,168000,152.62333348300308,0.015000000000000013,3.53,0,17,200
843,168000,152.48833376169205,0.025000000000000022,3.455,0,16,200
844,168000,157.95666674152017,0.010000000000000009,3.31,0,14,200
845,168088,150.96000085771084,0.04500000000000004,3.12,0,16,200
846,168144,146.85166595689952,0.040000000000000036,3.745,0,16,200
847,168544,150.4483329821378,0.0050000000000000044,3.845,0,19,200
848,168552,152.53500018268824,0.04500000000000004,3.225,0,14,200
849,168616,157.83666678890586,0.030000000000000027,3.25,0,9,200
850,169600,153.45833313651383,0.015000000000000013,3.695,0,14,200
851,169600,151.82333356887102,0.020000000000000018,3.65,0,15,200
852,169600,150.6966659128666,0.015000000000000013,4.0,0,15,200
853,169688,158.6349995136261,0.0050000000000000044,3.465,0,12,200
854,169744,155.69666632916778,0.0050000000000000044,3.88,0,11,200
855,170144,148.92666652053595,0.03500000000000003,3.55,0,16,200
856,170152,151.09666689485312,0.04500000000000004,3.55,0,10,200
857,170216,152.52500005811453,0.025000000000000022,3.375,0,15,200
858,171200,148.60833243187517,0.025000000000000022,3.755,0,18,200
859,171200,153.58000019937754,0.040000000000000036,3.15,0,15,200
860,171200,158.81333321332932,0.010000000000000009,3.5,0,9,200
861,171288,154.4866667278111,0.020000000000000018,3.37,0,15,200
862,171344,150.1116664931178,0.025000000000000022,3.565,0,18,200
863,171744,157.34166684374213,0.015000000000000013,3.235,0,12,200
864,171752,141.88999990466982,0.050000000000000044,3.81,0,19,200
865,171816,154.98666678648442,0.030000000000000027,3.22,0,14,200
866,172800,153.7949999831617,0.020000000000000018,3.585,0,13,200
867,172800,153.74499966856092,0.015000000000000013,3.855,0,10,200
868,172800,151.40333364065737,0.03500000000000003,3.35,0,14,200
869,172888,148.2966664871201,0.04500000000000004,3.76,0,12,200
870,172944,155.13333369791508,0.015000000000000013,3.35,0,15,200
871,173344,144.35166649520397,0.06499999999999995,3.715,0,11,200
872,173352,153.17166725173593,0.040000000000000036,3.235,0,11,200
873,173416,153.57166638225317,0.025000000000000022,3.535,0,12,200
874,174400,155.16833296325058,0.020000000000000018,3.665,0,10,200
875,174400,152.62333272397518,0.015000000000000013,3.95,0,12,200
876,174400,158.90999951213598,0.0050000000000000044,3.6,0,10,200
877,174488,157.8483334397897,0.020000000000000018,3.215,0,11,200
878,174544,154.98333282023668,0.015000000000000013,3.53,0,14,200
879,174944,149.12333313655108,0.025000000000000022,3.71,0,18,200
880,174952,153.39166678488255,0.025000000000000022,3.475,0,14,200
881,175016,149.3233330976218,0.025000000000000022,4.04,0,12,200
882,176000,165.20166689157486,0.0050000000000000044,3.205,0,6,200
883,176000,154.2116657793522,0.015000000000000013,3.745,0,13,200
884,176000,148.7099998779595,0.03500000000000003,3.78,0,14,200
885,176088,154.344999759458,0.015000000000000013,3.645,0,12,200
886,176144,151.1266664750874,0.04500000000000004,3.37,0,13,200
887,176544,156.81833372544497,0.0050000000000000044,3.845,0,10,200
888,176552,154.65666531771421,0.020000000000000018,3.88,0,9,200
889,176616,149.69000043720007,0.04500000000000004,3.39,0,14,200
890,177600,145.00166699290276,0.04500000000000004,3.835,0,15,200
891,177600,145.30833355896175,0.040000000000000036,4.025,0,14,200
892,177600,153.9150000056252,0.015000000000000013,3.615,0,13,200
893,177688,151.10666682198644,0.040000000000000036,3.46,0,12,200
894,177744,156.97499991580844,0.0050000000000000044,3.525,0,12,200
895,178144,141.57000005897135,0.06000000000000005,3.42,0,21,200
896,178152,153.40833337139338,0.010000000000000009,3.695,0,14,200
897,178216,156.73666669987142,0.0050000000000000044,3.49,0,13,200
898,179200,149.2300003906712,0.025000000000000022,3.51,0,18,200
899,179200,159.39500011503696,0.0,3.615,0,10,200
900,179200,158.28000028058887,0.010000000000000009,3.33,0,12,200
901,179288,159.48000038415194,0.015000000000000013,3.21,0,10,200
902,179344,153.7533334940672,0.015000000000000013,3.59,0,14,200
903,179744,153.94500056933612,0.020000000000000018,3.435,0,15,200
904,179752,151.23499966040254,0.03500000000000003,3.765,0,11,200
905,179816,162.5483337715268,0.0,3.125,0,12,200
906,180800,156.23666761722416,0.015000000000000013,3.19,0,15,200
907,180800,149.5466667963192,0.020000000000000018,3.49,0,20,200
908,180800,158.75500009953976,0.015000000000000013,3.525,0,7,200
909,180888,153.0499999402091,0.025000000000000022,3.66,0,12,200
910,180944,148.74166680686176,0.020000000000000018,3.475,0,21,200
911,181344,153.92333330586553,0.020000000000000018,3.26,0,16,200
912,181352,155.09500013291836,0.015000000000000013,3.465,0,14,200
913,181416,156.9450006633997,0.015000000000000013,3.285,0,13,200
914,182400,146.99499977659434,0.025000000000000022,4.215,0,14,200
915,182400,150.29999943822622,0.025000000000000022,3.78,0,15,200
916,182400,156.56666715443134,0.020000000000000018,3.22,0,12,200
917,182488,155.00000016391277,0.020000000000000018,3.69,0,10,200
918,182544,155.65333348046988,0.010000000000000009,3.44,0,14,200
919,182944,150.95333297085017,0.0050000000000000044,3.71,0,20,200
920,182952,153.31500022485852,0.020000000000000018,3.525,0,14,200
921,183016,150.46666688285768,0.020000000000000018,3.61,0,16,200
922,184000,145.49166618473828,0.030000000000000027,4.015,0,15,200
923,184000,156.06500026863068,0.025000000000000022,3.195,0,13,200
924,184000,153.9133336544037,0.010000000000000009,3.68,0,15,200
925,184088,140.32166672404855,0.030000000000000027,3.865,0,24,200
926,184144,152.42666643112898,0.015000000000000013,3.64,0,15,200
927,184544,149.72833302989602,0.025000000000000022,3.935,0,13,200
928,184552,149.60166643187404,0.040000000000000036,3.265,0,17,200
929,184616,150.23500013630837,0.020000000000000018,3.555,0,18,200
930,185600,149.48499990161508,0.025000000000000022,3.945,0,11,200
931,185600,152.28333276044577,0.015000000000000013,3.77,0,14,200
932,185600,156.48666712176055,0.0,3.49,0,15,200
933,185688,142.84500002488494,0.04500000000000004,3.495,0,24,200
934,185744,152.15333322063088,0.015000000000000013,3.71,0,15,200
935,186144,154.7983335852623,0.0,3.575,0,16,200
936,186152,141.4066665796563,0.030000000000000027,4.15,0,21,200
937,186216,154.46666652336717,0.015000000000000013,3.55,0,14,200
938,187200,150.40499974414706,0.015000000000000013,3.945,0,14,200
939,187200,148.72833297029138,0.04500000000000004,3.815,0,9,200
940,187200,148.40499986335635,0.015000000000000013,3.885,0,17,200
941,187288,144.14500046521425,0.025000000000000022,3.795,0,22,200
942,187344,150.67666657548398,0.015000000000000013,3.79,0,17,200
943,187744,152.40999992191792,0.025000000000000022,3.81,0,10,200
944,187752,152.52666673064232,0.010000000000000009,3.94,0,11,200
945,187816,151.50999940838665,0.020000000000000018,3.75,0,13,200
946,188800,146.4999993816018,0.03500000000000003,3.84,0,16,200
947,188800,152.7216672739014,0.03500000000000003,3.205,0,14,200
948,188800,155.08500015735626,0.025000000000000022,3.555,0,9,200
949,188888,142.61499945260584,0.050000000000000044,4.155,0,12,200
950,188944,156.19833313580602,0.010000000000000009,3.785,0,8,200
951,189344,157.93666633218527,0.0050000000000000044,3.67,0,8,200
952,189352,153.6400001719594,0.025000000000000022,3.36,0,13,200
953,189416,148.78666651435196,0.040000000000000036,3.49,0,16,200
954,190400,148.6999993501231,0.030000000000000027,3.81,0,15,200
955,190400,155.2700004130602,0.03500000000000003,3.3,0,8,200
956,190400,152.69499998353422,0.010000000000000009,3.555,0,17,200
957,190488,158.15999997686595,0.0,3.6,0,11,200
958,190544,151.41333301737905,0.025000000000000022,3.74,0,12,200
959,190944,156.23666638787836,0.010000000000000009,3.73,0,9,200
960,190952,142.17666660621762,0.06499999999999995,3.7,0,15,200
961,191016,151.33333314955235,0.020000000000000018,4.04,0,10,200
962,192000,154.07000018656254,0.0050000000000000044,3.45,0,18,200
963,192000,149.82666599564254,0.020000000000000018,3.94,0,14,200
964,192000,157.16666649561375,0.0050000000000000044,3.52,0,11,200
965,192088,151.46666642092168,0.020000000000000018,3.76,0,12,200
966,192144,148.48500020429492,0.015000000000000013,3.645,0,20,200
967,192544,142.59666661079973,0.05500000000000005,3.79,0,15,200
968,192552,150.30666617583483,0.015000000000000013,4.15,0,12,200
969,192616,147.50333338975906,0.025000000000000022,3.95,0,16,200
970,193600,149.99666661210358,0.010000000000000009,3.94,0,17,200
971,193600,154.5583327766508,0.0050000000000000044,3.995,0,10,200
972,193600,141.51833369024098,0.05500000000000005,4.025,0,15,200
973,193688,148.0633337162435,0.03500000000000003,3.65,0,15,200
974,193744,156.3833334222436,0.015000000000000013,3.29,0,15,200
975,194144,151.07333377748728,0.03500000000000003,3.29,0,15,200
976,194152,158.99833377823234,0.015000000000000013,3.095,0,12,200
977,194216,151.7316669113934,0.025000000000000022,3.565,0,13,200
978,195200,148.07833334058523,0.025000000000000022,3.995,0,16,200
979,195200,145.03999971970916,0.040000000000000036,3.51,0,22,200
980,195200,149.72666657716036,0.030000000000000027,3.58,0,15,200
981,195288,145.91499964892864,0.05500000000000005,3.705,0,12,200
982,195344,149.08333314117044,0.015000000000000013,3.92,0,16,200
983,195744,151.75000055786222,0.025000000000000022,3.33,0,17,200
984,195752,149.6866665557027,0.040000000000000036,3.61,0,11,200
985,195816,146.95999987702817,0.025000000000000022,3.75,0,20,200
986,196800,147.24499941524118,0.015000000000000013,4.215,0,16,200
987,196800,154.37666651792824,0.0050000000000000044,3.79,0,12,200
988,196800,152.3500000052154,0.020000000000000018,3.78,0,11,200
989,196888,143.10666662827134,0.06000000000000005,3.7,0,15,200
990,196944,150.41499945521355,0.03500000000000003,3.765,0,10,200
991,197344,156.01999984495342,0.0050000000000000044,4.08,0,8,200
992,197352,149.5699994340539,0.010000000000000009,3.72,0,21,200
993,197416,151.88000045344234,0.020000000000000018,3.12,0,21,200
994,198400,153.05666667595506,0.015000000000000013,3.31,0,20,200
995,198400,143.84666601847857,0.050000000000000044,4.12,0,10,200
996,198400,156.2349997460842,0.0050000000000000044,4.095,0,7,200
997,198488,153.37333308160305,0.03500000000000003,3.56,0,8,200
998,198544,157.45166666805744,0.0050000000000000044,3.415,0,15,200
999,198944,145.44499989692122,0.025000000000000022,3.975,0,17,200
1000,198952,149.24333323072642,0.030000000000000027,3.74,0,14,200
1001,199016,152.8616668395698,0.025000000000000022,3.385,0,14,200
1002,200000,154.2033329680562,0.015000000000000013,3.65,0,12,200
1003,200000,152.48333296179771,0.010000000000000009,3.77,0,16,200
1004,200000,157.79666678607464,0.0,3.37,0,15,200
1005,200088,152.18500007689,0.020000000000000018,3.525,0,16,200
1006,200144,140.17999962624162,0.06499999999999995,4.02,0,14,200
1007,200544,145.39999916404486,0.05500000000000005,3.81,0,13,200
1008,200552,155.8633334673941,0.025000000000000022,3.56,0,9,200
1009,200616,153.90500018000603,0.025000000000000022,3.495,0,13,200
1010,201600,153.33166652172804,0.020000000000000018,3.625,0,13,200
1011,201600,151.95166631788015,0.015000000000000013,3.655,0,15,200
1012,201600,154.9483333826065,0.0050000000000000044,3.815,0,12,200
1013,201688,151.28499933704734,0.030000000000000027,3.825,0,11,200
1014,201744,151.81833343114704,0.025000000000000022,3.395,0,16,200
1015,202144,154.63833332341164,0.015000000000000013,3.335,0,16,200
1016,202152,150.2666662503034,0.030000000000000027,3.79,0,11,200
1017,202216,151.86499932408333,0.025000000000000022,3.885,0,10,200
1018,203200,152.55166641622782,0.0050000000000000044,3.595,0,18,200
1019,203200,149.89499880373478,0.030000000000000027,4.035,0,10,200
1020,203200,155.67000022530556,0.025000000000000022,3.27,0,12,200
1021,203288,154.2966664582491,0.030000000000000027,3.67,0,6,200
1022,203344,153.24500028789043,0.03500000000000003,3.405,0,11,200
1023,203744,144.84333263989538,0.05500000000000005,3.89,0,10,200
1024,203752,153.28999982774258,0.040000000000000036,3.39,0,12,200
1025,203816,152.26666617393494,0.03500000000000003,3.58,0,11,200
1026,204800,149.6266657114029,0.03500000000000003,3.91,0,9,200
1027,204800,160.5700003132224,0.0,3.3,0,11,200
1028,204800,153.4850002117455,0.025000000000000022,3.495,0,11,200
1029,204888,147.59999991953373,0.030000000000000027,4.02,0,11,200
1030,204944,154.5633333325386,0.0050000000000000044,3.62,0,15,200
1031,205344,142.6233331579715,0.03500000000000003,3.95,0,21,200
1032,205352,152.80333331227303,0.040000000000000036,3.41,0,10,200
1033,205416,148.94499927572906,0.030000000000000027,3.885,0,11,200
1034,206400,156.8366668894887,0.0,3.7,0,12,200
1035,206400,138.8683329904452,0.05500000000000005,3.905,0,18,200
1036,206400,146.59666707273573,0.050000000000000044,3.46,0,15,200
1037,206488,156.0649999929592,0.015000000000000013,3.675,0,8,200
1038,206544,148.0866666920483,0.040000000000000036,3.73,0,14,200
1039,206944,148.4416659474373,0.040000000000000036,4.015,0,8,200
1040,206952,153.6666662618518,0.025000000000000022,3.49,0,12,200
1041,207016,148.21499883383512,0.020000000000000018,4.065,0,14,200
1042,208000,151.7683323957026,0.010000000000000009,3.875,0,14,200
1043,208000,147.4749998934567,0.040000000000000036,3.585,0,16,200
1044,208000,149.8033337648958,0.015000000000000013,3.92,0,14,200
1045,208088,161.188333529979,0.010000000000000009,3.215,0,9,200
1046,208144,153.91499979328364,0.0,3.705,0,16,200
1047,208544,153.1116666374728,0.0050000000000000044,3.955,0,12,200
1048,208552,155.60833382606506,0.010000000000000009,3.725,0,10,200
1049,208616,156.09833281394094,0.0050000000000000044,3.875,0,10,200
1050,209600,154.7966669127345,0.025000000000000022,3.46,0,10,200
1051,209600,152.286665905267,0.015000000000000013,3.88,0,12,200
1052,209600,146.2900000391528,0.040000000000000036,3.57,0,16,200
1053,209688,144.67499940749258,0.04500000000000004,3.825,0,15,200
1054,209744,151.2116665802896,0.025000000000000022,3.535,0,14,200
1055,210144,148.5166664524004,0.03500000000000003,3.7,0,14,200
1056,210152,149.39833290409297,0.015000000000000013,3.665,0,19,200
1057,210216,154.3500000005588,0.0050000000000000044,3.6,0,15,200
1058,211200,155.40000012144446,0.020000000000000018,3.36,0,12,200
1059,211200,147.79666674043983,0.040000000000000036,3.49,0,16,200
1060,211200,150.8549995496869,0.020000000000000018,3.855,0,13,200
1061,211288,141.02333326265216,0.06499999999999995,3.68,0,17,200
1062,211344,160.34666718449444,0.0050000000000000044,3.37,0,9,200
1063,211744,155.2533328384161,0.015000000000000013,3.74,0,9,200
1064,211752,151.02000003959984,0.025000000000000022,3.57,0,13,200
1065,211816,151.14166660234332,0.0050000000000000044,4.105,0,14,200
1066,212800,144.95499972999096,0.04500000000000004,3.885,0,14,200
1067,212800,153.10333268996328,0.0,4.01,0,13,200
1068,212800,151.8233335269615,0.015000000000000013,3.44,0,18,200
1069,212888,153.96499960497022,0.010000000000000009,3.885,0,10,200
1070,212944,145.84166658110917,0.025000000000000022,3.955,0,18,200
1071,213344,152.60999956261367,0.030000000000000027,3.75,0,8,200
1072,213352,156.5133330002427,0.0050000000000000044,3.59,0,11,200
1073,213416,149.14333260059357,0.0050000000000000044,4.01,0,17,200
1074,214400,149.4049997916445,0.025000000000000022,3.705,0,15,200
1075,214400,158.40666664019227,0.0,3.73,0,9,200
1076,214400,153.23666604235768,0.040000000000000036,3.64,0,5,200
1077,214488,151.23333379626274,0.05500000000000005,3.26,0,9,200
1078,214544,147.7249993858859,0.040000000000000036,4.005,0,10,200
1079,214944,152.831666870974,0.010000000000000009,3.925,0,12,200
1080,214952,144.19500032812357,0.07999999999999996,3.555,0,9,200
1081,215016,159.7666669227183,0.0,3.55,0,9,200
1082,216000,150.84333293046802,0.025000000000000022,3.92,0,10,200
1083,216000,153.0833333171904,0.020000000000000018,3.5,0,16,200
1084,216000,156.44166622217745,0.015000000000000013,3.505,0,10,200
1085,216088,152.94833306781948,0.015000000000000013,3.875,0,10,200
1086,216144,149.57333290949464,0.040000000000000036,3.56,0,12,200
1087,216544,153.06166617479175,0.010000000000000009,3.655,0,14,200
1088,216552,152.01333289779723,0.020000000000000018,3.59,0,14,200
1089,216616,143.51499941200018,0.030000000000000027,4.005,0,20,200
1090,217600,149.94333342462778,0.03500000000000003,3.83,0,9,200
1091,217600,150.9433329589665,0.030000000000000027,3.65,0,12,200
1092,217600,153.47333353757858,0.015000000000000013,3.77,0,10,200
1093,217688,152.08999982383102,0.025000000000000022,3.66,0,12,200
1094,217744,154.57333299331367,0.010000000000000009,3.74,0,12,200
1095,218144,157.78833332285285,0.010000000000000009,3.395,0,11,200
1096,218152,151.75000040978193,0.03500000000000003,3.48,0,10,200
1097,218216,157.20333313196898,0.0,3.53,0,14,200
1098,219200,154.70499975141138,0.0,3.765,0,14,200
1099,219200,155.55000011529773,0.015000000000000013,3.54,0,10,200
1100,219200,145.90666591282934,0.03500000000000003,3.97,0,15,200
1101,219288,146.61166629288346,0.030000000000000027,3.985,0,15,200
1102,219344,159.53500014543533,0.010000000000000009,3.465,0,7,200
1103,219744,158.408333491534,0.015000000000000013,3.395,0,9,200
1104,219752,156.17000004276633,0.010000000000000009,3.42,0,13,200
1105,219816,151.0816666930914,0.020000000000000018,3.985,0,11,200
1106,220800,155.49000032618642,0.015000000000000013,3.36,0,14,200
1107,220800,147.6349993944168,0.025000000000000022,3.885,0,16,200
1108,220800,156.21999948471785,0.0050000000000000044,3.54,0,13,200
1109,220888,153.5966670550406,0.025000000000000022,3.37,0,13,200
1110,220944,144.5799994012341,0.06499999999999995,3.78,0,8,200
1111,221344,143.42499985080212,0.05500000000000005,3.645,0,17,200
1112,221352,156.93666695058346,0.015000000000000013,3.52,0,9,200
1113,221416,149.82333293184638,0.025000000000000022,3.65,0,16,200
1114,222400,152.40166695043445,0.010000000000000009,3.385,0,21,200
1115,222400,149.04833333101124,0.025000000000000022,3.575,0,18,200
1116,222400,151.9666658528149,0.015000000000000013,3.97,0,12,200
1117,222488,155.46500039100647,0.0050000000000000044,3.705,0,12,200
1118,222544,148.06833348795772,0.030000000000000027,3.545,0,18,200
1119,222944,151.49833258613944,0.015000000000000013,3.845,0,14,200
1120,222952,150.06833340134472,0.020000000000000018,3.755,0,14,200
1121,223016,143.09666629508138,0.050000000000000044,3.76,0,18,200
1122,224000,151.13166666775942,0.030000000000000027,3.445,0,15,200
1123,224000,151.3583329981193,0.015000000000000013,3.755,0,14,200
1124,224000,154.96499951183796,0.0050000000000000044,3.645,0,15,200
1125,224088,149.90833316650242,0.010000000000000009,3.755,0,20,200
1126,224144,152.9716668277979,0.020000000000000018,3.565,0,14,200
1127,224544,152.73833348974586,0.015000000000000013,3.515,0,17,200
1128,224552,151.91499963775277,0.010000000000000009,3.795,0,14,200
1129,224616,157.1899999305606,0.0050000000000000044,3.57,0,11,200
1130,225600,150.58666655793786,0.030000000000000027,3.7,0,11,200
1131,225600,155.81999969482422,0.015000000000000013,3.6,0,10,200
1132,225600,144.27166621387005,0.06499999999999995,3.745,0,11,200
1133,225688,157.43499990180135,0.0050000000000000044,3.555,0,11,200
1134,225744,158.616666469723,0.010000000000000009,3.43,0,9,200
1135,226144,145.10833346098661,0.040000000000000036,3.755,0,18,200
1136,226152,148.88333332538605,0.04500000000000004,3.59,0,12,200
1137,226216,155.5933334780857,0.020000000000000018,3.5,0,11,200
1138,227200,148.03499954007566,0.03500000000000003,3.645,0,14,200
1139,227200,157.18333326280117,0.020000000000000018,3.44,0,10,200
1140,227200,147.4033336257562,0.06000000000000005,3.53,0,11,200
1141,227288,152.42166636511683,0.040000000000000036,3.475,0,9,200
1142,227344,148.05499984696507,0.030000000000000027,3.915,0,13,200
1143,227744,159.06666703894734,0.020000000000000018,3.1,0,10,200
1144,227752,157.16499974951148,0.015000000000000013,3.435,0,12,200
1145,227816,149.76166573166847,0.040000000000000036,3.895,0,9,200
1146,228800,152.0399995446205,0.0,4.08,0,15,200
1147,228800,156.14166618138552,0.0,3.745,0,13,200
1148,228800,155.27500034868717,0.0050000000000000044,3.765,0,13,200
1149,228888,146.70499981939793,0.040000000000000036,3.735,0,16,200
1150,228944,154.821666396223,0.0050000000000000044,3.865,0,12,200
1151,229344,153.17999958153814,0.015000000000000013,3.99,0,10,200
1152,229352,157.52499939501286,0.010000000000000009,3.735,0,6,200
1153,229416,145.05499941762537,0.030000000000000027,4.185,0,15,200
1154,230400,157.09500000346452,0.010000000000000009,3.495,0,14,200
1155,230400,159.00166635587811,0.0050000000000000044,3.625,0,7,200
1156,230400,156.27166656777263,0.015000000000000013,3.475,0,10,200
1157,230488,150.21333277598023,0.030000000000000027,3.62,0,14,200
1158,230544,153.36999954283237,0.0050000000000000044,3.87,0,14,200
1159,230944,153.06666630133986,0.010000000000000009,3.67,0,18,200
1160,230952,152.1249994672835,0.020000000000000018,3.675,0,12,200
1161,231016,158.07333330065012,0.0,3.29,0,16,200
1162,232000,149.5566662400961,0.025000000000000022,4.0,0,12,200
1163,232000,149.08500008285046,0.010000000000000009,3.885,0,19,200
1164,232000,149.13166696578264,0.03500000000000003,3.505,0,16,200
1165,232088,141.96500025689602,0.06000000000000005,3.915,0,14,200
1166,232144,155.1166663914919,0.015000000000000013,3.52,0,14,200
1167,232544,156.15333254635334,0.015000000000000013,3.74,0,8,200
1168,232552,154.84000001102686,0.0050000000000000044,3.6,0,14,200
1169,232616,153.43166668247432,0.015000000000000013,3.655,0,13,200
1170,233600,151.7683328986168,0.0050000000000000044,3.785,0,19,200
1171,233600,154.33333322778344,0.015000000000000013,3.53,0,14,200
1172,233600,147.15833294391632,0.040000000000000036,3.545,0,19,200
1173,233688,152.68999968841672,0.030000000000000027,3.81,0,6,200
1174,233744,156.31166710611433,0.025000000000000022,3.445,0,8,200
1175,234144,154.4866665787995,0.025000000000000022,3.49,0,10,200
1176,234152,149.43499962985516,0.03500000000000003,3.795,0,13,200
1177,234216,156.45833331346512,0.020000000000000018,3.455,0,11,200
1178,235200,155.70333340391517,0.010000000000000009,3.44,0,13,200
1179,235200,147.09333264734596,0.03500000000000003,3.92,0,13,200
1180,235200,155.24833279009908,0.015000000000000013,3.755,0,10,200
1181,235288,156.19166587665677,0.0,3.865,0,11,200
1182,235344,156.68499887362123,0.015000000000000013,3.885,0,6,200
1183,235744,149.221666097641,0.04500000000000004,3.775,0,9,200
1184,235752,155.61999936401844,0.030000000000000027,3.72,0,5,200
1185,235816,156.32833299040794,0.015000000000000013,3.725,0,9,200
1186,236800,159.78666657209396,0.0050000000000000044,3.58,0,8,200
1187,236800,157.1416666842997,0.010000000000000009,3.505,0,11,200
1188,236800,151.5750001585111,0.030000000000000027,3.645,0,12,200
1189,236888,152.73499960452318,0.04500000000000004,3.795,0,3,200
1190,236944,150.5516665801406,0.025000000000000022,3.715,0,14,200
1191,237344,157.87833336368203,0.015000000000000013,3.305,0,12,200
1192,237352,153.90499974694103,0.025000000000000022,3.345,0,15,200
1193,237416,152.99666660185903,0.020000000000000018,3.52,0,14,200
1194,238400,156.7999999737367,0.010000000000000009,3.66,0,11,200
1195,238400,153.69833326339722,0.015000000000000013,3.755,0,12,200
1196,238400,138.23166582360864,0.09499999999999997,3.895,0,9,200
1197,238488,155.82499971613288,0.025000000000000022,3.405,0,10,200
1198,238544,150.17333249747753,0.04500000000000004,3.8,0,8,200
1199,238944,145.5083326920867,0.04500000000000004,3.815,0,14,200
1200,238952,156.14166609104723,0.020000000000000018,3.745,0,7,200
1201,239016,165.05999998748302,0.0,3.3,0,6,200
1202,240000,160.26666593551636,0.010000000000000009,3.67,0,7,200
1203,240000,156.32333321496844,0.030000000000000027,3.38,0,8,200
1204,240000,159.64666667953134,0.0050000000000000044,3.4,0,10,200
1205,240088,161.78000012412667,0.010000000000000009,3.48,0,5,200
1206,240144,149.82833269238472,0.04500000000000004,3.695,0,11,200
1207,240544,157.13999959733337,0.0,4.02,0,8,200
1208,240552,141.64833341538906,0.06999999999999995,3.755,0,14,200
1209,240616,159.19000068306923,0.0,3.72,0,9,200
1210,241600,155.97833270486444,0.0050000000000000044,3.875,0,11,200
1211,241600,156.97666642069817,0.0050000000000000044,4.03,0,6,200
1212,241600,157.35000005364418,0.010000000000000009,3.63,0,11,200
1213,241688,154.94499970972538,0.015000000000000013,3.585,0,14,200
1214,241744,146.0816660709679,0.06000000000000005,3.835,0,10,200
1215,242144,159.17166587337852,0.010000000000000009,3.595,0,7,200
1216,242152,151.00333300232887,0.015000000000000013,3.68,0,18,200
1217,242216,153.84833267331123,0.015000000000000013,3.935,0,10,200
1218,243200,156.24166580569,0.0050000000000000044,3.865,0,9,200
1219,243200,153.44499929249287,0.03500000000000003,3.915,0,4,200
1220,243200,159.02166589349508,0.0050000000000000044,3.685,0,8,200
1221,243288,158.57833351194859,0.025000000000000022,3.605,0,5,200
1222,243344,153.02333319187164,0.025000000000000022,3.77,0,9,200
1223,243744,155.25666584074497,0.015000000000000013,4.03,0,5,200
1224,243752,151.019999563694,0.03500000000000003,3.69,0,11,200
1225,243816,157.64666599035263,0.015000000000000013,3.76,0,6,200
1226,244800,153.91166638210416,0.025000000000000022,3.475,0,12,200
1227,244800,150.95333256479353,0.015000000000000013,4.04,0,13,200
1228,244800,155.91666603460908,0.010000000000000009,3.97,0,6,200
1229,244888,162.55166682973504,0.0050000000000000044,3.415,0,6,200
1230,244944,157.4549999423325,0.0050000000000000044,3.435,0,13,200
1231,245344,149.29999964963645,0.025000000000000022,3.84,0,16,200
1232,245352,157.5949995443225,0.010000000000000009,3.675,0,8,200
1233,245416,155.16666622459888,0.0050000000000000044,4.03,0,9,200
1234,246400,161.04000006988645,0.0050000000000000044,3.36,0,10,200
1235,246400,160.21999989822507,0.0050000000000000044,3.39,0,11,200
1236,246400,154.6933332188055,0.010000000000000009,3.53,0,15,200
1237,246488,152.83666637167335,0.020000000000000018,3.67,0,13,200
1238,246544,152.90999937430024,0.020000000000000018,3.9,0,10,200
1239,246944,160.16333331540227,0.0,3.47,0,10,200
1240,246952,153.73166677728295,0.020000000000000018,3.565,0,12,200
1241,247016,159.00000049825758,0.010000000000000009,3.54,0,7,200
1242,248000,151.3149995272979,0.025000000000000022,3.915,0,12,200
1243,248000,158.8216665154323,0.0050000000000000044,3.745,0,7,200
1244,248000,159.878333337605,0.015000000000000013,3.305,0,7,200
1245,248088,147.48499935027212,0.040000000000000036,3.795,0,15,200
1246,248144,160.53499980643392,0.0,3.495,0,10,200
1247,248544,152.53666657861322,0.015000000000000013,3.94,0,11,200
1248,248552,151.18833326455206,0.030000000000000027,3.485,0,16,200
1249,248616,157.38166677486151,0.010000000000000009,3.655,0,8,200
1250,249600,157.21833327412605,0.020000000000000018,3.575,0,6,200
1251,249600,150.43166616931558,0.020000000000000018,3.745,0,17,200
1252,249600,149.61666632071137,0.030000000000000027,3.82,0,13,200
1253,249688,150.61000046879053,0.03500000000000003,3.48,0,13,200
1254,249744,148.06999947875738,0.015000000000000013,3.9,0,18,200
1255,250144,158.2833338296041,0.020000000000000018,3.38,0,7,200
1256,250152,153.98833317309618,0.0050000000000000044,3.605,0,17,200
1257,250216,150.47666637599468,0.015000000000000013,3.91,0,15,200
1258,251200,161.7916670292616,0.0050000000000000044,3.355,0,9,200
1259,251200,157.76166662946343,0.020000000000000018,3.565,0,7,200
1260,251200,146.65999940689653,0.03500000000000003,3.96,0,13,200
1261,251288,154.08333340287209,0.025000000000000022,3.77,0,7,200
1262,251344,145.6183323264122,0.04500000000000004,4.025,0,13,200
1263,251744,152.55499954894185,0.025000000000000022,3.735,0,11,200
1264,251752,154.6066661030054,0.020000000000000018,3.76,0,9,200
1265,251816,149.4066662490368,0.025000000000000022,4.06,0,11,200
1266,252800,155.97999982908368,0.0050000000000000044,3.72,0,12,200
1267,252800,149.76499960012734,0.030000000000000027,3.915,0,10,200
1268,252800,161.8950002975762,0.0,3.555,0,7,200
1269,252888,155.44833293557167,0.020000000000000018,3.845,0,7,200
1270,252944,163.55333376303315,0.0,3.5,0,4,200
1271,253344,154.31500001903623,0.015000000000000013,3.675,0,12,200
1272,253352,153.50833262037486,0.0050000000000000044,3.935,0,13,200
1273,253416,152.26999908685684,0.025000000000000022,4.05,0,7,200
1274,254400,153.20833225548267,0.020000000000000018,3.905,0,10,200
1275,254400,154.66166716534644,0.010000000000000009,3.775,0,12,200
1276,254400,158.17333359643817,0.015000000000000013,3.44,0,9,200
1277,254488,157.81666697375476,0.010000000000000009,3.58,0,9,200
1278,254544,151.3183326749131,0.010000000000000009,4.025,0,11,200
1279,254944,148.05499989073724,0.020000000000000018,4.035,0,13,200
1280,254952,155.00166644807905,0.010000000000000009,3.775,0,10,200
1281,255016,156.49666649475694,0.010000000000000009,3.76,0,9,200
1282,256000,160.5016671270132,0.010000000000000009,3.505,0,5,200
1283,256000,162.22833401337266,0.0050000000000000044,3.335,0,7,200
1284,256000,154.31999959424138,0.020000000000000018,3.72,0,9,200
1285,256088,158.10833336785436,0.025000000000000022,3.545,0,4,200
1286,256144,160.9266668409109,0.0050000000000000044,3.49,0,6,200
1287,256544,148.80499939620495,0.030000000000000027,4.065,0,12,200
1288,256552,153.35500007867813,0.025000000000000022,3.675,0,11,200
1289,256616,161.0166668742895,0.015000000000000013,3.4,0,5,200
1290,257600,150.72833289578557,0.020000000000000018,3.875,0,13,200
1291,257600,160.50000025331974,0.015000000000000013,3.33,0,7,200
1292,257600,150.74166579544544,0.025000000000000022,4.075,0,9,200
1293,257688,158.64499993994832,0.0050000000000000044,3.555,0,9,200
1294,257744,137.04499984811991,0.07499999999999996,3.945,0,17,200
1295,258144,159.39666735287756,0.020000000000000018,3.4,0,8,200
1296,258152,155.26500031352043,0.040000000000000036,3.645,0,3,200
1297,258216,161.31999951973557,0.0050000000000000044,3.63,0,5,200
1298,259200,161.09666712209582,0.015000000000000013,3.28,0,7,200
1299,259200,154.06999956071377,0.04500000000000004,3.54,0,5,200
1300,259200,148.90999999269843,0.05500000000000005,3.54,0,8,200
1301,259288,156.606666572392,0.015000000000000013,3.7,0,9,200
1302,259344,151.98666663654149,0.010000000000000009,4.03,0,11,200
1303,259744,158.93666607141495,0.020000000000000018,3.7,0,5,200
1304,259752,153.40666607394814,0.030000000000000027,3.7,0,8,200
1305,259816,159.5016660131514,0.0050000000000000044,3.775,0,5,200
1306,260800,158.20833332836628,0.020000000000000018,3.365,0,9,200
1307,260800,155.28499975800514,0.030000000000000027,3.705,0,6,200
1308,260800,153.51500004064292,0.030000000000000027,3.735,0,8,200
1309,260888,143.26333264261484,0.06000000000000005,4.01,0,11,200
1310,260944,166.84166686236858,0.0,3.265,0,4,200
1311,261344,152.00166592001915,0.03500000000000003,3.805,0,9,200
1312,261352,160.47000017762184,0.015000000000000013,3.48,0,5,200
1313,261416,161.4333335608244,0.010000000000000009,3.44,0,6,200
1314,262400,159.49666745122522,0.010000000000000009,3.49,0,7,200
1315,262400,160.32000063359737,0.025000000000000022,3.24,0,6,200
1316,262400,156.51999923959374,0.025000000000000022,3.6,0,7,200
1317,262488,158.07333262637258,0.010000000000000009,3.74,0,7,200
1318,262544,158.60833345353603,0.020000000000000018,3.575,0,6,200
1319,262944,158.98666647076607,0.020000000000000018,3.64,0,4,200
1320,262952,148.9100005812943,0.040000000000000036,3.81,0,11,200
1321,263016,158.78000008966774,0.020000000000000018,3.54,0,6,200
1322,264000,157.8566664159298,0.020000000000000018,3.64,0,4,200
1323,264000,157.46166640520096,0.020000000000000018,3.835,0,6,200
1324,264000,156.30000081658363,0.040000000000000036,3.42,0,4,200
1325,264088,158.33500001206994,0.0050000000000000044,3.525,0,10,200
1326,264144,148.4799998505041,0.040000000000000036,3.9,0,10,200
1327,264544,152.30999990459532,0.040000000000000036,3.81,0,6,200
1328,264552,156.14333321806043,0.03500000000000003,3.47,0,7,200
1329,264616,154.45000034570694,0.040000000000000036,3.33,0,10,200
1330,265600,159.42999985069036,0.020000000000000018,3.39,0,7,200
1331,265600,156.53166611492634,0.025000000000000022,3.745,0,6,200
1332,265600,154.3766669332981,0.025000000000000022,3.61,0,10,200
1333,265688,160.29833270981908,0.010000000000000009,3.575,0,7,200
1334,265744,155.60666636005044,0.015000000000000013,3.97,0,7,200
1335,266144,155.19500024616718,0.050000000000000044,3.465,0,4,200
1336,266152,157.4866667985916,0.020000000000000018,3.73,0,6,200
1337,266216,162.3033330887556,0.010000000000000009,3.44,0,5,200
1338,267200,155.2850001975894,0.03500000000000003,3.465,0,7,200
1339,267200,150.51499960478395,0.030000000000000027,3.675,0,16,200
1340,267200,164.83666667342186,0.0,3.49,0,3,200
1341,267288,153.60499953106046,0.040000000000000036,3.615,0,7,200
1342,267344,159.20833319798112,0.015000000000000013,3.485,0,8,200
1343,267744,153.76166667044163,0.04500000000000004,3.655,0,5,200
1344,267752,152.33833222091198,0.03500000000000003,3.995,0,5,200
1345,267816,158.64833317697048,0.010000000000000009,3.875,0,4,200
1346,268800,158.12000013142824,0.030000000000000027,3.21,0,9,200
1347,268800,150.25500013586134,0.030000000000000027,3.675,0,15,200
1348,268800,159.2649995982647,0.0050000000000000044,3.645,0,11,200
1349,268888,149.4899986833334,0.040000000000000036,3.9,0,11,200
1350,268944,151.19499929249287,0.03500000000000003,4.035,0,6,200
1351,269344,151.119999114424,0.025000000000000022,3.99,0,10,200
1352,269352,158.44333370029926,0.020000000000000018,3.56,0,6,200
1353,269416,163.6266663884744,0.0,3.43,0,5,200
1354,270400,162.0416666008532,0.0,3.505,0,8,200
1355,270400,159.80833354592323,0.015000000000000013,3.515,0,7,200
1356,270400,152.90000009536743,0.025000000000000022,3.51,0,15,200
1357,270488,161.7733334004879,0.010000000000000009,3.41,0,7,200
1358,270544,154.27166627719998,0.010000000000000009,3.985,0,10,200
1359,270944,161.07833338156343,0.0050000000000000044,3.545,0,6,200
1360,270952,161.55999989807606,0.0050000000000000044,3.66,0,5,200
1361,271016,152.76499996334314,0.025000000000000022,3.585,0,14,200
1362,272000,152.873332336545,0.015000000000000013,4.04,0,9,200
1363,272000,156.61666683014482,0.015000000000000013,3.79,0,8,200
1364,272000,148.86333327647299,0.03500000000000003,3.83,0,12,200
1365,272088,154.55166645999998,0.020000000000000018,3.925,0,8,200
1366,272144,154.0166665231809,0.030000000000000027,3.55,0,9,200
1367,272544,155.63833280932158,0.020000000000000018,3.755,0,7,200
1368,272552,156.34666704386473,0.025000000000000022,3.37,0,11,200
1369,272616,149.603332801722,0.020000000000000018,4.07,0,12,200
1370,273600,158.90666568279266,0.0,3.88,0,8,200
1371,273600,155.55833319481462,0.015000000000000013,3.725,0,12,200
1372,273600,158.916666675359,0.010000000000000009,3.58,0,8,200
1373,273688,147.59833247121423,0.04500000000000004,3.725,0,13,200
1374,273744,164.7816669344902,0.0,3.325,0,6,200
1375,274144,163.03499945253134,0.0050000000000000044,3.585,0,3,200
1376,274152,156.51833245158195,0.025000000000000022,3.725,0,6,200
1377,274216,151.8116667456925,0.020000000000000018,4.015,0,9,200
1378,275200,163.81666664779186,0.0050000000000000044,3.46,0,3,200
1379,275200,157.59833263605833,0.015000000000000013,3.995,0,4,200
1380,275200,153.91000040620565,0.025000000000000022,3.48,0,14,200
1381,275288,149.19333213940263,0.04500000000000004,3.89,0,10,200
1382,275344,161.77666687965393,0.015000000000000013,3.4,0,5,200
1383,275744,160.74333338439465,0.0,3.47,0,9,200
1384,275752,151.01833348628134,0.025000000000000022,3.665,0,16,200
1385,275816,151.59666664060205,0.020000000000000018,3.73,0,14,200
1386,276800,163.61000075936317,0.0,3.21,0,10,200
1387,276800,165.183333709836,0.0,3.2,0,7,200
1388,276800,148.5716662844643,0.06000000000000005,3.625,0,9,200
1389,276888,162.6083334237337,0.010000000000000009,3.395,0,4,200
1390,276944,160.16500025242567,0.010000000000000009,3.315,0,11,200
1391,277344,156.00166646391153,0.025000000000000022,3.535,0,10,200
1392,277352,151.99000003095716,0.04500000000000004,3.66,0,8,200
1393,277416,169.10000050067902,0.0,3.15,0,3,200
1394,278400,159.20833261683583,0.015000000000000013,3.635,0,8,200
1395,278400,154.46166650485247,0.04500000000000004,3.295,0,9,200
1396,278400,153.58666603267193,0.025000000000000022,3.76,0,11,200
1397,278488,156.11999963596463,0.010000000000000009,3.78,0,9,200
1398,278544,148.92333270423114,0.030000000000000027,3.83,0,14,200
1399,278944,153.0366662889719,0.03500000000000003,3.97,0,5,200
1400,278952,160.59000036120415,0.030000000000000027,3.12,0,7,200
1401,279016,153.40999940410256,0.015000000000000013,3.81,0,13,200
1402,280000,161.60333356261253,0.010000000000000009,3.44,0,6,200
1403,280000,164.75666649639606,0.0,3.43,0,5,200
1404,280000,158.27666726708412,0.015000000000000013,3.19,0,13,200
1405,280088,155.46666631102562,0.015000000000000013,3.94,0,8,200
1406,280144,151.86999923363328,0.030000000000000027,4.08,0,7,200
1407,280544,154.98666605353355,0.015000000000000013,3.7,0,12,200
1408,280552,162.65500012040138,0.0,3.525,0,7,200
1409,280616,153.38333296775818,0.040000000000000036,3.83,0,5,200
1410,281600,157.1316672936082,0.050000000000000044,3.055,0,7,200
1411,281600,158.45166696235538,0.025000000000000022,3.355,0,9,200
1412,281600,160.9183333069086,0.015000000000000013,3.665,0,2,200
1413,281688,162.9850003272295,0.010000000000000009,3.135,0,11,200
1414,281744,155.97333357390016,0.025000000000000022,3.59,0,8,200
1415,282144,160.12333263456821,0.015000000000000013,3.71,0,4,200
1416,282152,161.2449993044138,0.010000000000000009,3.645,0,4,200
1417,282216,155.59500009473413,0.030000000000000027,3.555,0,8,200
1418,283200,161.11333353817463,0.010000000000000009,3.26,0,10,200
1419,283200,155.50499941408634,0.025000000000000022,3.735,0,7,200
1420,283200,161.19166634976864,0.010000000000000009,3.475,0,6,200
1421,283288,149.8299991376698,0.040000000000000036,3.84,0,11,200
1422,283344,139.23499912023544,0.08499999999999996,3.795,0,15,200
1423,283744,156.48499998822808,0.025000000000000022,3.585,0,8,200
1424,283752,156.60999827086926,0.020000000000000018,3.93,0,4,200
1425,283816,154.51166677847505,0.030000000000000027,3.505,0,12,200
1426,284800,162.4066664353013,0.0050000000000000044,3.52,0,6,200
1427,284800,161.2450000271201,0.010000000000000009,3.195,0,11,200
1428,284800,155.07333330065012,0.040000000000000036,3.44,0,7,200
1429,284888,153.4850002527237,0.03500000000000003,3.645,0,9,200
1430,284944,159.58500027656555,0.015000000000000013,3.375,0,9,200
1431,285344,147.92499927803874,0.030000000000000027,3.735,0,18,200
1432,285352,141.7899996554479,0.07999999999999996,3.81,0,11,200
1433,285416,151.53666618838906,0.025000000000000022,3.94,0,10,200
1434,286400,156.36166648939252,0.015000000000000013,3.775,0,8,200
1435,286400,157.26833308115602,0.0050000000000000044,3.605,0,15,200
1436,286400,157.39999915659428,0.010000000000000009,4.02,0,5,200
1437,286488,160.941666636616,0.0,3.355,0,12,200
1438,286544,161.96500007808208,0.010000000000000009,3.345,0,6,200
1439,286944,153.91666597127914,0.025000000000000022,3.73,0,11,200
1440,286952,159.9166657924652,0.010000000000000009,3.64,0,7,200
1441,287016,157.47499999776483,0.0,3.435,0,16,200
1442,288000,160.42333307862282,0.015000000000000013,3.32,0,8,200
1443,288000,144.07499961555004,0.05500000000000005,3.735,0,17,200
1444,288000,164.44333346188068,0.0,3.44,0,5,200
1445,288088,149.74833339452744,0.040000000000000036,3.665,0,12,200
1446,288144,152.61166617274284,0.015000000000000013,4.015,0,13,200
1447,288544,159.0116661861539,0.015000000000000013,3.715,0,6,200
1448,288552,149.18666580691934,0.020000000000000018,4.09,0,15,200
1449,288616,158.46833317354321,0.010000000000000009,3.395,0,11,200
1450,289600,153.36166669428349,0.020000000000000018,3.385,0,18,200
1451,289600,157.7000008970499,0.03500000000000003,3.06,0,9,200
1452,289600,156.344999990426,0.010000000000000009,3.735,0,10,200
1453,289688,156.41166658699512,0.010000000000000009,3.565,0,12,200
1454,289744,150.08333276584744,0.04500000000000004,3.77,0,9,200
1455,290144,162.72000001370907,0.010000000000000009,3.33,0,6,200
1456,290152,150.12333290278912,0.040000000000000036,3.71,0,11,200
1457,290216,157.2300003953278,0.010000000000000009,3.48,0,12,200
1458,291200,150.64333328604698,0.040000000000000036,3.89,0,8,200
1459,291200,150.75000028312206,0.04500000000000004,3.3,0,14,200
1460,291200,155.01333371177316,0.040000000000000036,3.11,0,10,200
1461,291288,151.35666616633534,0.020000000000000018,4.27,0,8,200
1462,291344,160.403333324939,0.010000000000000009,3.44,0,7,200
1463,291744,156.7883336758241,0.015000000000000013,3.215,0,15,200
1464,291752,159.3749998807907,0.010000000000000009,3.705,0,5,200
1465,291816,151.59666641056538,0.015000000000000013,3.82,0,15,200
1466,292800,159.7350005498156,0.010000000000000009,3.405,0,9,200
1467,292800,151.72499932721257,0.020000000000000018,4.035,0,10,200
1468,292800,157.12166714668274,0.020000000000000018,3.595,0,7,200
1469,292888,161.71833319962025,0.0,3.575,0,7,200
1470,292944,154.50000013411045,0.03500000000000003,3.45,0,10,200
1471,293344,161.5783333964646,0.0,3.545,0,7,200
1472,293352,153.05999926384538,0.015000000000000013,3.9,0,12,200
1473,293416,155.60333359986544,0.030000000000000027,3.35,0,12,200
1474,294400,155.27833329886198,0.020000000000000018,3.395,0,14,200
1475,294400,162.67499996721745,0.0050000000000000044,3.285,0,10,200
1476,294400,148.9849992087111,0.040000000000000036,4.065,0,10,200
1477,294488,156.14666629210114,0.030000000000000027,3.37,0,10,200
1478,294544,162.51166719198227,0.010000000000000009,3.235,0,8,200
1479,294944,157.7000002115965,0.025000000000000022,3.39,0,8,200
1480,294952,152.7999996058643,0.040000000000000036,3.6,0,9,200
1481,295016,152.58999982848763,0.03500000000000003,3.66,0,8,200
1482,296000,155.90333354100585,0.025000000000000022,3.53,0,11,200
1483,296000,160.80999925732613,0.0,3.96,0,4,200
1484,296000,155.73999985307455,0.025000000000000022,3.57,0,10,200
1485,296088,152.32666625455022,0.040000000000000036,3.55,0,10,200
1486,296144,150.72666683793068,0.040000000000000036,3.49,0,14,200
1487,296544,159.6666674464941,0.015000000000000013,3.31,0,10,200
1488,296552,154.96833296865225,0.025000000000000022,3.515,0,12,200
1489,296616,157.49666687846184,0.030000000000000027,3.43,0,8,200
1490,297600,161.83333358168602,0.020000000000000018,3.2,0,7,200
1491,297600,159.8216667175293,0.0,3.565,0,10,200
1492,297600,154.88999956846237,0.015000000000000013,3.78,0,12,200
1493,297688,153.35666626691818,0.010000000000000009,3.88,0,14,200
1494,297744,154.30999940633774,0.025000000000000022,3.93,0,6,200
1495,298144,156.69999977946281,0.010000000000000009,3.78,0,9,200
1496,298152,152.70666725933552,0.025000000000000022,3.52,0,13,200
1497,298216,160.39499934390187,0.0050000000000000044,3.705,0,6,200
1498,299200,156.69833351671696,0.015000000000000013,3.575,0,12,200
1499,299200,162.51999954879284,0.0050000000000000044,3.6,0,6,200
1500,299200,161.4366673976183,0.0,3.46,0,10,200
1501,299288,163.5233335196972,0.0050000000000000044,3.38,0,7,200
1502,299344,149.093333510682,0.05500000000000005,3.38,0,13,200
1503,299744,153.0549997901544,0.020000000000000018,3.735,0,12,200
1504,299752,156.0083324611187,0.015000000000000013,3.935,0,9,200
1505,299816,152.65666607022285,0.030000000000000027,3.79,0,9,200
1506,300800,162.5516673400998,0.010000000000000009,3.235,0,8,200
1507,300800,152.22499991953373,0.030000000000000027,3.465,0,15,200
1508,300800,155.68333343043923,0.015000000000000013,3.71,0,11,200
1509,300888,163.7300009727478,0.010000000000000009,3.24,0,8,200
1510,300944,154.28166695684195,0.03500000000000003,3.445,0,10,200
1511,301344,151.31166671589017,0.03500000000000003,3.475,0,16,200
1512,301352,156.73833310604095,0.015000000000000013,3.455,0,13,200
1513,301416,160.91333381831646,0.015000000000000013,3.23,0,8,200
1514,302400,154.12833312153816,0.030000000000000027,3.425,0,14,200
1515,302400,151.15166701376438,0.030000000000000027,3.805,0,13,200
1516,302400,147.87166624888778,0.040000000000000036,3.805,0,13,200
1517,302488,154.26500046998262,0.025000000000000022,3.465,0,12,200
1518,302544,156.60666724201292,0.015000000000000013,3.37,0,13,200
1519,302944,159.98500016704202,0.010000000000000009,3.465,0,9,200
1520,302952,154.75499976053834,0.010000000000000009,3.615,0,15,200
1521,303016,150.24166645482183,0.030000000000000027,3.625,0,15,200
1522,304000,159.5566666573286,0.015000000000000013,3.49,0,7,200
1523,304000,150.49499974679202,0.030000000000000027,3.675,0,13,200
1524,304000,153.46333297342062,0.025000000000000022,3.77,0,9,200
1525,304088,151.34499959647655,0.04500000000000004,3.585,0,8,200
1526,304144,154.58666710555553,0.025000000000000022,3.46,0,12,200
1527,304544,155.7849995046854,0.015000000000000013,3.735,0,11,200
1528,304552,158.5983333736658,0.0050000000000000044,3.815,0,6,200
1529,304616,159.79166696965694,0.0050000000000000044,3.355,0,12,200
1530,305600,160.60666644573212,0.010000000000000009,3.61,0,6,200
1531,305600,159.5400005048141,0.010000000000000009,3.36,0,9,200
1532,305600,157.82999997213483,0.015000000000000013,3.66,0,9,200
1533,305688,160.04166697338223,0.0050000000000000044,3.415,0,11,200
1534,305744,160.14833285659552,0.020000000000000018,3.365,0,7,200
1535,306144,156.29000043775886,0.03500000000000003,3.39,0,7,200
1536,306152,148.3066661208868,0.050000000000000044,3.64,0,12,200
1537,306216,153.28166597243398,0.030000000000000027,3.835,0,9,200
1538,307200,152.10833349823952,0.04500000000000004,3.845,0,4,200
1539,307200,160.13166643679142,0.025000000000000022,3.385,0,6,200
1540,307200,158.36999992281199,0.0050000000000000044,3.72,0,8,200
1541,307288,158.61666570603848,0.015000000000000013,3.79,0,6,200
1542,307344,158.0399986691773,0.0050000000000000044,3.69,0,10,200
1543,307744,153.90833308175206,0.030000000000000027,3.515,0,11,200
1544,307752,153.50166688859463,0.04500000000000004,3.385,0,10,200
1545,307816,156.96833370998502,0.030000000000000027,3.335,0,10,200
1546,308800,153.72999942302704,0.025000000000000022,3.78,0,11,200
1547,308800,159.7883334159851,0.010000000000000009,3.425,0,10,200
1548,308800,153.2449997588992,0.025000000000000022,3.345,0,16,200
1549,308888,156.8249997496605,0.010000000000000009,3.585,0,13,200
1550,308944,154.68166609108448,0.0050000000000000044,3.655,0,18,200
1551,309344,162.44333384931087,0.015000000000000013,3.2,0,8,200
1552,309352,156.46333345770836,0.025000000000000022,3.62,0,7,200
1553,309416,156.17833276744932,0.010000000000000009,4.085,0,7,200
1554,310400,161.58333376049995,0.010000000000000009,3.32,0,9,200
1555,310400,161.3516674786806,0.010000000000000009,3.235,0,8,200
1556,310400,160.3716661669314,0.0,3.565,0,12,200
1557,310488,158.28833338618279,0.0050000000000000044,3.545,0,13,200
1558,310544,147.12333257868886,0.04500000000000004,3.68,0,15,200
1559,310944,157.77333304286003,0.015000000000000013,3.53,0,12,200
1560,310952,159.2683327794075,0.010000000000000009,3.815,0,5,200
1561,311016,153.53499957174063,0.030000000000000027,3.735,0,8,200
1562,312000,157.97333363443613,0.030000000000000027,3.47,0,6,200
1563,312000,156.2949992865324,0.015000000000000013,3.795,0,9,200
1564,312000,157.29333299025893,0.020000000000000018,3.41,0,11,200
1565,312088,162.9716672450304,0.015000000000000013,3.265,0,6,200
1566,312144,157.67499959468842,0.010000000000000009,3.945,0,7,200
1567,312544,158.27333307266235,0.025000000000000022,3.65,0,5,200
1568,312552,153.76000060886145,0.025000000000000022,3.63,0,12,200
1569,312616,154.75166629999876,0.03500000000000003,3.505,0,10,200
1570,313600,151.99999951571226,0.030000000000000027,3.75,0,11,200
1571,313600,154.21333304047585,0.030000000000000027,3.77,0,9,200
1572,313600,157.36499949451536,0.010000000000000009,3.795,0,8,200
1573,313688,165.07333341240883,0.0050000000000000044,3.41,0,2,200
1574,313744,152.26499908417463,0.015000000000000013,3.915,0,14,200
1575,314144,158.27999962866306,0.010000000000000009,3.63,0,10,200
1576,314152,156.58666548132896,0.015000000000000013,3.91,0,6,200
1577,314216,161.73333291709423,0.010000000000000009,3.62,0,4,200
1578,315200,162.05499988794327,0.0050000000000000044,3.525,0,6,200
1579,315200,153.00166633725166,0.030000000000000027,3.895,0,8,200
1580,315200,161.9400005042553,0.010000000000000009,3.24,0,9,200
1581,315288,160.51833246648312,0.0,3.785,0,8,200
1582,315344,163.41833344101906,0.0,3.215,0,12,200
1583,315744,153.30333253741264,0.030000000000000027,3.77,0,9,200
1584,315752,160.02833295240998,0.0,3.665,0,9,200
1585,315816,157.1866655945778,0.015000000000000013,4.06,0,5,200
1586,316800,158.63833332061768,0.025000000000000022,3.635,0,5,200
1587,316800,159.5533331334591,0.015000000000000013,3.5,0,8,200
1588,316800,157.5466662198305,0.015000000000000013,3.7,0,11,200
1589,316888,156.77999852597713,0.025000000000000022,3.84,0,5,200
1590,316944,155.10499942302704,0.020000000000000018,3.825,0,8,200
1591,317344,160.76333372294903,0.025000000000000022,3.32,0,8,200
1592,317352,159.63833440840244,0.010000000000000009,3.725,0,5,200
1593,317416,151.3016673689708,0.050000000000000044,3.565,0,9,200
1594,318400,161.58000037726015,0.010000000000000009,3.54,0,5,200
1595,318400,156.96999943908304,0.020000000000000018,3.57,0,10,200
1596,318400,157.38499864935875,0.015000000000000013,3.885,0,7,200
1597,318488,161.25166767835617,0.025000000000000022,3.325,0,5,200
1598,318544,160.76833361387253,0.020000000000000018,3.455,0,5,200
1599,318944,157.54666635300964,0.030000000000000027,3.58,0,6,200
1600,318952,162.79333420470357,0.020000000000000018,3.23,0,4,200
1601,319016,149.53666658699512,0.06000000000000005,3.58,0,8,200
1602,320000,158.05666637420654,0.020000000000000018,3.67,0,6,200
1603,320000,145.72999933734536,0.08499999999999996,3.63,0,7,200
1604,320000,158.3700004098937,0.015000000000000013,3.6,0,8,200
1605,320088,164.94999964535236,0.0,3.69,0,2,200
1606,320144,155.59166626632214,0.025000000000000022,3.775,0,6,200
1607,320544,153.8266663402319,0.040000000000000036,3.46,0,10,200
1608,320552,154.31500034034252,0.04500000000000004,3.345,0,10,200
1609,320616,148.45999927818775,0.06000000000000005,3.9,0,7,200
1610,321600,156.34166682511568,0.04500000000000004,3.415,0,5,200
1611,321600,153.68166698515415,0.050000000000000044,3.415,0,8,200
1612,321600,156.04833342507482,0.025000000000000022,3.515,0,11,200
1613,321688,160.5566660016775,0.0050000000000000044,3.55,0,9,200
1614,321744,161.15666730701923,0.025000000000000022,3.25,0,5,200
1615,322144,156.8466667830944,0.040000000000000036,3.61,0,3,200
1616,322152,154.47999984025955,0.040000000000000036,3.51,0,8,200
1617,322216,163.59666714072227,0.0050000000000000044,3.34,0,6,200
1618,323200,155.95833307411522,0.030000000000000027,3.575,0,9,200
1619,323200,163.91166654229164,0.0050000000000000044,3.475,0,4,200
1620,323200,154.40333212912083,0.020000000000000018,3.98,0,7,200
1621,323288,153.89499987661839,0.040000000000000036,3.465,0,11,200
1622,323344,156.91833253204823,0.0050000000000000044,3.875,0,9,200
1623,323744,155.61499939020723,0.010000000000000009,3.675,0,14,200
1624,323752,152.27666598558426,0.030000000000000027,3.91,0,10,200
1625,323816,156.88499972224236,0.020000000000000018,3.525,0,11,200
1626,324800,154.94999987259507,0.025000000000000022,3.6,0,11,200
1627,324800,156.7466665506363,0.010000000000000009,3.91,0,7,200
1628,324800,152.91833390295506,0.03500000000000003,3.515,0,12,200
1629,324888,151.10833338275552,0.025000000000000022,3.935,0,11,200
1630,324944,155.87166693806648,0.015000000000000013,3.655,0,12,200
1631,325344,157.53166629374027,0.010000000000000009,3.865,0,8,200
1632,325352,156.00666670501232,0.020000000000000018,3.58,0,11,200
1633,325416,156.36333360150456,0.015000000000000013,3.38,0,14,200
1634,326400,153.62166632711887,0.03500000000000003,3.715,0,7,200
1635,326400,152.46166743338108,0.04500000000000004,3.565,0,9,200
1636,326400,159.60999953746796,0.0,3.69,0,10,200
1637,326488,157.78500045835972,0.010000000000000009,3.495,0,12,200
1638,326544,158.24500077962875,0.015000000000000013,3.345,0,9,200
1639,326944,158.23833394050598,0.0050000000000000044,3.455,0,12,200
1640,326952,158.11333313584328,0.010000000000000009,3.56,0,11,200
1641,327016,163.28000006079674,0.0,3.51,0,5,200
1642,328000,160.83333376049995,0.0,3.26,0,13,200
1643,328000,160.18000043928623,0.015000000000000013,3.24,0,8,200
1644,328000,153.246666431427,0.020000000000000018,3.94,0,10,200
1645,328088,157.75166688859463,0.015000000000000013,3.505,0,9,200
1646,328144,162.0183328986168,0.0,3.575,0,8,200
1647,328544,144.9949999600649,0.06000000000000005,3.885,0,10,200
1648,328552,153.80000007152557,0.025000000000000022,3.6,0,12,200
1649,328616,154.15166680514812,0.040000000000000036,3.415,0,9,200
1650,329600,156.95666625257581,0.0050000000000000044,3.73,0,11,200
1651,329600,156.66333323717117,0.010000000000000009,3.62,0,12,200
1652,329600,156.34333357214928,0.025000000000000022,3.62,0,6,200
1653,329688,162.64666721224785,0.0,3.52,0,7,200
1654,329744,151.21333366632462,0.03500000000000003,3.86,0,10,200
1655,330144,158.71166716516018,0.0050000000000000044,3.475,0,12,200
1656,330152,151.19999971985817,0.015000000000000013,3.99,0,15,200
1657,330216,153.39166669547558,0.010000000000000009,4.075,0,10,200
1658,331200,152.9149997830391,0.030000000000000027,3.825,0,9,200
1659,331200,156.02000004053116,0.015000000000000013,3.63,0,12,200
1660,331200,155.48333325982094,0.030000000000000027,3.53,0,9,200
1661,331288,150.79333322122693,0.025000000000000022,3.95,0,12,200
1662,331344,160.06000031530857,0.015000000000000013,3.21,0,8,200
1663,331744,157.7816666252911,0.010000000000000009,3.475,0,12,200
1664,331752,153.9750005453825,0.025000000000000022,3.285,0,16,200
1665,331816,157.11166675016284,0.015000000000000013,3.385,0,12,200
1666,332800,159.44999994710088,0.0050000000000000044,3.6,0,9,200
1667,332800,157.21500016003847,0.010000000000000009,3.675,0,9,200
1668,332800,157.65499947965145,0.010000000000000009,3.915,0,5,200
1669,332888,159.30999982357025,0.0,3.81,0,8,200
1670,332944,156.50000046938658,0.020000000000000018,3.42,0,10,200
1671,333344,151.27499994635582,0.025000000000000022,3.945,0,13,200
1672,333352,158.38500095903873,0.030000000000000027,3.285,0,6,200
1673,333416,154.3383329063654,0.025000000000000022,3.905,0,7,200
1674,334400,152.0083326473832,0.025000000000000022,3.905,0,11,200
1675,334400,153.99166669975966,0.020000000000000018,3.685,0,10,200
1676,334400,156.28166696429253,0.0050000000000000044,3.715,0,13,200
1677,334488,139.09166678786278,0.07499999999999996,3.895,0,15,200
1678,334544,153.8949990933761,0.025000000000000022,3.975,0,7,200
1679,334944,149.80333363171667,0.025000000000000022,4.13,0,11,200
1680,334952,161.60166703537107,0.0050000000000000044,3.505,0,6,200
1681,335016,155.83999926876277,0.0050000000000000044,3.9,0,10,200
1682,336000,156.39166668057442,0.025000000000000022,3.475,0,8,200
1683,336000,155.87166553735733,0.010000000000000009,3.835,0,10,200
1684,336000,152.40166648104787,0.030000000000000027,3.565,0,14,200
1685,336088,149.74499960243702,0.025000000000000022,4.065,0,12,200
1686,336144,158.19833385944366,0.010000000000000009,3.725,0,7,200
1687,336544,165.16166718304157,0.0050000000000000044,3.325,0,4,200
1688,336552,151.05666576698422,0.030000000000000027,3.88,0,11,200
1689,336616,159.0099998563528,0.0050000000000000044,3.63,0,10,200
1690,337600,158.4599999524653,0.0050000000000000044,3.66,0,10,200
1691,337600,166.37000082433224,0.0,3.3,0,4,200
1692,337600,161.55166724324226,0.010000000000000009,3.295,0,8,200
1693,337688,155.7149996496737,0.015000000000000013,3.795,0,8,200
1694,337744,154.80666571017355,0.020000000000000018,3.91,0,8,200
1695,338144,162.91000045835972,0.020000000000000018,3.3,0,3,200
1696,338152,155.026666238904,0.015000000000000013,3.61,0,13,200
1697,338216,161.55166678130627,0.010000000000000009,3.655,0,4,200
1698,339200,158.11333313584328,0.020000000000000018,3.71,0,5,200
1699,339200,159.96500045713037,0.015000000000000013,3.375,0,9,200
1700,339200,150.93666701763868,0.03500000000000003,3.55,0,13,200
1701,339288,156.60999992862344,0.015000000000000013,3.81,0,7,200
1702,339344,163.74666637182236,0.010000000000000009,3.43,0,4,200
1703,339744,156.38499940931797,0.020000000000000018,3.675,0,9,200
1704,339752,156.22333346307278,0.025000000000000022,3.77,0,6,200
1705,339816,159.4816668331623,0.015000000000000013,3.625,0,6,200
1706,340800,165.86666697263718,0.0,3.4,0,3,200
1707,340800,155.66666573937982,0.025000000000000022,3.73,0,8,200
1708,340800,154.61499910708517,0.020000000000000018,3.885,0,8,200
1709,340888,147.9783335365355,0.05500000000000005,3.785,0,9,200
1710,340944,163.59499983489513,0.0050000000000000044,3.465,0,4,200
1711,341344,159.20000052824616,0.025000000000000022,3.39,0,6,200
1712,341352,161.170000359416,0.0050000000000000044,3.51,0,6,200
1713,341416,150.05333256721497,0.04500000000000004,3.86,0,9,200
1714,342400,158.521666765213,0.020000000000000018,3.355,0,8,200
1715,342400,157.49666678067297,0.010000000000000009,3.58,0,9,200
1716,342400,146.7716663647443,0.03500000000000003,4.015,0,13,200
1717,342488,153.90499948710203,0.03500000000000003,3.615,0,7,200
1718,342544,156.5733333826065,0.020000000000000018,3.47,0,11,200
1719,342944,158.57000010088086,0.0050000000000000044,3.66,0,8,200
1720,342952,158.02833296358585,0.015000000000000013,3.695,0,4,200
1721,343016,153.6383326984942,0.015000000000000013,3.845,0,12,200
1722,344000,148.07333351299167,0.05500000000000005,3.41,0,15,200
1723,344000,146.86333336308599,0.050000000000000044,3.71,0,13,200
1724,344000,157.20666680391878,0.025000000000000022,3.52,0,9,200
1725,344088,156.29333372041583,0.015000000000000013,3.44,0,11,200
1726,344144,153.60666600242257,0.025000000000000022,3.64,0,12,200
1727,344544,158.3866664469242,0.0050000000000000044,3.52,0,11,200
1728,344552,151.02499941643327,0.020000000000000018,4.125,0,10,200
1729,344616,152.4449992068112,0.020000000000000018,3.945,0,9,200
1730,345600,158.859999909997,0.015000000000000013,3.51,0,6,200
1731,345600,158.43499998375773,0.015000000000000013,3.405,0,8,200
1732,345600,159.1066673733294,0.020000000000000018,3.28,0,6,200
1733,345688,155.84999994933605,0.015000000000000013,3.81,0,9,200
1734,345744,156.2699991762638,0.020000000000000018,3.78,0,5,200
1735,346144,157.39499916136265,0.010000000000000009,3.885,0,5,200
1736,346152,156.48333384748548,0.010000000000000009,3.62,0,11,200
1737,346216,148.36166624724865,0.05500000000000005,3.835,0,7,200
1738,347200,156.4116669818759,0.015000000000000013,3.535,0,8,200
1739,347200,152.23833369091153,0.03500000000000003,3.545,0,11,200
1740,347200,158.57666726782918,0.015000000000000013,3.43,0,8,200
1741,347288,154.9183331616223,0.030000000000000027,3.605,0,6,200
1742,347344,153.95499913580716,0.025000000000000022,3.825,0,8,200
1743,347744,155.12333376705647,0.030000000000000027,3.71,0,6,200
1744,347752,151.74666710197926,0.015000000000000013,3.85,0,13,200
1745,347816,155.67500054091215,0.030000000000000027,3.345,0,8,200
1746,348800,153.39999993145466,0.015000000000000013,3.84,0,10,200
1747,348800,158.00500014424324,0.010000000000000009,3.885,0,5,200
1748,348800,153.71499913185835,0.03500000000000003,3.735,0,6,200
1749,348888,156.90499955415726,0.010000000000000009,3.855,0,8,200
1750,348944,159.0466669499874,0.010000000000000009,3.4,0,8,200
1751,349344,151.84333395957947,0.07499999999999996,3.44,0,2,200
1752,349352,149.80833356827497,0.06499999999999995,3.395,0,8,200
1753,349416,148.54833270981908,0.04500000000000004,3.815,0,9,200
1754,350400,150.72999938577414,0.05500000000000005,3.6,0,6,200
1755,350400,160.8416662849486,0.0,3.685,0,5,200
1756,350400,164.23833417892456,0.010000000000000009,3.275,0,4,200
1757,350488,149.4183332528919,0.03500000000000003,4.085,0,8,200
1758,350544,153.00000016763806,0.030000000000000027,3.75,0,9,200
1759,350944,156.14500030875206,0.03500000000000003,3.375,0,6,200
1760,350952,162.84500008821487,0.0,3.405,0,5,200
1761,351016,153.4766665957868,0.015000000000000013,3.94,0,9,200
1762,352000,153.67833407223225,0.03500000000000003,3.695,0,7,200
1763,352000,158.9449997395277,0.010000000000000009,3.705,0,6,200
1764,352000,157.8583333566785,0.010000000000000009,3.515,0,10,200
1765,352088,150.4199997894466,0.040000000000000036,3.9,0,7,200
1766,352144,155.2283329963684,0.020000000000000018,3.755,0,8,200
1767,352544,152.93666679318994,0.03500000000000003,3.79,0,7,200
1768,352552,159.8349997997284,0.0,3.555,0,10,200
1769,352616,149.66333348024637,0.030000000000000027,4.22,0,8,200
1770,353600,159.7550005801022,0.015000000000000013,3.405,0,7,200
1771,353600,148.693333029747,0.030000000000000027,4.16,0,11,200
1772,353600,159.7099997587502,0.010000000000000009,3.63,0,6,200
1773,353688,149.03499894589186,0.040000000000000036,3.945,0,8,200
1774,353744,152.1983328042552,0.020000000000000018,3.965,0,11,200
1775,354144,158.87333323713392,0.020000000000000018,3.5,0,7,200
1776,354152,161.21500000357628,0.015000000000000013,3.495,0,3,200
1777,354216,159.30999970808625,0.0050000000000000044,3.45,0,12,200
1778,355200,161.98833340406418,0.0,3.425,0,9,200
1779,355200,160.5800003707409,0.015000000000000013,3.45,0,6,200
1780,355200,162.21500054001808,0.0,3.345,0,9,200
1781,355288,158.02333264052868,0.010000000000000009,3.74,0,7,200
1782,355344,152.6999995112419,0.025000000000000022,3.84,0,10,200
1783,355744,153.3749993517995,0.020000000000000018,3.885,0,10,200
1784,355752,165.173333927989,0.0,3.53,0,2,200
1785,355816,161.6800002939999,0.010000000000000009,3.45,0,6,200
1786,356800,161.67500054836273,0.0,3.465,0,9,200
1787,356800,145.10333293676376,0.07999999999999996,3.56,0,10,200
1788,356800,161.83666668832302,0.010000000000000009,3.4,0,8,200
1789,356888,157.94833298027515,0.015000000000000013,3.755,0,6,200
1790,356944,154.36999985948205,0.040000000000000036,3.51,0,6,200
1791,357344,153.03166625276208,0.025000000000000022,3.865,0,9,200
1792,357352,157.51999869942665,0.020000000000000018,3.81,0,6,200
1793,357416,154.99666728358716,0.03500000000000003,3.34,0,8,200
1794,358400,160.5649997992441,0.0,3.435,0,11,200
1795,358400,160.0183330848813,0.010000000000000009,3.455,0,9,200
1796,358400,151.14833344519138,0.025000000000000022,3.725,0,15,200
1797,358488,151.8133334107697,0.050000000000000044,3.56,0,7,200
1798,358544,157.09666699171066,0.015000000000000013,3.79,0,7,200
1799,358944,160.76499918475747,0.0,3.615,0,8,200
1800,358952,151.31333270668983,0.025000000000000022,3.77,0,13,200
1801,359016,159.82500006631017,0.0,3.555,0,11,200
1802,360000,157.52166704833508,0.020000000000000018,3.685,0,7,200
1803,360000,152.91333290189505,0.025000000000000022,3.86,0,9,200
1804,360000,161.5366666764021,0.010000000000000009,3.34,0,8,200
1805,360088,150.52499936148524,0.030000000000000027,3.885,0,12,200
1806,360144,146.4499998278916,0.050000000000000044,3.93,0,11,200
1807,360544,158.08500058110803,0.025000000000000022,3.405,0,8,200
1808,360552,145.08333329856396,0.06000000000000005,3.89,0,11,200
1809,360616,154.92166647221893,0.010000000000000009,4.105,0,7,200
1810,361600,160.98333283141255,0.0050000000000000044,3.65,0,6,200
1811,361600,155.44166691973805,0.03500000000000003,3.475,0,8,200
1812,361600,158.43666766956449,0.015000000000000013,3.31,0,11,200
1813,361688,153.2533330321312,0.03500000000000003,3.83,0,8,200
1814,361744,154.01166696846485,0.030000000000000027,3.565,0,11,200
1815,362144,162.3583331629634,0.0050000000000000044,3.335,0,9,200
1816,362152,153.8333337008953,0.03500000000000003,3.77,0,5,200
1817,362216,154.52666743844748,0.025000000000000022,3.7,0,9,200
1818,363200,153.21999935805798,0.020000000000000018,4.14,0,6,200
1819,363200,154.6016659885645,0.010000000000000009,3.895,0,12,200
1820,363200,158.4583341954276,0.010000000000000009,3.785,0,7,200
1821,363288,159.19333405792713,0.025000000000000022,3.17,0,9,200
1822,363344,156.06666684523225,0.030000000000000027,3.52,0,7,200
1823,363744,157.90999969094992,0.015000000000000013,3.69,0,8,200
1824,363752,159.70166654884815,0.010000000000000009,3.805,0,3,200
1825,363816,151.35499939322472,0.03500000000000003,4.095,0,4,200
1826,364800,156.79000021517277,0.020000000000000018,3.78,0,7,200
1827,364800,148.16333355754614,0.050000000000000044,3.95,0,8,200
1828,364800,156.67833293229342,0.030000000000000027,3.515,0,6,200
1829,364888,158.388332888484,0.0050000000000000044,3.995,0,5,200
1830,364944,156.85999958962202,0.015000000000000013,3.63,0,8,200
1831,365344,155.1500001847744,0.020000000000000018,3.57,0,10,200
1832,365352,156.7633334249258,0.025000000000000022,3.56,0,6,200
1833,365416,154.59499952197075,0.030000000000000027,3.825,0,5,200
1834,366400,157.87999968603253,0.0,3.87,0,10,200
1835,366400,162.4966671615839,0.015000000000000013,3.43,0,4,200
1836,366400,151.74500043317676,0.025000000000000022,3.435,0,17,200
1837,366488,156.8283338714391,0.0,3.785,0,11,200
1838,366544,153.4733326137066,0.015000000000000013,3.83,0,13,200
1839,366944,156.9033324122429,0.0,3.98,0,10,200
1840,366952,156.45833376049995,0.010000000000000009,3.995,0,6,200
1841,367016,150.59166653826833,0.015000000000000013,4.255,0,9,200
1842,368000,158.5866668522358,0.0,3.55,0,11,200
1843,368000,155.54500021785498,0.0,3.735,0,14,200
1844,368000,153.08666675165296,0.020000000000000018,3.76,0,11,200
1845,368088,154.81333319097757,0.015000000000000013,3.98,0,8,200
1846,368144,156.83333356678486,0.025000000000000022,3.56,0,7,200
1847,368544,156.1200005710125,0.010000000000000009,3.57,0,13,200
1848,368552,158.4016658514738,0.0,4.015,0,7,200
1849,368616,156.42500050365925,0.020000000000000018,3.675,0,7,200
1850,369600,155.41333302855492,0.020000000000000018,3.86,0,7,200
1851,369600,155.56666666269302,0.020000000000000018,3.73,0,7,200
1852,369600,152.67500017397106,0.0050000000000000044,4.005,0,13,200
1853,369688,157.88166745379567,0.0,3.685,0,10,200
1854,369744,153.56500020623207,0.020000000000000018,3.795,0,10,200
1855,370144,157.75000021234155,0.010000000000000009,3.48,0,11,200
1856,370152,158.32666683197021,0.010000000000000009,3.31,0,12,200
1857,370216,151.88500009477139,0.025000000000000022,3.795,0,12,200
1858,371200,156.76333340629935,0.030000000000000027,3.2,0,10,200
1859,371200,161.19333285093307,0.010000000000000009,3.38,0,7,200
1860,371200,157.82833357155323,0.030000000000000027,3.485,0,5,200
1861,371288,158.73500019684434,0.010000000000000009,3.345,0,11,200
1862,371344,157.29000026360154,0.015000000000000013,3.39,0,12,200
1863,371744,151.45333324372768,0.050000000000000044,3.41,0,11,200
1864,371752,157.97000031918287,0.020000000000000018,3.51,0,7,200
1865,371816,155.27499940991402,0.020000000000000018,3.855,0,6,200
1866,372800,154.26333274599165,0.025000000000000022,3.65,0,11,200
1867,372800,160.86000073701143,0.025000000000000022,3.15,0,5,200
1868,372800,150.07333283498883,0.04500000000000004,3.59,0,11,200
1869,372888,156.4399994239211,0.025000000000000022,3.66,0,7,200
1870,372944,164.49666720628738,0.020000000000000018,3.1,0,3,200
1871,373344,153.50166776776314,0.04500000000000004,3.265,0,9,200
1872,373352,161.55000043287873,0.010000000000000009,3.18,0,12,200
1873,373416,161.97833282127976,0.0,3.575,0,7,200
1874,374400,158.78500017896295,0.010000000000000009,3.465,0,9,200
1875,374400,156.26333361119032,0.03500000000000003,3.17,0,10,200
1876,374400,145.37000050302595,0.06499999999999995,3.63,0,12,200
1877,374488,158.07499990984797,0.020000000000000018,3.375,0,8,200
1878,374544,161.56000054255128,0.010000000000000009,3.45,0,6,200
1879,374944,158.11499957740307,0.0050000000000000044,3.795,0,8,200
1880,374952,146.02666644752026,0.050000000000000044,3.67,0,14,200
1881,375016,157.07000014930964,0.020000000000000018,3.39,0,10,200
1882,376000,150.87666669022292,0.040000000000000036,3.82,0,7,200
1883,376000,158.516667149961,0.010000000000000009,3.37,0,10,200
1884,376000,150.0599999576807,0.030000000000000027,3.9,0,13,200
1885,376088,152.06000001356006,0.020000000000000018,4.08,0,8,200
1886,376144,142.99666652455926,0.06499999999999995,3.94,0,10,200
1887,376544,157.2466670796275,0.025000000000000022,3.46,0,7,200
1888,376552,162.5866663902998,0.015000000000000013,3.4,0,3,200
1889,376616,153.23000081256032,0.03500000000000003,3.54,0,8,200
1890,377600,152.77333306148648,0.030000000000000027,3.8,0,10,200
1891,377600,157.57166691496968,0.020000000000000018,3.595,0,7,200
1892,377600,154.93499971926212,0.0050000000000000044,3.975,0,11,200
1893,377688,155.14166647568345,0.025000000000000022,3.835,0,6,200
1894,377744,151.65333272889256,0.030000000000000027,3.83,0,9,200
1895,378144,152.7483325637877,0.025000000000000022,3.875,0,9,200
1896,378152,150.69666677713394,0.030000000000000027,4.03,0,11,200
1897,378216,152.26500041782856,0.05500000000000005,3.345,0,8,200
1898,379200,152.0050000101328,0.04500000000000004,3.465,0,11,200
1899,379200,157.85333331674337,0.015000000000000013,3.44,0,10,200
1900,379200,157.25166569650173,0.015000000000000013,3.745,0,8,200
1901,379288,159.57166699320078,0.0050000000000000044,3.445,0,10,200
1902,379344,153.14166641887277,0.010000000000000009,3.865,0,13,200
1903,379744,144.4233327358961,0.06499999999999995,3.5,0,15,200
1904,379752,155.46499952673912,0.010000000000000009,3.765,0,12,200
1905,379816,156.65666608512402,0.015000000000000013,3.67,0,9,200
1906,380800,153.50166626274586,0.025000000000000022,3.715,0,10,200
1907,380800,148.68166634067893,0.03500000000000003,3.655,0,17,200
1908,380800,156.69499895349145,0.010000000000000009,3.765,0,8,200
1909,380888,158.59833373874426,0.0050000000000000044,3.275,0,13,200
1910,380944,147.81166680902243,0.06000000000000005,3.535,0,11,200
1911,381344,157.19333328679204,0.020000000000000018,3.53,0,6,200
1912,381352,154.79499973729253,0.025000000000000022,3.615,0,9,200
1913,381416,158.35999950300902,0.0050000000000000044,3.75,0,8,200
1914,382400,151.17333257943392,0.025000000000000022,3.8,0,13,200
1915,382400,156.70833342149854,0.015000000000000013,3.665,0,10,200
1916,382400,148.68499897792935,0.030000000000000027,4.035,0,11,200
1917,382488,153.34666669368744,0.025000000000000022,3.76,0,9,200
1918,382544,156.91666638106108,0.015000000000000013,3.64,0,9,200
1919,382944,153.496665507555,0.030000000000000027,3.82,0,8,200
1920,382952,158.52500009071082,0.010000000000000009,3.765,0,5,200
1921,383016,159.60000018402934,0.0,3.96,0,6,200
1922,384000,161.3166667819023,0.010000000000000009,3.46,0,5,200
1923,384000,155.39999949745834,0.015000000000000013,3.72,0,10,200
1924,384000,156.99333238601685,0.020000000000000018,3.86,0,6,200
1925,384088,160.90833239257336,0.0050000000000000044,3.665,0,5,200
1926,384144,162.27833378314972,0.010000000000000009,3.305,0,6,200
1927,384544,150.81499937549233,0.030000000000000027,3.975,0,8,200
1928,384552,156.2916672974825,0.030000000000000027,3.355,0,9,200
1929,384616,161.37666615843773,0.0050000000000000044,3.55,0,4,200
1930,385600,156.75833337008953,0.030000000000000027,3.425,0,9,200
1931,385600,155.8483327627182,0.030000000000000027,3.665,0,4,200
1932,385600,163.83000029996037,0.010000000000000009,3.24,0,5,200
1933,385688,166.62166786193848,0.0,3.085,0,5,200
1934,385744,162.90666709840298,0.0050000000000000044,3.37,0,5,200
1935,386144,160.98999957740307,0.010000000000000009,3.6,0,5,200
1936,386152,159.18499975278974,0.020000000000000018,3.495,0,5,200
1937,386216,140.03999981936067,0.06499999999999995,3.84,0,17,200
1938,387200,154.55999998748302,0.03500000000000003,3.57,0,8,200
1939,387200,157.9899998754263,0.020000000000000018,3.57,0,7,200
1940,387200,155.6849995702505,0.010000000000000009,3.885,0,8,200
1941,387288,161.13833378255367,0.010000000000000009,3.365,0,7,200
1942,387344,154.9383343756199,0.050000000000000044,3.335,0,4,200
1943,387744,151.06000000610948,0.040000000000000036,3.54,0,11,200
1944,387752,152.89999994635582,0.030000000000000027,3.57,0,11,200
1945,387816,160.07500027120113,0.015000000000000013,3.285,0,11,200
1946,388800,157.13666648045182,0.010000000000000009,3.82,0,7,200
1947,388800,148.43333297595382,0.040000000000000036,3.83,0,12,200
1948,388800,150.35833260416985,0.03500000000000003,3.905,0,10,200
1949,388888,155.9400001615286,0.025000000000000022,3.81,0,6,200
1950,388944,149.65333293378353,0.04500000000000004,3.8,0,9,200
1951,389344,152.64666618034244,0.020000000000000018,3.88,0,10,200
1952,389352,158.31833308935165,0.015000000000000013,3.755,0,4,200
1953,389416,150.86666666343808,0.040000000000000036,3.67,0,10,200
1954,390400,151.874999307096,0.0050000000000000044,4.095,0,15,200
1955,390400,161.76499900221825,0.0050000000000000044,3.675,0,4,200
1956,390400,153.66666580270976,0.025000000000000022,3.82,0,8,200
1957,390488,158.01333324611187,0.010000000000000009,3.74,0,7,200
1958,390544,159.85833357926458,0.010000000000000009,3.545,0,7,200
1959,390944,154.99000012874603,0.03500000000000003,3.6,0,7,200
1960,390952,154.36166693642735,0.020000000000000018,3.505,0,12,200
1961,391016,163.50500024855137,0.0,3.315,0,8,200
1962,392000,154.37000036239624,0.03500000000000003,3.39,0,10,200
1963,392000,157.72833327855915,0.0,3.725,0,9,200
1964,392000,155.46833278238773,0.020000000000000018,3.815,0,9,200
1965,392088,151.69166620261967,0.010000000000000009,3.805,0,16,200
1966,392144,155.77333346009254,0.020000000000000018,3.5,0,11,200
1967,392544,157.94666668772697,0.010000000000000009,3.52,0,10,200
1968,392552,160.6766670383513,0.0050000000000000044,3.49,0,7,200
1969,392616,160.5716664455831,0.010000000000000009,3.475,0,7,200
1970,393600,151.87333334237337,0.03500000000000003,3.53,0,10,200
1971,393600,158.6350004784763,0.030000000000000027,3.225,0,6,200
1972,393600,164.65833386778831,0.0050000000000000044,3.185,0,7,200
1973,393688,157.7866672463715,0.030000000000000027,3.19,0,8,200
1974,393744,163.25000016763806,0.0,3.27,0,8,200
1975,394144,157.99833415448666,0.020000000000000018,3.215,0,10,200
1976,394152,144.71666625794023,0.07499999999999996,3.67,0,8,200
1977,394216,161.42000025510788,0.015000000000000013,3.3,0,6,200
1978,395200,152.68833335489035,0.050000000000000044,3.395,0,9,200
1979,395200,162.8350004553795,0.015000000000000013,3.225,0,4,200
1980,395200,160.3050002157688,0.020000000000000018,3.375,0,7,200
1981,395288,143.0683327615261,0.07499999999999996,3.785,0,10,200
1982,395344,151.11833201348782,0.03500000000000003,4.055,0,8,200
1983,395744,156.17999948561192,0.015000000000000013,3.66,0,11,200
1984,395752,151.90999966859818,0.05500000000000005,3.54,0,5,200
1985,395816,158.3266670703888,0.025000000000000022,3.52,0,4,200
1986,396800,151.12999987229705,0.040000000000000036,3.81,0,8,200
1987,396800,160.3483325690031,0.020000000000000018,3.545,0,3,200
1988,396800,147.9083328396082,0.06499999999999995,3.695,0,8,200
1989,396888,162.98333379626274,0.015000000000000013,3.14,0,6,200
1990,396944,151.32499907910824,0.040000000000000036,3.825,0,9,200
1991,397344,155.583332747221,0.03500000000000003,3.47,0,7,200
1992,397352,161.27833348885179,0.020000000000000018,3.275,0,6,200
1993,397416,150.89833261445165,0.03500000000000003,3.785,0,11,200
1994,398400,159.82166703045368,0.030000000000000027,3.145,0,7,200
1995,398400,148.80833403766155,0.050000000000000044,3.965,0,7,200
1996,398400,151.04833357781172,0.08999999999999997,3.185,0,2,200
1997,398488,154.6966658383608,0.04500000000000004,3.52,0,6,200
1998,398544,160.44333331286907,0.020000000000000018,3.44,0,6,200
1999,398944,160.10500000417233,0.030000000000000027,3.465,0,2,200
2000,398952,163.03999875858426,0.0,3.63,0,7,200
2001,399016,160.63333351910114,0.0050000000000000044,3.77,0,4,200
2002,400000,167.1566673219204,0.010000000000000009,3.1,0,2,200
2003,400000,159.27333357930183,0.025000000000000022,3.23,0,8,200
2004,400000,154.25166665762663,0.05500000000000005,3.385,0,5,200
