episode,timestep,reward,sla_violation,mean_replicas,crashes,flapping_incidents,length
0,72,-22.851666554808617,1.0,2.7777777777777777,1,2,9
1,88,-23.726666495203972,0.9090909090909091,4.7272727272727275,1,3,11
2,96,-23.023333072662354,0.9166666666666666,1.6666666666666667,1,4,12
3,176,-17.58000047877431,0.5,2.727272727272727,1,8,22
4,280,-30.286665924824774,0.8,5.085714285714285,1,13,35
5,320,-22.230000489391387,0.6071428571428572,5.357142857142857,1,11,28
6,392,-20.944999396800995,0.6666666666666667,5.666666666666667,1,2,9
7,640,-20.25333233270794,0.4225352112676056,7.042253521126761,1,28,71
8,808,-9.808333210647106,0.23809523809523814,3.0952380952380953,1,4,21
9,912,-8.111666314303875,0.523076923076923,4.076923076923077,1,10,65
10,920,-28.06000043451786,1.0,4.285714285714286,1,8,14
11,960,-29.16666678339243,0.7058823529411764,4.211764705882353,1,26,85
12,960,20.10333298612386,0.21666666666666667,5.783333333333333,1,35,120
13,1088,-27.073333263397217,0.9090909090909091,3.090909090909091,1,9,22
14,1200,-30.58333232998848,0.7428571428571429,4.685714285714286,1,17,35
15,1328,-22.37833248823881,0.6875,3.6875,1,6,16
16,1368,-20.53333270549774,1.0,1.6,1,0,5
17,1600,51.90499994345009,0.08999999999999997,9.555,0,71,200
18,1600,42.77333318628371,0.17500000000000004,8.9,0,64,200
19,1688,-20.62833383306861,0.8181818181818181,1.5454545454545454,1,2,11
20,1688,27.5500004356727,0.265,8.55,0,63,200
21,1744,-21.781665921211243,1.0,4.428571428571429,1,0,7
22,1776,31.558333633467555,0.19499999999999995,9.965,0,65,200
23,2048,-5.950000494718552,0.3157894736842105,3.1578947368421053,1,9,38
24,2152,-6.948333574458957,0.3458646616541353,7.345864661654136,1,45,133
25,2160,9.075000870972872,0.11111111111111116,7.96969696969697,1,36,99
26,2248,-25.074999883770943,1.0,3.25,1,4,12
27,2320,-43.613333186134696,0.6455696202531646,7.544303797468355,1,35,79
28,2560,49.53166680037975,0.10499999999999998,8.965,0,74,200
29,2560,69.82500034105033,0.040000000000000036,9.105,0,63,200
30,2664,-25.43500044941902,1.0,2.5384615384615383,1,5,13
31,3200,53.81500011496246,0.08499999999999996,9.375,0,67,200
32,3376,1.2750005051493645,0.4,7.215,0,80,200
33,3432,-22.666666977107525,0.59375,6.291666666666667,1,21,96
34,3648,47.573333960957825,0.21999999999999997,7.28,0,67,200
35,3760,28.741666845977306,0.22499999999999998,8.395,0,75,200
36,3848,54.721667002886534,0.15000000000000002,8.335,0,64,200
37,3920,73.95833370741457,0.050000000000000044,7.745,0,72,200
38,4160,54.84000033698976,0.14,8.07,0,66,200
39,4408,-25.313333734869957,0.7096774193548387,4.516129032258065,1,12,31
40,4576,-18.248332236893475,0.3780487804878049,8.329268292682928,1,29,82
41,4800,31.606667082756758,0.22999999999999998,8.29,0,74,200
42,4976,48.41833345592022,0.09999999999999998,9.065,0,76,200
43,5032,10.163333580829203,0.29000000000000004,8.63,0,85,200
44,5104,-33.02499936893582,0.8157894736842105,5.2894736842105265,1,15,38
45,5248,46.54666682612151,0.15000000000000002,8.11,0,78,200
46,5360,60.35333334840834,0.040000000000000036,9.98,0,69,200
47,5448,61.750000172294676,0.09999999999999998,7.89,0,70,200
48,6008,34.3583338689059,0.255,8.435,0,60,200
49,6176,51.633333654142916,0.09999999999999998,8.69,0,80,200
50,6576,56.52333359885961,0.07999999999999996,9.56,0,69,200
51,6632,73.80000044312328,0.015000000000000013,8.79,0,69,200
52,6704,48.64166724681854,0.07999999999999996,8.725,0,87,200
53,6848,51.08833338599652,0.12,9.485,0,64,200
54,6960,13.68000053614378,0.265,9.24,0,79,200
55,7048,44.435000248253345,0.12,9.435,0,71,200
56,7608,49.80166693404317,0.08499999999999996,8.785,0,83,200
57,7776,42.566666880622506,0.06999999999999995,10.09,0,84,200
58,8176,61.003333306871355,0.03500000000000003,9.38,0,75,200
59,8232,47.9433332933113,0.07499999999999996,10.01,0,74,200
60,8304,32.140000339597464,0.125,10.41,0,80,200
61,8448,58.056666939519346,0.08499999999999996,9.58,0,65,200
62,8560,67.05166611634195,0.020000000000000018,10.195,0,60,200
63,8648,49.736666607670486,0.05500000000000005,10.57,0,71,200
64,9208,41.05999980960041,0.08499999999999996,10.53,0,73,200
65,9376,56.73166695423424,0.05500000000000005,10.045,0,70,200
66,9776,52.973333263769746,0.06000000000000005,10.73,0,65,200
67,9832,68.19166663847864,0.015000000000000013,9.835,0,65,200
68,9904,57.55833348818123,0.040000000000000036,10.805,0,62,200
69,10048,51.7133331540972,0.030000000000000027,10.61,0,76,200
70,10160,64.7749998178333,0.010000000000000009,10.665,0,60,200
71,10248,53.981666058301926,0.03500000000000003,10.585,0,70,200
72,10808,54.44666667096317,0.015000000000000013,10.6,0,74,200
73,10976,57.691666290163994,0.06000000000000005,10.825,0,53,200
74,11376,30.87833298370242,0.21499999999999997,10.565,0,48,200
75,11432,43.92999963648617,0.135,10.56,0,55,200
76,11504,53.150000005960464,0.04500000000000004,10.44,0,70,200
77,11648,50.07499984558672,0.0050000000000000044,10.515,0,87,200
78,11760,57.75499970000237,0.050000000000000044,10.905,0,56,200
79,11848,67.43666628096253,0.0,10.63,0,61,200
80,12408,26.53666575998068,0.21999999999999997,10.81,0,51,200
81,12576,49.233332701958716,0.06499999999999995,11.09,0,61,200
82,12976,65.30166624579579,0.09499999999999997,10.165,0,41,200
83,13032,52.13999941572547,0.06000000000000005,10.77,0,64,200
84,13104,46.14833292737603,0.11499999999999999,10.895,0,49,200
85,13248,55.52999979816377,0.06000000000000005,10.74,0,58,200
86,13360,68.4683332471177,0.015000000000000013,10.355,0,56,200
87,13448,66.76333286706358,0.0050000000000000044,11.09,0,52,200
88,14008,71.55166587699205,0.0,11.245,0,44,200
89,14176,70.10833301115781,0.010000000000000009,11.135,0,46,200
90,14576,74.7049995129928,0.010000000000000009,11.085,0,38,200
91,14632,67.97333274409175,0.0,11.06,0,51,200
92,14704,72.58666649833322,0.0,10.75,0,51,200
93,14848,52.489999243058264,0.06999999999999995,11.07,0,51,200
94,14960,66.58333293162286,0.06000000000000005,10.43,0,45,200
95,15048,52.63999937660992,0.09999999999999998,11.22,0,42,200
96,15608,76.10833222419024,0.030000000000000027,11.165,0,28,200
97,15776,62.466665741056204,0.07499999999999996,11.41,0,31,200
98,16176,73.45666627120227,0.010000000000000009,11.05,0,42,200
99,16232,70.57166641391814,0.0,10.975,0,51,200
100,16304,78.2183324964717,0.010000000000000009,11.285,0,29,200
101,16448,73.97166591417044,0.015000000000000013,10.885,0,39,200
102,16560,82.09999927692115,0.0,10.95,0,34,200
103,16648,76.48833251651376,0.0050000000000000044,11.045,0,38,200
104,17208,65.92999881878495,0.040000000000000036,11.46,0,37,200
105,17376,72.3949991678819,0.015000000000000013,11.175,0,40,200
106,17776,56.40999875869602,0.08999999999999997,11.34,0,36,200
107,17832,39.96666568052024,0.18000000000000005,11.17,0,37,200
108,17904,74.22166558168828,0.015000000000000013,11.395,0,34,200
109,18048,75.43999888189137,0.025000000000000022,11.22,0,31,200
110,18160,60.46166550088674,0.09499999999999997,11.545,0,26,200
111,18248,53.95499885175377,0.10499999999999998,11.415,0,37,200
112,18808,76.31999897770584,0.0,11.49,0,35,200
113,18976,71.79333235695958,0.03500000000000003,11.21,0,34,200
114,19376,71.13833241630346,0.0050000000000000044,11.525,0,40,200
115,19432,64.55166571866721,0.06000000000000005,11.215,0,37,200
116,19504,72.53166565019637,0.015000000000000013,11.545,0,35,200
117,19648,52.816665694117546,0.10499999999999998,11.38,0,39,200
118,19760,72.45833196211606,0.04500000000000004,11.375,0,25,200
119,19848,54.51833196077496,0.14,11.585,0,21,200
120,20408,67.9183320729062,0.050000000000000044,11.585,0,31,200
121,20576,82.14833217673004,0.0050000000000000044,11.555,0,21,200
122,20976,81.14999891724437,0.040000000000000036,11.07,0,20,200
123,21032,52.01499861758202,0.15500000000000003,11.385,0,21,200
124,21104,79.5566656216979,0.015000000000000013,11.44,0,24,200
125,21248,83.69666597060859,0.0,11.11,0,30,200
126,21360,82.9066653046757,0.0,11.68,0,20,200
127,21448,67.63999884109944,0.07499999999999996,11.49,0,21,200
128,22008,81.22499888855964,0.0050000000000000044,11.385,0,23,200
129,22176,81.04166557267308,0.0,11.485,0,29,200
130,22576,79.64499884936959,0.010000000000000009,11.385,0,27,200
131,22632,88.18833175487816,0.0,11.585,0,11,200
132,22704,83.56166505813599,0.015000000000000013,11.695,0,13,200
133,22848,86.20333198923618,0.0050000000000000044,11.48,0,17,200
134,22960,75.13833185005933,0.04500000000000004,11.645,0,17,200
135,23048,88.30666527431458,0.0050000000000000044,11.53,0,11,200
136,23608,88.5116654438898,0.0,11.455,0,14,200
137,23776,83.60833192244172,0.0,11.675,0,20,200
138,24176,85.49833209160715,0.0,11.435,0,19,200
139,24232,61.02333226706833,0.13,11.0,0,23,200
140,24304,79.35166540928185,0.030000000000000027,11.455,0,18,200
141,24448,83.15666516963392,0.0,11.71,0,21,200
142,24560,70.61999839078635,0.06999999999999995,11.7,0,12,200
143,24648,85.22166511882097,0.020000000000000018,11.515,0,11,200
144,25208,74.10833210591227,0.040000000000000036,11.495,0,23,200
145,25376,68.72833186388016,0.07999999999999996,11.585,0,19,200
146,25776,78.63999846950173,0.040000000000000036,11.67,0,14,200
147,25832,83.82333192322403,0.015000000000000013,11.48,0,16,200
148,25904,84.69166523963213,0.0,11.635,0,19,200
149,26048,87.55166515987366,0.0,11.545,0,15,200
150,26160,64.63833184633404,0.09499999999999997,11.585,0,19,200
151,26248,76.6683319369331,0.05500000000000005,11.435,0,15,200
152,26808,91.94999830424786,0.0,11.58,0,4,200
153,26976,76.05666542239487,0.030000000000000027,11.41,0,25,200
154,27376,87.68166499398649,0.0,11.755,0,11,200
155,27432,59.769998425617814,0.15000000000000002,11.64,0,8,200
156,27504,84.40999844111502,0.010000000000000009,11.76,0,14,200
157,27648,88.46999857481569,0.0,11.55,0,13,200
158,27760,87.12499871663749,0.0050000000000000044,11.535,0,14,200
159,27848,89.17333197407424,0.0,11.42,0,14,200
160,28408,65.71666552033275,0.030000000000000027,11.62,0,37,200
161,28576,72.14333225879818,0.07499999999999996,11.51,0,16,200
162,28976,73.214998614043,0.06499999999999995,11.595,0,16,200
163,29032,87.4866653913632,0.0,11.56,0,18,200
164,29104,87.86333194654435,0.0,11.72,0,12,200
165,29248,85.77333198767155,0.0,11.36,0,20,200
166,29360,78.02833230234683,0.020000000000000018,11.315,0,26,200
167,29448,84.05833189282566,0.010000000000000009,11.675,0,15,200
168,30008,83.54333216138184,0.0050000000000000044,11.48,0,21,200
169,30176,78.51333194598556,0.03500000000000003,11.69,0,15,200
170,30576,87.82833189889789,0.0050000000000000044,11.495,0,13,200
171,30632,87.97333199158311,0.0050000000000000044,11.66,0,12,200
172,30704,84.95999877620488,0.0050000000000000044,11.64,0,16,200
173,30848,67.36333227716386,0.09999999999999998,11.39,0,19,200
174,30960,86.57666542287916,0.0050000000000000044,11.53,0,15,200
175,31048,75.86666559893638,0.050000000000000044,11.38,0,20,200
176,31608,88.404998825863,0.0,11.535,0,14,200
177,31776,83.576665956527,0.0,11.26,0,27,200
178,32176,86.57499906700104,0.0,11.295,0,20,200
179,32232,67.78166522830725,0.09499999999999997,11.605,0,14,200
180,32304,85.63499863259494,0.015000000000000013,11.535,0,12,200
181,32448,76.42666535358876,0.040000000000000036,11.47,0,18,200
182,32560,83.70666567515582,0.0,11.32,0,24,200
183,32648,64.94166552461684,0.08999999999999997,11.455,0,23,200
184,33208,84.32166583836079,0.0050000000000000044,11.215,0,25,200
185,33376,68.63999862782657,0.08999999999999997,11.55,0,18,200
186,33776,84.19999885186553,0.020000000000000018,11.64,0,13,200
187,33832,77.76666519138962,0.04500000000000004,11.65,0,13,200
188,33904,71.63333219010383,0.08499999999999996,11.42,0,15,200
189,34048,88.23333200439811,0.0,11.48,0,16,200
190,34160,87.894998697564,0.0,11.655,0,14,200
191,34248,77.98166557122022,0.03500000000000003,11.425,0,19,200
192,34808,88.57166526187211,0.0,11.755,0,11,200
193,34976,77.74499859847128,0.03500000000000003,11.595,0,18,200
194,35376,87.67333205137402,0.0,11.75,0,13,200
195,35432,84.36999859847128,0.025000000000000022,11.64,0,10,200
196,35504,81.62833201698959,0.050000000000000044,11.465,0,9,200
197,35648,87.4416650282219,0.0050000000000000044,11.785,0,9,200
198,35760,78.75499894283712,0.010000000000000009,11.595,0,24,200
199,35848,87.0933325169608,0.010000000000000009,11.21,0,20,200
200,36408,88.39166540000588,0.0,11.635,0,13,200
201,36576,74.6749984845519,0.06499999999999995,11.745,0,10,200
202,36976,86.93166530039161,0.0050000000000000044,11.695,0,11,200
203,37032,73.6149986712262,0.06999999999999995,11.625,0,12,200
204,37104,84.0016658352688,0.0050000000000000044,11.425,0,20,200
205,37248,87.00166544597596,0.0,11.515,0,15,200
206,37360,87.68166586011648,0.0,11.185,0,21,200
207,37448,79.92999900132418,0.0050000000000000044,11.46,0,27,200
208,38008,75.65999884810299,0.040000000000000036,11.04,0,28,200
209,38176,87.93999888561666,0.0,11.52,0,17,200
210,38576,85.72499878425151,0.010000000000000009,11.655,0,13,200
211,38632,79.97499891836196,0.04500000000000004,11.325,0,15,200
212,38704,85.28166562505066,0.030000000000000027,11.545,0,10,200
213,38848,90.34666546434164,0.0,11.44,0,13,200
214,38960,58.25499846972525,0.16500000000000004,11.655,0,6,200
215,39048,74.90333196520805,0.06499999999999995,11.18,0,17,200
216,39608,88.36666573863477,0.0,11.14,0,20,200
217,39776,82.86833249684423,0.04500000000000004,11.285,0,13,200
218,40176,70.6416655164212,0.08499999999999996,11.395,0,19,200
219,40232,86.61999883968383,0.020000000000000018,11.43,0,13,200
220,40304,83.91166543588042,0.020000000000000018,11.665,0,15,200
221,40448,61.00499870441854,0.15000000000000002,11.415,0,12,200
222,40560,76.13833200465888,0.08499999999999996,11.255,0,10,200
223,40648,66.8083320427686,0.10999999999999999,11.645,0,12,200
224,41208,83.28666541166604,0.03500000000000003,11.53,0,10,200
225,41376,91.72333216201514,0.0050000000000000044,11.24,0,11,200
226,41776,90.00333219952881,0.0050000000000000044,11.21,0,15,200
227,41832,84.4983323533088,0.020000000000000018,11.555,0,16,200
228,41904,80.5049991523847,0.015000000000000013,11.145,0,28,200
229,42048,69.16666581202298,0.10999999999999999,11.23,0,13,200
230,42160,70.22999905887991,0.08499999999999996,11.58,0,17,200
231,42248,79.50666551664472,0.04500000000000004,11.5,0,16,200
232,42808,68.18333213683218,0.125,11.3,0,11,200
233,42976,84.0083326054737,0.010000000000000009,11.195,0,21,200
234,43376,69.03499918337911,0.08499999999999996,11.325,0,19,200
235,43432,80.26499900780618,0.040000000000000036,11.415,0,18,200
236,43504,74.25666579883546,0.06999999999999995,11.35,0,15,200
237,43648,75.47833276726305,0.03500000000000003,10.985,0,29,200
238,43760,87.45833276305348,0.04500000000000004,10.475,0,16,200
239,43848,72.64333243109286,0.08499999999999996,11.3,0,15,200
240,44408,81.3733327742666,0.010000000000000009,11.09,0,27,200
241,44576,87.95499963592738,0.0,10.845,0,24,200
242,44976,92.39499971177429,0.0,10.095,0,28,200
243,45032,75.40499914996326,0.08999999999999997,10.965,0,13,200
244,45104,94.99999952781945,0.0,10.8,0,14,200
245,45248,82.8666664045304,0.0,10.75,0,32,200
246,45360,67.48666597343981,0.08499999999999996,10.87,0,27,200
247,45448,85.24833262804896,0.04500000000000004,10.985,0,13,200
248,46008,90.89999910909683,0.0,11.13,0,17,200
249,46176,87.83333247806877,0.0,11.27,0,18,200
250,46576,88.22499942127615,0.0050000000000000044,10.665,0,23,200
251,46632,71.06166545208544,0.09999999999999998,11.605,0,8,200
252,46704,62.76999861653894,0.15000000000000002,11.52,0,4,200
253,46848,81.02166592143476,0.0,10.735,0,34,200
254,46960,87.00333232432604,0.030000000000000027,11.24,0,10,200
255,47048,79.1149988071993,0.06499999999999995,11.415,0,8,200
256,47608,84.12666599079967,0.0,11.05,0,26,200
257,47776,83.27166556939483,0.03500000000000003,11.395,0,13,200
258,48176,85.19499903172255,0.015000000000000013,11.415,0,16,200
259,48232,77.18666551914066,0.07499999999999996,11.47,0,10,200
260,48304,78.7499990304932,0.03500000000000003,11.01,0,23,200
261,48448,78.97999979835004,0.06000000000000005,10.38,0,24,200
262,48560,77.6016656793654,0.06499999999999995,11.215,0,14,200
263,48648,88.53499907441437,0.015000000000000013,11.205,0,13,200
264,49208,77.65166599582881,0.07999999999999996,10.435,0,18,200
265,49376,83.026665690355,0.03500000000000003,11.47,0,12,200
266,49776,85.05999951157719,0.0,10.74,0,31,200
267,49832,87.20833234768361,0.010000000000000009,11.525,0,13,200
268,49904,83.26833255961537,0.040000000000000036,11.105,0,17,200
269,50048,91.12166570033878,0.0,11.305,0,13,200
270,50160,88.5149989798665,0.015000000000000013,11.325,0,10,200
271,50248,85.73499897867441,0.025000000000000022,11.445,0,12,200
272,50808,82.03166623041034,0.07499999999999996,10.675,0,13,200
273,50976,81.816666290164,0.020000000000000018,10.69,0,30,200
274,51376,87.20166606456041,0.03500000000000003,10.705,0,17,200
275,51432,87.3649991536513,0.020000000000000018,11.115,0,15,200
276,51504,86.3899990376085,0.0,11.49,0,19,200
277,51648,59.27166535425931,0.15000000000000002,11.305,0,13,200
278,51760,75.4049991806969,0.06999999999999995,11.475,0,15,200
279,51848,87.06499904673547,0.030000000000000027,11.055,0,14,200
280,52408,84.90666621550918,0.0050000000000000044,10.96,0,25,200
281,52576,78.29499918501824,0.05500000000000005,10.875,0,23,200
282,52976,80.65999951120466,0.050000000000000044,10.62,0,23,200
283,53032,89.30666573904455,0.0050000000000000044,11.23,0,17,200
284,53104,93.94833257514983,0.0050000000000000044,10.895,0,13,200
285,53248,89.06333332974464,0.025000000000000022,9.65,0,31,200
286,53360,96.394999563694,0.0,10.725,0,14,200
287,53448,67.64833302889019,0.10999999999999999,10.505,0,26,200
288,54008,91.89999892376363,0.0,11.43,0,11,200
289,54176,92.04333318211138,0.030000000000000027,9.8,0,24,200
290,54576,103.86166644189507,0.0050000000000000044,9.625,0,15,200
291,54632,77.80666568689048,0.09999999999999998,11.08,0,6,200
292,54704,89.69666607305408,0.030000000000000027,10.99,0,12,200
293,54848,79.75833237636834,0.05500000000000005,10.955,0,18,200
294,54960,84.2333320574835,0.050000000000000044,11.54,0,5,200
295,55048,90.63999927137047,0.0,11.16,0,18,200
296,55608,89.88333261571825,0.0,11.24,0,16,200
297,55776,55.424998917616904,0.18500000000000005,11.385,0,9,200
298,56176,87.86999933887273,0.0,11.49,0,16,200
299,56232,90.00999900978059,0.015000000000000013,11.25,0,13,200
300,56304,94.84833266120404,0.0,11.135,0,11,200
301,56448,78.21999914944172,0.08999999999999997,11.1,0,8,200
302,56560,93.72999927960336,0.0050000000000000044,10.95,0,14,200
303,56648,91.69666597340256,0.0,11.23,0,15,200
304,57208,91.04166570678353,0.0,11.635,0,10,200
305,57376,93.41666590888053,0.0,10.84,0,17,200
306,57776,93.27833274565637,0.015000000000000013,10.475,0,19,200
307,57832,91.51333269383758,0.03500000000000003,10.67,0,11,200
308,57904,74.84666556306183,0.09999999999999998,11.08,0,9,200
309,58048,94.30999961588532,0.020000000000000018,10.41,0,16,200
310,58160,83.90166579559445,0.040000000000000036,11.035,0,16,200
311,58248,92.46166619751602,0.0,10.645,0,22,200
312,58808,97.40000013168901,0.0050000000000000044,10.26,0,18,200
313,58976,89.72666611615568,0.04500000000000004,10.42,0,14,200
314,59376,81.62999928090721,0.07499999999999996,11.34,0,5,200
315,59432,83.17999883927405,0.030000000000000027,11.73,0,11,200
316,59504,89.72499937284738,0.010000000000000009,11.415,0,12,200
317,59648,102.90000003762543,0.0,9.18,0,25,200
318,59760,96.29999902285635,0.0,11.19,0,9,200
319,59848,92.17499982565641,0.030000000000000027,10.215,0,18,200
320,60408,90.58166647702456,0.04500000000000004,9.895,0,19,200
321,60576,97.21999948751181,0.03500000000000003,9.99,0,10,200
322,60976,64.66999936848879,0.17500000000000004,10.44,0,11,200
323,61032,82.50333249662071,0.07999999999999996,10.79,0,10,200
324,61104,96.08333299588412,0.0,10.61,0,16,200
325,61248,88.44499883055687,0.04500000000000004,11.235,0,4,200
326,61360,99.99666603375226,0.0050000000000000044,10.72,0,7,200
327,61448,85.90999946277589,0.06000000000000005,10.62,0,12,200
328,62008,95.83499952498823,0.030000000000000027,10.515,0,9,200
329,62176,103.31166639830917,0.0,10.315,0,9,200
330,62576,92.93166630435735,0.040000000000000036,10.015,0,15,200
331,62632,81.27999894414097,0.04500000000000004,11.73,0,10,200
332,62704,86.60999939218163,0.050000000000000044,11.04,0,10,200
333,62848,80.44666619412601,0.06999999999999995,11.05,0,12,200
334,62960,91.99499957449734,0.040000000000000036,10.305,0,16,200
335,63048,102.48166632372886,0.0050000000000000044,9.925,0,13,200
336,63608,100.08166694175452,0.0050000000000000044,10.015,0,17,200
337,63776,100.68666645232588,0.0,10.48,0,12,200
338,64176,98.47666660044342,0.025000000000000022,8.77,0,27,200
339,64232,104.74333296902478,0.025000000000000022,9.41,0,11,200
340,64304,113.82499992661178,0.0,9.015,0,11,200
341,64448,76.71833268646151,0.09999999999999998,11.105,0,9,200
342,64560,104.0783327985555,0.0,10.055,0,12,200
343,64648,99.2066661817953,0.040000000000000036,9.73,0,10,200
344,65040,54.791667411103845,0.09493670886075944,8.044303797468354,1,19,158
345,65208,96.69833304639906,0.08999999999999997,8.285,0,20,200
346,65776,102.71499953977764,0.010000000000000009,10.485,0,4,200
347,65832,85.07333260588348,0.07999999999999996,10.97,0,4,200
348,65904,91.15500020701438,0.04500000000000004,9.345,0,28,200
349,66048,87.72499941568822,0.025000000000000022,10.965,0,16,200
350,66160,89.67833300027996,0.04500000000000004,10.565,0,11,200
351,66248,90.77999908011407,0.07999999999999996,9.36,0,14,200
352,66640,101.27666634973139,0.030000000000000027,9.76,0,9,200
353,66808,96.50166640430689,0.04500000000000004,9.835,0,12,200
354,67376,103.44500019866973,0.0,9.885,0,15,200
355,67432,111.96166676003486,0.025000000000000022,8.305,0,14,200
356,67504,93.08999953325838,0.08499999999999996,9.6,0,9,200
357,67648,101.70000004582107,0.030000000000000027,9.78,0,11,200
358,67760,99.39166661631316,0.030000000000000027,9.625,0,15,200
359,67848,89.9749997202307,0.08499999999999996,9.345,0,18,200
360,68240,91.40499942656606,0.07499999999999996,9.165,0,20,200
361,68408,101.16833317093551,0.040000000000000036,9.755,0,7,200
362,68976,85.01666624564677,0.13,8.83,0,16,200
363,69032,104.41333368513733,0.020000000000000018,9.56,0,12,200
364,69104,83.80333335511386,0.09499999999999997,10.01,0,16,200
365,69248,108.21000026259571,0.010000000000000009,9.12,0,15,200
366,69360,117.01166672073305,0.010000000000000009,8.275,0,11,200
367,69448,71.86666607297957,0.11499999999999999,10.81,0,16,200
368,69840,98.38500005658716,0.07499999999999996,8.655,0,18,200
369,70008,102.64333322644234,0.0,10.37,0,11,200
370,70576,86.47333303280175,0.06499999999999995,10.7,0,10,200
371,70632,99.97666636388749,0.03500000000000003,9.7,0,14,200
372,70704,88.36999996099621,0.06499999999999995,9.93,0,16,200
373,70848,97.17666638735682,0.03500000000000003,9.82,0,15,200
374,70960,93.59499971009791,0.05500000000000005,10.395,0,7,200
375,71048,98.82499981392175,0.050000000000000044,9.555,0,11,200
376,71440,77.91999932844192,0.12,10.65,0,8,200
377,71608,103.56166663113981,0.010000000000000009,9.775,0,14,200
378,72176,97.51833321992308,0.040000000000000036,9.575,0,15,200
379,72232,85.85833277180791,0.06999999999999995,10.595,0,13,200
380,72304,100.13333350978792,0.07499999999999996,7.97,0,22,200
381,72448,98.18833303172141,0.06499999999999995,9.335,0,11,200
382,72560,88.76333343330771,0.09999999999999998,9.38,0,14,200
383,72648,97.93833340983838,0.07999999999999996,9.215,0,9,200
384,73040,108.12333344854414,0.015000000000000013,8.66,0,20,200
385,73208,99.53833342529833,0.050000000000000044,8.885,0,19,200
386,73776,100.11166658438742,0.07499999999999996,7.795,0,26,200
387,73832,111.31166711170226,0.025000000000000022,8.155,0,19,200
388,73904,53.27166565787047,0.21999999999999997,11.515,0,2,200
389,74048,106.01666707824916,0.020000000000000018,8.8,0,20,200
390,74160,110.89666669722646,0.025000000000000022,8.32,0,15,200
391,74248,116.44666748959571,0.030000000000000027,7.18,0,21,200
392,74640,88.90333319548517,0.06000000000000005,10.16,0,17,200
393,74808,113.07833375036716,0.030000000000000027,7.865,0,17,200
394,75376,86.79333314485848,0.09499999999999997,10.1,0,9,200
395,75432,106.28000018000603,0.010000000000000009,9.45,0,14,200
396,75504,97.86833375226706,0.05500000000000005,9.155,0,17,200
397,75648,103.46499984059483,0.030000000000000027,9.525,0,12,200
398,75760,93.30166737642139,0.14500000000000002,7.465,0,16,200
399,75848,91.35833342093974,0.09999999999999998,9.545,0,8,200
400,76240,90.34833296388388,0.06999999999999995,9.965,0,13,200
401,76408,98.06500027049333,0.06999999999999995,9.105,0,11,200
402,76976,101.41333355288953,0.07499999999999996,7.91,0,19,200
403,77032,95.76500004995614,0.08999999999999997,8.505,0,17,200
404,77104,107.158333058469,0.050000000000000044,8.045,0,18,200
405,77248,69.61999963223934,0.17500000000000004,9.78,0,13,200
406,77360,94.13999984413385,0.08499999999999996,8.55,0,22,200
407,77448,88.02333313319832,0.09999999999999998,9.59,0,11,200
408,77840,80.99500002339482,0.125,8.955,0,24,200
409,78008,111.88833357114345,0.025000000000000022,8.165,0,18,200
410,78576,98.74666679091752,0.11499999999999999,7.87,0,13,200
411,78632,100.45500028785318,0.05500000000000005,8.295,0,23,200
412,78704,98.98000058624893,0.10999999999999999,7.47,0,20,200
413,78848,93.53666689619422,0.07499999999999996,9.28,0,15,200
414,78960,85.5366663010791,0.07999999999999996,10.3,0,11,200
415,79048,100.6633335268125,0.06000000000000005,8.48,0,19,200
416,79440,66.59166593290865,0.17500000000000004,10.285,0,14,200
417,79608,90.72000018134713,0.135,7.62,0,23,200
418,80176,112.40000027604401,0.06000000000000005,7.29,0,17,200
419,80232,74.06166699901223,0.17000000000000004,9.085,0,18,200
420,80304,98.00833375006914,0.06000000000000005,8.675,0,23,200
421,80448,95.84500010032207,0.06000000000000005,8.745,0,24,200
422,80560,95.27166652027518,0.08499999999999996,8.875,0,15,200
423,80648,80.23833336681128,0.125,9.335,0,19,200
424,81040,95.07000014837831,0.08499999999999996,8.67,0,17,200
425,81208,112.4699998376891,0.020000000000000018,7.71,0,24,200
426,81776,111.20166664849967,0.0,8.455,0,24,200
427,81832,90.99166659731418,0.11499999999999999,8.395,0,19,200
428,81904,86.30666606407613,0.06999999999999995,10.63,0,10,200
429,82048,97.5600002584979,0.12,7.59,0,18,200
430,82160,111.49333353154361,0.0,8.36,0,24,200
431,82248,99.45833371765912,0.050000000000000044,8.195,0,29,200
432,82640,96.01999973226339,0.030000000000000027,9.87,0,20,200
433,82808,105.94166691787541,0.010000000000000009,8.695,0,26,200
434,83376,73.16166643705219,0.13,10.345,0,16,200
435,83432,87.90333294589072,0.08499999999999996,9.86,0,13,200
436,83504,87.32166664581746,0.09499999999999997,9.205,0,18,200
437,83648,84.98499990813434,0.16500000000000004,7.995,0,17,200
438,83760,103.14000011887401,0.040000000000000036,8.91,0,15,200
439,83848,68.1466663563624,0.16500000000000004,10.12,0,12,200
440,84240,111.35666701570153,0.0050000000000000044,8.26,0,22,200
441,84408,88.71666639391333,0.08999999999999997,9.37,0,18,200
442,84976,106.23833351302892,0.03500000000000003,8.075,0,25,200
443,85032,94.60333291254938,0.050000000000000044,9.86,0,13,200
444,85104,89.47166621685028,0.06999999999999995,9.505,0,20,200
445,85248,92.89166685193777,0.09499999999999997,8.545,0,19,200
446,85360,91.6999995065853,0.06000000000000005,9.93,0,14,200
447,85448,87.54833284858614,0.09499999999999997,9.305,0,16,200
448,85840,86.1199997998774,0.09999999999999998,9.06,0,23,200
449,86008,96.53999991342425,0.06999999999999995,9.33,0,12,200
450,86576,94.06999972648919,0.040000000000000036,10.14,0,16,200
451,86632,85.1983328955248,0.07499999999999996,9.995,0,17,200
452,86704,99.6800001077354,0.05500000000000005,8.82,0,18,200
453,86848,97.39666687976569,0.030000000000000027,9.82,0,17,200
454,86960,100.98666654527187,0.07499999999999996,8.32,0,16,200
455,87048,107.56833319365978,0.025000000000000022,8.105,0,23,200
456,87440,115.02999987546355,0.020000000000000018,8.1,0,15,200
457,87608,102.7583333933726,0.07499999999999996,8.615,0,8,200
458,88176,74.88166590873152,0.13,10.375,0,11,200
459,88232,105.90833368059248,0.025000000000000022,8.645,0,22,200
460,88304,96.81333308015019,0.06499999999999995,9.11,0,14,200
461,88448,90.33000025339425,0.07999999999999996,9.42,0,17,200
462,88560,90.2383330957964,0.06499999999999995,9.935,0,15,200
463,88648,78.07833298388869,0.11499999999999999,10.085,0,15,200
464,89040,99.55833299271762,0.050000000000000044,9.005,0,18,200
465,89208,97.38166667427868,0.03500000000000003,9.865,0,14,200
466,89776,82.7766664903611,0.09999999999999998,9.61,0,20,200
467,89832,93.05833275429904,0.050000000000000044,9.785,0,16,200
468,89904,101.43833377677947,0.06000000000000005,8.225,0,21,200
469,90048,93.60500029474497,0.05500000000000005,9.555,0,19,200
470,90160,82.13166631106287,0.08999999999999997,9.835,0,21,200
471,90248,95.25333358999342,0.040000000000000036,9.38,0,23,200
472,90640,97.01666647661477,0.07999999999999996,8.8,0,14,200
473,90808,90.90666648186743,0.06999999999999995,9.25,0,19,200
474,91376,95.02833276242018,0.03500000000000003,9.905,0,15,200
475,91432,86.14333309233189,0.07999999999999996,9.23,0,25,200
476,91504,76.9349998505786,0.10499999999999998,10.005,0,22,200
477,91648,92.98166648764163,0.10499999999999998,8.635,0,14,200
478,91760,98.80500003229827,0.06000000000000005,9.015,0,16,200
479,91848,108.96333355549723,0.010000000000000009,8.96,0,16,200
480,92240,90.06166645791382,0.03500000000000003,9.925,0,24,200
481,92408,97.18833330553025,0.05500000000000005,9.455,0,13,200
482,92976,84.70833309367299,0.08999999999999997,9.605,0,20,200
483,93032,88.62499941978604,0.07999999999999996,9.765,0,13,200
484,93104,91.82833328749985,0.040000000000000036,9.335,0,30,200
485,93248,94.63166652433574,0.07999999999999996,8.365,0,22,200
486,93360,103.73999992292374,0.025000000000000022,8.94,0,20,200
487,93448,100.39000006113201,0.04500000000000004,9.3,0,12,200
488,93840,99.17999968957156,0.07499999999999996,8.58,0,16,200
489,94008,100.22000008262694,0.06999999999999995,7.98,0,26,200
490,94576,114.03333391435444,0.0050000000000000044,8.21,0,19,200
491,94632,87.75000031106174,0.135,8.52,0,16,200
492,94704,98.31166644115001,0.020000000000000018,10.165,0,14,200
493,94848,106.09333311393857,0.06499999999999995,8.0,0,16,200
494,94960,94.20833403524011,0.07999999999999996,8.735,0,21,200
495,95048,94.34166649729013,0.030000000000000027,10.135,0,18,200
496,95440,93.94833316002041,0.06999999999999995,8.915,0,19,200
497,95608,88.32000007480383,0.10499999999999998,8.91,0,18,200
498,96176,82.6650001918897,0.135,9.075,0,16,200
499,96232,112.75166702829301,0.040000000000000036,7.615,0,19,200
500,96304,74.42499962635338,0.10999999999999999,10.785,0,14,200
501,96448,102.19999984931201,0.040000000000000036,9.03,0,15,200
502,96560,111.98166701663285,0.015000000000000013,8.215,0,21,200
503,96648,71.84833296854049,0.17000000000000004,9.335,0,20,200
504,97040,83.07166688796133,0.10999999999999999,9.475,0,17,200
505,97208,95.23500016983598,0.09499999999999997,8.865,0,13,200
506,97776,110.12166687566787,0.030000000000000027,8.365,0,17,200
507,97832,98.95999964699149,0.05500000000000005,9.21,0,12,200
508,97904,106.58500025141984,0.050000000000000044,8.535,0,14,200
509,98048,88.53666655812413,0.07499999999999996,9.91,0,14,200
510,98160,111.64499997533858,0.06000000000000005,7.845,0,12,200
511,98248,87.83666679915041,0.08999999999999997,9.25,0,21,200
512,98640,100.34166655037552,0.06000000000000005,8.935,0,14,200
513,98808,95.5550002604723,0.030000000000000027,9.885,0,20,200
514,99376,99.91666684485972,0.05500000000000005,8.83,0,18,200
515,99432,108.67666685022414,0.030000000000000027,8.47,0,18,200
516,99504,105.62500023189932,0.07499999999999996,7.695,0,17,200
517,99648,95.37999982014298,0.07999999999999996,8.76,0,18,200
518,99760,97.41166706942022,0.08999999999999997,8.275,0,19,200
519,99848,107.2433333741501,0.040000000000000036,8.96,0,10,200
520,100240,100.09833293408155,0.020000000000000018,9.695,0,18,200
521,100408,104.71833328343928,0.010000000000000009,9.125,0,23,200
522,100976,107.44333354569972,0.040000000000000036,8.51,0,16,200
523,101032,102.49166662897915,0.05500000000000005,8.425,0,20,200
524,101104,93.12500010430813,0.06000000000000005,9.735,0,16,200
525,101248,79.5066661350429,0.09999999999999998,10.27,0,14,200
526,101360,94.26666667778045,0.10499999999999998,8.62,0,14,200
527,101448,117.2250003516674,0.06000000000000005,7.125,0,13,200
528,101840,81.95999974478036,0.15500000000000003,8.82,0,15,200
529,102008,84.52333260606974,0.07999999999999996,10.22,0,17,200
530,102576,113.94166668318212,0.03500000000000003,7.615,0,19,200
531,102632,98.9283331586048,0.03500000000000003,9.515,0,17,200
532,102704,103.19000019598752,0.07499999999999996,8.1,0,18,200
533,102848,98.09333305153996,0.06000000000000005,9.14,0,16,200
534,102960,74.11833342257887,0.17000000000000004,9.305,0,17,200
535,103048,96.3950006198138,0.05500000000000005,8.955,0,24,200
536,103440,106.2116668233648,0.020000000000000018,8.695,0,23,200
537,103608,118.72666699625552,0.03500000000000003,7.06,0,20,200
538,104176,98.00666695088148,0.015000000000000013,9.64,0,23,200
539,104232,80.13666685670614,0.10499999999999998,9.52,0,26,200
540,104304,77.06333302613348,0.16000000000000003,9.14,0,17,200
541,104448,91.20000019390136,0.10499999999999998,8.37,0,23,200
542,104560,105.17166712135077,0.05500000000000005,8.335,0,18,200
543,104648,88.98833343107253,0.09999999999999998,9.335,0,14,200
544,105040,70.22166648413986,0.15000000000000002,9.595,0,24,200
545,105208,103.8866671146825,0.05500000000000005,8.47,0,17,200
546,105776,93.33999974094331,0.06000000000000005,9.81,0,13,200
547,105832,102.63333357684314,0.09999999999999998,7.79,0,14,200
548,105904,102.77666672877967,0.04500000000000004,8.44,0,24,200
549,106048,101.04999996908009,0.05500000000000005,8.91,0,15,200
550,106160,89.65333312377334,0.10999999999999999,9.11,0,12,200
551,106248,92.57833338808268,0.10499999999999998,8.585,0,17,200
552,106640,66.76333288569003,0.16500000000000004,10.22,0,16,200
553,106808,114.41000060271472,0.03500000000000003,7.77,0,17,200
554,107376,87.05499967280775,0.09999999999999998,9.105,0,21,200
555,107432,90.22833294793963,0.06999999999999995,8.975,0,26,200
556,107504,113.87833340652287,0.0,8.435,0,22,200
557,107648,107.10000034049153,0.010000000000000009,8.61,0,26,200
558,107760,110.03333343099803,0.0050000000000000044,8.99,0,15,200
559,107848,101.87666652072221,0.06999999999999995,8.56,0,14,200
560,108240,112.95500025618821,0.030000000000000027,7.905,0,19,200
561,108408,94.22333344537765,0.06000000000000005,9.65,0,16,200
562,108976,96.20833331812173,0.040000000000000036,9.275,0,23,200
563,109032,92.05500060599297,0.09999999999999998,8.685,0,19,200
564,109104,102.6683335127309,0.07499999999999996,8.255,0,15,200
565,109248,89.57333328295499,0.10499999999999998,8.81,0,19,200
566,109360,95.40499995741993,0.06999999999999995,8.955,0,20,200
567,109448,76.40666615124792,0.18000000000000005,9.4,0,6,200
568,109840,110.54500003997236,0.030000000000000027,8.475,0,15,200
569,110008,102.07000005990267,0.030000000000000027,8.94,0,22,200
570,110576,101.99000020045787,0.04500000000000004,8.88,0,19,200
571,110632,96.19833328854293,0.07499999999999996,8.705,0,19,200
572,110704,108.19000037480146,0.040000000000000036,7.98,0,22,200
573,110848,91.4600001545623,0.06499999999999995,9.12,0,28,200
574,110960,95.80333354882896,0.050000000000000044,8.96,0,24,200
575,111048,83.91833332646638,0.07499999999999996,9.755,0,26,200
576,111440,82.18499965127558,0.07999999999999996,10.125,0,23,200
577,111608,112.88166686147451,0.06499999999999995,6.865,0,21,200
578,112176,82.76166686881334,0.14500000000000002,8.695,0,19,200
579,112232,93.73333307914436,0.09999999999999998,8.72,0,16,200
580,112304,104.30666731018573,0.05500000000000005,8.05,0,23,200
581,112448,105.33333363197744,0.040000000000000036,8.15,0,23,200
582,112560,90.19833323918283,0.11499999999999999,8.525,0,20,200
583,112648,67.88499968033284,0.16500000000000004,9.915,0,19,200
584,113040,87.80500026326627,0.050000000000000044,9.525,0,32,200
585,113208,110.97666758857667,0.03500000000000003,8.02,0,20,200
586,113776,75.76333381980658,0.15500000000000003,8.75,0,27,200
587,113832,93.83166706375778,0.125,8.155,0,15,200
588,113904,102.4166666297242,0.025000000000000022,8.95,0,24,200
589,114048,91.4966671904549,0.07999999999999996,8.89,0,22,200
590,114160,91.35833331383765,0.07499999999999996,9.245,0,20,200
591,114248,92.20666672755033,0.11499999999999999,8.44,0,18,200
592,114640,115.41666642855853,0.05500000000000005,7.6,0,12,200
593,114808,81.45833294186741,0.135,9.725,0,10,200
594,115376,107.07000000495464,0.06000000000000005,8.07,0,15,200
595,115432,99.06666665803641,0.020000000000000018,9.37,0,26,200
596,115504,117.96000033523887,0.0,7.8,0,21,200
597,115576,-12.134999424219131,0.36,6.36,1,2,25
598,115648,89.24333357159048,0.09499999999999997,9.26,0,16,200
599,115760,84.63000011164695,0.15000000000000002,8.28,0,21,200
600,115848,122.04833354521543,0.050000000000000044,6.635,0,15,200
601,116240,80.32333359401673,0.11499999999999999,9.71,0,19,200
602,116408,103.28333349060267,0.05500000000000005,8.03,0,27,200
603,117032,84.75666636787355,0.12,9.28,0,15,200
604,117104,115.65333355497569,0.025000000000000022,7.43,0,25,200
605,117176,91.55999935604632,0.05500000000000005,10.5,0,10,200
606,117248,83.51333307474852,0.07499999999999996,10.16,0,21,200
607,117360,111.85333323851228,0.025000000000000022,7.79,0,26,200
608,117448,70.87499963585287,0.14500000000000002,9.945,0,20,200
609,117840,87.5550003265962,0.07499999999999996,9.255,0,26,200
610,118008,81.99166693538427,0.14500000000000002,8.965,0,17,200
611,118632,81.64000018779188,0.14500000000000002,8.97,0,17,200
612,118704,101.90833331644535,0.025000000000000022,9.245,0,19,200
613,118776,109.32333344873041,0.010000000000000009,8.51,0,25,200
614,118848,89.64500028360635,0.07999999999999996,9.315,0,22,200
615,118960,106.95500029716641,0.040000000000000036,8.205,0,20,200
616,119048,71.59499981068075,0.14500000000000002,10.005,0,17,200
617,119440,94.53499972447753,0.05500000000000005,9.675,0,18,200
618,119608,107.25166695658118,0.050000000000000044,8.395,0,14,200
619,120232,93.24833349417895,0.06000000000000005,9.515,0,18,200
620,120304,101.42833339609206,0.03500000000000003,9.125,0,18,200
621,120376,102.49166680686176,0.06000000000000005,8.455,0,17,200
622,120448,96.59499960020185,0.030000000000000027,10.005,0,16,200
623,120560,102.03333302494138,0.05500000000000005,8.63,0,19,200
624,120648,109.72666675597429,0.010000000000000009,8.71,0,19,200
625,121040,96.62500005308539,0.040000000000000036,9.825,0,15,200
626,121208,88.51833341177553,0.09499999999999997,8.735,0,25,200
627,121832,102.78833339363337,0.04500000000000004,8.855,0,18,200
628,121904,67.11166629847139,0.15500000000000003,10.405,0,16,200
629,121976,105.61999997030944,0.030000000000000027,8.61,0,21,200
630,122048,61.03666658978909,0.19499999999999995,10.33,0,14,200
631,122160,62.756666413508356,0.18500000000000005,10.3,0,16,200
632,122248,109.940000240691,0.015000000000000013,8.49,0,21,200
633,122640,90.96666669193655,0.135,8.17,0,17,200
634,122808,102.4633332611993,0.050000000000000044,8.96,0,14,200
635,123432,106.31833329703659,0.050000000000000044,8.045,0,21,200
636,123504,78.75666586775333,0.14500000000000002,9.52,0,12,200
637,123576,115.01999994181097,0.015000000000000013,7.59,0,23,200
638,123648,81.60833311919123,0.12,9.425,0,18,200
639,123760,94.58166725002229,0.11499999999999999,7.825,0,22,200
640,123848,110.80166678223759,0.040000000000000036,8.065,0,17,200
641,124240,117.36333366017789,0.050000000000000044,7.16,0,17,200
642,124408,107.87500006705523,0.020000000000000018,8.775,0,18,200
643,125032,112.33000036142766,0.050000000000000044,7.47,0,20,200
644,125104,88.6783332824707,0.125,8.825,0,14,200
645,125176,94.96999986004084,0.05500000000000005,9.39,0,20,200
646,125248,93.53666647616774,0.04500000000000004,9.52,0,23,200
647,125360,96.33333352860063,0.03500000000000003,9.53,0,20,200
648,125448,91.0800001071766,0.10999999999999999,8.67,0,18,200
649,125840,103.67666660714895,0.040000000000000036,8.77,0,19,200
650,126008,68.54833300225437,0.14500000000000002,9.965,0,24,200
651,126632,97.47666665818542,0.08499999999999996,8.62,0,15,200
652,126704,110.04833382088691,0.06000000000000005,7.715,0,17,200
653,126776,109.92833370808512,0.010000000000000009,9.005,0,16,200
654,126848,64.52499952167273,0.16500000000000004,10.215,0,20,200
655,126960,112.00499989371747,0.050000000000000044,8.085,0,9,200
656,127048,90.8483334518969,0.06999999999999995,9.485,0,19,200
657,127440,103.03666696418077,0.03500000000000003,8.32,0,28,200
658,127608,102.66499938257039,0.040000000000000036,8.565,0,21,200
659,128232,90.14666668046266,0.09999999999999998,8.95,0,19,200
660,128304,101.76666705776006,0.08499999999999996,8.29,0,14,200
661,128376,83.6916668266058,0.125,8.995,0,20,200
662,128448,95.46666701417416,0.125,7.93,0,15,200
663,128560,104.26333360001445,0.050000000000000044,8.3,0,20,200
664,128648,93.39833361003548,0.07999999999999996,9.185,0,15,200
665,129040,96.70333355665207,0.06499999999999995,9.14,0,16,200
666,129208,97.52333344332874,0.06499999999999995,9.2,0,12,200
667,129832,108.81833353172988,0.03500000000000003,8.015,0,22,200
668,129904,98.42666641250253,0.08499999999999996,8.56,0,13,200
669,129976,92.46166644711047,0.125,8.305,0,13,200
670,130048,97.49666676670313,0.05500000000000005,9.1,0,19,200
671,130160,103.18166692461818,0.06000000000000005,8.425,0,17,200
672,130248,111.66000050958246,0.040000000000000036,7.95,0,15,200
673,130640,108.59333359915763,0.05500000000000005,8.42,0,12,200
674,130808,82.07666607573628,0.14,9.07,0,16,200
675,131432,78.8416667226702,0.14500000000000002,8.785,0,23,200
676,131504,112.54833359085023,0.020000000000000018,8.225,0,20,200
677,131576,91.06833347771317,0.08999999999999997,9.125,0,17,200
678,131648,104.62833384703845,0.10999999999999999,7.295,0,13,200
679,131760,87.40666658990085,0.08999999999999997,9.4,0,17,200
680,131848,87.20333349332213,0.135,8.6,0,15,200
681,132240,71.97999995574355,0.15500000000000003,9.42,0,22,200
682,132408,107.96333328355104,0.025000000000000022,8.69,0,15,200
683,133032,89.70500032324344,0.11499999999999999,8.475,0,21,200
684,133104,101.62999995052814,0.04500000000000004,8.85,0,18,200
685,133176,108.37333355657756,0.06000000000000005,8.03,0,13,200
686,133248,110.29999991506338,0.030000000000000027,8.22,0,18,200
687,133360,115.95166700799018,0.030000000000000027,7.885,0,13,200
688,133448,108.14666680898517,0.010000000000000009,8.83,0,19,200
689,133840,94.45833319518715,0.11499999999999999,8.465,0,13,200
690,134008,62.79333282914013,0.18500000000000005,10.43,0,12,200
691,134632,98.28333298768848,0.07999999999999996,8.72,0,14,200
692,134704,88.88000008184463,0.08999999999999997,9.48,0,15,200
693,134776,81.55000017955899,0.14,8.79,0,19,200
694,134848,92.61166671011597,0.12,8.125,0,20,200
695,134960,92.80500041693449,0.08499999999999996,8.835,0,20,200
696,135048,92.04833348467946,0.10999999999999999,8.555,0,17,200
697,135440,102.73999997507781,0.050000000000000044,8.55,0,21,200
698,135608,89.86333376355469,0.14,7.97,0,19,200
699,136232,118.05333313997835,0.020000000000000018,8.39,0,7,200
700,136304,94.89666692819446,0.11499999999999999,8.35,0,12,200
701,136376,105.57499952428043,0.040000000000000036,9.135,0,11,200
702,136448,83.68999976385385,0.17000000000000004,8.67,0,9,200
703,136560,61.041666061617434,0.21999999999999997,9.925,0,10,200
704,136648,101.61166702397168,0.06999999999999995,8.335,0,18,200
705,137040,107.216666797176,0.05500000000000005,8.41,0,13,200
706,137208,69.18166611716151,0.17000000000000004,10.195,0,11,200
707,137832,99.89000013284385,0.06499999999999995,8.79,0,16,200
708,137904,97.93166725058109,0.07499999999999996,8.365,0,23,200
709,137976,95.65499997511506,0.10499999999999998,8.535,0,15,200
710,138048,110.05166663788259,0.025000000000000022,8.395,0,18,200
711,138160,100.40166701748967,0.06499999999999995,8.455,0,19,200
712,138248,119.92999981250614,0.06000000000000005,6.78,0,13,200
713,138640,67.52999966777861,0.17000000000000004,10.05,0,17,200
714,138808,97.25500004086643,0.07999999999999996,8.895,0,15,200
715,139432,80.68499970901757,0.20999999999999996,7.995,0,10,200
716,139504,66.32833302859217,0.20999999999999996,9.425,0,15,200
717,139576,106.00833325646818,0.06499999999999995,8.375,0,12,200
718,139648,120.97666676528752,0.015000000000000013,7.96,0,10,200
719,139760,88.54666675906628,0.09999999999999998,9.55,0,13,200
720,139848,104.09999994840473,0.040000000000000036,8.73,0,19,200
721,140240,89.99499986413866,0.10499999999999998,8.895,0,18,200
722,140408,105.53500020690262,0.06999999999999995,8.145,0,14,200
723,141032,102.6850003246218,0.06999999999999995,8.085,0,20,200
724,141104,119.25166721455753,0.040000000000000036,7.315,0,15,200
725,141176,79.03999991714954,0.15500000000000003,9.06,0,15,200
726,141248,90.29999992344528,0.14500000000000002,8.07,0,15,200
727,141360,115.59000018052757,0.03500000000000003,8.13,0,8,200
728,141448,95.3683331348002,0.08499999999999996,9.095,0,12,200
729,141840,95.50000037066638,0.09999999999999998,8.79,0,11,200
730,142008,74.52499977033585,0.17000000000000004,9.645,0,10,200
731,142632,96.03666679188609,0.125,8.11,0,12,200
732,142704,82.34666667692363,0.12,9.52,0,17,200
733,142776,83.46499988343567,0.10999999999999999,9.345,0,21,200
734,142848,113.989999987185,0.06499999999999995,7.02,0,18,200
735,142960,123.14833342190832,0.0050000000000000044,7.715,0,13,200
736,143048,103.07333352044225,0.06000000000000005,8.72,0,14,200
737,143440,82.9516666624695,0.18000000000000005,8.245,0,14,200
738,143608,91.94333315920085,0.11499999999999999,8.81,0,12,200
739,144232,88.56000036280602,0.16000000000000003,7.74,0,18,200
740,144304,97.19166646338999,0.14,7.555,0,14,200
741,144376,90.44166616071016,0.13,8.485,0,12,200
742,144448,107.51833331119269,0.08499999999999996,7.535,0,15,200
743,144560,115.24500036519021,0.07499999999999996,6.945,0,14,200
744,144648,106.64833370316774,0.10499999999999998,7.205,0,14,200
745,145040,88.67500016279519,0.10499999999999998,8.925,0,19,200
746,145208,109.3100004075095,0.07999999999999996,7.71,0,12,200
747,145832,111.84666696283966,0.03500000000000003,8.29,0,13,200
748,145904,87.82833377365023,0.21499999999999997,6.965,0,13,200
749,145976,96.90166717674583,0.17000000000000004,7.105,0,9,200
750,146048,104.19166679214686,0.06999999999999995,8.605,0,11,200
751,146160,95.69666708726436,0.125,7.96,0,14,200
752,146248,94.11499978415668,0.10499999999999998,8.895,0,12,200
753,146640,88.06333332601935,0.18500000000000005,7.82,0,9,200
754,146808,101.21666653361171,0.10999999999999999,7.96,0,10,200
755,147432,66.87833359092474,0.22999999999999998,8.735,0,16,200
756,147504,123.70333398133516,0.030000000000000027,6.98,0,14,200
757,147576,90.2516662767157,0.12,8.575,0,16,200
758,147648,107.696667146869,0.06999999999999995,7.96,0,13,200
759,147760,104.43166681844741,0.050000000000000044,8.935,0,11,200
760,147848,110.38333320431411,0.06499999999999995,7.79,0,15,200
761,148240,97.78333324380219,0.135,7.61,0,12,200
762,148408,102.32999981101602,0.11499999999999999,7.65,0,12,200
763,149032,93.49000022094697,0.17500000000000004,7.35,0,11,200
764,149104,119.70333318319172,0.06499999999999995,7.19,0,7,200
765,149176,79.09166684933007,0.16000000000000003,9.475,0,9,200
766,149248,84.45666668470949,0.15500000000000003,8.89,0,11,200
767,149360,100.48166697006673,0.12,7.705,0,13,200
768,149448,109.401666931808,0.14,6.625,0,7,200
769,149840,71.12666640244424,0.255,8.14,0,9,200
770,150008,107.98166696820408,0.10999999999999999,7.045,0,12,200
771,150288,57.99500124529004,0.09999999999999998,6.253846153846154,1,5,130
772,150632,77.65166671108454,0.18500000000000005,8.995,0,10,200
773,150704,91.70166679657996,0.11499999999999999,8.905,0,11,200
774,150776,83.54000022355467,0.18000000000000005,8.34,0,12,200
775,150960,88.88666677102447,0.16500000000000004,8.14,0,11,200
776,151048,107.0316670006141,0.17000000000000004,5.725,0,14,200
777,151440,55.44833309575915,0.30500000000000005,8.645,0,11,200
778,151608,79.62166702095419,0.21999999999999997,7.825,0,13,200
779,151888,89.53999965079129,0.125,9.15,0,8,200
780,152232,106.14166669826955,0.06999999999999995,8.065,0,14,200
781,152304,89.66166658792645,0.125,8.785,0,14,200
782,152376,83.18833304848522,0.16500000000000004,8.825,0,11,200
783,152560,79.72499996237457,0.18000000000000005,8.745,0,11,200
784,152648,85.82500027585775,0.19999999999999996,7.395,0,14,200
785,153040,90.5766667984426,0.16000000000000003,7.84,0,13,200
786,153208,104.86500014085323,0.06999999999999995,8.325,0,13,200
787,153488,79.82333278283477,0.18500000000000005,8.72,0,8,200
788,153832,94.66166680399328,0.06499999999999995,9.445,0,16,200
789,153904,105.99666697345674,0.09999999999999998,7.6,0,12,200
790,153976,106.61000018380582,0.05500000000000005,8.4,0,14,200
791,154160,113.00333357136697,0.020000000000000018,8.39,0,15,200
792,154248,117.76000040397048,0.06499999999999995,7.32,0,8,200
793,154640,104.0600000154227,0.09499999999999997,7.89,0,12,200
794,154808,116.46666662674397,0.10999999999999999,6.4,0,6,200
795,155088,119.50833369698375,0.050000000000000044,7.295,0,10,200
796,155432,71.5616664569825,0.17500000000000004,9.625,0,15,200
797,155504,92.99666694458574,0.135,8.02,0,15,200
798,155576,71.25666625238955,0.18000000000000005,9.31,0,18,200
799,155760,108.48166671209037,0.08499999999999996,7.465,0,13,200
800,155848,70.44166627991945,0.14500000000000002,10.315,0,15,200
801,156240,91.80333314556628,0.125,8.42,0,13,200
802,156408,104.61833369638771,0.15500000000000003,6.335,0,12,200
803,156688,109.80666672252119,0.09999999999999998,7.33,0,10,200
804,157032,122.48166682012379,0.040000000000000036,6.985,0,12,200
805,157104,60.228333346545696,0.265,9.065,0,11,200
806,157176,59.53499939478934,0.21999999999999997,10.125,0,10,200
807,157360,110.6333331828937,0.05500000000000005,7.94,0,14,200
808,157448,86.33500007074326,0.14500000000000002,8.265,0,17,200
809,157840,109.41999978013337,0.09499999999999997,7.38,0,11,200
810,158008,98.77833352517337,0.09999999999999998,8.375,0,10,200
811,158288,88.89666668139398,0.11499999999999999,8.77,0,17,200
812,158632,105.31166691612452,0.07999999999999996,7.885,0,14,200
813,158704,89.2166667431593,0.09499999999999997,9.37,0,15,200
814,158776,94.50666701979935,0.09499999999999997,8.83,0,14,200
815,158960,107.0349997235462,0.07999999999999996,7.785,0,12,200
816,159048,96.95833371765912,0.09999999999999998,8.285,0,17,200
817,159440,110.35666670184582,0.07499999999999996,7.21,0,18,200
818,159608,114.7033335743472,0.040000000000000036,8.06,0,10,200
819,159888,99.9450000198558,0.07999999999999996,8.835,0,10,200
820,160232,87.29666654486209,0.16500000000000004,8.29,0,12,200
821,160304,71.68666663207114,0.18999999999999995,9.58,0,9,200
822,160376,102.7799999024719,0.08999999999999997,8.19,0,12,200
823,160560,99.34166683536023,0.12,7.885,0,12,200
824,160648,74.26333323214203,0.135,10.07,0,18,200
825,161040,123.17333346605301,0.09999999999999998,5.66,0,10,200
826,161208,105.74333396088332,0.09499999999999997,7.67,0,13,200
827,161488,82.56833365932107,0.18000000000000005,8.285,0,13,200
828,161832,107.68833335209638,0.06999999999999995,8.285,0,9,200
829,161904,74.15666706394404,0.17000000000000004,9.28,0,18,200
830,161976,89.00166682060808,0.10999999999999999,8.755,0,20,200
831,162160,109.24500034470111,0.06000000000000005,8.175,0,11,200
832,162248,109.1116670994088,0.10999999999999999,6.865,0,12,200
833,162640,110.77499987743795,0.10999999999999999,6.915,0,8,200
834,162808,107.55833344627172,0.03500000000000003,8.495,0,15,200
835,163088,110.66166645847261,0.07999999999999996,7.525,0,12,200
836,163432,62.28333343099803,0.22999999999999998,9.5,0,11,200
837,163504,109.64833377953619,0.09999999999999998,6.875,0,14,200
838,163576,86.3249999312684,0.10499999999999998,9.495,0,16,200
839,163760,107.86666674073786,0.09999999999999998,7.21,0,14,200
840,163848,91.2533335890621,0.16000000000000003,8.06,0,10,200
841,164240,119.97500000428408,0.050000000000000044,6.765,0,16,200
842,164408,79.58500005397946,0.18999999999999995,8.685,0,10,200
843,164688,84.93833288177848,0.14,8.915,0,14,200
844,165032,96.2699998728931,0.050000000000000044,9.12,0,21,200
845,165104,90.62666687369347,0.135,8.56,0,12,200
846,165176,106.83166699111462,0.06000000000000005,8.335,0,13,200
847,165360,97.66999970562756,0.14,7.53,0,13,200
848,165448,113.23333324678242,0.025000000000000022,8.33,0,15,200
849,165840,86.70833326224238,0.15500000000000003,8.555,0,11,200
850,166008,98.75499995611608,0.06000000000000005,9.255,0,14,200
851,166288,88.49000005610287,0.16000000000000003,8.22,0,12,200
852,166632,102.71499973814934,0.06999999999999995,8.625,0,13,200
853,166704,105.82333355210721,0.030000000000000027,8.78,0,19,200
854,166776,81.43000029399991,0.15500000000000003,8.61,0,17,200
855,166960,111.16000014450401,0.04500000000000004,7.98,0,15,200
856,167048,80.75000003445894,0.16000000000000003,8.76,0,17,200
857,167440,118.28500054683536,0.03500000000000003,7.305,0,16,200
858,167608,80.63833352830261,0.18000000000000005,8.405,0,15,200
859,167888,97.04333316534758,0.08999999999999997,8.6,0,15,200
860,168232,107.7466668440029,0.07499999999999996,7.54,0,18,200
861,168304,82.31000016722828,0.17500000000000004,8.31,0,14,200
862,168376,115.69500034395605,0.03500000000000003,7.845,0,14,200
863,168560,73.07833302207291,0.21999999999999997,8.765,0,7,200
864,168648,115.5483333664015,0.05500000000000005,7.025,0,17,200
865,169040,113.15833328478038,0.040000000000000036,8.195,0,11,200
866,169208,82.00999970920384,0.15000000000000002,9.06,0,14,200
867,169488,121.02166713401675,0.020000000000000018,7.885,0,11,200
868,169832,93.65999984554946,0.16500000000000004,7.38,0,13,200
869,169904,84.87499984353781,0.12,9.345,0,15,200
870,169976,103.61333365179598,0.12,7.37,0,13,200
871,170160,100.26333326939493,0.06000000000000005,8.9,0,17,200
872,170248,123.8383331084624,0.030000000000000027,7.085,0,13,200
873,170640,72.72666651755571,0.17500000000000004,9.28,0,15,200
874,170808,99.83000040333718,0.06499999999999995,8.73,0,18,200
875,171088,100.42166619654745,0.09999999999999998,7.735,0,17,200
876,171432,79.48000005353242,0.135,9.54,0,16,200
877,171504,115.18333346303552,0.025000000000000022,7.88,0,17,200
878,171576,68.5516663659364,0.21999999999999997,9.235,0,10,200
879,171760,90.0716665647924,0.10999999999999999,8.875,0,16,200
880,171848,81.36999981943518,0.15000000000000002,9.18,0,14,200
881,172240,79.65499983169138,0.13,9.225,0,23,200
882,172408,90.87166740279645,0.10999999999999999,8.635,0,19,200
883,172688,89.93999944161624,0.13,8.91,0,10,200
884,173032,92.29166661761701,0.10499999999999998,9.235,0,8,200
885,173104,114.54000004101545,0.050000000000000044,7.14,0,20,200
886,173176,109.01999994274229,0.050000000000000044,7.62,0,23,200
887,173360,94.77833370771259,0.06999999999999995,9.305,0,16,200
888,173448,109.76833289582282,0.06999999999999995,7.805,0,12,200
889,173840,106.80333359446377,0.04500000000000004,8.39,0,18,200
890,174008,92.49833325017244,0.125,8.315,0,16,200
891,174288,94.48000001069158,0.11499999999999999,8.25,0,15,200
892,174632,103.49666645098478,0.05500000000000005,8.47,0,18,200
893,174704,100.90000031981617,0.14500000000000002,7.11,0,12,200
894,174776,101.24833357613534,0.11499999999999999,7.595,0,15,200
895,174960,85.57333294022828,0.10499999999999998,9.92,0,9,200
896,175048,91.20833314675838,0.09999999999999998,8.855,0,19,200
897,175440,107.58666702639312,0.09499999999999997,7.63,0,10,200
898,175608,107.37999999709427,0.07999999999999996,7.86,0,12,200
899,175888,101.96666700579226,0.09499999999999997,8.11,0,13,200
900,176232,85.89333367161453,0.19499999999999995,7.4,0,15,200
901,176304,106.72000008262694,0.08499999999999996,7.68,0,15,200
902,176376,92.62000045180321,0.125,8.55,0,12,200
903,176560,97.68833325523883,0.08999999999999997,8.495,0,16,200
904,176648,73.33833321277052,0.21999999999999997,8.525,0,13,200
905,177040,97.75666717253625,0.135,7.66,0,13,200
906,177208,112.00333314016461,0.050000000000000044,8.0,0,12,200
907,177488,113.17499997559935,0.050000000000000044,7.455,0,17,200
908,177832,111.82499991450459,0.04500000000000004,7.725,0,16,200
909,177904,110.84666709601879,0.06999999999999995,7.09,0,21,200
910,177976,113.0350003587082,0.06999999999999995,7.155,0,13,200
911,178160,105.67666689492762,0.040000000000000036,8.32,0,21,200
912,178248,131.03833378385752,0.03500000000000003,6.395,0,8,200
913,178640,78.93333384487778,0.20499999999999996,7.94,0,16,200
914,178808,88.37833354342729,0.15000000000000002,8.465,0,13,200
915,179088,94.88333361037076,0.10999999999999999,8.36,0,15,200
916,179432,123.57333359122276,0.03500000000000003,7.4,0,7,200
917,179504,89.1249998677522,0.125,8.835,0,12,200
918,179576,77.12833351828158,0.20999999999999996,7.865,0,16,200
919,179760,96.93833350297064,0.09499999999999997,8.225,0,19,200
920,179848,109.66333393380046,0.08499999999999996,7.25,0,16,200
921,180240,86.2383331945166,0.11499999999999999,9.155,0,17,200
922,180408,102.26833354867995,0.06999999999999995,8.195,0,19,200
923,180688,116.02833328209817,0.03500000000000003,7.715,0,17,200
924,181032,87.53666665684432,0.10999999999999999,9.25,0,15,200
925,181104,92.9683335153386,0.12,8.615,0,11,200
926,181176,96.38666647672653,0.07499999999999996,8.8,0,19,200
927,181360,117.19000017177314,0.04500000000000004,7.44,0,13,200
928,181448,106.58166674245149,0.05500000000000005,8.215,0,16,200
929,181840,96.54666708223522,0.08499999999999996,8.65,0,18,200
930,182008,102.47833338938653,0.09999999999999998,7.655,0,18,200
931,182288,115.23833304829895,0.050000000000000044,7.385,0,17,200
932,182632,91.3600000757724,0.14500000000000002,8.19,0,12,200
933,182704,120.43666679318994,0.03500000000000003,7.3,0,15,200
934,182776,114.99166733864695,0.04500000000000004,7.975,0,10,200
935,182960,110.59333318285644,0.09499999999999997,6.71,0,17,200
936,183048,107.53500008676201,0.025000000000000022,9.075,0,12,200
937,183440,118.17666712682694,0.015000000000000013,8.32,0,10,200
938,183608,107.55666680075228,0.09999999999999998,7.18,0,15,200
939,183888,128.93166683614254,0.025000000000000022,6.445,0,14,200
940,184232,78.89833308942616,0.13,8.885,0,26,200
941,184304,92.66500014998019,0.10499999999999998,9.015,0,11,200
942,184376,94.09833387937397,0.14500000000000002,7.655,0,14,200
943,184560,111.10166679136455,0.07499999999999996,7.465,0,14,200
944,184648,62.72999953106046,0.20499999999999996,9.54,0,19,200
945,185040,108.263333610259,0.040000000000000036,8.57,0,14,200
946,185208,94.16000031586736,0.10499999999999998,8.28,0,19,200
947,185488,72.86333355307579,0.19499999999999995,8.54,0,22,200
948,185632,36.83833326026797,0.13008130081300817,8.105691056910569,1,10,123
949,185832,95.54500034824014,0.08499999999999996,8.235,0,24,200
950,185904,96.20499998517334,0.06999999999999995,9.195,0,15,200
951,185976,82.96833320520818,0.17000000000000004,8.765,0,9,200
952,186160,85.40499980561435,0.15000000000000002,8.205,0,19,200
953,186640,86.27500031981617,0.13,8.625,0,18,200
954,186808,110.87166753597558,0.040000000000000036,7.915,0,20,200
955,187088,122.52500000502914,0.03500000000000003,6.885,0,15,200
956,187232,109.60166669171304,0.07499999999999996,7.465,0,15,200
957,187432,102.23333347775042,0.09499999999999997,7.46,0,20,200
958,187504,70.2016662536189,0.15500000000000003,9.835,0,18,200
959,187576,122.48500059451908,0.025000000000000022,6.855,0,20,200
960,187760,103.62500008195639,0.08499999999999996,7.755,0,18,200
961,188240,117.14499991480261,0.020000000000000018,7.905,0,16,200
962,188408,105.25833388417959,0.06499999999999995,8.075,0,16,200
963,188688,102.64666665159166,0.10499999999999998,7.6,0,14,200
964,188832,112.7500006146729,0.09499999999999997,6.57,0,16,200
965,189032,91.11666624806821,0.050000000000000044,9.91,0,18,200
966,189104,98.15333333611488,0.03500000000000003,8.87,0,28,200
967,189176,112.48166693933308,0.04500000000000004,7.615,0,19,200
968,189360,117.45666695293039,0.07499999999999996,6.4,0,18,200
969,189840,110.29000017791986,0.040000000000000036,7.89,0,19,200
970,190008,122.15333344601095,0.015000000000000013,7.1,0,18,200
971,190288,67.55000010505319,0.17000000000000004,9.72,0,22,200
972,190432,112.32833332754672,0.030000000000000027,8.105,0,17,200
973,190632,111.0400000018999,0.06000000000000005,7.68,0,15,200
974,190704,105.42166662309319,0.04500000000000004,8.965,0,10,200
975,190776,119.60500010009855,0.010000000000000009,7.665,0,17,200
976,190960,97.22333308123052,0.125,7.73,0,16,200
977,191440,99.68333332519978,0.09499999999999997,8.06,0,16,200
978,191608,94.40500048268586,0.12,8.115,0,17,200
979,191888,95.18333336431533,0.09999999999999998,8.33,0,17,200
980,192032,95.43833328131586,0.10499999999999998,8.765,0,10,200
981,192232,125.92166657373309,0.0050000000000000044,7.075,0,15,200
982,192304,93.6233329763636,0.05500000000000005,9.44,0,18,200
983,192376,101.6883339388296,0.10999999999999999,7.565,0,14,200
984,192560,102.46666672173887,0.050000000000000044,8.38,0,23,200
985,193040,121.07500041928142,0.05500000000000005,6.225,0,20,200
986,193208,98.23333335947245,0.09499999999999997,8.54,0,12,200
987,193488,83.79833337385207,0.10999999999999999,9.335,0,18,200
988,193632,86.60333320591599,0.14500000000000002,8.54,0,13,200
989,193832,104.54833340831101,0.10999999999999999,7.475,0,10,200
990,193904,67.9783327607438,0.21499999999999997,8.945,0,17,200
991,193976,90.47000007051975,0.12,8.4,0,19,200
992,194160,109.24166722875088,0.040000000000000036,8.275,0,17,200
993,194640,105.0949999243021,0.040000000000000036,8.655,0,16,200
994,194808,90.03000033833086,0.09499999999999997,8.61,0,24,200
995,195088,107.82833307050169,0.07499999999999996,8.045,0,10,200
996,195232,117.12666683085263,0.020000000000000018,7.72,0,17,200
997,195432,105.730000696145,0.07499999999999996,7.89,0,15,200
998,195504,108.20500012300909,0.025000000000000022,8.775,0,15,200
999,195576,96.81500013917685,0.09999999999999998,8.055,0,17,200
1000,195760,94.86166622769088,0.06499999999999995,9.385,0,14,200
1001,196240,113.31166698690504,0.025000000000000022,8.245,0,15,200
1002,196408,93.86833353992552,0.11499999999999999,8.135,0,18,200
1003,196688,111.25666672270745,0.04500000000000004,8.08,0,14,200
1004,196832,106.30166690610349,0.07999999999999996,7.705,0,15,200
1005,197032,124.64333372097462,0.06000000000000005,6.32,0,12,200
1006,197104,97.60499988310039,0.08999999999999997,8.835,0,11,200
1007,197176,70.94333306141198,0.19499999999999995,9.26,0,13,200
1008,197360,109.35833324026316,0.07499999999999996,7.715,0,13,200
1009,197840,80.13333337567747,0.18500000000000005,8.63,0,9,200
1010,198008,106.0033339317888,0.050000000000000044,8.12,0,22,200
1011,198288,94.48333358112723,0.06999999999999995,8.78,0,22,200
1012,198432,107.8050004215911,0.04500000000000004,8.355,0,16,200
1013,198632,107.20666712336242,0.020000000000000018,8.95,0,15,200
1014,198704,81.43333298154175,0.16500000000000004,8.78,0,13,200
1015,198776,113.19000044092536,0.040000000000000036,8.07,0,11,200
1016,198960,100.20000000018626,0.07499999999999996,8.4,0,15,200
1017,199440,113.21000017412007,0.03500000000000003,8.34,0,11,200
1018,199608,106.48333280254155,0.040000000000000036,8.87,0,12,200
1019,199888,95.68166676629335,0.050000000000000044,9.175,0,22,200
1020,200032,104.45500022172928,0.04500000000000004,8.805,0,16,200
1021,200232,116.13000060152262,0.015000000000000013,8.46,0,10,200
1022,200304,106.65499990805984,0.010000000000000009,9.285,0,16,200
1023,200376,94.66333340015262,0.09499999999999997,8.39,0,20,200
1024,200560,108.8350003156811,0.05500000000000005,8.325,0,9,200
1025,201040,75.63333337102085,0.18500000000000005,9.08,0,11,200
1026,201208,109.71666693873703,0.050000000000000044,8.38,0,10,200
1027,201488,88.3633330911398,0.07999999999999996,10.01,0,13,200
1028,201632,118.62333387415856,0.030000000000000027,7.94,0,9,200
1029,201832,112.381666819565,0.030000000000000027,8.095,0,18,200
1030,201904,111.77500027883798,0.04500000000000004,7.845,0,16,200
1031,201976,108.85166706983,0.040000000000000036,8.815,0,9,200
1032,202160,117.05666690971702,0.015000000000000013,7.81,0,18,200
1033,202640,87.09000018518418,0.09999999999999998,9.12,0,20,200
1034,202808,94.65999993588775,0.10499999999999998,8.01,0,20,200
1035,203088,78.93833318911493,0.15500000000000003,9.155,0,14,200
1036,203232,116.48500033002347,0.015000000000000013,8.265,0,14,200
1037,203432,104.97166713420302,0.030000000000000027,8.965,0,17,200
1038,203504,104.25000036414713,0.09499999999999997,7.92,0,11,200
1039,203576,95.24500015657395,0.06000000000000005,8.955,0,23,200
1040,203760,70.71499974001199,0.21499999999999997,8.685,0,13,200
1041,204240,126.38500002399087,0.025000000000000022,7.035,0,11,200
1042,204408,107.5266669569537,0.08999999999999997,7.63,0,12,200
1043,204688,116.4366673734039,0.06499999999999995,7.18,0,14,200
1044,204832,116.34500063210726,0.06000000000000005,7.185,0,14,200
1045,205032,85.89833366405219,0.11499999999999999,9.095,0,17,200
1046,205104,84.70500015839934,0.13,9.165,0,13,200
1047,205176,82.82000004407018,0.14500000000000002,8.7,0,18,200
1048,205360,92.40500051155686,0.06999999999999995,9.045,0,23,200
1049,205840,117.34833361301571,0.04500000000000004,7.445,0,12,200
1050,206008,127.33666697051376,0.0,7.45,0,10,200
1051,206288,108.76666701957583,0.06999999999999995,7.72,0,15,200
1052,206432,103.14666687790304,0.030000000000000027,9.25,0,17,200
1053,206632,108.14166669268161,0.05500000000000005,8.365,0,13,200
1054,206704,109.81333344522864,0.04500000000000004,8.18,0,15,200
1055,206776,105.67166671343148,0.07999999999999996,7.825,0,15,200
1056,206960,86.86499983631074,0.135,8.805,0,14,200
1057,207440,101.61833317112178,0.09999999999999998,7.685,0,16,200
1058,207608,90.73166712094098,0.11499999999999999,8.785,0,15,200
1059,207888,79.10166672896594,0.17000000000000004,9.055,0,13,200
1060,208032,117.45000079553574,0.050000000000000044,7.23,0,14,200
1061,208232,89.81833328679204,0.14,8.255,0,16,200
1062,208304,106.9800004446879,0.040000000000000036,8.61,0,16,200
1063,208376,129.08500004559755,0.05500000000000005,5.745,0,15,200
1064,208560,121.43166745267808,0.06999999999999995,6.415,0,12,200
1065,209040,103.828333908692,0.08999999999999997,7.955,0,12,200
1066,209208,90.87666628602892,0.13,8.5,0,12,200
1067,209488,115.14000004250556,0.050000000000000044,7.53,0,15,200
1068,209632,104.1900001494214,0.08499999999999996,8.04,0,14,200
1069,209832,124.79166656639427,0.010000000000000009,7.765,0,8,200
1070,209904,102.62333348486573,0.07999999999999996,8.21,0,15,200
1071,209976,102.36833370942622,0.050000000000000044,9.155,0,11,200
1072,210160,101.90500010363758,0.15500000000000003,6.435,0,15,200
1073,210640,80.67166676558554,0.20999999999999996,7.765,0,13,200
1074,210808,109.84833361767232,0.06999999999999995,7.445,0,16,200
1075,211088,94.44833349995315,0.125,8.195,0,13,200
1076,211232,106.47833360545337,0.10999999999999999,6.725,0,20,200
1077,211432,112.88166736625135,0.08499999999999996,7.075,0,11,200
1078,211504,93.66666655056179,0.135,7.81,0,17,200
1079,211576,88.64333329349756,0.10499999999999998,9.17,0,15,200
1080,211760,64.90333355683833,0.26,8.39,0,14,200
1081,212240,130.2650003656745,0.025000000000000022,6.435,0,12,200
1082,212408,101.2583331996575,0.14,7.265,0,11,200
1083,212688,124.42666684277356,0.03500000000000003,6.88,0,13,200
1084,212832,120.4599998947233,0.03500000000000003,7.02,0,16,200
1085,213032,126.80499989446253,0.040000000000000036,6.345,0,14,200
1086,213104,75.28166645206511,0.17000000000000004,9.355,0,15,200
1087,213176,99.34833374805748,0.11499999999999999,7.865,0,13,200
1088,213360,136.31999951973557,0.030000000000000027,5.94,0,10,200
1089,213840,138.7333339676261,0.06000000000000005,5.03,0,8,200
1090,214008,98.41833338979632,0.09999999999999998,8.435,0,13,200
1091,214288,111.16166667640209,0.040000000000000036,8.215,0,16,200
1092,214432,76.02666673436761,0.18999999999999995,8.92,0,13,200
1093,214632,77.93166660983115,0.19999999999999996,8.335,0,14,200
1094,214704,75.90166652202606,0.15500000000000003,9.475,0,16,200
1095,214776,123.5116668837145,0.030000000000000027,7.315,0,12,200
1096,214960,111.89333310630172,0.030000000000000027,8.66,0,11,200
1097,215440,113.40000007580966,0.05500000000000005,7.74,0,14,200
1098,215608,87.60333277098835,0.10499999999999998,9.56,0,11,200
1099,215888,103.9216670896858,0.06499999999999995,8.275,0,18,200
1100,216032,94.53166634496301,0.15500000000000003,7.615,0,10,200
1101,216232,108.77999997045845,0.09999999999999998,7.23,0,12,200
1102,216304,121.89333306252956,0.08999999999999997,6.44,0,6,200
1103,216376,114.86000005807728,0.07999999999999996,7.23,0,9,200
1104,216560,77.696666915901,0.15000000000000002,9.22,0,18,200
1105,217040,106.67999982368201,0.08499999999999996,8.07,0,8,200
1106,217208,103.1350000621751,0.06999999999999995,8.625,0,12,200
1107,217488,106.80999959912151,0.04500000000000004,8.7,0,13,200
1108,217632,117.79166670609266,0.06999999999999995,7.225,0,8,200
1109,217832,102.72166689950973,0.06999999999999995,8.545,0,14,200
1110,217904,96.10833306144923,0.14500000000000002,7.655,0,11,200
1111,217976,74.1116668432951,0.18000000000000005,9.565,0,9,200
1112,218160,122.28500006627291,0.030000000000000027,7.245,0,14,200
1113,218640,80.24333306774497,0.17500000000000004,8.9,0,10,200
1114,218808,118.31333338841796,0.06000000000000005,7.16,0,11,200
1115,219088,79.33666688855737,0.16500000000000004,8.86,0,16,200
1116,219232,100.15166689362377,0.12,7.795,0,11,200
1117,219432,103.79333315324038,0.10499999999999998,7.79,0,10,200
1118,219504,106.68000016640872,0.06499999999999995,7.98,0,17,200
1119,219576,119.29500056058168,0.040000000000000036,7.695,0,9,200
1120,219760,111.3000007411465,0.07499999999999996,7.8,0,9,200
1121,220240,98.88499935530126,0.11499999999999999,7.725,0,17,200
1122,220408,137.56000033020973,0.0050000000000000044,6.75,0,4,200
1123,220688,100.6966669941321,0.10999999999999999,8.05,0,9,200
1124,220832,93.31333339493722,0.09499999999999997,9.17,0,13,200
1125,221032,96.46166700869799,0.14,7.825,0,12,200
1126,221104,113.39500006940216,0.04500000000000004,8.295,0,9,200
1127,221176,96.56166661437601,0.10999999999999999,8.605,0,10,200
1128,221360,116.79166626743972,0.06000000000000005,7.045,0,15,200
1129,221840,82.92833357304335,0.14,9.035,0,17,200
1130,222008,106.99500006902963,0.03500000000000003,9.195,0,8,200
1131,222288,98.10666648857296,0.14500000000000002,7.39,0,12,200
1132,222432,102.9350000526756,0.06999999999999995,8.235,0,18,200
1133,222632,98.8283334877342,0.125,7.775,0,13,200
1134,222704,108.45500052347779,0.06499999999999995,7.875,0,16,200
1135,222776,83.05000002402812,0.16000000000000003,8.94,0,9,200
1136,222960,97.2666667252779,0.10499999999999998,8.23,0,16,200
1137,223440,111.11333361174911,0.04500000000000004,8.21,0,12,200
1138,223608,113.3816669890657,0.05500000000000005,7.735,0,13,200
1139,223888,109.51000019256026,0.05500000000000005,8.4,0,10,200
1140,224032,119.76666662748903,0.06499999999999995,7.06,0,8,200
1141,224232,124.55333440564573,0.010000000000000009,7.7,0,11,200
1142,224304,61.91833319142461,0.255,9.185,0,9,200
1143,224376,114.32499998155981,0.030000000000000027,7.755,0,22,200
1144,224560,79.22666684538126,0.15000000000000002,9.22,0,17,200
1145,225040,95.24000005889684,0.07499999999999996,9.57,0,9,200
1146,225208,116.45666705444455,0.030000000000000027,7.78,0,16,200
1147,225488,100.11333411745727,0.125,7.55,0,13,200
1148,225632,98.97666652686894,0.05500000000000005,9.16,0,16,200
1149,225832,101.84666660986841,0.09999999999999998,7.96,0,14,200
1150,225904,79.62166623212397,0.15500000000000003,8.995,0,18,200
1151,225976,97.95999983884394,0.08499999999999996,8.61,0,16,200
1152,226160,119.79666657932103,0.030000000000000027,7.54,0,12,200
1153,226640,107.09666665177792,0.06999999999999995,7.93,0,16,200
1154,226808,109.50333405379206,0.07499999999999996,7.64,0,14,200
1155,227088,117.2450001835823,0.04500000000000004,7.185,0,19,200
1156,227232,73.97833356633782,0.18000000000000005,8.675,0,22,200
1157,227432,111.7183336680755,0.08999999999999997,7.115,0,12,200
1158,227504,83.61166651919484,0.13,9.145,0,13,200
1159,227576,116.3683337662369,0.03500000000000003,7.505,0,15,200
1160,227760,115.18666659947485,0.07499999999999996,6.82,0,15,200
1161,228240,90.06166633404791,0.14500000000000002,8.035,0,16,200
1162,228408,99.70666712429374,0.08499999999999996,8.23,0,18,200
1163,228688,92.15333354379982,0.15000000000000002,7.76,0,16,200
1164,228832,119.30333339702338,0.040000000000000036,7.1,0,17,200
1165,229032,95.92833297420293,0.06999999999999995,8.855,0,21,200
1166,229104,115.7883336506784,0.0,8.195,0,21,200
1167,229176,116.33500044979155,0.025000000000000022,7.575,0,21,200
1168,229360,119.38833392318338,0.06000000000000005,6.965,0,13,200
1169,229840,104.84500030614436,0.09499999999999997,7.695,0,13,200
1170,230008,110.41499990131706,0.030000000000000027,8.385,0,16,200
1171,230288,97.3283334504813,0.125,7.805,0,13,200
1172,230432,84.31166680995375,0.14500000000000002,8.665,0,17,200
1173,230632,113.30166657082736,0.05500000000000005,7.435,0,16,200
1174,230704,90.56833328586072,0.125,8.465,0,17,200
1175,230776,94.13666711561382,0.125,8.26,0,13,200
1176,230960,102.82000016793609,0.14500000000000002,6.69,0,15,200
1177,231440,97.63500017952174,0.10999999999999999,8.235,0,12,200
1178,231608,101.41166702937335,0.08499999999999996,8.305,0,13,200
1179,231888,104.51833384949714,0.10499999999999998,7.775,0,10,200
1180,232032,131.14166635274887,0.015000000000000013,6.685,0,12,200
1181,232232,114.50333382096142,0.040000000000000036,7.43,0,19,200
1182,232304,70.87166657391936,0.21999999999999997,8.785,0,13,200
1183,232376,113.18666705302894,0.05500000000000005,7.45,0,17,200
1184,232560,107.23000041488558,0.06000000000000005,8.46,0,11,200
1185,233040,105.51500038709491,0.06999999999999995,8.025,0,17,200
1186,233208,56.0499995611608,0.29500000000000004,8.46,0,16,200
1187,233488,102.96833367552608,0.09499999999999997,7.565,0,16,200
1188,233632,104.00666674692184,0.10499999999999998,7.78,0,12,200
1189,233832,110.855000205338,0.08999999999999997,6.975,0,16,200
1190,233904,85.30499991308898,0.17500000000000004,7.695,0,20,200
1191,233976,87.51666676905006,0.16500000000000004,7.6,0,19,200
1192,234160,88.52500040549785,0.14500000000000002,8.145,0,16,200
1193,234640,105.87333386670798,0.10999999999999999,7.1,0,15,200
1194,234808,102.88999981246889,0.09999999999999998,7.53,0,18,200
1195,235088,107.28500051330775,0.13,6.375,0,18,200
1196,235232,115.55500034429133,0.04500000000000004,7.485,0,16,200
1197,235432,95.52666699327528,0.125,7.96,0,15,200
1198,235504,99.04166676197201,0.10499999999999998,7.795,0,17,200
1199,235576,103.66166660096496,0.10999999999999999,7.045,0,21,200
1200,235760,106.97499979566783,0.06499999999999995,7.845,0,18,200
1201,236240,101.07166663743556,0.07499999999999996,8.395,0,14,200
1202,236408,93.74500019196421,0.10999999999999999,7.965,0,22,200
1203,236688,85.101666896604,0.15000000000000002,8.395,0,17,200
1204,236832,91.86833387427032,0.15500000000000003,7.415,0,18,200
1205,237032,102.3033330142498,0.08999999999999997,7.88,0,16,200
1206,237104,89.54999984800816,0.11499999999999999,9.18,0,10,200
1207,237176,73.30500014219433,0.19499999999999995,8.715,0,17,200
1208,237360,112.15666703041643,0.06499999999999995,7.06,0,21,200
1209,237840,93.2966670980677,0.08999999999999997,8.41,0,21,200
1210,238008,121.8833337565884,0.020000000000000018,7.58,0,11,200
1211,238288,103.19833354372531,0.15500000000000003,6.455,0,13,200
1212,238432,96.46833403874189,0.07999999999999996,8.675,0,18,200
1213,238632,117.7300003906712,0.07499999999999996,6.6,0,14,200
1214,238704,88.15000007115304,0.16000000000000003,7.56,0,22,200
1215,238776,98.4066668767482,0.11499999999999999,7.9,0,13,200
1216,238960,109.14166723936796,0.06499999999999995,7.645,0,17,200
1217,239440,121.61666726972908,0.04500000000000004,6.64,0,16,200
1218,239608,112.41333348210901,0.03500000000000003,8.06,0,15,200
1219,239888,115.23000040464103,0.050000000000000044,7.23,0,18,200
1220,240032,123.65666663460433,0.040000000000000036,6.79,0,13,200
1221,240232,86.67166702169925,0.12,8.305,0,27,200
1222,240304,106.31500019412488,0.07999999999999996,7.725,0,16,200
1223,240376,127.65499978885055,0.015000000000000013,6.675,0,17,200
1224,240560,97.10833400301635,0.08999999999999997,8.015,0,22,200
1225,241040,108.58333424665034,0.09499999999999997,7.07,0,16,200
1226,241208,110.05666694045067,0.09499999999999997,6.49,0,23,200
1227,241488,80.17833336349577,0.15000000000000002,8.795,0,19,200
1228,241632,125.18333368748426,0.025000000000000022,6.83,0,16,200
1229,241832,106.60833363234997,0.050000000000000044,7.895,0,23,200
1230,241904,124.35500028636307,0.025000000000000022,6.855,0,17,200
1231,241976,92.16333355288953,0.18500000000000005,6.92,0,16,200
1232,242160,101.38000020384789,0.08499999999999996,7.98,0,19,200
1233,242640,110.55000048596412,0.040000000000000036,7.59,0,24,200
1234,242808,101.36666680686176,0.06999999999999995,8.38,0,17,200
1235,243088,111.31166723556817,0.07499999999999996,6.895,0,20,200
1236,243232,106.96166714746505,0.06999999999999995,7.465,0,22,200
1237,243432,105.19666684418917,0.050000000000000044,8.11,0,22,200
1238,243504,119.80166677292436,0.05500000000000005,6.745,0,15,200
1239,243576,90.78666681423783,0.07999999999999996,9.31,0,16,200
1240,243760,116.91666733752936,0.03500000000000003,7.63,0,14,200
1241,244240,110.92000033147633,0.06000000000000005,7.56,0,18,200
1242,244408,107.03833341225982,0.05500000000000005,7.745,0,23,200
1243,244688,90.95500004757196,0.07499999999999996,9.615,0,15,200
1244,244832,95.24666637275368,0.09499999999999997,8.95,0,10,200
1245,245032,103.89166701026261,0.09999999999999998,7.405,0,16,200
1246,245104,91.31333368644118,0.09999999999999998,8.24,0,25,200
1247,245176,98.75499990116805,0.10499999999999998,8.025,0,14,200
1248,245360,116.90833359118551,0.040000000000000036,7.655,0,12,200
1249,245840,110.40000003390014,0.05500000000000005,7.92,0,12,200
1250,246008,123.57166697271168,0.030000000000000027,6.865,0,15,200
1251,246288,113.09833337459713,0.06499999999999995,7.175,0,16,200
1252,246432,85.26666692551225,0.135,8.95,0,14,200
1253,246632,109.59166642464697,0.06000000000000005,7.675,0,16,200
1254,246704,78.33500014618039,0.18000000000000005,8.385,0,18,200
1255,246776,115.66666687093675,0.040000000000000036,7.51,0,15,200
1256,246960,93.95166742894799,0.14,7.255,0,19,200
1257,247440,94.05666699633002,0.08999999999999997,8.38,0,23,200
1258,247608,78.49333325307816,0.135,9.53,0,18,200
1259,247888,103.88833365496248,0.08499999999999996,7.895,0,15,200
1260,248032,117.78333366476,0.025000000000000022,7.64,0,14,200
1261,248232,100.07166677899659,0.10499999999999998,7.315,0,24,200
1262,248304,86.82833341415972,0.15500000000000003,8.195,0,16,200
1263,248376,108.96333357412368,0.040000000000000036,8.39,0,16,200
1264,248560,112.64499991945922,0.030000000000000027,7.875,0,19,200
1265,249040,98.15333401132375,0.13,7.52,0,12,200
1266,249208,111.40000051259995,0.040000000000000036,7.62,0,23,200
1267,249488,85.94500011764467,0.10999999999999999,9.225,0,16,200
1268,249632,118.82000038027763,0.040000000000000036,7.11,0,16,200
1269,249832,94.90666648745537,0.12,7.9,0,17,200
1270,249904,97.2500003343448,0.09499999999999997,7.89,0,22,200
1271,249976,77.33500038646162,0.125,9.015,0,28,200
1272,250160,100.49499987252057,0.08999999999999997,8.265,0,13,200
1273,250640,110.31833381392062,0.06499999999999995,7.055,0,23,200
1274,250808,94.52666685450822,0.10999999999999999,7.99,0,21,200
1275,251088,98.0883334344253,0.09999999999999998,7.745,0,21,200
1276,251232,93.39666718710214,0.13,7.81,0,17,200
1277,251432,91.55333353299648,0.135,7.76,0,18,200
1278,251504,109.818333433941,0.05500000000000005,7.955,0,14,200
1279,251576,98.37333310116082,0.09499999999999997,8.24,0,16,200
1280,251760,112.77500014938414,0.050000000000000044,7.245,0,21,200
1281,252240,109.7266667066142,0.050000000000000044,7.81,0,17,200
1282,252408,116.6583339702338,0.040000000000000036,7.175,0,16,200
1283,252688,100.1083337329328,0.06499999999999995,8.645,0,17,200
1284,252832,96.38000034727156,0.10499999999999998,8.25,0,16,200
1285,253032,87.75333302095532,0.12,8.72,0,17,200
1286,253104,76.69833366014063,0.18500000000000005,8.525,0,17,200
1287,253176,90.83833329938352,0.06999999999999995,9.725,0,15,200
1288,253360,103.63000010605901,0.06499999999999995,8.07,0,17,200
1289,253840,80.20499979890883,0.18500000000000005,8.445,0,12,200
1290,254008,96.05666645709425,0.08999999999999997,8.5,0,16,200
1291,254288,65.6899998858571,0.20499999999999996,9.06,0,19,200
1292,254432,115.57500030845404,0.040000000000000036,7.425,0,16,200
1293,254632,85.3700002739206,0.15500000000000003,8.16,0,17,200
1294,254704,117.1533338073641,0.0050000000000000044,7.91,0,19,200
1295,254776,114.20500027574599,0.06000000000000005,7.365,0,10,200
1296,254960,104.36500017065555,0.06000000000000005,8.475,0,12,200
1297,255440,106.62000029627234,0.040000000000000036,8.61,0,15,200
1298,255608,79.3333336468786,0.10999999999999999,9.62,0,23,200
1299,255888,104.07000019587576,0.07999999999999996,7.59,0,21,200
1300,256032,103.31000018678606,0.06999999999999995,8.22,0,16,200
1301,256232,98.27666674461216,0.09999999999999998,8.2,0,14,200
1302,256304,120.32666690926999,0.030000000000000027,7.15,0,15,200
1303,256376,116.09166679158807,0.03500000000000003,7.495,0,17,200
1304,256560,113.70333344116807,0.025000000000000022,7.88,0,20,200
1305,257040,103.94500048924237,0.07999999999999996,8.325,0,10,200
1306,257208,101.99333328194916,0.06499999999999995,8.27,0,20,200
1307,257488,100.90333389211446,0.06499999999999995,8.39,0,19,200
1308,257632,115.8716668812558,0.04500000000000004,7.345,0,15,200
1309,257832,85.22666653152555,0.09499999999999997,9.46,0,21,200
1310,257904,113.75333319976926,0.050000000000000044,7.49,0,14,200
1311,257976,109.82833319250494,0.040000000000000036,8.105,0,16,200
1312,258160,102.5400003194809,0.05500000000000005,8.67,0,17,200
1313,258640,82.66166660469025,0.15500000000000003,8.425,0,19,200
1314,258808,107.71999992243946,0.06000000000000005,8.25,0,11,200
1315,259088,82.16000006720424,0.14,8.64,0,19,200
1316,259232,96.23500009253621,0.08999999999999997,8.565,0,15,200
1317,259432,116.27666678186506,0.015000000000000013,7.93,0,17,200
1318,259504,89.66499975230545,0.135,8.505,0,12,200
1319,259576,87.0033331848681,0.09999999999999998,9.26,0,18,200
1320,259760,117.60500047542155,0.06000000000000005,6.675,0,17,200
1321,260240,86.05333339516073,0.14500000000000002,8.15,0,17,200
1322,260408,91.55666682869196,0.08999999999999997,8.83,0,19,200
1323,260688,92.17666667234153,0.07499999999999996,9.19,0,19,200
1324,260832,96.75166617333889,0.050000000000000044,9.115,0,21,200
1325,261032,106.67000017967075,0.06499999999999995,8.04,0,12,200
1326,261104,103.74833363108337,0.06499999999999995,8.015,0,18,200
1327,261176,118.26666695903987,0.03500000000000003,7.36,0,15,200
1328,261360,103.1383336763829,0.10499999999999998,7.625,0,11,200
1329,261840,95.87166706286371,0.07999999999999996,8.935,0,15,200
1330,262008,99.03333358559757,0.07499999999999996,8.39,0,19,200
1331,262288,112.9383334601298,0.0050000000000000044,8.705,0,13,200
1332,262432,103.46000012475997,0.09499999999999997,7.44,0,17,200
1333,262632,104.91333372704685,0.06000000000000005,8.36,0,14,200
1334,262704,92.61333363782614,0.09499999999999997,8.69,0,16,200
1335,262776,76.81333351228386,0.16000000000000003,8.93,0,21,200
1336,262960,106.89333346672356,0.040000000000000036,8.39,0,17,200
1337,263440,95.32166639063507,0.09499999999999997,8.125,0,20,200
1338,263608,101.55333395861089,0.04500000000000004,8.63,0,20,200
1339,263888,106.0950004067272,0.09499999999999997,7.215,0,16,200
1340,264032,79.65166683588177,0.09999999999999998,9.895,0,21,200
1341,264232,90.62166697718203,0.11499999999999999,8.575,0,15,200
1342,264304,100.64499934017658,0.04500000000000004,9.315,0,12,200
1343,264376,92.95500013418496,0.09999999999999998,8.415,0,19,200
1344,264560,98.3533332310617,0.06499999999999995,8.9,0,15,200
1345,265040,113.31500015221536,0.03500000000000003,7.815,0,14,200
1346,265208,110.33333308715373,0.050000000000000044,8.06,0,12,200
1347,265488,94.17333342228085,0.11499999999999999,8.48,0,12,200
1348,265632,86.73833306040615,0.12,8.735,0,20,200
1349,265832,98.63666672352701,0.07999999999999996,8.5,0,16,200
1350,265904,97.16000002995133,0.06499999999999995,9.27,0,12,200
1351,265976,72.13833350408822,0.18000000000000005,9.095,0,18,200
1352,266160,106.18666667863727,0.025000000000000022,8.74,0,18,200
1353,266640,82.56999974232167,0.135,9.15,0,16,200
1354,266808,85.25000004004687,0.12,9.0,0,20,200
1355,267088,112.79166633822024,0.030000000000000027,8.365,0,11,200
1356,267232,102.40999998152256,0.050000000000000044,8.61,0,20,200
1357,267432,105.93666682485491,0.08999999999999997,7.81,0,11,200
1358,267504,75.42833308596164,0.18000000000000005,8.735,0,18,200
1359,267576,118.9783339779824,0.015000000000000013,8.015,0,11,200
1360,267760,123.34333327040076,0.015000000000000013,7.4,0,14,200
1361,268240,74.71500032115728,0.18999999999999995,8.655,0,18,200
1362,268408,120.23000013735145,0.030000000000000027,7.38,0,15,200
1363,268688,112.5616672700271,0.030000000000000027,8.155,0,15,200
1364,268832,111.22499969322234,0.03500000000000003,8.175,0,14,200
1365,269032,84.98499998636544,0.125,8.835,0,18,200
1366,269104,64.06166641972959,0.19499999999999995,9.895,0,16,200
1367,269176,92.3983332272619,0.135,8.255,0,11,200
1368,269360,111.44000047445297,0.04500000000000004,7.95,0,15,200
1369,269840,97.5783331124112,0.11499999999999999,7.625,0,21,200
1370,270008,119.70500020775944,0.050000000000000044,7.125,0,9,200
1371,270288,99.08333343453705,0.09999999999999998,7.94,0,18,200
1372,270432,118.01666677650064,0.03500000000000003,7.9,0,8,200
1373,270632,107.25166695006192,0.06999999999999995,7.795,0,16,200
1374,270704,110.88166680093855,0.040000000000000036,8.155,0,15,200
1375,270776,110.54500031098723,0.050000000000000044,7.425,0,23,200
1376,270960,90.341666797176,0.11499999999999999,8.185,0,23,200
1377,271440,89.85166691523045,0.16000000000000003,7.735,0,14,200
1378,271608,93.95166693255305,0.11499999999999999,8.185,0,18,200
1379,271888,117.61333351116627,0.09499999999999997,6.2,0,12,200
1380,272032,97.14333324600011,0.09499999999999997,8.42,0,15,200
1381,272232,116.14333347044885,0.07499999999999996,6.53,0,16,200
1382,272304,114.59500037971884,0.04500000000000004,7.455,0,17,200
1383,272376,82.11500010732561,0.15000000000000002,9.195,0,11,200
1384,272560,84.21333341486752,0.13,8.81,0,18,200
1385,273040,108.11500035878271,0.09499999999999997,6.915,0,17,200
1386,273208,113.55833360087126,0.03500000000000003,8.015,0,15,200
1387,273488,90.84166643675417,0.125,8.155,0,22,200
1388,273632,91.4333338662982,0.125,7.58,0,25,200
1389,273832,117.8283334299922,0.025000000000000022,7.175,0,21,200
1390,273904,123.91166668757796,0.020000000000000018,7.075,0,14,200
1391,273976,112.25500042270869,0.04500000000000004,7.545,0,18,200
1392,274160,118.85000022314489,0.03500000000000003,7.29,0,14,200
1393,274640,85.53333324100822,0.15500000000000003,8.21,0,16,200
1394,274808,112.43833308201283,0.04500000000000004,7.565,0,18,200
1395,275088,77.80666696280241,0.17000000000000004,8.59,0,19,200
1396,275232,81.5900000622496,0.14500000000000002,8.4,0,23,200
1397,275432,84.97333330102265,0.14500000000000002,8.21,0,20,200
1398,275504,74.08333345782012,0.22999999999999998,7.82,0,16,200
1399,275576,114.25166710652411,0.06000000000000005,6.895,0,19,200
1400,275760,111.5233340896666,0.08499999999999996,6.65,0,20,200
1401,276240,116.49333353992552,0.050000000000000044,7.25,0,15,200
1402,276408,112.36499990709126,0.04500000000000004,7.455,0,20,200
1403,276688,98.25666649732739,0.09499999999999997,8.17,0,17,200
1404,276832,96.69166662357748,0.06999999999999995,8.695,0,19,200
1405,277032,128.85833364352584,0.030000000000000027,6.275,0,14,200
1406,277104,90.9316669749096,0.13,7.915,0,21,200
1407,277176,108.44499967806041,0.050000000000000044,7.365,0,26,200
1408,277360,104.96333318762481,0.08499999999999996,7.07,0,23,200
1409,277840,103.88333327230066,0.10999999999999999,7.1,0,18,200
1410,278008,94.74666708149016,0.12,7.69,0,18,200
1411,278288,102.72333323117346,0.11499999999999999,7.31,0,14,200
1412,278432,121.60666596516967,0.020000000000000018,7.21,0,17,200
1413,278632,115.80333388131112,0.015000000000000013,7.85,0,18,200
1414,278704,72.17333309724927,0.19999999999999996,9.02,0,14,200
1415,278776,77.8683334318921,0.17500000000000004,8.525,0,18,200
1416,278960,113.10166666842997,0.04500000000000004,7.975,0,11,200
1417,279440,87.20833370182663,0.09499999999999997,9.245,0,18,200
1418,279608,92.6783337276429,0.08499999999999996,9.215,0,15,200
1419,279888,82.82000033557415,0.16500000000000004,8.13,0,19,200
1420,280032,128.18833361472934,0.0050000000000000044,7.265,0,11,200
1421,280232,83.49333393666893,0.135,8.66,0,21,200
1422,280304,101.54166707582772,0.050000000000000044,8.335,0,22,200
1423,280376,119.58333381637931,0.05500000000000005,6.86,0,12,200
1424,280560,110.90833361260593,0.06999999999999995,7.415,0,13,200
1425,281040,104.97499968204647,0.05500000000000005,8.475,0,14,200
1426,281208,102.77333372458816,0.09999999999999998,7.94,0,12,200
1427,281488,114.9050003644079,0.06499999999999995,7.035,0,16,200
1428,281632,108.66000019665807,0.08499999999999996,7.53,0,11,200
1429,281832,94.85333325900137,0.13,7.7,0,18,200
1430,281904,77.68833326920867,0.17000000000000004,8.465,0,21,200
1431,281976,102.5250004734844,0.08999999999999997,7.905,0,14,200
1432,282160,116.23000055737793,0.03500000000000003,7.71,0,13,200
1433,282640,111.46166723128408,0.06999999999999995,7.075,0,20,200
1434,282808,94.43999997898936,0.12,8.19,0,14,200
1435,283088,118.33666691090912,0.03500000000000003,7.42,0,13,200
1436,283232,90.56333362869918,0.10999999999999999,8.66,0,17,200
1437,283432,117.28833390213549,0.025000000000000022,8.015,0,12,200
1438,283504,83.38333343435079,0.14500000000000002,8.66,0,18,200
1439,283576,92.90833361074328,0.06499999999999995,9.305,0,20,200
1440,283760,123.25500002037734,0.0050000000000000044,7.365,0,19,200
1441,284240,112.27666684053838,0.04500000000000004,7.18,0,23,200
1442,284408,109.35333330184221,0.04500000000000004,8.0,0,18,200
1443,284688,112.82666680403054,0.025000000000000022,7.87,0,21,200
1444,284832,110.6000003432855,0.06499999999999995,7.32,0,16,200
1445,285032,106.35000045131892,0.08499999999999996,6.96,0,23,200
1446,285104,121.19333380460739,0.03500000000000003,7.01,0,16,200
1447,285176,102.78333312086761,0.09999999999999998,7.91,0,11,200
1448,285360,94.35999995842576,0.10499999999999998,8.1,0,21,200
1449,285840,100.8666668580845,0.07999999999999996,8.53,0,13,200
1450,286008,94.07666662149131,0.12,7.99,0,19,200
1451,286288,102.2966668466106,0.06999999999999995,8.11,0,21,200
1452,286432,119.02166666369885,0.050000000000000044,7.015,0,12,200
1453,286632,114.63500045333058,0.025000000000000022,7.695,0,19,200
1454,286704,116.15333389025182,0.04500000000000004,7.25,0,16,200
1455,286776,99.88333309069276,0.07499999999999996,8.33,0,19,200
1456,286960,77.38000021222979,0.18000000000000005,8.58,0,17,200
1457,287440,123.04166588094085,0.030000000000000027,6.985,0,15,200
1458,287608,114.07833376713097,0.04500000000000004,7.355,0,19,200
1459,287888,96.27666679304093,0.11499999999999999,7.96,0,15,200
1460,288032,124.24166695401073,0.020000000000000018,7.075,0,15,200
1461,288232,86.18333310354501,0.14500000000000002,8.24,0,20,200
1462,288304,94.20500075165182,0.125,8.085,0,13,200
1463,288376,79.93833300750703,0.15000000000000002,9.095,0,15,200
1464,288560,104.24666705168784,0.09499999999999997,7.72,0,14,200
1465,289040,123.38833405822515,0.025000000000000022,7.205,0,12,200
1466,289208,92.42499989364296,0.135,7.995,0,15,200
1467,289488,68.40499976743013,0.21499999999999997,8.925,0,15,200
1468,289632,71.03166692890227,0.15500000000000003,9.205,0,27,200
1469,289832,81.73000025376678,0.135,9.18,0,16,200
1470,289904,111.35500001907349,0.06499999999999995,7.515,0,15,200
1471,289976,112.15166683401912,0.050000000000000044,8.095,0,9,200
1472,290160,106.92000023275614,0.06999999999999995,7.95,0,14,200
1473,290640,102.82333356142044,0.025000000000000022,8.99,0,21,200
1474,290808,101.9666665783152,0.08999999999999997,7.96,0,15,200
1475,291088,93.92166682239622,0.11499999999999999,8.065,0,19,200
1476,291232,88.81166710332036,0.11499999999999999,9.025,0,15,200
1477,291432,115.72666673921049,0.050000000000000044,7.48,0,12,200
1478,291504,84.68333343137056,0.17000000000000004,8.15,0,16,200
1479,291576,101.82000008411705,0.06499999999999995,8.31,0,17,200
1480,291760,102.92333356104791,0.06499999999999995,8.0,0,21,200
1481,292240,66.6299999980256,0.22499999999999998,8.91,0,15,200
1482,292408,112.49666720163077,0.030000000000000027,8.17,0,14,200
1483,292688,110.18000004254282,0.06499999999999995,7.62,0,15,200
1484,292832,109.25333350710571,0.06499999999999995,7.7,0,16,200
1485,293032,92.74999972060323,0.06000000000000005,9.57,0,18,200
1486,293104,86.1799998767674,0.125,9.18,0,13,200
1487,293176,106.50166697893292,0.05500000000000005,8.185,0,18,200
1488,293360,112.99666705261916,0.050000000000000044,7.81,0,14,200
1489,293840,111.17666665744036,0.08999999999999997,6.94,0,14,200
1490,294008,101.4449995290488,0.09499999999999997,8.085,0,11,200
1491,294288,124.51500043272972,0.0050000000000000044,7.785,0,10,200
1492,294432,109.5333337597549,0.040000000000000036,8.42,0,13,200
1493,294632,122.53500051051378,0.05500000000000005,6.915,0,8,200
1494,294704,96.3483330141753,0.10499999999999998,8.795,0,7,200
1495,294776,110.253333972767,0.06000000000000005,7.73,0,16,200
1496,294960,114.20999993011355,0.05500000000000005,7.71,0,10,200
1497,295440,109.77333327196538,0.07999999999999996,7.43,0,13,200
1498,295608,122.20000047050416,0.050000000000000044,7.11,0,6,200
1499,295888,124.54333397280425,0.04500000000000004,6.95,0,7,200
1500,296032,103.91333309188485,0.07999999999999996,8.21,0,12,200
1501,296232,86.78666666988283,0.16000000000000003,8.26,0,13,200
1502,296304,121.68166634719819,0.06999999999999995,6.415,0,12,200
1503,296376,104.16333293169737,0.10999999999999999,7.46,0,12,200
1504,296560,108.33999984525144,0.05500000000000005,8.25,0,12,200
1505,297040,92.30833324510604,0.12,8.435,0,13,200
1506,297208,120.42166708223522,0.05500000000000005,7.195,0,7,200
1507,297488,81.25666692107916,0.16500000000000004,8.77,0,12,200
1508,297632,102.27999956626445,0.06499999999999995,8.82,0,12,200
1509,297832,108.02499986346811,0.050000000000000044,8.385,0,14,200
1510,297904,95.48333374504,0.08499999999999996,8.69,0,17,200
1511,297976,93.21166727691889,0.09499999999999997,9.085,0,11,200
1512,298160,116.73833325412124,0.025000000000000022,7.985,0,12,200
1513,298640,103.62333361711353,0.06499999999999995,8.54,0,13,200
1514,298808,116.39833343308419,0.025000000000000022,8.075,0,11,200
1515,299088,88.63999970071018,0.15000000000000002,8.67,0,7,200
1516,299232,76.31999970413744,0.18000000000000005,8.91,0,13,200
1517,299432,110.7350003067404,0.05500000000000005,7.995,0,12,200
1518,299504,102.41666631400585,0.05500000000000005,8.74,0,15,200
1519,299576,94.75833356380463,0.08999999999999997,8.855,0,13,200
1520,299760,113.97000009473413,0.06499999999999995,7.47,0,9,200
1521,300240,120.83499981369823,0.030000000000000027,7.635,0,9,200
1522,300408,93.72833341918886,0.11499999999999999,8.615,0,10,200
1523,300688,83.44500000495464,0.16000000000000003,8.715,0,11,200
1524,300832,112.54333363566548,0.03500000000000003,8.24,0,12,200
1525,301032,110.33333367668092,0.05500000000000005,8.27,0,10,200
1526,301104,97.5416664686054,0.09999999999999998,8.665,0,10,200
1527,301176,90.40833312552422,0.10999999999999999,8.735,0,16,200
1528,301360,126.02666652202606,0.010000000000000009,7.24,0,13,200
1529,301840,105.306666421704,0.050000000000000044,8.53,0,15,200
1530,302008,105.85000000800937,0.08999999999999997,7.83,0,11,200
1531,302288,81.40333340410143,0.15000000000000002,9.05,0,14,200
1532,302432,92.02666615508497,0.11499999999999999,8.71,0,12,200
1533,302632,117.98000017367303,0.025000000000000022,7.95,0,9,200
1534,302704,101.38333319872618,0.09999999999999998,8.03,0,12,200
1535,302776,110.25999996624887,0.06000000000000005,8.01,0,9,200
1536,302960,98.01000065077096,0.10499999999999998,8.64,0,7,200
1537,303440,96.46333335898817,0.13,8.03,0,9,200
1538,303608,104.5700003253296,0.06499999999999995,8.67,0,9,200
1539,303888,90.69166718516499,0.08499999999999996,9.715,0,10,200
1540,304032,92.4216672424227,0.09999999999999998,9.055,0,14,200
1541,304232,117.91666724998504,0.020000000000000018,7.72,0,14,200
1542,304304,97.95333353616297,0.08999999999999997,8.72,0,12,200
1543,304376,115.90166688617319,0.030000000000000027,8.125,0,10,200
1544,304560,61.46166698355228,0.21499999999999997,9.655,0,18,200
1545,305040,117.38499981816858,0.020000000000000018,8.025,0,14,200
1546,305208,87.49999995809048,0.10999999999999999,9.15,0,14,200
1547,305488,100.56000005826354,0.06000000000000005,8.64,0,17,200
1548,305632,112.00166717823595,0.025000000000000022,8.275,0,16,200
1549,305832,98.0899993814528,0.08499999999999996,8.58,0,14,200
1550,305904,104.44666640646756,0.06000000000000005,8.41,0,16,200
1551,305976,69.0516669396311,0.16500000000000004,9.985,0,16,200
1552,306160,88.02333294413984,0.10999999999999999,9.29,0,13,200
1553,306640,78.46166656073183,0.14,9.295,0,17,200
1554,306808,106.33166653849185,0.06999999999999995,7.975,0,15,200
1555,307088,97.98666595481336,0.08499999999999996,8.77,0,11,200
1556,307232,108.41166742984205,0.040000000000000036,8.575,0,13,200
1557,307432,108.27833321504295,0.030000000000000027,9.215,0,8,200
1558,307504,103.5499997716397,0.06999999999999995,8.52,0,11,200
1559,307576,112.07333402801305,0.050000000000000044,8.12,0,10,200
1560,307760,111.99166677426547,0.030000000000000027,8.245,0,14,200
1561,308240,111.45500022079796,0.04500000000000004,8.175,0,11,200
1562,308408,125.91500054579228,0.025000000000000022,7.275,0,7,200
1563,308688,102.65666583646089,0.08999999999999997,8.38,0,8,200
1564,308832,122.3316665161401,0.03500000000000003,7.315,0,10,200
1565,309032,93.03500044625252,0.08499999999999996,9.405,0,12,200
1566,309104,135.89833350479603,0.0050000000000000044,6.965,0,3,200
1567,309176,114.00666688289493,0.025000000000000022,8.38,0,11,200
1568,309360,104.44000019133091,0.07999999999999996,8.16,0,11,200
1569,309840,106.60833339579403,0.04500000000000004,8.675,0,13,200
1570,310008,101.62000013329089,0.08999999999999997,8.43,0,9,200
1571,310288,106.94500008877367,0.040000000000000036,8.805,0,12,200
1572,310432,114.32833371218294,0.040000000000000036,8.135,0,9,200
1573,310632,100.86999979801476,0.07999999999999996,8.43,0,14,200
1574,310704,109.8733338424936,0.04500000000000004,8.45,0,11,200
1575,310776,101.07166662719101,0.08999999999999997,8.245,0,13,200
1576,310960,113.47833286598325,0.05500000000000005,7.895,0,10,200
1577,311440,83.82666690740734,0.17000000000000004,8.53,0,11,200
1578,311608,104.20833343826234,0.07499999999999996,8.675,0,8,200
1579,311888,113.64999982714653,0.06000000000000005,7.95,0,7,200
1580,312032,109.89500031434,0.06999999999999995,8.025,0,8,200
1581,312232,127.50833314657211,0.010000000000000009,7.445,0,8,200
1582,312304,105.34166657552123,0.06499999999999995,8.695,0,8,200
1583,312376,116.75999991595745,0.030000000000000027,7.92,0,12,200
1584,312560,91.89333353098482,0.10999999999999999,9.14,0,9,200
1585,313040,117.45666645746678,0.04500000000000004,7.66,0,8,200
1586,313208,84.33000026736408,0.15000000000000002,8.91,0,10,200
1587,313488,90.90999981202185,0.11499999999999999,8.61,0,16,200
1588,313632,78.52166722062975,0.17000000000000004,9.175,0,10,200
1589,313832,91.54333361331373,0.10999999999999999,8.93,0,13,200
1590,313904,97.35833363328129,0.08499999999999996,8.885,0,10,200
1591,313976,66.42833282891661,0.18999999999999995,9.905,0,11,200
1592,314160,73.9149998454377,0.17500000000000004,9.525,0,12,200
1593,314640,124.1966662928462,0.03500000000000003,7.12,0,8,200
1594,314808,109.79499948676676,0.07999999999999996,7.725,0,9,200
1595,315088,94.8016669889912,0.135,8.155,0,9,200
1596,315232,105.85999992024153,0.040000000000000036,8.73,0,14,200
1597,315432,105.38333337474614,0.07499999999999996,8.21,0,12,200
1598,315504,101.87000064831227,0.08499999999999996,8.46,0,8,200
1599,315576,110.97833351045847,0.06999999999999995,7.955,0,10,200
1600,315760,121.12500039115548,0.030000000000000027,7.275,0,12,200
1601,316240,109.32333419285715,0.08499999999999996,7.19,0,17,200
1602,316408,92.69166722428054,0.12,8.545,0,13,200
1603,316688,118.14000058081001,0.04500000000000004,7.5,0,10,200
1604,316832,109.29166661947966,0.06999999999999995,8.125,0,7,200
1605,317032,97.56666677445173,0.12,8.26,0,8,200
1606,317104,111.73999985959381,0.08999999999999997,7.05,0,12,200
1607,317176,101.89833380188793,0.09499999999999997,8.315,0,8,200
1608,317360,102.13833324424922,0.08999999999999997,8.075,0,16,200
1609,317840,122.85833301022649,0.020000000000000018,7.535,0,11,200
1610,318008,106.08000047598034,0.06999999999999995,7.89,0,15,200
1611,318288,89.1999998120591,0.12,8.73,0,15,200
1612,318432,104.513333263807,0.09499999999999997,7.76,0,13,200
1613,318632,97.38500015251338,0.13,7.725,0,11,200
1614,318704,119.66833396535367,0.06000000000000005,6.965,0,9,200
1615,318776,97.37500027287751,0.10499999999999998,8.145,0,14,200
1616,318960,122.11833417788148,0.025000000000000022,7.535,0,10,200
1617,319440,100.25666724238545,0.040000000000000036,9.01,0,20,200
1618,319608,111.62666672561318,0.08499999999999996,7.03,0,14,200
1619,319888,88.39500014204532,0.14,8.715,0,11,200
1620,320032,90.796666524373,0.17500000000000004,7.18,0,15,200
1621,320232,120.73833400662988,0.025000000000000022,7.535,0,11,200
1622,320304,90.54166664090008,0.125,8.695,0,11,200
1623,320376,119.66499970015138,0.06499999999999995,6.555,0,12,200
1624,320560,93.82833352033049,0.09999999999999998,8.585,0,15,200
1625,321040,103.15166652854532,0.06000000000000005,9.025,0,10,200
1626,321208,85.48833334911615,0.14,8.915,0,13,200
1627,321488,114.41333311982453,0.050000000000000044,7.25,0,15,200
1628,321632,84.19500040449202,0.18500000000000005,7.995,0,12,200
1629,321832,95.23833336401731,0.14500000000000002,8.045,0,5,200
1630,321904,97.77500024996698,0.12,7.905,0,12,200
1631,321976,112.82999988924712,0.07499999999999996,7.59,0,7,200
1632,322160,110.39333363249898,0.06999999999999995,7.73,0,11,200
1633,322640,123.3283338919282,0.015000000000000013,7.295,0,11,200
1634,322808,81.33999975491315,0.14,9.09,0,15,200
1635,323088,81.74666641000658,0.14500000000000002,9.16,0,13,200
1636,323232,105.45666710007936,0.06999999999999995,8.26,0,11,200
1637,323432,85.51666659768671,0.12,8.95,0,20,200
1638,323504,105.53499985765666,0.07499999999999996,7.905,0,14,200
1639,323576,81.36999962292612,0.11499999999999999,9.66,0,16,200
1640,323760,99.94166668131948,0.08499999999999996,8.485,0,13,200
1641,324240,95.7933333273977,0.09499999999999997,8.84,0,10,200
1642,324408,88.38666657917202,0.135,8.62,0,13,200
1643,324688,108.12166675832123,0.025000000000000022,8.875,0,13,200
1644,324832,92.05166676826775,0.12,8.545,0,13,200
1645,325032,111.77166689094156,0.06000000000000005,7.795,0,10,200
1646,325104,115.00333338417113,0.06499999999999995,7.43,0,8,200
1647,325176,70.63666622526944,0.18999999999999995,9.04,0,18,200
1648,325360,114.03666600491852,0.06000000000000005,7.6,0,10,200
1649,325840,98.54500039108098,0.09999999999999998,8.295,0,13,200
1650,326008,83.71166652999818,0.12,9.205,0,20,200
1651,326288,98.15833265893161,0.12,8.045,0,10,200
1652,326432,119.31833335291594,0.05500000000000005,6.965,0,10,200
1653,326632,78.37999981828034,0.14500000000000002,9.33,0,15,200
1654,326704,113.21000036876649,0.03500000000000003,7.89,0,15,200
1655,326776,118.41500049643219,0.040000000000000036,7.695,0,7,200
1656,326960,90.22666637506336,0.10499999999999998,9.07,0,13,200
1657,327440,113.51833329256624,0.020000000000000018,8.315,0,14,200
1658,327608,115.84666712395847,0.0050000000000000044,8.65,0,8,200
1659,327888,118.46666705328971,0.015000000000000013,7.9,0,12,200
1660,328032,92.2166663100943,0.11499999999999999,8.59,0,14,200
1661,328232,106.65999980643392,0.06999999999999995,8.01,0,12,200
1662,328304,80.65166640933603,0.14,9.025,0,17,200
1663,328376,121.40333325602114,0.020000000000000018,7.55,0,12,200
1664,328560,90.26833310909569,0.09499999999999997,9.425,0,10,200
1665,329040,94.13166664820164,0.14500000000000002,8.095,0,6,200
1666,329208,103.03833338897675,0.07999999999999996,8.195,0,11,200
1667,329488,87.47500004898757,0.10999999999999999,9.135,0,14,200
1668,329632,112.29833353869617,0.030000000000000027,8.015,0,17,200
1669,329832,100.8166664512828,0.09499999999999997,8.32,0,9,200
1670,329904,71.16166621726006,0.17000000000000004,9.565,0,16,200
1671,329976,98.38166674599051,0.09999999999999998,8.425,0,11,200
1672,330160,117.84000010136515,0.050000000000000044,6.99,0,16,200
1673,330640,121.93833346664906,0.020000000000000018,7.775,0,9,200
1674,330808,100.05166707653552,0.11499999999999999,7.615,0,15,200
1675,331088,88.03500014357269,0.16000000000000003,8.175,0,12,200
1676,331232,104.68833356536925,0.07999999999999996,8.165,0,10,200
1677,331432,93.85333269555122,0.11499999999999999,8.63,0,10,200
1678,331504,110.40000052936375,0.08499999999999996,7.56,0,8,200
1679,331576,119.4983333311975,0.030000000000000027,7.835,0,7,200
1680,331760,91.26500033028424,0.14,8.355,0,10,200
1681,332240,114.49833300989121,0.03500000000000003,8.225,0,8,200
1682,332408,88.0300002777949,0.13,8.76,0,15,200
1683,332688,100.2333337906748,0.10999999999999999,8.03,0,10,200
1684,332832,119.79333337303251,0.015000000000000013,7.91,0,13,200
1685,333032,92.00833331234753,0.13,8.735,0,7,200
1686,333104,90.92666659504175,0.11499999999999999,8.95,0,12,200
1687,333176,71.23666650429368,0.17500000000000004,9.43,0,17,200
1688,333360,95.89333354216069,0.07499999999999996,9.35,0,12,200
1689,333840,101.17999993823469,0.06999999999999995,8.82,0,11,200
1690,334008,70.2566664936021,0.19999999999999996,9.34,0,11,200
1691,334288,111.10499914642423,0.050000000000000044,8.415,0,6,200
1692,334432,96.35333309229463,0.07499999999999996,9.44,0,9,200
1693,334632,108.38666652143002,0.050000000000000044,8.29,0,13,200
1694,334704,114.52833316195756,0.05500000000000005,8.135,0,5,200
1695,334776,100.75666645821184,0.12,8.11,0,6,200
1696,334960,107.05666636861861,0.050000000000000044,8.5,0,12,200
1697,335440,110.7266666488722,0.03500000000000003,8.68,0,9,200
1698,335608,106.01500032097101,0.050000000000000044,8.175,0,18,200
1699,335888,105.30166706163436,0.09499999999999997,8.065,0,7,200
1700,336032,107.48166637215763,0.04500000000000004,8.515,0,15,200
1701,336232,118.69333347398788,0.030000000000000027,8.03,0,7,200
1702,336304,104.25500047393143,0.09499999999999997,8.145,0,7,200
1703,336376,108.01833340805024,0.050000000000000044,8.315,0,14,200
1704,336560,128.17000053729862,0.0,7.47,0,11,200
1705,337040,84.90499975904822,0.14500000000000002,8.685,0,13,200
1706,337208,94.12499992456287,0.16000000000000003,7.575,0,9,200
1707,337488,123.20500016864389,0.050000000000000044,6.765,0,10,200
1708,337632,92.68333324231207,0.13,8.66,0,9,200
1709,337832,129.5083332238719,0.015000000000000013,6.845,0,10,200
1710,337904,70.21499963104725,0.19499999999999995,9.345,0,13,200
1711,337976,82.01833317708224,0.135,9.245,0,14,200
1712,338160,107.30166695080698,0.07999999999999996,8.215,0,6,200
1713,338640,86.6166665526107,0.14,8.65,0,13,200
1714,338808,87.49166664015502,0.10499999999999998,9.205,0,18,200
1715,339088,103.39833329152316,0.04500000000000004,8.765,0,18,200
1716,339232,92.97833326645195,0.10999999999999999,8.135,0,18,200
1717,339432,75.4983334178105,0.19999999999999996,8.405,0,13,200
1718,339504,93.37833342794329,0.09999999999999998,8.885,0,11,200
1719,339576,122.31666693743318,0.040000000000000036,7.18,0,9,200
1720,339760,105.58500022813678,0.06499999999999995,8.385,0,12,200
1721,340240,96.01500064320862,0.12,7.965,0,14,200
1722,340408,66.66666634008288,0.18500000000000005,9.31,0,20,200
1723,340688,120.43166644964367,0.015000000000000013,7.405,0,16,200
1724,340832,107.6466665957123,0.07999999999999996,7.57,0,14,200
1725,341032,79.38666672259569,0.15000000000000002,9.1,0,16,200
1726,341104,113.01666664984077,0.05500000000000005,7.75,0,10,200
1727,341176,120.78166675660759,0.040000000000000036,7.345,0,9,200
1728,341360,113.24666695203632,0.06000000000000005,7.42,0,13,200
1729,341840,105.78999990411103,0.06999999999999995,7.95,0,13,200
1730,342008,111.34333352558315,0.06999999999999995,7.64,0,10,200
1731,342288,117.9300000751391,0.040000000000000036,6.9,0,17,200
1732,342432,120.34333316609263,0.040000000000000036,6.92,0,16,200
1733,342632,119.89333351142704,0.050000000000000044,6.98,0,9,200
1734,342704,98.26166647858918,0.11499999999999999,7.855,0,13,200
1735,342776,123.05999970808625,0.025000000000000022,6.99,0,14,200
1736,342960,113.27500097546726,0.04500000000000004,7.815,0,12,200
1737,343440,94.01499988790601,0.13,7.665,0,19,200
1738,343608,107.25166670884937,0.09499999999999997,7.465,0,10,200
1739,343888,130.07333367597312,0.025000000000000022,6.38,0,9,200
1740,344032,106.25166667532176,0.05500000000000005,8.185,0,15,200
1741,344232,79.04000008385628,0.16500000000000004,8.46,0,19,200
1742,344304,116.1549998279661,0.040000000000000036,7.515,0,14,200
1743,344376,116.57166653405875,0.04500000000000004,7.135,0,16,200
1744,344560,87.7366669876501,0.135,8.44,0,16,200
1745,345040,81.56999984942377,0.15000000000000002,9.27,0,9,200
1746,345208,107.59833328984678,0.09999999999999998,7.085,0,14,200
1747,345488,63.33833291847259,0.22999999999999998,9.005,0,17,200
1748,345632,103.71333344466984,0.09999999999999998,7.67,0,13,200
1749,345832,110.37166647706181,0.06499999999999995,7.795,0,11,200
1750,345904,106.36333349905908,0.05500000000000005,8.24,0,12,200
1751,345976,120.69333348236978,0.050000000000000044,7.34,0,6,200
1752,346160,111.79833300970495,0.03500000000000003,7.775,0,18,200
1753,346640,117.9350002920255,0.050000000000000044,7.425,0,8,200
1754,346808,97.68000008165836,0.09499999999999997,8.34,0,14,200
1755,347088,110.76000070013106,0.07499999999999996,7.02,0,18,200
1756,347232,99.74666678346694,0.09499999999999997,8.02,0,14,200
1757,347432,103.43333403300494,0.06999999999999995,8.3,0,13,200
1758,347504,120.65166703425348,0.050000000000000044,6.865,0,9,200
1759,347576,105.07333309482783,0.07999999999999996,7.61,0,19,200
1760,347760,127.92166661657393,0.015000000000000013,6.595,0,14,200
1761,348240,120.47166736423969,0.06000000000000005,6.565,0,13,200
1762,348408,102.12166677508503,0.08499999999999996,8.125,0,14,200
1763,348688,94.25166711397469,0.09999999999999998,8.665,0,15,200
1764,348832,102.56666640099138,0.08999999999999997,7.96,0,13,200
1765,349032,99.87000056076795,0.09499999999999997,8.16,0,13,200
1766,349104,95.45666679181159,0.09999999999999998,8.14,0,19,200
1767,349176,89.79166689049453,0.09499999999999997,9.145,0,15,200
1768,349360,90.1600001482293,0.11499999999999999,8.49,0,18,200
1769,349840,109.54500007815659,0.06499999999999995,7.695,0,14,200
1770,350008,95.29333337303251,0.10999999999999999,8.51,0,11,200
1771,350288,115.3966671442613,0.06000000000000005,7.21,0,11,200
1772,350432,95.77500044181943,0.09499999999999997,8.715,0,10,200
1773,350632,86.14666657615453,0.14500000000000002,8.71,0,10,200
1774,350704,97.45500015001744,0.09499999999999997,8.025,0,19,200
1775,350776,131.1116667976603,0.020000000000000018,6.085,0,15,200
1776,350960,82.77500013355166,0.17500000000000004,7.965,0,17,200
1777,351440,108.92833418119699,0.050000000000000044,7.895,0,16,200
1778,351608,105.47166644688696,0.07499999999999996,7.735,0,16,200
1779,351888,96.66166677046567,0.12,8.065,0,11,200
1780,352032,87.53500020690262,0.12,8.865,0,15,200
1781,352232,118.50333384424448,0.03500000000000003,6.83,0,21,200
1782,352304,105.10333395842463,0.06000000000000005,8.36,0,13,200
1783,352376,102.56166686210781,0.08999999999999997,7.795,0,13,200
1784,352560,80.79166642110795,0.17500000000000004,8.365,0,14,200
1785,353040,93.32666682917625,0.14500000000000002,7.63,0,13,200
1786,353208,101.5933337090537,0.06499999999999995,8.39,0,19,200
1787,353488,108.7500000661239,0.05500000000000005,7.83,0,16,200
1788,353632,88.2166667142883,0.16500000000000004,7.63,0,17,200
1789,353832,117.58833344932646,0.06000000000000005,7.235,0,8,200
1790,353904,77.86333329882473,0.19499999999999995,8.75,0,9,200
1791,353976,75.03833379037678,0.16000000000000003,9.065,0,20,200
1792,354160,112.02166709396988,0.03500000000000003,8.095,0,13,200
1793,354640,88.20000016409904,0.135,8.55,0,14,200
1794,354808,87.6483332645148,0.18500000000000005,7.595,0,11,200
1795,355088,108.52666669432074,0.04500000000000004,8.26,0,14,200
1796,355232,111.21666664537042,0.05500000000000005,7.42,0,18,200
1797,355432,105.95833346992731,0.07499999999999996,7.805,0,15,200
1798,355504,97.39999984763563,0.13,7.74,0,10,200
1799,355576,97.00333347171545,0.11499999999999999,7.82,0,16,200
1800,355760,113.776666729711,0.08499999999999996,6.91,0,10,200
1801,356240,80.23166694957763,0.16000000000000003,8.875,0,15,200
1802,356408,98.86499959044158,0.125,7.665,0,11,200
1803,356688,113.86666709091514,0.07999999999999996,6.79,0,15,200
1804,356832,74.3833327749744,0.18500000000000005,8.78,0,15,200
1805,357032,90.05166626442224,0.11499999999999999,8.995,0,12,200
1806,357104,119.16333374660462,0.05500000000000005,6.92,0,12,200
1807,357176,104.63666646927595,0.07999999999999996,7.9,0,13,200
1808,357360,106.39000060968101,0.050000000000000044,8.25,0,16,200
1809,357840,97.08666686341166,0.08999999999999997,8.23,0,22,200
1810,358008,124.12666717544198,0.0,7.63,0,14,200
1811,358288,80.16833332367241,0.16000000000000003,9.275,0,10,200
1812,358432,90.54000014718622,0.14500000000000002,8.31,0,12,200
1813,358632,87.35666670650244,0.135,8.71,0,14,200
1814,358704,75.69666688703,0.18000000000000005,9.1,0,12,200
1815,358776,89.191666145809,0.16000000000000003,8.305,0,7,200
1816,358960,99.48500024992973,0.09499999999999997,8.445,0,11,200
1817,359440,119.85000007878989,0.05500000000000005,7.14,0,8,200
1818,359608,109.1550003606826,0.05500000000000005,8.055,0,13,200
1819,359888,105.37999997567385,0.05500000000000005,8.67,0,13,200
1820,360032,114.70000015385449,0.06499999999999995,7.68,0,6,200
1821,360232,84.84166682884097,0.16500000000000004,8.455,0,11,200
1822,360304,98.05999999400228,0.12,7.95,0,12,200
1823,360376,119.91666684485972,0.05500000000000005,7.24,0,6,200
1824,360560,119.68500023987144,0.04500000000000004,7.095,0,11,200
1825,361040,85.4099999377504,0.16000000000000003,8.43,0,13,200
1826,361208,95.18166685756296,0.11499999999999999,8.485,0,12,200
1827,361488,99.41166632156819,0.135,7.525,0,9,200
1828,361632,102.95833301916718,0.08499999999999996,7.955,0,15,200
1829,361832,94.27666666172445,0.11499999999999999,8.29,0,15,200
1830,361904,124.77666701748967,0.03500000000000003,7.3,0,6,200
1831,361976,122.99000015668571,0.04500000000000004,7.02,0,8,200
1832,362160,97.79166684206575,0.125,8.155,0,7,200
1833,362640,108.05166671704501,0.07499999999999996,7.645,0,13,200
1834,362808,107.1450001578778,0.06999999999999995,7.785,0,16,200
1835,363088,84.15166685450822,0.12,9.115,0,17,200
1836,363232,110.3466667830944,0.06000000000000005,8.05,0,8,200
1837,363432,116.53000021260232,0.040000000000000036,7.59,0,12,200
1838,363504,89.85666655469686,0.14,8.32,0,11,200
1839,363576,92.3700001547113,0.10999999999999999,8.55,0,15,200
1840,363760,60.756666279397905,0.22999999999999998,9.76,0,11,200
1841,364240,121.1850002631545,0.020000000000000018,7.605,0,12,200
1842,364408,116.42166662961245,0.05500000000000005,7.405,0,10,200
1843,364688,127.95333379413933,0.03500000000000003,6.68,0,8,200
1844,364832,83.27999962307513,0.17000000000000004,8.76,0,8,200
1845,365032,100.93999987933785,0.07499999999999996,8.55,0,14,200
1846,365104,99.35833338834345,0.08999999999999997,8.105,0,17,200
1847,365176,118.61833324562758,0.06999999999999995,6.935,0,9,200
1848,365360,112.07999989297241,0.040000000000000036,7.86,0,16,200
1849,365840,97.53333313111216,0.12,7.91,0,14,200
1850,366008,103.61666689813137,0.10499999999999998,7.78,0,11,200
1851,366288,90.92833354510367,0.09499999999999997,9.005,0,18,200
1852,366432,97.40500016417354,0.125,7.725,0,14,200
1853,366632,114.52666688989848,0.050000000000000044,7.93,0,7,200
1854,366704,102.07833273615688,0.08999999999999997,8.285,0,11,200
1855,366776,115.7349996631965,0.030000000000000027,7.815,0,16,200
1856,366960,103.88333332724869,0.10499999999999998,7.91,0,7,200
1857,367440,101.01333321537822,0.07999999999999996,8.54,0,12,200
1858,367608,87.28833338711411,0.17000000000000004,7.925,0,13,200
1859,367888,127.7183331772685,0.020000000000000018,7.115,0,8,200
1860,368032,110.20833307690918,0.05500000000000005,7.925,0,13,200
1861,368232,88.39666675310582,0.13,8.71,0,14,200
1862,368304,106.61166715528816,0.07999999999999996,7.795,0,12,200
1863,368376,94.18499977048486,0.125,8.565,0,7,200
1864,368560,94.22500037401915,0.11499999999999999,8.055,0,18,200
1865,369040,109.53000042960048,0.07499999999999996,7.23,0,15,200
1866,369208,103.51166651397943,0.11499999999999999,7.795,0,7,200
1867,369488,93.18833359517157,0.10999999999999999,8.465,0,17,200
1868,369632,115.523333854042,0.03500000000000003,7.79,0,13,200
1869,369832,100.12333340663463,0.07999999999999996,8.51,0,13,200
1870,369904,94.2633333383128,0.125,7.91,0,15,200
1871,369976,104.06666701566428,0.05500000000000005,8.62,0,13,200
1872,370160,116.70333388634026,0.06499999999999995,7.04,0,12,200
1873,370640,80.13333375379443,0.17000000000000004,9.14,0,9,200
1874,370808,103.02166713494807,0.07999999999999996,8.335,0,13,200
1875,371088,74.85499985516071,0.17500000000000004,9.075,0,14,200
1876,371232,71.29166624043137,0.22499999999999998,8.485,0,12,200
1877,371432,115.5200001783669,0.05500000000000005,7.71,0,7,200
1878,371504,68.89833330363035,0.18999999999999995,9.485,0,17,200
1879,371576,108.1966670230031,0.07999999999999996,7.57,0,13,200
1880,371760,107.31333359889686,0.07499999999999996,8.12,0,9,200
1881,372240,112.56333284731954,0.06000000000000005,7.49,0,13,200
1882,372408,101.50666674878448,0.10499999999999998,7.87,0,12,200
1883,372688,74.158332769759,0.17000000000000004,9.785,0,9,200
1884,372832,79.90499958954751,0.18500000000000005,8.805,0,8,200
1885,373032,103.5733335306868,0.09499999999999997,8.3,0,7,200
1886,373104,73.3166665090248,0.18000000000000005,9.46,0,11,200
1887,373176,82.61333364341408,0.15500000000000003,9.05,0,12,200
1888,373360,85.9583332920447,0.13,9.095,0,12,200
1889,373840,88.44833280611783,0.135,8.795,0,10,200
1890,374008,68.13666645158082,0.20999999999999996,9.37,0,9,200
1891,374288,83.3399994391948,0.10499999999999998,10.29,0,10,200
1892,374432,104.96000023465604,0.06999999999999995,8.76,0,6,200
1893,374632,118.93499947618693,0.050000000000000044,7.185,0,11,200
1894,374704,95.26000005565584,0.09999999999999998,8.94,0,8,200
1895,374776,124.98000041395426,0.010000000000000009,7.92,0,4,200
1896,374960,86.80500015057623,0.135,9.045,0,10,200
1897,375440,91.3433333253488,0.15500000000000003,8.24,0,7,200
1898,375608,120.45500083081424,0.03500000000000003,7.545,0,9,200
1899,375888,112.30333400052041,0.06499999999999995,7.64,0,11,200
1900,376032,93.54499958083034,0.10499999999999998,9.045,0,10,200
1901,376232,104.00166709721088,0.10999999999999999,7.705,0,7,200
1902,376304,120.25833351444453,0.03500000000000003,7.655,0,8,200
1903,376376,105.03333322424442,0.06999999999999995,8.45,0,9,200
1904,376560,85.82666639145464,0.14500000000000002,8.86,0,12,200
1905,377040,112.13166712131351,0.050000000000000044,8.125,0,10,200
1906,377208,103.67333341389894,0.08999999999999997,8.27,0,9,200
1907,377488,103.95333341136575,0.08499999999999996,8.12,0,11,200
1908,377632,108.58666669949889,0.06000000000000005,8.11,0,12,200
1909,377832,99.54500035010278,0.10499999999999998,8.115,0,11,200
1910,377904,99.52999969478697,0.07499999999999996,9.0,0,9,200
1911,377976,83.02166649885476,0.14,9.265,0,10,200
1912,378160,114.55166672728956,0.050000000000000044,8.155,0,7,200
1913,378640,70.82166625279933,0.21499999999999997,8.725,0,14,200
1914,378808,123.90500025823712,0.025000000000000022,7.515,0,7,200
1915,379088,117.27666664123535,0.06499999999999995,7.51,0,6,200
1916,379232,88.12499992921948,0.15000000000000002,8.655,0,9,200
1917,379432,95.26333318091929,0.10499999999999998,8.84,0,9,200
1918,379504,113.27166656870395,0.07499999999999996,7.375,0,9,200
1919,379576,109.2616669088602,0.06499999999999995,8.035,0,10,200
1920,379760,110.20833318587393,0.03500000000000003,8.495,0,12,200
1921,380240,107.11666621081531,0.08499999999999996,8.14,0,6,200
1922,380408,106.21166729740798,0.06000000000000005,8.455,0,12,200
1923,380688,123.44500012602657,0.030000000000000027,7.335,0,9,200
1924,380832,109.84833341650665,0.06499999999999995,8.135,0,8,200
1925,381032,90.87333294842392,0.09999999999999998,9.38,0,10,200
1926,381104,117.54000028874725,0.06999999999999995,7.14,0,9,200
1927,381176,114.591666768305,0.04500000000000004,7.915,0,12,200
1928,381360,115.24500039219856,0.04500000000000004,7.515,0,14,200
1929,381840,105.54000035487115,0.06999999999999995,8.31,0,10,200
1930,382008,98.11666631419212,0.09999999999999998,8.35,0,14,200
1931,382288,82.87833318859339,0.10999999999999999,9.755,0,15,200
1932,382432,106.71166627760977,0.06999999999999995,8.395,0,8,200
1933,382632,84.11000030301511,0.16000000000000003,8.55,0,13,200
1934,382704,82.0133331399411,0.16500000000000004,8.96,0,8,200
1935,382776,93.81333360727876,0.11499999999999999,8.48,0,14,200
1936,382960,88.49166642036289,0.16500000000000004,8.365,0,6,200
1937,383440,79.95833329576999,0.15500000000000003,9.545,0,8,200
1938,383608,77.72166708298028,0.16000000000000003,9.475,0,12,200
1939,383888,105.70166649203748,0.050000000000000044,9.025,0,9,200
1940,384032,91.98333352524787,0.13,8.57,0,10,200
1941,384232,91.93833299167454,0.11499999999999999,8.945,0,10,200
1942,384304,125.34333339054137,0.03500000000000003,6.86,0,11,200
1943,384376,121.83333386015147,0.010000000000000009,7.82,0,11,200
1944,384560,100.31999988202006,0.10499999999999998,7.92,0,13,200
1945,385040,114.77666701003909,0.03500000000000003,8.05,0,13,200
1946,385208,107.43500028550625,0.07499999999999996,8.055,0,10,200
1947,385488,105.02333330083638,0.08499999999999996,8.24,0,7,200
1948,385632,108.64499980863184,0.06999999999999995,7.935,0,12,200
1949,385832,107.27833399735391,0.07499999999999996,8.315,0,7,200
1950,385904,92.20333350542933,0.10499999999999998,9.05,0,12,200
1951,385976,104.20333378389478,0.06499999999999995,8.54,0,11,200
1952,386160,76.1949997972697,0.17000000000000004,9.735,0,7,200
1953,386640,107.95000047329813,0.08499999999999996,7.68,0,11,200
1954,386808,108.5966664897278,0.07999999999999996,8.02,0,8,200
1955,387088,111.53333423100412,0.040000000000000036,8.36,0,11,200
1956,387232,122.32833399623632,0.020000000000000018,7.715,0,11,200
1957,387432,123.36833320464939,0.030000000000000027,7.565,0,6,200
1958,387504,115.97499941010028,0.06999999999999995,7.035,0,12,200
1959,387576,105.25833336543292,0.10499999999999998,7.415,0,13,200
1960,387760,78.43000024277717,0.18000000000000005,9.03,0,10,200
1961,388240,79.27833320572972,0.17000000000000004,8.555,0,17,200
1962,388408,85.03666625637561,0.16000000000000003,8.8,0,9,200
1963,388688,115.53500029072165,0.04500000000000004,7.845,0,11,200
1964,388832,113.93166664242744,0.08499999999999996,7.165,0,10,200
1965,389032,129.22000001370907,0.040000000000000036,6.39,0,11,200
1966,389104,87.70666691381484,0.10499999999999998,8.95,0,20,200
1967,389176,96.65166666917503,0.14,7.735,0,12,200
1968,389360,98.98333338834345,0.12,7.97,0,9,200
1969,389840,71.4100000904873,0.22499999999999998,8.67,0,13,200
1970,390008,98.99499975331128,0.10499999999999998,7.995,0,14,200
1971,390288,116.54666672181338,0.03500000000000003,7.81,0,13,200
1972,390432,103.18333336431533,0.08999999999999997,7.94,0,14,200
1973,390632,98.11333325318992,0.08499999999999996,8.72,0,13,200
1974,390704,65.66833311412483,0.24,8.855,0,12,200
1975,390776,111.99333350546658,0.05500000000000005,8.24,0,8,200
1976,390960,110.60833318438381,0.08499999999999996,7.655,0,7,200
1977,391440,118.30166672542691,0.06499999999999995,6.835,0,13,200
1978,391608,117.90166684612632,0.05500000000000005,7.465,0,7,200
1979,391888,99.71333383023739,0.06000000000000005,9.11,0,15,200
1980,392032,95.61833321675658,0.09999999999999998,8.825,0,11,200
1981,392232,99.46166664920747,0.07999999999999996,8.455,0,17,200
1982,392304,117.99833388533443,0.015000000000000013,8.135,0,11,200
1983,392376,100.13500015251338,0.11499999999999999,7.725,0,14,200
1984,392560,85.530000153929,0.16500000000000004,8.19,0,13,200
1985,393040,124.15000011771917,0.03500000000000003,6.96,0,12,200
1986,393208,106.04666676186025,0.07499999999999996,8.38,0,9,200
1987,393488,113.43666673451662,0.050000000000000044,7.66,0,16,200
1988,393632,89.61500048730522,0.135,8.625,0,13,200
1989,393832,82.87166643608361,0.15000000000000002,8.665,0,16,200
1990,393904,83.97833344060928,0.16000000000000003,8.525,0,14,200
1991,393976,110.55666710622609,0.07499999999999996,7.6,0,11,200
1992,394160,109.87000032048672,0.010000000000000009,8.97,0,16,200
1993,394640,95.710000006482,0.09499999999999997,8.82,0,11,200
1994,394808,87.55666636861861,0.14500000000000002,8.74,0,11,200
1995,395088,94.30833375267684,0.10499999999999998,8.765,0,11,200
1996,395232,113.32833366747946,0.06999999999999995,7.775,0,6,200
1997,395432,115.2833330752328,0.05500000000000005,7.76,0,10,200
1998,395504,51.301666212268174,0.27,9.895,0,10,200
1999,395576,109.86833360325545,0.08499999999999996,7.655,0,11,200
2000,395760,119.31666675116867,0.04500000000000004,7.51,0,10,200
2001,396240,121.3283338546753,0.03500000000000003,7.445,0,11,200
2002,396408,87.20999992173165,0.12,9.33,0,10,200
2003,396688,106.57333380542696,0.04500000000000004,8.81,0,14,200
2004,396832,70.84166643023491,0.18999999999999995,9.205,0,14,200
2005,397032,102.56499955523759,0.08499999999999996,8.445,0,9,200
2006,397104,121.22500010859221,0.015000000000000013,8.055,0,8,200
2007,397176,87.48333338648081,0.125,9.23,0,10,200
2008,397360,96.29500028584152,0.10499999999999998,8.565,0,10,200
2009,397840,103.37333341408521,0.09999999999999998,7.79,0,11,200
2010,398008,107.92833319120109,0.06999999999999995,8.285,0,7,200
2011,398288,106.13666652794927,0.05500000000000005,8.38,0,14,200
2012,398432,92.15166639070958,0.15000000000000002,8.125,0,9,200
2013,398632,107.53166650049388,0.08499999999999996,8.035,0,6,200
2014,398704,116.87833394296467,0.040000000000000036,7.625,0,13,200
2015,398776,123.03166703879833,0.05500000000000005,7.105,0,5,200
2016,398960,99.32833343651146,0.10999999999999999,8.345,0,8,200
2017,399440,121.46666636969894,0.05500000000000005,7.18,0,7,200
2018,399608,118.02333294134587,0.05500000000000005,7.52,0,6,200
2019,399888,91.09500026516616,0.125,8.985,0,8,200
