episode,timestep,reward,sla_violation,mean_replicas,crashes,flapping_incidents,length
0,96,-22.451666444540024,0.9166666666666666,3.0833333333333335,1,3,12
1,136,-25.6216660104692,0.9411764705882353,2.176470588235294,1,7,17
2,136,-17.665000583976507,0.47058823529411764,2.6470588235294117,1,6,17
3,192,-21.69833379983902,0.75,3.2083333333333335,1,5,24
4,224,-14.8766660252586,0.4375,3.25,1,1,16
5,320,-15.295000363141298,0.3125,3.1875,1,5,16
6,408,-20.06833389401436,0.8181818181818181,2.090909090909091,1,1,11
7,496,-6.9783332124352455,0.4444444444444444,2.911111111111111,1,8,45
8,528,-22.471665792167187,0.8666666666666667,3.6666666666666665,1,2,15
9,536,-23.253333183005452,0.64,2.92,1,20,50
10,1096,-28.004999649710953,0.647887323943662,4.436619718309859,1,26,71
11,1600,52.615000223740935,0.18000000000000005,6.795,0,79,200
12,1600,55.93499987293035,0.06000000000000005,8.835,0,80,200
13,1600,62.20500024128705,0.07999999999999996,8.775,0,68,200
14,1600,41.80333351902664,0.21999999999999997,6.05,0,88,200
15,1720,-19.683333106338978,0.6,3.3333333333333335,1,4,15
16,1760,-1.1949997069314122,0.2530120481927711,5.963855421686747,1,31,83
17,1824,45.953333406709135,0.20999999999999996,7.58,0,71,200
18,2096,47.74500049185008,0.27,5.715,0,70,200
19,2136,45.23166668228805,0.15500000000000003,8.755,0,71,200
20,2680,10.221666392870247,0.16666666666666663,6.341666666666667,1,53,120
21,3200,52.63999981060624,0.16500000000000004,8.46,0,59,200
22,3200,57.8166669011116,0.08499999999999996,8.83,0,71,200
23,3200,57.103333700448275,0.14,7.13,0,79,200
24,3360,46.11666749510914,0.14500000000000002,7.75,0,83,200
25,3424,59.61166656203568,0.15000000000000002,7.495,0,65,200
26,3696,57.57000042591244,0.135,7.02,0,77,200
27,3736,62.618333507329226,0.13,8.345,0,58,200
28,4280,86.87333358637989,0.040000000000000036,6.8,0,68,200
29,4800,69.19833331927657,0.125,7.565,0,58,200
30,4800,66.023333709687,0.09999999999999998,7.58,0,70,200
31,4800,77.61333322059363,0.07499999999999996,7.79,0,55,200
32,4960,75.6466666162014,0.08499999999999996,6.91,0,66,200
33,5024,73.62666662968695,0.040000000000000036,7.99,0,72,200
34,5296,58.21333394385874,0.08499999999999996,8.72,0,71,200
35,5336,69.4216669043526,0.050000000000000044,8.095,0,74,200
36,5880,71.04833342786878,0.08999999999999997,7.805,0,63,200
37,6400,50.855000638403,0.09499999999999997,8.655,0,81,200
38,6400,51.393333518877625,0.125,8.75,0,68,200
39,6400,50.37833330500871,0.14500000000000002,8.195,0,74,200
40,6560,56.77000028081238,0.09999999999999998,8.76,0,70,200
41,6624,66.79166682530195,0.07999999999999996,8.785,0,60,200
42,6896,57.469999922439456,0.08499999999999996,9.18,0,66,200
43,6936,65.38333348557353,0.08499999999999996,8.84,0,57,200
44,7480,76.60333359520882,0.010000000000000009,8.96,0,63,200
45,8000,52.60000024922192,0.08999999999999997,8.73,0,80,200
46,8000,60.82666682638228,0.07499999999999996,9.55,0,59,200
47,8000,70.62499999906868,0.04500000000000004,8.715,0,63,200
48,8160,57.11000022478402,0.08999999999999997,8.91,0,69,200
49,8224,68.61666676029563,0.07999999999999996,8.38,0,62,200
50,8496,61.975000276230276,0.10499999999999998,8.715,0,58,200
51,8536,71.98833365458995,0.07999999999999996,8.555,0,52,200
52,9080,77.89000022877008,0.040000000000000036,8.85,0,53,200
53,9600,72.58833293616772,0.050000000000000044,9.275,0,54,200
54,9600,74.86833366565406,0.050000000000000044,9.005,0,52,200
55,9600,72.82333368249238,0.08499999999999996,8.18,0,55,200
56,9760,69.85833359975368,0.06999999999999995,9.095,0,53,200
57,9824,75.38000011537224,0.03500000000000003,8.97,0,57,200
58,10096,70.17166677396744,0.06999999999999995,8.245,0,63,200
59,10136,70.01833326648921,0.04500000000000004,9.665,0,54,200
60,10680,81.96500025410205,0.010000000000000009,8.205,0,65,200
61,11200,57.616666533984244,0.14,9.31,0,50,200
62,11200,65.9383333818987,0.10499999999999998,9.335,0,46,200
63,11200,64.58666687831283,0.05500000000000005,8.89,0,66,200
64,11360,71.5666668806225,0.04500000000000004,8.98,0,58,200
65,11424,81.7233335711062,0.010000000000000009,8.81,0,59,200
66,11696,71.00833337008953,0.07499999999999996,8.885,0,52,200
67,11736,78.76166707463562,0.05500000000000005,8.125,0,56,200
68,12280,82.17166690248996,0.03500000000000003,9.025,0,46,200
69,12800,52.2183333132416,0.14,8.945,0,60,200
70,12800,72.99500045273453,0.06499999999999995,8.565,0,56,200
71,12800,81.02166713867337,0.05500000000000005,8.245,0,50,200
72,12960,78.6333335712552,0.040000000000000036,8.75,0,51,200
73,13024,81.59166694525629,0.05500000000000005,8.425,0,47,200
74,13296,67.7466668849811,0.06999999999999995,8.59,0,62,200
75,13336,67.55166683718562,0.06000000000000005,8.965,0,61,200
76,13880,56.43666693288833,0.06499999999999995,9.43,0,70,200
77,14400,67.75000000558794,0.07999999999999996,9.06,0,54,200
78,14400,77.13833375182003,0.020000000000000018,8.975,0,59,200
79,14400,65.0183335840702,0.050000000000000044,9.125,0,65,200
80,14560,74.83500016853213,0.050000000000000044,8.715,0,56,200
81,14624,80.04500003252178,0.03500000000000003,8.415,0,57,200
82,14896,90.00333365797997,0.040000000000000036,7.46,0,53,200
83,14936,73.95333349145949,0.050000000000000044,8.93,0,56,200
84,15480,65.11499998811632,0.07499999999999996,8.505,0,63,200
85,16000,66.97499999962747,0.06999999999999995,9.585,0,50,200
86,16000,77.47166722547263,0.050000000000000044,8.845,0,49,200
87,16000,68.72500027529895,0.06499999999999995,9.585,0,53,200
88,16160,78.74000022094697,0.05500000000000005,8.88,0,50,200
89,16224,85.44833381101489,0.020000000000000018,8.435,0,52,200
90,16496,82.51500052120537,0.06499999999999995,8.445,0,45,200
91,16536,76.73333390150219,0.025000000000000022,8.99,0,60,200
92,17080,65.49166662618518,0.06999999999999995,8.785,0,62,200
93,17600,72.21166705992073,0.06999999999999995,8.275,0,61,200
94,17600,87.40166718047112,0.05500000000000005,8.275,0,43,200
95,17600,71.91500029154122,0.050000000000000044,8.625,0,62,200
96,17760,85.64500046800822,0.040000000000000036,9.255,0,39,200
97,17824,81.85166723281145,0.03500000000000003,8.605,0,53,200
98,18096,78.60333334468305,0.06499999999999995,8.51,0,50,200
99,18136,84.5466670114547,0.05500000000000005,9.22,0,34,200
100,18680,64.45333362091333,0.06000000000000005,9.47,0,60,200
101,19200,69.11666697449982,0.07999999999999996,8.47,0,59,200
102,19200,76.65333340410143,0.08499999999999996,8.93,0,43,200
103,19200,64.26666683238,0.06000000000000005,9.34,0,62,200
104,19360,86.51333397720009,0.020000000000000018,8.6,0,51,200
105,19424,87.1850005844608,0.020000000000000018,8.925,0,45,200
106,19696,71.27666681818664,0.06000000000000005,8.92,0,57,200
107,19736,74.76499993726611,0.030000000000000027,9.435,0,55,200
108,20280,89.2183338906616,0.025000000000000022,8.375,0,48,200
109,20800,67.88000059314072,0.08999999999999997,8.55,0,59,200
110,20800,83.79333372041583,0.06999999999999995,7.91,0,47,200
111,20800,83.29500048048794,0.04500000000000004,8.625,0,46,200
112,20960,79.84500036668032,0.06499999999999995,8.325,0,52,200
113,21024,83.86000012047589,0.030000000000000027,8.16,0,57,200
114,21296,80.06166695989668,0.030000000000000027,9.115,0,51,200
115,21336,82.58833368681371,0.050000000000000044,8.135,0,57,200
116,21880,61.70166702568531,0.09999999999999998,9.445,0,54,200
117,22400,73.90500032622367,0.07999999999999996,8.655,0,52,200
118,22400,80.40166655182838,0.06999999999999995,8.125,0,52,200
119,22400,87.36333379335701,0.025000000000000022,8.39,0,51,200
120,22560,78.72833378985524,0.07499999999999996,8.405,0,48,200
121,22624,67.38833368197083,0.06999999999999995,9.245,0,56,200
122,22896,89.83333355747163,0.020000000000000018,7.97,0,55,200
123,22936,77.33333323337138,0.03500000000000003,8.96,0,58,200
124,23480,82.43500014767051,0.040000000000000036,8.745,0,50,200
125,24000,76.77666703797877,0.04500000000000004,8.77,0,55,200
126,24000,78.65833329409361,0.06000000000000005,8.435,0,52,200
127,24000,78.70500012394041,0.06499999999999995,8.115,0,54,200
128,24160,79.89833378698677,0.015000000000000013,8.885,0,59,200
129,24224,77.78666712809354,0.06000000000000005,8.62,0,52,200
130,24496,68.87666708044708,0.12,7.81,0,57,200
131,24536,62.93333348818123,0.07999999999999996,9.02,0,63,200
132,25080,79.68833363149315,0.04500000000000004,8.645,0,52,200
133,25600,84.74000002350658,0.05500000000000005,8.13,0,50,200
134,25600,77.73166684992611,0.06000000000000005,8.755,0,50,200
135,25600,75.44833378959447,0.08499999999999996,8.195,0,53,200
136,25760,86.41833357699215,0.03500000000000003,8.495,0,49,200
137,25824,97.45666713546962,0.020000000000000018,8.26,0,41,200
138,26096,79.42833344079554,0.030000000000000027,8.765,0,58,200
139,26136,90.92000034358352,0.040000000000000036,7.62,0,51,200
140,26680,84.56000040937215,0.010000000000000009,8.61,0,57,200
141,27200,80.54666683357209,0.040000000000000036,8.17,0,59,200
142,27200,80.66000043414533,0.050000000000000044,8.91,0,48,200
143,27200,82.81666725222021,0.025000000000000022,8.86,0,53,200
144,27360,66.88000019732863,0.11499999999999999,8.97,0,48,200
145,27424,80.35833368636668,0.06999999999999995,8.195,0,49,200
146,27696,88.03000033274293,0.04500000000000004,8.1,0,48,200
147,27736,89.31333386339247,0.020000000000000018,8.51,0,47,200
148,28280,101.26166724320501,0.025000000000000022,7.555,0,39,200
149,28800,82.03833359759301,0.06499999999999995,8.525,0,44,200
150,28800,82.32000023405999,0.08499999999999996,7.5,0,50,200
151,28800,94.203333648853,0.040000000000000036,7.52,0,49,200
152,28960,90.98666710034013,0.06499999999999995,7.81,0,41,200
153,29024,78.03000039514154,0.06499999999999995,7.95,0,59,200
154,29296,80.29000032693148,0.06000000000000005,8.28,0,54,200
155,29336,98.39333381783217,0.020000000000000018,7.67,0,45,200
156,29880,77.50500023458153,0.06000000000000005,8.265,0,57,200
157,30400,79.35833402257413,0.06999999999999995,8.555,0,44,200
158,30400,86.73500033095479,0.030000000000000027,8.145,0,53,200
159,30400,80.96000035386533,0.030000000000000027,8.67,0,54,200
160,30560,98.75000050291419,0.030000000000000027,7.89,0,38,200
161,30624,76.89666664414108,0.07999999999999996,9.01,0,42,200
162,30896,88.0800002636388,0.06000000000000005,7.65,0,48,200
163,30936,92.48833396472037,0.020000000000000018,8.195,0,47,200
164,31480,77.36000036727637,0.07999999999999996,8.55,0,49,200
165,32000,87.8316671056673,0.030000000000000027,8.275,0,50,200
166,32000,87.84500040020794,0.025000000000000022,8.055,0,55,200
167,32000,93.37000025436282,0.05500000000000005,7.41,0,45,200
168,32160,79.69166711345315,0.06499999999999995,8.155,0,54,200
169,32224,81.49833373073488,0.05500000000000005,8.825,0,46,200
170,32496,75.88333339709789,0.06999999999999995,8.45,0,55,200
171,32536,97.66833383496851,0.050000000000000044,7.085,0,44,200
172,33080,92.47666697576642,0.05500000000000005,8.17,0,36,200
173,33600,84.75166686903685,0.04500000000000004,8.185,0,53,200
174,33600,88.96333381067961,0.040000000000000036,8.18,0,46,200
175,33600,97.5000001527369,0.040000000000000036,7.71,0,39,200
176,33760,84.69166687037796,0.06999999999999995,7.855,0,47,200
177,33824,84.44000063836575,0.06999999999999995,8.28,0,43,200
178,34096,100.38500007241964,0.030000000000000027,7.755,0,38,200
179,34136,96.53000032436103,0.015000000000000013,8.19,0,42,200
180,34680,76.58666708320379,0.07999999999999996,8.47,0,50,200
181,35200,98.7450004927814,0.03500000000000003,7.755,0,39,200
182,35200,82.47500073071569,0.06000000000000005,8.505,0,48,200
183,35200,88.97166658192873,0.06499999999999995,7.945,0,43,200
184,35360,103.3583337655291,0.015000000000000013,7.355,0,45,200
185,35424,102.06333366036415,0.030000000000000027,7.49,0,39,200
186,35696,101.28833367209882,0.025000000000000022,7.565,0,41,200
187,35736,89.950000311248,0.05500000000000005,7.8,0,44,200
188,36280,98.70833350345492,0.030000000000000027,7.895,0,40,200
189,36800,98.64833319559693,0.040000000000000036,7.655,0,40,200
190,36800,96.91666713077575,0.050000000000000044,7.72,0,38,200
191,36800,90.36000024154782,0.07999999999999996,7.29,0,44,200
192,36960,93.5366670191288,0.030000000000000027,7.99,0,44,200
193,37024,86.86833349242806,0.025000000000000022,9.095,0,42,200
194,37296,96.95000027120113,0.06999999999999995,7.44,0,36,200
195,37336,91.8466672282666,0.050000000000000044,8.5,0,36,200
196,37880,75.31000044383109,0.10999999999999999,8.67,0,40,200
197,38400,97.69666718039662,0.0050000000000000044,8.62,0,40,200
198,38400,108.13000045716763,0.015000000000000013,7.56,0,36,200
199,38400,92.026667047292,0.05500000000000005,7.87,0,42,200
200,38560,99.53500047791749,0.03500000000000003,7.485,0,41,200
201,38624,107.95500030741096,0.015000000000000013,7.215,0,39,200
202,38896,94.9216672256589,0.06999999999999995,7.525,0,37,200
203,38936,87.36833382025361,0.06499999999999995,7.925,0,46,200
204,39480,103.05000051297247,0.025000000000000022,7.62,0,39,200
205,40000,87.70500038191676,0.06499999999999995,7.905,0,44,200
206,40000,100.43333349656314,0.015000000000000013,7.88,0,42,200
207,40000,85.7750005479902,0.08499999999999996,7.725,0,45,200
208,40160,98.07000035606325,0.03500000000000003,8.19,0,34,200
209,40224,95.72333366423845,0.06000000000000005,7.61,0,37,200
210,40496,104.2133337110281,0.025000000000000022,7.49,0,38,200
211,40536,84.4966670004651,0.08999999999999997,7.42,0,48,200
212,41080,96.79999993368983,0.06000000000000005,7.38,0,38,200
213,41600,96.18000011891127,0.06000000000000005,7.32,0,41,200
214,41600,103.61833364889026,0.040000000000000036,7.385,0,35,200
215,41600,92.62000051792711,0.030000000000000027,8.22,0,46,200
216,41760,97.11666706390679,0.03500000000000003,8.08,0,37,200
217,41824,94.84500010218471,0.05500000000000005,7.875,0,39,200
218,42096,95.7900001630187,0.06499999999999995,7.5,0,37,200
219,42136,98.45166701450944,0.05500000000000005,7.375,0,37,200
220,42680,101.8699997132644,0.04500000000000004,7.35,0,35,200
221,43200,98.81000009831041,0.04500000000000004,7.98,0,33,200
222,43200,85.36666697636247,0.06499999999999995,8.05,0,46,200
223,43200,99.81666701938957,0.030000000000000027,7.72,0,39,200
224,43360,95.98666699975729,0.06000000000000005,7.42,0,39,200
225,43424,104.18000010028481,0.03500000000000003,7.38,0,36,200
226,43696,101.27166681643575,0.040000000000000036,7.525,0,37,200
227,43736,87.57166684232652,0.04500000000000004,8.785,0,39,200
228,44280,94.83333362173289,0.05500000000000005,7.76,0,41,200
229,44800,105.99833340384066,0.04500000000000004,7.025,0,36,200
230,44800,91.0600002259016,0.07499999999999996,7.71,0,40,200
231,44800,101.12166669033468,0.06499999999999995,7.675,0,27,200
232,44960,104.13500016182661,0.05500000000000005,7.395,0,29,200
233,45024,93.96166704501957,0.05500000000000005,7.825,0,41,200
234,45296,102.5300003895536,0.05500000000000005,7.35,0,31,200
235,45336,99.57666664198041,0.050000000000000044,7.69,0,35,200
236,45880,111.30166716128588,0.03500000000000003,7.195,0,28,200
237,46400,100.30166688468307,0.07499999999999996,7.255,0,31,200
238,46400,109.73333349078894,0.03500000000000003,7.16,0,31,200
239,46400,106.28333367593586,0.06499999999999995,7.04,0,30,200
240,46560,116.24666711501777,0.030000000000000027,6.67,0,31,200
241,46624,99.753333568573,0.03500000000000003,7.58,0,40,200
242,46896,106.80333342030644,0.04500000000000004,6.98,0,35,200
243,46936,101.12166665121913,0.07499999999999996,7.345,0,30,200
244,47480,97.39833353739232,0.04500000000000004,8.195,0,32,200
245,48000,119.41333364322782,0.020000000000000018,6.92,0,25,200
246,48000,109.12166710849851,0.04500000000000004,7.345,0,27,200
247,48000,107.89000003412366,0.05500000000000005,6.9,0,31,200
248,48160,109.31666709110141,0.015000000000000013,7.57,0,34,200
249,48224,105.99833385273814,0.020000000000000018,7.925,0,33,200
250,48496,101.25666658952832,0.05500000000000005,7.42,0,33,200
251,48536,97.48333329986781,0.06499999999999995,7.55,0,36,200
252,49080,105.2516671223566,0.06999999999999995,7.045,0,28,200
253,49600,114.34166706632823,0.040000000000000036,6.715,0,28,200
254,49600,109.86000022292137,0.050000000000000044,7.05,0,29,200
255,49600,100.02833371981978,0.06999999999999995,7.265,0,34,200
256,49760,118.84166667796671,0.030000000000000027,6.805,0,22,200
257,49824,114.06333341728896,0.03500000000000003,6.98,0,26,200
258,50096,115.33500015735626,0.03500000000000003,7.305,0,19,200
259,50136,107.1200005337596,0.06499999999999995,7.2,0,25,200
260,50680,104.02000035345554,0.030000000000000027,7.41,0,38,200
261,51200,104.86166664585471,0.04500000000000004,7.465,0,31,200
262,51200,118.32000011950731,0.030000000000000027,6.57,0,29,200
263,51200,110.07666656002402,0.025000000000000022,7.15,0,34,200
264,51360,94.57500027772039,0.05500000000000005,7.755,0,39,200
265,51424,92.3249999023974,0.11499999999999999,7.305,0,31,200
266,51696,112.72666720673442,0.010000000000000009,7.51,0,32,200
267,51736,116.7100003855303,0.030000000000000027,6.66,0,27,200
268,52280,117.34500052034855,0.030000000000000027,7.095,0,22,200
269,52800,122.36000006273389,0.050000000000000044,6.09,0,19,200
270,52800,103.19500005245209,0.07999999999999996,6.855,0,32,200
271,52800,116.85666697472334,0.025000000000000022,6.82,0,28,200
272,52960,112.02500052470714,0.040000000000000036,6.735,0,30,200
273,53024,121.21500061452389,0.050000000000000044,6.285,0,20,200
274,53296,109.82500021811575,0.06499999999999995,7.005,0,23,200
275,53336,114.86500012408942,0.025000000000000022,7.245,0,25,200
276,53880,106.26833336427808,0.040000000000000036,7.325,0,32,200
277,54400,112.5033336058259,0.050000000000000044,6.98,0,24,200
278,54400,108.5516668856144,0.04500000000000004,7.165,0,30,200
279,54400,100.29000053461641,0.05500000000000005,7.38,0,37,200
280,54560,110.63000010512769,0.07999999999999996,6.21,0,29,200
281,54624,117.8533333428204,0.015000000000000013,6.95,0,26,200
282,54896,107.47166716493666,0.06999999999999995,6.565,0,31,200
283,54936,121.79833332449198,0.040000000000000036,6.185,0,23,200
284,55480,110.91500052809715,0.05500000000000005,7.125,0,24,200
285,56000,104.41666712239385,0.04500000000000004,7.63,0,31,200
286,56000,112.58166674524546,0.06000000000000005,6.385,0,27,200
287,56000,120.7783341286704,0.025000000000000022,6.965,0,17,200
288,56160,117.14000035449862,0.040000000000000036,6.96,0,20,200
289,56224,122.65166652947664,0.020000000000000018,6.415,0,25,200
290,56496,121.06166712194681,0.020000000000000018,6.895,0,20,200
291,56536,114.7233334928751,0.050000000000000044,6.71,0,25,200
292,57080,119.39833389222622,0.040000000000000036,6.845,0,17,200
293,57600,125.06666663568467,0.06499999999999995,5.59,0,17,200
294,57600,119.98666664958,0.03500000000000003,6.46,0,24,200
295,57600,127.53666715882719,0.04500000000000004,6.01,0,16,200
296,57760,120.67333352565765,0.040000000000000036,6.56,0,21,200
297,57824,100.33666664361954,0.07999999999999996,7.15,0,32,200
298,58096,118.88000035192817,0.06000000000000005,6.15,0,22,200
299,58136,122.22000023629516,0.03500000000000003,6.48,0,19,200
300,58680,113.47333335131407,0.050000000000000044,6.8,0,24,200
301,59200,113.22000032663345,0.09499999999999997,6.03,0,22,200
302,59200,110.81666702404618,0.125,6.13,0,13,200
303,59200,123.11166686471552,0.040000000000000036,6.295,0,20,200
304,59360,118.64000011608005,0.09499999999999997,5.76,0,16,200
305,59424,107.95166657771915,0.12,5.815,0,24,200
306,59696,128.56666718795896,0.06000000000000005,5.74,0,13,200
307,59736,112.91666677314788,0.06000000000000005,6.4,0,27,200
308,60280,128.556666623801,0.015000000000000013,6.31,0,19,200
309,60800,133.16833397280425,0.025000000000000022,5.825,0,15,200
310,60800,125.90166641771793,0.025000000000000022,6.535,0,16,200
311,60800,128.31333376467228,0.04500000000000004,5.72,0,17,200
312,60960,101.65000006463379,0.08999999999999997,6.87,0,30,200
313,61024,125.578333533369,0.07499999999999996,5.705,0,12,200
314,61296,122.40666709002107,0.09499999999999997,5.44,0,12,200
315,61336,117.97833359520882,0.06999999999999995,5.705,0,26,200
316,61880,101.56333333812654,0.14,6.11,0,23,200
317,62400,125.99333331268281,0.040000000000000036,5.9,0,20,200
318,62400,123.77666736673564,0.050000000000000044,5.77,0,24,200
319,62400,115.10833330452442,0.06499999999999995,6.125,0,27,200
320,62560,100.38833341002464,0.09499999999999997,7.145,0,26,200
321,62624,126.70000075176358,0.025000000000000022,5.82,0,26,200
322,62896,106.33166712429374,0.08499999999999996,6.715,0,25,200
323,62936,106.94999997317791,0.08499999999999996,6.72,0,23,200
324,63480,126.0766672482714,0.030000000000000027,6.07,0,20,200
325,64000,113.05666674021631,0.06499999999999995,6.1,0,31,200
326,64000,122.33166681881994,0.03500000000000003,6.175,0,23,200
327,64000,104.17000004462898,0.07499999999999996,7.35,0,24,200
328,64160,123.10500014200807,0.07499999999999996,5.625,0,16,200
329,64224,107.29166654963046,0.040000000000000036,7.465,0,28,200
330,64496,120.88999980967492,0.04500000000000004,6.51,0,17,200
331,64536,125.10500035062432,0.015000000000000013,6.495,0,22,200
332,65080,131.48833334818482,0.020000000000000018,6.005,0,16,200
333,65600,109.42333361506462,0.10999999999999999,5.93,0,23,200
334,65600,124.94333320856094,0.020000000000000018,6.53,0,20,200
335,65600,97.8266666457057,0.135,6.28,0,30,200
336,65760,124.34833344072104,0.04500000000000004,6.275,0,17,200
337,65824,116.24333345424384,0.030000000000000027,6.89,0,26,200
338,66096,124.578333619982,0.04500000000000004,6.095,0,19,200
339,66136,121.21666717343032,0.08499999999999996,5.44,0,18,200
340,66680,113.81500036269426,0.08999999999999997,5.985,0,23,200
341,67200,124.19666664954275,0.015000000000000013,6.64,0,21,200
342,67200,119.12166671454906,0.05500000000000005,6.415,0,20,200
343,67200,129.33999998494983,0.03500000000000003,5.79,0,18,200
344,67360,126.47333412151784,0.03500000000000003,6.14,0,17,200
345,67424,110.93999959900975,0.06999999999999995,6.69,0,24,200
346,67696,119.56166725512594,0.050000000000000044,6.505,0,18,200
347,67736,122.08833347633481,0.07499999999999996,5.705,0,18,200
348,68280,124.26166662946343,0.010000000000000009,6.715,0,23,200
349,68800,124.10500017460436,0.015000000000000013,6.555,0,22,200
350,68800,108.50666693039238,0.08999999999999997,6.19,0,26,200
351,68800,121.48333353083581,0.06999999999999995,5.69,0,20,200
352,68960,127.24833326321095,0.050000000000000044,5.855,0,15,200
353,69024,117.86500024609268,0.050000000000000044,5.955,0,30,200
354,69296,124.64166678115726,0.030000000000000027,6.325,0,22,200
355,69336,122.44666709378362,0.03500000000000003,6.64,0,16,200
356,69880,112.53500011190772,0.10499999999999998,5.925,0,20,200
357,70400,115.99333379417658,0.03500000000000003,6.65,0,30,200
358,70400,109.20666690077633,0.06999999999999995,6.46,0,30,200
359,70400,116.11000029649585,0.07499999999999996,5.94,0,23,200
360,70560,120.2150004580617,0.07499999999999996,6.105,0,15,200
361,70624,117.13666705042124,0.050000000000000044,6.43,0,24,200
362,70896,112.30499954894185,0.050000000000000044,6.795,0,26,200
363,70936,110.43833363056183,0.040000000000000036,6.695,0,35,200
364,71480,105.56333369016647,0.07999999999999996,6.74,0,29,200
365,72000,115.33166688680649,0.07499999999999996,6.325,0,19,200
366,72000,125.58166673313826,0.03500000000000003,5.815,0,23,200
367,72000,111.21166670974344,0.040000000000000036,6.505,0,35,200
368,72160,98.20166704710573,0.11499999999999999,6.895,0,26,200
369,72224,121.59500017669052,0.06000000000000005,6.045,0,18,200
370,72496,120.4083331329748,0.020000000000000018,6.395,0,29,200
371,72536,115.9900001771748,0.07999999999999996,5.79,0,23,200
372,73080,119.18833380192518,0.030000000000000027,6.845,0,22,200
373,73600,125.36000025924295,0.03500000000000003,5.88,0,24,200
374,73600,118.97500022314489,0.07499999999999996,5.625,0,23,200
375,73600,124.73166672885418,0.050000000000000044,5.845,0,20,200
376,73760,114.05666669365019,0.06000000000000005,6.31,0,29,200
377,73824,128.12833347078413,0.040000000000000036,5.735,0,18,200
378,74096,121.20333312265575,0.03500000000000003,6.38,0,22,200
379,74136,108.31666693091393,0.08999999999999997,6.49,0,23,200
380,74680,120.5300005460158,0.07499999999999996,5.94,0,17,200
381,75200,119.5966665474698,0.050000000000000044,6.28,0,21,200
382,75200,118.59833369217813,0.05500000000000005,6.425,0,19,200
383,75200,102.27166687697172,0.09499999999999997,7.135,0,23,200
384,75360,125.67666728422046,0.03500000000000003,6.28,0,15,200
385,75424,104.73666688799858,0.11499999999999999,6.52,0,21,200
386,75696,115.91833323892206,0.06000000000000005,6.845,0,17,200
387,75736,120.57833320647478,0.05500000000000005,6.185,0,21,200
388,76280,111.92333380319178,0.07999999999999996,6.41,0,23,200
389,76800,122.41166649386287,0.050000000000000044,5.815,0,23,200
390,76800,117.25833349209279,0.06499999999999995,6.455,0,19,200
391,76800,126.56166636478156,0.03500000000000003,5.815,0,21,200
392,76960,119.43166628200561,0.04500000000000004,6.205,0,25,200
393,77024,123.89000043272972,0.03500000000000003,6.42,0,17,200
394,77296,123.96000016480684,0.025000000000000022,6.6,0,19,200
395,77336,114.29499994497746,0.07999999999999996,6.405,0,19,200
396,77880,121.5333334505558,0.030000000000000027,6.86,0,18,200
397,78400,103.87833369895816,0.09999999999999998,6.245,0,31,200
398,78400,115.39666717033833,0.07499999999999996,6.55,0,18,200
399,78400,130.59833334945142,0.010000000000000009,6.215,0,18,200
400,78560,108.7916666045785,0.06499999999999995,6.895,0,26,200
401,78624,127.77999964728951,0.020000000000000018,6.39,0,16,200
402,78896,99.46500014606863,0.09499999999999997,6.975,0,30,200
403,78936,117.77666705474257,0.050000000000000044,6.46,0,22,200
404,79480,124.37166654504836,0.025000000000000022,6.295,0,22,200
405,80000,112.75666735880077,0.09499999999999997,6.07,0,21,200
406,80000,125.78166693262756,0.05500000000000005,5.755,0,18,200
407,80000,109.7666673399508,0.08499999999999996,6.46,0,23,200
408,80160,127.06333361566067,0.040000000000000036,5.69,0,23,200
409,80224,114.61499971151352,0.05500000000000005,6.555,0,25,200
410,80496,122.5283332420513,0.03500000000000003,6.155,0,25,200
411,80536,113.59500040113926,0.06499999999999995,6.615,0,22,200
412,81080,125.67166685499251,0.025000000000000022,6.385,0,17,200
413,81600,104.3533338373527,0.12,6.05,0,25,200
414,81600,120.08166718669236,0.050000000000000044,6.055,0,26,200
415,81600,119.4149997998029,0.06000000000000005,6.225,0,19,200
416,81760,117.08166709542274,0.04500000000000004,6.265,0,29,200
417,81824,129.90166672319174,0.04500000000000004,5.665,0,17,200
418,82096,127.51999960839748,0.04500000000000004,5.94,0,17,200
419,82136,121.29500060901046,0.06499999999999995,5.565,0,24,200
420,82680,119.98833367973566,0.06999999999999995,5.915,0,20,200
421,83200,119.42333347629756,0.08499999999999996,5.54,0,21,200
422,83200,121.08500035852194,0.06000000000000005,5.955,0,19,200
423,83200,123.19833397865295,0.06000000000000005,5.795,0,20,200
424,83360,125.1566668394953,0.030000000000000027,5.71,0,28,200
425,83424,113.2883334280923,0.10499999999999998,5.945,0,18,200
426,83696,122.83999988343567,0.06000000000000005,5.97,0,16,200
427,83736,120.88499971851707,0.08999999999999997,5.475,0,20,200
428,84280,121.33166678249836,0.09499999999999997,5.575,0,15,200
429,84800,126.05500020459294,0.06000000000000005,5.805,0,13,200
430,84800,119.40000014565885,0.04500000000000004,6.12,0,26,200
431,84800,121.46500010043383,0.050000000000000044,6.195,0,20,200
432,84960,126.52666681539267,0.03500000000000003,6.1,0,18,200
433,85024,124.64333361573517,0.050000000000000044,5.72,0,22,200
434,85296,126.37833361979574,0.06000000000000005,5.585,0,17,200
435,85336,118.54333289340138,0.04500000000000004,6.53,0,23,200
436,85880,121.46833341568708,0.05500000000000005,6.365,0,15,200
437,86400,134.09000046830624,0.025000000000000022,5.88,0,13,200
438,86400,121.79166691377759,0.08499999999999996,5.875,0,14,200
439,86400,125.79166682437062,0.05500000000000005,5.695,0,18,200
440,86560,116.73166687600315,0.09999999999999998,5.665,0,19,200
441,86624,122.99333375692368,0.06499999999999995,5.72,0,20,200
442,86896,122.59333366155624,0.06000000000000005,6.11,0,16,200
443,86936,122.59833320602775,0.06499999999999995,6.005,0,17,200
444,87480,121.58333361428231,0.07999999999999996,5.84,0,14,200
445,88000,110.07166692242026,0.16500000000000004,5.335,0,14,200
446,88000,121.84000019729137,0.08999999999999997,5.52,0,16,200
447,88000,124.84666664153337,0.05500000000000005,6.1,0,15,200
448,88160,119.47500022314489,0.07499999999999996,5.835,0,18,200
449,88224,114.88000013958663,0.06499999999999995,6.48,0,21,200
450,88496,124.31166640575975,0.030000000000000027,6.565,0,15,200
451,88536,124.351667243056,0.05500000000000005,5.935,0,18,200
452,89080,98.14166622888297,0.13,6.355,0,30,200
453,89600,112.0133332721889,0.12,6.02,0,13,200
454,89600,110.30666685849428,0.10999999999999999,5.95,0,21,200
455,89600,115.38333339244127,0.11499999999999999,5.33,0,20,200
456,89760,118.09666652139276,0.05500000000000005,6.52,0,18,200
457,89824,118.53000008314848,0.08999999999999997,5.97,0,13,200
458,90096,127.69666704069823,0.04500000000000004,5.77,0,18,200
459,90136,125.78500034287572,0.050000000000000044,5.625,0,19,200
460,90680,121.17833347246051,0.09499999999999997,5.285,0,19,200
461,91200,109.77833368629217,0.08499999999999996,6.425,0,25,200
462,91200,114.07500019297004,0.09999999999999998,5.985,0,18,200
463,91200,109.5833334447816,0.09499999999999997,6.14,0,24,200
464,91360,128.32333346270025,0.04500000000000004,5.54,0,20,200
465,91424,123.07000061869621,0.07499999999999996,5.58,0,17,200
466,91696,124.87666701804847,0.040000000000000036,5.98,0,20,200
467,91736,119.73666660115123,0.04500000000000004,6.19,0,26,200
468,92280,124.87000025063753,0.05500000000000005,5.91,0,17,200
469,92800,117.46333317365497,0.08999999999999997,5.72,0,19,200
470,92800,121.44833346270025,0.03500000000000003,5.825,0,28,200
471,92800,130.79666676651686,0.050000000000000044,5.32,0,16,200
472,92960,117.75833330210298,0.08499999999999996,5.885,0,19,200
473,93024,103.78999988362193,0.09999999999999998,6.87,0,23,200
474,93296,121.9816668573767,0.040000000000000036,6.205,0,20,200
475,93336,114.8316668048501,0.07999999999999996,6.235,0,21,200
476,93880,107.56666721217334,0.12,6.16,0,16,200
477,94400,126.39333337172866,0.050000000000000044,5.99,0,12,200
478,94400,104.64500020816922,0.09999999999999998,6.555,0,25,200
479,94400,114.44000047445297,0.06000000000000005,6.48,0,24,200
480,94560,109.28499957825989,0.11499999999999999,6.255,0,17,200
481,94624,95.9133336879313,0.11499999999999999,6.86,0,31,200
482,94896,112.68000023812056,0.07499999999999996,6.45,0,23,200
483,94936,115.50499975308776,0.06499999999999995,6.195,0,23,200
484,95480,123.07000047713518,0.030000000000000027,6.24,0,24,200
485,96000,118.2366667194292,0.050000000000000044,6.4,0,20,200
486,96000,127.47666618600488,0.03500000000000003,6.13,0,15,200
487,96000,134.98166690394282,0.040000000000000036,5.275,0,13,200
488,96160,120.71833350509405,0.04500000000000004,6.605,0,17,200
489,96224,123.6100007807836,0.06499999999999995,5.73,0,18,200
490,96496,126.74833378568292,0.050000000000000044,6.065,0,14,200
491,96536,122.29000050574541,0.050000000000000044,6.51,0,14,200
492,97080,120.82833334803581,0.040000000000000036,6.575,0,18,200
493,97600,137.82500033080578,0.04500000000000004,5.205,0,10,200
494,97600,122.4899999126792,0.050000000000000044,6.33,0,16,200
495,97600,118.99166689813137,0.06000000000000005,5.995,0,24,200
496,97760,114.80666713695973,0.07999999999999996,6.04,0,21,200
497,97824,119.82666664849967,0.050000000000000044,6.13,0,22,200
498,98096,115.61666664015502,0.05500000000000005,6.58,0,21,200
499,98136,105.06999959237874,0.135,5.82,0,25,200
500,98680,112.07833316083997,0.050000000000000044,6.485,0,32,200
501,99200,109.52999993786216,0.10499999999999998,6.39,0,20,200
502,99200,115.29666677862406,0.08499999999999996,6.19,0,19,200
503,99200,111.00666626542807,0.07499999999999996,6.7,0,23,200
504,99360,122.6483334293589,0.06499999999999995,6.005,0,15,200
505,99424,106.93333359342068,0.10499999999999998,5.9,0,29,200
506,99696,105.49999973550439,0.10999999999999999,6.12,0,28,200
507,99736,119.52666673623025,0.06499999999999995,5.95,0,23,200
508,100280,114.41833347734064,0.09499999999999997,5.855,0,20,200
509,100800,100.26666660513729,0.125,6.28,0,30,200
510,100800,121.18000008910894,0.05500000000000005,6.3,0,17,200
511,100800,119.03333337605,0.06000000000000005,6.26,0,21,200
512,100960,122.72166683524847,0.04500000000000004,5.905,0,23,200
513,101024,110.65833335742354,0.09999999999999998,6.095,0,24,200
514,101296,129.5416667452082,0.025000000000000022,5.935,0,20,200
515,101336,133.14666648209095,0.015000000000000013,5.86,0,19,200
516,101880,107.20166655257344,0.11499999999999999,6.595,0,17,200
517,102400,138.26000018045306,0.050000000000000044,5.28,0,7,200
518,102400,110.11833342909813,0.06999999999999995,6.815,0,23,200
519,102400,132.68000029027462,0.025000000000000022,6.18,0,10,200
520,102560,115.78166664671153,0.07999999999999996,6.115,0,21,200
521,102624,131.91833394020796,0.03500000000000003,5.615,0,16,200
522,102896,125.27333291526884,0.07999999999999996,5.81,0,9,200
523,102936,132.4266674593091,0.040000000000000036,6.01,0,10,200
524,103480,132.13666681572795,0.040000000000000036,5.86,0,11,200
525,104000,115.97666715085506,0.12,5.59,0,16,200
526,104000,105.7783331759274,0.16500000000000004,5.705,0,15,200
527,104000,118.36833249405026,0.08999999999999997,6.125,0,14,200
528,104160,123.96166614443064,0.05500000000000005,5.755,0,23,200
529,104224,125.02833419200033,0.050000000000000044,5.645,0,23,200
530,104496,135.54333424568176,0.03500000000000003,5.66,0,12,200
531,104536,130.75333315879107,0.050000000000000044,5.69,0,13,200
532,105080,116.61333379149437,0.08499999999999996,6.59,0,9,200
533,105600,123.29666702076793,0.040000000000000036,6.19,0,22,200
534,105600,129.9550004862249,0.03500000000000003,5.685,0,20,200
535,105600,120.30333314836025,0.05500000000000005,6.14,0,23,200
536,105760,127.1599997272715,0.050000000000000044,6.09,0,16,200
537,105824,126.70166667923331,0.05500000000000005,5.965,0,13,200
538,106096,115.37500067055225,0.08499999999999996,6.195,0,18,200
539,106136,114.64499974995852,0.07999999999999996,6.285,0,21,200
540,106680,126.54500004276633,0.06999999999999995,5.385,0,18,200
541,107200,101.6783335423097,0.135,6.545,0,20,200
542,107200,118.91833328269422,0.07499999999999996,5.945,0,20,200
543,107200,111.891666918993,0.07999999999999996,6.145,0,26,200
544,107360,126.33166692405939,0.03500000000000003,6.145,0,21,200
545,107424,119.42833397164941,0.06999999999999995,6.425,0,13,200
546,107696,137.52166677173227,0.03500000000000003,5.455,0,9,200
547,107736,119.35833350196481,0.07999999999999996,5.915,0,18,200
548,108280,126.59833335503936,0.04500000000000004,6.185,0,15,200
549,108800,128.67333340644836,0.06000000000000005,5.48,0,15,200
550,108800,108.05833352729678,0.10999999999999999,5.975,0,26,200
551,108800,124.17500070109963,0.040000000000000036,6.195,0,20,200
552,108960,115.68499986454844,0.06999999999999995,6.465,0,21,200
553,109024,124.16333376988769,0.08999999999999997,5.57,0,12,200
554,109296,126.90166684612632,0.050000000000000044,5.845,0,17,200
555,109336,121.20833359565586,0.07999999999999996,5.765,0,18,200
556,109880,126.39166712388396,0.07499999999999996,5.815,0,10,200
557,110400,128.54000051598996,0.03500000000000003,5.85,0,19,200
558,110400,121.74666670709848,0.06999999999999995,5.95,0,16,200
559,110400,136.81000030692667,0.050000000000000044,5.16,0,10,200
560,110560,126.55000045895576,0.05500000000000005,5.67,0,18,200
561,110624,127.08333353698254,0.06000000000000005,5.63,0,17,200
562,110896,116.1583330174908,0.09499999999999997,5.585,0,20,200
563,110936,112.22666673921049,0.125,5.74,0,17,200
564,111480,128.54833371099085,0.06999999999999995,5.525,0,11,200
565,112000,135.32000082358718,0.04500000000000004,5.79,0,5,200
566,112000,127.35833339393139,0.03500000000000003,6.455,0,14,200
567,112000,122.72333331312984,0.09499999999999997,5.72,0,10,200
568,112160,116.02833314612508,0.07999999999999996,6.185,0,18,200
569,112224,113.94500026106834,0.08999999999999997,6.435,0,16,200
570,112496,125.50499993562698,0.05500000000000005,6.075,0,14,200
571,112536,114.5216666534543,0.04500000000000004,6.865,0,24,200
572,113080,103.2949997074902,0.135,6.585,0,15,200
573,113600,134.64333419781178,0.025000000000000022,5.66,0,14,200
574,113600,135.99000043328851,0.03500000000000003,5.25,0,16,200
575,113600,119.3566669486463,0.09499999999999997,5.92,0,12,200
576,113760,114.37666641082615,0.14500000000000002,5.23,0,15,200
577,113824,125.71333337947726,0.07499999999999996,5.45,0,16,200
578,114096,141.451667111367,0.04500000000000004,4.825,0,9,200
579,114136,125.34000047668815,0.08999999999999997,5.55,0,10,200
580,114680,125.7950004665181,0.10499999999999998,5.235,0,9,200
581,115200,120.18166647478938,0.06999999999999995,5.965,0,20,200
582,115200,135.43166653066874,0.040000000000000036,5.365,0,13,200
583,115200,105.53833416849375,0.17000000000000004,5.825,0,13,200
584,115360,140.78666635975242,0.010000000000000009,5.77,0,8,200
585,115424,132.5783333182335,0.06000000000000005,5.435,0,10,200
586,115696,125.55666702985764,0.04500000000000004,6.19,0,16,200
587,115736,106.47499960660934,0.15000000000000002,6.015,0,14,200
588,116280,129.10833370685577,0.06499999999999995,5.645,0,11,200
589,116800,124.85000088438392,0.06999999999999995,5.82,0,14,200
590,116800,127.60000056400895,0.06000000000000005,5.46,0,18,200
591,116800,127.5749999396503,0.07999999999999996,5.655,0,6,200
592,116960,132.14166641049087,0.06499999999999995,5.365,0,9,200
593,117024,122.32833300158381,0.05500000000000005,6.695,0,11,200
594,117296,117.57499994710088,0.07499999999999996,6.255,0,17,200
595,117336,125.90000011026859,0.06499999999999995,5.88,0,13,200
596,117880,128.85000060871243,0.03500000000000003,6.51,0,8,200
597,118400,131.00833323411644,0.04500000000000004,6.065,0,9,200
598,118400,129.58833333849907,0.025000000000000022,6.245,0,17,200
599,118400,111.53499967232347,0.10499999999999998,6.075,0,21,200
600,118560,134.9766665622592,0.04500000000000004,5.41,0,12,200
601,118624,126.8500004298985,0.07999999999999996,5.7,0,10,200
602,118896,116.46166682243347,0.09499999999999997,6.235,0,14,200
603,118936,131.5950004607439,0.05500000000000005,5.595,0,12,200
604,119480,134.84500043094158,0.050000000000000044,5.535,0,9,200
605,120000,130.65666657686234,0.06000000000000005,5.53,0,12,200
606,120000,128.96500024199486,0.06499999999999995,5.565,0,13,200
607,120000,129.49833319708705,0.040000000000000036,6.245,0,10,200
608,120160,123.17666742950678,0.07499999999999996,5.5,0,20,200
609,120224,136.3583340793848,0.030000000000000027,5.615,0,12,200
610,120496,128.22000044584274,0.05500000000000005,5.49,0,19,200
611,120536,121.26333341747522,0.09999999999999998,5.78,0,10,200
612,121080,131.7416668534279,0.03500000000000003,6.175,0,10,200
613,121600,129.46000009402633,0.06499999999999995,5.76,0,9,200
614,121600,126.05499982833862,0.06499999999999995,6.015,0,12,200
615,121600,115.45333326235414,0.10999999999999999,5.63,0,17,200
616,121760,136.1033339649439,0.040000000000000036,5.66,0,8,200
617,121824,122.39666694402695,0.06000000000000005,6.37,0,13,200
618,122096,124.81833346094936,0.07499999999999996,5.735,0,13,200
619,122136,140.09333334863186,0.015000000000000013,5.75,0,9,200
620,122680,121.63333367463201,0.06999999999999995,6.29,0,11,200
621,123200,124.91333259642124,0.05500000000000005,6.26,0,14,200
622,123200,122.10333295539021,0.06000000000000005,6.41,0,13,200
623,123200,120.91166671738029,0.08499999999999996,5.665,0,17,200
624,123360,131.30333344638348,0.04500000000000004,6.08,0,10,200
625,123424,130.29999981075525,0.06999999999999995,5.85,0,7,200
626,123696,124.5166671872139,0.07499999999999996,5.95,0,12,200
627,123736,126.08166729658842,0.05500000000000005,6.505,0,8,200
628,124280,134.15833320841193,0.050000000000000044,5.735,0,6,200
629,124800,139.8083338420838,0.040000000000000036,5.435,0,4,200
630,124800,135.88666603621095,0.025000000000000022,5.77,0,11,200
631,124800,118.9783334210515,0.09499999999999997,6.125,0,13,200
632,124960,133.6283331811428,0.040000000000000036,5.765,0,11,200
633,125024,128.78666635975242,0.030000000000000027,6.46,0,12,200
634,125296,118.4849994033575,0.08499999999999996,6.045,0,17,200
635,125336,122.7616666322574,0.06499999999999995,6.325,0,12,200
636,125880,128.92000006511807,0.040000000000000036,5.91,0,16,200
637,126400,120.46666673570871,0.07499999999999996,6.31,0,13,200
638,126400,128.2099997252226,0.05500000000000005,6.18,0,10,200
639,126400,125.60333410650492,0.08499999999999996,5.63,0,11,200
640,126560,123.4716667830944,0.07499999999999996,6.055,0,13,200
641,126624,131.72833289951086,0.06000000000000005,5.795,0,7,200
642,126896,130.02500057592988,0.07499999999999996,5.565,0,8,200
643,126936,126.00000008940697,0.06000000000000005,6.33,0,8,200
644,127480,118.28166668862104,0.09499999999999997,6.445,0,8,200
645,128000,122.91333258152008,0.06000000000000005,6.23,0,16,200
646,128000,125.42000033333898,0.040000000000000036,6.45,0,14,200
647,128000,133.97333286702633,0.06499999999999995,5.6,0,4,200
648,128160,118.77333321701735,0.08999999999999997,5.84,0,15,200
649,128224,133.5966663211584,0.015000000000000013,6.13,0,14,200
650,128496,124.17166690528393,0.06999999999999995,6.115,0,11,200
651,128536,120.72833345085382,0.07999999999999996,5.855,0,18,200
652,129080,116.54833251237869,0.08499999999999996,6.455,0,15,200
653,129600,124.53666726127267,0.06499999999999995,5.95,0,14,200
654,129600,124.41166667547077,0.06499999999999995,6.145,0,12,200
655,129600,131.030000038445,0.06499999999999995,5.22,0,15,200
656,129760,124.05000013764948,0.07999999999999996,6.0,0,9,200
657,129824,124.35666617006063,0.08499999999999996,5.95,0,9,200
658,130096,130.04000038653612,0.04500000000000004,5.91,0,14,200
659,130136,128.61999993771315,0.03500000000000003,6.27,0,13,200
660,130680,132.48166732117534,0.04500000000000004,5.575,0,12,200
661,131200,119.77499974519014,0.05500000000000005,6.405,0,20,200
662,131200,137.73166692629457,0.040000000000000036,5.335,0,9,200
663,131200,130.8766671642661,0.06000000000000005,5.35,0,15,200
664,131360,134.98833346366882,0.050000000000000044,5.525,0,8,200
665,131424,130.9533338462934,0.05500000000000005,5.69,0,11,200
666,131696,121.28666716814041,0.09999999999999998,5.59,0,11,200
667,131736,125.25999995693564,0.06499999999999995,6.21,0,9,200
668,132280,125.88333285972476,0.06000000000000005,6.02,0,12,200
669,132800,136.13333448767662,0.025000000000000022,5.72,0,10,200
670,132800,121.58666664268821,0.04500000000000004,6.46,0,18,200
671,132800,141.13000055775046,0.015000000000000013,5.31,0,15,200
672,132960,120.9616677314043,0.07999999999999996,5.695,0,21,200
673,133024,124.4833331592381,0.050000000000000044,5.87,0,20,200
674,133296,125.80833319947124,0.04500000000000004,6.065,0,17,200
675,133336,123.75666617974639,0.03500000000000003,6.16,0,24,200
676,133880,126.67333382368088,0.040000000000000036,6.26,0,16,200
677,134400,128.6666677305475,0.050000000000000044,5.38,0,20,200
678,134400,119.46333337947726,0.08999999999999997,6.02,0,13,200
679,134400,130.85333412513137,0.030000000000000027,6.02,0,16,200
680,134560,121.14166715741158,0.04500000000000004,6.595,0,18,200
681,134624,128.9166666418314,0.06499999999999995,5.77,0,10,200
682,134896,122.1683334223926,0.06499999999999995,6.125,0,17,200
683,134936,126.4233331233263,0.06999999999999995,5.66,0,13,200
684,135480,134.15166686102748,0.04500000000000004,5.635,0,10,200
685,136000,131.2633330821991,0.040000000000000036,6.02,0,11,200
686,136000,142.69333370029926,0.030000000000000027,5.09,0,8,200
687,136000,140.9700005631894,0.020000000000000018,4.98,0,17,200
688,136160,120.79333363473415,0.07999999999999996,6.17,0,14,200
689,136224,127.70333330333233,0.03500000000000003,6.11,0,17,200
690,136496,121.03666714485735,0.08999999999999997,5.59,0,16,200
691,136536,123.00333322584629,0.10999999999999999,5.72,0,5,200
692,137080,124.70000035502017,0.04500000000000004,5.97,0,20,200
693,137600,124.9899996779859,0.06499999999999995,5.7,0,17,200
694,137600,122.51333351060748,0.06999999999999995,6.29,0,11,200
695,137600,118.54000014718622,0.09999999999999998,5.85,0,14,200
696,137760,116.60333391092718,0.09999999999999998,5.72,0,19,200
697,137824,127.28000064194202,0.06999999999999995,5.46,0,14,200
698,138096,132.26000032573938,0.030000000000000027,5.76,0,16,200
699,138136,130.8299999088049,0.03500000000000003,5.55,0,20,200
700,138680,120.03166684135795,0.06999999999999995,6.175,0,18,200
701,139200,132.64333356916904,0.03500000000000003,5.81,0,15,200
702,139200,127.36833330895752,0.03500000000000003,5.705,0,23,200
703,139200,123.3416667431593,0.06499999999999995,6.025,0,15,200
704,139360,119.58166682720184,0.07499999999999996,6.385,0,12,200
705,139424,129.40499936416745,0.04500000000000004,5.595,0,16,200
706,139696,119.0283333286643,0.03500000000000003,6.365,0,26,200
707,139736,117.12333355937153,0.09499999999999997,5.54,0,21,200
708,140280,140.42333348095417,0.030000000000000027,5.27,0,9,200
709,140800,124.61666615307331,0.06000000000000005,6.16,0,12,200
710,140800,134.45666652917862,0.020000000000000018,6.01,0,14,200
711,140800,127.98833422362804,0.06000000000000005,5.705,0,15,200
712,140960,131.21333334129304,0.06000000000000005,5.57,0,10,200
713,141024,137.57666645944118,0.030000000000000027,5.08,0,15,200
714,141296,122.99166720639914,0.03500000000000003,6.205,0,23,200
715,141336,131.76666670292616,0.03500000000000003,5.8,0,14,200
716,141880,126.23000021930784,0.06000000000000005,5.4,0,22,200
717,142400,117.44833371415734,0.09999999999999998,5.945,0,16,200
718,142400,118.97333403304219,0.08999999999999997,5.9,0,15,200
719,142400,123.14833395835012,0.06999999999999995,5.975,0,13,200
720,142560,123.72833328600973,0.05500000000000005,5.915,0,20,200
721,142624,126.24666698090732,0.08499999999999996,5.08,0,17,200
722,142896,128.95500008855015,0.025000000000000022,6.105,0,16,200
723,142936,125.54833355452865,0.05500000000000005,5.705,0,18,200
724,143480,115.75500000175089,0.06999999999999995,6.045,0,27,200
725,144000,118.40333366487175,0.07999999999999996,5.72,0,22,200
726,144000,109.63166614621878,0.10999999999999999,6.445,0,15,200
727,144000,124.09000052046031,0.06000000000000005,5.82,0,20,200
728,144160,122.70499992370605,0.040000000000000036,6.285,0,19,200
729,144224,120.60666628181934,0.030000000000000027,6.85,0,20,200
730,144496,128.83333406504244,0.05500000000000005,5.63,0,14,200
731,144536,127.10833367239684,0.030000000000000027,5.855,0,22,200
732,145080,116.02833294868469,0.07499999999999996,6.365,0,20,200
733,145600,129.3750009648502,0.05500000000000005,5.655,0,12,200
734,145600,124.32333310693502,0.030000000000000027,6.32,0,22,200
735,145600,123.55000074580312,0.06000000000000005,5.7,0,19,200
736,145760,128.84833305329084,0.05500000000000005,5.825,0,12,200
737,145824,113.39333374798298,0.08499999999999996,6.32,0,20,200
738,146096,121.50499976798892,0.06999999999999995,6.345,0,13,200
739,146136,121.15666699036956,0.06999999999999995,6.04,0,16,200
740,146680,128.86833314038813,0.020000000000000018,6.155,0,17,200
741,147200,129.17999981716275,0.030000000000000027,6.15,0,14,200
742,147200,134.22833378240466,0.050000000000000044,5.315,0,12,200
743,147200,137.61833397112787,0.030000000000000027,5.555,0,9,200
744,147360,129.46833331510425,0.04500000000000004,5.945,0,11,200
745,147424,124.47166643943638,0.040000000000000036,6.145,0,20,200
746,147696,112.78333384543657,0.07999999999999996,6.38,0,20,200
747,147736,127.4499998241663,0.06000000000000005,6.09,0,8,200
748,148280,140.5433330759406,0.010000000000000009,5.6,0,10,200
749,148800,117.64166667684913,0.07999999999999996,6.175,0,18,200
750,148800,127.01500070746988,0.06499999999999995,5.715,0,13,200
751,148800,134.07000053673983,0.040000000000000036,5.7,0,9,200
752,148960,125.60833296459168,0.08499999999999996,5.105,0,18,200
753,149024,132.1983334934339,0.03500000000000003,5.945,0,12,200
754,149296,134.34833326842636,0.025000000000000022,5.705,0,13,200
755,149336,126.18500017747283,0.05500000000000005,5.895,0,15,200
756,149880,126.90000034030527,0.06000000000000005,6.0,0,10,200
757,150400,134.71000074967742,0.025000000000000022,5.88,0,12,200
758,150400,130.06500017642975,0.06499999999999995,5.745,0,8,200
759,150400,124.49666725005955,0.08499999999999996,5.2,0,17,200
760,150560,128.40999993123114,0.08499999999999996,5.28,0,11,200
761,150624,120.13333305343986,0.06499999999999995,6.26,0,17,200
762,150896,117.84499983116984,0.08499999999999996,6.045,0,17,200
763,150936,122.32166707888246,0.06999999999999995,5.725,0,19,200
764,151480,131.22666653245687,0.05500000000000005,5.83,0,8,200
765,152000,129.13833337649703,0.040000000000000036,5.975,0,14,200
766,152000,118.53833387698978,0.07999999999999996,6.065,0,16,200
767,152000,124.71000024210662,0.050000000000000044,6.12,0,17,200
768,152160,128.1350000752136,0.030000000000000027,6.015,0,19,200
769,152224,119.98666702955961,0.07999999999999996,6.22,0,13,200
770,152496,119.62999982014298,0.04500000000000004,6.39,0,23,200
771,152536,134.31666692066938,0.040000000000000036,5.41,0,13,200
772,153080,128.94999935477972,0.03500000000000003,6.18,0,13,200
773,153600,114.69999980181456,0.07499999999999996,6.3,0,22,200
774,153600,123.19333292171359,0.06000000000000005,5.93,0,17,200
775,153600,120.76333391107619,0.05500000000000005,5.78,0,23,200
776,153760,120.51999990083277,0.04500000000000004,6.33,0,21,200
777,153824,127.32000047992915,0.040000000000000036,6.24,0,12,200
778,154096,131.6183333620429,0.04500000000000004,5.915,0,9,200
779,154136,133.6350001413375,0.030000000000000027,5.475,0,16,200
780,154680,121.56166688725352,0.06499999999999995,6.025,0,18,200
781,155200,120.61333404108882,0.06499999999999995,6.23,0,17,200
782,155200,134.93666713591665,0.040000000000000036,5.5,0,13,200
783,155200,135.45833365619183,0.040000000000000036,5.615,0,9,200
784,155360,130.23333348333836,0.050000000000000044,5.84,0,13,200
785,155424,119.18833361100405,0.050000000000000044,6.245,0,24,200
786,155696,128.48333372175694,0.050000000000000044,5.93,0,13,200
787,155736,135.15666602179408,0.050000000000000044,5.17,0,11,200
788,156280,127.3633330874145,0.03500000000000003,6.17,0,18,200
789,156800,129.43833282589912,0.06999999999999995,5.495,0,10,200
790,156800,132.48000063654035,0.06000000000000005,5.16,0,14,200
791,156800,129.25500018056482,0.06999999999999995,5.625,0,10,200
792,156960,141.61500017996877,0.025000000000000022,5.475,0,5,200
793,157024,127.24833364784718,0.050000000000000044,6.065,0,14,200
794,157296,126.46500000357628,0.07499999999999996,5.745,0,11,200
795,157336,125.4283336699009,0.04500000000000004,6.335,0,13,200
796,157880,127.70166654884815,0.06999999999999995,5.965,0,6,200
797,158400,127.85166683793068,0.06499999999999995,5.815,0,10,200
798,158400,135.6466672513634,0.020000000000000018,5.77,0,12,200
799,158400,131.94500027224422,0.040000000000000036,5.835,0,11,200
800,158560,132.52166685461998,0.06000000000000005,5.575,0,8,200
801,158624,122.80166610144079,0.05500000000000005,6.145,0,17,200
802,158896,128.04833386652172,0.06000000000000005,5.735,0,13,200
803,158936,135.63499952852726,0.04500000000000004,5.535,0,10,200
804,159480,109.84666737448424,0.13,5.89,0,17,200
805,160000,132.88166616857052,0.03500000000000003,5.875,0,12,200
806,160000,117.76166690792888,0.06499999999999995,6.415,0,19,200
807,160000,124.95999991521239,0.050000000000000044,6.6,0,8,200
808,160160,137.80666715558618,0.010000000000000009,6.01,0,9,200
809,160224,132.16333406418562,0.04500000000000004,5.54,0,13,200
810,160496,135.8433338534087,0.015000000000000013,5.33,0,20,200
811,160536,129.7483332362026,0.050000000000000044,5.405,0,18,200
812,161080,124.76166670769453,0.04500000000000004,6.025,0,19,200
813,161600,130.88833355531096,0.050000000000000044,5.735,0,11,200
814,161600,130.64833390712738,0.040000000000000036,5.915,0,11,200
815,161600,124.95500014256686,0.06499999999999995,5.775,0,17,200
816,161760,132.8400006443262,0.04500000000000004,5.61,0,12,200
817,161824,121.40500046964735,0.08999999999999997,5.535,0,16,200
818,162096,124.75999952852726,0.04500000000000004,6.84,0,8,200
819,162136,137.6683333814144,0.03500000000000003,5.645,0,7,200
820,162680,131.21333353873342,0.05500000000000005,5.69,0,10,200
821,163200,120.40166718047112,0.08999999999999997,5.905,0,13,200
822,163200,128.67333342786878,0.07499999999999996,5.18,0,15,200
823,163200,139.2816674290225,0.015000000000000013,5.485,0,13,200
824,163360,119.65000008046627,0.07499999999999996,6.33,0,14,200
825,163424,136.30833393149078,0.030000000000000027,5.495,0,12,200
826,163696,127.901666643098,0.04500000000000004,5.845,0,17,200
827,163736,126.12833444774151,0.07499999999999996,5.765,0,11,200
828,164280,112.98166673257947,0.09499999999999997,6.265,0,19,200
829,164800,136.65500062704086,0.050000000000000044,5.145,0,11,200
830,164800,124.03333381563425,0.06000000000000005,5.96,0,16,200
831,164800,131.5366664789617,0.03500000000000003,6.07,0,12,200
832,164960,130.51000036578625,0.05500000000000005,5.58,0,14,200
833,165024,121.79166692495346,0.08499999999999996,5.965,0,15,200
834,165296,127.41833310574293,0.040000000000000036,6.305,0,13,200
835,165336,133.15333312749863,0.05500000000000005,5.69,0,6,200
836,165880,126.2466668523848,0.06499999999999995,6.01,0,11,200
837,166400,129.35333299543709,0.05500000000000005,5.9,0,9,200
838,166400,126.68333355337381,0.050000000000000044,6.38,0,11,200
839,166400,126.93333339691162,0.06999999999999995,5.81,0,11,200
840,166560,131.55666672065854,0.03500000000000003,6.25,0,6,200
841,166624,131.076667024754,0.04500000000000004,5.65,0,15,200
842,166896,137.2033335743472,0.0,5.9,0,16,200
843,166936,126.40833381470293,0.06000000000000005,5.465,0,22,200
844,167480,124.89333358686417,0.06000000000000005,5.93,0,15,200
845,168000,121.98666699230671,0.07999999999999996,5.65,0,18,200
846,168000,134.2533335275948,0.050000000000000044,5.51,0,9,200
847,168000,127.27833359315991,0.06499999999999995,5.825,0,13,200
848,168160,142.9383335178718,0.0050000000000000044,5.435,0,11,200
849,168224,126.89833331108093,0.030000000000000027,6.215,0,20,200
850,168496,117.95833333116025,0.08999999999999997,5.885,0,16,200
851,168536,132.06833346188068,0.03500000000000003,5.765,0,14,200
852,169080,123.59000036120415,0.06999999999999995,5.7,0,18,200
853,169600,125.28333335742354,0.05500000000000005,5.6,0,21,200
854,169600,134.10166697762907,0.020000000000000018,5.725,0,16,200
855,169600,114.17833342310041,0.09499999999999997,6.185,0,21,200
856,169760,137.31833365559578,0.020000000000000018,5.705,0,12,200
857,169824,121.24500030931085,0.06999999999999995,5.835,0,19,200
858,170096,131.70666635595262,0.050000000000000044,5.35,0,15,200
859,170136,131.23999989032745,0.03500000000000003,6.09,0,12,200
860,170680,120.31500044744462,0.08999999999999997,5.805,0,15,200
861,171200,132.84666648507118,0.06999999999999995,5.08,0,11,200
862,171200,121.02333316206932,0.09999999999999998,5.15,0,18,200
863,171200,134.55166672822088,0.050000000000000044,5.125,0,14,200
864,171360,121.87833296414465,0.08999999999999997,5.825,0,12,200
865,171424,130.16166684683412,0.06000000000000005,5.395,0,14,200
866,171696,121.23333305120468,0.05500000000000005,6.47,0,16,200
867,171736,132.3166669383645,0.040000000000000036,5.56,0,15,200
868,172280,137.14499996602535,0.040000000000000036,5.385,0,9,200
869,172800,119.52166648581624,0.06999999999999995,6.535,0,12,200
870,172800,120.89166672807187,0.08499999999999996,5.875,0,13,200
871,172800,129.37500039860606,0.05500000000000005,5.685,0,13,200
872,172960,124.10166700556874,0.06000000000000005,5.665,0,18,200
873,173024,108.51166631281376,0.12,6.265,0,19,200
874,173296,121.46999981999397,0.06000000000000005,6.24,0,17,200
875,173336,124.49666656460613,0.04500000000000004,6.07,0,17,200
876,173880,124.43500022869557,0.05500000000000005,5.865,0,18,200
877,174400,137.02333345171064,0.020000000000000018,5.6,0,14,200
878,174400,133.21166644617915,0.04500000000000004,5.575,0,13,200
879,174400,122.28666643798351,0.050000000000000044,6.64,0,13,200
880,174560,124.65999982040375,0.050000000000000044,6.24,0,14,200
881,174624,137.541666790843,0.020000000000000018,5.845,0,9,200
882,174896,128.15833354368806,0.06000000000000005,5.705,0,12,200
883,174936,119.18166613113135,0.06999999999999995,6.355,0,15,200
884,175480,125.65333295147866,0.03500000000000003,6.29,0,16,200
885,176000,119.87166687101126,0.07499999999999996,6.055,0,17,200
886,176000,131.655000038445,0.040000000000000036,5.835,0,12,200
887,176000,110.0216664262116,0.11499999999999999,6.205,0,18,200
888,176160,127.26833303831518,0.050000000000000044,5.885,0,15,200
889,176224,125.33499971032143,0.040000000000000036,6.495,0,12,200
890,176496,126.50333363935351,0.06499999999999995,5.93,0,12,200
891,176536,123.17499931156635,0.05500000000000005,6.495,0,14,200
892,177080,130.89000001363456,0.06000000000000005,5.28,0,16,200
893,177600,125.01499985065311,0.050000000000000044,6.195,0,13,200
894,177600,114.02666701283306,0.08999999999999997,6.25,0,18,200
895,177600,134.9750002603978,0.04500000000000004,5.235,0,13,200
896,177760,138.24166747927666,0.03500000000000003,5.215,0,12,200
897,177824,126.52833237498999,0.04500000000000004,6.245,0,14,200
898,178096,131.72666687052697,0.040000000000000036,5.77,0,11,200
899,178136,127.844999874942,0.025000000000000022,6.105,0,20,200
900,178680,125.49833364784718,0.08999999999999997,5.465,0,13,200
901,179200,124.97833360545337,0.030000000000000027,6.005,0,23,200
902,179200,134.93833384662867,0.03500000000000003,5.615,0,13,200
903,179200,114.276666238904,0.08499999999999996,6.73,0,13,200
904,179360,130.1883331425488,0.03500000000000003,5.855,0,16,200
905,179424,126.15499973297119,0.025000000000000022,6.675,0,15,200
906,179696,129.42666662018746,0.025000000000000022,6.25,0,16,200
907,179736,124.84499970264733,0.040000000000000036,5.925,0,22,200
908,180280,118.34833360463381,0.06999999999999995,6.425,0,14,200
909,180800,128.72500038798898,0.04500000000000004,5.895,0,14,200
910,180800,124.55333354976028,0.05500000000000005,6.26,0,12,200
911,180800,132.2266669338569,0.040000000000000036,5.62,0,16,200
912,180960,116.59166678786278,0.06999999999999995,6.565,0,17,200
913,181024,129.65666698291898,0.03500000000000003,6.52,0,8,200
914,181296,127.50999963656068,0.030000000000000027,6.39,0,15,200
915,181336,129.96000046189874,0.04500000000000004,5.73,0,15,200
916,181880,139.536667464301,0.040000000000000036,5.08,0,10,200
917,182400,143.2983332797885,0.015000000000000013,5.465,0,6,200
918,182400,125.5100000789389,0.08499999999999996,5.49,0,13,200
919,182400,139.62333345692605,0.020000000000000018,5.6,0,10,200
920,182560,140.17166670318693,0.015000000000000013,5.485,0,10,200
921,182624,138.69500048458576,0.030000000000000027,5.505,0,10,200
922,182896,131.55833278223872,0.04500000000000004,6.335,0,4,200
923,182936,132.40166606009007,0.06499999999999995,5.365,0,10,200
924,183480,139.26500000059605,0.03500000000000003,5.535,0,7,200
925,184000,135.8783336877823,0.050000000000000044,5.495,0,8,200
926,184000,133.65666673332453,0.06000000000000005,5.17,0,14,200
927,184000,126.90499892830849,0.06999999999999995,6.165,0,6,200
928,184160,122.90333389863372,0.09999999999999998,6.02,0,6,200
929,184224,128.9833338111639,0.07999999999999996,5.84,0,4,200
930,184496,130.20833348389715,0.06499999999999995,5.015,0,19,200
931,184536,127.01500001177192,0.06499999999999995,6.135,0,8,200
932,185080,131.2333335680887,0.06499999999999995,5.81,0,5,200
933,185600,126.2149993404746,0.10499999999999998,5.505,0,7,200
934,185600,142.1050003534183,0.015000000000000013,5.175,0,13,200
935,185600,126.09833320602775,0.07999999999999996,6.005,0,8,200
936,185760,131.61833291780204,0.06999999999999995,5.465,0,8,200
937,185824,136.04833275079727,0.040000000000000036,5.555,0,11,200
938,186096,137.16333402693272,0.06000000000000005,5.09,0,7,200
939,186136,134.753332182765,0.040000000000000036,5.9,0,7,200
940,186680,135.29333413299173,0.04500000000000004,5.57,0,10,200
941,187200,140.47999995946884,0.030000000000000027,5.28,0,9,200
942,187200,134.3833334762603,0.04500000000000004,5.75,0,8,200
943,187200,132.23833398800343,0.05500000000000005,5.675,0,9,200
944,187360,134.29666649457067,0.050000000000000044,5.53,0,10,200
945,187424,134.54500037059188,0.040000000000000036,5.715,0,12,200
946,187696,137.5366669576615,0.040000000000000036,5.32,0,10,200
947,187736,130.1216668188572,0.06999999999999995,5.665,0,7,200
948,188280,129.2633337378502,0.09999999999999998,5.06,0,7,200
949,188800,122.49833297729492,0.09499999999999997,6.155,0,7,200
950,188800,125.05333371367306,0.09999999999999998,5.39,0,9,200
951,188800,141.42500023543835,0.03500000000000003,5.535,0,3,200
952,188960,140.0300007229671,0.030000000000000027,5.19,0,13,200
953,189024,133.69499991461635,0.030000000000000027,6.135,0,10,200
954,189296,122.7949999421835,0.09499999999999997,6.075,0,5,200
955,189336,120.75333340466022,0.125,5.75,0,5,200
956,189880,128.1416663378477,0.06999999999999995,6.205,0,4,200
957,190400,128.3066672720015,0.07999999999999996,5.41,0,9,200
958,190400,130.17666737735271,0.06999999999999995,5.62,0,9,200
959,190400,129.41833370737731,0.08499999999999996,5.285,0,9,200
960,190560,129.27666617929935,0.050000000000000044,6.25,0,9,200
961,190624,126.05999950692058,0.07499999999999996,6.03,0,8,200
962,190896,132.1349999308586,0.050000000000000044,6.045,0,6,200
963,190936,128.55166658759117,0.07499999999999996,5.635,0,9,200
964,191480,136.31000025570393,0.030000000000000027,5.82,0,8,200
965,192000,120.75333320721984,0.09499999999999997,6.2,0,7,200
966,192000,123.49833388999104,0.10499999999999998,5.465,0,9,200
967,192000,132.0933339893818,0.03500000000000003,6.29,0,8,200
968,192160,132.6766671910882,0.040000000000000036,5.98,0,8,200
969,192224,135.6483334256336,0.030000000000000027,5.615,0,12,200
970,192496,131.65833334624767,0.040000000000000036,6.155,0,9,200
971,192536,131.66500030085444,0.040000000000000036,6.015,0,11,200
972,193080,127.39333392679691,0.08499999999999996,5.63,0,8,200
973,193600,131.46500055119395,0.06000000000000005,5.745,0,8,200
974,193600,132.4483335763216,0.03500000000000003,5.855,0,12,200
975,193600,135.6649999320507,0.050000000000000044,5.475,0,10,200
976,193760,130.16833309456706,0.020000000000000018,6.425,0,14,200
977,193824,125.61499996483326,0.06000000000000005,6.195,0,11,200
978,194096,134.37333410140127,0.040000000000000036,5.03,0,19,200
979,194136,135.36666640639305,0.06000000000000005,5.14,0,10,200
980,194680,132.89000049233437,0.03500000000000003,5.55,0,18,200
981,195200,135.8299994468689,0.04500000000000004,5.25,0,12,200
982,195200,125.36166698485613,0.07999999999999996,5.905,0,9,200
983,195200,137.80333404242992,0.040000000000000036,5.48,0,10,200
984,195360,125.55000007525086,0.06999999999999995,6.09,0,9,200
985,195424,126.43166707083583,0.06999999999999995,5.395,0,20,200
986,195696,127.29833291098475,0.06499999999999995,5.645,0,14,200
987,195736,131.98166700825095,0.030000000000000027,5.905,0,13,200
988,196280,136.50666646659374,0.040000000000000036,5.62,0,8,200
989,196800,135.92000031471252,0.050000000000000044,5.34,0,10,200
990,196800,122.64500055089593,0.06999999999999995,6.075,0,16,200
991,196800,139.631666213274,0.04500000000000004,5.215,0,8,200
992,196960,133.60499967634678,0.06999999999999995,5.385,0,7,200
993,197024,115.44666704535484,0.12,6.1,0,10,200
994,197296,137.55666652321815,0.040000000000000036,5.8,0,5,200
995,197336,139.24833266437054,0.05500000000000005,4.925,0,9,200
996,197880,119.36666668020189,0.08499999999999996,6.52,0,9,200
997,198400,136.61166696622968,0.04500000000000004,5.215,0,13,200
998,198400,120.56166636943817,0.09999999999999998,5.815,0,12,200
999,198400,137.1783331921324,0.040000000000000036,5.405,0,9,200
1000,198560,128.33333346247673,0.06499999999999995,6.05,0,9,200
1001,198624,130.29666662961245,0.025000000000000022,6.22,0,16,200
1002,198896,128.37833356112242,0.040000000000000036,6.095,0,16,200
1003,198936,134.46666665375233,0.04500000000000004,5.68,0,8,200
1004,199480,142.95999976992607,0.040000000000000036,5.01,0,7,200
1005,200000,137.04833291471004,0.015000000000000013,6.155,0,7,200
1006,200000,136.9583337008953,0.040000000000000036,5.405,0,10,200
1007,200000,129.8600004017353,0.05500000000000005,5.76,0,12,200
1008,200160,128.14166681468487,0.06499999999999995,6.025,0,7,200
1009,200224,129.09833284001797,0.06000000000000005,6.095,0,6,200
1010,200496,127.3300001770258,0.06499999999999995,5.85,0,13,200
1011,200536,136.7883332213387,0.04500000000000004,5.765,0,4,200
1012,201080,136.33833345770836,0.040000000000000036,5.645,0,10,200
1013,201600,119.47833392303437,0.07999999999999996,6.275,0,12,200
1014,201600,125.3449998497963,0.10499999999999998,5.235,0,12,200
1015,201600,130.77999984379858,0.07499999999999996,5.4,0,9,200
1016,201760,129.86166667193174,0.06999999999999995,5.275,0,13,200
1017,201824,131.13166634645313,0.06499999999999995,5.665,0,9,200
1018,202096,127.78666705172509,0.040000000000000036,6.28,0,12,200
1019,202136,120.33666683733463,0.08999999999999997,6.28,0,9,200
1020,202680,128.20999982580543,0.06000000000000005,5.55,0,17,200
1021,203200,125.82666653394699,0.06999999999999995,5.86,0,12,200
1022,203200,124.32666716352105,0.06000000000000005,5.86,0,16,200
1023,203200,139.05666727479547,0.040000000000000036,5.32,0,9,200
1024,203360,130.18833276629448,0.06000000000000005,5.465,0,13,200
1025,203424,120.32666655536741,0.06499999999999995,6.07,0,19,200
1026,203696,125.25666676089168,0.06999999999999995,5.77,0,14,200
1027,203736,129.04000002145767,0.050000000000000044,6.03,0,10,200
1028,204280,138.8833343749866,0.04500000000000004,5.27,0,6,200
1029,204800,138.23499955236912,0.040000000000000036,5.025,0,12,200
1030,204800,135.2950009815395,0.050000000000000044,5.475,0,7,200
1031,204800,132.9199999300763,0.040000000000000036,5.61,0,14,200
1032,204960,131.0250002592802,0.05500000000000005,5.805,0,9,200
1033,205024,130.7116676485166,0.050000000000000044,5.815,0,12,200
1034,205296,133.61333322525024,0.040000000000000036,6.05,0,6,200
1035,205336,131.58000002801418,0.07999999999999996,5.28,0,9,200
1036,205880,128.24499980919063,0.05500000000000005,5.745,0,14,200
1037,206400,133.9300002604723,0.04500000000000004,5.82,0,9,200
1038,206400,130.5616665557027,0.06000000000000005,5.515,0,11,200
1039,206400,133.88666637986898,0.05500000000000005,5.74,0,4,200
1040,206560,125.9716666340828,0.07499999999999996,5.815,0,11,200
1041,206624,129.89333339314908,0.06999999999999995,5.09,0,17,200
1042,206896,122.11833353340626,0.07499999999999996,6.155,0,12,200
1043,206936,122.32166583836079,0.06999999999999995,6.265,0,13,200
1044,207480,126.93666729982942,0.06999999999999995,6.01,0,9,200
1045,208000,136.490000275895,0.03500000000000003,5.7,0,7,200
1046,208000,135.36833377182484,0.040000000000000036,5.885,0,5,200
1047,208000,138.45500009786338,0.030000000000000027,5.505,0,9,200
1048,208160,135.75666669011116,0.025000000000000022,5.77,0,13,200
1049,208224,132.21499995421618,0.05500000000000005,5.385,0,13,200
1050,208496,136.80166728794575,0.030000000000000027,5.755,0,9,200
1051,208536,120.85666660219431,0.08499999999999996,5.92,0,13,200
1052,209080,132.151667047292,0.050000000000000044,5.575,0,11,200
1053,209600,139.20500008296221,0.020000000000000018,5.265,0,17,200
1054,209600,123.08333334699273,0.07999999999999996,5.81,0,13,200
1055,209600,141.20000061392784,0.015000000000000013,5.46,0,11,200
1056,209760,128.48999993037432,0.05500000000000005,5.55,0,15,200
1057,209824,131.80666655208915,0.020000000000000018,6.01,0,16,200
1058,210096,123.66833345033228,0.04500000000000004,6.065,0,21,200
1059,210136,124.59333392977715,0.06999999999999995,5.84,0,11,200
1060,210680,127.40000054240227,0.04500000000000004,5.82,0,15,200
1061,211200,123.79666662123054,0.06999999999999995,6.16,0,11,200
1062,211200,114.98999990150332,0.09499999999999997,6.27,0,16,200
1063,211200,121.40166706126183,0.05500000000000005,6.325,0,17,200
1064,211360,131.05666644033045,0.050000000000000044,5.56,0,14,200
1065,211424,120.40499998629093,0.08499999999999996,5.715,0,18,200
1066,211696,125.03499990329146,0.07499999999999996,5.715,0,13,200
1067,211736,132.98333325330168,0.030000000000000027,5.9,0,11,200
1068,212280,135.12833414971828,0.04500000000000004,5.405,0,12,200
1069,212800,128.1549997255206,0.040000000000000036,6.045,0,17,200
1070,212800,135.63000054471195,0.05500000000000005,5.19,0,9,200
1071,212800,134.5583339072764,0.03500000000000003,5.315,0,15,200
1072,212960,136.62333350535482,0.040000000000000036,5.42,0,9,200
1073,213024,128.7566665969789,0.06000000000000005,5.53,0,14,200
1074,213296,136.9216662477702,0.025000000000000022,5.365,0,16,200
1075,213336,135.34000031277537,0.03500000000000003,5.31,0,14,200
1076,213880,114.58833321928978,0.09499999999999997,6.215,0,16,200
1077,214400,126.43000023346394,0.050000000000000044,6.18,0,12,200
1078,214400,128.3916668407619,0.04500000000000004,6.175,0,12,200
1079,214400,130.09000087156892,0.050000000000000044,5.67,0,13,200
1080,214560,127.53333334624767,0.050000000000000044,5.72,0,19,200
1081,214624,135.68500023242086,0.03500000000000003,5.445,0,12,200
1082,214896,128.92166662216187,0.04500000000000004,6.205,0,9,200
1083,214936,129.54166670516133,0.03500000000000003,5.815,0,19,200
1084,215480,133.11000026762486,0.06499999999999995,5.4,0,9,200
1085,216000,138.17666716035455,0.040000000000000036,5.44,0,8,200
1086,216000,138.41333322227,0.050000000000000044,5.21,0,6,200
1087,216000,129.78166714310646,0.03500000000000003,6.115,0,14,200
1088,216160,122.75333331525326,0.050000000000000044,6.38,0,18,200
1089,216224,140.56666707620025,0.030000000000000027,5.23,0,10,200
1090,216496,128.0683330250904,0.050000000000000044,5.915,0,15,200
1091,216536,116.41833372414112,0.08999999999999997,6.545,0,12,200
1092,217080,130.4033333659172,0.05500000000000005,5.81,0,11,200
1093,217600,125.8116662800312,0.05500000000000005,6.235,0,12,200
1094,217600,128.88166687265038,0.07499999999999996,5.575,0,10,200
1095,217600,139.091667316854,0.040000000000000036,5.395,0,7,200
1096,217760,121.42500016465783,0.06000000000000005,6.015,0,21,200
1097,217824,126.81833367794752,0.07499999999999996,5.405,0,15,200
1098,218096,127.78499992191792,0.06999999999999995,6.165,0,4,200
1099,218136,129.73500008881092,0.06499999999999995,5.745,0,10,200
1100,218680,124.80333357211202,0.07499999999999996,6.05,0,10,200
1101,219200,127.95333320647478,0.04500000000000004,6.14,0,12,200
1102,219200,130.98666685819626,0.06000000000000005,5.8,0,8,200
1103,219200,122.14333401899785,0.08499999999999996,5.84,0,14,200
1104,219360,128.91666673123837,0.06999999999999995,5.38,0,15,200
1105,219424,133.91999980434775,0.050000000000000044,5.43,0,11,200
1106,219696,128.1016671806574,0.07999999999999996,5.695,0,7,200
1107,219736,125.61833320837468,0.06499999999999995,5.765,0,16,200
1108,220280,121.32666682824492,0.10499999999999998,5.65,0,12,200
1109,220800,135.64000048488379,0.040000000000000036,5.19,0,15,200
1110,220800,132.9249998163432,0.050000000000000044,5.145,0,14,200
1111,220800,123.11000064760447,0.09499999999999997,5.79,0,8,200
1112,220960,138.74666647613049,0.040000000000000036,5.17,0,10,200
1113,221024,129.71833358705044,0.08999999999999997,5.285,0,8,200
1114,221296,127.86833310127258,0.06499999999999995,6.065,0,5,200
1115,221336,116.28500033449382,0.10499999999999998,6.135,0,11,200
1116,221880,133.80666717514396,0.06499999999999995,5.2,0,9,200
1117,222400,132.33833346050233,0.050000000000000044,5.525,0,13,200
1118,222400,119.85000029206276,0.10999999999999999,5.73,0,11,200
1119,222400,139.06499944627285,0.04500000000000004,5.145,0,7,200
1120,222560,130.9849999761209,0.06000000000000005,5.445,0,12,200
1121,222624,124.4499998241663,0.08499999999999996,5.76,0,11,200
1122,222896,124.75166599452496,0.07499999999999996,6.235,0,9,200
1123,222936,137.28333307430148,0.025000000000000022,5.9,0,8,200
1124,223480,129.5449998639524,0.07499999999999996,5.205,0,12,200
1125,224000,134.83333322033286,0.06499999999999995,4.91,0,12,200
1126,224000,132.6333333197981,0.05500000000000005,5.3,0,12,200
1127,224000,131.53000001236796,0.050000000000000044,5.76,0,9,200
1128,224160,131.30666678305715,0.06000000000000005,5.89,0,8,200
1129,224224,116.03666637837887,0.12,5.89,0,10,200
1130,224496,127.94166736677289,0.07499999999999996,5.455,0,11,200
1131,224536,118.06333349645138,0.125,5.63,0,11,200
1132,225080,129.1666662460193,0.07499999999999996,5.59,0,9,200
1133,225600,132.03500043973327,0.03500000000000003,5.655,0,16,200
1134,225600,141.01166687905788,0.020000000000000018,5.365,0,11,200
1135,225600,109.87666674610227,0.10999999999999999,6.25,0,18,200
1136,225760,126.7983336513862,0.06999999999999995,5.585,0,15,200
1137,225824,131.32499954104424,0.040000000000000036,5.805,0,13,200
1138,226096,119.27500007208437,0.06499999999999995,6.225,0,19,200
1139,226136,139.51833327114582,0.040000000000000036,5.285,0,8,200
1140,226680,130.57000017166138,0.06000000000000005,5.7,0,8,200
1141,227200,132.59333336353302,0.06999999999999995,5.12,0,12,200
1142,227200,132.2149999057874,0.07499999999999996,5.235,0,7,200
1143,227200,133.5516666099429,0.025000000000000022,5.815,0,14,200
1144,227360,139.01666761934757,0.04500000000000004,5.14,0,8,200
1145,227424,137.24499988928437,0.050000000000000044,5.025,0,9,200
1146,227696,126.74166683480144,0.06000000000000005,6.025,0,12,200
1147,227736,143.04500052332878,0.015000000000000013,5.235,0,11,200
1148,228280,123.06833288818598,0.07499999999999996,6.065,0,14,200
1149,228800,129.48166657611728,0.050000000000000044,6.055,0,10,200
1150,228800,132.5700002014637,0.05500000000000005,5.46,0,12,200
1151,228800,123.14333412796259,0.07999999999999996,5.48,0,17,200
1152,228960,128.26000050082803,0.06999999999999995,5.61,0,11,200
1153,229024,123.19333317875862,0.08999999999999997,5.81,0,9,200
1154,229296,127.72833338007331,0.050000000000000044,5.735,0,16,200
1155,229336,126.02333305776119,0.06999999999999995,5.51,0,17,200
1156,229880,123.52833289280534,0.08999999999999997,5.495,0,15,200
1157,230400,119.65833321213722,0.08499999999999996,6.185,0,14,200
1158,230400,129.43166649341583,0.050000000000000044,5.785,0,14,200
1159,230400,141.43000032752752,0.010000000000000009,5.1,0,16,200
1160,230560,124.11166644096375,0.06499999999999995,6.025,0,16,200
1161,230624,135.57499996200204,0.030000000000000027,5.805,0,12,200
1162,230896,141.37666679080576,0.050000000000000044,4.84,0,7,200
1163,230936,124.46166656445712,0.05500000000000005,5.815,0,18,200
1164,231480,134.43499971088022,0.03500000000000003,5.655,0,12,200
1165,232000,139.438333183527,0.05500000000000005,4.775,0,12,200
1166,232000,129.57499990984797,0.040000000000000036,6.105,0,14,200
1167,232000,122.31166699528694,0.08499999999999996,5.755,0,13,200
1168,232160,125.39500040188432,0.050000000000000044,6.315,0,13,200
1169,232224,140.26333364192396,0.040000000000000036,4.85,0,11,200
1170,232496,123.45500033721328,0.08999999999999997,5.835,0,10,200
1171,232536,124.93666667398065,0.06999999999999995,5.86,0,14,200
1172,233080,144.26500017940998,0.015000000000000013,5.175,0,9,200
1173,233600,124.03499988466501,0.07999999999999996,5.745,0,12,200
1174,233600,138.0683338753879,0.030000000000000027,5.525,0,8,200
1175,233600,127.7100000679493,0.05500000000000005,5.76,0,14,200
1176,233760,130.82666698098183,0.06000000000000005,5.47,0,13,200
1177,233824,127.62833339720964,0.050000000000000044,5.855,0,16,200
1178,234096,123.32999989390373,0.050000000000000044,6.21,0,18,200
1179,234136,122.29166684299707,0.06499999999999995,6.415,0,12,200
1180,234680,138.64000023901463,0.03500000000000003,5.34,0,9,200
1181,235200,131.81833369191736,0.06000000000000005,5.075,0,17,200
1182,235200,129.82000017166138,0.07499999999999996,5.46,0,9,200
1183,235200,131.13500006124377,0.03500000000000003,5.565,0,18,200
1184,235360,131.21833285689354,0.07999999999999996,5.165,0,9,200
1185,235424,118.18333332240582,0.12,5.63,0,14,200
1186,235696,120.59666706621647,0.06499999999999995,6.4,0,13,200
1187,235736,131.9366666926071,0.050000000000000044,5.65,0,12,200
1188,236280,139.9766667559743,0.03500000000000003,5.2,0,12,200
1189,236800,125.3799995072186,0.09499999999999997,5.34,0,11,200
1190,236800,130.77666709478945,0.06000000000000005,5.47,0,12,200
1191,236800,134.6816670447588,0.06000000000000005,5.125,0,11,200
1192,236960,133.630000308156,0.06499999999999995,5.37,0,8,200
1193,237024,125.58333314955235,0.06999999999999995,6.11,0,10,200
1194,237296,128.75833361968398,0.05500000000000005,5.555,0,19,200
1195,237336,112.57333298306912,0.08499999999999996,6.62,0,19,200
1196,237880,128.82166679948568,0.05500000000000005,5.815,0,13,200
1197,238400,128.1016666572541,0.06000000000000005,5.905,0,11,200
1198,238400,120.49666640907526,0.09499999999999997,5.89,0,12,200
1199,238400,125.68333353847265,0.040000000000000036,6.35,0,14,200
1200,238560,129.48666645213962,0.040000000000000036,6.01,0,12,200
1201,238624,128.68499959260225,0.06000000000000005,5.955,0,10,200
1202,238896,127.4233338907361,0.050000000000000044,5.99,0,15,200
1203,238936,129.69666679948568,0.030000000000000027,6.04,0,18,200
1204,239480,138.0799995660782,0.015000000000000013,6.03,0,9,200
1205,240000,133.1333335004747,0.050000000000000044,5.78,0,7,200
1206,240000,126.69500020425767,0.040000000000000036,5.805,0,21,200
1207,240000,130.66666745394468,0.040000000000000036,6.07,0,12,200
1208,240160,121.79000005126,0.08999999999999997,5.79,0,13,200
1209,240224,139.67166706826538,0.015000000000000013,5.665,0,10,200
1210,240496,131.08333326876163,0.06000000000000005,5.69,0,9,200
1211,240536,125.14166661724448,0.06000000000000005,6.235,0,10,200
1212,241080,125.44999966025352,0.09499999999999997,5.55,0,9,200
1213,241600,124.03500005602837,0.06000000000000005,6.015,0,18,200
1214,241600,133.6883334517479,0.05500000000000005,5.495,0,8,200
1215,241600,141.12166591361165,0.020000000000000018,5.545,0,8,200
1216,241760,137.96000051498413,0.040000000000000036,5.1,0,11,200
1217,241824,130.29833281040192,0.040000000000000036,6.365,0,7,200
1218,242096,134.42833365499973,0.040000000000000036,5.735,0,11,200
1219,242136,126.7049997439608,0.08499999999999996,5.385,0,11,200
1220,242680,132.46166634187102,0.030000000000000027,5.875,0,14,200
1221,243200,132.31166623532772,0.040000000000000036,5.785,0,13,200
1222,243200,130.86500018648803,0.06499999999999995,5.415,0,11,200
1223,243200,133.5016662031412,0.050000000000000044,5.665,0,10,200
1224,243360,133.86666660383344,0.06000000000000005,5.41,0,8,200
1225,243424,129.68499986827374,0.08499999999999996,5.475,0,7,200
1226,243696,120.18166637700051,0.08999999999999997,5.875,0,13,200
1227,243736,124.89499970432371,0.07499999999999996,5.925,0,11,200
1228,244280,134.17833310365677,0.04500000000000004,5.735,0,9,200
1229,244800,132.14166620373726,0.040000000000000036,5.905,0,12,200
1230,244800,131.04166707396507,0.050000000000000044,5.935,0,10,200
1231,244800,142.05333441123366,0.025000000000000022,5.33,0,8,200
1232,244960,134.3933339715004,0.06999999999999995,5.6,0,2,200
1233,245024,132.25500028487295,0.05500000000000005,5.715,0,8,200
1234,245296,142.43166613578796,0.020000000000000018,5.365,0,9,200
1235,245336,129.463333055377,0.07499999999999996,5.72,0,7,200
1236,245880,131.53166708350182,0.06499999999999995,5.365,0,11,200
1237,246400,123.98166647925973,0.050000000000000044,6.265,0,16,200
1238,246400,140.57833363115788,0.030000000000000027,5.285,0,9,200
1239,246400,127.20333360135555,0.08499999999999996,5.72,0,6,200
1240,246560,137.14666682481766,0.06499999999999995,5.02,0,9,200
1241,246624,121.50833312049508,0.09999999999999998,5.705,0,10,200
1242,246896,131.3083333671093,0.05500000000000005,5.765,0,9,200
1243,246936,133.60833356156945,0.05500000000000005,5.645,0,7,200
1244,247480,132.68999990448356,0.040000000000000036,5.91,0,11,200
1245,248000,139.49666675087065,0.015000000000000013,5.32,0,15,200
1246,248000,134.42999979108572,0.06499999999999995,5.19,0,8,200
1247,248000,131.20499904453754,0.050000000000000044,5.925,0,10,200
1248,248160,132.46000077202916,0.050000000000000044,5.61,0,10,200
1249,248224,121.9033332131803,0.07999999999999996,5.84,0,15,200
1250,248496,123.69166660308838,0.09499999999999997,5.905,0,8,200
1251,248536,127.75333352386951,0.06499999999999995,6.02,0,10,200
1252,249080,131.31999947782606,0.04500000000000004,6.0,0,10,200
1253,249600,125.11666715051979,0.05500000000000005,6.16,0,14,200
1254,249600,128.04833325743675,0.08499999999999996,5.435,0,10,200
1255,249600,130.09499993175268,0.06000000000000005,5.925,0,8,200
1256,249760,137.34833331406116,0.050000000000000044,5.075,0,11,200
1257,249824,134.6833335822448,0.05500000000000005,5.3,0,10,200
1258,250096,129.82999977469444,0.06499999999999995,5.58,0,11,200
1259,250136,135.82499949634075,0.04500000000000004,5.715,0,7,200
1260,250680,129.7183333300054,0.050000000000000044,5.675,0,13,200
1261,251200,125.11166670173407,0.08499999999999996,5.485,0,12,200
1262,251200,117.42166633158922,0.09499999999999997,6.295,0,12,200
1263,251200,129.25333327054977,0.06499999999999995,5.69,0,10,200
1264,251360,122.70500014629215,0.08499999999999996,5.895,0,11,200
1265,251424,123.30666695535183,0.08499999999999996,5.89,0,12,200
1266,251696,135.63166710734367,0.025000000000000022,5.785,0,12,200
1267,251736,120.34166680648923,0.06499999999999995,6.655,0,10,200
1268,252280,140.52666669338942,0.020000000000000018,5.59,0,7,200
1269,252800,135.18333375733346,0.03500000000000003,5.75,0,9,200
1270,252800,138.13333312049508,0.040000000000000036,5.39,0,8,200
1271,252800,130.09666621685028,0.05500000000000005,6.04,0,6,200
1272,252960,134.08833299111575,0.040000000000000036,5.435,0,14,200
1273,253024,135.3633336191997,0.05500000000000005,5.33,0,11,200
1274,253296,138.16833351552486,0.03500000000000003,5.525,0,9,200
1275,253336,125.22000018134713,0.08499999999999996,5.7,0,10,200
1276,253880,131.12000009045005,0.040000000000000036,5.94,0,13,200
1277,254400,121.37000025063753,0.07499999999999996,6.42,0,9,200
1278,254400,138.31833354290575,0.03500000000000003,5.345,0,10,200
1279,254400,136.35000036656857,0.030000000000000027,5.61,0,11,200
1280,254560,133.6783332042396,0.050000000000000044,5.495,0,9,200
1281,254624,133.37833289802074,0.05500000000000005,5.465,0,9,200
1282,254896,131.10833337437361,0.05500000000000005,5.825,0,8,200
1283,254936,127.94000003859401,0.06499999999999995,5.91,0,10,200
1284,255480,124.82999981939793,0.06499999999999995,6.21,0,10,200
1285,256000,129.02000008523464,0.04500000000000004,5.88,0,16,200
1286,256000,136.07833309285343,0.040000000000000036,5.405,0,12,200
1287,256000,125.72166665643454,0.06499999999999995,6.265,0,9,200
1288,256160,124.78833393752575,0.025000000000000022,6.425,0,20,200
1289,256224,136.20833341777325,0.04500000000000004,5.465,0,8,200
1290,256496,131.52166698873043,0.06000000000000005,5.725,0,9,200
1291,256536,134.29333300050348,0.050000000000000044,5.69,0,6,200
1292,257080,145.97833393514156,0.020000000000000018,5.285,0,3,200
1293,257600,135.3699999069795,0.04500000000000004,5.82,0,5,200
1294,257600,136.79333380516618,0.03500000000000003,5.6,0,8,200
1295,257600,132.42166700586677,0.05500000000000005,5.725,0,8,200
1296,257760,133.6816666573286,0.08499999999999996,4.945,0,9,200
1297,257824,116.02499946113676,0.09999999999999998,6.345,0,13,200
1298,258096,132.2033325880766,0.050000000000000044,6.02,0,5,200
1299,258136,132.0383340679109,0.05500000000000005,5.825,0,7,200
1300,258680,139.56666705664247,0.03500000000000003,5.2,0,10,200
1301,259200,126.99000035878271,0.06499999999999995,6.12,0,8,200
1302,259200,138.10000018775463,0.040000000000000036,5.4,0,8,200
1303,259200,134.631666935049,0.06499999999999995,5.335,0,8,200
1304,259360,132.92666700482368,0.06000000000000005,5.56,0,8,200
1305,259424,136.04666686058044,0.06499999999999995,5.2,0,8,200
1306,259696,142.05000004172325,0.025000000000000022,5.49,0,6,200
1307,259736,125.63333250861615,0.06499999999999995,6.32,0,7,200
1308,260280,143.15166660770774,0.030000000000000027,5.005,0,9,200
1309,260800,132.66333313286304,0.07999999999999996,5.3,0,8,200
1310,260800,121.70499979704618,0.12,5.475,0,7,200
1311,260800,137.16000004392117,0.04500000000000004,5.4,0,8,200
1312,260960,138.66666739340872,0.050000000000000044,4.99,0,9,200
1313,261024,135.2099994495511,0.06000000000000005,5.61,0,6,200
1314,261296,127.61166656762362,0.09499999999999997,5.725,0,2,200
1315,261336,141.66333298385143,0.050000000000000044,5.09,0,5,200
1316,261880,130.0883328039199,0.050000000000000044,5.405,0,18,200
1317,262400,122.69999971985817,0.08499999999999996,6.06,0,11,200
1318,262400,134.5933336019516,0.025000000000000022,6.32,0,7,200
1319,262400,129.7216673642397,0.10999999999999999,4.975,0,6,200
1320,262560,121.73000019788742,0.08999999999999997,6.18,0,8,200
1321,262624,129.15333418548107,0.06499999999999995,5.81,0,10,200
1322,262896,131.96499875187874,0.050000000000000044,6.105,0,5,200
1323,262936,137.26666716858745,0.03500000000000003,5.32,0,12,200
1324,263480,138.32333274185658,0.040000000000000036,5.36,0,7,200
1325,264000,124.23666704446077,0.09499999999999997,5.98,0,4,200
1326,264000,126.98166697472334,0.050000000000000044,6.175,0,13,200
1327,264000,134.330000160262,0.03500000000000003,5.7,0,11,200
1328,264160,131.21499967575073,0.04500000000000004,6.075,0,10,200
1329,264224,130.0983334844932,0.04500000000000004,5.765,0,15,200
1330,264496,124.79000013694167,0.08999999999999997,5.52,0,14,200
1331,264536,135.99000004585832,0.050000000000000044,5.28,0,9,200
1332,265080,127.72166658751667,0.07499999999999996,5.545,0,13,200
1333,265600,129.7816671691835,0.07499999999999996,5.455,0,9,200
1334,265600,140.04666735231876,0.03500000000000003,5.23,0,9,200
1335,265600,133.22000014223158,0.04500000000000004,5.58,0,10,200
1336,265760,137.90833383332938,0.020000000000000018,5.315,0,15,200
1337,265824,133.69000060856342,0.07499999999999996,5.31,0,5,200
1338,266096,132.09000043570995,0.06000000000000005,5.58,0,10,200
1339,266136,124.96000038739294,0.08499999999999996,5.61,0,12,200
1340,266680,122.09500026330352,0.06499999999999995,6.045,0,16,200
1341,267200,123.04833267629147,0.06999999999999995,6.065,0,12,200
1342,267200,117.94999972358346,0.06499999999999995,6.42,0,18,200
1343,267200,138.86999925598502,0.015000000000000013,5.73,0,9,200
1344,267360,119.07166679948568,0.10499999999999998,5.815,0,9,200
1345,267424,123.47833313979208,0.09999999999999998,5.555,0,8,200
1346,267696,128.61666672304273,0.07499999999999996,5.62,0,8,200
1347,267736,122.30500033404678,0.08999999999999997,5.865,0,11,200
1348,268280,123.87500043213367,0.08999999999999997,5.925,0,7,200
1349,268800,137.26500032376498,0.030000000000000027,5.475,0,10,200
1350,268800,133.37000023201108,0.03500000000000003,5.85,0,9,200
1351,268800,125.96333291754127,0.06000000000000005,5.66,0,16,200
1352,268960,124.54833312612027,0.05500000000000005,6.275,0,12,200
1353,269024,129.23666667565703,0.06000000000000005,5.86,0,8,200
1354,269296,121.7400000570342,0.07999999999999996,5.91,0,13,200
1355,269336,123.7833333639428,0.07999999999999996,5.75,0,11,200
1356,269880,135.22166654095054,0.04500000000000004,5.485,0,8,200
1357,270400,134.81833303626627,0.04500000000000004,5.555,0,10,200
1358,270400,134.92833383753896,0.040000000000000036,5.495,0,10,200
1359,270400,121.62166678160429,0.07499999999999996,6.385,0,9,200
1360,270560,127.74333328939974,0.06999999999999995,5.81,0,9,200
1361,270624,129.80666674673557,0.040000000000000036,6.19,0,10,200
1362,270896,137.79499952495098,0.030000000000000027,5.655,0,8,200
1363,270936,128.41833331342787,0.06000000000000005,5.795,0,11,200
1364,271480,122.34166713058949,0.07499999999999996,6.085,0,10,200
1365,272000,132.76666697859764,0.050000000000000044,5.47,0,14,200
1366,272000,135.04333311971277,0.040000000000000036,5.66,0,8,200
1367,272000,122.22166727110744,0.06499999999999995,6.445,0,12,200
1368,272160,126.5916659841314,0.06499999999999995,5.785,0,13,200
1369,272224,131.25499980151653,0.04500000000000004,6.105,0,7,200
1370,272496,127.87166682630777,0.06499999999999995,5.785,0,12,200
1371,272536,124.49999987706542,0.06000000000000005,6.27,0,11,200
1372,273080,132.3600004054606,0.030000000000000027,5.79,0,14,200
1373,273600,138.2583337072283,0.025000000000000022,5.195,0,13,200
1374,273600,119.38500070106238,0.08499999999999996,6.255,0,12,200
1375,273600,132.57499941810966,0.040000000000000036,6.045,0,7,200
1376,273760,137.40999991819263,0.030000000000000027,5.7,0,9,200
1377,273824,133.58166711684316,0.05500000000000005,5.335,0,11,200
1378,274096,135.83833222743124,0.040000000000000036,5.555,0,9,200
1379,274136,135.4049997543916,0.04500000000000004,5.625,0,6,200
1380,274680,132.1000000089407,0.06499999999999995,5.34,0,11,200
1381,275200,138.00500002503395,0.06499999999999995,4.875,0,9,200
1382,275200,130.6850000023842,0.06499999999999995,5.535,0,9,200
1383,275200,150.14166676998138,0.0,5.095,0,6,200
1384,275360,134.98500074073672,0.03500000000000003,5.895,0,7,200
1385,275424,122.70833344385028,0.06000000000000005,6.275,0,15,200
1386,275696,132.98333288356662,0.04500000000000004,5.9,0,8,200
1387,275736,134.90166644752026,0.06499999999999995,5.395,0,5,200
1388,276280,137.27500046789646,0.050000000000000044,5.325,0,8,200
1389,276800,128.9349997714162,0.06000000000000005,5.625,0,14,200
1390,276800,134.95833331439644,0.03500000000000003,5.525,0,13,200
1391,276800,141.9550001984462,0.030000000000000027,5.415,0,7,200
1392,276960,129.70499970763922,0.04500000000000004,6.135,0,9,200
1393,277024,133.8316667145118,0.06999999999999995,5.155,0,10,200
1394,277296,141.91833378653973,0.020000000000000018,5.525,0,5,200
1395,277336,140.02333307266235,0.020000000000000018,5.54,0,10,200
1396,277880,136.38333416730165,0.03500000000000003,5.75,0,8,200
1397,278400,127.38833361491561,0.04500000000000004,6.275,0,13,200
1398,278400,138.67666605487466,0.040000000000000036,5.32,0,9,200
1399,278400,137.70166639983654,0.020000000000000018,5.755,0,12,200
1400,278560,140.1799996048212,0.040000000000000036,5.13,0,8,200
1401,278624,131.3616672307253,0.05500000000000005,5.755,0,10,200
1402,278896,138.67500101029873,0.04500000000000004,5.085,0,10,200
1403,278936,133.35000105854124,0.03500000000000003,5.76,0,13,200
1404,279480,136.35833349823952,0.040000000000000036,5.555,0,11,200
1405,280000,129.01333330571651,0.04500000000000004,5.78,0,14,200
1406,280000,135.088333315216,0.05500000000000005,5.495,0,7,200
1407,280000,128.65166590269655,0.06499999999999995,6.025,0,6,200
1408,280160,130.28833314031363,0.04500000000000004,6.185,0,9,200
1409,280224,130.2200006954372,0.06000000000000005,5.61,0,11,200
1410,280496,125.33833374083042,0.06499999999999995,5.975,0,12,200
1411,280536,135.26166766136885,0.08499999999999996,4.735,0,9,200
1412,281080,123.31000040285289,0.06999999999999995,5.79,0,16,200
1413,281600,131.03166653215885,0.04500000000000004,6.295,0,7,200
1414,281600,133.3883329546079,0.050000000000000044,5.885,0,7,200
1415,281600,132.8083337545395,0.04500000000000004,5.675,0,11,200
1416,281760,123.68666703533381,0.06000000000000005,5.98,0,17,200
1417,281824,143.20166724454612,0.030000000000000027,5.065,0,7,200
1418,282096,125.6649998947978,0.06000000000000005,6.165,0,13,200
1419,282136,137.98166659474373,0.050000000000000044,5.275,0,8,200
1420,282680,123.97166590765119,0.07499999999999996,6.055,0,8,200
1421,283200,132.5750003522262,0.05500000000000005,5.505,0,11,200
1422,283200,142.31999924778938,0.025000000000000022,5.04,0,12,200
1423,283200,134.83833346050233,0.06000000000000005,5.135,0,11,200
1424,283360,139.56833301484585,0.03500000000000003,4.895,0,15,200
1425,283424,124.23666635155678,0.06000000000000005,6.19,0,13,200
1426,283696,135.43000030517578,0.05500000000000005,5.43,0,7,200
1427,283736,122.70666639506817,0.09499999999999997,5.74,0,10,200
1428,284280,134.07333320379257,0.05500000000000005,5.33,0,11,200
1429,284800,126.87666617333889,0.040000000000000036,6.1,0,15,200
1430,284800,131.35333344340324,0.06000000000000005,5.72,0,8,200
1431,284800,139.3400002680719,0.03500000000000003,5.13,0,12,200
1432,284960,131.35999988764524,0.050000000000000044,5.61,0,12,200
1433,285024,137.23666644096375,0.050000000000000044,5.29,0,6,200
1434,285296,137.5250005722046,0.030000000000000027,5.415,0,13,200
1435,285336,124.51166660245508,0.07499999999999996,5.665,0,15,200
1436,285880,114.12666654586792,0.08499999999999996,6.52,0,17,200
1437,286400,137.01499987300485,0.050000000000000044,5.055,0,14,200
1438,286400,116.50833329558372,0.10999999999999999,5.765,0,14,200
1439,286400,139.80166694056243,0.030000000000000027,5.335,0,8,200
1440,286560,131.83666676282883,0.020000000000000018,6.22,0,16,200
1441,286624,130.67000019550323,0.040000000000000036,5.88,0,13,200
1442,286896,125.41499984264374,0.07499999999999996,5.985,0,10,200
1443,286936,133.95333361253142,0.04500000000000004,5.51,0,9,200
1444,287480,129.96999947354198,0.04500000000000004,6.18,0,9,200
1445,288000,133.95833333581686,0.050000000000000044,5.435,0,10,200
1446,288000,136.19000063836575,0.04500000000000004,5.25,0,11,200
1447,288000,137.29166724905372,0.040000000000000036,5.275,0,11,200
1448,288160,134.57166677340865,0.050000000000000044,5.455,0,11,200
1449,288224,120.84833377599716,0.08499999999999996,5.855,0,16,200
1450,288496,131.5466669164598,0.025000000000000022,6.16,0,13,200
1451,288536,120.42833349108696,0.07499999999999996,5.975,0,17,200
1452,289080,122.648333132267,0.10499999999999998,5.195,0,18,200
1453,289600,132.05666678771377,0.050000000000000044,5.35,0,15,200
1454,289600,136.89666693657637,0.05500000000000005,4.93,0,11,200
1455,289600,125.5500005101785,0.09499999999999997,5.37,0,8,200
1456,289760,124.83833307027817,0.10499999999999998,5.105,0,12,200
1457,289824,134.10333359986544,0.040000000000000036,5.24,0,17,200
1458,290096,132.26833332702518,0.03500000000000003,5.915,0,11,200
1459,290136,138.8750001192093,0.03500000000000003,4.935,0,15,200
1460,290680,122.74166728369892,0.09499999999999997,5.245,0,17,200
1461,291200,137.8066670447588,0.030000000000000027,5.53,0,10,200
1462,291200,128.37666641827673,0.03500000000000003,6.13,0,14,200
1463,291200,135.8316667471081,0.020000000000000018,5.365,0,18,200
1464,291360,128.62166663631797,0.06000000000000005,5.245,0,20,200
1465,291424,136.33166710659862,0.040000000000000036,5.275,0,11,200
1466,291696,126.59000008553267,0.050000000000000044,6.09,0,12,200
1467,291736,135.82999970763922,0.030000000000000027,5.52,0,15,200
1468,292280,138.96833409368992,0.030000000000000027,5.105,0,15,200
1469,292800,129.2850000411272,0.020000000000000018,6.105,0,22,200
1470,292800,131.01500038802624,0.04500000000000004,5.745,0,12,200
1471,292800,129.99499999266118,0.030000000000000027,5.895,0,16,200
1472,292960,130.7499996786937,0.030000000000000027,5.82,0,16,200
1473,293024,136.56666666269302,0.040000000000000036,5.53,0,8,200
1474,293296,136.38500041421503,0.040000000000000036,5.385,0,12,200
1475,293336,126.78499966487288,0.05500000000000005,6.045,0,11,200
1476,293880,123.87333357334137,0.07499999999999996,5.9,0,13,200
1477,294400,130.13166672736406,0.03500000000000003,5.995,0,14,200
1478,294400,127.19833307247609,0.05500000000000005,5.735,0,15,200
1479,294400,139.00666706915945,0.03500000000000003,4.99,0,14,200
1480,294560,126.07999995350838,0.06000000000000005,6.09,0,12,200
1481,294624,124.67666678503156,0.040000000000000036,6.22,0,18,200
1482,294896,124.42833337932825,0.05500000000000005,6.275,0,15,200
1483,294936,121.16666739434004,0.08999999999999997,5.5,0,18,200
1484,295480,133.19833358284086,0.05500000000000005,5.375,0,10,200
1485,296000,128.89500019699335,0.06000000000000005,5.625,0,13,200
1486,296000,132.41500061377883,0.04500000000000004,5.355,0,14,200
1487,296000,133.63333386555314,0.040000000000000036,5.45,0,14,200
1488,296160,128.5033334121108,0.050000000000000044,5.63,0,17,200
1489,296224,117.65166632458568,0.08999999999999997,5.875,0,18,200
1490,296496,131.75000022351742,0.04500000000000004,5.7,0,12,200
1491,296536,125.30666618049145,0.07999999999999996,5.29,0,17,200
1492,297080,127.92499974370003,0.040000000000000036,6.015,0,15,200
1493,297600,133.6283333711326,0.04500000000000004,5.105,0,17,200
1494,297600,128.25000012572855,0.07999999999999996,5.1,0,13,200
1495,297600,131.99166604876518,0.040000000000000036,5.755,0,14,200
1496,297760,128.08333331346512,0.03500000000000003,6.02,0,17,200
1497,297824,132.48333314061165,0.050000000000000044,5.39,0,14,200
1498,298096,136.00500043015927,0.04500000000000004,5.175,0,13,200
1499,298136,130.17333361506462,0.06999999999999995,4.94,0,16,200
1500,298680,123.2916671698913,0.07999999999999996,5.095,0,23,200
1501,299200,132.04666665848345,0.040000000000000036,5.5,0,15,200
1502,299200,125.1100000590086,0.050000000000000044,6.21,0,15,200
1503,299200,124.1733331233263,0.06999999999999995,5.84,0,15,200
1504,299360,123.71499989926815,0.06499999999999995,6.045,0,13,200
1505,299424,121.81333316862583,0.06000000000000005,5.99,0,19,200
1506,299696,113.49833306204528,0.09999999999999998,6.185,0,16,200
1507,299736,130.23666631430387,0.06999999999999995,4.99,0,17,200
1508,300280,140.92500035092235,0.025000000000000022,5.115,0,12,200
1509,300800,127.70499919354916,0.04500000000000004,6.195,0,12,200
1510,300800,134.97166708111763,0.04500000000000004,5.365,0,11,200
1511,300800,119.5433336161077,0.07999999999999996,5.75,0,19,200
1512,300960,126.6983334524557,0.07999999999999996,5.165,0,16,200
1513,301024,121.8400002270937,0.08999999999999997,5.64,0,14,200
1514,301296,119.0883336737752,0.11499999999999999,5.525,0,12,200
1515,301336,117.80166629329324,0.06999999999999995,6.265,0,19,200
1516,301880,126.0249993680045,0.06499999999999995,5.895,0,11,200
1517,302400,131.6449998319149,0.04500000000000004,5.595,0,15,200
1518,302400,126.83333308622241,0.040000000000000036,6.17,0,14,200
1519,302400,127.66500007733703,0.06000000000000005,5.775,0,13,200
1520,302560,129.82666728273034,0.040000000000000036,5.98,0,13,200
1521,302624,126.9966663820669,0.06999999999999995,5.59,0,13,200
1522,302896,126.20999997481704,0.08999999999999997,5.61,0,7,200
1523,302936,125.60166663303971,0.07499999999999996,5.425,0,16,200
1524,303480,134.60499983653426,0.03500000000000003,5.475,0,15,200
1525,304000,128.13166637346148,0.05500000000000005,6.085,0,8,200
1526,304000,132.62833321467042,0.06499999999999995,5.135,0,11,200
1527,304000,141.25500051677227,0.030000000000000027,5.235,0,8,200
1528,304160,120.96333307772875,0.07499999999999996,6.05,0,16,200
1529,304224,132.27166602015495,0.06999999999999995,5.065,0,12,200
1530,304496,122.18333304580301,0.050000000000000044,6.08,0,20,200
1531,304536,120.64666619896889,0.06499999999999995,6.43,0,14,200
1532,305080,133.6150005972013,0.04500000000000004,5.415,0,11,200
1533,305600,125.55499998480082,0.06000000000000005,6.225,0,9,200
1534,305600,124.52499993517995,0.05500000000000005,6.165,0,13,200
1535,305600,130.58499924466014,0.06999999999999995,5.025,0,13,200
1536,305760,132.52333271503448,0.050000000000000044,5.48,0,11,200
1537,305824,130.59666698798537,0.050000000000000044,5.59,0,12,200
1538,306096,109.02333312854171,0.11499999999999999,6.47,0,13,200
1539,306136,126.7016661260277,0.040000000000000036,5.365,0,26,200
1540,306680,128.76833283528686,0.050000000000000044,5.585,0,15,200
1541,307200,122.49666651617736,0.06999999999999995,5.59,0,19,200
1542,307200,130.06999988853931,0.050000000000000044,5.76,0,10,200
1543,307200,126.12833305820823,0.04500000000000004,6.095,0,15,200
1544,307360,135.07999981939793,0.050000000000000044,5.07,0,13,200
1545,307424,131.02333410736173,0.05500000000000005,5.42,0,12,200
1546,307696,128.8783335564658,0.03500000000000003,5.735,0,19,200
1547,307736,116.98166723176837,0.09499999999999997,6.175,0,12,200
1548,308280,132.30333279725164,0.025000000000000022,5.66,0,16,200
1549,308800,114.05333339981735,0.06999999999999995,5.96,0,29,200
1550,308800,122.17999986093491,0.06499999999999995,6.0,0,16,200
1551,308800,124.36499988660216,0.03500000000000003,6.195,0,19,200
1552,308960,120.34666677936912,0.020000000000000018,6.46,0,28,200
1553,309024,115.18833333998919,0.09499999999999997,6.095,0,19,200
1554,309296,128.67333301063627,0.025000000000000022,6.08,0,18,200
1555,309336,124.81000073626637,0.05500000000000005,5.79,0,18,200
1556,309880,120.3849998228252,0.08999999999999997,5.745,0,13,200
1557,310400,131.31833331286907,0.040000000000000036,5.585,0,16,200
1558,310400,118.18833316490054,0.09999999999999998,5.645,0,16,200
1559,310400,122.09999978356063,0.07999999999999996,5.43,0,17,200
1560,310560,134.22666676342487,0.03500000000000003,5.44,0,16,200
1561,310624,130.7300002463162,0.06000000000000005,5.49,0,10,200
1562,310896,134.42833338212222,0.025000000000000022,5.795,0,12,200
1563,310936,133.1833332432434,0.030000000000000027,5.57,0,17,200
1564,311480,117.98000037670135,0.06999999999999995,6.12,0,20,200
1565,312000,113.95000018831342,0.09999999999999998,6.06,0,17,200
1566,312000,126.70666670799255,0.07499999999999996,5.38,0,14,200
1567,312000,123.73833376169205,0.07999999999999996,5.705,0,13,200
1568,312160,125.08166650217026,0.06000000000000005,5.755,0,16,200
1569,312224,138.59833349939436,0.030000000000000027,5.195,0,13,200
1570,312496,127.9050003439188,0.040000000000000036,6.135,0,13,200
1571,312536,122.67833350226283,0.07499999999999996,5.795,0,14,200
1572,313080,134.66833320260048,0.050000000000000044,4.985,0,14,200
1573,313600,126.95499943196774,0.050000000000000044,6.075,0,11,200
1574,313600,124.98500005435199,0.06499999999999995,5.625,0,16,200
1575,313600,129.188332837075,0.05500000000000005,5.495,0,17,200
1576,313760,124.21833342686296,0.08499999999999996,5.435,0,14,200
1577,313824,123.06999972090125,0.07999999999999996,5.34,0,20,200
1578,314096,128.51833366509527,0.050000000000000044,5.645,0,15,200
1579,314136,124.0916662812233,0.07499999999999996,5.845,0,12,200
1580,314680,140.54166639503092,0.050000000000000044,4.975,0,5,200
1581,315200,138.59999982826412,0.03500000000000003,5.19,0,11,200
1582,315200,135.9166670134291,0.03500000000000003,5.47,0,10,200
1583,315200,133.81666731461883,0.03500000000000003,5.71,0,10,200
1584,315360,127.10499960184097,0.030000000000000027,6.615,0,9,200
1585,315424,131.83000026270747,0.040000000000000036,5.85,0,10,200
1586,315696,129.95666632801294,0.040000000000000036,5.95,0,10,200
1587,315736,134.2649997062981,0.040000000000000036,5.745,0,8,200
1588,316280,121.2983333086595,0.08999999999999997,5.885,0,11,200
1589,316800,126.64333368837833,0.05500000000000005,6.14,0,10,200
1590,316800,123.24166668578982,0.08999999999999997,5.815,0,8,200
1591,316800,130.39999969955534,0.06499999999999995,5.04,0,17,200
1592,316960,125.83333310484886,0.06000000000000005,6.05,0,11,200
1593,317024,134.00833303760737,0.06499999999999995,5.045,0,8,200
1594,317296,130.82666627224535,0.06499999999999995,5.38,0,10,200
1595,317336,135.0283328294754,0.04500000000000004,5.735,0,5,200
1596,317880,134.0533328866586,0.050000000000000044,5.3,0,12,200
1597,318400,118.43833309784532,0.10499999999999998,5.795,0,12,200
1598,318400,122.95666690822691,0.09499999999999997,5.65,0,9,200
1599,318400,118.28666650503874,0.08999999999999997,6.34,0,10,200
1600,318560,126.1433333158493,0.06999999999999995,5.81,0,10,200
1601,318624,129.7216666257009,0.06000000000000005,5.545,0,12,200
1602,318896,129.32000026013702,0.03500000000000003,5.88,0,17,200
1603,318936,137.21166603267193,0.025000000000000022,5.575,0,11,200
1604,319480,127.08666692301631,0.07499999999999996,5.56,0,11,200
1605,320000,132.88333416637033,0.030000000000000027,5.3,0,18,200
1606,320000,128.9066670536995,0.06000000000000005,5.74,0,11,200
1607,320000,123.97333311662078,0.09999999999999998,5.69,0,7,200
1608,320160,134.65499997790903,0.040000000000000036,5.355,0,14,200
1609,320224,129.1883329898119,0.05500000000000005,5.585,0,15,200
1610,320496,132.490000477992,0.05500000000000005,5.22,0,14,200
1611,320536,130.17000032123178,0.06000000000000005,5.34,0,13,200
1612,321080,130.93666643556207,0.06000000000000005,5.23,0,15,200
1613,321600,138.02333309408277,0.025000000000000022,5.42,0,10,200
1614,321600,128.02833333611488,0.04500000000000004,5.885,0,13,200
1615,321600,131.28666622098535,0.030000000000000027,6.16,0,11,200
1616,321760,127.51666636765003,0.050000000000000044,5.95,0,14,200
1617,321824,119.02833366394043,0.08999999999999997,5.915,0,15,200
1618,322096,126.4233332388103,0.050000000000000044,5.84,0,17,200
1619,322136,124.16166667919606,0.040000000000000036,6.325,0,17,200
1620,322680,134.71166630089283,0.040000000000000036,5.575,0,11,200
1621,323200,131.19833328202367,0.025000000000000022,5.885,0,15,200
1622,323200,129.90000008046627,0.06000000000000005,5.52,0,12,200
1623,323200,126.86000053212047,0.06999999999999995,5.82,0,10,200
1624,323360,123.94999999552965,0.06000000000000005,6.06,0,15,200
1625,323424,134.72333326935768,0.06000000000000005,5.21,0,8,200
1626,323696,142.56333321332932,0.015000000000000013,5.27,0,9,200
1627,323736,126.86500000953674,0.05500000000000005,6.225,0,8,200
1628,324280,128.18833286687732,0.04500000000000004,5.945,0,14,200
1629,324800,130.2916663652286,0.05500000000000005,5.485,0,13,200
1630,324800,134.44999993406236,0.03500000000000003,5.25,0,16,200
1631,324800,137.12499876320362,0.040000000000000036,5.595,0,5,200
1632,324960,129.91166668199003,0.06999999999999995,5.245,0,11,200
1633,325024,130.0000001937151,0.06999999999999995,5.49,0,11,200
1634,325296,124.45333340577781,0.06499999999999995,5.75,0,14,200
1635,325336,130.24500042572618,0.08999999999999997,5.055,0,8,200
1636,325880,126.0516665354371,0.06999999999999995,5.725,0,11,200
1637,326400,124.08500027563423,0.050000000000000044,6.165,0,17,200
1638,326400,131.36666619312018,0.050000000000000044,5.74,0,11,200
1639,326400,130.99333292525262,0.050000000000000044,5.33,0,17,200
1640,326560,124.0866664564237,0.06999999999999995,5.53,0,20,200
1641,326624,125.45500066503882,0.06499999999999995,5.805,0,13,200
1642,326896,130.95333342254162,0.03500000000000003,5.84,0,15,200
1643,326936,126.16333296895027,0.07499999999999996,5.66,0,12,200
1644,327480,130.6916665583849,0.050000000000000044,5.995,0,9,200
1645,328000,132.88333343621343,0.050000000000000044,5.33,0,13,200
1646,328000,123.60333313047886,0.07999999999999996,5.9,0,12,200
1647,328000,127.97166693583131,0.06000000000000005,5.905,0,10,200
1648,328160,120.29000041540712,0.08999999999999997,5.7,0,14,200
1649,328224,135.78999940305948,0.03500000000000003,5.34,0,14,200
1650,328496,144.83666668832302,0.030000000000000027,5.02,0,5,200
1651,328536,130.41666668467224,0.05500000000000005,5.23,0,16,200
1652,329080,119.72999981790781,0.07499999999999996,6.6,0,10,200
1653,329600,137.62666654586792,0.05500000000000005,5.08,0,8,200
1654,329600,125.41166629549116,0.07499999999999996,5.935,0,10,200
1655,329600,137.71166595816612,0.050000000000000044,5.485,0,4,200
1656,329760,124.45499983429909,0.050000000000000044,6.645,0,9,200
1657,329824,128.93500018771738,0.050000000000000044,5.715,0,14,200
1658,330096,126.91666658595204,0.08499999999999996,5.71,0,6,200
1659,330136,145.38833355065435,0.025000000000000022,5.045,0,4,200
1660,330680,138.2666663741693,0.04500000000000004,5.26,0,9,200
1661,331200,131.43499985709786,0.06499999999999995,4.995,0,16,200
1662,331200,143.79500031471252,0.010000000000000009,5.055,0,13,200
1663,331200,119.03666642960161,0.09499999999999997,5.41,0,20,200
1664,331360,132.3600002368912,0.040000000000000036,5.82,0,9,200
1665,331424,136.05333369597793,0.04500000000000004,4.73,0,19,200
1666,331696,122.00833344087005,0.08499999999999996,5.225,0,21,200
1667,331736,131.52833346650004,0.06499999999999995,5.525,0,7,200
1668,332280,132.48166666086763,0.030000000000000027,5.725,0,15,200
1669,332800,127.59666646178812,0.06999999999999995,5.68,0,11,200
1670,332800,141.69499951601028,0.050000000000000044,4.545,0,11,200
1671,332800,127.42666605114937,0.05500000000000005,5.98,0,11,200
1672,332960,128.36333334073424,0.03500000000000003,5.96,0,16,200
1673,333024,116.56333255767822,0.08499999999999996,6.2,0,16,200
1674,333296,125.90666647907346,0.07499999999999996,5.44,0,13,200
1675,333336,130.42166699748486,0.06499999999999995,5.335,0,11,200
1676,333880,128.61833316087723,0.04500000000000004,6.035,0,12,200
1677,334400,134.35166688263416,0.050000000000000044,5.215,0,14,200
1678,334400,125.58000000100583,0.06499999999999995,5.76,0,13,200
1679,334400,123.59999990463257,0.06499999999999995,6.18,0,12,200
1680,334560,132.53333334997296,0.040000000000000036,5.42,0,17,200
1681,334624,133.27333341166377,0.050000000000000044,5.33,0,13,200
1682,334896,132.39666672050953,0.050000000000000044,5.14,0,21,200
1683,334936,122.30833318829536,0.07999999999999996,5.825,0,14,200
1684,335480,131.24833355098963,0.04500000000000004,5.555,0,14,200
1685,336000,123.84333353117108,0.06499999999999995,5.96,0,14,200
1686,336000,125.36666718777269,0.06000000000000005,5.71,0,17,200
1687,336000,130.40166677441448,0.04500000000000004,5.485,0,16,200
1688,336160,132.48833397775888,0.04500000000000004,5.315,0,14,200
1689,336224,123.97499951720238,0.06999999999999995,5.955,0,12,200
1690,336496,131.1050001848489,0.040000000000000036,5.475,0,18,200
1691,336536,127.44833320006728,0.06000000000000005,5.675,0,11,200
1692,337080,132.20833349227905,0.05500000000000005,5.585,0,9,200
1693,337600,133.97666655108333,0.030000000000000027,5.95,0,9,200
1694,337600,130.6550005339086,0.05500000000000005,5.235,0,16,200
1695,337600,126.61166648566723,0.04500000000000004,6.055,0,17,200
1696,337760,129.04500061273575,0.06000000000000005,5.655,0,13,200
1697,337824,133.93500018771738,0.05500000000000005,5.265,0,10,200
1698,338096,128.15666688978672,0.06999999999999995,5.47,0,12,200
1699,338136,133.78833310306072,0.05500000000000005,5.375,0,10,200
1700,338680,138.96333318389952,0.025000000000000022,5.09,0,15,200
1701,339200,132.97333357483149,0.040000000000000036,5.3,0,17,200
1702,339200,120.61499995645136,0.06999999999999995,5.895,0,19,200
1703,339200,114.9116660952568,0.11499999999999999,5.905,0,15,200
1704,339360,121.08833391219378,0.06999999999999995,6.005,0,16,200
1705,339424,141.87833315040916,0.015000000000000013,5.285,0,10,200
1706,339696,115.40333376824856,0.10499999999999998,6.26,0,11,200
1707,339736,134.15666713099927,0.030000000000000027,5.47,0,14,200
1708,340280,129.911666482687,0.06000000000000005,5.695,0,10,200
1709,340800,132.81666645407677,0.025000000000000022,6.13,0,11,200
1710,340800,136.78000004962087,0.03500000000000003,5.28,0,12,200
1711,340800,128.5149998171255,0.05500000000000005,5.775,0,13,200
1712,340960,119.18999931588769,0.050000000000000044,6.39,0,21,200
1713,341024,122.69333387818187,0.05500000000000005,5.69,0,23,200
1714,341296,136.58833322301507,0.04500000000000004,5.255,0,11,200
1715,341336,127.08333307132125,0.05500000000000005,5.9,0,14,200
1716,341880,131.77333317976445,0.050000000000000044,5.48,0,13,200
1717,342400,125.71000012289733,0.050000000000000044,6.12,0,12,200
1718,342400,138.60833334550261,0.040000000000000036,5.255,0,8,200
1719,342400,141.7316667502746,0.010000000000000009,5.455,0,9,200
1720,342560,136.8533336268738,0.04500000000000004,5.06,0,13,200
1721,342624,127.91000008024275,0.06999999999999995,5.64,0,10,200
1722,342896,124.53833343368024,0.05500000000000005,6.305,0,11,200
1723,342936,115.42666687071323,0.09999999999999998,6.04,0,17,200
1724,343480,124.14333371073008,0.07499999999999996,5.69,0,14,200
1725,344000,139.4416665462777,0.020000000000000018,5.245,0,14,200
1726,344000,132.2666667085141,0.04500000000000004,5.77,0,10,200
1727,344000,131.6799999838695,0.06999999999999995,5.28,0,10,200
1728,344160,131.6733327060938,0.05500000000000005,5.45,0,13,200
1729,344224,132.37333264946938,0.04500000000000004,5.9,0,8,200
1730,344496,123.3666669242084,0.06499999999999995,5.95,0,15,200
1731,344536,133.05499996244907,0.06499999999999995,5.385,0,7,200
1732,345080,135.22000040486455,0.040000000000000036,5.34,0,13,200
1733,345600,137.46833370253444,0.025000000000000022,5.345,0,15,200
1734,345600,129.58833268284798,0.040000000000000036,6.005,0,13,200
1735,345600,135.8833328858018,0.05500000000000005,5.0,0,11,200
1736,345760,130.5516668818891,0.050000000000000044,5.665,0,13,200
1737,345824,131.81833292357624,0.04500000000000004,5.435,0,16,200
1738,346096,143.35500030219555,0.025000000000000022,5.205,0,8,200
1739,346136,134.62500017508864,0.040000000000000036,5.655,0,9,200
1740,346680,133.5750004388392,0.030000000000000027,5.745,0,12,200
1741,347200,130.73000021092594,0.050000000000000044,5.25,0,17,200
1742,347200,123.2916668234393,0.06999999999999995,5.875,0,14,200
1743,347200,115.76833256706595,0.08499999999999996,6.335,0,16,200
1744,347360,133.59166675340384,0.05500000000000005,5.065,0,12,200
1745,347424,136.2650000937283,0.050000000000000044,5.055,0,12,200
1746,347696,134.30333291646093,0.040000000000000036,5.18,0,16,200
1747,347736,125.60833309590816,0.05500000000000005,6.095,0,14,200
1748,348280,123.46666703000665,0.06000000000000005,6.01,0,16,200
1749,348800,118.94166716560721,0.07999999999999996,5.965,0,18,200
1750,348800,131.73333231266588,0.050000000000000044,5.63,0,10,200
1751,348800,131.87666737288237,0.03500000000000003,5.89,0,13,200
1752,348960,139.68000003695488,0.010000000000000009,5.67,0,11,200
1753,349024,139.63833385705948,0.030000000000000027,5.075,0,12,200
1754,349296,125.03166675567627,0.08499999999999996,5.605,0,10,200
1755,349336,125.78166721388698,0.06499999999999995,5.605,0,16,200
1756,349880,121.17666673939675,0.08999999999999997,5.71,0,14,200
1757,350400,133.93333359062672,0.05500000000000005,5.51,0,7,200
1758,350400,132.28833373636007,0.04500000000000004,5.585,0,12,200
1759,350400,136.0983339175582,0.030000000000000027,5.825,0,8,200
1760,350560,121.19000008329749,0.06499999999999995,6.12,0,16,200
1761,350624,130.2766666263342,0.025000000000000022,6.49,0,9,200
1762,350896,132.10833387076855,0.040000000000000036,5.975,0,9,200
1763,350936,125.35499945282936,0.05500000000000005,6.225,0,12,200
1764,351480,132.45833306387067,0.07999999999999996,5.045,0,7,200
1765,352000,133.12999995052814,0.06000000000000005,5.25,0,11,200
1766,352000,130.8366661220789,0.04500000000000004,5.71,0,12,200
1767,352000,127.8866664133966,0.05500000000000005,5.95,0,12,200
1768,352160,131.28333327826113,0.06000000000000005,5.36,0,13,200
1769,352224,125.33166678994894,0.08499999999999996,5.815,0,9,200
1770,352496,125.33666729927063,0.06999999999999995,5.77,0,13,200
1771,352536,142.84666649624705,0.025000000000000022,4.99,0,9,200
1772,353080,133.05333318188787,0.050000000000000044,5.36,0,13,200
1773,353600,136.64333319291472,0.03500000000000003,5.51,0,10,200
1774,353600,127.9349992191419,0.06999999999999995,5.655,0,10,200
1775,353600,133.5599999986589,0.06499999999999995,5.01,0,12,200
1776,353760,136.03999914228916,0.050000000000000044,5.4,0,7,200
1777,353824,135.20833394676447,0.06000000000000005,5.255,0,8,200
1778,354096,123.67333382368088,0.06499999999999995,5.99,0,13,200
1779,354136,132.7366665750742,0.06000000000000005,5.02,0,15,200
1780,354680,127.99166682362556,0.07499999999999996,5.365,0,14,200
1781,355200,128.99000019114465,0.07499999999999996,5.4,0,11,200
1782,355200,128.22166669927537,0.07999999999999996,5.275,0,13,200
1783,355200,140.51999999582767,0.040000000000000036,5.13,0,8,200
1784,355360,141.45833358448,0.010000000000000009,5.315,0,12,200
1785,355424,139.89833392202854,0.040000000000000036,5.345,0,7,200
1786,355696,140.5166664039716,0.050000000000000044,5.05,0,4,200
1787,355736,135.53333313763142,0.06499999999999995,4.91,0,9,200
1788,356280,141.89166629966348,0.04500000000000004,4.855,0,7,200
1789,356800,128.18666694220155,0.07499999999999996,5.59,0,9,200
1790,356800,135.02666713297367,0.06000000000000005,5.26,0,8,200
1791,356800,126.21166706085205,0.08999999999999997,5.425,0,10,200
1792,356960,135.90666663646698,0.06499999999999995,4.87,0,10,200
1793,357024,134.22333335876465,0.05500000000000005,5.54,0,7,200
1794,357296,119.32333369553089,0.09999999999999998,6.05,0,11,200
1795,357336,134.0233331946656,0.06000000000000005,5.18,0,9,200
1796,357880,135.04499956965446,0.07499999999999996,5.055,0,6,200
1797,358400,139.28833292704076,0.020000000000000018,5.555,0,7,200
1798,358400,134.40166744962335,0.06499999999999995,5.515,0,4,200
1799,358400,128.7466664975509,0.06999999999999995,5.56,0,10,200
1800,358560,127.45499988552183,0.08499999999999996,5.415,0,11,200
1801,358624,131.09666665270925,0.05500000000000005,5.8,0,7,200
1802,358896,128.7983330488205,0.07499999999999996,5.855,0,4,200
1803,358936,135.6349998442456,0.04500000000000004,5.685,0,7,200
1804,359480,135.54999960120767,0.06499999999999995,5.01,0,8,200
1805,360000,119.24833354726434,0.10499999999999998,6.035,0,7,200
1806,360000,132.90000070631504,0.040000000000000036,5.97,0,8,200
1807,360000,131.93500051554292,0.06999999999999995,5.085,0,10,200
1808,360160,130.48999984934926,0.06000000000000005,5.67,0,8,200
1809,360224,136.4916661484167,0.04500000000000004,5.275,0,9,200
1810,360496,117.90999999921769,0.10999999999999999,6.12,0,7,200
1811,360536,123.15666642412543,0.07999999999999996,5.92,0,11,200
1812,361080,126.73000027984381,0.08499999999999996,5.34,0,9,200
1813,361600,125.5550000499934,0.07499999999999996,5.295,0,17,200
1814,361600,128.07166695222259,0.06499999999999995,5.605,0,13,200
1815,361600,131.85999930184335,0.05500000000000005,5.37,0,11,200
1816,361760,134.54666704591364,0.05500000000000005,5.5,0,5,200
1817,361824,133.51666765194386,0.05500000000000005,5.44,0,7,200
1818,362096,117.86166682466865,0.07499999999999996,6.235,0,18,200
1819,362136,122.98333323001862,0.07999999999999996,5.78,0,14,200
1820,362680,133.76999980211258,0.040000000000000036,5.58,0,11,200
1821,363200,139.47166617028415,0.030000000000000027,5.335,0,9,200
1822,363200,138.17499954998493,0.04500000000000004,5.115,0,8,200
1823,363200,123.33333346061409,0.06999999999999995,6.11,0,11,200
1824,363360,128.20333391986787,0.06999999999999995,5.36,0,13,200
1825,363424,123.26166663691401,0.06499999999999995,6.415,0,7,200
1826,363696,123.26166691165417,0.08499999999999996,5.665,0,12,200
1827,363736,125.27833323180676,0.05500000000000005,6.185,0,12,200
1828,364280,130.08499993477017,0.06499999999999995,5.145,0,13,200
1829,364800,119.17666666954756,0.07499999999999996,6.22,0,14,200
1830,364800,131.329999640584,0.03500000000000003,6.03,0,10,200
1831,364800,129.91500092670321,0.050000000000000044,5.445,0,16,200
1832,364960,124.37500019744039,0.06499999999999995,5.955,0,13,200
1833,365024,119.56499968469143,0.07499999999999996,6.195,0,14,200
1834,365296,121.67666660249233,0.06499999999999995,6.28,0,12,200
1835,365336,129.22666681557894,0.06499999999999995,5.62,0,9,200
1836,365880,137.6799997901544,0.05500000000000005,5.22,0,4,200
1837,366400,132.03500025719404,0.04500000000000004,5.805,0,8,200
1838,366400,128.29333349317312,0.06499999999999995,5.51,0,13,200
1839,366400,127.64666631445289,0.06000000000000005,5.77,0,11,200
1840,366560,133.81000002846122,0.04500000000000004,5.37,0,14,200
1841,366624,128.50500022992492,0.06999999999999995,5.505,0,10,200
1842,366896,133.36666717287153,0.030000000000000027,5.62,0,15,200
1843,366936,131.94666638877243,0.050000000000000044,5.44,0,13,200
1844,367480,128.84333288669586,0.06000000000000005,5.87,0,8,200
1845,368000,128.94166611880064,0.040000000000000036,6.145,0,11,200
1846,368000,130.04333336930722,0.06499999999999995,5.39,0,10,200
1847,368000,117.9283326677978,0.09499999999999997,6.185,0,10,200
1848,368160,125.8916669934988,0.06499999999999995,5.575,0,17,200
1849,368224,134.17500001564622,0.05500000000000005,5.145,0,10,200
1850,368496,133.11666700989008,0.040000000000000036,5.77,0,9,200
1851,368536,125.67333362996578,0.07999999999999996,5.75,0,8,200
1852,369080,124.13500028010458,0.07499999999999996,5.835,0,11,200
1853,369600,121.89666689373553,0.07999999999999996,6.13,0,9,200
1854,369600,126.05999990925193,0.06999999999999995,5.73,0,9,200
1855,369600,126.28500077873468,0.05500000000000005,6.075,0,12,200
1856,369760,128.90499982982874,0.040000000000000036,5.835,0,15,200
1857,369824,140.23500022292137,0.040000000000000036,5.355,0,4,200
1858,370096,127.19333278294653,0.06000000000000005,5.81,0,12,200
1859,370136,128.51833330839872,0.050000000000000044,6.245,0,7,200
1860,370680,124.67666676267982,0.040000000000000036,6.37,0,13,200
1861,371200,129.26999998372048,0.05500000000000005,5.37,0,16,200
1862,371200,134.03833356499672,0.05500000000000005,5.465,0,7,200
1863,371200,126.94333371520042,0.06499999999999995,5.72,0,12,200
1864,371360,124.8433340266347,0.07499999999999996,5.57,0,13,200
1865,371424,123.13166699931026,0.05500000000000005,6.025,0,18,200
1866,371696,116.5850003734231,0.09499999999999997,6.015,0,14,200
1867,371736,143.25166625902057,0.025000000000000022,5.245,0,6,200
1868,372280,126.46833399217576,0.040000000000000036,6.095,0,15,200
1869,372800,117.01166738476604,0.06999999999999995,6.235,0,18,200
1870,372800,130.84166670497507,0.06499999999999995,5.455,0,8,200
1871,372800,130.3483334844932,0.06499999999999995,4.985,0,15,200
1872,372960,133.94500040262938,0.040000000000000036,5.415,0,13,200
1873,373024,139.63000068068504,0.030000000000000027,5.19,0,9,200
1874,373296,134.3800000017509,0.04500000000000004,5.34,0,11,200
1875,373336,130.5333337727934,0.05500000000000005,5.3,0,14,200
1876,373880,131.78333321027458,0.050000000000000044,5.69,0,8,200
1877,374400,114.23333358764648,0.08499999999999996,6.26,0,18,200
1878,374400,114.33499981090426,0.07499999999999996,6.465,0,17,200
1879,374400,125.4699996560812,0.04500000000000004,6.57,0,9,200
1880,374560,126.7316665649414,0.06499999999999995,5.815,0,10,200
1881,374624,129.16166670247912,0.06000000000000005,5.875,0,6,200
1882,374896,133.44666761439294,0.020000000000000018,5.95,0,12,200
1883,374936,131.26000013109297,0.07499999999999996,5.13,0,8,200
1884,375480,143.79166726302356,0.010000000000000009,5.275,0,7,200
1885,376000,133.73333394154906,0.050000000000000044,5.36,0,10,200
1886,376000,134.24333352595568,0.050000000000000044,5.33,0,9,200
1887,376000,126.56500037759542,0.06000000000000005,5.955,0,10,200
1888,376160,125.5666669709608,0.04500000000000004,6.22,0,14,200
1889,376224,129.5383332632482,0.050000000000000044,5.435,0,18,200
1890,376496,122.29833288863301,0.06499999999999995,6.575,0,7,200
1891,376536,122.98166665434837,0.050000000000000044,6.325,0,14,200
1892,377080,124.70333319529891,0.06000000000000005,6.08,0,11,200
1893,377600,130.1166664250195,0.06000000000000005,5.56,0,9,200
1894,377600,136.67500003334135,0.06499999999999995,4.905,0,6,200
1895,377600,124.96499948948622,0.06499999999999995,5.985,0,11,200
1896,377760,122.25166727602482,0.07999999999999996,6.325,0,4,200
1897,377824,133.1033336520195,0.050000000000000044,5.72,0,5,200
1898,378096,139.67666712403297,0.03500000000000003,5.14,0,9,200
1899,378136,141.51333291456103,0.050000000000000044,4.82,0,5,200
1900,378680,128.6066669076681,0.050000000000000044,6.22,0,8,200
1901,379200,128.54999995231628,0.06000000000000005,5.85,0,8,200
1902,379200,138.5633330233395,0.04500000000000004,5.21,0,6,200
1903,379200,139.48833378311247,0.04500000000000004,5.135,0,5,200
1904,379360,134.63000106345862,0.050000000000000044,5.58,0,5,200
1905,379424,124.61166708171368,0.05500000000000005,6.055,0,15,200
1906,379696,120.09499940276146,0.10499999999999998,5.835,0,7,200
1907,379736,116.85666698217392,0.09499999999999997,6.61,0,6,200
1908,380280,121.70500000938773,0.09499999999999997,5.805,0,11,200
1909,380800,124.62666690628976,0.05500000000000005,6.25,0,11,200
1910,380800,139.84500051662326,0.015000000000000013,5.805,0,6,200
1911,380800,131.26499941013753,0.06000000000000005,5.535,0,10,200
1912,380960,130.71500061824918,0.05500000000000005,5.685,0,8,200
1913,381024,128.70000009890646,0.07499999999999996,5.67,0,6,200
1914,381296,128.41000006720424,0.05500000000000005,6.21,0,5,200
1915,381336,119.06666660867631,0.06999999999999995,6.52,0,12,200
1916,381880,127.21166652441025,0.06499999999999995,5.935,0,8,200
1917,382400,115.8183337263763,0.10499999999999998,6.155,0,11,200
1918,382400,128.32999941892922,0.040000000000000036,5.85,0,15,200
1919,382400,129.82833336200565,0.05500000000000005,5.525,0,12,200
1920,382560,129.97833367437124,0.04500000000000004,6.275,0,6,200
1921,382624,122.72666675597429,0.07499999999999996,6.07,0,11,200
1922,382896,131.70166701450944,0.05500000000000005,5.575,0,9,200
1923,382936,126.87833346053958,0.07499999999999996,5.615,0,9,200
1924,383480,137.33666670974344,0.03500000000000003,5.38,0,9,200
1925,384000,133.10500029847026,0.050000000000000044,5.745,0,6,200
1926,384000,139.45833337120712,0.030000000000000027,5.495,0,5,200
1927,384000,138.5416666744277,0.040000000000000036,5.425,0,4,200
1928,384160,128.6466669915244,0.06499999999999995,5.8,0,6,200
1929,384224,140.831667073071,0.030000000000000027,5.395,0,4,200
1930,384496,133.32833359017968,0.03500000000000003,5.945,0,8,200
1931,384536,128.25166668742895,0.08999999999999997,5.035,0,9,200
1932,385080,129.9649997195229,0.050000000000000044,5.745,0,10,200
1933,385600,125.30833304859698,0.06999999999999995,5.915,0,9,200
1934,385600,133.27333304658532,0.06999999999999995,5.18,0,6,200
1935,385600,132.29333294183016,0.050000000000000044,5.54,0,10,200
1936,385760,137.43499952927232,0.025000000000000022,5.385,0,11,200
1937,385824,125.60333381593227,0.05500000000000005,6.35,0,7,200
1938,386096,136.5633332533762,0.06999999999999995,4.94,0,5,200
1939,386136,139.54166637267917,0.03500000000000003,5.215,0,8,200
1940,386680,140.14166647195816,0.04500000000000004,5.095,0,5,200
1941,387200,140.42166678607464,0.030000000000000027,5.545,0,2,200
1942,387200,126.1400000974536,0.04500000000000004,6.3,0,11,200
1943,387200,125.42833296582103,0.07499999999999996,5.885,0,9,200
1944,387360,130.55500043183565,0.06000000000000005,5.715,0,9,200
1945,387424,124.54499986767769,0.06000000000000005,6.435,0,6,200
1946,387696,137.07333334442228,0.04500000000000004,5.48,0,5,200
1947,387736,127.27000032179058,0.06499999999999995,5.7,0,10,200
1948,388280,129.36499994248152,0.07499999999999996,5.445,0,7,200
1949,388800,128.98833371698856,0.06999999999999995,5.645,0,8,200
1950,388800,123.34499949961901,0.06999999999999995,5.925,0,14,200
1951,388800,143.60333339683712,0.020000000000000018,5.18,0,7,200
1952,388960,141.81166636943817,0.030000000000000027,5.485,0,2,200
1953,389024,137.94666602369398,0.03500000000000003,5.29,0,10,200
1954,389296,136.60666672885418,0.04500000000000004,5.47,0,6,200
1955,389336,128.09166659694165,0.06499999999999995,5.545,0,12,200
1956,389880,119.56333295628428,0.07999999999999996,6.41,0,9,200
1957,390400,131.37999968230724,0.08499999999999996,4.95,0,9,200
1958,390400,132.88500002399087,0.020000000000000018,6.135,0,9,200
1959,390400,128.6100003225729,0.040000000000000036,5.97,0,14,200
1960,390560,139.6166667304933,0.030000000000000027,5.41,0,5,200
1961,390624,125.14833348989487,0.06000000000000005,6.095,0,12,200
1962,390896,128.29666597396135,0.040000000000000036,6.01,0,13,200
1963,390936,120.77333379536867,0.06499999999999995,5.99,0,19,200
1964,391480,132.543333157897,0.04500000000000004,5.9,0,7,200
1965,392000,135.99333384633064,0.04500000000000004,5.66,0,2,200
1966,392000,131.826666995883,0.030000000000000027,5.92,0,13,200
1967,392000,129.95666626095772,0.07499999999999996,5.23,0,10,200
1968,392160,133.4600002169609,0.04500000000000004,5.7,0,5,200
1969,392224,122.77666640654206,0.07499999999999996,6.01,0,10,200
1970,392496,131.86333338916302,0.040000000000000036,6.14,0,6,200
1971,392536,142.66833350714296,0.020000000000000018,5.105,0,7,200
1972,393080,126.66833323892206,0.06000000000000005,5.675,0,12,200
1973,393600,123.42999970726669,0.06000000000000005,6.18,0,12,200
1974,393600,118.618333440274,0.07999999999999996,6.095,0,16,200
1975,393600,129.57499977946281,0.07499999999999996,5.205,0,12,200
1976,393760,122.41999994963408,0.07499999999999996,5.88,0,13,200
1977,393824,133.19666666537523,0.020000000000000018,6.01,0,12,200
1978,394096,120.97166727483273,0.08999999999999997,6.025,0,8,200
1979,394136,137.53500026464462,0.040000000000000036,5.505,0,5,200
1980,394680,131.8883329629898,0.03500000000000003,5.825,0,13,200
1981,395200,134.02666631154716,0.040000000000000036,5.29,0,14,200
1982,395200,131.57333314046264,0.030000000000000027,6.14,0,8,200
1983,395200,130.72166702430695,0.050000000000000044,5.665,0,11,200
1984,395360,132.10499981045723,0.040000000000000036,5.685,0,12,200
1985,395424,132.87666698079556,0.04500000000000004,5.56,0,9,200
1986,395696,122.36166639905423,0.07999999999999996,5.845,0,12,200
1987,395736,140.56333327293396,0.020000000000000018,5.45,0,7,200
1988,396280,131.04333320260048,0.06000000000000005,5.51,0,8,200
1989,396800,108.34166719764471,0.12,6.475,0,14,200
1990,396800,141.28666666150093,0.020000000000000018,5.29,0,8,200
1991,396800,123.02500019501895,0.05500000000000005,6.345,0,11,200
1992,396960,138.77499939501286,0.040000000000000036,5.025,0,11,200
1993,397024,124.14000069908798,0.09499999999999997,5.58,0,8,200
1994,397296,137.86166627705097,0.03500000000000003,5.185,0,11,200
1995,397336,129.03499966673553,0.04500000000000004,5.925,0,11,200
1996,397880,133.7066665571183,0.040000000000000036,5.53,0,11,200
1997,398400,137.15833381470293,0.03500000000000003,4.925,0,16,200
1998,398400,120.8450004933402,0.07999999999999996,5.895,0,13,200
1999,398400,135.2400003373623,0.03500000000000003,5.61,0,9,200
2000,398560,135.4666675142944,0.040000000000000036,5.23,0,11,200
2001,398624,119.51499994751066,0.07999999999999996,6.045,0,14,200
2002,398896,136.92000020947307,0.030000000000000027,5.31,0,12,200
2003,398936,138.5866671949625,0.04500000000000004,5.14,0,7,200
2004,399480,126.52499965112656,0.050000000000000044,5.805,0,14,200
2005,400000,124.1749999076128,0.06499999999999995,6.105,0,9,200
2006,400000,129.25666680559516,0.04500000000000004,5.95,0,10,200
2007,400000,118.45666601788253,0.08999999999999997,6.01,0,14,200
