episode,timestep,reward,sla_violation,mean_replicas,crashes,flapping_incidents,length
0,136,-22.008333951234818,0.8235294117647058,2.764705882352941,1,4,17
1,152,-25.206666491925716,0.9473684210526316,3.6842105263157894,1,4,19
2,160,-19.390000469982624,0.55,4.2,1,6,20
3,320,-22.328333717770875,0.6666666666666667,3.380952380952381,1,8,21
4,496,-20.579999782145023,0.5952380952380952,5.0,1,11,42
5,560,-27.114999875426292,0.9333333333333333,4.1,1,4,30
6,728,-33.390000492334366,1.0,2.896551724137931,1,13,29
7,768,25.27000025846064,0.15625,8.125,0,33,96
8,768,6.935000104829669,0.40625,5.15625,0,41,96
9,768,26.899999952875078,0.0,10.1875,0,38,96
10,768,39.87166689429432,0.01041666666666663,8.802083333333334,0,27,96
11,768,0.31500045023858547,0.29166666666666663,8.46875,0,46,96
12,904,15.94166686758399,0.30208333333333337,7.177083333333333,0,33,96
13,1104,-15.061666407622397,0.40476190476190477,4.738095238095238,1,16,42
14,1328,19.015000317245722,0.19791666666666663,7.71875,0,37,96
15,1496,8.460000365972519,0.45833333333333337,5.3125,0,29,96
16,1536,-15.111666034907103,0.5833333333333333,5.635416666666667,0,46,96
17,1536,33.47999993432313,0.03125,9.375,0,30,96
18,1536,28.630000009201467,0.17708333333333337,6.375,0,34,96
19,1536,13.806666795164347,0.27083333333333337,6.708333333333333,0,41,96
20,1672,15.568333677016199,0.3125,7.322916666666667,0,29,96
21,1872,24.698333218693733,0.11458333333333337,8.135416666666666,0,37,96
22,2096,12.385000236332417,0.20833333333333337,7.46875,0,47,96
23,2264,25.56166687235236,0.17708333333333337,7.489583333333333,0,32,96
24,2304,35.64166699256748,0.04166666666666663,8.864583333333334,0,28,96
25,2304,16.02833366394043,0.34375,6.260416666666667,0,30,96
26,2304,28.403333603404462,0.15625,8.354166666666666,0,25,96
27,2304,19.766666769981384,0.14583333333333337,8.208333333333334,0,40,96
28,2440,30.976666871458292,0.11458333333333337,7.958333333333333,0,30,96
29,2640,18.756666940636933,0.13541666666666663,7.583333333333333,0,47,96
30,2864,24.540000148117542,0.09375,8.125,0,41,96
31,3032,28.16166696511209,0.08333333333333337,8.114583333333334,0,37,96
32,3072,30.02666680701077,0.13541666666666663,8.708333333333334,0,24,96
33,3072,34.66666693612933,0.08333333333333337,8.020833333333334,0,28,96
34,3072,35.51000027358532,0.08333333333333337,7.0,0,33,96
35,3072,28.36833354830742,0.16666666666666663,7.447916666666667,0,30,96
36,3208,38.51666670665145,0.03125,8.020833333333334,0,30,96
37,3408,25.940000324510038,0.21875,7.75,0,23,96
38,3632,30.03833362646401,0.09375,8.260416666666666,0,33,96
39,3800,30.656667076051235,0.07291666666666663,8.208333333333334,0,32,96
40,3840,30.97000016644597,0.09375,9.375,0,25,96
41,3840,30.985000278800726,0.11458333333333337,8.21875,0,30,96
42,3840,27.194999946281314,0.07291666666666663,9.28125,0,32,96
43,3840,34.69166701287031,0.05208333333333337,8.052083333333334,0,32,96
44,3976,25.795000102370977,0.14583333333333337,6.46875,0,42,96
45,4176,37.831666853278875,0.01041666666666663,8.364583333333334,0,32,96
46,4400,28.270000018179417,0.15625,7.375,0,31,96
47,4568,33.07833331543952,0.02083333333333337,9.385416666666666,0,32,96
48,4608,32.03666705265641,0.15625,6.958333333333333,0,28,96
49,4608,42.12833350431174,0.0,7.572916666666667,0,31,96
50,4608,29.495000457391143,0.125,8.71875,0,26,96
51,4608,42.94333357643336,0.05208333333333337,7.291666666666667,0,24,96
52,4744,29.863333294168115,0.04166666666666663,9.354166666666666,0,37,96
53,4944,33.01000004913658,0.07291666666666663,7.9375,0,32,96
54,5168,29.19166678097099,0.11458333333333337,8.552083333333334,0,29,96
55,5336,32.82000011857599,0.01041666666666663,9.0,0,37,96
56,5376,29.838333463296294,0.04166666666666663,9.135416666666666,0,35,96
57,5376,30.256666797213256,0.10416666666666663,8.208333333333334,0,31,96
58,5376,34.02999999281019,0.04166666666666663,8.625,0,31,96
59,5376,32.28333346080035,0.05208333333333337,8.791666666666666,0,31,96
60,5512,35.68500020634383,0.0,8.71875,0,35,96
61,5712,42.90500024519861,0.0,8.84375,0,22,96
62,5936,26.965000164695084,0.08333333333333337,8.84375,0,36,96
63,6104,31.390000235289335,0.01041666666666663,10.125,0,30,96
64,6144,35.22500023338944,0.03125,9.21875,0,30,96
65,6144,25.823333523236215,0.07291666666666663,9.666666666666666,0,32,96
66,6144,31.919999956153333,0.03125,9.0,0,32,96
67,6144,40.39500007685274,0.01041666666666663,8.71875,0,25,96
68,6280,36.07999986503273,0.01041666666666663,9.75,0,29,96
69,6480,37.513333610259,0.03125,8.291666666666666,0,29,96
70,6704,33.64833330176771,0.04166666666666663,8.510416666666666,0,34,96
71,6872,33.50166658964008,0.01041666666666663,8.677083333333334,0,37,96
72,6912,27.3016664898023,0.02083333333333337,10.114583333333334,0,36,96
73,6912,29.296666539274156,0.04166666666666663,10.333333333333334,0,28,96
74,6912,32.88666666764766,0.04166666666666663,9.645833333333334,0,28,96
75,6912,35.076666538603604,0.03125,9.270833333333334,0,27,96
76,7048,25.538333526812494,0.05208333333333337,9.572916666666666,0,36,96
77,7248,43.19166678190231,0.01041666666666663,9.427083333333334,0,18,96
78,7472,31.420000032521784,0.01041666666666663,10.125,0,31,96
79,7640,38.98166688438505,0.05208333333333337,9.052083333333334,0,21,96
80,7680,30.78833349328488,0.04166666666666663,8.385416666666666,0,39,96
81,7680,28.670000079087913,0.05208333333333337,10.25,0,29,96
82,7680,42.9116666726768,0.04166666666666663,9.239583333333334,0,13,96
83,7680,33.35000003501773,0.03125,9.125,0,29,96
84,7816,36.69833346828818,0.04166666666666663,8.447916666666666,0,30,96
85,8016,35.65833326429129,0.04166666666666663,9.822916666666666,0,21,96
86,8240,37.50000025611371,0.0,9.5,0,25,96
87,8408,31.183333477005363,0.01041666666666663,9.666666666666666,0,31,96
88,8448,36.239999995566905,0.02083333333333337,9.3125,0,26,96
89,8448,32.21666689030826,0.03125,9.770833333333334,0,29,96
90,8448,26.501666616648436,0.03125,10.552083333333334,0,33,96
91,8448,31.28000022750348,0.04166666666666663,9.5625,0,30,96
92,8584,39.2716666655615,0.0,9.802083333333334,0,22,96
93,8784,37.955000336281955,0.04166666666666663,8.78125,0,25,96
94,9008,42.15999993029982,0.01041666666666663,10.0,0,15,96
95,9176,35.24833327066153,0.01041666666666663,10.072916666666666,0,24,96
96,9216,37.92499983124435,0.0,9.78125,0,25,96
97,9216,41.241666534915566,0.03125,9.302083333333334,0,18,96
98,9216,39.716666706837714,0.0,10.333333333333334,0,19,96
99,9216,35.288333563134074,0.0,9.822916666666666,0,28,96
100,9352,37.286666637286544,0.0,9.645833333333334,0,27,96
101,9552,34.45166680123657,0.03125,9.989583333333334,0,25,96
102,9776,45.048333692364395,0.0,8.572916666666666,0,21,96
103,9944,40.8133334312588,0.0,9.104166666666666,0,24,96
104,9984,40.733333398588,0.02083333333333337,9.916666666666666,0,18,96
105,9984,32.1383332721889,0.0,10.385416666666666,0,30,96
106,9984,38.208333543501794,0.04166666666666663,9.385416666666666,0,21,96
107,9984,32.265000072307885,0.01041666666666663,9.90625,0,28,96
108,10120,31.70166663080454,0.05208333333333337,9.302083333333334,0,29,96
109,10320,36.90000008046627,0.04166666666666663,9.125,0,24,96
110,10544,38.40500020235777,0.0,8.90625,0,29,96
111,10712,39.2550000352785,0.03125,8.90625,0,24,96
112,10752,45.504999903962016,0.01041666666666663,9.90625,0,11,96
113,10752,44.97833376284689,0.01041666666666663,9.197916666666666,0,16,96
114,10752,41.315000114031136,0.0,9.78125,0,19,96
115,10752,31.415000057779253,0.04166666666666663,10.34375,0,24,96
116,10888,34.51000015065074,0.01041666666666663,9.75,0,30,96
117,11088,43.42500019352883,0.04166666666666663,8.78125,0,17,96
118,11312,35.00333326123655,0.0,10.416666666666666,0,25,96
119,11480,34.790000080130994,0.0,10.125,0,28,96
120,11520,42.46333348099142,0.01041666666666663,9.979166666666666,0,14,96
121,11520,42.65333341807127,0.01041666666666663,9.854166666666666,0,14,96
122,11520,43.74333310779184,0.0,9.604166666666666,0,18,96
123,11520,44.61000042874366,0.0,9.625,0,15,96
124,11656,39.36333342920989,0.0,10.229166666666666,0,21,96
125,11856,38.47833308111876,0.0,10.510416666666666,0,19,96
126,12080,44.091666454449296,0.0,10.864583333333334,0,8,96
127,12248,45.291666886769235,0.0,8.864583333333334,0,19,96
128,12288,44.70499999355525,0.0,9.28125,0,17,96
129,12288,42.773333565331995,0.01041666666666663,9.791666666666666,0,14,96
130,12288,39.19666668307036,0.01041666666666663,9.770833333333334,0,21,96
131,12288,41.846666779369116,0.02083333333333337,8.520833333333334,0,24,96
132,12424,49.49833345320076,0.01041666666666663,9.197916666666666,0,10,96
133,12624,37.94666641578078,0.03125,9.833333333333334,0,18,96
134,12848,36.465000006370246,0.03125,9.03125,0,27,96
135,13016,42.783333201892674,0.01041666666666663,9.666666666666666,0,16,96
136,13056,42.32666660938412,0.0,10.083333333333334,0,15,96
137,13056,40.56500001065433,0.01041666666666663,9.78125,0,18,96
138,13056,39.02333332039416,0.01041666666666663,9.979166666666666,0,20,96
139,13056,39.05500000808388,0.0,9.78125,0,21,96
140,13192,45.82833382114768,0.0,8.635416666666666,0,20,96
141,13392,42.203332983888686,0.01041666666666663,10.416666666666666,0,12,96
142,13616,36.31666667945683,0.03125,10.208333333333334,0,20,96
143,13784,38.1900000795722,0.03125,10.0,0,18,96
144,13824,44.04500027373433,0.01041666666666663,8.90625,0,20,96
145,13824,43.27333326730877,0.02083333333333337,9.541666666666666,0,15,96
146,13824,43.92166675440967,0.0,10.302083333333334,0,13,96
147,13824,38.661666709929705,0.04166666666666663,10.177083333333334,0,15,96
148,13960,33.94499987177551,0.03125,10.21875,0,23,96
149,14160,39.42333339527249,0.01041666666666663,10.416666666666666,0,16,96
150,14384,38.26833373308182,0.02083333333333337,9.635416666666666,0,21,96
151,14552,40.78833340480924,0.02083333333333337,9.822916666666666,0,16,96
152,14592,46.73000006005168,0.0,9.75,0,12,96
153,14592,37.56999996025115,0.01041666666666663,10.375,0,19,96
154,14592,42.98166637029499,0.0,9.927083333333334,0,16,96
155,14592,37.7299999082461,0.01041666666666663,10.5,0,18,96
156,14728,39.121666951105,0.0,10.114583333333334,0,21,96
157,14928,42.79999990295619,0.0,10.1875,0,14,96
158,15152,39.31833354476839,0.01041666666666663,10.447916666666666,0,17,96
159,15320,46.09000040590763,0.0,10.0,0,11,96
160,15360,49.29000021982938,0.0,9.6875,0,8,96
161,15360,41.661666586995125,0.0,10.489583333333334,0,14,96
162,15360,45.013333244249225,0.0,10.354166666666666,0,10,96
163,15360,45.88333321176469,0.0,10.416666666666666,0,9,96
164,15496,41.57999994326383,0.0,10.75,0,12,96
165,15696,37.37499990221113,0.01041666666666663,10.15625,0,20,96
166,15920,49.04666630923748,0.0,10.208333333333334,0,5,96
167,16088,41.77499997057021,0.02083333333333337,10.21875,0,13,96
168,16128,43.18166652135551,0.01041666666666663,10.302083333333334,0,11,96
169,16128,39.33833361323923,0.0,10.635416666666666,0,18,96
170,16128,37.681666628457606,0.0,10.677083333333334,0,19,96
171,16128,46.749999864026904,0.02083333333333337,9.5625,0,10,96
172,16264,43.54333365056664,0.02083333333333337,10.041666666666666,0,11,96
173,16464,42.06333326827735,0.02083333333333337,9.854166666666666,0,14,96
174,16688,48.48666671756655,0.0,10.208333333333334,0,6,96
175,16856,43.036666815169156,0.04166666666666663,9.958333333333334,0,10,96
176,16896,41.90166681073606,0.0,10.302083333333334,0,16,96
177,16896,38.08666682988405,0.01041666666666663,10.520833333333334,0,19,96
178,16896,44.57999986503273,0.02083333333333337,9.9375,0,11,96
179,16896,29.05500001832843,0.0,10.78125,0,31,96
180,17032,46.751666536554694,0.01041666666666663,9.927083333333334,0,9,96
181,17232,42.04499972425401,0.01041666666666663,10.28125,0,12,96
182,17456,49.01666646916419,0.0,10.083333333333334,0,7,96
183,17624,46.03833313472569,0.01041666666666663,9.947916666666666,0,11,96
184,17664,41.17999999783933,0.01041666666666663,10.1875,0,16,96
185,17664,41.67000009678304,0.02083333333333337,10.1875,0,13,96
186,17664,49.46166666876525,0.0,9.302083333333334,0,10,96
187,17664,37.61166698113084,0.0,10.052083333333334,0,22,96
188,17800,40.136666807346046,0.0,10.020833333333334,0,19,96
189,18000,40.726666822098196,0.0,10.395833333333334,0,15,96
190,18224,49.77333341632038,0.0,9.041666666666666,0,11,96
191,18392,41.67333363741636,0.0,10.479166666666666,0,14,96
192,18432,48.70500016026199,0.0,9.59375,0,9,96
193,18432,41.39000006578863,0.0,10.4375,0,16,96
194,18432,43.28833359666169,0.0,10.072916666666666,0,15,96
195,18432,37.415000134147704,0.03125,10.59375,0,15,96
196,18568,40.58666683640331,0.01041666666666663,10.208333333333334,0,18,96
197,18768,46.66333330236375,0.02083333333333337,10.166666666666666,0,6,96
198,18992,44.72666663862765,0.0,10.270833333333334,0,12,96
199,19160,49.226666687987745,0.0,9.645833333333334,0,8,96
200,19200,40.41000010073185,0.02083333333333337,9.5625,0,18,96
201,19200,37.578333660028875,0.04166666666666663,10.072916666666666,0,18,96
202,19200,51.671666781418025,0.0,9.927083333333334,0,4,96
203,19200,45.5466667637229,0.0,10.395833333333334,0,10,96
204,19336,45.59999958798289,0.0,10.1875,0,10,96
205,19536,48.89666678477079,0.0,9.895833333333334,0,9,96
206,19760,42.73333351686597,0.0,10.291666666666666,0,14,96
207,19928,41.18666671495885,0.0,10.020833333333334,0,18,96
208,19968,44.079999695532024,0.0,9.3125,0,19,96
209,19968,43.8050002893433,0.0,10.34375,0,13,96
210,19968,45.37500015832484,0.0,10.40625,0,9,96
211,19968,42.51333322376013,0.0,10.666666666666666,0,13,96
212,20104,42.45666651520878,0.0,10.708333333333334,0,13,96
213,20304,53.78500014543533,0.0,9.71875,0,1,96
214,20528,43.70833342242986,0.0,10.822916666666666,0,11,96
215,20696,49.730000286363065,0.0,9.8125,0,7,96
216,20736,41.42833352088928,0.0,10.447916666666666,0,16,96
217,20736,40.338333528488874,0.0,10.135416666666666,0,20,96
218,20736,49.50666665844619,0.0,9.020833333333334,0,11,96
219,20736,50.766667193733156,0.0,9.958333333333334,0,5,96
220,20872,36.45333334431052,0.0,10.291666666666666,0,23,96
221,21072,40.853333414532244,0.0,10.854166666666666,0,13,96
222,21296,47.30166679341346,0.0,9.927083333333334,0,10,96
223,21464,44.44166668318212,0.0,9.927083333333334,0,14,96
224,21504,44.29166696872562,0.01041666666666663,9.864583333333334,0,15,96
225,21504,46.09833369962871,0.0,9.635416666666666,0,14,96
226,21504,47.040000012144446,0.0,10.3125,0,9,96
227,21504,41.69833360332996,0.0,10.072916666666666,0,17,96
228,21640,43.716666689142585,0.0,10.520833333333334,0,12,96
229,21840,39.540000199340284,0.0,10.875,0,15,96
230,22064,44.55333334300667,0.0,10.291666666666666,0,11,96
231,22232,44.353333408012986,0.01041666666666663,9.979166666666666,0,13,96
232,22272,47.915000200271606,0.0,9.84375,0,10,96
233,22272,42.578333457000554,0.0,10.135416666666666,0,15,96
234,22272,40.65833346825093,0.01041666666666663,9.697916666666666,0,19,96
235,22272,43.720000163652,0.0,9.8125,0,17,96
236,22408,45.53000001423061,0.0,9.875,0,13,96
237,22608,40.73333327565342,0.0,9.791666666666666,0,21,96
238,22832,43.08000016864389,0.02083333333333337,9.875,0,12,96
239,23000,42.16999992728233,0.0,10.5,0,14,96
240,23040,46.316666533239186,0.0,9.958333333333334,0,12,96
241,23040,44.71666673570871,0.01041666666666663,9.770833333333334,0,12,96
242,23040,45.72000012546778,0.0,9.9375,0,12,96
243,23040,36.721667039208114,0.0,10.177083333333334,0,25,96
244,23176,44.7816669177264,0.0,8.927083333333334,0,19,96
245,23376,46.63333347812295,0.01041666666666663,9.229166666666666,0,13,96
246,23600,39.7850003130734,0.01041666666666663,10.40625,0,16,96
247,23768,35.10000021662563,0.0,10.5,0,26,96
248,23808,41.0666666617617,0.0,10.208333333333334,0,18,96
249,23808,50.268332947045565,0.0,8.885416666666666,0,12,96
250,23808,44.09500007517636,0.0,9.65625,0,17,96
251,23808,45.86166667100042,0.01041666666666663,10.552083333333334,0,8,96
252,23944,45.765000191517174,0.0,9.71875,0,15,96
253,24144,42.02999996766448,0.0,10.25,0,16,96
254,24368,42.69666679855436,0.03125,10.020833333333334,0,11,96
255,24536,48.37666659709066,0.0,9.270833333333334,0,13,96
256,24576,44.95500018913299,0.0,10.53125,0,10,96
257,24576,45.311666646040976,0.0,10.677083333333334,0,9,96
258,24576,42.588333518244326,0.0,10.072916666666666,0,16,96
259,24576,40.073333465494215,0.0,10.291666666666666,0,18,96
260,24712,40.68833363428712,0.01041666666666663,10.072916666666666,0,17,96
261,24912,40.05500030424446,0.01041666666666663,10.21875,0,18,96
262,25136,42.030000334605575,0.0,10.25,0,17,96
263,25304,43.878333626315,0.0,10.010416666666666,0,15,96
264,25344,45.79000012297183,0.0,10.0,0,12,96
265,25344,44.69666683394462,0.0,10.583333333333334,0,9,96
266,25344,43.93166670296341,0.0,10.239583333333334,0,13,96
267,25344,51.131667039357126,0.0,9.052083333333334,0,10,96
268,25480,39.065000149421394,0.0,10.21875,0,22,96
269,25680,39.43833343312144,0.01041666666666663,10.072916666666666,0,19,96
270,25904,37.30000052135438,0.0,10.125,0,24,96
271,26072,36.04833378084004,0.03125,10.072916666666666,0,22,96
272,26112,47.89999989327043,0.0,9.625,0,11,96
273,26112,48.5933335730806,0.0,9.604166666666666,0,10,96
274,26112,40.311666782945395,0.0,10.739583333333334,0,16,96
275,26112,42.46833348367363,0.01041666666666663,10.510416666666666,0,12,96
276,26248,42.51666659023613,0.0,10.395833333333334,0,15,96
277,26448,48.09666681941599,0.0,9.145833333333334,0,13,96
278,26672,44.23500030953437,0.0,10.59375,0,10,96
279,26840,38.12499989941716,0.0,10.21875,0,23,96
280,26880,39.30500009749085,0.01041666666666663,10.15625,0,18,96
281,26880,40.89666678849608,0.0,10.333333333333334,0,16,96
282,26880,50.00333363097161,0.0,9.354166666666666,0,9,96
283,26880,40.76833335030824,0.0,10.510416666666666,0,16,96
284,27016,45.17833338584751,0.0,10.322916666666666,0,11,96
285,27216,40.04333334416151,0.0,10.604166666666666,0,17,96
286,27440,49.540000225417316,0.0,9.875,0,7,96
287,27608,47.4900000365451,0.01041666666666663,9.875,0,9,96
288,27648,48.32500023767352,0.0,9.21875,0,13,96
289,27648,47.89666694961488,0.0,10.333333333333334,0,7,96
290,27648,42.03000027500093,0.0,10.75,0,14,96
291,27648,44.816666536964476,0.01041666666666663,9.958333333333334,0,13,96
292,27784,45.34500013012439,0.0,9.78125,0,14,96
293,27984,40.28166693728417,0.04166666666666663,9.427083333333334,0,18,96
294,28208,42.15166702028364,0.0,10.677083333333334,0,14,96
295,28376,44.45666677225381,0.0,10.270833333333334,0,12,96
296,28416,44.619999893940985,0.0,10.1875,0,13,96
297,28416,49.09833292197436,0.0,9.572916666666666,0,10,96
298,28416,43.150000136345625,0.0,10.3125,0,14,96
299,28416,46.570000153034925,0.0,9.5,0,13,96
300,28552,45.66500046662986,0.0,9.84375,0,14,96
301,28752,43.633333494886756,0.0,10.291666666666666,0,13,96
302,28976,47.72500031813979,0.0,10.34375,0,9,96
303,29144,42.896666965447366,0.0,10.208333333333334,0,16,96
304,29184,48.41500039584935,0.0,10.03125,0,9,96
305,29184,48.1000003060326,0.01041666666666663,9.8125,0,8,96
306,29184,44.400000107474625,0.0,10.6875,0,10,96
307,29184,48.091666906140745,0.0,10.177083333333334,0,7,96
308,29320,45.90333342552185,0.0,10.166666666666666,0,11,96
309,29520,50.71666648890823,0.0,10.333333333333334,0,3,96
310,29744,47.21833362802863,0.0,10.572916666666666,0,7,96
311,29912,45.35166687797755,0.0,10.364583333333334,0,11,96
312,29952,43.31333328131586,0.01041666666666663,10.416666666666666,0,11,96
313,29952,48.26500003691763,0.0,9.15625,0,13,96
314,29952,46.99000015668571,0.0,10.625,0,7,96
315,29952,46.15500007290393,0.0,10.09375,0,10,96
316,30088,49.25000008381903,0.0,10.3125,0,5,96
317,30288,43.53166695032269,0.0,9.864583333333334,0,16,96
318,30512,46.28333327639848,0.0,10.104166666666666,0,10,96
319,30680,42.756666843779385,0.0,10.208333333333334,0,15,96
320,30720,43.778333307243884,0.0,10.635416666666666,0,11,96
321,30720,49.15500049199909,0.0,10.71875,0,4,96
322,30720,39.33333340566605,0.0,10.416666666666666,0,19,96
323,30720,46.411667176522315,0.0,10.677083333333334,0,7,96
324,30856,47.44000062532723,0.0,10.875,0,5,96
325,31056,46.74333353899419,0.01041666666666663,10.854166666666666,0,6,96
326,31280,48.076666763052344,0.0,10.645833333333334,0,5,96
327,31448,43.29833362437785,0.0,9.947916666666666,0,16,96
328,31488,42.41333347093314,0.0,9.916666666666666,0,15,96
329,31488,48.889999844133854,0.01041666666666663,10.6875,0,2,96
330,31488,48.77333316672593,0.01041666666666663,9.854166666666666,0,7,96
331,31488,49.461666769348085,0.0,10.052083333333334,0,6,96
332,31624,43.29166709352285,0.02083333333333337,10.427083333333334,0,11,96
333,31824,50.33666701801121,0.0,10.458333333333334,0,5,96
334,32048,49.04000001773238,0.01041666666666663,10.0625,0,5,96
335,32216,46.138333234936,0.0,10.697916666666666,0,7,96
336,32256,48.6233333395794,0.0,10.229166666666666,0,7,96
337,32256,44.763332975097,0.0,10.229166666666666,0,11,96
338,32256,43.63666645344347,0.02083333333333337,10.708333333333334,0,7,96
339,32256,49.35666638892144,0.01041666666666663,9.645833333333334,0,8,96
340,32392,50.65833343472332,0.0,10.135416666666666,0,5,96
341,32592,45.66333353333175,0.01041666666666663,10.791666666666666,0,6,96
342,32816,42.71166692208499,0.0,10.614583333333334,0,12,96
343,32984,48.44499999657273,0.0,9.71875,0,9,96
344,33024,48.98833299707621,0.0,9.697916666666666,0,9,96
345,33024,48.19333338178694,0.0,9.916666666666666,0,9,96
346,33024,48.11333335004747,0.0,9.604166666666666,0,10,96
347,33024,44.90500019863248,0.0,10.71875,0,9,96
348,33160,43.20500021055341,0.0,10.21875,0,14,96
349,33360,49.116666813381016,0.0,9.895833333333334,0,8,96
350,33584,47.74666686728597,0.0,10.520833333333334,0,6,96
351,33752,39.41500016953796,0.01041666666666663,10.34375,0,17,96
352,33792,45.62666639871895,0.0,10.770833333333334,0,7,96
353,33792,45.07500000298023,0.03125,9.65625,0,10,96
354,33792,45.44833343382925,0.0,10.010416666666666,0,13,96
355,33792,48.24166637659073,0.0,10.552083333333334,0,5,96
356,33928,44.0833335518837,0.0,10.291666666666666,0,14,96
357,34128,38.38166674319655,0.03125,10.677083333333334,0,15,96
358,34352,46.28000000026077,0.0,9.75,0,12,96
359,34520,46.80666681472212,0.01041666666666663,10.520833333333334,0,6,96
360,34560,48.938333411701024,0.0,9.760416666666666,0,9,96
361,34560,44.259999860078096,0.0,10.1875,0,13,96
362,34560,46.26333322841674,0.0,10.541666666666666,0,8,96
363,34560,45.42166645824909,0.01041666666666663,9.552083333333334,0,14,96
364,34696,46.04833372030407,0.0,10.385416666666666,0,10,96
365,34896,45.90166653972119,0.0,10.489583333333334,0,9,96
366,35120,48.51833354495466,0.0,10.635416666666666,0,4,96
367,35288,44.13999988976866,0.0,11.375,0,6,96
368,35328,47.50499973539263,0.0,10.65625,0,6,96
369,35328,47.73833315167576,0.0,10.510416666666666,0,6,96
370,35328,49.72833335865289,0.0,10.072916666666666,0,6,96
371,35328,47.78833325393498,0.0,10.760416666666666,0,5,96
372,35464,50.26166634168476,0.0,9.802083333333334,0,7,96
373,35664,47.69999981485307,0.0,10.5625,0,6,96
374,35888,51.8433336308226,0.0,9.604166666666666,0,5,96
375,36056,45.044999931938946,0.0,10.03125,0,14,96
376,36096,43.11000007763505,0.0,10.25,0,15,96
377,36096,41.77833305019885,0.0,10.322916666666666,0,16,96
378,36096,51.70333332940936,0.0,9.541666666666666,0,6,96
379,36096,44.86499982699752,0.0,10.09375,0,13,96
380,36232,45.30166649632156,0.0,9.989583333333334,0,12,96
381,36432,49.511666557751596,0.0,10.114583333333334,0,6,96
382,36656,49.50999998115003,0.0,9.5625,0,9,96
383,36824,47.2316665276885,0.0,10.614583333333334,0,6,96
384,36864,48.23499970976263,0.0,10.15625,0,7,96
385,36864,47.25833308510482,0.0,10.447916666666666,0,8,96
386,36864,48.40833310596645,0.0,10.885416666666666,0,3,96
387,36864,50.02833307906985,0.0,10.260416666666666,0,4,96
388,37000,42.11166666448116,0.0,10.614583333333334,0,13,96
389,37200,49.87833341769874,0.0,9.635416666666666,0,8,96
390,37424,49.101666774600744,0.0,9.677083333333334,0,9,96
391,37592,45.276666497811675,0.01041666666666663,10.020833333333334,0,11,96
392,37632,47.919999663718045,0.0,10.5,0,7,96
393,37632,46.89999986253679,0.0,10.25,0,9,96
394,37632,45.98500003106892,0.01041666666666663,9.84375,0,11,96
395,37632,45.82500023301691,0.0,10.15625,0,10,96
396,37768,42.24666666612029,0.0,10.270833333333334,0,15,96
397,37968,46.95499993767589,0.01041666666666663,9.84375,0,9,96
398,38192,42.36500000488013,0.0,9.90625,0,17,96
399,38360,46.763333244249225,0.0,10.479166666666666,0,8,96
400,38400,47.23333349917084,0.0,10.354166666666666,0,7,96
401,38400,44.03333312366158,0.02083333333333337,9.791666666666666,0,12,96
402,38400,47.28833318781108,0.0,10.885416666666666,0,4,96
403,38400,44.58999987505376,0.0,10.0625,0,14,96
404,38536,46.19166645780206,0.0,10.239583333333334,0,9,96
405,38736,47.80499998573214,0.0,10.40625,0,6,96
406,38960,40.53999975323677,0.0,10.875,0,14,96
407,39128,49.115000139921904,0.01041666666666663,9.46875,0,8,96
408,39168,47.43999983277172,0.01041666666666663,9.3125,0,12,96
409,39168,48.76499968674034,0.0,9.71875,0,9,96
410,39168,45.878332970663905,0.0,10.635416666666666,0,8,96
411,39168,43.6050000237301,0.0,10.65625,0,11,96
412,39304,42.55000024754554,0.0,10.5,0,15,96
413,39504,46.2200000314042,0.0,10.5,0,8,96
414,39728,49.105000181123614,0.0,9.84375,0,8,96
415,39896,50.42999960016459,0.0,9.75,0,6,96
416,39936,36.253333603963256,0.01041666666666663,10.229166666666666,0,23,96
417,39936,40.395000172778964,0.01041666666666663,10.78125,0,13,96
418,39936,44.81499995384365,0.0,10.09375,0,13,96
419,39936,47.514999880455434,0.0,10.21875,0,8,96
420,40072,44.06833332590759,0.01041666666666663,10.760416666666666,0,8,96
421,40272,46.576666593551636,0.0,10.520833333333334,0,7,96
422,40496,50.77166652306914,0.01041666666666663,10.052083333333334,0,2,96
423,40664,42.92499997932464,0.01041666666666663,10.46875,0,11,96
424,40704,46.94166673067957,0.0,10.427083333333334,0,8,96
425,40704,42.80500011984259,0.0,9.78125,0,17,96
426,40704,46.776666674762964,0.0,10.145833333333334,0,9,96
427,40704,43.873333401978016,0.0,10.291666666666666,0,13,96
428,40840,46.42666649725288,0.01041666666666663,10.145833333333334,0,8,96
429,41040,39.75166681595147,0.0,10.677083333333334,0,17,96
430,41264,49.82333310414106,0.0,9.729166666666666,0,8,96
431,41432,46.05166665930301,0.0,11.177083333333334,0,5,96
432,41472,49.2433333164081,0.0,10.041666666666666,0,6,96
433,41472,48.03499995544553,0.0,10.09375,0,8,96
434,41472,46.769999852404,0.0,10.8125,0,6,96
435,41472,49.221666349098086,0.0,10.552083333333334,0,4,96
436,41608,47.314999686554074,0.0,10.71875,0,6,96
437,41808,46.53166670631617,0.0,9.614583333333334,0,12,96
438,42032,46.34999984968454,0.0,10.3125,0,9,96
439,42200,44.29666669294238,0.0,11.083333333333334,0,7,96
440,42240,47.98833338171244,0.0,10.260416666666666,0,7,96
441,42240,47.078332990407944,0.0,10.760416666666666,0,5,96
442,42240,46.66999995242804,0.0,10.6875,0,7,96
443,42240,46.73166640475392,0.0,11.052083333333334,0,4,96
444,42376,44.85166693571955,0.0,10.364583333333334,0,11,96
445,42576,49.15666662435979,0.0,9.895833333333334,0,7,96
446,42800,45.30999981518835,0.0,10.0,0,13,96
447,42968,46.696666912175715,0.0,10.583333333333334,0,8,96
448,43008,47.05000017117709,0.0,10.4375,0,8,96
449,43008,50.803333351388574,0.0,10.166666666666666,0,4,96
450,43008,46.7233331752941,0.0,9.666666666666666,0,12,96
451,43008,44.18499988131225,0.0,10.78125,0,9,96
452,43144,44.5299999108538,0.0,10.5,0,11,96
453,43344,44.7000002451241,0.0,9.75,0,15,96
454,43568,45.20166668947786,0.02083333333333337,10.552083333333334,0,6,96
455,43736,43.131666763685644,0.02083333333333337,10.552083333333334,0,8,96
456,43776,46.44666667934507,0.0,10.770833333333334,0,7,96
457,43776,46.734999714419246,0.0,10.71875,0,6,96
458,43776,42.125000005587935,0.0,10.21875,0,16,96
459,43776,49.613333269022405,0.0,9.666666666666666,0,8,96
460,43912,48.89666648861021,0.0,10.270833333333334,0,6,96
461,44112,47.12833319231868,0.0,9.885416666666666,0,12,96
462,44336,43.67333348747343,0.0,10.479166666666666,0,12,96
463,44504,46.86166653037071,0.0,10.239583333333334,0,9,96
464,44544,47.52333364263177,0.02083333333333337,9.479166666666666,0,9,96
465,44544,46.6333333812654,0.03125,9.666666666666666,0,7,96
466,44544,47.47000019159168,0.0,9.5625,0,12,96
467,44544,45.23166665248573,0.0,10.552083333333334,0,8,96
468,44680,48.008332720026374,0.01041666666666663,10.197916666666666,0,7,96
469,44880,46.43000001646578,0.0,10.5,0,8,96
470,45104,47.8633333761245,0.0,10.791666666666666,0,5,96
471,45272,46.88833345286548,0.0,10.072916666666666,0,10,96
472,45312,43.06833343580365,0.03125,10.572916666666666,0,9,96
473,45312,46.68833367526531,0.0,10.322916666666666,0,8,96
474,45312,48.65999980457127,0.0,10.0,0,7,96
475,45312,52.87333360221237,0.0,9.604166666666666,0,4,96
476,45448,48.700000177137554,0.0,9.4375,0,11,96
477,45648,47.696666629984975,0.0,10.458333333333334,0,7,96
478,45872,49.331666751764715,0.0,9.864583333333334,0,8,96
479,46040,48.21666663046926,0.0,9.333333333333334,0,12,96
480,46080,44.70166681986302,0.01041666666666663,10.489583333333334,0,9,96
481,46080,49.21500006318092,0.0,10.96875,0,2,96
482,46080,46.29166641365737,0.0,10.239583333333334,0,10,96
483,46080,44.26999995671213,0.0,10.25,0,13,96
484,46216,46.76999994367361,0.01041666666666663,10.875,0,3,96
485,46416,46.98333324864507,0.0,10.604166666666666,0,7,96
486,46640,48.75833339616656,0.0,9.135416666666666,0,12,96
487,46808,47.89999950584024,0.03125,9.9375,0,4,96
488,46848,48.3100002463907,0.0,10.5625,0,6,96
489,46848,45.01333346311003,0.01041666666666663,9.791666666666666,0,13,96
490,46848,48.16166679561138,0.0,9.989583333333334,0,9,96
491,46848,45.98999984469265,0.0,10.8125,0,6,96
492,46984,47.9750003060326,0.0,10.15625,0,8,96
493,47184,45.96000001952052,0.0,10.8125,0,7,96
494,47408,45.715000009164214,0.0,9.96875,0,13,96
495,47576,49.3983334582299,0.0,9.885416666666666,0,6,96
496,47616,46.05833329446614,0.0,9.822916666666666,0,12,96
497,47616,44.703333207406104,0.0,10.166666666666666,0,12,96
498,47616,51.0833332343027,0.0,10.291666666666666,0,3,96
499,47616,50.01500003319234,0.0,9.90625,0,6,96
500,47752,44.858333193697035,0.02083333333333337,10.322916666666666,0,8,96
501,47952,43.801666741259396,0.01041666666666663,10.114583333333334,0,14,96
502,48176,46.956666411831975,0.0,10.270833333333334,0,9,96
503,48344,44.49833345692605,0.0,10.447916666666666,0,13,96
504,48384,42.91499998047948,0.01041666666666663,10.78125,0,10,96
505,48384,44.32666664198041,0.0,10.270833333333334,0,13,96
506,48384,48.715000255964696,0.01041666666666663,9.46875,0,10,96
507,48384,48.10333332233131,0.0,9.479166666666666,0,12,96
508,48520,48.77500009164214,0.0,9.65625,0,10,96
509,48720,46.81499982718378,0.0,10.78125,0,6,96
510,48944,49.695000192150474,0.0,9.46875,0,9,96
511,49112,47.9750001039356,0.0,9.90625,0,8,96
512,49152,47.67999995313585,0.0,10.25,0,8,96
513,49152,49.13666654191911,0.0,10.458333333333334,0,4,96
514,49152,48.78333353437483,0.0,10.104166666666666,0,7,96
515,49152,46.726666691713035,0.0,10.708333333333334,0,7,96
516,49288,46.63999998290092,0.0,10.25,0,9,96
517,49488,42.90833336673677,0.0,10.197916666666666,0,14,96
518,49712,47.75333355180919,0.0,10.541666666666666,0,5,96
519,49880,47.86000029463321,0.0,10.625,0,6,96
520,49920,44.220000276342034,0.0,9.875,0,15,96
521,49920,50.88833334110677,0.0,9.510416666666666,0,7,96
522,49920,46.7800000468269,0.0,10.5625,0,8,96
523,49920,46.66666659619659,0.0,9.833333333333334,0,11,96
524,50056,50.67333327792585,0.0,9.729166666666666,0,6,96
525,50256,48.07666667830199,0.0,10.145833333333334,0,7,96
526,50480,46.646666566841304,0.0,9.958333333333334,0,11,96
527,50648,51.121666591614485,0.0,9.239583333333334,0,8,96
528,50688,47.65333386603743,0.0,9.854166666666666,0,10,96
529,50688,45.556666791439056,0.0,10.083333333333334,0,13,96
530,50688,44.273333329707384,0.0,10.229166666666666,0,14,96
531,50688,46.780000005848706,0.0,9.5,0,13,96
532,50824,45.70833361428231,0.01041666666666663,9.572916666666666,0,14,96
533,51024,46.66000036150217,0.0,10.4375,0,9,96
534,51248,47.22499985806644,0.0,9.59375,0,12,96
535,51416,47.99833326879889,0.0,10.197916666666666,0,9,96
536,51456,45.56333355884999,0.0,10.291666666666666,0,11,96
537,51456,41.4583333004266,0.02083333333333337,10.447916666666666,0,12,96
538,51456,51.35000008624047,0.0,9.75,0,5,96
539,51456,48.143333276733756,0.0,10.229166666666666,0,8,96
540,51592,46.80166666954756,0.0,10.302083333333334,0,8,96
541,51792,51.51999977789819,0.0,10.125,0,3,96
542,52016,45.546666412614286,0.0,9.895833333333334,0,12,96
543,52184,51.95000037364662,0.0,9.4375,0,6,96
544,52224,50.833333645015955,0.0,9.104166666666666,0,9,96
545,52224,50.88999991770834,0.0,9.75,0,6,96
546,52224,49.41166653390974,0.01041666666666663,8.989583333333334,0,10,96
547,52224,46.573333338834345,0.0,9.854166666666666,0,12,96
548,52360,47.18999981600791,0.0,10.0,0,10,96
549,52560,46.30166685767472,0.0,9.927083333333334,0,11,96
550,52784,48.008333407342434,0.0,9.322916666666666,0,12,96
551,52952,48.82166670169681,0.0,9.239583333333334,0,13,96
552,52992,47.98333314526826,0.0,9.979166666666666,0,9,96
553,52992,49.00166701339185,0.0,9.114583333333334,0,12,96
554,52992,45.02499988023192,0.0,9.84375,0,13,96
555,52992,47.36166661977768,0.0,10.302083333333334,0,8,96
556,53128,48.87500005681068,0.0,10.09375,0,7,96
557,53328,50.341666902415454,0.0,9.302083333333334,0,10,96
558,53552,48.121666576713324,0.0,8.802083333333334,0,15,96
559,53720,45.624999961815774,0.0,9.40625,0,16,96
560,53760,49.79499991144985,0.0,9.96875,0,7,96
561,53760,44.57833347097039,0.0,10.322916666666666,0,11,96
562,53760,48.44499980285764,0.0,9.65625,0,8,96
563,53760,47.81666657887399,0.0,10.145833333333334,0,10,96
564,53896,49.32999977748841,0.0,9.8125,0,8,96
565,54096,49.839999738149345,0.0,9.875,0,6,96
566,54320,46.77000031899661,0.0,9.125,0,15,96
567,54488,44.40999984741211,0.0,10.1875,0,13,96
568,54528,50.48166653420776,0.0,9.177083333333334,0,11,96
569,54528,50.58666667062789,0.0,10.083333333333334,0,5,96
570,54528,50.60833327751607,0.0,10.260416666666666,0,3,96
571,54528,47.32333362381905,0.0,8.916666666666666,0,16,96
572,54664,45.994999875314534,0.0,10.15625,0,11,96
573,54864,47.223333632573485,0.0,10.354166666666666,0,9,96
574,55088,45.73499976005405,0.04166666666666663,9.59375,0,10,96
575,55256,49.631666463799775,0.0,9.614583333333334,0,8,96
576,55296,44.90833339095116,0.0,10.385416666666666,0,12,96
577,55296,50.01166676636785,0.0,8.989583333333334,0,11,96
578,55296,49.510000119917095,0.0,9.5,0,9,96
579,55296,48.43666712380946,0.0,9.708333333333334,0,10,96
580,55432,47.06333303172141,0.0,10.104166666666666,0,9,96
581,55632,44.53499989397824,0.01041666666666663,10.40625,0,12,96
582,55856,46.73166682012379,0.0,10.239583333333334,0,9,96
583,56024,48.17833305429667,0.0,10.260416666666666,0,7,96
584,56064,47.93166671600193,0.01041666666666663,9.864583333333334,0,10,96
585,56064,49.69333330821246,0.0,9.166666666666666,0,11,96
586,56064,47.55333340726793,0.01041666666666663,9.791666666666666,0,9,96
587,56064,46.31166678201407,0.0,10.177083333333334,0,11,96
588,56200,48.04999995138496,0.0,9.625,0,10,96
589,56400,49.93666675500572,0.0,10.208333333333334,0,5,96
590,56624,48.521666780114174,0.0,10.427083333333334,0,7,96
591,56792,48.04166619759053,0.0,10.239583333333334,0,7,96
592,56832,48.07333343010396,0.01041666666666663,9.416666666666666,0,11,96
593,56832,50.65500038675964,0.0,9.96875,0,5,96
594,56832,46.2766667958349,0.03125,9.895833333333334,0,7,96
595,56832,50.53500019386411,0.0,9.09375,0,10,96
596,56968,48.615000292658806,0.0,8.65625,0,15,96
597,57168,48.043333580717444,0.0,9.791666666666666,0,10,96
598,57392,49.83166675455868,0.0,9.427083333333334,0,9,96
599,57560,46.39500045590103,0.0,9.78125,0,13,96
600,57600,52.98500010557473,0.0,9.15625,0,6,96
601,57600,43.39333305694163,0.03125,9.854166666666666,0,11,96
602,57600,48.32000005990267,0.0,9.8125,0,10,96
603,57600,47.36500016413629,0.0,10.03125,0,10,96
604,57736,48.01166664529592,0.0,9.802083333333334,0,10,96
605,57936,51.711666364222765,0.0,9.302083333333334,0,7,96
606,58160,47.09166674129665,0.0,10.177083333333334,0,9,96
607,58328,51.64666666742414,0.0,9.333333333333334,0,8,96
608,58368,52.008333407342434,0.0,9.447916666666666,0,6,96
609,58368,46.78333375416696,0.0,10.041666666666666,0,11,96
610,58368,47.13000045903027,0.0,9.75,0,13,96
611,58368,49.06333382520825,0.0,9.729166666666666,0,8,96
612,58504,50.54666675534099,0.0,8.958333333333334,0,12,96
613,58704,48.456667019054294,0.0,9.958333333333334,0,9,96
614,58928,51.06333371903747,0.0,9.229166666666666,0,8,96
615,59096,50.288333791308105,0.0,9.010416666666666,0,11,96
616,59136,44.54666647966951,0.0,9.645833333333334,0,16,96
617,59136,47.86500031966716,0.0,10.03125,0,9,96
618,59136,48.06666655652225,0.01041666666666663,9.708333333333334,0,9,96
619,59136,50.24000017903745,0.01041666666666663,9.75,0,7,96
620,59272,48.53499996010214,0.0,10.21875,0,7,96
621,59472,50.169999742880464,0.0,10.0625,0,6,96
622,59696,49.23500009812415,0.0,9.53125,0,10,96
623,59864,48.80666683521122,0.0,9.833333333333334,0,10,96
624,59904,51.76000019349158,0.0,9.75,0,5,96
625,59904,50.17666677478701,0.0,9.708333333333334,0,7,96
626,59904,50.766666546463966,0.0,9.208333333333334,0,9,96
627,59904,48.55333322100341,0.0,9.604166666666666,0,10,96
628,60040,46.35000017751008,0.03125,9.875,0,9,96
629,60240,45.97499977517873,0.02083333333333337,10.15625,0,9,96
630,60464,49.72833325061947,0.0,9.635416666666666,0,9,96
631,60632,46.16666679549962,0.0,10.145833333333334,0,11,96
632,60672,48.80333380959928,0.0,9.604166666666666,0,10,96
633,60672,49.59833340253681,0.0,9.635416666666666,0,9,96
634,60672,48.9633333068341,0.0,9.916666666666666,0,7,96
635,60672,48.748333358205855,0.0,9.947916666666666,0,8,96
636,60808,48.62999966926873,0.0,9.75,0,10,96
637,61008,50.37833331897855,0.0,8.947916666666666,0,11,96
638,61232,49.8083334248513,0.0,10.010416666666666,0,6,96
639,61400,50.625000287778676,0.01041666666666663,9.09375,0,9,96
640,61440,49.525000219233334,0.0,9.96875,0,7,96
641,61440,46.36166643165052,0.02083333333333337,9.864583333333334,0,9,96
642,61440,48.34166651405394,0.0,9.739583333333334,0,9,96
643,61440,47.449999867007136,0.01041666666666663,9.875,0,10,96
644,61576,51.926667022518814,0.0,9.083333333333334,0,9,96
645,61776,49.186666848137975,0.0,9.895833333333334,0,7,96
646,62000,49.46833351906389,0.0,9.197916666666666,0,12,96
647,62168,51.44000009074807,0.0,9.1875,0,8,96
648,62208,44.22499964945018,0.02083333333333337,9.65625,0,14,96
649,62208,50.22833362407982,0.0,10.135416666666666,0,5,96
650,62208,50.13666689582169,0.0,8.770833333333334,0,14,96
651,62208,47.99500019196421,0.01041666666666663,9.78125,0,9,96
652,62344,43.26666675042361,0.02083333333333337,9.770833333333334,0,15,96
653,62544,52.471666768193245,0.0,8.677083333333334,0,11,96
654,62768,50.07333367224783,0.0,9.541666666666666,0,8,96
655,62936,51.190000294707716,0.0,9.6875,0,7,96
656,62976,50.42833378817886,0.0,9.385416666666666,0,10,96
657,62976,48.686666569672525,0.0,9.583333333333334,0,11,96
658,62976,47.593333705328405,0.0,10.354166666666666,0,8,96
659,62976,50.8566666720435,0.0,9.770833333333334,0,6,96
660,63112,47.43833301495761,0.0,9.697916666666666,0,12,96
661,63312,49.65833350550383,0.03125,8.822916666666666,0,9,96
662,63536,50.42666659411043,0.01041666666666663,9.645833333333334,0,6,96
663,63704,54.11000014375895,0.0,9.125,0,5,96
664,63744,49.3533334992826,0.0,9.229166666666666,0,11,96
665,63744,52.50333333015442,0.0,8.541666666666666,0,11,96
666,63744,51.72500047739595,0.0,8.53125,0,11,96
667,63744,52.77166720293462,0.0,9.364583333333334,0,7,96
668,63880,50.88333322759718,0.0,9.479166666666666,0,7,96
669,64080,50.06666694022715,0.0,9.208333333333334,0,10,96
670,64304,50.966666623950005,0.0,8.833333333333334,0,10,96
671,64472,46.50000035390258,0.01041666666666663,9.3125,0,14,96
672,64512,49.324999957345426,0.0,9.46875,0,9,96
673,64512,53.013333363458514,0.0,9.291666666666666,0,6,96
674,64512,50.07499987166375,0.0,9.34375,0,9,96
675,64512,47.01666676718742,0.0,9.770833333333334,0,12,96
676,64648,49.61500028707087,0.0,9.96875,0,7,96
677,64848,50.43166665639728,0.01041666666666663,10.114583333333334,0,5,96
678,65072,51.441666504368186,0.0,9.739583333333334,0,6,96
679,65240,50.86666685529053,0.0,9.145833333333334,0,10,96
680,65280,50.386666560545564,0.0,9.645833333333334,0,8,96
681,65280,53.64499981328845,0.0,8.84375,0,7,96
682,65280,50.33833320159465,0.0,9.822916666666666,0,7,96
683,65280,47.138333545066416,0.0,10.197916666666666,0,10,96
684,65416,49.79666680842638,0.0,8.770833333333334,0,13,96
685,65616,51.826666785404086,0.0,9.270833333333334,0,8,96
686,65840,52.011666901409626,0.0,8.489583333333334,0,11,96
687,66008,50.08000001870096,0.01041666666666663,10.0,0,5,96
688,66048,52.06000009924173,0.0,8.9375,0,9,96
689,66048,54.675000205636024,0.0,8.03125,0,10,96
690,66048,52.33999983780086,0.0,9.6875,0,6,96
691,66048,51.72833318263292,0.0,8.822916666666666,0,11,96
692,66184,49.00666677672416,0.01041666666666663,9.770833333333334,0,8,96
693,66384,48.76833358220756,0.0,9.135416666666666,0,13,96
694,66608,51.31500001903623,0.0,9.03125,0,9,96
695,66776,52.21000050660223,0.01041666666666663,8.5,0,9,96
696,66816,51.51833363994956,0.01041666666666663,8.885416666666666,0,8,96
697,66816,53.02333361841738,0.0,9.416666666666666,0,5,96
698,66816,53.59499994292855,0.0,8.84375,0,7,96
699,66816,48.368333453312516,0.04166666666666663,9.072916666666666,0,7,96
700,66952,50.396666545420885,0.01041666666666663,9.145833333333334,0,9,96
701,67152,52.98833310417831,0.0,9.572916666666666,0,5,96
702,67376,52.3150001578033,0.0,8.59375,0,10,96
703,67544,49.94666700158268,0.0,9.645833333333334,0,9,96
704,67584,50.37000000476837,0.01041666666666663,8.9375,0,10,96
705,67584,51.79666690155864,0.0,8.958333333333334,0,9,96
706,67584,53.10666680894792,0.0,9.145833333333334,0,6,96
707,67584,50.493333257734776,0.01041666666666663,8.604166666666666,0,11,96
708,67720,51.85000007227063,0.0,8.4375,0,13,96
709,67920,49.60333340521902,0.0,9.229166666666666,0,10,96
710,68144,52.60666643362492,0.0,9.145833333333334,0,8,96
711,68312,49.146666632033885,0.0,9.708333333333334,0,9,96
712,68352,48.23666677623987,0.02083333333333337,8.645833333333334,0,13,96
713,68352,50.11166688427329,0.02083333333333337,8.302083333333334,0,13,96
714,68352,46.26833352446556,0.0,8.885416666666666,0,17,96
715,68352,50.85833328962326,0.02083333333333337,9.010416666666666,0,7,96
716,68488,50.99000033270568,0.0,9.375,0,8,96
717,68688,51.28333338163793,0.0,9.166666666666666,0,10,96
718,68912,49.560000135563314,0.01041666666666663,9.5,0,8,96
719,69080,52.55500002577901,0.0,9.09375,0,9,96
720,69120,47.036666731350124,0.01041666666666663,9.395833333333334,0,13,96
721,69120,51.1933335615322,0.02083333333333337,8.729166666666666,0,9,96
722,69120,52.35833342280239,0.0,9.447916666666666,0,6,96
723,69120,52.34833342861384,0.0,9.447916666666666,0,7,96
724,69256,50.04333338141441,0.0,8.854166666666666,0,13,96
725,69456,52.391666690818965,0.0,9.114583333333334,0,7,96
726,69680,50.03000001143664,0.01041666666666663,9.0625,0,10,96
727,69848,49.02166655100882,0.0,9.677083333333334,0,10,96
728,69888,54.10500007029623,0.0,8.90625,0,6,96
729,69888,54.12166708987206,0.0,8.739583333333334,0,7,96
730,69888,51.04166680946946,0.0,8.802083333333334,0,11,96
731,69888,53.8666670396924,0.0,8.520833333333334,0,9,96
732,70024,51.61833370756358,0.0,8.447916666666666,0,13,96
733,70224,49.63500003423542,0.0,9.40625,0,10,96
734,70448,51.878333227708936,0.0,9.072916666666666,0,9,96
735,70616,50.94333330821246,0.0,9.104166666666666,0,11,96
736,70656,49.173333367332816,0.0,9.604166666666666,0,11,96
737,70656,52.56500006746501,0.0,9.15625,0,7,96
738,70656,54.09666675981134,0.0,9.270833333333334,0,4,96
739,70656,44.78833346720785,0.0,9.822916666666666,0,16,96
740,70792,50.33166704978794,0.02083333333333337,9.177083333333334,0,7,96
741,70992,51.31500014197081,0.0,9.53125,0,7,96
742,71216,51.96166652441025,0.0,9.302083333333334,0,6,96
743,71384,49.45166666433215,0.0,9.052083333333334,0,12,96
744,71424,51.139999753795564,0.0,9.4375,0,8,96
745,71424,54.108333975076675,0.0,8.697916666666666,0,7,96
746,71424,53.598333425819874,0.01041666666666663,7.822916666666667,0,12,96
747,71424,54.71999999880791,0.0,9.0625,0,5,96
748,71560,54.49000054039061,0.0,9.1875,0,4,96
749,71760,50.648333615623415,0.01041666666666663,8.697916666666666,0,11,96
750,71984,49.28333308175206,0.0,9.166666666666666,0,12,96
751,72152,48.248333333060145,0.01041666666666663,9.572916666666666,0,10,96
752,72192,50.93333317525685,0.0,10.229166666666666,0,4,96
753,72192,53.846666782163084,0.0,8.708333333333334,0,8,96
754,72192,52.973333708010614,0.0,8.416666666666666,0,12,96
755,72192,50.28666675277054,0.01041666666666663,9.520833333333334,0,7,96
756,72328,49.94166661147028,0.0,9.677083333333334,0,9,96
757,72528,52.77166658267379,0.0,9.302083333333334,0,7,96
758,72752,49.57333320658654,0.0,9.541666666666666,0,11,96
759,72920,49.321666835807264,0.03125,9.364583333333334,0,7,96
760,72960,51.56500013452023,0.0,9.28125,0,8,96
761,72960,53.86333328485489,0.0,9.166666666666666,0,5,96
762,72960,50.99333329312503,0.0,9.604166666666666,0,7,96
763,72960,50.9816667586565,0.02083333333333337,9.052083333333334,0,7,96
764,73096,56.19666679576039,0.0,8.208333333333334,0,7,96
765,73296,47.47666621115059,0.0,10.145833333333334,0,10,96
766,73520,48.175000132992864,0.0,9.21875,0,13,96
767,73688,52.92666663136333,0.0,9.270833333333334,0,6,96
768,73728,52.11333371978253,0.0,8.854166666666666,0,10,96
769,73728,49.90166633762419,0.0,9.739583333333334,0,8,96
770,73728,46.279999575577676,0.01041666666666663,9.5,0,13,96
771,73728,53.15500045847148,0.0,9.46875,0,4,96
772,73864,51.17833334580064,0.0,9.260416666666666,0,8,96
773,74064,51.74499988090247,0.0,9.28125,0,8,96
774,74288,51.88333334680647,0.0,9.479166666666666,0,6,96
775,74456,53.82999966945499,0.0,9.4375,0,4,96
776,74496,51.33666633628309,0.0,10.020833333333334,0,4,96
777,74496,54.98666720278561,0.0,9.270833333333334,0,3,96
778,74496,50.22666697669774,0.0,10.145833333333334,0,5,96
779,74496,48.44499975722283,0.02083333333333337,9.34375,0,10,96
780,74632,52.7750000692904,0.0,8.78125,0,9,96
781,74832,52.673333663493395,0.0,8.479166666666666,0,10,96
782,75056,54.49166691303253,0.01041666666666663,8.614583333333334,0,6,96
783,75224,51.264999906532466,0.0,9.71875,0,7,96
784,75264,52.31666674092412,0.0,8.958333333333334,0,10,96
785,75264,50.90833316743374,0.0,9.260416666666666,0,11,96
786,75264,50.411666478030384,0.0,9.364583333333334,0,10,96
787,75264,49.556666649878025,0.01041666666666663,8.583333333333334,0,13,96
788,75400,54.24500013515353,0.0,8.78125,0,7,96
789,75600,55.498333281837404,0.0,9.197916666666666,0,3,96
790,75824,51.29500039946288,0.01041666666666663,9.40625,0,6,96
791,75992,53.216666541062295,0.0,9.333333333333334,0,5,96
792,76032,55.78166710957885,0.0,8.552083333333334,0,5,96
793,76032,55.18833325058222,0.0,8.822916666666666,0,6,96
794,76032,53.61666701734066,0.0,8.208333333333334,0,12,96
795,76032,56.68000013008714,0.0,8.5625,0,5,96
796,76168,51.59333367086947,0.0,9.354166666666666,0,8,96
797,76368,49.58166669216007,0.03125,9.177083333333334,0,7,96
798,76592,51.745000331662595,0.02083333333333337,8.71875,0,9,96
799,76760,53.13333306275308,0.0,9.666666666666666,0,4,96
800,76800,54.46166695281863,0.0,8.364583333333334,0,9,96
801,76800,54.17666655033827,0.01041666666666663,9.208333333333334,0,4,96
802,76800,51.82500000949949,0.0,9.40625,0,7,96
803,76800,51.305000100284815,0.01041666666666663,8.53125,0,12,96
804,76936,52.93000021483749,0.0,9.0,0,8,96
805,77136,48.58500033989549,0.02083333333333337,8.34375,0,16,96
806,77360,53.34499990195036,0.0,9.15625,0,5,96
807,77528,51.66500014346093,0.0,9.15625,0,9,96
808,77568,52.295000065118074,0.01041666666666663,8.59375,0,8,96
809,77568,54.0399997420609,0.0,9.25,0,4,96
810,77568,53.37833330780268,0.0,9.572916666666666,0,4,96
811,77568,53.37833353038877,0.0,9.197916666666666,0,7,96
812,77704,51.84499990567565,0.0,9.21875,0,8,96
813,77904,57.10333363339305,0.0,8.291666666666666,0,6,96
814,78128,52.70666640531272,0.0,9.520833333333334,0,5,96
815,78296,53.76000028476119,0.0,8.75,0,8,96
816,78336,55.73499987274408,0.0,7.46875,0,13,96
817,78336,56.936666782945395,0.0,7.958333333333333,0,7,96
818,78336,55.18166675325483,0.0,8.239583333333334,0,9,96
819,78336,54.23500043898821,0.01041666666666663,8.53125,0,8,96
820,78472,50.973333679139614,0.01041666666666663,8.541666666666666,0,10,96
821,78672,56.68000014871359,0.01041666666666663,8.5,0,3,96
822,78896,53.70500039309263,0.01041666666666663,8.65625,0,7,96
823,79064,55.43500003963709,0.01041666666666663,7.78125,0,9,96
824,79104,53.428333446383476,0.0,7.947916666666667,0,13,96
825,79104,57.78500019013882,0.0,7.84375,0,7,96
826,79104,53.53666674718261,0.02083333333333337,8.833333333333334,0,6,96
827,79104,57.60333415865898,0.0,8.291666666666666,0,5,96
828,79240,55.144999492913485,0.0,9.46875,0,2,96
829,79440,56.170000571757555,0.01041666666666663,8.0,0,8,96
830,79664,57.07833337690681,0.0,7.947916666666667,0,9,96
831,79832,57.69333388656378,0.0,8.229166666666666,0,7,96
832,79872,60.346667394042015,0.0,8.020833333333334,0,3,96
833,79872,53.42000011727214,0.01041666666666663,8.875,0,7,96
834,79872,54.28500001877546,0.03125,8.46875,0,5,96
835,79872,56.268333584070206,0.02083333333333337,7.697916666666667,0,7,96
836,80008,54.35666721314192,0.0,8.208333333333334,0,11,96
837,80208,59.30833362042904,0.0,7.947916666666667,0,5,96
838,80432,56.63499993085861,0.03125,7.84375,0,6,96
839,80600,52.948333729058504,0.02083333333333337,8.822916666666666,0,7,96
840,80640,54.721666403114796,0.05208333333333337,7.927083333333333,0,4,96
841,80640,56.42666641622782,0.0,7.458333333333333,0,11,96
842,80640,53.40333365276456,0.01041666666666663,8.729166666666666,0,9,96
843,80640,52.61500005424023,0.04166666666666663,7.78125,0,10,96
844,80776,57.80166722461581,0.0,8.489583333333334,0,4,96
845,80976,56.45000026375055,0.01041666666666663,7.875,0,6,96
846,81200,54.96833314746618,0.03125,7.072916666666667,0,13,96
847,81368,56.511666304431856,0.0,9.239583333333334,0,2,96
848,81408,55.266667529940605,0.05208333333333337,8.020833333333334,0,3,96
849,81408,61.42166659981012,0.0,7.302083333333333,0,5,96
850,81408,55.07999985292554,0.02083333333333337,7.875,0,8,96
851,81408,52.32833358179778,0.02083333333333337,8.697916666666666,0,7,96
852,81544,55.31500019133091,0.05208333333333337,7.84375,0,4,96
853,81744,55.94000070914626,0.01041666666666663,8.75,0,4,96
854,81968,50.50333362445235,0.01041666666666663,8.791666666666666,0,12,96
855,82136,56.434999883174896,0.0,7.46875,0,11,96
856,82176,54.35000026971102,0.07291666666666663,7.125,0,6,96
857,82176,56.053333669900894,0.02083333333333337,8.166666666666666,0,5,96
858,82176,58.52833308279514,0.0,8.447916666666666,0,3,96
859,82176,52.308333709836006,0.05208333333333337,8.135416666666666,0,7,96
860,82312,55.545000307261944,0.0,8.09375,0,11,96
861,82512,47.166666839271784,0.09375,8.020833333333334,0,10,96
862,82736,54.80666705965996,0.01041666666666663,8.145833333333334,0,9,96
863,82904,53.29833329375833,0.0,9.510416666666666,0,4,96
864,82944,56.27000021096319,0.0,8.625,0,5,96
865,82944,56.58833294734359,0.01041666666666663,7.572916666666667,0,10,96
866,82944,57.89000056684017,0.0,7.6875,0,9,96
867,82944,57.08666648250073,0.0,8.083333333333334,0,8,96
868,83080,56.45833336561918,0.0,8.760416666666666,0,4,96
869,83280,58.623333379626274,0.0,7.604166666666667,0,8,96
870,83504,55.44833404570818,0.0,8.322916666666666,0,9,96
871,83672,53.0783334672451,0.0,8.447916666666666,0,11,96
872,83712,57.390000350773335,0.0,8.1875,0,6,96
873,83712,55.768333449959755,0.04166666666666663,7.447916666666667,0,7,96
874,83712,52.18000000342727,0.02083333333333337,9.125,0,7,96
875,83712,53.788333664648235,0.0,9.135416666666666,0,6,96
876,83848,55.7616670653224,0.01041666666666663,8.552083333333334,0,5,96
877,84048,55.066667065024376,0.04166666666666663,7.958333333333333,0,5,96
878,84272,52.536666333675385,0.0,9.145833333333334,0,8,96
879,84440,52.12833344563842,0.0,8.510416666666666,0,12,96
880,84480,54.04666696395725,0.0,9.145833333333334,0,6,96
881,84480,54.131666897796094,0.0,9.052083333333334,0,7,96
882,84480,54.42333373427391,0.0,7.604166666666667,0,14,96
883,84480,55.610000256448984,0.01041666666666663,7.9375,0,9,96
884,84616,54.31500016897917,0.0,8.59375,0,9,96
885,84816,52.06333379354328,0.02083333333333337,9.229166666666666,0,5,96
886,85040,56.15666676312685,0.0,7.895833333333333,0,10,96
887,85208,51.8383335582912,0.03125,8.135416666666666,0,9,96
888,85248,58.40333330258727,0.0,7.791666666666667,0,6,96
889,85248,56.310000225901604,0.0,8.4375,0,6,96
890,85248,54.971667028963566,0.02083333333333337,8.614583333333334,0,5,96
891,85248,55.18333350494504,0.0,8.541666666666666,0,8,96
892,85384,56.25333375483751,0.01041666666666663,8.479166666666666,0,5,96
893,85584,54.33666680660099,0.0,9.270833333333334,0,4,96
894,85808,55.065000377595425,0.04166666666666663,7.46875,0,9,96
895,85976,55.5283340588212,0.0,8.322916666666666,0,9,96
896,86016,57.31666699796915,0.0,8.770833333333334,0,4,96
897,86016,51.88166704028845,0.04166666666666663,8.614583333333334,0,7,96
898,86016,60.06666658073664,0.0,7.458333333333333,0,6,96
899,86016,53.71000008657575,0.01041666666666663,8.5,0,9,96
900,86152,53.72333377227187,0.01041666666666663,8.354166666666666,0,10,96
901,86352,54.93666700646281,0.02083333333333337,8.645833333333334,0,5,96
902,86576,53.94000010471791,0.0,9.0625,0,8,96
903,86744,57.66333334520459,0.0,8.479166666666666,0,4,96
904,86784,54.24833397567272,0.02083333333333337,8.322916666666666,0,7,96
905,86784,51.78333351388574,0.0,8.979166666666666,0,10,96
906,86784,58.28500039875507,0.01041666666666663,7.78125,0,7,96
907,86784,51.88666673004627,0.02083333333333337,7.833333333333333,0,13,96
908,86920,58.248333506286144,0.0,7.885416666666667,0,6,96
909,87120,57.68000002577901,0.0,7.375,0,10,96
910,87344,56.403333481401205,0.01041666666666663,8.041666666666666,0,7,96
911,87512,57.66499987244606,0.01041666666666663,7.40625,0,9,96
912,87552,56.106666684150696,0.03125,7.395833333333333,0,10,96
913,87552,56.61999983340502,0.03125,7.3125,0,9,96
914,87552,51.28166688233614,0.04166666666666663,7.364583333333333,0,14,96
915,87552,57.99333330988884,0.01041666666666663,7.666666666666667,0,8,96
916,87688,55.40499995276332,0.0,8.09375,0,9,96
917,87888,56.32666729018092,0.01041666666666663,8.270833333333334,0,7,96
918,88112,52.67666709795594,0.04166666666666663,7.833333333333333,0,9,96
919,88280,59.68833328038454,0.02083333333333337,7.635416666666667,0,3,96
920,88320,59.920000322163105,0.01041666666666663,7.0625,0,8,96
921,88320,58.653333611786366,0.0,8.104166666666666,0,5,96
922,88320,61.494999922811985,0.0,7.15625,0,7,96
923,88320,58.36000005155802,0.01041666666666663,7.5625,0,8,96
924,88456,59.39833344519138,0.0,7.885416666666667,0,5,96
925,88656,54.56166701391339,0.03125,8.302083333333334,0,6,96
926,88880,56.90333364158869,0.0,8.416666666666666,0,6,96
927,89048,56.95500032231212,0.0,8.46875,0,6,96
928,89088,56.67333362996578,0.03125,7.479166666666667,0,7,96
929,89088,58.68333371728659,0.0,8.166666666666666,0,4,96
930,89088,60.463333658874035,0.02083333333333337,7.666666666666667,0,2,96
931,89088,56.621666952967644,0.0,8.302083333333334,0,7,96
932,89224,54.285000164061785,0.01041666666666663,8.90625,0,5,96
933,89424,54.383333675563335,0.02083333333333337,8.541666666666666,0,6,96
934,89648,58.58500047028065,0.0,8.46875,0,3,96
935,89816,58.08166691660881,0.0,7.802083333333333,0,8,96
936,89856,56.948333371430635,0.03125,7.947916666666667,0,4,96
937,89856,58.62999990954995,0.0,7.875,0,6,96
938,89856,64.08000041544437,0.0,6.8125,0,5,96
939,89856,50.148333460092545,0.09375,7.822916666666667,0,6,96
940,89992,50.620000302791595,0.0625,8.375,0,8,96
941,90192,59.96833299845457,0.03125,7.135416666666667,0,6,96
942,90416,58.75333347916603,0.0,7.354166666666667,0,9,96
943,90584,59.365000519901514,0.01041666666666663,7.84375,0,4,96
944,90624,54.16666707396507,0.04166666666666663,7.583333333333333,0,10,96
945,90624,57.40666692331433,0.01041666666666663,7.583333333333333,0,8,96
946,90624,60.445000160485506,0.0,7.78125,0,4,96
947,90624,64.2533327229321,0.0,6.729166666666667,0,4,96
948,90760,47.86666636541486,0.07291666666666663,8.895833333333334,0,8,96
949,90960,54.075000274926424,0.04166666666666663,8.71875,0,3,96
950,91184,53.650000505149364,0.05208333333333337,8.3125,0,5,96
951,91352,57.83500015735626,0.0,7.71875,0,8,96
952,91392,57.4916668497026,0.0,7.802083333333333,0,8,96
953,91392,52.795000318437815,0.04166666666666663,8.59375,0,5,96
954,91392,56.395000368356705,0.01041666666666663,8.78125,0,3,96
955,91392,56.24333345424384,0.0,8.916666666666666,0,4,96
956,91528,58.6399999037385,0.0,7.1875,0,11,96
957,91728,60.278333097696304,0.01041666666666663,6.885416666666667,0,10,96
958,91952,54.83333386108279,0.05208333333333337,8.041666666666666,0,5,96
959,92120,58.050000213086605,0.0,7.8125,0,7,96
960,92160,52.666667338460684,0.04166666666666663,8.395833333333334,0,7,96
961,92160,59.879999943077564,0.03125,6.875,0,6,96
962,92160,60.75833306461573,0.01041666666666663,6.822916666666667,0,8,96
963,92160,60.256666380912066,0.0,7.145833333333333,0,8,96
964,92296,54.77333356067538,0.01041666666666663,8.729166666666666,0,7,96
965,92496,59.72166695445776,0.0,7.614583333333333,0,7,96
966,92720,60.11500074714422,0.0,8.09375,0,4,96
967,92888,59.871666334569454,0.0,7.364583333333333,0,7,96
968,92928,53.26166655123234,0.07291666666666663,7.802083333333333,0,5,96
969,92928,62.19166622310877,0.01041666666666663,7.302083333333333,0,4,96
970,92928,54.11333331465721,0.0625,6.791666666666667,0,11,96
971,92928,58.423334039747715,0.01041666666666663,8.354166666666666,0,2,96
972,93064,61.45999917387962,0.01041666666666663,7.0,0,7,96
973,93264,60.20166587084532,0.05208333333333337,6.989583333333333,0,2,96
974,93488,60.14833305031061,0.0,8.135416666666666,0,3,96
975,93656,61.29166679829359,0.0,7.364583333333333,0,6,96
976,93696,56.26000007241964,0.03125,7.4375,0,8,96
977,93696,57.08333393186331,0.02083333333333337,8.291666666666666,0,4,96
978,93696,56.11999939382076,0.0625,7.875,0,3,96
979,93696,60.95833256095648,0.0,7.072916666666667,0,7,96
980,93832,57.60166685283184,0.0,8.739583333333334,0,4,96
981,94032,62.56333310902119,0.0,6.916666666666667,0,7,96
982,94256,57.688333101570606,0.03125,7.197916666666667,0,8,96
983,94424,61.438332974910736,0.0,7.197916666666667,0,7,96
984,94464,58.77500016987324,0.0,8.21875,0,5,96
985,94464,63.47999943047762,0.0,6.875,0,5,96
986,94464,59.53000062704086,0.0,8.5,0,2,96
987,94464,60.236667431890965,0.0,8.145833333333334,0,3,96
988,94600,58.521666914224625,0.03125,7.864583333333333,0,3,96
989,94800,58.050000354647636,0.01041666666666663,8.125,0,5,96
990,95024,61.24500048160553,0.01041666666666663,7.90625,0,2,96
991,95192,63.50666619837284,0.01041666666666663,6.895833333333333,0,4,96
992,95232,65.16666574776173,0.0,6.833333333333333,0,4,96
993,95232,63.11000007763505,0.02083333333333337,6.8125,0,3,96
994,95232,53.0433335006237,0.11458333333333337,7.166666666666667,0,3,96
995,95232,53.21333419531584,0.09375,7.541666666666667,0,3,96
996,95368,62.09166616946459,0.0,7.177083333333333,0,5,96
997,95568,64.72833299636841,0.0,6.822916666666667,0,4,96
998,95792,61.90500058978796,0.0,7.78125,0,3,96
999,95960,63.784999899566174,0.0,7.09375,0,4,96
1000,96000,49.526666671037674,0.19791666666666663,6.020833333333333,0,2,96
1001,96000,61.973332695662975,0.03125,7.104166666666667,0,3,96
1002,96000,57.788333021104336,0.07291666666666663,6.885416666666667,0,4,96
1003,96000,49.52000018954277,0.17708333333333337,6.875,0,2,96
1004,96136,59.171666491776705,0.0,7.552083333333333,0,7,96
1005,96336,64.42833326756954,0.0,7.010416666666667,0,3,96
1006,96560,62.41333296895027,0.02083333333333337,6.979166666666667,0,3,96
1007,96728,56.37500012293458,0.02083333333333337,8.09375,0,7,96
1008,96768,58.070000663399696,0.04166666666666663,7.8125,0,3,96
1009,96768,50.883333548903465,0.125,7.229166666666667,0,4,96
1010,96768,63.19666615128517,0.02083333333333337,7.270833333333333,0,2,96
1011,96768,60.10333410650492,0.02083333333333337,7.916666666666667,0,2,96
1012,96904,58.54666619747877,0.04166666666666663,7.208333333333333,0,4,96
1013,97104,59.17333376407623,0.02083333333333337,7.979166666666667,0,3,96
1014,97328,58.673334028571844,0.0,8.229166666666666,0,5,96
1015,97496,58.92500068247318,0.01041666666666663,8.09375,0,4,96
1016,97536,61.77833403646946,0.08333333333333337,5.760416666666667,0,4,96
1017,97536,60.07833328098059,0.02083333333333337,6.885416666666667,0,9,96
1018,97536,59.70166750997305,0.02083333333333337,8.052083333333334,0,1,96
1019,97536,60.63000005483627,0.01041666666666663,7.75,0,3,96
1020,97672,65.68166670203209,0.0,6.739583333333333,0,3,96
1021,97872,59.16166739165783,0.03125,7.864583333333333,0,2,96
1022,98096,62.765000246465206,0.02083333333333337,7.40625,0,2,96
1023,98264,64.96833239495754,0.0,6.947916666666667,0,3,96
1024,98304,59.999999061226845,0.05208333333333337,7.125,0,2,96
1025,98304,63.28000032156706,0.04166666666666663,6.4375,0,3,96
1026,98304,62.66499999910593,0.02083333333333337,6.71875,0,5,96
1027,98304,62.19166635721922,0.01041666666666663,7.052083333333333,0,5,96
1028,98440,58.84999957680702,0.0625,7.0,0,3,96
1029,98640,60.091666758060455,0.02083333333333337,7.739583333333333,0,3,96
1030,98864,60.01999969780445,0.05208333333333337,6.3125,0,7,96
1031,99032,40.508333280682564,0.25,7.010416666666667,0,5,96
1032,99072,60.88166718184948,0.03125,7.614583333333333,0,2,96
1033,99072,48.21166691929102,0.15625,7.302083333333333,0,4,96
1034,99072,56.098333053290844,0.0625,7.135416666666667,0,6,96
1035,99072,61.54166593402624,0.03125,7.302083333333333,0,2,96
1036,99208,66.09000013768673,0.02083333333333337,6.0625,0,4,96
1037,99408,62.18833202123642,0.04166666666666663,7.010416666666667,0,2,96
1038,99632,62.60499996691942,0.01041666666666663,7.09375,0,3,96
1039,99800,60.65166736394167,0.0,8.239583333333334,0,2,96
1040,99840,58.8116669356823,0.01041666666666663,8.114583333333334,0,5,96
1041,99840,59.06333348155022,0.03125,7.541666666666667,0,4,96
1042,99840,60.43166699260473,0.03125,7.364583333333333,0,3,96
1043,99840,57.305000215768814,0.04166666666666663,7.84375,0,3,96
1044,99976,57.838333293795586,0.05208333333333337,7.510416666666667,0,4,96
1045,100176,60.548333927989006,0.01041666666666663,7.947916666666667,0,2,96
1046,100400,49.501667372882366,0.15625,7.427083333333333,0,1,96
1047,100568,61.48833327740431,0.01041666666666663,6.822916666666667,0,8,96
1048,100608,56.85000095516443,0.0625,7.75,0,2,96
1049,100608,54.13833303749561,0.11458333333333337,6.947916666666667,0,4,96
1050,100608,52.18166684731841,0.0625,8.427083333333334,0,4,96
1051,100608,61.94166587293148,0.02083333333333337,7.364583333333333,0,3,96
1052,100744,61.289999812841415,0.05208333333333337,6.3125,0,5,96
1053,100944,58.31666735559702,0.03125,8.145833333333334,0,2,96
1054,101168,62.30166584998369,0.03125,7.052083333333333,0,2,96
1055,101336,61.716666392982006,0.03125,6.958333333333333,0,4,96
1056,101376,60.9816657602787,0.04166666666666663,6.802083333333333,0,5,96
1057,101376,62.443333216011524,0.04166666666666663,6.916666666666667,0,2,96
1058,101376,64.03000022470951,0.0,7.0,0,4,96
1059,101376,58.71166618168354,0.05208333333333337,7.364583333333333,0,2,96
1060,101512,58.4183334633708,0.05208333333333337,7.385416666666667,0,3,96
1061,101712,56.530000038444996,0.08333333333333337,7.0625,0,3,96
1062,101936,58.736666455864906,0.0625,6.895833333333333,0,3,96
1063,102104,58.62333341315389,0.0625,6.979166666666667,0,4,96
1064,102144,61.93999966233969,0.01041666666666663,6.875,0,7,96
1065,102144,64.83499902486801,0.02083333333333337,6.84375,0,1,96
1066,102144,62.336666256189346,0.0,7.208333333333333,0,5,96
1067,102144,48.00166665762663,0.1875,6.989583333333333,0,1,96
1068,102280,64.34166662022471,0.02083333333333337,6.177083333333333,0,7,96
1069,102480,64.43500023707747,0.03125,6.09375,0,4,96
1070,102704,56.71166595071554,0.07291666666666663,7.677083333333333,0,1,96
1071,102872,61.811667546629906,0.0,7.989583333333333,0,1,96
1072,102912,63.084999695420265,0.0,7.59375,0,2,96
1073,102912,59.979999989271164,0.01041666666666663,7.75,0,6,96
1074,102912,53.6733336225152,0.09375,7.604166666666667,0,3,96
1075,102912,66.3333332836628,0.0,6.479166666666667,0,3,96
1076,103048,64.54666693508625,0.0,6.458333333333333,0,6,96
1077,103248,59.893332839012146,0.04166666666666663,6.854166666666667,0,5,96
1078,103472,56.81666733697057,0.03125,8.333333333333334,0,2,96
1079,103640,55.18666684627533,0.0625,7.895833333333333,0,3,96
1080,103680,55.25166670233011,0.09375,7.177083333333333,0,3,96
1081,103680,66.8333333581686,0.0,6.604166666666667,0,2,96
1082,103680,63.88333314657211,0.0,6.666666666666667,0,6,96
1083,103680,58.03666619211435,0.07291666666666663,6.770833333333333,0,4,96
1084,103816,62.36333325505257,0.0,6.916666666666667,0,6,96
1085,104016,63.1266663223505,0.0,6.708333333333333,0,7,96
1086,104240,62.040000289678574,0.0,7.9375,0,2,96
1087,104408,63.35666661709547,0.0,7.020833333333333,0,5,96
1088,104448,59.81499940901995,0.0,8.03125,0,5,96
1089,104448,57.445000529289246,0.0,8.46875,0,5,96
1090,104448,50.79499987512827,0.15625,6.71875,0,3,96
1091,104448,61.62499935925007,0.04166666666666663,6.53125,0,4,96
1092,104584,63.483332715928555,0.0,7.354166666666667,0,3,96
1093,104784,62.42166683077812,0.03125,6.614583333333333,0,3,96
1094,105008,59.250000454485416,0.04166666666666663,7.5625,0,3,96
1095,105176,62.606666564941406,0.0,6.958333333333333,0,5,96
1096,105216,53.249999925494194,0.10416666666666663,7.3125,0,5,96
1097,105216,63.62833319604397,0.0,7.697916666666667,0,1,96
1098,105216,61.55833375453949,0.0,7.885416666666667,0,3,96
1099,105216,63.47833339869976,0.0,6.572916666666667,0,7,96
1100,105352,60.631667509675026,0.03125,7.427083333333333,0,2,96
1101,105552,63.321666195988655,0.03125,6.489583333333333,0,3,96
1102,105776,62.65833283215761,0.0,6.947916666666667,0,8,96
1103,105944,60.296667106449604,0.02083333333333337,7.770833333333333,0,2,96
1104,105984,52.60499968379736,0.10416666666666663,6.96875,0,7,96
1105,105984,59.91666682064533,0.05208333333333337,6.458333333333333,0,6,96
1106,105984,57.13000010699034,0.04166666666666663,6.5,0,12,96
1107,105984,59.569999895989895,0.05208333333333337,6.6875,0,6,96
1108,106120,54.76499968022108,0.08333333333333337,6.84375,0,8,96
1109,106320,59.28666740655899,0.0,8.333333333333334,0,3,96
1110,106544,62.61333333700895,0.03125,6.229166666666667,0,8,96
1111,106712,60.944999910891056,0.02083333333333337,7.46875,0,3,96
1112,106752,53.33500026911497,0.09375,7.71875,0,3,96
1113,106752,53.31833330541849,0.07291666666666663,7.447916666666667,0,6,96
1114,106752,65.33833323419094,0.0,6.697916666666667,0,4,96
1115,106752,59.08833374083042,0.0,7.822916666666667,0,7,96
1116,106888,56.98333375155926,0.04166666666666663,8.041666666666666,0,3,96
1117,107088,64.49666650593281,0.0,7.083333333333333,0,3,96
1118,107312,60.34666671603918,0.0,7.958333333333333,0,5,96
1119,107480,58.483332961797714,0.04166666666666663,7.041666666666667,0,6,96
1120,107520,61.603332951664925,0.0,6.916666666666667,0,9,96
1121,107520,62.356667049229145,0.0,7.770833333333333,0,3,96
1122,107520,56.529999788850546,0.0,8.6875,0,5,96
1123,107520,63.51999968290329,0.02083333333333337,6.5625,0,4,96
1124,107656,63.91833308339119,0.0,6.947916666666667,0,4,96
1125,107856,62.35333291441202,0.0,7.354166666666667,0,4,96
1126,108080,59.66833320260048,0.01041666666666663,7.822916666666667,0,3,96
1127,108248,62.82833294197917,0.0,6.947916666666667,0,6,96
1128,108288,62.99333281815052,0.01041666666666663,6.791666666666667,0,5,96
1129,108288,58.776666805148125,0.0,7.770833333333333,0,7,96
1130,108288,54.843333408236504,0.08333333333333337,7.604166666666667,0,3,96
1131,108288,60.02166623622179,0.04166666666666663,7.177083333333333,0,3,96
1132,108424,58.200000524520874,0.04166666666666663,7.875,0,2,96
1133,108624,56.661666356027126,0.0625,7.177083333333333,0,5,96
1134,108848,56.183333583176136,0.04166666666666663,7.666666666666667,0,6,96
1135,109016,62.35333275049925,0.0,6.666666666666667,0,7,96
1136,109056,59.675000086426735,0.02083333333333337,7.46875,0,5,96
1137,109056,59.48833292722702,0.04166666666666663,7.072916666666667,0,3,96
1138,109056,58.10999998450279,0.0,8.0,0,7,96
1139,109056,64.19499990344048,0.0,6.65625,0,6,96
1140,109192,64.39500012248755,0.0,6.53125,0,6,96
1141,109392,56.34166653454304,0.05208333333333337,6.802083333333333,0,10,96
1142,109616,62.005000211298466,0.01041666666666663,6.71875,0,7,96
1143,109784,64.3433327972889,0.0,6.791666666666667,0,4,96
1144,109824,49.90000019967556,0.09375,7.4375,0,9,96
1145,109824,62.761666394770145,0.0,7.802083333333333,0,2,96
1146,109824,62.61166654527187,0.01041666666666663,7.364583333333333,0,3,96
1147,109824,59.869999788701534,0.03125,7.1875,0,5,96
1148,109960,58.74666718393564,0.01041666666666663,7.770833333333333,0,7,96
1149,110160,64.20999949797988,0.0,7.25,0,2,96
1150,110384,54.658333245664835,0.04166666666666663,8.010416666666666,0,6,96
1151,110552,57.84666696190834,0.04166666666666663,6.770833333333333,0,8,96
1152,110592,53.43666698411107,0.04166666666666663,8.333333333333334,0,7,96
1153,110592,66.12166605889797,0.0,6.552083333333333,0,4,96
1154,110592,58.83666753023863,0.0,8.458333333333334,0,3,96
1155,110592,58.58166638761759,0.01041666666666663,7.927083333333333,0,6,96
1156,110728,58.933333687484264,0.03125,6.979166666666667,0,7,96
1157,110928,59.85833315551281,0.0,8.072916666666666,0,5,96
1158,111152,64.37499997019768,0.0,6.46875,0,6,96
1159,111320,61.60333293676376,0.02083333333333337,7.166666666666667,0,4,96
1160,111360,54.908332854509354,0.11458333333333337,6.822916666666667,0,3,96
1161,111360,57.588333271443844,0.03125,7.635416666666667,0,6,96
1162,111360,63.52166607230902,0.0,6.802083333333333,0,6,96
1163,111360,58.90999983251095,0.04166666666666663,7.3125,0,4,96
1164,111496,55.96666754037142,0.04166666666666663,7.958333333333333,0,5,96
1165,111696,60.588333532214165,0.03125,7.010416666666667,0,4,96
1166,111920,59.56166600435972,0.02083333333333337,7.364583333333333,0,6,96
1167,112088,61.44333337247372,0.01041666666666663,7.479166666666667,0,5,96
1168,112128,62.888333067297935,0.0,6.947916666666667,0,6,96
1169,112128,58.01833284646273,0.04166666666666663,7.072916666666667,0,7,96
1170,112128,62.37166615575552,0.04166666666666663,6.552083333333333,0,4,96
1171,112128,61.36499997228384,0.02083333333333337,7.53125,0,2,96
1172,112264,55.8116665109992,0.04166666666666663,7.552083333333333,0,7,96
1173,112464,60.57000083476305,0.0,7.8125,0,6,96
1174,112688,59.693332739174366,0.05208333333333337,7.041666666666667,0,3,96
1175,112856,59.1516665071249,0.0625,6.927083333333333,0,3,96
1176,112896,62.86499959230423,0.0,6.84375,0,7,96
1177,112896,63.298333033919334,0.0,7.697916666666667,0,1,96
1178,112896,61.588333398103714,0.0,7.947916666666667,0,3,96
1179,112896,64.32499997317791,0.02083333333333337,6.21875,0,5,96
1180,113032,59.2066665738821,0.04166666666666663,6.833333333333333,0,7,96
1181,113232,54.300000458955765,0.07291666666666663,7.9375,0,3,96
1182,113456,61.10833337157965,0.04166666666666663,6.572916666666667,0,5,96
1183,113624,66.91666692495346,0.01041666666666663,6.270833333333333,0,2,96
1184,113664,60.83500004559755,0.01041666666666663,7.46875,0,5,96
1185,113664,55.52499978989363,0.125,6.65625,0,1,96
1186,113664,60.71666660904884,0.0,7.520833333333333,0,5,96
1187,113664,65.54833311587572,0.0,6.447916666666667,0,5,96
1188,113800,59.30166643112898,0.04166666666666663,6.364583333333333,0,10,96
1189,114000,60.3249991312623,0.05208333333333337,7.09375,0,3,96
1190,114224,59.58000010997057,0.02083333333333337,7.0,0,8,96
1191,114392,59.95333333313465,0.03125,6.729166666666667,0,7,96
1192,114432,58.22499976307154,0.04166666666666663,7.03125,0,8,96
1193,114432,63.1966680213809,0.0,7.895833333333333,0,1,96
1194,114432,59.76666697859764,0.03125,6.583333333333333,0,8,96
1195,114432,63.42166595906019,0.01041666666666663,7.364583333333333,0,2,96
1196,114568,62.9983334839344,0.01041666666666663,6.260416666666667,0,10,96
1197,114768,59.90333320945501,0.03125,7.104166666666667,0,5,96
1198,114992,60.99333331733942,0.03125,7.354166666666667,0,3,96
1199,115160,58.78166678547859,0.03125,7.739583333333333,0,3,96
1200,115200,59.816667430102825,0.0,8.333333333333334,0,4,96
1201,115200,60.53499986231327,0.02083333333333337,7.34375,0,4,96
1202,115200,62.71166653931141,0.03125,6.302083333333333,0,6,96
1203,115200,63.76833311468363,0.01041666666666663,6.760416666666667,0,4,96
1204,115336,61.286666952073574,0.02083333333333337,7.208333333333333,0,4,96
1205,115536,64.26333316415548,0.0,6.604166666666667,0,7,96
1206,115760,56.836666733026505,0.02083333333333337,7.520833333333333,0,9,96
1207,115928,61.44333324581385,0.0,6.791666666666667,0,11,96
1208,115968,64.18499942868948,0.0,7.34375,0,2,96
1209,115968,62.55666662752628,0.0,7.083333333333333,0,6,96
1210,115968,54.904999665915966,0.07291666666666663,6.71875,0,9,96
1211,115968,62.22333317250013,0.0,7.541666666666667,0,4,96
1212,116104,61.18833380192518,0.02083333333333337,7.635416666666667,0,3,96
1213,116304,58.958333779126406,0.0,8.072916666666666,0,7,96
1214,116528,56.65166652202606,0.05208333333333337,7.427083333333333,0,5,96
1215,116696,60.1166662722826,0.0,7.833333333333333,0,5,96
1216,116736,55.74166759848595,0.04166666666666663,8.114583333333334,0,4,96
1217,116736,62.24166565388441,0.02083333333333337,7.177083333333333,0,3,96
1218,116736,61.20333345234394,0.0,7.291666666666667,0,6,96
1219,116736,57.44666611403227,0.0625,6.833333333333333,0,6,96
1220,116872,61.15833352506161,0.01041666666666663,7.510416666666667,0,4,96
1221,117072,63.72499953210354,0.0,7.40625,0,3,96
1222,117296,65.61666663736105,0.01041666666666663,6.270833333333333,0,5,96
1223,117464,64.63999931514263,0.01041666666666663,6.75,0,3,96
1224,117504,58.98333301022649,0.04166666666666663,6.541666666666667,0,8,96
1225,117504,60.166665963828564,0.02083333333333337,7.333333333333333,0,5,96
1226,117504,60.16333354264498,0.02083333333333337,6.729166666666667,0,9,96
1227,117504,56.00500027835369,0.05208333333333337,7.46875,0,6,96
1228,117640,59.37333333864808,0.04166666666666663,6.604166666666667,0,7,96
1229,117840,62.08666664361954,0.0,7.208333333333333,0,4,96
1230,118064,56.849999248981476,0.08333333333333337,7.0,0,4,96
1231,118232,61.881666608154774,0.04166666666666663,6.552083333333333,0,5,96
1232,118272,62.34833335876465,0.02083333333333337,6.822916666666667,0,4,96
1233,118272,62.5783327370882,0.0,7.322916666666667,0,5,96
1234,118272,57.44999969005585,0.0625,7.0,0,6,96
1235,118272,58.193333096802235,0.04166666666666663,7.541666666666667,0,4,96
1236,118408,61.398333229124546,0.01041666666666663,7.447916666666667,0,5,96
1237,118608,62.43166607618332,0.03125,6.614583333333333,0,5,96
1238,118832,59.339999578893185,0.02083333333333337,7.375,0,6,96
1239,119000,60.928333073854446,0.02083333333333337,6.822916666666667,0,6,96
1240,119040,53.41999953985214,0.09375,7.4375,0,5,96
1241,119040,64.88666647672653,0.01041666666666663,6.270833333333333,0,6,96
1242,119040,56.61166723072529,0.0,8.364583333333334,0,6,96
1243,119040,61.82333365827799,0.01041666666666663,6.791666666666667,0,7,96
1244,119176,59.735000900924206,0.03125,7.65625,0,2,96
1245,119376,61.68833300471306,0.01041666666666663,7.197916666666667,0,6,96
1246,119600,62.885000452399254,0.01041666666666663,6.34375,0,8,96
1247,119768,58.77333292365074,0.03125,7.604166666666667,0,5,96
1248,119808,61.82833282649517,0.02083333333333337,6.947916666666667,0,4,96
1249,119808,61.26166643202305,0.04166666666666663,6.302083333333333,0,6,96
1250,119808,62.4883336648345,0.02083333333333337,7.385416666666667,0,2,96
1251,119808,56.88500079512596,0.04166666666666663,8.03125,0,3,96
1252,119944,57.971666522324085,0.05208333333333337,7.552083333333333,0,3,96
1253,120144,59.48999999463558,0.03125,7.625,0,3,96
1254,120368,59.78333376348019,0.01041666666666663,8.291666666666666,0,2,96
1255,120536,59.06499993056059,0.05208333333333337,7.21875,0,4,96
1256,120576,66.05333361029625,0.01041666666666663,6.104166666666667,0,6,96
1257,120576,64.46000008285046,0.0,6.125,0,8,96
1258,120576,56.41666638106108,0.0625,7.208333333333333,0,5,96
1259,120576,59.608333952724934,0.0,8.072916666666666,0,5,96
1260,120712,59.454999797046185,0.03125,6.90625,0,7,96
1261,120912,57.53833379596472,0.02083333333333337,8.197916666666666,0,4,96
1262,121136,60.998333021998405,0.04166666666666663,7.135416666666667,0,2,96
1263,121304,59.59666629135609,0.04166666666666663,7.520833333333333,0,2,96
1264,121344,58.03833348304033,0.04166666666666663,7.635416666666667,0,4,96
1265,121344,54.860000014305115,0.0625,7.6875,0,6,96
1266,121344,63.95833222568035,0.01041666666666663,6.947916666666667,0,5,96
1267,121344,54.31166636198759,0.11458333333333337,7.052083333333333,0,3,96
1268,121480,61.74000108242035,0.0,8.0,0,3,96
1269,121680,56.800000570714474,0.04166666666666663,7.9375,0,4,96
1270,121904,56.61166729032993,0.03125,7.864583333333333,0,6,96
1271,122072,62.8733331784606,0.01041666666666663,6.416666666666667,0,8,96
1272,122112,58.92000010609627,0.03125,6.9375,0,8,96
1273,122112,60.58833356946707,0.03125,7.635416666666667,0,2,96
1274,122112,56.378333151340485,0.05208333333333337,7.697916666666667,0,4,96
1275,122112,64.00999969989061,0.01041666666666663,6.3125,0,7,96
1276,122248,65.11333333700895,0.0,6.479166666666667,0,5,96
1277,122448,61.24000009521842,0.03125,6.125,0,9,96
1278,122672,56.07166666537523,0.02083333333333337,7.052083333333333,0,14,96
1279,122840,62.5616662055254,0.01041666666666663,7.364583333333333,0,3,96
1280,122880,58.20333345234394,0.04166666666666663,7.416666666666667,0,5,96
1281,122880,57.12333305925131,0.07291666666666663,6.604166666666667,0,7,96
1282,122880,64.82999989390373,0.02083333333333337,6.1875,0,5,96
1283,122880,58.62000009417534,0.08333333333333337,6.75,0,2,96
1284,123016,59.11499961465597,0.04166666666666663,7.09375,0,6,96
1285,123216,62.348333328962326,0.0,6.385416666666667,0,10,96
1286,123440,60.86166559159756,0.03125,7.427083333333333,0,3,96
1287,123608,60.72833248972893,0.04166666666666663,6.885416666666667,0,5,96
1288,123648,66.00000017881393,0.03125,5.9375,0,3,96
1289,123648,60.91833368688822,0.02083333333333337,7.572916666666667,0,3,96
1290,123648,68.00833363831043,0.01041666666666663,5.822916666666667,0,4,96
1291,123648,60.434999242424965,0.04166666666666663,7.40625,0,1,96
1292,123784,68.54499998688698,0.0,6.03125,0,5,96
1293,123984,61.224998995661736,0.05208333333333337,6.78125,0,3,96
1294,124208,59.63500041514635,0.03125,7.21875,0,6,96
1295,124376,58.493333138525486,0.07291666666666663,6.666666666666667,0,4,96
1296,124416,66.77499959617853,0.0,6.53125,0,3,96
1297,124416,61.200000144541264,0.02083333333333337,7.5625,0,3,96
1298,124416,59.59666707366705,0.0,7.895833333333333,0,5,96
1299,124416,49.13666734844446,0.13541666666666663,7.395833333333333,0,6,96
1300,124552,56.47500020638108,0.05208333333333337,7.90625,0,2,96
1301,124752,59.19833343476057,0.02083333333333337,7.572916666666667,0,4,96
1302,124976,63.56999892741442,0.02083333333333337,7.1875,0,2,96
1303,125144,57.971665769815445,0.09375,6.677083333333333,0,2,96
1304,125184,69.5133334249258,0.0,6.041666666666667,0,3,96
1305,125184,62.79999981075525,0.04166666666666663,6.3125,0,4,96
1306,125184,63.739999786019325,0.0,7.0,0,5,96
1307,125184,61.81666722893715,0.0,7.708333333333333,0,4,96
1308,125320,60.47166655957699,0.08333333333333337,6.177083333333333,0,3,96
1309,125520,61.68499940633774,0.02083333333333337,6.84375,0,5,96
1310,125744,51.30833260715008,0.14583333333333337,6.697916666666667,0,5,96
1311,125912,62.776666931807995,0.0,7.583333333333333,0,3,96
1312,125952,57.5550002604723,0.0625,6.09375,0,12,96
1313,125952,59.004999950528145,0.0625,6.40625,0,6,96
1314,125952,58.78166665136814,0.04166666666666663,7.552083333333333,0,3,96
1315,125952,59.728332474827766,0.07291666666666663,6.697916666666667,0,3,96
1316,126088,61.70833259820938,0.05208333333333337,6.697916666666667,0,2,96
1317,126288,61.80666670948267,0.0,7.333333333333333,0,6,96
1318,126512,62.823333233594894,0.04166666666666663,6.229166666666667,0,5,96
1319,126680,50.6966664865613,0.14583333333333337,7.270833333333333,0,2,96
1320,126720,57.90666665509343,0.02083333333333337,8.020833333333334,0,5,96
1321,126720,56.7700002938509,0.07291666666666663,7.5,0,2,96
1322,126720,57.48333363980055,0.04166666666666663,7.604166666666667,0,5,96
1323,126720,65.26499983668327,0.03125,6.21875,0,3,96
1324,126856,62.75499950349331,0.02083333333333337,6.59375,0,6,96
1325,127056,62.44166684895754,0.0,7.552083333333333,0,3,96
1326,127280,58.36833322793245,0.03125,7.510416666666667,0,5,96
1327,127448,49.72333310171962,0.10416666666666663,8.041666666666666,0,4,96
1328,127488,59.64333340525627,0.04166666666666663,6.666666666666667,0,7,96
1329,127488,60.501667000353336,0.0,7.802083333333333,0,4,96
1330,127488,61.5999995097518,0.02083333333333337,7.0625,0,5,96
1331,127488,62.58166667073965,0.0,7.552083333333333,0,4,96
1332,127624,63.92666698992252,0.01041666666666663,6.270833333333333,0,7,96
1333,127824,61.12000008672476,0.02083333333333337,6.875,0,5,96
1334,128048,56.70666662603617,0.0625,7.020833333333333,0,5,96
1335,128216,58.908333137631416,0.03125,7.635416666666667,0,4,96
1336,128256,54.85333336144686,0.04166666666666663,7.729166666666667,0,8,96
1337,128256,53.36499996483326,0.07291666666666663,6.96875,0,12,96
1338,128256,57.591666631400585,0.04166666666666663,7.489583333333333,0,6,96
1339,128256,62.20333342254162,0.02083333333333337,6.416666666666667,0,6,96
1340,128392,57.3649992197752,0.07291666666666663,6.84375,0,5,96
1341,128592,61.0450012460351,0.0,8.03125,0,3,96
1342,128816,61.43166749179363,0.01041666666666663,7.614583333333333,0,4,96
1343,128984,53.92499975860119,0.125,6.53125,0,5,96
1344,129024,63.38000003993511,0.0,6.375,0,9,96
1345,129024,62.31500003859401,0.0,6.59375,0,8,96
1346,129024,57.14166650921106,0.05208333333333337,7.552083333333333,0,5,96
1347,129024,66.4516670666635,0.0,5.927083333333333,0,7,96
1348,129160,62.68666687607765,0.0,7.645833333333333,0,3,96
1349,129360,62.13333347439766,0.0,6.479166666666667,0,11,96
1350,129584,57.68000040203333,0.03125,7.5625,0,6,96
1351,129752,57.08833284676075,0.02083333333333337,7.260416666666667,0,11,96
1352,129792,57.49999935925007,0.03125,7.6875,0,6,96
1353,129792,62.111666806042194,0.03125,6.739583333333333,0,4,96
1354,129792,61.87833282351494,0.02083333333333337,6.447916666666667,0,8,96
1355,129792,65.90000001341105,0.01041666666666663,6.3125,0,5,96
1356,129928,66.32666686177254,0.0,5.895833333333333,0,8,96
1357,130128,60.2833334133029,0.01041666666666663,7.291666666666667,0,7,96
1358,130352,59.6183325201273,0.0625,6.572916666666667,0,6,96
1359,130520,62.34499999135733,0.02083333333333337,6.40625,0,7,96
1360,130560,59.25333287194371,0.01041666666666663,7.416666666666667,0,8,96
1361,130560,57.61166601628065,0.0625,7.364583333333333,0,2,96
1362,130560,63.541666246950626,0.02083333333333337,6.739583333333333,0,3,96
1363,130560,65.04833351820707,0.01041666666666663,6.510416666666667,0,5,96
1364,130696,64.7016669139266,0.0,6.239583333333333,0,7,96
1365,130896,61.516666896641254,0.04166666666666663,6.083333333333333,0,6,96
1366,131120,64.89166688919067,0.0,6.177083333333333,0,8,96
1367,131288,59.62333321943879,0.04166666666666663,6.541666666666667,0,7,96
1368,131328,54.27500066161156,0.0625,7.96875,0,5,96
1369,131328,62.123333141207695,0.02083333333333337,7.479166666666667,0,2,96
1370,131328,61.14333349466324,0.01041666666666663,7.229166666666667,0,6,96
1371,131328,62.58500014990568,0.01041666666666663,7.28125,0,5,96
1372,131464,60.68333335965872,0.03125,6.541666666666667,0,9,96
1373,131664,61.366666592657566,0.0,7.833333333333333,0,3,96
1374,131888,53.761666253209114,0.09375,6.864583333333333,0,8,96
1375,132056,64.7233330719173,0.0,6.354166666666667,0,6,96
1376,132096,59.69833376258612,0.05208333333333337,5.947916666666667,0,9,96
1377,132096,63.115000046789646,0.01041666666666663,7.03125,0,4,96
1378,132096,58.9383335262537,0.03125,7.697916666666667,0,4,96
1379,132096,62.16166687756777,0.01041666666666663,7.802083333333333,0,2,96
1380,132232,64.02333357930183,0.01041666666666663,6.104166666666667,0,8,96
1381,132432,61.00500003248453,0.04166666666666663,6.03125,0,8,96
1382,132656,54.456666722893715,0.05208333333333337,7.395833333333333,0,10,96
1383,132824,60.204999662935734,0.02083333333333337,7.65625,0,4,96
1384,132864,60.231666170060635,0.01041666666666663,7.177083333333333,0,9,96
1385,132864,65.72333331406116,0.01041666666666663,6.166666666666667,0,6,96
1386,132864,64.8033335544169,0.02083333333333337,6.166666666666667,0,5,96
1387,132864,57.319999881088734,0.04166666666666663,7.625,0,4,96
1388,133000,65.2850003093481,0.01041666666666663,5.96875,0,8,96
1389,133200,63.316666059195995,0.01041666666666663,7.208333333333333,0,3,96
1390,133424,54.558332830667496,0.11458333333333337,6.822916666666667,0,4,96
1391,133592,65.16166681796312,0.01041666666666663,6.239583333333333,0,6,96
1392,133632,50.75833360012621,0.13541666666666663,6.197916666666667,0,9,96
1393,133632,53.26166669279337,0.08333333333333337,7.552083333333333,0,6,96
1394,133632,62.05000001192093,0.04166666666666663,6.5,0,4,96
1395,133632,62.14166605472565,0.03125,7.177083333333333,0,3,96
1396,133768,66.31833355128765,0.01041666666666663,5.947916666666667,0,6,96
1397,133968,66.82500047981739,0.04166666666666663,5.65625,0,3,96
1398,134192,58.32166689634323,0.05208333333333337,7.302083333333333,0,3,96
1399,134360,65.19166641682386,0.0,6.427083333333333,0,7,96
1400,134400,57.796666242182255,0.07291666666666663,7.020833333333333,0,4,96
1401,134400,67.56333342194557,0.01041666666666663,5.979166666666667,0,4,96
1402,134400,65.3683333992958,0.01041666666666663,6.197916666666667,0,7,96
1403,134400,59.98999996483326,0.05208333333333337,6.0,0,10,96
1404,134536,59.61000034958124,0.02083333333333337,7.375,0,6,96
1405,134736,56.166666716337204,0.08333333333333337,6.520833333333333,0,8,96
1406,134960,61.01499914377928,0.04166666666666663,7.21875,0,3,96
1407,135128,64.46833351254463,0.04166666666666663,5.947916666666667,0,5,96
1408,135168,66.44166674464941,0.0,6.364583333333333,0,4,96
1409,135168,62.036666080355644,0.02083333333333337,7.270833333333333,0,4,96
1410,135168,65.74833336472511,0.02083333333333337,6.197916666666667,0,3,96
1411,135168,64.92333332821727,0.01041666666666663,6.041666666666667,0,9,96
1412,135304,64.35833357274532,0.04166666666666663,5.822916666666667,0,6,96
1413,135504,64.36166663467884,0.02083333333333337,6.114583333333333,0,7,96
1414,135728,63.5249989926815,0.01041666666666663,7.40625,0,2,96
1415,135896,57.90666642040014,0.02083333333333337,7.583333333333333,0,8,96
1416,135936,63.068333968520164,0.01041666666666663,7.447916666666667,0,3,96
1417,135936,64.81166645884514,0.02083333333333337,6.489583333333333,0,3,96
1418,135936,62.07666663825512,0.08333333333333337,6.020833333333333,0,2,96
1419,135936,60.604999519884586,0.03125,7.34375,0,3,96
1420,136072,62.78833293169737,0.0,7.010416666666667,0,7,96
1421,136272,58.545000061392784,0.07291666666666663,6.71875,0,4,96
1422,136496,59.56166659295559,0.03125,6.364583333333333,0,11,96
1423,136664,66.16333362460136,0.04166666666666663,5.854166666666667,0,3,96
1424,136704,63.54666620492935,0.0,7.333333333333333,0,4,96
1425,136704,63.7683327421546,0.01041666666666663,7.385416666666667,0,2,96
1426,136704,65.88166619837284,0.02083333333333337,6.427083333333333,0,3,96
1427,136704,65.96000014990568,0.0,6.1875,0,7,96
1428,136840,58.81999923288822,0.0625,7.25,0,2,96
1429,137040,55.43166586756706,0.08333333333333337,6.864583333333333,0,7,96
1430,137264,60.20833356678486,0.05208333333333337,6.447916666666667,0,5,96
1431,137432,59.664999052882195,0.04166666666666663,7.09375,0,5,96
1432,137472,56.82666672766209,0.09375,6.395833333333333,0,6,96
1433,137472,63.99166693538427,0.03125,6.239583333333333,0,5,96
1434,137472,63.65499959886074,0.05208333333333337,6.34375,0,2,96
1435,137472,65.26666663587093,0.01041666666666663,6.208333333333333,0,6,96
1436,137608,63.43166683614254,0.05208333333333337,6.052083333333333,0,4,96
1437,137808,58.521666549146175,0.04166666666666663,7.427083333333333,0,4,96
1438,138032,57.91166600584984,0.07291666666666663,6.552083333333333,0,6,96
1439,138200,56.28999975323677,0.11458333333333337,6.375,0,4,96
1440,138240,65.02333277463913,0.01041666666666663,7.104166666666667,0,2,96
1441,138240,50.51333248615265,0.17708333333333337,6.541666666666667,0,2,96
1442,138240,66.3849998563528,0.0,6.40625,0,5,96
1443,138240,66.82833351194859,0.03125,5.822916666666667,0,3,96
1444,138376,61.36166626214981,0.03125,6.489583333333333,0,6,96
1445,138576,55.64000018686056,0.09375,6.4375,0,8,96
1446,138800,60.73499982059002,0.0625,6.40625,0,3,96
1447,138968,61.528332218527794,0.01041666666666663,7.135416666666667,0,7,96
1448,139008,60.84499968588352,0.03125,7.21875,0,4,96
1449,139008,61.664999417960644,0.03125,7.34375,0,2,96
1450,139008,60.11500035226345,0.03125,7.65625,0,2,96
1451,139008,61.26333311200142,0.04166666666666663,6.604166666666667,0,5,96
1452,139144,59.83833323046565,0.0625,6.197916666666667,0,7,96
1453,139344,63.68333347141743,0.03125,6.166666666666667,0,6,96
1454,139568,58.53833310306072,0.0625,6.885416666666667,0,5,96
1455,139736,55.34333323687315,0.08333333333333337,7.354166666666667,0,4,96
1456,139776,63.33666601032019,0.01041666666666663,6.833333333333333,0,6,96
1457,139776,61.73333282768726,0.03125,7.354166666666667,0,2,96
1458,139776,63.62666642665863,0.02083333333333337,6.645833333333333,0,4,96
1459,139776,55.618332885205746,0.0625,7.010416666666667,0,10,96
1460,139912,64.35999950766563,0.03125,6.4375,0,3,96
1461,140112,61.37000002712011,0.02083333333333337,7.5,0,3,96
1462,140336,59.763333439826965,0.0625,5.979166666666667,0,8,96
1463,140504,62.4316662363708,0.03125,6.364583333333333,0,6,96
1464,140544,60.77333214879036,0.05208333333333337,6.979166666666667,0,3,96
1465,140544,64.0216663852334,0.01041666666666663,6.427083333333333,0,6,96
1466,140544,61.2183338701725,0.03125,7.697916666666667,0,1,96
1467,140544,59.27166622132063,0.02083333333333337,7.614583333333333,0,6,96
1468,140680,64.11833329498768,0.04166666666666663,6.135416666666667,0,3,96
1469,140880,60.081666477024555,0.0625,6.552083333333333,0,4,96
1470,141104,60.14500044286251,0.02083333333333337,7.65625,0,4,96
1471,141272,60.9949998781085,0.01041666666666663,7.09375,0,6,96
1472,141312,57.7099996432662,0.08333333333333337,7.1875,0,2,96
1473,141312,51.561666041612625,0.13541666666666663,7.177083333333333,0,3,96
1474,141312,63.476666659116745,0.04166666666666663,6.145833333333333,0,6,96
1475,141312,63.86999982595444,0.0,6.4375,0,9,96
1476,141448,63.12166680395603,0.05208333333333337,5.989583333333333,0,5,96
1477,141648,59.14999967068434,0.05208333333333337,7.4375,0,2,96
1478,141872,62.16666704416275,0.01041666666666663,7.208333333333333,0,5,96
1479,142040,58.91499897837639,0.07291666666666663,6.90625,0,3,96
1480,142080,65.71000098437071,0.0625,5.625,0,2,96
1481,142080,64.2316666841507,0.02083333333333337,6.052083333333333,0,9,96
1482,142080,56.90333365648985,0.01041666666666663,8.416666666666666,0,5,96
1483,142080,63.775000005960464,0.05208333333333337,6.15625,0,3,96
1484,142216,62.735000029206276,0.05208333333333337,6.15625,0,4,96
1485,142416,69.5450000911951,0.0,5.96875,0,3,96
1486,142640,56.86499956995249,0.09375,6.78125,0,4,96
1487,142808,69.38833360373974,0.01041666666666663,5.885416666666667,0,2,96
1488,142848,62.065000392496586,0.0,7.71875,0,3,96
1489,142848,65.68999952822924,0.0,6.625,0,4,96
1490,142848,48.71666559576988,0.17708333333333337,7.020833333333333,0,3,96
1491,142848,62.58166631311178,0.02083333333333337,7.364583333333333,0,2,96
1492,142984,58.56333290040493,0.10416666666666663,6.541666666666667,0,1,96
1493,143184,64.98499985039234,0.02083333333333337,6.28125,0,5,96
1494,143408,67.27999959141016,0.0,6.5,0,3,96
1495,143576,60.63666673004627,0.07291666666666663,6.208333333333333,0,4,96
1496,143616,64.51333261281252,0.02083333333333337,6.729166666666667,0,3,96
1497,143616,59.91166654229164,0.0625,6.302083333333333,0,6,96
1498,143616,64.77999939769506,0.0,7.3125,0,2,96
1499,143616,65.52833344042301,0.04166666666666663,6.010416666666667,0,3,96
1500,143752,62.10333405435085,0.0,7.791666666666667,0,3,96
1501,143952,59.311667032539845,0.03125,7.739583333333333,0,3,96
1502,144176,66.62499976158142,0.0,6.28125,0,4,96
1503,144344,69.46666714549065,0.01041666666666663,5.770833333333333,0,3,96
1504,144384,55.60500006377697,0.07291666666666663,7.65625,0,3,96
1505,144384,66.06833326071501,0.0,6.260416666666667,0,6,96
1506,144384,55.17499990016222,0.08333333333333337,7.21875,0,5,96
1507,144384,64.34000012278557,0.05208333333333337,6.125,0,2,96
1508,144520,67.26333376765251,0.02083333333333337,5.729166666666667,0,6,96
1509,144720,68.26333329081535,0.0,6.166666666666667,0,4,96
1510,144944,62.36499906331301,0.02083333333333337,7.28125,0,2,96
1511,145112,52.96000004559755,0.125,7.1875,0,3,96
1512,145152,69.15666681528091,0.0,6.145833333333333,0,3,96
1513,145152,57.26666601002216,0.05208333333333337,6.833333333333333,0,9,96
1514,145152,64.60666564851999,0.01041666666666663,7.208333333333333,0,2,96
1515,145152,62.0599996894598,0.01041666666666663,7.5,0,3,96
1516,145288,67.30000008642673,0.0,6.125,0,5,96
1517,145488,61.63333252817392,0.03125,6.979166666666667,0,4,96
1518,145712,59.11333245038986,0.0625,7.041666666666667,0,3,96
1519,145880,63.619999065995216,0.02083333333333337,6.9375,0,4,96
1520,145920,64.33166702091694,0.05208333333333337,5.927083333333333,0,4,96
1521,145920,63.198333241045475,0.04166666666666663,6.322916666666667,0,4,96
1522,145920,61.41333269327879,0.03125,7.291666666666667,0,3,96
1523,145920,61.33333298563957,0.03125,7.229166666666667,0,4,96
1524,146056,61.42666593194008,0.02083333333333337,7.145833333333333,0,4,96
1525,146256,59.853333443403244,0.02083333333333337,7.541666666666667,0,5,96
1526,146480,63.24666626751423,0.04166666666666663,6.395833333333333,0,4,96
1527,146648,63.38166604191065,0.01041666666666663,6.739583333333333,0,6,96
1528,146688,63.11999933421612,0.01041666666666663,7.25,0,4,96
1529,146688,61.53833197057247,0.0625,6.885416666666667,0,1,96
1530,146688,65.36833338439465,0.01041666666666663,6.447916666666667,0,5,96
1531,146688,61.336666613817215,0.0,7.833333333333333,0,3,96
1532,146824,61.9283334761858,0.04166666666666663,6.447916666666667,0,6,96
1533,147024,61.80833242088556,0.03125,7.197916666666667,0,3,96
1534,147248,60.06999968737364,0.05208333333333337,6.75,0,4,96
1535,147416,53.41500022262335,0.11458333333333337,7.34375,0,2,96
1536,147456,59.40333306789398,0.07291666666666663,6.541666666666667,0,4,96
1537,147456,64.16333279758692,0.0,7.416666666666667,0,3,96
1538,147456,58.8583330065012,0.0625,6.572916666666667,0,7,96
1539,147456,58.77000047266483,0.0625,7.3125,0,2,96
1540,147592,56.74666653573513,0.0625,6.833333333333333,0,8,96
1541,147792,63.49499935656786,0.01041666666666663,6.90625,0,5,96
1542,148016,58.583333536982536,0.0625,5.979166666666667,0,11,96
1543,148184,65.02499890327454,0.0,6.96875,0,2,96
1544,148224,61.453332990407944,0.02083333333333337,6.854166666666667,0,6,96
1545,148224,68.25333352386951,0.0,5.916666666666667,0,6,96
1546,148224,59.10500018298626,0.01041666666666663,7.71875,0,6,96
1547,148224,60.5183334723115,0.01041666666666663,7.635416666666667,0,5,96
1548,148360,59.82166684418917,0.02083333333333337,7.802083333333333,0,4,96
1549,148560,58.32666677236557,0.04166666666666663,7.333333333333333,0,5,96
1550,148784,63.769999884068966,0.01041666666666663,7.0625,0,3,96
1551,148952,59.536666333675385,0.02083333333333337,7.395833333333333,0,4,96
1552,148992,62.71666633337736,0.01041666666666663,7.395833333333333,0,3,96
1553,148992,56.90666650235653,0.09375,6.708333333333333,0,4,96
1554,148992,55.851667277514935,0.02083333333333337,8.239583333333334,0,6,96
1555,148992,59.95499970018864,0.03125,7.59375,0,2,96
1556,149128,61.033332854509354,0.01041666666666663,7.291666666666667,0,5,96
1557,149328,55.258333183825016,0.08333333333333337,6.885416666666667,0,5,96
1558,149552,65.37000027298927,0.04166666666666663,5.875,0,4,96
1559,149720,60.19999983906746,0.02083333333333337,7.0,0,7,96
1560,149760,59.39499969780445,0.04166666666666663,7.28125,0,4,96
1561,149760,57.86833281815052,0.0625,7.197916666666667,0,3,96
1562,149760,57.82499968260527,0.05208333333333337,7.15625,0,6,96
1563,149760,61.08666604012251,0.03125,6.958333333333333,0,6,96
1564,149896,63.114999406039715,0.02083333333333337,7.15625,0,2,96
1565,150096,61.24333333224058,0.02083333333333337,7.541666666666667,0,3,96
1566,150320,67.57500044628978,0.0,5.90625,0,5,96
1567,150488,57.57333317399025,0.08333333333333337,6.229166666666667,0,7,96
1568,150528,61.01833313703537,0.05208333333333337,6.260416666666667,0,8,96
1569,150528,57.08833318948746,0.0625,6.635416666666667,0,8,96
1570,150528,60.60999944806099,0.04166666666666663,6.6875,0,6,96
1571,150528,60.9916672706604,0.0,7.802083333333333,0,5,96
1572,150664,62.411666717380285,0.04166666666666663,6.114583333333333,0,6,96
1573,150864,66.31833328306675,0.01041666666666663,6.260416666666667,0,4,96
1574,151088,60.751666471362114,0.03125,6.989583333333333,0,4,96
1575,151256,52.73833330720663,0.0625,7.822916666666667,0,7,96
1576,151296,63.94333354756236,0.02083333333333337,6.104166666666667,0,6,96
1577,151296,63.429998971521854,0.01041666666666663,7.125,0,3,96
1578,151296,56.19166677445173,0.03125,7.739583333333333,0,7,96
1579,151296,65.42500008642673,0.01041666666666663,6.21875,0,6,96
1580,151432,59.92999962717295,0.04166666666666663,7.0,0,4,96
1581,151632,65.98999968916178,0.0,6.6875,0,4,96
1582,151856,59.42166655510664,0.03125,7.427083333333333,0,4,96
1583,152024,56.714999713003635,0.08333333333333337,6.71875,0,6,96
1584,152064,66.4066668599844,0.03125,6.020833333333333,0,3,96
1585,152064,60.31499960273504,0.0625,6.59375,0,4,96
1586,152064,62.268333092331886,0.04166666666666663,6.385416666666667,0,5,96
1587,152064,57.23833308368921,0.08333333333333337,6.760416666666667,0,4,96
1588,152200,60.41666629910469,0.03125,7.145833333333333,0,5,96
1589,152400,65.55666519701481,0.02083333333333337,6.895833333333333,0,1,96
1590,152624,63.40499995648861,0.02083333333333337,6.78125,0,4,96
1591,152792,62.938333075493574,0.04166666666666663,6.260416666666667,0,5,96
1592,152832,62.35666732490063,0.01041666666666663,7.583333333333333,0,2,96
1593,152832,56.01166620850563,0.09375,7.114583333333333,0,2,96
1594,152832,62.74500021338463,0.02083333333333337,6.90625,0,3,96
1595,152832,60.459999687969685,0.0,7.625,0,7,96
1596,152968,61.82999976724386,0.02083333333333337,7.3125,0,4,96
1597,153168,62.7300001680851,0.04166666666666663,6.1875,0,5,96
1598,153392,61.14000007510185,0.01041666666666663,7.75,0,3,96
1599,153560,67.69666667282581,0.0,6.208333333333333,0,3,96
1600,153600,65.42999997735023,0.01041666666666663,6.25,0,6,96
1601,153600,61.013331919908524,0.04166666666666663,7.041666666666667,0,3,96
1602,153600,57.8233330771327,0.07291666666666663,6.916666666666667,0,4,96
1603,153600,61.92500027269125,0.0,7.59375,0,4,96
1604,153736,61.59499914944172,0.03125,7.15625,0,3,96
1605,153936,50.04666665196419,0.125,7.395833333333333,0,5,96
1606,154160,61.9366664364934,0.01041666666666663,7.020833333333333,0,6,96
1607,154328,63.53666652739048,0.0,7.395833333333333,0,3,96
1608,154368,68.10833337903023,0.0,6.135416666666667,0,4,96
1609,154368,59.38666716963053,0.05208333333333337,7.208333333333333,0,3,96
1610,154368,68.73166644573212,0.0,6.302083333333333,0,2,96
1611,154368,60.44999971240759,0.04166666666666663,7.3125,0,3,96
1612,154504,59.641666397452354,0.03125,7.114583333333333,0,5,96
1613,154704,64.36500001698732,0.03125,6.65625,0,2,96
1614,154928,62.68999945372343,0.02083333333333337,7.1875,0,3,96
1615,155096,69.48833334445953,0.0,6.135416666666667,0,2,96
1616,155136,61.93000077456236,0.0,7.9375,0,3,96
1617,155136,66.30499969422817,0.0,6.46875,0,4,96
1618,155136,62.69333342462778,0.0625,6.166666666666667,0,3,96
1619,155136,62.043333135545254,0.03125,7.166666666666667,0,3,96
1620,155272,62.74666640162468,0.01041666666666663,7.395833333333333,0,3,96
1621,155472,59.346666030585766,0.04166666666666663,7.395833333333333,0,3,96
1622,155696,58.81666602194309,0.08333333333333337,6.833333333333333,0,2,96
1623,155864,61.94499971717596,0.02083333333333337,7.28125,0,3,96
1624,155904,59.91999963670969,0.0625,6.6875,0,4,96
1625,155904,62.48833276331425,0.04166666666666663,6.822916666666667,0,2,96
1626,155904,68.1000000089407,0.0,6.1875,0,3,96
1627,155904,62.83166524767876,0.03125,7.052083333333333,0,3,96
1628,156040,58.06666557490826,0.07291666666666663,7.020833333333333,0,3,96
1629,156240,55.40666652470827,0.11458333333333337,6.395833333333333,0,4,96
1630,156464,62.41833434998989,0.0,7.947916666666667,0,2,96
1631,156632,56.078334003686905,0.08333333333333337,7.447916666666667,0,2,96
1632,156672,60.00666672736406,0.09375,6.083333333333333,0,3,96
1633,156672,53.77166649699211,0.15625,6.177083333333333,0,3,96
1634,156672,59.034999556839466,0.05208333333333337,7.21875,0,4,96
1635,156672,59.82666537165642,0.0625,6.958333333333333,0,2,96
1636,156808,62.4016657397151,0.03125,6.989583333333333,0,3,96
1637,157008,58.83499946445227,0.07291666666666663,7.15625,0,2,96
1638,157232,63.16166576743126,0.02083333333333337,7.302083333333333,0,2,96
1639,157400,58.12999986857176,0.0625,7.625,0,1,96
1640,157440,63.57166704535484,0.0625,6.239583333333333,0,1,96
1641,157440,56.55666708946228,0.07291666666666663,7.208333333333333,0,4,96
1642,157440,63.428332686424255,0.01041666666666663,6.822916666666667,0,4,96
1643,157440,67.35333341360092,0.0,6.229166666666667,0,4,96
1644,157576,60.95499914139509,0.01041666666666663,7.59375,0,3,96
1645,157776,61.85833179950714,0.05208333333333337,7.010416666666667,0,1,96
1646,158000,65.66666513681412,0.02083333333333337,6.895833333333333,0,1,96
1647,158168,65.61833364889026,0.03125,5.947916666666667,0,4,96
1648,158208,60.67333324253559,0.07291666666666663,6.229166666666667,0,3,96
1649,158208,66.44666583836079,0.0,6.895833333333333,0,2,96
1650,158208,62.96833315491676,0.02083333333333337,7.322916666666667,0,1,96
1651,158208,59.28666592389345,0.04166666666666663,6.958333333333333,0,6,96
1652,158344,58.30333237349987,0.07291666666666663,6.854166666666667,0,3,96
1653,158544,50.29833333194256,0.17708333333333337,6.072916666666667,0,6,96
1654,158768,55.56666649878025,0.13541666666666663,6.458333333333333,0,2,96
1655,158936,60.266666546463966,0.04166666666666663,7.520833333333333,0,2,96
1656,158976,66.35000006854534,0.03125,6.125,0,2,96
1657,158976,58.6566658988595,0.08333333333333337,6.770833333333333,0,3,96
1658,158976,56.74500001221895,0.10416666666666663,6.28125,0,6,96
1659,158976,58.8616663441062,0.0625,7.239583333333333,0,2,96
1660,159112,68.78166730701923,0.03125,5.739583333333333,0,1,96
1661,159312,59.48333292454481,0.02083333333333337,7.479166666666667,0,6,96
1662,159536,62.349999494850636,0.02083333333333337,6.5625,0,8,96
1663,159704,62.368333503603935,0.05208333333333337,6.135416666666667,0,5,96
1664,159744,65.05166604742408,0.01041666666666663,6.614583333333333,0,4,96
1665,159744,61.73500093072653,0.01041666666666663,7.96875,0,1,96
1666,159744,60.354999378323555,0.0625,6.84375,0,2,96
1667,159744,66.71999922394753,0.01041666666666663,6.625,0,1,96
1668,159880,61.893333457410336,0.0,7.979166666666667,0,2,96
1669,160080,62.22333300858736,0.01041666666666663,7.541666666666667,0,3,96
1670,160304,60.90333291888237,0.0625,6.291666666666667,0,5,96
1671,160472,63.17666570842266,0.02083333333333337,6.958333333333333,0,4,96
1672,160512,57.75666655600071,0.09375,6.520833333333333,0,4,96
1673,160512,57.70333309471607,0.04166666666666663,7.541666666666667,0,5,96
1674,160512,65.8466665148735,0.01041666666666663,6.208333333333333,0,5,96
1675,160512,62.42499881237745,0.03125,7.09375,0,3,96
1676,160648,60.265000499784946,0.02083333333333337,7.71875,0,2,96
1677,160848,58.74833249300718,0.08333333333333337,6.885416666666667,0,2,96
1678,161072,65.76333333551884,0.0,6.354166666666667,0,5,96
1679,161240,63.3533329218626,0.0,7.354166666666667,0,3,96
1680,161280,63.43833313137293,0.0,7.072916666666667,0,5,96
1681,161280,57.8933330103755,0.07291666666666663,6.979166666666667,0,4,96
1682,161280,51.419999957084656,0.10416666666666663,7.4375,0,6,96
1683,161280,62.48833230137825,0.03125,7.072916666666667,0,3,96
1684,161416,64.01999983936548,0.0,6.6875,0,5,96
1685,161616,58.0283330604434,0.0625,7.010416666666667,0,5,96
1686,161840,59.60000052303076,0.03125,7.625,0,4,96
1687,162008,62.13999953866005,0.02083333333333337,7.1875,0,3,96
1688,162048,61.97499907016754,0.02083333333333337,7.09375,0,5,96
1689,162048,63.493332862854004,0.0,7.416666666666667,0,3,96
1690,162048,68.12500011920929,0.0,6.09375,0,4,96
1691,162048,61.47500006482005,0.04166666666666663,6.03125,0,8,96
1692,162184,62.473333679139614,0.0,7.666666666666667,0,3,96
1693,162384,60.65166712552309,0.0,7.739583333333333,0,5,96
1694,162608,50.973333582282066,0.08333333333333337,7.729166666666667,0,8,96
1695,162776,60.01999972760677,0.04166666666666663,6.875,0,5,96
1696,162816,61.94166651368141,0.05208333333333337,6.239583333333333,0,4,96
1697,162816,61.570000275969505,0.02083333333333337,7.6875,0,2,96
1698,162816,50.55833300203085,0.11458333333333337,7.260416666666667,0,7,96
1699,162816,60.06833305954933,0.05208333333333337,6.447916666666667,0,6,96
1700,162952,64.45833296701312,0.01041666666666663,6.510416666666667,0,4,96
1701,163152,66.16833265125751,0.0,6.697916666666667,0,3,96
1702,163376,62.50333386659622,0.01041666666666663,7.791666666666667,0,1,96
1703,163544,61.493332736194134,0.03125,7.354166666666667,0,2,96
1704,163584,62.7099994122982,0.03125,7.1875,0,2,96
1705,163584,60.431665778160095,0.04166666666666663,6.927083333333333,0,4,96
1706,163584,65.54666647315025,0.01041666666666663,6.333333333333333,0,4,96
1707,163584,69.31000004708767,0.0,6.125,0,3,96
1708,163720,69.82333347201347,0.0,6.166666666666667,0,1,96
1709,163920,62.536666136235,0.0,6.583333333333333,0,9,96
1710,164144,64.72333312034607,0.0,6.416666666666667,0,7,96
1711,164312,55.15500031411648,0.05208333333333337,8.21875,0,3,96
1712,164352,66.61333331465721,0.02083333333333337,6.104166666666667,0,3,96
1713,164352,65.92500028014183,0.02083333333333337,6.03125,0,4,96
1714,164352,61.05000080168247,0.09375,5.75,0,3,96
1715,164352,61.34166669100523,0.03125,7.239583333333333,0,3,96
1716,164488,66.15166594088078,0.0,6.739583333333333,0,3,96
1717,164688,59.68833318352699,0.04166666666666663,6.697916666666667,0,6,96
1718,164912,55.58333281427622,0.08333333333333337,7.166666666666667,0,5,96
1719,165080,66.78500011563301,0.01041666666666663,5.96875,0,6,96
1720,165120,65.92499929666519,0.01041666666666663,6.65625,0,2,96
1721,165120,59.46666648238897,0.02083333333333337,7.520833333333333,0,6,96
1722,165120,64.30999946594238,0.04166666666666663,6.5,0,1,96
1723,165120,57.668332666158676,0.03125,6.822916666666667,0,12,96
1724,165256,63.9383329898119,0.01041666666666663,6.572916666666667,0,6,96
1725,165456,61.07333280146122,0.02083333333333337,7.354166666666667,0,3,96
1726,165680,63.234999030828476,0.01041666666666663,6.96875,0,4,96
1727,165848,59.21999894827604,0.0625,7.1875,0,2,96
1728,165888,58.46333346515894,0.03125,7.729166666666667,0,3,96
1729,165888,62.51500102132559,0.0,7.96875,0,2,96
1730,165888,65.52999985218048,0.03125,6.1875,0,3,96
1731,165888,63.40333266556263,0.02083333333333337,6.791666666666667,0,4,96
1732,166024,62.724999994039536,0.02083333333333337,7.15625,0,4,96
1733,166224,67.95999981462955,0.0,6.3125,0,2,96
1734,166448,65.77166675031185,0.01041666666666663,6.239583333333333,0,4,96
1735,166616,63.728333711624146,0.05208333333333337,5.822916666666667,0,5,96
1736,166656,60.101665548980236,0.05208333333333337,7.114583333333333,0,3,96
1737,166656,63.92166632413864,0.02083333333333337,6.427083333333333,0,6,96
1738,166656,62.11333277076483,0.03125,6.729166666666667,0,4,96
1739,166656,56.379999466240406,0.08333333333333337,7.25,0,3,96
1740,166792,57.82499988377094,0.07291666666666663,6.65625,0,6,96
1741,166992,66.38666644692421,0.0,6.395833333333333,0,4,96
1742,167216,61.753333106637,0.02083333333333337,7.291666666666667,0,3,96
1743,167384,64.16999930143356,0.0,7.3125,0,4,96
1744,167424,67.11166708171368,0.01041666666666663,5.927083333333333,0,6,96
1745,167424,53.64500001817942,0.07291666666666663,7.46875,0,7,96
1746,167424,63.12500001490116,0.04166666666666663,6.15625,0,5,96
1747,167424,59.53666606545448,0.05208333333333337,6.833333333333333,0,5,96
1748,167560,56.62500010430813,0.05208333333333337,7.46875,0,6,96
1749,167760,57.81833332404494,0.0625,6.510416666666667,0,7,96
1750,167984,62.434999153018,0.02083333333333337,7.15625,0,4,96
1751,168152,54.124999701976776,0.10416666666666663,7.09375,0,3,96
1752,168192,52.50666633248329,0.11458333333333337,6.458333333333333,0,9,96
1753,168192,63.77999950945377,0.01041666666666663,6.5625,0,6,96
1754,168192,63.3400000333786,0.01041666666666663,7.5,0,1,96
1755,168192,60.63666635751724,0.03125,6.645833333333333,0,7,96
1756,168328,59.950000628829,0.0,7.8125,0,7,96
1757,168528,62.009999550879,0.01041666666666663,7.3125,0,5,96
1758,168752,59.24999988079071,0.07291666666666663,6.3125,0,6,96
1759,168920,62.42333307862282,0.05208333333333337,6.354166666666667,0,4,96
1760,168960,66.013332888484,0.0,6.416666666666667,0,5,96
1761,168960,64.29999884963036,0.01041666666666663,7.1875,0,2,96
1762,168960,59.478333696722984,0.03125,7.697916666666667,0,3,96
1763,168960,56.9583333581686,0.03125,7.760416666666667,0,7,96
1764,169096,57.17000040411949,0.02083333333333337,7.5625,0,8,96
1765,169296,54.956666588783264,0.07291666666666663,7.395833333333333,0,6,96
1766,169520,63.294999435544014,0.0,7.34375,0,5,96
1767,169688,62.90333219617605,0.02083333333333337,7.166666666666667,0,3,96
1768,169728,62.266667656600475,0.0,8.020833333333334,0,1,96
1769,169728,62.39166632294655,0.05208333333333337,6.302083333333333,0,4,96
1770,169728,60.856666930019855,0.0,7.708333333333333,0,5,96
1771,169728,61.39166717231274,0.01041666666666663,7.864583333333333,0,2,96
1772,169864,59.15500046312809,0.02083333333333337,7.65625,0,6,96
1773,170064,61.9649995341897,0.05208333333333337,6.59375,0,2,96
1774,170288,58.99833381921053,0.05208333333333337,7.385416666666667,0,3,96
1775,170456,62.778333246707916,0.0,7.322916666666667,0,5,96
1776,170496,64.17333272844553,0.0,7.291666666666667,0,3,96
1777,170496,57.616665825247765,0.08333333333333337,6.708333333333333,0,5,96
1778,170496,65.73666626214981,0.02083333333333337,6.520833333333333,0,2,96
1779,170496,66.86499997973442,0.0,6.53125,0,2,96
1780,170632,59.71499964594841,0.04166666666666663,7.34375,0,4,96
1781,170832,60.48333369195461,0.09375,6.104166666666667,0,1,96
1782,171056,59.63499964028597,0.07291666666666663,6.53125,0,3,96
1783,171224,66.28499955683947,0.0,6.59375,0,3,96
1784,171264,66.4450000077486,0.01041666666666663,6.15625,0,5,96
1785,171264,56.72166641801596,0.0625,7.552083333333333,0,3,96
1786,171264,64.72833333909512,0.03125,6.322916666666667,0,4,96
1787,171264,64.1299999654293,0.03125,6.3125,0,4,96
1788,171400,66.64166636765003,0.0,6.677083333333333,0,2,96
1789,171600,63.813332572579384,0.02083333333333337,6.979166666666667,0,2,96
1790,171824,54.919999822974205,0.125,6.5625,0,3,96
1791,171992,57.67166609317064,0.07291666666666663,7.239583333333333,0,3,96
1792,172032,68.96500011906028,0.0,6.09375,0,3,96
1793,172032,67.17833307385445,0.0,6.385416666666667,0,3,96
1794,172032,62.791665360331535,0.03125,6.927083333333333,0,2,96
1795,172032,59.098333194851875,0.04166666666666663,7.072916666666667,0,5,96
1796,172168,61.15666676312685,0.02083333333333337,7.583333333333333,0,3,96
1797,172368,62.986665926873684,0.01041666666666663,6.833333333333333,0,5,96
1798,172592,58.924999840557575,0.04166666666666663,7.34375,0,4,96
1799,172760,61.489999771118164,0.03125,7.375,0,3,96
1800,172800,58.45999962836504,0.04166666666666663,7.625,0,3,96
1801,172800,63.43166561424732,0.02083333333333337,6.739583333333333,0,5,96
1802,172800,61.36166608333588,0.04166666666666663,6.552083333333333,0,6,96
1803,172800,58.90833266824484,0.05208333333333337,7.260416666666667,0,4,96
1804,172936,63.07333195209503,0.03125,6.979166666666667,0,2,96
1805,173136,66.99166569113731,0.01041666666666663,6.552083333333333,0,2,96
1806,173360,65.17333313822746,0.0,6.354166666666667,0,6,96
1807,173528,63.45166573673487,0.01041666666666663,6.989583333333333,0,4,96
1808,173568,62.18499889969826,0.04166666666666663,7.03125,0,2,96
1809,173568,55.17666657269001,0.05208333333333337,7.645833333333333,0,7,96
1810,173568,58.523333333432674,0.05208333333333337,7.416666666666667,0,2,96
1811,173568,62.22833327949047,0.0,7.697916666666667,0,4,96
1812,173704,64.99999995529652,0.04166666666666663,6.25,0,2,96
1813,173904,57.9916662350297,0.0625,6.864583333333333,0,5,96
1814,174128,56.813331961631775,0.10416666666666663,7.041666666666667,0,1,96
1815,174296,62.19666551053524,0.04166666666666663,6.958333333333333,0,2,96
1816,174336,64.76166498661041,0.02083333333333337,6.989583333333333,0,2,96
1817,174336,60.47833342850208,0.04166666666666663,7.197916666666667,0,3,96
1818,174336,63.2133327126503,0.03125,6.479166666666667,0,5,96
1819,174336,68.0900001078844,0.01041666666666663,6.1875,0,2,96
1820,174472,63.00166639685631,0.02083333333333337,7.364583333333333,0,1,96
1821,174672,62.231665924191475,0.02083333333333337,6.739583333333333,0,6,96
1822,174896,68.05833360552788,0.02083333333333337,5.947916666666667,0,2,96
1823,175064,61.798334531486034,0.0,7.947916666666667,0,3,96
1824,175104,60.75499950349331,0.07291666666666663,6.46875,0,2,96
1825,175104,65.64166606962681,0.01041666666666663,6.614583333333333,0,4,96
1826,175104,64.21166549623013,0.01041666666666663,6.989583333333333,0,3,96
1827,175104,69.41666677594185,0.0,6.020833333333333,0,4,96
1828,175240,66.61000004410744,0.01041666666666663,6.125,0,3,96
1829,175440,62.359999127686024,0.01041666666666663,7.0625,0,4,96
1830,175664,68.15333344042301,0.0,6.041666666666667,0,5,96
1831,175832,67.67499949038029,0.0,6.53125,0,1,96
1832,175872,63.94666563719511,0.01041666666666663,7.270833333333333,0,2,96
1833,175872,69.96500013768673,0.0,6.09375,0,2,96
1834,175872,60.790000177919865,0.02083333333333337,7.3125,0,5,96
1835,175872,54.44500000029802,0.125,6.40625,0,5,96
1836,176008,52.85499954223633,0.10416666666666663,7.09375,0,6,96
1837,176208,62.85499891638756,0.01041666666666663,7.09375,0,5,96
1838,176432,62.22999881207943,0.03125,7.0,0,3,96
1839,176600,66.0600002259016,0.01041666666666663,6.125,0,6,96
1840,176640,60.14166755974293,0.02083333333333337,7.739583333333333,0,2,96
1841,176640,62.76333346962929,0.03125,6.291666666666667,0,7,96
1842,176640,60.90166623145342,0.04166666666666663,6.989583333333333,0,4,96
1843,176640,64.68333327770233,0.02083333333333337,6.291666666666667,0,4,96
1844,176776,59.671665988862514,0.03125,7.302083333333333,0,6,96
1845,176976,60.47499926388264,0.05208333333333337,6.59375,0,5,96
1846,177200,62.904998794198036,0.03125,6.84375,0,4,96
1847,177368,63.65499885380268,0.01041666666666663,7.03125,0,4,96
1848,177408,61.6833338662982,0.01041666666666663,7.791666666666667,0,2,96
1849,177408,55.42000035941601,0.10416666666666663,6.25,0,6,96
1850,177408,63.671666249632835,0.04166666666666663,6.552083333333333,0,2,96
1851,177408,66.27666656672955,0.0,6.395833333333333,0,4,96
1852,177544,59.709998950362206,0.0625,6.8125,0,4,96
1853,177744,65.7266665250063,0.03125,6.145833333333333,0,3,96
1854,177968,61.01833237707615,0.03125,7.010416666666667,0,5,96
1855,178136,59.966666243970394,0.04166666666666663,7.395833333333333,0,3,96
1856,178176,66.15666641294956,0.01041666666666663,6.333333333333333,0,4,96
1857,178176,62.16999954730272,0.01041666666666663,7.4375,0,4,96
1858,178176,60.82999945431948,0.0625,6.5625,0,4,96
1859,178176,70.83500054478645,0.0,5.71875,0,3,96
1860,178312,61.22166622430086,0.01041666666666663,7.114583333333333,0,7,96
1861,178512,59.87333304435015,0.04166666666666663,7.479166666666667,0,3,96
1862,178736,58.12333308905363,0.03125,7.416666666666667,0,7,96
1863,178904,68.2616665661335,0.0,6.239583333333333,0,3,96
1864,178944,63.22666635364294,0.01041666666666663,7.458333333333333,0,2,96
1865,178944,63.88500012457371,0.03125,6.09375,0,6,96
1866,178944,59.644998878240585,0.0625,7.09375,0,2,96
1867,178944,62.653333112597466,0.02083333333333337,7.291666666666667,0,2,96
1868,179080,55.72499967366457,0.11458333333333337,6.71875,0,2,96
1869,179280,47.36833272874355,0.21875,6.447916666666667,0,2,96
1870,179504,64.0049998909235,0.01041666666666663,7.09375,0,3,96
1871,179672,59.45499947667122,0.05208333333333337,6.71875,0,6,96
1872,179712,64.38999903202057,0.01041666666666663,6.875,0,4,96
1873,179712,66.2199999243021,0.01041666666666663,6.5,0,2,96
1874,179712,66.09833306074142,0.01041666666666663,6.447916666666667,0,3,96
1875,179712,58.829999551177025,0.05208333333333337,7.0,0,6,96
1876,179848,56.30833300203085,0.0625,7.635416666666667,0,4,96
1877,180048,57.353333316743374,0.02083333333333337,7.416666666666667,0,9,96
1878,180272,63.94666638970375,0.01041666666666663,6.583333333333333,0,5,96
1879,180440,63.61499859392643,0.02083333333333337,7.03125,0,3,96
1880,180480,62.309999480843544,0.0625,6.4375,0,2,96
1881,180480,62.35666646063328,0.0,7.395833333333333,0,6,96
1882,180480,59.73833282291889,0.0625,6.510416666666667,0,5,96
1883,180480,63.094999469816685,0.01041666666666663,7.21875,0,3,96
1884,180616,65.16833245009184,0.0,7.447916666666667,0,1,96
1885,180816,68.14666670560837,0.0,6.020833333333333,0,5,96
1886,181040,51.731666162610054,0.125,6.989583333333333,0,6,96
1887,181208,63.04999966919422,0.03125,6.6875,0,3,96
1888,181248,62.8549989014864,0.02083333333333337,7.15625,0,4,96
1889,181248,60.78166642040014,0.04166666666666663,7.239583333333333,0,2,96
1890,181248,70.74833351373672,0.0,6.010416666666667,0,0,96
1891,181248,65.75999960303307,0.0,7.0,0,3,96
1892,181384,65.11833307147026,0.03125,6.260416666666667,0,3,96
1893,181584,62.84666772931814,0.0,7.833333333333333,0,1,96
1894,181808,60.40999958664179,0.02083333333333337,7.4375,0,5,96
1895,181976,64.72166500985622,0.02083333333333337,6.989583333333333,0,1,96
1896,182016,63.79166652262211,0.05208333333333337,6.239583333333333,0,2,96
1897,182016,67.43999841809273,0.0,6.9375,0,1,96
1898,182016,66.53666685521603,0.03125,5.958333333333333,0,2,96
1899,182016,64.87499950826168,0.0,7.09375,0,2,96
1900,182152,66.68166670203209,0.0,6.114583333333333,0,7,96
1901,182352,67.25499840080738,0.0,6.96875,0,1,96
1902,182576,68.86999993026257,0.01041666666666663,6.125,0,1,96
1903,182744,64.22500009834766,0.05208333333333337,6.03125,0,3,96
1904,182784,67.67833322286606,0.02083333333333337,6.135416666666667,0,2,96
1905,182784,69.66333356499672,0.01041666666666663,5.916666666666667,0,2,96
1906,182784,57.06833231449127,0.09375,7.135416666666667,0,2,96
1907,182784,60.28666661679745,0.04166666666666663,6.708333333333333,0,6,96
1908,182920,61.33666533231735,0.05208333333333337,6.833333333333333,0,3,96
1909,183120,61.805000238120556,0.02083333333333337,7.71875,0,1,96
1910,183344,60.12666538357735,0.0625,7.020833333333333,0,2,96
1911,183512,66.72166654095054,0.0,6.302083333333333,0,4,96
1912,183552,62.49166586995125,0.04166666666666663,6.552083333333333,0,4,96
1913,183552,62.00999949872494,0.04166666666666663,6.9375,0,2,96
1914,183552,63.42999988794327,0.04166666666666663,6.1875,0,5,96
1915,183552,54.15166591107845,0.11458333333333337,7.239583333333333,0,2,96
1916,183688,65.25666493177414,0.02083333333333337,7.020833333333333,0,1,96
1917,183888,54.13999855518341,0.13541666666666663,6.875,0,2,96
1918,184112,64.19666658341885,0.04166666666666663,6.208333333333333,0,3,96
1919,184280,59.079999551177025,0.04166666666666663,6.6875,0,8,96
1920,184320,64.73499882221222,0.01041666666666663,6.96875,0,4,96
1921,184320,60.616665333509445,0.07291666666666663,6.833333333333333,0,1,96
1922,184320,63.72499916702509,0.03125,6.96875,0,2,96
1923,184320,58.169999822974205,0.0625,7.4375,0,3,96
1924,184456,60.5766656845808,0.04166666666666663,6.958333333333333,0,4,96
1925,184656,62.508333049714565,0.03125,6.947916666666667,0,3,96
1926,184880,49.064999386668205,0.1875,6.78125,0,2,96
1927,185048,61.31999936699867,0.05208333333333337,7.0625,0,2,96
1928,185088,53.79166617244482,0.11458333333333337,7.302083333333333,0,1,96
1929,185088,67.75833304226398,0.0,6.447916666666667,0,2,96
1930,185088,66.6366661041975,0.0,6.583333333333333,0,3,96
1931,185088,65.83666664361954,0.03125,6.145833333333333,0,3,96
1932,185224,66.59666630625725,0.01041666666666663,6.270833333333333,0,4,96
1933,185424,60.22999980300665,0.0625,6.5,0,4,96
1934,185648,59.98166684806347,0.03125,7.614583333333333,0,3,96
1935,185816,62.641666769981384,0.05208333333333337,6.239583333333333,0,3,96
1936,185856,58.39166624099016,0.05208333333333337,7.177083333333333,0,5,96
1937,185856,61.24333340674639,0.01041666666666663,7.541666666666667,0,3,96
1938,185856,59.251667104661465,0.02083333333333337,7.677083333333333,0,4,96
1939,185856,68.56000009179115,0.01041666666666663,6.0625,0,2,96
1940,185992,63.08833375945687,0.02083333333333337,6.260416666666667,0,7,96
1941,186192,54.73333305120468,0.10416666666666663,7.416666666666667,0,2,96
1942,186416,54.058332934975624,0.13541666666666663,6.510416666666667,0,4,96
1943,186584,66.53666666150093,0.01041666666666663,6.020833333333333,0,6,96
1944,186624,57.018332719802856,0.07291666666666663,6.822916666666667,0,5,96
1945,186624,62.80499904602766,0.02083333333333337,7.15625,0,3,96
1946,186624,62.76000040024519,0.0,7.75,0,2,96
1947,186624,60.46666619181633,0.04166666666666663,6.708333333333333,0,5,96
1948,186760,58.23666601628065,0.07291666666666663,7.333333333333333,0,2,96
1949,186960,60.891665540635586,0.04166666666666663,6.989583333333333,0,5,96
1950,187184,62.76166567206383,0.01041666666666663,6.927083333333333,0,5,96
1951,187352,63.93499967455864,0.02083333333333337,6.40625,0,5,96
1952,187392,67.33833338320255,0.01041666666666663,6.260416666666667,0,2,96
1953,187392,60.74833282828331,0.03125,7.197916666666667,0,5,96
1954,187392,49.19166651368141,0.17708333333333337,6.802083333333333,0,3,96
1955,187392,68.71333314478397,0.0,6.229166666666667,0,2,96
1956,187528,67.92333341389894,0.0,6.291666666666667,0,3,96
1957,187728,64.4750002771616,0.05208333333333337,6.03125,0,2,96
1958,187952,67.91333323717117,0.0,6.229166666666667,0,3,96
1959,188120,60.35999847948551,0.0625,7.0,0,2,96
1960,188160,65.57666556537151,0.01041666666666663,6.895833333333333,0,2,96
1961,188160,62.669999830424786,0.02083333333333337,6.5,0,5,96
1962,188160,65.17999898642302,0.0,7.3125,0,1,96
1963,188160,62.49166638404131,0.05208333333333337,6.427083333333333,0,4,96
1964,188296,64.87499883770943,0.0,6.90625,0,3,96
1965,188496,59.983332842588425,0.0625,6.541666666666667,0,3,96
1966,188720,60.181666657328606,0.0625,6.677083333333333,0,4,96
1967,188888,58.2883323431015,0.09375,6.635416666666667,0,3,96
1968,188928,57.824999168515205,0.10416666666666663,6.59375,0,2,96
1969,188928,59.99666549265385,0.07291666666666663,6.958333333333333,0,1,96
1970,188928,50.31833314150572,0.17708333333333337,6.760416666666667,0,1,96
1971,188928,69.66500017046928,0.0,6.03125,0,2,96
1972,189064,64.3566662222147,0.02083333333333337,6.770833333333333,0,3,96
1973,189264,67.59666675329208,0.02083333333333337,6.020833333333333,0,3,96
1974,189488,62.44833293557167,0.05208333333333337,6.322916666666667,0,5,96
1975,189656,45.18166568875313,0.21875,7.052083333333333,0,2,96
1976,189696,60.1499999165535,0.07291666666666663,6.25,0,5,96
1977,189696,60.90666623413563,0.07291666666666663,6.458333333333333,0,2,96
1978,189696,54.86499918997288,0.11458333333333337,6.90625,0,3,96
1979,189696,58.86833280324936,0.07291666666666663,6.885416666666667,0,3,96
1980,189832,66.65333345532417,0.02083333333333337,5.979166666666667,0,4,96
1981,190032,53.669999338686466,0.11458333333333337,7.1875,0,3,96
1982,190256,68.16499936580658,0.0,6.59375,0,1,96
1983,190424,66.68999995291233,0.0,6.25,0,4,96
1984,190464,64.20499986410141,0.05208333333333337,6.15625,0,2,96
1985,190464,62.32999907433987,0.05208333333333337,6.9375,0,1,96
1986,190464,64.18499884009361,0.03125,6.90625,0,1,96
1987,190464,64.92833307385445,0.02083333333333337,6.322916666666667,0,4,96
1988,190600,60.12333256751299,0.03125,7.354166666666667,0,5,96
1989,190800,61.33999904245138,0.03125,7.1875,0,3,96
1990,191024,62.29166664928198,0.01041666666666663,7.614583333333333,0,2,96
1991,191192,65.04999873042107,0.0,7.0,0,4,96
1992,191232,63.086665473878384,0.02083333333333337,7.208333333333333,0,2,96
1993,191232,59.278333365917206,0.08333333333333337,6.260416666666667,0,5,96
1994,191232,58.35333298891783,0.0625,7.354166666666667,0,2,96
1995,191232,63.341665863990784,0.03125,6.677083333333333,0,3,96
1996,191368,66.32666649669409,0.0,6.583333333333333,0,2,96
1997,191568,64.00833288580179,0.01041666666666663,7.385416666666667,0,2,96
1998,191792,61.469999730587006,0.02083333333333337,7.25,0,3,96
1999,191960,61.12666604667902,0.01041666666666663,7.395833333333333,0,6,96
2000,192000,60.410000167787075,0.02083333333333337,7.75,0,3,96
2001,192000,64.2116661593318,0.0,7.427083333333333,0,2,96
2002,192000,61.37166693806648,0.01041666666666663,7.552083333333333,0,4,96
2003,192000,64.32166564464569,0.02083333333333337,6.927083333333333,0,1,96
2004,192136,65.34833230823278,0.0,7.322916666666667,0,1,96
2005,192336,63.36166610568762,0.01041666666666663,7.177083333333333,0,3,96
2006,192560,69.63500025868416,0.0,5.96875,0,2,96
2007,192728,61.729998886585236,0.03125,7.125,0,3,96
2008,192768,53.974999494850636,0.09375,7.40625,0,4,96
2009,192768,66.2616667598486,0.02083333333333337,6.302083333333333,0,2,96
2010,192768,64.0199997574091,0.03125,6.625,0,3,96
2011,192768,57.23666720837355,0.0625,7.708333333333333,0,2,96
2012,192904,69.1416667252779,0.0,6.114583333333333,0,2,96
2013,193104,58.95999947190285,0.08333333333333337,6.9375,0,1,96
2014,193328,66.15000055357814,0.02083333333333337,5.875,0,5,96
2015,193496,57.514999717473984,0.08333333333333337,7.15625,0,1,96
2016,193536,66.14166663587093,0.0,6.239583333333333,0,5,96
2017,193536,64.83166577666998,0.02083333333333337,6.864583333333333,0,1,96
2018,193536,59.28666680306196,0.02083333333333337,7.895833333333333,0,2,96
2019,193536,62.74833336472511,0.0625,6.260416666666667,0,2,96
2020,193672,61.09833304211497,0.05208333333333337,6.510416666666667,0,3,96
2021,193872,68.04833357036114,0.02083333333333337,6.010416666666667,0,1,96
2022,194096,63.27833362668753,0.01041666666666663,7.572916666666667,0,1,96
2023,194264,66.25166688859463,0.03125,6.052083333333333,0,3,96
2024,194304,60.859999626874924,0.07291666666666663,6.5625,0,1,96
2025,194304,62.49499912559986,0.02083333333333337,7.03125,0,3,96
2026,194304,59.95666616410017,0.05208333333333337,7.083333333333333,0,2,96
2027,194304,67.29666630923748,0.01041666666666663,6.458333333333333,0,1,96
2028,194440,57.12999913841486,0.07291666666666663,7.1875,0,3,96
2029,194640,68.6366669088602,0.0,6.145833333333333,0,2,96
2030,194864,64.10833345353603,0.05208333333333337,6.072916666666667,0,2,96
2031,195032,60.2616652995348,0.0625,6.927083333333333,0,3,96
2032,195072,58.161665588617325,0.0625,7.052083333333333,0,3,96
2033,195072,61.23833294957876,0.03125,7.322916666666667,0,1,96
2034,195072,57.324999295175076,0.07291666666666663,7.21875,0,4,96
2035,195072,64.47000004351139,0.05208333333333337,6.0625,0,2,96
2036,195208,68.95000004768372,0.0,6.1875,0,2,96
2037,195408,64.88833443820477,0.08333333333333337,5.385416666666667,0,2,96
2038,195632,53.25166588276625,0.15625,6.677083333333333,0,1,96
2039,195800,62.6249995008111,0.04166666666666663,6.78125,0,2,96
2040,195840,57.35833280533552,0.08333333333333337,7.135416666666667,0,2,96
2041,195840,69.61500015482306,0.0,6.03125,0,2,96
2042,195840,67.53333322703838,0.0,6.166666666666667,0,4,96
2043,195840,64.63333296775818,0.04166666666666663,6.354166666666667,0,2,96
2044,195976,62.71666610985994,0.04166666666666663,6.645833333333333,0,2,96
2045,196176,60.52166533470154,0.0625,6.927083333333333,0,2,96
2046,196400,69.63666686415672,0.0,6.145833333333333,0,1,96
2047,196568,62.833332888782024,0.02083333333333337,7.416666666666667,0,1,96
2048,196608,69.61666710674763,0.0,5.833333333333333,0,4,96
2049,196608,58.71999925374985,0.08333333333333337,6.8125,0,1,96
2050,196608,66.68999987840652,0.01041666666666663,6.4375,0,2,96
2051,196608,68.59666658937931,0.01041666666666663,6.208333333333333,0,1,96
2052,196744,62.08666577190161,0.03125,7.145833333333333,0,2,96
2053,196944,61.011667005717754,0.01041666666666663,7.739583333333333,0,4,96
2054,197168,62.114998653531075,0.04166666666666663,7.03125,0,2,96
2055,197336,56.96499890089035,0.08333333333333337,6.90625,0,4,96
2056,197376,67.69333378970623,0.04166666666666663,5.729166666666667,0,1,96
2057,197376,62.45666663348675,0.05208333333333337,6.333333333333333,0,3,96
2058,197376,59.3833329603076,0.03125,7.416666666666667,0,5,96
2059,197376,67.21333300694823,0.0,6.416666666666667,0,2,96
2060,197512,62.239999644458294,0.02083333333333337,6.9375,0,6,96
2061,197712,59.79666738957167,0.02083333333333337,7.770833333333333,0,3,96
2062,197936,68.50833347439766,0.0,6.072916666666667,0,4,96
2063,198104,65.58166686445475,0.02083333333333337,6.052083333333333,0,4,96
2064,198144,66.65333342552185,0.02083333333333337,6.229166666666667,0,1,96
2065,198144,57.21666596084833,0.0625,7.270833333333333,0,4,96
2066,198144,55.363333359360695,0.11458333333333337,6.479166666666667,0,4,96
2067,198144,65.70166581869125,0.0,6.864583333333333,0,1,96
2068,198280,66.07666605710983,0.0,6.645833333333333,0,3,96
2069,198480,66.19666692242026,0.03125,5.958333333333333,0,2,96
2070,198704,64.42833326756954,0.04166666666666663,6.197916666666667,0,2,96
2071,198872,63.51500000059605,0.04166666666666663,6.28125,0,4,96
2072,198912,59.258334182202816,0.04166666666666663,7.760416666666667,0,2,96
2073,198912,58.35166712850332,0.04166666666666663,7.489583333333333,0,4,96
2074,198912,62.23499949276447,0.03125,6.65625,0,5,96
2075,198912,67.22166691720486,0.03125,5.927083333333333,0,1,96
2076,199048,63.68000037968159,0.08333333333333337,5.8125,0,1,96
2077,199248,69.47000008821487,0.0,6.25,0,0,96
2078,199472,61.988333225250244,0.03125,6.760416666666667,0,4,96
2079,199640,55.79333209991455,0.11458333333333337,7.041666666666667,0,1,96
2080,199680,61.175000593066216,0.0,7.96875,0,4,96
2081,199680,61.13166718184948,0.10416666666666663,5.802083333333333,0,1,96
2082,199680,57.54333254694939,0.0625,7.166666666666667,0,4,96
2083,199680,50.07999924570322,0.15625,7.0625,0,2,96
2084,199816,67.62999956309795,0.0,6.5,0,2,96
2085,200016,72.4816674888134,0.0,5.489583333333333,0,2,96
2086,200240,70.47000008821487,0.0,6.125,0,0,96
2087,200408,64.201665148139,0.03125,6.989583333333333,0,1,96
2088,200448,65.47166594862938,0.02083333333333337,6.802083333333333,0,1,96
2089,200448,64.21999897807837,0.01041666666666663,7.1875,0,1,96
2090,200448,68.06500048935413,0.04166666666666663,5.78125,0,1,96
2091,200448,66.15333440899849,0.07291666666666663,5.416666666666667,0,1,96
2092,200584,61.23833265155554,0.03125,7.385416666666667,0,1,96
2093,200784,64.4116668626666,0.0,7.489583333333333,0,1,96
2094,201008,66.46499945223331,0.01041666666666663,6.59375,0,1,96
2095,201176,52.76000037044287,0.11458333333333337,7.6875,0,1,96
2096,201216,49.81333228945732,0.16666666666666663,7.041666666666667,0,2,96
2097,201216,68.43166621029377,0.0,6.364583333333333,0,1,96
2098,201216,66.5550003349781,0.04166666666666663,5.84375,0,2,96
2099,201216,67.67000017687678,0.0,6.0625,0,5,96
2100,201352,60.08666580915451,0.08333333333333337,6.583333333333333,0,1,96
2101,201552,59.49833199381828,0.07291666666666663,7.135416666666667,0,1,96
2102,201776,54.72333327680826,0.08333333333333337,7.666666666666667,0,3,96
2103,201944,55.54500015825033,0.11458333333333337,7.03125,0,1,96
2104,201984,47.86833468731493,0.27083333333333337,5.010416666666667,0,2,96
2105,201984,55.73333236575127,0.10416666666666663,7.104166666666667,0,2,96
2106,201984,64.18833311647177,0.0,7.510416666666667,0,1,96
2107,201984,61.436665400862694,0.03125,7.208333333333333,0,4,96
2108,202120,53.90499930083752,0.10416666666666663,7.15625,0,5,96
2109,202320,57.30500007420778,0.07291666666666663,7.15625,0,3,96
2110,202544,58.83333258330822,0.04166666666666663,7.416666666666667,0,4,96
2111,202712,60.92499912530184,0.03125,7.03125,0,5,96
2112,202752,60.96666622906923,0.05208333333333337,6.645833333333333,0,5,96
2113,202752,61.50166621059179,0.03125,7.114583333333333,0,3,96
2114,202752,64.4050000756979,0.04166666666666663,6.21875,0,2,96
2115,202752,60.698333755135536,0.09375,6.010416666666667,0,3,96
2116,202888,52.07666680961847,0.0625,7.583333333333333,0,11,96
2117,203088,61.31999908387661,0.05208333333333337,6.875,0,2,96
2118,203312,56.080000191926956,0.03125,8.0625,0,5,96
2119,203480,62.058332562446594,0.02083333333333337,6.760416666666667,0,6,96
2120,203520,59.9233330860734,0.03125,7.041666666666667,0,6,96
2121,203520,64.2666658014059,0.01041666666666663,6.895833333333333,0,3,96
2122,203520,61.331666223704815,0.03125,7.239583333333333,0,2,96
2123,203520,59.21999913454056,0.05208333333333337,7.0,0,5,96
2124,203656,62.50333288311958,0.02083333333333337,6.604166666666667,0,6,96
2125,203856,60.461665853857994,0.02083333333333337,7.302083333333333,0,5,96
2126,204080,57.206666342914104,0.03125,7.583333333333333,0,6,96
2127,204248,67.44333313405514,0.01041666666666663,6.291666666666667,0,2,96
2128,204288,59.446666337549686,0.0625,6.770833333333333,0,4,96
2129,204288,67.45333354175091,0.04166666666666663,5.916666666666667,0,1,96
2130,204288,55.69166684895754,0.07291666666666663,7.427083333333333,0,3,96
2131,204288,61.76500068604946,0.0,7.90625,0,3,96
2132,204424,64.61666598916054,0.0,6.895833333333333,0,4,96
2133,204624,69.63166689872742,0.0,6.177083333333333,0,1,96
2134,204848,65.83499856293201,0.01041666666666663,6.96875,0,1,96
2135,205016,70.6583336442709,0.0,5.947916666666667,0,1,96
2136,205056,58.94999943673611,0.05208333333333337,7.1875,0,3,96
2137,205056,68.12333300709724,0.0,6.479166666666667,0,2,96
2138,205056,60.30000055581331,0.02083333333333337,7.8125,0,2,96
2139,205056,60.83833393454552,0.02083333333333337,7.635416666666667,0,2,96
2140,205192,67.77999992668629,0.0,6.4375,0,2,96
2141,205392,53.05000031739473,0.13541666666666663,6.9375,0,2,96
2142,205616,61.85499965399504,0.03125,7.15625,0,2,96
2143,205784,60.809999860823154,0.02083333333333337,7.5,0,3,96
2144,205824,56.38166595995426,0.07291666666666663,7.302083333333333,0,5,96
2145,205824,63.24999978393316,0.0,7.5,0,3,96
2146,205824,66.42499984800816,0.01041666666666663,6.28125,0,3,96
2147,205824,59.07999910414219,0.05208333333333337,7.1875,0,3,96
2148,205960,69.55666688084602,0.0,5.895833333333333,0,3,96
2149,206160,69.4533342719078,0.03125,5.541666666666667,0,1,96
2150,206384,62.82666672766209,0.0,7.583333333333333,0,3,96
2151,206552,62.65499968826771,0.0,7.59375,0,3,96
2152,206592,68.95833325386047,0.0,6.260416666666667,0,1,96
2153,206592,61.84333276003599,0.02083333333333337,7.291666666666667,0,4,96
2154,206592,56.79000047594309,0.09375,6.8125,0,2,96
2155,206592,57.67333286255598,0.0625,7.479166666666667,0,2,96
2156,206728,58.32666698843241,0.04166666666666663,7.583333333333333,0,3,96
2157,206928,59.63166607171297,0.05208333333333337,6.927083333333333,0,3,96
2158,207152,61.208333030343056,0.01041666666666663,7.822916666666667,0,2,96
2159,207320,61.01833285391331,0.04166666666666663,7.072916666666667,0,3,96
2160,207360,62.77000080794096,0.0,7.8125,0,2,96
2161,207360,67.72833360731602,0.01041666666666663,6.135416666666667,0,2,96
2162,207360,60.920000061392784,0.03125,7.5625,0,1,96
2163,207360,57.97999957203865,0.04166666666666663,7.5,0,3,96
2164,207496,59.581666089594364,0.04166666666666663,7.364583333333333,0,3,96
2165,207696,68.99666686356068,0.0,6.083333333333333,0,2,96
2166,207920,67.70666632056236,0.0,6.520833333333333,0,2,96
2167,208088,68.36000026762486,0.01041666666666663,6.125,0,2,96
2168,208128,60.90666664391756,0.01041666666666663,7.645833333333333,0,4,96
2169,208128,55.52999943122268,0.07291666666666663,7.5625,0,3,96
2170,208128,66.8049995303154,0.01041666666666663,6.46875,0,1,96
2171,208128,61.71666593104601,0.02083333333333337,7.020833333333333,0,5,96
2172,208264,66.88999931514263,0.0,6.625,0,2,96
2173,208464,59.399999894201756,0.04166666666666663,7.125,0,5,96
2174,208688,60.368332378566265,0.04166666666666663,7.322916666666667,0,2,96
2175,208856,62.359999030828476,0.04166666666666663,6.75,0,2,96
2176,208896,69.16166710853577,0.0,5.989583333333333,0,4,96
2177,208896,61.07999908924103,0.05208333333333337,6.75,0,2,96
2178,208896,62.184999607503414,0.05208333333333337,6.53125,0,3,96
2179,208896,66.90666629374027,0.03125,6.270833333333333,0,1,96
2180,209032,64.34333309531212,0.03125,6.479166666666667,0,3,96
2181,209232,60.57333270460367,0.0625,6.854166666666667,0,2,96
2182,209456,60.68833337724209,0.0625,6.447916666666667,0,4,96
2183,209624,66.73833353817463,0.03125,6.072916666666667,0,1,96
2184,209664,61.653331965208054,0.05208333333333337,7.041666666666667,0,1,96
2185,209664,60.03833219408989,0.0625,6.947916666666667,0,2,96
2186,209664,70.21000052988529,0.01041666666666663,5.875,0,1,96
2187,209664,62.75333225727081,0.03125,7.166666666666667,0,2,96
2188,209800,69.44000008702278,0.0,6.125,0,2,96
2189,210000,58.378333650529385,0.08333333333333337,6.260416666666667,0,5,96
2190,210224,58.68499879539013,0.07291666666666663,6.90625,0,3,96
2191,210392,61.32999902963638,0.04166666666666663,7.125,0,2,96
2192,210432,53.511666126549244,0.11458333333333337,7.302083333333333,0,2,96
2193,210432,68.80333346128464,0.02083333333333337,6.041666666666667,0,0,96
2194,210432,67.65833366662264,0.0,6.072916666666667,0,5,96
2195,210432,68.15333379805088,0.02083333333333337,5.854166666666667,0,2,96
2196,210568,63.371666714549065,0.05208333333333337,6.302083333333333,0,2,96
2197,210768,58.49333319067955,0.03125,7.479166666666667,0,5,96
2198,210992,69.89666701853275,0.01041666666666663,6.020833333333333,0,1,96
2199,211160,62.28833221644163,0.04166666666666663,7.010416666666667,0,1,96
2200,211200,66.03999879211187,0.0,7.0625,0,2,96
2201,211200,60.3116667419672,0.04166666666666663,7.114583333333333,0,4,96
2202,211200,69.71666687726974,0.0,6.208333333333333,0,1,96
2203,211200,66.9383332580328,0.0,6.260416666666667,0,5,96
2204,211336,63.256666265428066,0.01041666666666663,7.458333333333333,0,2,96
2205,211536,59.59833297133446,0.08333333333333337,6.447916666666667,0,3,96
2206,211760,64.36499871313572,0.03125,6.84375,0,1,96
2207,211928,62.38333356380463,0.05208333333333337,6.166666666666667,0,5,96
2208,211968,59.3849990516901,0.0625,7.21875,0,2,96
2209,211968,65.565000385046,0.04166666666666663,5.96875,0,2,96
2210,211968,64.41666550934315,0.02083333333333337,6.895833333333333,0,2,96
2211,211968,61.741666689515114,0.0625,6.177083333333333,0,3,96
2212,212104,62.89666598290205,0.01041666666666663,7.333333333333333,0,3,96
2213,212304,61.310000501573086,0.01041666666666663,7.9375,0,1,96
2214,212528,65.10833230614662,0.01041666666666663,6.885416666666667,0,2,96
2215,212696,62.18166632205248,0.04166666666666663,6.677083333333333,0,3,96
2216,212736,61.5033333003521,0.04166666666666663,6.354166666666667,0,7,96
2217,212736,63.83333331346512,0.03125,6.479166666666667,0,3,96
2218,212736,60.489999413490295,0.03125,7.4375,0,4,96
2219,212736,60.983332462608814,0.03125,7.104166666666667,0,4,96
2220,212872,66.7933336943388,0.02083333333333337,5.916666666666667,0,4,96
2221,213072,62.59666636586189,0.03125,6.395833333333333,0,5,96
2222,213296,59.02499966323376,0.04166666666666663,7.40625,0,4,96
2223,213464,60.831666082143784,0.04166666666666663,7.302083333333333,0,2,96
2224,213504,62.191665820777416,0.02083333333333337,7.239583333333333,0,2,96
2225,213504,59.965000465512276,0.02083333333333337,7.78125,0,3,96
2226,213504,59.719999082386494,0.07291666666666663,6.8125,0,2,96
2227,213504,61.066666916012764,0.01041666666666663,7.583333333333333,0,4,96
2228,213640,70.67833365499973,0.0,6.010416666666667,0,1,96
2229,213840,66.57499906420708,0.0,6.90625,0,2,96
2230,214064,60.11833294481039,0.0625,6.510416666666667,0,4,96
2231,214232,69.30500017106533,0.0,6.15625,0,2,96
2232,214272,67.280000269413,0.02083333333333337,6.125,0,2,96
2233,214272,59.87166692316532,0.02083333333333337,7.677083333333333,0,4,96
2234,214272,63.59333226084709,0.03125,6.854166666666667,0,2,96
2235,214272,61.946665838360786,0.0625,6.645833333333333,0,2,96
2236,214408,61.49166540801525,0.04166666666666663,6.927083333333333,0,3,96
2237,214608,56.86999935656786,0.08333333333333337,7.125,0,4,96
2238,214832,63.793332539498806,0.01041666666666663,7.291666666666667,0,2,96
2239,215000,63.11333352327347,0.05208333333333337,6.229166666666667,0,3,96
2240,215040,59.18999944627285,0.08333333333333337,6.4375,0,4,96
2241,215040,53.251666359603405,0.125,6.989583333333333,0,2,96
2242,215040,63.32166537642479,0.04166666666666663,6.864583333333333,0,1,96
2243,215040,56.93666611611843,0.09375,6.833333333333333,0,4,96
2244,215176,63.368332490324974,0.01041666666666663,7.197916666666667,0,3,96
2245,215376,64.22666534781456,0.02083333333333337,7.083333333333333,0,1,96
2246,215600,53.801665894687176,0.125,7.052083333333333,0,1,96
2247,215768,57.19499999284744,0.11458333333333337,6.15625,0,4,96
2248,215808,63.77666687965393,0.0625,5.958333333333333,0,2,96
2249,215808,64.27833289653063,0.03125,6.572916666666667,0,2,96
2250,215808,64.1599991992116,0.01041666666666663,7.125,0,2,96
2251,215808,60.830000430345535,0.04166666666666663,7.375,0,1,96
2252,215944,70.37833367288113,0.0,6.010416666666667,0,1,96
2253,216144,56.37666596472263,0.08333333333333337,7.270833333333333,0,3,96
2254,216368,58.68500009924173,0.03125,7.71875,0,4,96
2255,216536,68.25499980151653,0.0,6.40625,0,1,96
2256,216576,51.7766662761569,0.10416666666666663,7.395833333333333,0,5,96
2257,216576,65.27999986708164,0.02083333333333337,6.5,0,2,96
2258,216576,64.24166610091925,0.02083333333333337,6.989583333333333,0,2,96
2259,216576,66.96666653454304,0.0,6.395833333333333,0,4,96
2260,216712,63.04166616499424,0.01041666666666663,6.802083333333333,0,5,96
2261,216912,61.73166634142399,0.02083333333333337,7.239583333333333,0,4,96
2262,217136,63.474999874830246,0.04166666666666663,6.28125,0,3,96
2263,217304,60.18333353102207,0.03125,7.541666666666667,0,2,96
2264,217344,46.608333468437195,0.17708333333333337,7.322916666666667,0,4,96
2265,217344,66.69166576862335,0.0,6.677083333333333,0,2,96
2266,217344,53.411666356027126,0.11458333333333337,7.052083333333333,0,3,96
2267,217344,62.22166671603918,0.02083333333333337,7.552083333333333,0,1,96
2268,217480,60.78666599094868,0.05208333333333337,6.770833333333333,0,4,96
2269,217680,64.62499962002039,0.02083333333333337,6.59375,0,3,96
2270,217904,66.80333197116852,0.0,6.916666666666667,0,2,96
2271,218072,60.718333318829536,0.02083333333333337,7.635416666666667,0,2,96
2272,218112,60.513334184885025,0.01041666666666663,7.791666666666667,0,4,96
2273,218112,60.18333292752504,0.02083333333333337,7.854166666666667,0,2,96
2274,218112,61.81999944150448,0.03125,7.1875,0,3,96
2275,218112,63.27166596800089,0.02083333333333337,6.802083333333333,0,4,96
2276,218248,56.919999182224274,0.0625,7.375,0,4,96
2277,218448,59.289999179542065,0.0625,6.875,0,4,96
2278,218672,67.3016669601202,0.01041666666666663,5.989583333333333,0,4,96
2279,218840,69.16333341598511,0.0,6.291666666666667,0,1,96
2280,218880,63.84166592359543,0.01041666666666663,7.114583333333333,0,4,96
2281,218880,68.55500061810017,0.04166666666666663,5.65625,0,1,96
2282,218880,59.26999953389168,0.0625,6.875,0,4,96
2283,218880,68.33333376049995,0.02083333333333337,5.979166666666667,0,1,96
2284,219016,57.00499922782183,0.08333333333333337,6.96875,0,4,96
2285,219216,61.79499917477369,0.04166666666666663,7.28125,0,1,96
2286,219440,71.27166678011417,0.0,5.989583333333333,0,1,96
2287,219608,62.52166725695133,0.02083333333333337,7.302083333333333,0,2,96
2288,219648,63.04166632890701,0.04166666666666663,6.239583333333333,0,5,96
2289,219648,59.59666679799557,0.04166666666666663,7.458333333333333,0,3,96
2290,219648,69.78666679561138,0.0,6.020833333333333,0,2,96
2291,219648,62.16166602820158,0.04166666666666663,6.614583333333333,0,4,96
2292,219784,64.56833197921515,0.03125,6.885416666666667,0,1,96
2293,219984,60.43166637420654,0.08333333333333337,6.239583333333333,0,4,96
2294,220208,54.47999922186136,0.10416666666666663,6.8125,0,6,96
2295,220376,67.01666693389416,0.03125,6.020833333333333,0,1,96
2296,220416,62.44499955326319,0.03125,7.28125,0,2,96
2297,220416,61.131665259599686,0.05208333333333337,7.052083333333333,0,2,96
2298,220416,65.22333286702633,0.03125,6.541666666666667,0,1,96
2299,220416,58.286667585372925,0.14583333333333337,5.458333333333333,0,1,96
2300,220552,63.51666557043791,0.0,7.145833333333333,0,5,96
2301,220752,62.396665409207344,0.03125,6.958333333333333,0,2,96
2302,220976,59.82833242416382,0.0625,6.822916666666667,0,3,96
2303,221144,57.153332367539406,0.10416666666666663,6.729166666666667,0,2,96
2304,221184,65.37166656553745,0.02083333333333337,6.302083333333333,0,4,96
2305,221184,61.78499887883663,0.03125,7.03125,0,3,96
2306,221184,64.70333218574524,0.01041666666666663,7.104166666666667,0,2,96
2307,221184,63.80666600167751,0.04166666666666663,6.645833333333333,0,2,96
2308,221320,64.97333388030529,0.05208333333333337,5.854166666666667,0,3,96
2309,221520,57.093332678079605,0.08333333333333337,6.604166666666667,0,5,96
2310,221744,70.31333355605602,0.0,5.979166666666667,0,1,96
2311,221912,63.25166604667902,0.03125,6.927083333333333,0,2,96
2312,221952,67.45166659355164,0.01041666666666663,6.239583333333333,0,2,96
2313,221952,61.31166625022888,0.04166666666666663,6.927083333333333,0,2,96
2314,221952,58.65999895334244,0.08333333333333337,6.6875,0,4,96
2315,221952,67.37833175063133,0.0,7.010416666666667,0,0,96
2316,222088,62.03499934077263,0.02083333333333337,7.09375,0,4,96
2317,222288,61.391666546463966,0.0625,6.302083333333333,0,4,96
2318,222512,61.37666603922844,0.02083333333333337,7.270833333333333,0,4,96
2319,222680,64.01666643470526,0.01041666666666663,7.208333333333333,0,2,96
2320,222720,56.989999286830425,0.07291666666666663,7.25,0,3,96
2321,222720,60.04000033438206,0.02083333333333337,7.75,0,3,96
2322,222720,66.80000028014183,0.03125,5.9375,0,2,96
2323,222720,66.40666636824608,0.01041666666666663,6.333333333333333,0,3,96
2324,222856,61.796666607260704,0.02083333333333337,7.458333333333333,0,2,96
2325,223056,59.34000012278557,0.09375,6.0,0,4,96
2326,223280,63.82500013709068,0.05208333333333337,6.09375,0,4,96
2327,223448,63.57499960809946,0.0,7.53125,0,2,96
2328,223488,63.98999942839146,0.0,7.3125,0,2,96
2329,223488,67.219999730587,0.02083333333333337,6.25,0,2,96
2330,223488,50.421666488051414,0.16666666666666663,6.489583333333333,0,4,96
2331,223488,58.37333287298679,0.04166666666666663,7.354166666666667,0,5,96
2332,223624,69.15166686475277,0.02083333333333337,5.989583333333333,0,1,96
2333,223824,65.33499836921692,0.02083333333333337,7.03125,0,0,96
2334,224048,59.12666577845812,0.05208333333333337,7.020833333333333,0,4,96
2335,224216,59.15833253413439,0.0625,6.947916666666667,0,3,96
2336,224256,47.806667134165764,0.16666666666666663,7.395833333333333,0,3,96
2337,224256,69.40166653692722,0.0,6.239583333333333,0,1,96
2338,224256,58.656665831804276,0.09375,6.583333333333333,0,2,96
2339,224256,50.85666596144438,0.16666666666666663,6.833333333333333,0,2,96
2340,224392,64.45166686177254,0.05208333333333337,6.052083333333333,0,2,96
2341,224592,63.501666612923145,0.0625,6.239583333333333,0,2,96
2342,224816,66.86000004410744,0.0,6.25,0,5,96
2343,224984,64.43166679888964,0.03125,6.239583333333333,0,3,96
2344,225024,61.09333235770464,0.02083333333333337,7.229166666666667,0,5,96
2345,225024,67.68833297491074,0.0,6.572916666666667,0,1,96
2346,225024,58.66999975591898,0.05208333333333337,6.9375,0,6,96
2347,225024,59.78666639328003,0.0625,6.770833333333333,0,3,96
2348,225160,64.39666692912579,0.03125,6.208333333333333,0,4,96
2349,225360,63.816666819155216,0.05208333333333337,6.145833333333333,0,2,96
2350,225584,66.77833308279514,0.01041666666666663,6.385416666666667,0,3,96
2351,225752,50.80499955266714,0.11458333333333337,7.15625,0,6,96
2352,225792,65.74833250045776,0.01041666666666663,6.697916666666667,0,2,96
2353,225792,70.78000016510487,0.0,6.0,0,1,96
2354,225792,61.88666658848524,0.02083333333333337,7.520833333333333,0,2,96
2355,225792,62.716665871441364,0.0,7.270833333333333,0,6,96
2356,225928,62.14166536927223,0.03125,7.052083333333333,0,3,96
2357,226128,56.92333324253559,0.05208333333333337,7.541666666666667,0,5,96
2358,226352,65.85333321988583,0.04166666666666663,6.166666666666667,0,2,96
2359,226520,64.98166554421186,0.01041666666666663,7.052083333333333,0,1,96
2360,226560,61.191665448248386,0.05208333333333337,7.052083333333333,0,2,96
2361,226560,62.53999870270491,0.03125,7.0625,0,3,96
2362,226560,56.281666070222855,0.11458333333333337,6.614583333333333,0,3,96
2363,226560,66.1233327537775,0.02083333333333337,6.479166666666667,0,2,96
2364,226696,58.258333429694176,0.09375,6.260416666666667,0,3,96
2365,226896,55.710000067949295,0.08333333333333337,7.25,0,4,96
2366,227120,64.21666590124369,0.01041666666666663,7.083333333333333,0,2,96
2367,227288,69.030000269413,0.01041666666666663,6.0,0,2,96
2368,227328,58.05666647106409,0.11458333333333337,6.333333333333333,0,2,96
2369,227328,61.96166655421257,0.07291666666666663,6.302083333333333,0,1,96
2370,227328,62.384999975562096,0.0625,6.15625,0,2,96
2371,227328,67.48333191126585,0.0,6.916666666666667,0,1,96
2372,227464,64.01000055670738,0.07291666666666663,5.6875,0,2,96
2373,227664,63.166666105389595,0.03125,6.645833333333333,0,4,96
2374,227888,64.87999915331602,0.0,7.0625,0,3,96
2375,228056,63.41833206266165,0.03125,7.072916666666667,0,1,96
2376,228096,63.82499897480011,0.02083333333333337,6.90625,0,3,96
2377,228096,56.32999897003174,0.10416666666666663,7.1875,0,1,96
2378,228096,68.63333341479301,0.0,6.291666666666667,0,2,96
2379,228096,59.60499972105026,0.0625,6.40625,0,5,96
2380,228232,69.87500020861626,0.0,6.15625,0,1,96
2381,228432,66.344999730587,0.02083333333333337,6.34375,0,2,96
2382,228656,67.63333387672901,0.04166666666666663,5.729166666666667,0,1,96
2383,228824,67.41499990224838,0.0,6.46875,0,2,96
2384,228864,59.52499932050705,0.04166666666666663,7.46875,0,3,96
2385,228864,64.93333184719086,0.02083333333333337,7.041666666666667,0,1,96
2386,228864,61.11833247542381,0.04166666666666663,6.885416666666667,0,4,96
2387,228864,61.749998807907104,0.04166666666666663,7.0,0,2,96
2388,229000,58.85999998450279,0.03125,7.4375,0,4,96
2389,229200,69.08500009775162,0.0,6.28125,0,1,96
2390,229424,62.559998631477356,0.03125,7.0,0,2,96
2391,229592,58.84333336353302,0.09375,6.416666666666667,0,2,96
2392,229632,67.6716661453247,0.01041666666666663,6.427083333333333,0,1,96
2393,229632,62.426666244864464,0.03125,6.583333333333333,0,6,96
2394,229632,53.776666313409805,0.125,6.583333333333333,0,4,96
2395,229632,64.51833223551512,0.02083333333333337,6.947916666666667,0,1,96
2396,229768,71.02000035345554,0.0,5.9375,0,1,96
2397,229968,62.63166552782059,0.04166666666666663,6.864583333333333,0,2,96
2398,230192,59.829999439418316,0.05208333333333337,7.3125,0,2,96
2399,230360,61.95833256095648,0.03125,7.010416666666667,0,4,96
2400,230400,50.59166591614485,0.15625,7.177083333333333,0,2,96
2401,230400,61.40999998897314,0.0625,6.3125,0,4,96
2402,230400,63.449998915195465,0.04166666666666663,6.6875,0,2,96
2403,230400,61.18666626513004,0.0625,6.583333333333333,0,3,96
2404,230536,48.49333243817091,0.17708333333333337,7.166666666666667,0,2,96
2405,230736,57.68000074476004,0.07291666666666663,7.3125,0,2,96
2406,230960,67.04999995231628,0.0,6.5,0,2,96
2407,231128,59.1733323931694,0.0625,6.791666666666667,0,5,96
2408,231168,57.57666592299938,0.07291666666666663,7.208333333333333,0,3,96
2409,231168,59.678333438932896,0.03125,7.635416666666667,0,3,96
2410,231168,62.3483325317502,0.03125,7.260416666666667,0,2,96
2411,231168,63.676666021347046,0.03125,6.708333333333333,0,2,96
2412,231304,61.911666855216026,0.07291666666666663,6.114583333333333,0,4,96
2413,231504,60.72499919682741,0.02083333333333337,7.03125,0,8,96
2414,231728,63.70333284139633,0.01041666666666663,6.791666666666667,0,6,96
2415,231896,62.424999229609966,0.03125,7.03125,0,2,96
2416,231936,63.816665679216385,0.02083333333333337,7.083333333333333,0,2,96
2417,231936,64.98666678369045,0.04166666666666663,6.083333333333333,0,3,96
2418,231936,67.00833441317081,0.0625,5.385416666666667,0,2,96
2419,231936,63.86666539311409,0.02083333333333337,7.020833333333333,0,2,96
2420,232072,56.98666608333588,0.08333333333333337,6.708333333333333,0,4,96
2421,232272,66.70333257317543,0.01041666666666663,6.541666666666667,0,3,96
2422,232496,59.30333276838064,0.04166666666666663,7.104166666666667,0,5,96
2423,232664,63.931665912270546,0.01041666666666663,6.989583333333333,0,4,96
2424,232704,66.97166658937931,0.02083333333333337,6.177083333333333,0,2,96
2425,232704,64.55499942600727,0.02083333333333337,6.40625,0,5,96
2426,232704,61.36499963700771,0.02083333333333337,7.21875,0,5,96
2427,232704,64.83166521787643,0.02083333333333337,6.989583333333333,0,1,96
2428,232840,61.35333251953125,0.05208333333333337,6.604166666666667,0,4,96
2429,233040,61.868332505226135,0.03125,7.197916666666667,0,3,96
2430,233264,66.19999895989895,0.0,7.0625,0,2,96
2431,233432,61.69666549563408,0.04166666666666663,7.020833333333333,0,2,96
2432,233472,61.71999964118004,0.03125,6.875,0,3,96
2433,233472,63.28666631132364,0.0,7.520833333333333,0,3,96
2434,233472,64.3283329308033,0.01041666666666663,6.635416666666667,0,5,96
2435,233472,59.02499953657389,0.04166666666666663,7.28125,0,4,96
2436,233608,62.139998979866505,0.02083333333333337,7.1875,0,4,96
2437,233808,54.924999967217445,0.0625,7.40625,0,8,96
2438,234032,65.75333338975906,0.01041666666666663,6.166666666666667,0,5,96
2439,234200,61.64833249896765,0.02083333333333337,7.447916666666667,0,2,96
2440,234240,64.7766655087471,0.01041666666666663,6.895833333333333,0,3,96
2441,234240,65.77333311736584,0.01041666666666663,6.291666666666667,0,5,96
2442,234240,64.74166553467512,0.01041666666666663,6.989583333333333,0,2,96
2443,234240,61.78499884903431,0.04166666666666663,6.90625,0,3,96
2444,234376,59.58499996364117,0.0625,7.03125,0,3,96
2445,234576,68.89666657149792,0.0,6.208333333333333,0,3,96
2446,234800,61.49499874562025,0.04166666666666663,7.09375,0,2,96
2447,234968,61.83833232522011,0.04166666666666663,7.135416666666667,0,2,96
2448,235008,68.64333352446556,0.0,6.041666666666667,0,3,96
2449,235008,69.48500004410744,0.0,6.15625,0,1,96
2450,235008,52.02499969303608,0.125,7.34375,0,3,96
2451,235008,60.8483329936862,0.02083333333333337,7.197916666666667,0,5,96
2452,235144,61.7099988758564,0.04166666666666663,6.875,0,4,96
2453,235344,61.526665806770325,0.04166666666666663,7.208333333333333,0,2,96
2454,235568,61.3616663441062,0.04166666666666663,6.614583333333333,0,5,96
2455,235736,61.54166604578495,0.02083333333333337,7.302083333333333,0,4,96
2456,235776,60.16999950259924,0.03125,7.375,0,4,96
2457,235776,58.33999914675951,0.05208333333333337,7.1875,0,6,96
2458,235776,63.671666383743286,0.04166666666666663,6.364583333333333,0,3,96
2459,235776,70.17499993741512,0.0,6.15625,0,1,96
2460,235912,63.76833248138428,0.03125,6.885416666666667,0,2,96
2461,236112,64.75499879568815,0.01041666666666663,7.15625,0,2,96
2462,236336,64.28499951958656,0.03125,6.40625,0,4,96
2463,236504,58.38333236426115,0.08333333333333337,6.979166666666667,0,2,96
2464,236544,61.771665558218956,0.05208333333333337,6.802083333333333,0,2,96
2465,236544,59.271666303277016,0.05208333333333337,6.864583333333333,0,6,96
2466,236544,55.721665643155575,0.09375,7.052083333333333,0,4,96
2467,236544,58.10666632652283,0.0625,7.208333333333333,0,4,96
2468,236680,61.11666660755873,0.05208333333333337,6.958333333333333,0,2,96
2469,236880,66.21833309531212,0.0,6.572916666666667,0,4,96
2470,237104,56.65999899804592,0.10416666666666663,6.9375,0,2,96
2471,237272,62.718333926051855,0.07291666666666663,5.697916666666667,0,4,96
2472,237312,61.96499913185835,0.02083333333333337,7.09375,0,4,96
2473,237312,61.56166535615921,0.03125,7.052083333333333,0,3,96
2474,237312,69.12000024318695,0.0,6.0625,0,2,96
2475,237312,59.01499905437231,0.05208333333333337,7.21875,0,4,96
2476,237448,68.46333348751068,0.0,6.104166666666667,0,3,96
2477,237648,56.65833277255297,0.0625,6.885416666666667,0,8,96
2478,237872,64.49999962747097,0.03125,6.4375,0,2,96
2479,238040,62.85499931126833,0.01041666666666663,7.28125,0,4,96
2480,238080,63.63166628777981,0.04166666666666663,6.364583333333333,0,3,96
2481,238080,61.950000286102295,0.05208333333333337,6.1875,0,5,96
2482,238080,58.16333305090666,0.0625,7.229166666666667,0,4,96
2483,238080,63.75333313643932,0.0,7.291666666666667,0,3,96
2484,238216,57.46333286911249,0.0625,7.041666666666667,0,6,96
2485,238416,66.94000020623207,0.02083333333333337,5.9375,0,5,96
2486,238640,58.19333313405514,0.04166666666666663,7.416666666666667,0,5,96
2487,238808,57.28666666895151,0.05208333333333337,7.520833333333333,0,5,96
2488,238848,64.11666640639305,0.04166666666666663,6.270833333333333,0,3,96
2489,238848,67.84166672825813,0.0,6.239583333333333,0,4,96
2490,238848,67.25333312153816,0.01041666666666663,6.354166666666667,0,2,96
2491,238848,64.69500018656254,0.03125,6.21875,0,4,96
2492,238984,60.586665861308575,0.03125,7.333333333333333,0,3,96
2493,239184,60.479999504983425,0.04166666666666663,7.25,0,3,96
2494,239408,57.64333342015743,0.04166666666666663,7.729166666666667,0,4,96
2495,239576,64.88333213329315,0.01041666666666663,7.041666666666667,0,2,96
2496,239616,65.70833322405815,0.03125,6.197916666666667,0,3,96
2497,239616,57.02833294868469,0.05208333333333337,7.322916666666667,0,6,96
2498,239616,65.86666706204414,0.05208333333333337,5.895833333333333,0,1,96
2499,239616,64.43333347141743,0.02083333333333337,6.354166666666667,0,5,96
2500,239752,58.093333162367344,0.05208333333333337,7.354166666666667,0,5,96
2501,239952,68.67333352565765,0.01041666666666663,6.041666666666667,0,2,96
2502,240176,60.550000093877316,0.03125,7.4375,0,3,96
2503,240344,56.55666607618332,0.09375,6.895833333333333,0,3,96
2504,240384,67.38666673004627,0.01041666666666663,6.208333333333333,0,2,96
2505,240384,61.29666614532471,0.05208333333333337,6.583333333333333,0,4,96
2506,240384,58.2349990606308,0.07291666666666663,7.15625,0,2,96
2507,240384,60.786666214466095,0.03125,7.458333333333333,0,3,96
2508,240520,58.22666631639004,0.07291666666666663,6.958333333333333,0,3,96
2509,240720,64.77666680514812,0.05208333333333337,6.020833333333333,0,3,96
2510,240944,63.55333349853754,0.04166666666666663,6.229166666666667,0,3,96
2511,241112,61.438333079218864,0.07291666666666663,6.322916666666667,0,2,96
2512,241152,60.59833340346813,0.02083333333333337,7.510416666666667,0,4,96
2513,241152,61.163332879543304,0.04166666666666663,6.729166666666667,0,4,96
2514,241152,67.1916668266058,0.0,6.114583333333333,0,4,96
2515,241152,62.00166669487953,0.07291666666666663,6.114583333333333,0,3,96
2516,241288,63.26666659116745,0.04166666666666663,6.145833333333333,0,5,96
2517,241488,56.22333287447691,0.0625,7.104166666666667,0,7,96
2518,241712,63.61999958008528,0.01041666666666663,6.75,0,5,96
2519,241880,58.91333243250847,0.05208333333333337,6.979166666666667,0,4,96
2520,241920,57.97333298623562,0.07291666666666663,7.354166666666667,0,2,96
2521,241920,66.87500013411045,0.0,6.09375,0,5,96
2522,241920,66.63500034809113,0.02083333333333337,6.03125,0,4,96
2523,241920,58.72999955713749,0.0625,6.6875,0,5,96
2524,242056,64.73166605085135,0.02083333333333337,6.677083333333333,0,3,96
2525,242256,63.730000641196966,0.05208333333333337,5.6875,0,4,96
2526,242480,54.596666276454926,0.09375,6.895833333333333,0,6,96
2527,242648,64.10833374410868,0.03125,6.010416666666667,0,7,96
2528,242688,61.590000689029694,0.07291666666666663,5.875,0,4,96
2529,242688,60.19833328574896,0.01041666666666663,7.697916666666667,0,5,96
2530,242688,62.23833252489567,0.04166666666666663,6.760416666666667,0,2,96
2531,242688,64.92666687071323,0.03125,5.958333333333333,0,5,96
2532,242824,58.794998809695244,0.07291666666666663,7.03125,0,2,96
2533,243024,60.82499971240759,0.03125,6.65625,0,7,96
2534,243248,66.9166659116745,0.0,6.833333333333333,0,2,96
2535,243416,56.15166620910168,0.0625,6.802083333333333,0,8,96
2536,243456,59.224999248981476,0.05208333333333337,7.34375,0,3,96
2537,243456,60.808332577347755,0.03125,7.135416666666667,0,5,96
2538,243456,69.61166743934155,0.02083333333333337,5.614583333333333,0,2,96
2539,243456,61.66833386570215,0.08333333333333337,5.947916666666667,0,2,96
2540,243592,63.28833346813917,0.03125,6.197916666666667,0,5,96
2541,243792,63.796665728092194,0.01041666666666663,7.083333333333333,0,3,96
2542,244016,59.84499953687191,0.05208333333333337,7.09375,0,3,96
2543,244184,66.06000021100044,0.01041666666666663,6.1875,0,5,96
2544,244224,68.55500029027462,0.0,6.03125,0,4,96
2545,244224,65.11500049382448,0.02083333333333337,5.90625,0,7,96
2546,244224,56.9783331155777,0.09375,6.697916666666667,0,4,96
2547,244224,63.101667042821646,0.05208333333333337,5.802083333333333,0,6,96
2548,244360,68.61000028252602,0.01041666666666663,6.0,0,3,96
2549,244560,54.313332952558994,0.07291666666666663,7.604166666666667,0,5,96
2550,244784,56.03333301842213,0.07291666666666663,6.854166666666667,0,7,96
2551,244952,57.97666634619236,0.05208333333333337,7.145833333333333,0,7,96
2552,244992,63.376666240394115,0.02083333333333337,6.708333333333333,0,4,96
2553,244992,55.59999902546406,0.08333333333333337,7.125,0,5,96
2554,244992,62.58333306014538,0.01041666666666663,7.479166666666667,0,2,96
2555,244992,58.91333269327879,0.05208333333333337,7.041666666666667,0,5,96
2556,245128,61.4633332490921,0.04166666666666663,6.291666666666667,0,7,96
2557,245328,60.62999927997589,0.02083333333333337,7.1875,0,6,96
2558,245552,55.90333300083876,0.08333333333333337,6.979166666666667,0,6,96
2559,245720,60.58999993652105,0.0625,6.375,0,5,96
2560,245760,51.80833312869072,0.09375,7.385416666666667,0,8,96
2561,245760,61.93666630983353,0.04166666666666663,6.395833333333333,0,5,96
2562,245760,64.98000013455749,0.01041666666666663,6.0625,0,7,96
2563,245760,60.94499999284744,0.03125,6.21875,0,10,96
2564,245896,58.969999715685844,0.0625,6.3125,0,7,96
2565,246096,57.573333360254765,0.08333333333333337,6.166666666666667,0,7,96
2566,246320,66.21999990195036,0.01041666666666663,6.5,0,3,96
2567,246488,60.85999894887209,0.05208333333333337,6.875,0,2,96
2568,246528,58.355000250041485,0.01041666666666663,7.71875,0,8,96
2569,246528,61.64666669815779,0.05208333333333337,6.208333333333333,0,5,96
2570,246528,59.80833342671394,0.07291666666666663,6.135416666666667,0,6,96
2571,246528,60.4433326870203,0.05208333333333337,6.979166666666667,0,3,96
2572,246664,59.61166623234749,0.04166666666666663,7.177083333333333,0,4,96
2573,246864,55.53333293646574,0.09375,6.791666666666667,0,5,96
2574,247088,61.73666689172387,0.05208333333333337,6.083333333333333,0,7,96
2575,247256,63.41999985277653,0.05208333333333337,6.3125,0,2,96
2576,247296,60.81333243101835,0.02083333333333337,7.229166666666667,0,6,96
2577,247296,67.75500050187111,0.02083333333333337,5.84375,0,3,96
2578,247296,57.228332720696926,0.08333333333333337,6.947916666666667,0,4,96
2579,247296,64.03333245962858,0.01041666666666663,6.979166666666667,0,4,96
2580,247432,61.13333336263895,0.05208333333333337,6.354166666666667,0,5,96
2581,247632,61.873333901166916,0.03125,7.291666666666667,0,2,96
2582,247856,58.51500030606985,0.04166666666666663,7.71875,0,3,96
2583,248024,68.27166702970862,0.0,5.989583333333333,0,4,96
2584,248064,62.28666694462299,0.04166666666666663,6.083333333333333,0,6,96
2585,248064,60.44999998807907,0.08333333333333337,6.1875,0,3,96
2586,248064,68.12500074505806,0.02083333333333337,5.71875,0,4,96
2587,248064,62.68666721880436,0.0625,5.958333333333333,0,3,96
2588,248200,63.701667219400406,0.03125,6.427083333333333,0,4,96
2589,248400,60.2183328345418,0.0625,6.697916666666667,0,3,96
2590,248624,62.929999969899654,0.01041666666666663,6.5,0,7,96
2591,248792,57.598333306610584,0.08333333333333337,6.510416666666667,0,5,96
2592,248832,62.881666988134384,0.03125,6.302083333333333,0,6,96
2593,248832,56.63333272188902,0.0625,6.979166666666667,0,7,96
2594,248832,69.80000052601099,0.0,6.0,0,2,96
2595,248832,59.24833217263222,0.0625,6.947916666666667,0,4,96
2596,248968,63.20666594803333,0.02083333333333337,7.333333333333333,0,1,96
2597,249168,57.68833289295435,0.0625,6.822916666666667,0,6,96
2598,249392,56.43999943882227,0.08333333333333337,6.8125,0,5,96
2599,249560,55.31166660785675,0.08333333333333337,6.489583333333333,0,10,96
2600,249600,56.549999728798866,0.07291666666666663,6.9375,0,5,96
2601,249600,63.35999972373247,0.0,7.4375,0,4,96
2602,249600,63.17166677117348,0.04166666666666663,6.114583333333333,0,5,96
2603,249600,58.05499988049269,0.0625,7.09375,0,5,96
2604,249736,69.00666685402393,0.0,6.020833333333333,0,4,96
2605,249936,56.62333305925131,0.07291666666666663,6.791666666666667,0,6,96
2606,250160,63.06166582554579,0.01041666666666663,7.177083333333333,0,4,96
2607,250328,65.14833211153746,0.0,7.197916666666667,0,2,96
2608,250368,63.35333330184221,0.04166666666666663,6.229166666666667,0,4,96
2609,250368,61.64500002563,0.02083333333333337,7.59375,0,2,96
2610,250368,68.84000024199486,0.0,6.0,0,4,96
2611,250368,61.841666124761105,0.0,7.552083333333333,0,4,96
2612,250504,62.11999971419573,0.0625,6.375,0,3,96
2613,250704,68.99000042304397,0.0,5.875,0,3,96
2614,250928,70.04500049352646,0.0,5.84375,0,2,96
2615,251096,60.196666441857815,0.04166666666666663,7.270833333333333,0,4,96
2616,251136,65.878333568573,0.04166666666666663,5.947916666666667,0,2,96
2617,251136,56.33999914675951,0.08333333333333337,6.875,0,5,96
2618,251136,63.02333290874958,0.04166666666666663,6.479166666666667,0,3,96
2619,251136,67.27666719257832,0.03125,5.833333333333333,0,2,96
2620,251272,59.359999142587185,0.05208333333333337,7.0625,0,3,96
2621,251472,65.82166753709316,0.0625,5.614583333333333,0,2,96
2622,251696,56.79166679363698,0.10416666666666663,5.927083333333333,0,6,96
2623,251864,60.06333224475384,0.08333333333333337,6.666666666666667,0,2,96
2624,251904,65.65166707336903,0.04166666666666663,6.114583333333333,0,2,96
2625,251904,64.19833258539438,0.02083333333333337,6.760416666666667,0,3,96
2626,251904,65.72499923408031,0.03125,6.46875,0,2,96
2627,251904,64.60166563093662,0.01041666666666663,7.114583333333333,0,2,96
2628,252040,65.04333341121674,0.04166666666666663,6.229166666666667,0,2,96
2629,252240,65.21333357691765,0.02083333333333337,6.166666666666667,0,4,96
2630,252464,64.89500069618225,0.05208333333333337,5.78125,0,2,96
2631,252632,59.63499940931797,0.04166666666666663,6.78125,0,7,96
2632,252672,63.291666090488434,0.02083333333333337,7.302083333333333,0,1,96
2633,252672,63.26333316415548,0.01041666666666663,7.479166666666667,0,2,96
2634,252672,62.16833260655403,0.02083333333333337,7.197916666666667,0,4,96
2635,252672,64.8083334416151,0.03125,6.260416666666667,0,3,96
2636,252808,45.47833254933357,0.19791666666666663,7.010416666666667,0,5,96
2637,253008,65.77833376824856,0.03125,5.822916666666667,0,5,96
2638,253232,66.9866665750742,0.02083333333333337,6.145833333333333,0,2,96
2639,253400,60.92166677117348,0.0625,6.677083333333333,0,3,96
2640,253440,62.30999971926212,0.02083333333333337,7.375,0,3,96
2641,253440,65.33500044047832,0.05208333333333337,5.84375,0,2,96
2642,253440,58.674999222159386,0.07291666666666663,6.90625,0,3,96
2643,253440,67.92833331227303,0.0,6.322916666666667,0,3,96
2644,253576,65.3016660362482,0.02083333333333337,6.489583333333333,0,3,96
2645,253776,60.0116661041975,0.0625,6.552083333333333,0,6,96
2646,254000,60.99833281338215,0.07291666666666663,6.510416666666667,0,2,96
2647,254168,57.78333243727684,0.07291666666666663,7.229166666666667,0,3,96
2648,254208,61.591666147112846,0.04166666666666663,6.677083333333333,0,5,96
2649,254208,69.32333381474018,0.01041666666666663,5.916666666666667,0,2,96
2650,254208,64.43666651844978,0.04166666666666663,6.208333333333333,0,3,96
2651,254208,70.12333372235298,0.0,5.979166666666667,0,2,96
2652,254344,70.48166725039482,0.0,5.864583333333333,0,2,96
2653,254544,65.50999905914068,0.0,7.1875,0,2,96
2654,254768,70.37166698276997,0.0,6.052083333333333,0,1,96
2655,254936,59.754998825490475,0.0625,7.03125,0,3,96
2656,254976,64.48500008881092,0.04166666666666663,6.15625,0,3,96
2657,254976,52.91666656732559,0.16666666666666663,6.145833333333333,0,3,96
2658,254976,66.36500118672848,0.0625,5.28125,0,3,96
2659,254976,64.66166520118713,0.02083333333333337,6.927083333333333,0,1,96
2660,255112,63.45999917387962,0.02083333333333337,7.0625,0,3,96
2661,255312,66.04500008746982,0.0,6.15625,0,6,96
2662,255536,58.269999384880066,0.08333333333333337,6.5,0,5,96
2663,255704,64.89333300292492,0.03125,6.416666666666667,0,3,96
2664,255744,55.279999166727066,0.11458333333333337,6.75,0,4,96
2665,255744,62.51833240687847,0.01041666666666663,7.135416666666667,0,5,96
2666,255744,67.79000076651573,0.03125,5.625,0,2,96
2667,255744,69.04166695475578,0.01041666666666663,5.927083333333333,0,3,96
2668,255880,64.3899999782443,0.03125,6.3125,0,5,96
2669,256080,58.769999496638775,0.08333333333333337,6.75,0,2,96
2670,256304,56.17666580528021,0.08333333333333337,6.958333333333333,0,5,96
2671,256472,60.54666721820831,0.10416666666666663,5.645833333333333,0,3,96
2672,256512,62.14833292365074,0.07291666666666663,6.322916666666667,0,2,96
2673,256512,58.09166630357504,0.08333333333333337,6.614583333333333,0,4,96
2674,256512,62.42833237349987,0.03125,7.135416666666667,0,2,96
2675,256512,65.51166581362486,0.0,7.052083333333333,0,2,96
2676,256648,62.6816665828228,0.04166666666666663,6.239583333333333,0,6,96
2677,256848,63.9016652405262,0.03125,6.927083333333333,0,1,96
2678,257072,70.22166725993156,0.0,5.739583333333333,0,4,96
2679,257240,62.97499914467335,0.01041666666666663,7.21875,0,3,96
2680,257280,55.49833296984434,0.09375,6.822916666666667,0,5,96
2681,257280,63.538332894444466,0.01041666666666663,7.260416666666667,0,2,96
2682,257280,66.60166729986668,0.03125,5.739583333333333,0,4,96
2683,257280,69.54333409667015,0.02083333333333337,5.666666666666667,0,1,96
2684,257416,54.75833310186863,0.08333333333333337,7.510416666666667,0,3,96
2685,257616,65.03000092506409,0.07291666666666663,5.375,0,3,96
2686,257840,59.86500010639429,0.08333333333333337,6.53125,0,2,96
2687,258008,60.85833274573088,0.04166666666666663,7.197916666666667,0,2,96
2688,258048,60.92166680842638,0.07291666666666663,6.302083333333333,0,3,96
2689,258048,60.926666647195816,0.0625,6.458333333333333,0,3,96
2690,258048,60.17833234369755,0.0625,6.697916666666667,0,3,96
2691,258048,63.96666677296162,0.05208333333333337,5.895833333333333,0,5,96
2692,258184,60.26499943435192,0.04166666666666663,7.34375,0,3,96
2693,258384,59.89499980956316,0.0625,6.96875,0,3,96
2694,258608,64.15166676044464,0.04166666666666663,6.052083333333333,0,5,96
2695,258776,63.97833350300789,0.05208333333333337,6.072916666666667,0,3,96
2696,258816,58.57999951392412,0.07291666666666663,6.625,0,5,96
2697,258816,57.19166637957096,0.07291666666666663,7.114583333333333,0,5,96
2698,258816,61.79499987512827,0.04166666666666663,6.71875,0,3,96
2699,258816,66.66666686534882,0.03125,5.895833333333333,0,4,96
2700,258952,55.796667233109474,0.08333333333333337,7.520833333333333,0,2,96
2701,259152,58.15833365917206,0.10416666666666663,6.197916666666667,0,4,96
2702,259376,61.365000270307064,0.01041666666666663,7.71875,0,3,96
2703,259544,65.3633324727416,0.0,7.229166666666667,0,2,96
2704,259584,59.06000042706728,0.04166666666666663,7.6875,0,2,96
2705,259584,68.24833355844021,0.01041666666666663,6.010416666666667,0,3,96
2706,259584,59.54166577011347,0.05208333333333337,6.864583333333333,0,5,96
2707,259584,58.854999884963036,0.0625,6.28125,0,9,96
2708,259720,55.138333320617676,0.11458333333333337,6.135416666666667,0,7,96
2709,259920,54.24499920010567,0.125,6.65625,0,4,96
2710,260144,66.12833349406719,0.01041666666666663,6.135416666666667,0,5,96
2711,260312,55.409999802708626,0.07291666666666663,7.4375,0,4,96
2712,260352,60.80666670948267,0.0625,6.333333333333333,0,5,96
2713,260352,55.523333825170994,0.07291666666666663,7.416666666666667,0,5,96
2714,260352,60.50999966263771,0.03125,7.3125,0,3,96
2715,260352,61.779999636113644,0.01041666666666663,7.4375,0,4,96
2716,260488,59.121666833758354,0.05208333333333337,6.239583333333333,0,11,96
2717,260688,60.55166634917259,0.04166666666666663,6.614583333333333,0,5,96
2718,260912,62.61499932408333,0.01041666666666663,7.21875,0,4,96
2719,261080,65.55999994277954,0.01041666666666663,6.25,0,6,96
2720,261120,57.03333278745413,0.08333333333333337,6.666666666666667,0,6,96
2721,261120,59.28166621923447,0.03125,7.177083333333333,0,7,96
2722,261120,59.01166670769453,0.05208333333333337,6.989583333333333,0,5,96
2723,261120,63.82499988377094,0.04166666666666663,6.21875,0,4,96
2724,261256,60.59499949961901,0.04166666666666663,6.78125,0,5,96
2725,261456,58.75666631013155,0.03125,7.458333333333333,0,6,96
2726,261680,63.146666929125786,0.0625,6.083333333333333,0,3,96
2727,261848,65.58499908447266,0.0,7.15625,0,2,96
2728,261888,64.9300008714199,0.07291666666666663,5.5,0,2,96
2729,261888,57.89833304286003,0.04166666666666663,6.635416666666667,0,11,96
2730,261888,62.52999901026487,0.03125,7.0625,0,2,96
2731,261888,64.8449994623661,0.0,7.28125,0,3,96
2732,262024,55.803332932293415,0.08333333333333337,7.229166666666667,0,4,96
2733,262224,54.668333269655704,0.07291666666666663,7.197916666666667,0,7,96
2734,262448,63.27999860048294,0.04166666666666663,6.9375,0,1,96
2735,262616,61.75833314657211,0.0,7.447916666666667,0,5,96
2736,262656,60.133332684636116,0.03125,7.354166666666667,0,5,96
2737,262656,61.04333259165287,0.01041666666666663,7.291666666666667,0,6,96
2738,262656,60.913333520293236,0.0625,6.166666666666667,0,6,96
2739,262656,61.28666603565216,0.04166666666666663,7.083333333333333,0,3,96
2740,262792,59.428332187235355,0.05208333333333337,6.947916666666667,0,6,96
2741,262992,60.056666389107704,0.0625,6.333333333333333,0,6,96
2742,263216,51.97999964654446,0.13541666666666663,6.875,0,5,96
2743,263384,64.1716661453247,0.03125,6.677083333333333,0,2,96
2744,263424,67.05833341181278,0.0,6.260416666666667,0,4,96
2745,263424,61.28999911993742,0.02083333333333337,7.1875,0,5,96
2746,263424,58.63500011712313,0.0625,6.40625,0,7,96
2747,263424,59.845000587403774,0.03125,7.71875,0,2,96
2748,263560,60.893332839012146,0.05208333333333337,6.479166666666667,0,6,96
2749,263760,57.80499916523695,0.07291666666666663,7.09375,0,3,96
2750,263984,62.43000030517578,0.0625,6.0,0,4,96
2751,264152,61.21999903023243,0.03125,7.25,0,4,96
2752,264192,60.17499928176403,0.04166666666666663,7.28125,0,3,96
2753,264192,63.34666533768177,0.02083333333333337,7.083333333333333,0,3,96
2754,264192,60.429999336600304,0.04166666666666663,6.875,0,6,96
2755,264192,62.28999984264374,0.05208333333333337,6.3125,0,4,96
2756,264328,63.8433328717947,0.01041666666666663,6.604166666666667,0,6,96
2757,264528,61.19833316653967,0.0625,6.447916666666667,0,3,96
2758,264752,62.50499905645847,0.03125,6.90625,0,3,96
2759,264920,61.97833336889744,0.03125,6.010416666666667,0,10,96
2760,264960,57.88833360373974,0.09375,6.072916666666667,0,7,96
2761,264960,67.15666660666466,0.01041666666666663,6.333333333333333,0,3,96
2762,264960,65.27833282202482,0.0,7.385416666666667,0,1,96
2763,264960,64.5516666173935,0.02083333333333337,6.552083333333333,0,5,96
2764,265096,55.60666682571173,0.125,6.083333333333333,0,6,96
2765,265296,65.05666662752628,0.02083333333333337,6.270833333333333,0,5,96
2766,265520,66.39666695892811,0.03125,5.958333333333333,0,3,96
2767,265688,57.769999630749226,0.08333333333333337,6.6875,0,4,96
2768,265728,61.78166574239731,0.04166666666666663,6.802083333333333,0,4,96
2769,265728,62.743333503603935,0.05208333333333337,6.104166666666667,0,5,96
2770,265728,65.96000015735626,0.01041666666666663,6.25,0,5,96
2771,265728,60.25000051409006,0.02083333333333337,7.625,0,3,96
2772,265864,54.9849988669157,0.13541666666666663,6.65625,0,2,96
2773,266064,62.88333311676979,0.04166666666666663,6.354166666666667,0,4,96
2774,266288,64.06500013172626,0.03125,6.09375,0,6,96
2775,266456,64.69500005990267,0.02083333333333337,6.34375,0,4,96
2776,266496,65.7050002515316,0.03125,6.03125,0,4,96
2777,266496,61.79166567325592,0.04166666666666663,7.114583333333333,0,2,96
2778,266496,58.179999992251396,0.07291666666666663,6.6875,0,5,96
2779,266496,62.48166573792696,0.04166666666666663,6.802083333333333,0,3,96
2780,266632,59.56499931961298,0.04166666666666663,7.09375,0,5,96
2781,266832,59.38666620105505,0.05208333333333337,7.333333333333333,0,2,96
2782,267056,63.06833332777023,0.04166666666666663,6.135416666666667,0,5,96
2783,267224,67.50499992072582,0.01041666666666663,6.21875,0,3,96
2784,267264,63.99666614085436,0.02083333333333337,6.645833333333333,0,4,96
2785,267264,67.48499984294176,0.0,6.46875,0,2,96
2786,267264,60.28833258152008,0.04166666666666663,7.010416666666667,0,5,96
2787,267264,65.86666611582041,0.01041666666666663,6.583333333333333,0,3,96
2788,267400,65.30499863624573,0.01041666666666663,6.96875,0,2,96
2789,267600,64.38333298265934,0.03125,6.479166666666667,0,2,96
2790,267824,63.93333350121975,0.05208333333333337,5.979166666666667,0,3,96
2791,267992,62.17500001192093,0.03125,7.03125,0,3,96
2792,268032,58.956667207181454,0.03125,7.770833333333333,0,3,96
2793,268032,64.7483332902193,0.03125,6.072916666666667,0,5,96
2794,268032,63.428333170711994,0.05208333333333337,6.322916666666667,0,2,96
2795,268032,65.39333277195692,0.0,7.166666666666667,0,2,96
2796,268168,63.75999994575977,0.03125,6.25,0,5,96
2797,268368,63.17166560143232,0.03125,7.114583333333333,0,1,96
2798,268592,63.70999903976917,0.01041666666666663,7.3125,0,3,96
2799,268760,56.999999545514584,0.08333333333333337,7.0625,0,3,96
2800,268800,61.07999984920025,0.03125,7.5,0,2,96
2801,268800,69.17833343148232,0.0,6.135416666666667,0,2,96
2802,268800,64.57499875128269,0.0,6.96875,0,4,96
2803,268800,68.35166674852371,0.0,6.302083333333333,0,2,96
2804,268936,64.66833338141441,0.0,7.447916666666667,0,1,96
2805,269136,58.13999962806702,0.0625,7.0625,0,4,96
2806,269360,65.12000013887882,0.03125,6.1875,0,3,96
2807,269528,64.82333266735077,0.0,6.729166666666667,0,5,96
2808,269568,59.288332752883434,0.0625,6.885416666666667,0,4,96
2809,269568,64.55499981343746,0.03125,6.28125,0,3,96
2810,269568,67.09166693687439,0.0,5.989583333333333,0,7,96
2811,269568,68.03000052273273,0.02083333333333337,5.8125,0,2,96
2812,269704,60.91499947011471,0.05208333333333337,6.90625,0,2,96
2813,269904,58.20666677504778,0.04166666666666663,7.583333333333333,0,4,96
2814,270128,67.83666628599167,0.0,6.458333333333333,0,3,96
2815,270296,62.628332398831844,0.03125,7.010416666666667,0,2,96
2816,270336,69.86833363771439,0.0,6.135416666666667,0,1,96
2817,270336,69.5133338868618,0.0,5.916666666666667,0,2,96
2818,270336,68.9283334761858,0.0,6.072916666666667,0,3,96
2819,270336,56.141665905714035,0.09375,7.177083333333333,0,3,96
2820,270472,61.38666585832834,0.02083333333333337,7.208333333333333,0,4,96
2821,270672,66.2716670781374,0.03125,5.864583333333333,0,3,96
2822,270896,58.44166573882103,0.0625,6.989583333333333,0,4,96
2823,271064,62.3499995470047,0.03125,6.6875,0,3,96
2824,271104,59.11166623979807,0.04166666666666663,7.114583333333333,0,6,96
2825,271104,58.143332839012146,0.0625,6.791666666666667,0,7,96
2826,271104,62.034999683499336,0.02083333333333337,7.28125,0,3,96
2827,271104,66.76833349466324,0.02083333333333337,6.072916666666667,0,3,96
2828,271240,60.31666639447212,0.01041666666666663,7.395833333333333,0,7,96
2829,271440,63.573332861065865,0.03125,6.541666666666667,0,4,96
2830,271664,62.503332775086164,0.02083333333333337,6.604166666666667,0,5,96
2831,271832,68.19999998807907,0.0,6.125,0,5,96
2832,271872,62.46333298832178,0.01041666666666663,6.916666666666667,0,7,96
2833,271872,66.96333356201649,0.0,6.104166666666667,0,6,96
2834,271872,57.26166690886021,0.0625,7.302083333333333,0,5,96
2835,271872,69.78333358466625,0.0,6.041666666666667,0,2,96
2836,272008,62.558333076536655,0.01041666666666663,7.635416666666667,0,2,96
2837,272208,57.311666548252106,0.04166666666666663,7.302083333333333,0,7,96
2838,272432,66.36333356797695,0.01041666666666663,5.979166666666667,0,6,96
2839,272600,60.74166622757912,0.02083333333333337,7.489583333333333,0,4,96
2840,272640,57.84666685760021,0.07291666666666663,6.520833333333333,0,6,96
2841,272640,59.91333295404911,0.03125,7.104166666666667,0,6,96
2842,272640,65.26499995589256,0.01041666666666663,6.46875,0,3,96
2843,272640,63.77666638791561,0.03125,6.458333333333333,0,4,96
2844,272776,60.941666319966316,0.03125,7.552083333333333,0,2,96
2845,272976,59.34499989449978,0.03125,7.53125,0,4,96
2846,273200,60.55833272635937,0.03125,7.072916666666667,0,5,96
2847,273368,60.024999752640724,0.01041666666666663,7.84375,0,4,96
2848,273408,63.02833220362663,0.01041666666666663,7.010416666666667,0,4,96
2849,273408,65.44999887794256,0.0,7.1875,0,2,96
2850,273408,59.94000019133091,0.03125,7.375,0,5,96
2851,273408,58.3449998870492,0.04166666666666663,7.59375,0,3,96
2852,273544,60.75833296775818,0.04166666666666663,6.822916666666667,0,4,96
2853,273744,63.48666650056839,0.02083333333333337,6.458333333333333,0,5,96
2854,273968,58.17833369970322,0.01041666666666663,7.760416666666667,0,8,96
2855,274136,60.748332381248474,0.05208333333333337,6.885416666666667,0,3,96
2856,274176,62.30999916791916,0.04166666666666663,6.75,0,3,96
2857,274176,63.556666892021894,0.04166666666666663,6.083333333333333,0,4,96
2858,274176,63.08666668832302,0.04166666666666663,6.270833333333333,0,4,96
2859,274176,62.3833329975605,0.01041666666666663,7.416666666666667,0,3,96
2860,274312,63.563332945108414,0.0,7.229166666666667,0,4,96
2861,274512,61.02499894797802,0.04166666666666663,6.78125,0,5,96
2862,274736,61.35499931871891,0.02083333333333337,7.40625,0,2,96
2863,274904,60.07833297550678,0.0625,6.510416666666667,0,5,96
2864,274944,58.758333154022694,0.08333333333333337,6.635416666666667,0,3,96
2865,274944,66.84833350777626,0.03125,6.010416666666667,0,2,96
2866,274944,65.24666556715965,0.0,7.083333333333333,0,3,96
2867,274944,59.379999592900276,0.04166666666666663,7.5625,0,2,96
2868,275080,63.88333282619715,0.04166666666666663,6.479166666666667,0,2,96
2869,275280,65.19333223998547,0.0,7.104166666666667,0,3,96
2870,275504,65.7150002270937,0.02083333333333337,6.21875,0,3,96
2871,275672,62.40666598081589,0.04166666666666663,6.583333333333333,0,4,96
2872,275712,67.08000022172928,0.02083333333333337,6.1875,0,1,96
2873,275712,64.96833325922489,0.04166666666666663,6.197916666666667,0,2,96
2874,275712,60.16666613519192,0.04166666666666663,7.270833333333333,0,2,96
2875,275712,61.711665481328964,0.04166666666666663,6.864583333333333,0,3,96
2876,275848,58.9466657564044,0.05208333333333337,7.395833333333333,0,2,96
2877,276048,58.0783324688673,0.0625,7.010416666666667,0,5,96
2878,276272,62.90166728943586,0.0,7.802083333333333,0,1,96
2879,276440,62.7016663774848,0.01041666666666663,6.739583333333333,0,7,96
2880,276480,63.60833278298378,0.02083333333333337,6.697916666666667,0,3,96
2881,276480,62.364999406039715,0.02083333333333337,7.34375,0,3,96
2882,276480,59.29666644334793,0.04166666666666663,7.333333333333333,0,4,96
2883,276480,61.051665633916855,0.04166666666666663,7.052083333333333,0,3,96
2884,276616,63.15166641026735,0.01041666666666663,7.177083333333333,0,4,96
2885,276816,64.0650010406971,0.0,7.59375,0,1,96
2886,277040,63.239999912679195,0.0,7.5,0,3,96
2887,277208,64.44333292543888,0.02083333333333337,6.604166666666667,0,4,96
2888,277248,63.138333186507225,0.03125,6.260416666666667,0,7,96
2889,277248,59.28166648745537,0.08333333333333337,6.364583333333333,0,4,96
2890,277248,67.20166669785976,0.02083333333333337,6.114583333333333,0,3,96
2891,277248,65.4033334851265,0.03125,6.104166666666667,0,4,96
2892,277384,61.29666634649038,0.02083333333333337,7.395833333333333,0,4,96
2893,277584,63.52166639268398,0.03125,6.489583333333333,0,4,96
2894,277808,65.28999927639961,0.01041666666666663,6.6875,0,3,96
2895,277976,60.188333712518215,0.03125,7.635416666666667,0,2,96
2896,278016,64.34999905526638,0.02083333333333337,6.875,0,3,96
2897,278016,66.42500007152557,0.01041666666666663,6.15625,0,4,96
2898,278016,62.706665731966496,0.02083333333333337,6.895833333333333,0,4,96
2899,278016,62.12666664272547,0.0,7.458333333333333,0,5,96
2900,278152,63.62666656821966,0.0,6.708333333333333,0,7,96
2901,278352,55.69999944418669,0.09375,7.25,0,2,96
2902,278576,63.32666642963886,0.03125,6.458333333333333,0,4,96
2903,278744,59.82999987900257,0.03125,7.5,0,3,96
2904,278784,65.32333265244961,0.02083333333333337,6.604166666666667,0,2,96
2905,278784,63.66499970853329,0.02083333333333337,6.40625,0,6,96
2906,278784,60.678332321345806,0.04166666666666663,7.197916666666667,0,3,96
2907,278784,60.17999968677759,0.0625,6.5625,0,4,96
2908,278920,65.79499954730272,0.01041666666666663,6.59375,0,3,96
2909,279120,58.616666592657566,0.08333333333333337,6.645833333333333,0,3,96
2910,279344,64.42833203077316,0.01041666666666663,7.135416666666667,0,3,96
2911,279512,57.5166659578681,0.0625,7.333333333333333,0,3,96
2912,279552,56.98833268880844,0.05208333333333337,7.572916666666667,0,3,96
2913,279552,69.36000029742718,0.0,6.125,0,1,96
2914,279552,61.16333345323801,0.02083333333333337,7.416666666666667,0,3,96
2915,279552,58.86833281069994,0.04166666666666663,7.197916666666667,0,4,96
2916,279688,66.47500009089708,0.02083333333333337,6.28125,0,2,96
2917,279888,59.36166554689407,0.07291666666666663,6.927083333333333,0,1,96
2918,280112,65.4349996894598,0.0,6.53125,0,4,96
2919,280280,67.4150001257658,0.0,6.21875,0,3,96
2920,280320,63.72999915480614,0.02083333333333337,6.625,0,5,96
2921,280320,65.3833329230547,0.01041666666666663,6.604166666666667,0,2,96
2922,280320,64.72833369672298,0.05208333333333337,5.822916666666667,0,3,96
2923,280320,57.928333438932896,0.0625,7.260416666666667,0,3,96
2924,280456,64.68500021100044,0.03125,6.21875,0,3,96
2925,280656,66.12166653573513,0.01041666666666663,6.427083333333333,0,3,96
2926,280880,59.529999405145645,0.0625,7.0625,0,2,96
2927,281048,61.89666587859392,0.02083333333333337,7.270833333333333,0,3,96
2928,281088,61.88333314657211,0.05208333333333337,6.604166666666667,0,3,96
2929,281088,64.47166639566422,0.0,7.427083333333333,0,2,96
2930,281088,60.49500024318695,0.03125,7.65625,0,1,96
2931,281088,63.258332297205925,0.02083333333333337,6.885416666666667,0,3,96
2932,281224,60.476667016744614,0.02083333333333337,7.708333333333333,0,2,96
2933,281424,59.94666749238968,0.01041666666666663,7.895833333333333,0,3,96
2934,281648,60.26833266019821,0.03125,6.947916666666667,0,6,96
2935,281816,63.30833246558905,0.03125,6.760416666666667,0,4,96
2936,281856,61.16666582226753,0.05208333333333337,6.770833333333333,0,3,96
2937,281856,62.80333264172077,0.03125,6.916666666666667,0,3,96
2938,281856,59.22833264619112,0.0625,6.760416666666667,0,4,96
2939,281856,68.63166688382626,0.0,6.177083333333333,0,1,96
2940,281992,62.358332850039005,0.03125,6.760416666666667,0,3,96
2941,282192,59.75333272665739,0.05208333333333337,6.979166666666667,0,2,96
2942,282416,67.63333347439766,0.0,6.354166666666667,0,3,96
2943,282584,66.34166670590639,0.01041666666666663,6.489583333333333,0,2,96
2944,282624,58.80333263427019,0.03125,7.229166666666667,0,8,96
2945,282624,62.87999877333641,0.02083333333333337,7.0625,0,3,96
2946,282624,60.35333254933357,0.07291666666666663,6.666666666666667,0,2,96
2947,282624,62.83499900996685,0.02083333333333337,6.96875,0,4,96
2948,282760,59.35166570544243,0.04166666666666663,7.052083333333333,0,6,96
2949,282960,62.400000154972076,0.03125,6.5625,0,6,96
2950,283184,59.69666622579098,0.04166666666666663,6.645833333333333,0,7,96
2951,283352,67.20166694372892,0.0,6.302083333333333,0,3,96
2952,283392,63.901666447520256,0.03125,6.427083333333333,0,3,96
2953,283392,57.14333278685808,0.0625,7.354166666666667,0,4,96
2954,283392,62.548333540558815,0.01041666666666663,7.572916666666667,0,2,96
2955,283392,51.61833294481039,0.11458333333333337,7.322916666666667,0,5,96
2956,283528,64.09999950230122,0.02083333333333337,6.5,0,4,96
2957,283728,63.3899999409914,0.01041666666666663,6.3125,0,9,96
2958,283952,68.24833343923092,0.0,6.197916666666667,0,2,96
2959,284120,66.39833319187164,0.01041666666666663,6.260416666666667,0,4,96
2960,284160,53.22333327680826,0.09375,7.479166666666667,0,6,96
2961,284160,55.971666626632214,0.0625,7.552083333333333,0,5,96
2962,284160,63.17666610702872,0.02083333333333337,6.645833333333333,0,3,96
2963,284160,68.28833327442408,0.0,6.322916666666667,0,2,96
2964,284296,66.98833321034908,0.0,6.385416666666667,0,2,96
2965,284496,60.15166640281677,0.02083333333333337,7.489583333333333,0,4,96
2966,284720,66.81666678190231,0.0,6.270833333333333,0,4,96
2967,284888,63.584999680519104,0.03125,6.34375,0,6,96
2968,284928,61.778332494199276,0.01041666666666663,7.010416666666667,0,6,96
2969,284928,62.48166608065367,0.0,7.302083333333333,0,6,96
2970,284928,68.19833354651928,0.01041666666666663,5.947916666666667,0,3,96
2971,284928,58.54666608572006,0.04166666666666663,7.145833333333333,0,7,96
2972,285064,64.31666656583548,0.02083333333333337,6.395833333333333,0,5,96
2973,285264,53.49833299219608,0.08333333333333337,7.385416666666667,0,6,96
2974,285488,68.5650003105402,0.0,5.84375,0,6,96
2975,285656,59.77999919652939,0.0625,6.8125,0,2,96
2976,285696,68.75833337008953,0.0,6.260416666666667,0,2,96
2977,285696,57.9733332619071,0.04166666666666663,7.416666666666667,0,5,96
2978,285696,67.93833349645138,0.01041666666666663,6.072916666666667,0,3,96
2979,285696,57.3133327588439,0.07291666666666663,6.666666666666667,0,7,96
2980,285832,60.14499959349632,0.03125,7.03125,0,7,96
2981,286032,53.57833328098059,0.08333333333333337,7.072916666666667,0,7,96
2982,286256,63.76500006020069,0.05208333333333337,6.09375,0,4,96
2983,286424,61.853332586586475,0.02083333333333337,7.229166666666667,0,4,96
2984,286464,66.1716666072607,0.02083333333333337,6.052083333333333,0,5,96
2985,286464,61.96666570007801,0.03125,6.958333333333333,0,3,96
2986,286464,65.67666663229465,0.01041666666666663,6.270833333333333,0,4,96
2987,286464,62.93499992787838,0.04166666666666663,6.34375,0,4,96
2988,286600,53.27000040560961,0.08333333333333337,7.5625,0,5,96
2989,286800,62.49499958753586,0.04166666666666663,6.40625,0,4,96
2990,287024,61.536666102707386,0.02083333333333337,7.333333333333333,0,4,96
2991,287192,64.62999895960093,0.01041666666666663,7.0625,0,2,96
2992,287232,61.0416666790843,0.01041666666666663,7.427083333333333,0,6,96
2993,287232,67.75333324074745,0.01041666666666663,6.229166666666667,0,2,96
2994,287232,60.32666655629873,0.02083333333333337,7.395833333333333,0,5,96
2995,287232,66.61833353340626,0.0,6.447916666666667,0,4,96
2996,287368,61.76499956101179,0.03125,6.96875,0,3,96
2997,287568,63.24833267182112,0.02083333333333337,6.947916666666667,0,3,96
2998,287792,68.59166686236858,0.0,6.114583333333333,0,3,96
2999,287960,59.21166595816612,0.05208333333333337,6.739583333333333,0,6,96
3000,288000,66.99000000953674,0.01041666666666663,6.25,0,2,96
3001,288000,67.04166712984443,0.0,5.927083333333333,0,6,96
3002,288000,67.24833318591118,0.0,6.260416666666667,0,4,96
3003,288000,64.02833342552185,0.03125,6.135416666666667,0,5,96
3004,288136,64.02499924600124,0.03125,6.59375,0,3,96
3005,288336,64.00333290547132,0.01041666666666663,7.354166666666667,0,2,96
3006,288560,67.86000007390976,0.0,6.125,0,4,96
3007,288728,58.72666649520397,0.04166666666666663,7.395833333333333,0,5,96
3008,288768,60.26499965041876,0.03125,7.09375,0,5,96
3009,288768,68.8683335185051,0.0,5.947916666666667,0,4,96
3010,288768,70.90333387255669,0.0,5.854166666666667,0,2,96
3011,288768,62.30666600167751,0.04166666666666663,6.645833333333333,0,4,96
3012,288904,62.87499991059303,0.02083333333333337,7.46875,0,1,96
3013,289104,64.64999978989363,0.01041666666666663,7.125,0,2,96
3014,289328,61.07166601717472,0.07291666666666663,6.552083333333333,0,2,96
3015,289496,63.06499897688627,0.02083333333333337,6.96875,0,3,96
3016,289536,58.461666747927666,0.08333333333333337,6.364583333333333,0,5,96
3017,289536,46.70166685432196,0.1875,7.364583333333333,0,1,96
3018,289536,58.66999925673008,0.07291666666666663,6.625,0,6,96
3019,289536,59.11666618287563,0.0625,6.708333333333333,0,5,96
3020,289672,57.799999698996544,0.05208333333333337,7.4375,0,4,96
3021,289872,60.46166568994522,0.05208333333333337,6.739583333333333,0,4,96
3022,290096,58.19666641950607,0.0625,7.458333333333333,0,1,96
3023,290264,60.318332366645336,0.05208333333333337,7.135416666666667,0,2,96
3024,290304,62.31666523218155,0.05208333333333337,6.833333333333333,0,2,96
3025,290304,67.7783334851265,0.0,6.010416666666667,0,6,96
3026,290304,62.96833357214928,0.0,7.510416666666667,0,4,96
3027,290304,55.183333188295364,0.11458333333333337,6.229166666666667,0,6,96
3028,290440,64.33833238482475,0.01041666666666663,6.760416666666667,0,4,96
3029,290640,60.11666624248028,0.0625,6.520833333333333,0,5,96
3030,290864,58.5816660374403,0.07291666666666663,6.864583333333333,0,4,96
3031,291032,63.65166661888361,0.02083333333333337,6.489583333333333,0,5,96
3032,291072,68.49833370745182,0.0,6.072916666666667,0,3,96
3033,291072,66.24833242595196,0.0,6.947916666666667,0,2,96
3034,291072,65.06000012159348,0.04166666666666663,6.0,0,3,96
3035,291072,64.90666687116027,0.04166666666666663,6.020833333333333,0,3,96
3036,291208,68.55500012636185,0.01041666666666663,6.03125,0,2,96
3037,291408,65.47500015795231,0.03125,6.09375,0,4,96
3038,291632,62.41499888151884,0.02083333333333337,7.15625,0,3,96
3039,291800,59.356666307896376,0.03125,7.583333333333333,0,4,96
3040,291840,65.19666565209627,0.0,7.145833333333333,0,2,96
3041,291840,66.41666679084301,0.01041666666666663,6.083333333333333,0,6,96
3042,291840,65.45999860018492,0.0,7.125,0,2,96
3043,291840,57.94999901205301,0.07291666666666663,7.0625,0,4,96
3044,291976,59.34333263337612,0.05208333333333337,7.229166666666667,0,4,96
3045,292176,61.854999750852585,0.0625,6.21875,0,5,96
3046,292400,60.1150002554059,0.02083333333333337,7.28125,0,6,96
3047,292568,68.88500037044287,0.0,5.96875,0,3,96
3048,292608,63.511665999889374,0.04166666666666663,6.552083333333333,0,2,96
3049,292608,63.639998614788055,0.01041666666666663,7.0,0,4,96
3050,292608,64.1966666392982,0.02083333333333337,6.270833333333333,0,6,96
3051,292608,57.934999257326126,0.07291666666666663,6.90625,0,4,96
3052,292744,59.47833316028118,0.07291666666666663,6.135416666666667,0,7,96
3053,292944,68.71333353221416,0.0,6.229166666666667,0,2,96
3054,293168,63.68499993905425,0.03125,6.15625,0,6,96
3055,293336,69.21000020205975,0.0,6.125,0,2,96
3056,293376,66.5666669383645,0.0,6.208333333333333,0,5,96
3057,293376,59.353332690894604,0.0625,7.229166666666667,0,2,96
3058,293376,62.18499964475632,0.0,7.28125,0,5,96
3059,293376,62.268333464860916,0.04166666666666663,6.072916666666667,0,7,96
3060,293512,63.341666117310524,0.04166666666666663,6.427083333333333,0,4,96
3061,293712,54.288333140313625,0.09375,6.885416666666667,0,7,96
3062,293936,61.79333274066448,0.02083333333333337,7.291666666666667,0,3,96
3063,294104,57.99833274632692,0.0625,6.947916666666667,0,6,96
3064,294144,61.92499911040068,0.02083333333333337,7.15625,0,5,96
3065,294144,64.68333326652646,0.01041666666666663,6.291666666666667,0,5,96
3066,294144,64.04833292588592,0.01041666666666663,6.510416666666667,0,5,96
3067,294144,62.41499950736761,0.01041666666666663,7.40625,0,4,96
3068,294280,62.775000020861626,0.03125,6.28125,0,6,96
3069,294480,61.56666585803032,0.03125,7.208333333333333,0,3,96
3070,294704,65.61166661977768,0.02083333333333337,6.302083333333333,0,3,96
3071,294872,59.22499938309193,0.05208333333333337,7.03125,0,4,96
3072,294912,65.33499853312969,0.01041666666666663,6.96875,0,2,96
3073,294912,59.3433328717947,0.05208333333333337,7.041666666666667,0,4,96
3074,294912,67.18666629493237,0.0,6.458333333333333,0,2,96
3075,294912,64.05500009655952,0.03125,6.28125,0,4,96
3076,295048,62.29833223670721,0.02083333333333337,7.072916666666667,0,3,96
3077,295248,64.91333340108395,0.01041666666666663,6.291666666666667,0,5,96
3078,295472,52.77999983727932,0.09375,7.0625,0,8,96
3079,295640,66.9583331644535,0.0,6.322916666666667,0,3,96
3080,295680,58.69166601449251,0.05208333333333337,7.302083333333333,0,4,96
3081,295680,63.96999907493591,0.02083333333333337,6.75,0,4,96
3082,295680,66.91833303496242,0.0,6.197916666666667,0,4,96
3083,295680,52.27166625112295,0.10416666666666663,7.239583333333333,0,6,96
3084,295816,59.93166542053223,0.05208333333333337,6.864583333333333,0,4,96
3085,296016,58.591665998101234,0.07291666666666663,6.739583333333333,0,4,96
3086,296240,60.41999925673008,0.05208333333333337,6.8125,0,4,96
3087,296408,64.27333295345306,0.02083333333333337,6.416666666666667,0,5,96
3088,296448,59.42833259701729,0.08333333333333337,6.510416666666667,0,3,96
3089,296448,58.64833340793848,0.03125,7.510416666666667,0,5,96
3090,296448,64.35166677460074,0.03125,6.052083333333333,0,6,96
3091,296448,60.721666127443314,0.05208333333333337,6.489583333333333,0,5,96
3092,296584,70.37833367288113,0.0,5.947916666666667,0,1,96
3093,296784,61.92166581749916,0.02083333333333337,7.239583333333333,0,3,96
3094,297008,62.21500103920698,0.0,7.90625,0,1,96
3095,297176,62.11666585505009,0.02083333333333337,7.145833333333333,0,4,96
3096,297216,61.05499975383282,0.0625,6.21875,0,6,96
3097,297216,64.97833263874054,0.01041666666666663,6.572916666666667,0,5,96
3098,297216,53.80833274126053,0.11458333333333337,6.947916666666667,0,5,96
3099,297216,62.924999073147774,0.01041666666666663,6.96875,0,6,96
3100,297352,58.971665650606155,0.05208333333333337,6.864583333333333,0,5,96
3101,297552,67.65333339571953,0.01041666666666663,6.104166666666667,0,3,96
3102,297776,55.586666360497475,0.08333333333333337,7.333333333333333,0,3,96
3103,297944,59.51166642457247,0.03125,7.427083333333333,0,4,96
3104,297984,63.80666647851467,0.04166666666666663,6.333333333333333,0,3,96
3105,297984,58.63999942690134,0.04166666666666663,7.3125,0,5,96
3106,297984,61.50833269953728,0.0625,6.572916666666667,0,2,96
3107,297984,57.95666681975126,0.10416666666666663,6.083333333333333,0,5,96
3108,298120,57.45833282917738,0.07291666666666663,7.010416666666667,0,3,96
3109,298320,60.65333239734173,0.05208333333333337,6.854166666666667,0,4,96
3110,298544,64.4049992710352,0.03125,6.59375,0,2,96
3111,298712,63.3949990272522,0.02083333333333337,7.21875,0,2,96
3112,298752,65.16833251714706,0.01041666666666663,6.885416666666667,0,2,96
3113,298752,62.43499857187271,0.03125,7.03125,0,2,96
3114,298752,59.57999939471483,0.05208333333333337,6.8125,0,5,96
3115,298752,55.40499922633171,0.09375,7.28125,0,3,96
3116,298888,60.7883331105113,0.04166666666666663,6.947916666666667,0,3,96
3117,299088,66.02333380281925,0.01041666666666663,6.041666666666667,0,6,96
3118,299312,57.14666647464037,0.09375,6.833333333333333,0,3,96
3119,299480,62.15666674077511,0.05208333333333337,6.083333333333333,0,6,96
3120,299520,62.04666620120406,0.02083333333333337,6.458333333333333,0,8,96
3121,299520,59.8416665494442,0.05208333333333337,6.427083333333333,0,7,96
3122,299520,64.17499917000532,0.0,7.40625,0,2,96
3123,299520,61.24499989673495,0.05208333333333337,6.28125,0,5,96
3124,299656,60.26333337277174,0.03125,7.604166666666667,0,2,96
3125,299856,67.79500049352646,0.02083333333333337,5.96875,0,2,96
3126,300080,56.03166592121124,0.08333333333333337,6.927083333333333,0,5,96
3127,300248,56.91166579723358,0.0625,6.989583333333333,0,6,96
3128,300288,62.673333048820496,0.03125,6.479166666666667,0,5,96
3129,300288,56.70666627585888,0.08333333333333337,6.583333333333333,0,6,96
3130,300288,57.23999933153391,0.0625,7.0,0,5,96
3131,300288,67.69500040635467,0.0,6.03125,0,4,96
3132,300424,64.7149998396635,0.02083333333333337,6.21875,0,5,96
3133,300624,66.44166661798954,0.0,6.302083333333333,0,5,96
3134,300848,64.73166704177856,0.03125,5.927083333333333,0,6,96
3135,301016,60.04833300411701,0.02083333333333337,7.322916666666667,0,6,96
3136,301056,58.324999406933784,0.05208333333333337,6.84375,0,6,96
3137,301056,62.436665900051594,0.02083333333333337,7.208333333333333,0,3,96
3138,301056,65.77666670084,0.01041666666666663,6.145833333333333,0,4,96
3139,301056,67.65333376824856,0.0,5.979166666666667,0,5,96
3140,301192,58.46166577935219,0.05208333333333337,7.052083333333333,0,5,96
3141,301392,56.54999952018261,0.07291666666666663,7.3125,0,4,96
3142,301616,66.02166663110256,0.01041666666666663,6.302083333333333,0,2,96
3143,301784,64.8216667175293,0.03125,6.114583333333333,0,3,96
3144,301824,66.41166549921036,0.0,7.052083333333333,0,1,96
3145,301824,63.68999886512756,0.01041666666666663,7.0625,0,3,96
3146,301824,62.733331859111786,0.03125,6.979166666666667,0,2,96
3147,301824,60.26666663214564,0.0625,6.083333333333333,0,7,96
3148,301960,57.663332901895046,0.0625,7.354166666666667,0,4,96
3149,302160,61.80666607618332,0.01041666666666663,7.270833333333333,0,6,96
3150,302384,61.59000010788441,0.02083333333333337,7.5,0,2,96
3151,302552,59.80333239585161,0.05208333333333337,6.979166666666667,0,4,96
3152,302592,57.98833276331425,0.03125,7.322916666666667,0,8,96
3153,302592,66.47833326458931,0.01041666666666663,6.197916666666667,0,5,96
3154,302592,61.35166622698307,0.01041666666666663,7.427083333333333,0,5,96
3155,302592,62.6916664019227,0.02083333333333337,7.052083333333333,0,3,96
3156,302728,65.22499868273735,0.0,7.03125,0,3,96
3157,302928,58.074999533593655,0.05208333333333337,7.21875,0,5,96
3158,303152,60.399999000132084,0.05208333333333337,7.1875,0,2,96
3159,303320,64.64666681364179,0.0,6.145833333333333,0,8,96
3160,303360,58.89499954879284,0.07291666666666663,6.78125,0,3,96
3161,303360,65.88166704773903,0.02083333333333337,5.927083333333333,0,4,96
3162,303360,66.38500021398067,0.02083333333333337,5.96875,0,3,96
3163,303360,59.533333122730255,0.03125,7.354166666666667,0,5,96
3164,303496,67.19666710495949,0.0,6.020833333333333,0,5,96
3165,303696,60.43999955058098,0.03125,7.4375,0,3,96
3166,303920,64.8633334748447,0.01041666666666663,6.104166666666667,0,8,96
3167,304088,60.52333281934261,0.02083333333333337,7.354166666666667,0,4,96
3168,304128,58.80000004917383,0.03125,7.5,0,4,96
3169,304128,57.74499948322773,0.07291666666666663,6.59375,0,6,96
3170,304128,51.08499934524298,0.11458333333333337,6.96875,0,9,96
3171,304128,67.38833303749561,0.0,6.447916666666667,0,3,96
3172,304264,59.38166615366936,0.03125,6.864583333333333,0,7,96
3173,304464,63.28666590899229,0.01041666666666663,7.270833333333333,0,3,96
3174,304688,55.69833352416754,0.05208333333333337,7.635416666666667,0,5,96
3175,304856,58.156666189432144,0.03125,7.395833333333333,0,7,96
3176,304896,61.41666582226753,0.03125,7.145833333333333,0,3,96
3177,304896,64.66166660189629,0.02083333333333337,6.239583333333333,0,5,96
3178,304896,59.68166644126177,0.02083333333333337,7.427083333333333,0,6,96
3179,304896,61.32833352684975,0.0625,6.010416666666667,0,6,96
3180,305032,61.9083331823349,0.03125,6.322916666666667,0,8,96
3181,305232,61.39333263039589,0.05208333333333337,6.729166666666667,0,2,96
3182,305456,63.438333824276924,0.0,7.447916666666667,0,3,96
3183,305624,68.41333332657814,0.0,6.291666666666667,0,2,96
3184,305664,64.5799995213747,0.01041666666666663,6.625,0,4,96
3185,305664,61.431665785610676,0.01041666666666663,7.177083333333333,0,6,96
3186,305664,63.328333273530006,0.04166666666666663,6.385416666666667,0,2,96
3187,305664,59.8833332657814,0.0625,6.354166666666667,0,5,96
3188,305800,64.81499986350536,0.01041666666666663,6.34375,0,6,96
3189,306000,67.98500019311905,0.0,6.03125,0,4,96
3190,306224,59.69833306968212,0.04166666666666663,7.447916666666667,0,3,96
3191,306392,62.368332378566265,0.02083333333333337,7.197916666666667,0,4,96
3192,306432,66.34500017017126,0.0,6.28125,0,5,96
3193,306432,54.524999633431435,0.08333333333333337,7.28125,0,6,96
3194,306432,59.976666167378426,0.05208333333333337,6.770833333333333,0,5,96
3195,306432,60.5866666585207,0.07291666666666663,6.270833333333333,0,3,96
3196,306568,62.77833220362663,0.02083333333333337,7.072916666666667,0,3,96
3197,306768,62.091665893793106,0.02083333333333337,7.239583333333333,0,4,96
3198,306992,59.40166613459587,0.0625,6.427083333333333,0,7,96
3199,307160,62.644999265670776,0.04166666666666663,6.65625,0,4,96
3200,307200,59.788333125412464,0.05208333333333337,6.885416666666667,0,4,96
3201,307200,62.83333381265402,0.02083333333333337,7.291666666666667,0,1,96
3202,307200,60.47499956935644,0.02083333333333337,7.28125,0,6,96
3203,307200,63.111665189266205,0.03125,6.989583333333333,0,3,96
3204,307336,68.60333333909512,0.0,6.166666666666667,0,2,96
3205,307536,57.264999240636826,0.08333333333333337,7.21875,0,2,96
3206,307760,62.74999916553497,0.02083333333333337,7.0625,0,4,96
3207,307928,62.22499944269657,0.05208333333333337,6.46875,0,3,96
3208,307968,59.478332951664925,0.04166666666666663,7.385416666666667,0,4,96
3209,307968,61.04666568338871,0.03125,7.020833333333333,0,4,96
3210,307968,64.47166629135609,0.0,6.489583333333333,0,7,96
3211,307968,63.20166656374931,0.04166666666666663,6.239583333333333,0,4,96
3212,308104,64.88333367928863,0.04166666666666663,5.791666666666667,0,5,96
3213,308304,58.13166564702988,0.07291666666666663,6.739583333333333,0,4,96
3214,308528,62.83999912440777,0.01041666666666663,7.1875,0,3,96
3215,308696,62.946665927767754,0.01041666666666663,7.208333333333333,0,4,96
3216,308736,63.56333212554455,0.01041666666666663,7.041666666666667,0,4,96
3217,308736,63.33999874442816,0.01041666666666663,7.125,0,4,96
3218,308736,63.364999398589134,0.02083333333333337,6.59375,0,6,96
3219,308736,65.58333194255829,0.0,7.041666666666667,0,2,96
3220,308872,62.54499917477369,0.02083333333333337,7.21875,0,3,96
3221,309072,64.75333284586668,0.02083333333333337,6.604166666666667,0,3,96
3222,309296,68.67000037431717,0.02083333333333337,6.0,0,0,96
3223,309464,61.49999962747097,0.0,7.4375,0,6,96
3224,309504,65.76333288103342,0.0,6.416666666666667,0,4,96
3225,309504,68.47000025212765,0.01041666666666663,6.0,0,2,96
3226,309504,62.489998906850815,0.03125,6.9375,0,3,96
3227,309504,68.72166664898396,0.0,6.177083333333333,0,2,96
3228,309640,59.03999975323677,0.08333333333333337,6.5,0,3,96
3229,309840,65.64666675031185,0.03125,6.020833333333333,0,4,96
3230,310064,61.218332663178444,0.03125,7.260416666666667,0,3,96
3231,310232,63.00833250582218,0.01041666666666663,7.135416666666667,0,3,96
3232,310272,65.40666681528091,0.02083333333333337,6.083333333333333,0,5,96
3233,310272,58.73499969393015,0.0625,6.59375,0,6,96
3234,310272,56.933332562446594,0.08333333333333337,6.729166666666667,0,5,96
3235,310272,60.98833291232586,0.03125,6.822916666666667,0,6,96
3236,310408,59.34333270788193,0.0625,6.479166666666667,0,5,96
3237,310608,58.45666617155075,0.07291666666666663,6.583333333333333,0,6,96
3238,310832,62.47499953955412,0.02083333333333337,7.28125,0,3,96
3239,311000,63.709999188780785,0.03125,6.6875,0,2,96
3240,311040,64.96666691824794,0.02083333333333337,5.895833333333333,0,7,96
3241,311040,68.00166653096676,0.0,6.302083333333333,0,2,96
3242,311040,65.70666594803333,0.0,6.708333333333333,0,3,96
3243,311040,66.34333316981792,0.0,6.354166666666667,0,4,96
3244,311176,65.30166605114937,0.0,6.614583333333333,0,4,96
3245,311376,60.983332857489586,0.03125,6.604166666666667,0,8,96
3246,311600,60.24999890476465,0.04166666666666663,7.1875,0,3,96
3247,311768,54.83833286166191,0.0625,7.072916666666667,0,9,96
3248,311808,68.11166693270206,0.01041666666666663,5.864583333333333,0,3,96
3249,311808,60.99499939382076,0.04166666666666663,6.78125,0,4,96
3250,311808,65.76166653633118,0.01041666666666663,6.177083333333333,0,5,96
3251,311808,59.584999330341816,0.04166666666666663,6.90625,0,7,96
3252,311944,61.40166661888361,0.0,7.364583333333333,0,7,96
3253,312144,67.82166680693626,0.0,6.052083333333333,0,5,96
3254,312368,61.431666381657124,0.04166666666666663,6.489583333333333,0,6,96
3255,312536,65.7649995982647,0.02083333333333337,6.46875,0,3,96
3256,312576,64.62333330512047,0.01041666666666663,6.229166666666667,0,7,96
3257,312576,55.79666592925787,0.0625,6.895833333333333,0,9,96
3258,312576,57.119999535381794,0.05208333333333337,7.0,0,8,96
3259,312576,56.04833257198334,0.07291666666666663,7.010416666666667,0,6,96
3260,312712,61.32666639238596,0.04166666666666663,6.708333333333333,0,5,96
3261,312912,60.03999903798103,0.05208333333333337,6.8125,0,5,96
3262,313136,65.75666576623917,0.0,7.208333333333333,0,2,96
3263,313304,66.88499948382378,0.0,6.40625,0,4,96
3264,313344,58.896666027605534,0.04166666666666663,7.145833333333333,0,4,96
3265,313344,61.53333227336407,0.04166666666666663,6.854166666666667,0,5,96
3266,313344,61.710000179708004,0.03125,7.3125,0,2,96
3267,313344,61.931665390729904,0.03125,7.052083333333333,0,4,96
3268,313480,62.39166648685932,0.05208333333333337,6.177083333333333,0,6,96
3269,313680,57.00666689872742,0.05208333333333337,7.708333333333333,0,3,96
3270,313904,53.90166578441858,0.11458333333333337,6.989583333333333,0,4,96
3271,314072,60.9283322840929,0.03125,7.010416666666667,0,4,96
3272,314112,61.53166553378105,0.03125,6.927083333333333,0,5,96
3273,314112,52.28499934822321,0.13541666666666663,6.84375,0,4,96
3274,314112,67.29833361506462,0.01041666666666663,6.072916666666667,0,3,96
3275,314112,60.53166663646698,0.03125,7.489583333333333,0,3,96
3276,314248,68.49000039696693,0.01041666666666663,5.875,0,3,96
3277,314448,64.02833211421967,0.02083333333333337,6.947916666666667,0,2,96
3278,314672,64.62666693329811,0.04166666666666663,5.895833333333333,0,4,96
3279,314840,63.22166559845209,0.02083333333333337,7.177083333333333,0,3,96
3280,314880,62.1966660246253,0.02083333333333337,7.270833333333333,0,3,96
3281,314880,69.33000014722347,0.0,6.0625,0,3,96
3282,314880,53.20166628062725,0.125,6.614583333333333,0,7,96
3283,314880,68.02333371341228,0.0,5.979166666666667,0,5,96
3284,315016,55.193332597613335,0.10416666666666663,6.666666666666667,0,6,96
3285,315216,61.56499844789505,0.05208333333333337,7.03125,0,2,96
3286,315440,62.39166550338268,0.04166666666666663,6.802083333333333,0,3,96
3287,315608,65.07833178341389,0.01041666666666663,7.010416666666667,0,2,96
3288,315648,64.1316654458642,0.02083333333333337,7.052083333333333,0,2,96
3289,315648,64.43333329260349,0.04166666666666663,6.291666666666667,0,2,96
3290,315648,67.04166595637798,0.0,6.552083333333333,0,3,96
3291,315648,60.6099995970726,0.03125,7.3125,0,4,96
3292,315784,64.83499920368195,0.02083333333333337,6.71875,0,1,96
3293,315984,55.331665843725204,0.09375,7.114583333333333,0,4,96
3294,316208,68.46166700869799,0.0,6.114583333333333,0,4,96
3295,316376,49.84333226084709,0.15625,6.916666666666667,0,4,96
3296,316416,64.47666674852371,0.04166666666666663,6.083333333333333,0,3,96
3297,316416,70.01500055193901,0.0,5.84375,0,2,96
3298,316416,64.38499940931797,0.01041666666666663,6.78125,0,3,96
3299,316416,62.51499957591295,0.02083333333333337,6.90625,0,4,96
3300,316552,61.3733329847455,0.04166666666666663,6.541666666666667,0,5,96
3301,316752,64.53666625916958,0.02083333333333337,6.458333333333333,0,4,96
3302,316976,61.04166579246521,0.05208333333333337,6.739583333333333,0,4,96
3303,317144,62.25999949872494,0.0,7.375,0,6,96
3304,317184,62.88333295285702,0.02083333333333337,6.666666666666667,0,3,96
3305,317184,60.238332875072956,0.02083333333333337,7.635416666666667,0,3,96
3306,317184,60.275000013411045,0.01041666666666663,7.78125,0,3,96
3307,317184,60.06333287805319,0.05208333333333337,6.916666666666667,0,3,96
3308,317320,61.27666610479355,0.05208333333333337,6.708333333333333,0,3,96
3309,317520,62.271666303277016,0.04166666666666663,6.677083333333333,0,3,96
3310,317744,63.443332992494106,0.01041666666666663,7.354166666666667,0,2,96
3311,317912,65.07833284139633,0.01041666666666663,6.635416666666667,0,2,96
3312,317952,61.56999944895506,0.03125,6.875,0,5,96
3313,317952,55.20500014722347,0.08333333333333337,6.46875,0,9,96
3314,317952,62.48833301663399,0.03125,6.572916666666667,0,5,96
3315,317952,63.6216661632061,0.03125,6.677083333333333,0,4,96
3316,318088,54.9816664904356,0.0625,7.364583333333333,0,6,96
3317,318288,67.69666665792465,0.01041666666666663,6.083333333333333,0,4,96
3318,318512,65.59999999031425,0.02083333333333337,6.25,0,3,96
3319,318680,68.77333343029022,0.01041666666666663,6.041666666666667,0,2,96
3320,318720,59.313332721590996,0.0625,6.666666666666667,0,5,96
3321,318720,61.421666361391544,0.05208333333333337,6.677083333333333,0,3,96
3322,318720,63.12333311140537,0.02083333333333337,6.541666666666667,0,5,96
3323,318720,68.77500006556511,0.01041666666666663,6.03125,0,2,96
3324,318856,68.20666655898094,0.0,6.333333333333333,0,2,96
3325,319056,64.47833256423473,0.01041666666666663,6.760416666666667,0,3,96
3326,319280,65.80833350121975,0.04166666666666663,6.072916666666667,0,2,96
3327,319448,61.328332372009754,0.03125,7.135416666666667,0,3,96
3328,319488,63.253333151340485,0.02083333333333337,6.416666666666667,0,5,96
3329,319488,62.72333301603794,0.05208333333333337,6.416666666666667,0,2,96
3330,319488,62.838332667946815,0.02083333333333337,7.197916666666667,0,3,96
3331,319488,58.09999880194664,0.07291666666666663,6.9375,0,4,96
3332,319624,64.16999858617783,0.01041666666666663,7.0,0,4,96
3333,319824,61.92166571319103,0.02083333333333337,7.177083333333333,0,2,96
3334,320048,68.31166687607765,0.01041666666666663,5.989583333333333,0,2,96
3335,320216,63.88500031083822,0.0,7.34375,0,3,96
3336,320256,67.10666696727276,0.0,6.083333333333333,0,5,96
3337,320256,61.77999968826771,0.01041666666666663,7.4375,0,4,96
3338,320256,64.0366667509079,0.03125,6.145833333333333,0,6,96
3339,320256,59.794999182224274,0.07291666666666663,6.59375,0,3,96
3340,320392,58.83833301067352,0.0625,6.447916666666667,0,6,96
3341,320592,65.41333345323801,0.02083333333333337,6.291666666666667,0,3,96
3342,320816,60.171666488051414,0.03125,7.614583333333333,0,2,96
3343,320984,65.11666595190763,0.0,7.270833333333333,0,2,96
3344,321024,65.628333568573,0.04166666666666663,5.947916666666667,0,2,96
3345,321024,57.56333250552416,0.07291666666666663,6.916666666666667,0,5,96
3346,321024,57.24499911814928,0.05208333333333337,7.09375,0,7,96
3347,321024,61.77499857544899,0.03125,7.03125,0,3,96
3348,321160,65.62333337590098,0.02083333333333337,6.229166666666667,0,4,96
3349,321360,62.3833329975605,0.04166666666666663,6.604166666666667,0,4,96
3350,321584,60.873332649469376,0.0625,6.604166666666667,0,4,96
3351,321752,67.86000011861324,0.0,6.1875,0,4,96
3352,321792,62.2733321338892,0.03125,6.979166666666667,0,3,96
3353,321792,61.08666559308767,0.04166666666666663,7.020833333333333,0,3,96
3354,321792,62.24333266913891,0.04166666666666663,6.666666666666667,0,3,96
3355,321792,63.156665839254856,0.01041666666666663,7.208333333333333,0,3,96
3356,321928,65.07666523754597,0.01041666666666663,6.958333333333333,0,2,96
3357,322128,62.838333174586296,0.04166666666666663,6.697916666666667,0,3,96
3358,322352,56.05166579782963,0.09375,6.927083333333333,0,5,96
3359,322520,68.98500031232834,0.0,5.90625,0,4,96
3360,322560,61.51499962806702,0.03125,6.46875,0,7,96
3361,322560,56.39499972015619,0.09375,6.96875,0,3,96
3362,322560,61.73333228379488,0.03125,7.166666666666667,0,3,96
3363,322560,58.54833273589611,0.07291666666666663,6.760416666666667,0,4,96
3364,322696,60.3999987244606,0.0625,7.0625,0,2,96
3365,322896,62.044999435544014,0.03125,6.71875,0,6,96
3366,323120,61.56166649609804,0.02083333333333337,7.114583333333333,0,5,96
3367,323288,53.32499920576811,0.125,6.96875,0,4,96
3368,323328,62.211665861308575,0.02083333333333337,7.177083333333333,0,3,96
3369,323328,65.18333312869072,0.02083333333333337,6.291666666666667,0,5,96
3370,323328,62.55333303660154,0.03125,6.666666666666667,0,5,96
3371,323328,68.96666693687439,0.01041666666666663,6.020833333333333,0,1,96
3372,323464,58.09333263337612,0.07291666666666663,7.104166666666667,0,2,96
3373,323664,69.06000028550625,0.0,6.1875,0,2,96
3374,323888,62.76333373785019,0.01041666666666663,7.354166666666667,0,3,96
3375,324056,63.37666581571102,0.03125,6.708333333333333,0,3,96
3376,324096,58.63333210349083,0.07291666666666663,6.854166666666667,0,4,96
3377,324096,65.03999999165535,0.03125,6.1875,0,4,96
3378,324096,60.51833254098892,0.05208333333333337,6.697916666666667,0,4,96
3379,324096,63.4866658449173,0.03125,6.708333333333333,0,3,96
3380,324232,67.47999931871891,0.0,6.5,0,3,96
3381,324432,61.56166721880436,0.08333333333333337,5.864583333333333,0,3,96
3382,324656,60.96499960869551,0.05208333333333337,6.40625,0,5,96
3383,324824,65.07999868690968,0.01041666666666663,6.9375,0,2,96
3384,324864,64.76999896764755,0.01041666666666663,6.875,0,3,96
3385,324864,64.52999879419804,0.0,7.0625,0,4,96
3386,324864,60.27499971538782,0.03125,7.40625,0,3,96
3387,324864,61.53666624426842,0.05208333333333337,6.520833333333333,0,4,96
3388,325000,66.77333375811577,0.02083333333333337,6.041666666666667,0,3,96
3389,325200,63.07333190739155,0.03125,6.979166666666667,0,2,96
3390,325424,61.01833264529705,0.04166666666666663,6.947916666666667,0,4,96
3391,325592,58.14333298802376,0.05208333333333337,7.229166666666667,0,5,96
3392,325632,60.903332971036434,0.0625,6.604166666666667,0,3,96
3393,325632,67.66000021994114,0.0,6.0625,0,5,96
3394,325632,60.0933336392045,0.03125,7.666666666666667,0,2,96
3395,325632,58.45833285152912,0.09375,6.385416666666667,0,4,96
3396,325768,67.78999987244606,0.0,6.375,0,3,96
3397,325968,59.10833279788494,0.0625,7.010416666666667,0,3,96
3398,326192,61.09333284199238,0.05208333333333337,6.854166666666667,0,3,96
3399,326360,58.29333288222551,0.0625,7.041666666666667,0,5,96
3400,326400,51.62666633725166,0.14583333333333337,6.833333333333333,0,3,96
3401,326400,63.728332594037056,0.0,7.197916666666667,0,4,96
3402,326400,65.12666663527489,0.03125,6.208333333333333,0,4,96
3403,326400,65.79666663706303,0.01041666666666663,6.270833333333333,0,5,96
3404,326536,62.83166612684727,0.01041666666666663,7.177083333333333,0,4,96
3405,326736,61.60166622698307,0.04166666666666663,6.864583333333333,0,3,96
3406,326960,59.86833228170872,0.04166666666666663,6.947916666666667,0,6,96
3407,327128,63.91999916732311,0.01041666666666663,6.8125,0,5,96
3408,327168,61.34166629612446,0.02083333333333337,7.427083333333333,0,4,96
3409,327168,66.2166668921709,0.01041666666666663,6.020833333333333,0,7,96
3410,327168,70.46000027656555,0.0,6.0,0,2,96
3411,327168,65.72333300113678,0.0,6.854166666666667,0,3,96
3412,327304,62.75499866902828,0.02083333333333337,6.96875,0,3,96
3413,327504,66.36499965190887,0.01041666666666663,6.46875,0,3,96
3414,327728,67.0666671693325,0.02083333333333337,5.833333333333333,0,3,96
3415,327896,63.22333262860775,0.02083333333333337,6.604166666666667,0,6,96
3416,327936,57.17499936372042,0.08333333333333337,6.78125,0,5,96
3417,327936,59.10666611045599,0.05208333333333337,7.270833333333333,0,4,96
3418,327936,66.98333340883255,0.01041666666666663,6.166666666666667,0,3,96
3419,327936,60.171665862202644,0.05208333333333337,6.739583333333333,0,4,96
3420,328072,65.26833316683769,0.03125,6.260416666666667,0,3,96
3421,328272,63.46333198994398,0.02083333333333337,7.104166666666667,0,2,96
3422,328496,67.25500033795834,0.02083333333333337,5.90625,0,3,96
3423,328664,62.85166570544243,0.04166666666666663,6.802083333333333,0,2,96
3424,328704,57.71166564524174,0.08333333333333337,6.802083333333333,0,4,96
3425,328704,61.110000379383564,0.02083333333333337,7.5,0,2,96
3426,328704,68.76000028476119,0.0,6.0,0,4,96
3427,328704,62.791666246950626,0.04166666666666663,6.864583333333333,0,2,96
3428,328840,59.068332612514496,0.0625,6.635416666666667,0,6,96
3429,329040,65.34166686236858,0.03125,5.989583333333333,0,5,96
3430,329264,60.81999979913235,0.05208333333333337,6.375,0,6,96
3431,329432,63.549998968839645,0.03125,6.75,0,2,96
3432,329472,64.32833218574524,0.01041666666666663,7.135416666666667,0,3,96
3433,329472,65.69166567921638,0.02083333333333337,6.739583333333333,0,1,96
3434,329472,62.93999959528446,0.03125,6.4375,0,6,96
3435,329472,61.65833307057619,0.02083333333333337,7.322916666666667,0,4,96
3436,329608,68.72500078380108,0.03125,5.65625,0,2,96
3437,329808,63.758332669734955,0.04166666666666663,6.510416666666667,0,3,96
3438,330032,62.56999954581261,0.02083333333333337,7.0625,0,5,96
3439,330200,62.66333332285285,0.04166666666666663,6.229166666666667,0,4,96
3440,330240,69.79833352565765,0.0,6.072916666666667,0,2,96
3441,330240,71.03333373367786,0.0,5.979166666666667,0,1,96
3442,330240,57.15166613459587,0.09375,6.614583333333333,0,4,96
3443,330240,61.824999675154686,0.05208333333333337,6.40625,0,3,96
3444,330376,56.65666575729847,0.10416666666666663,6.770833333333333,0,2,96
3445,330576,68.03333370387554,0.01041666666666663,6.166666666666667,0,2,96
3446,330800,56.67999958246946,0.09375,6.75,0,4,96
3447,330968,60.993333108723164,0.05208333333333337,6.729166666666667,0,3,96
3448,331008,58.823332726955414,0.07291666666666663,6.791666666666667,0,4,96
3449,331008,59.97833323478699,0.08333333333333337,6.197916666666667,0,3,96
3450,331008,67.62333318591118,0.0,6.229166666666667,0,4,96
3451,331008,67.4450001269579,0.01041666666666663,6.03125,0,4,96
3452,331144,66.40500020980835,0.03125,6.03125,0,3,96
3453,331344,55.239999778568745,0.10416666666666663,6.75,0,5,96
3454,331568,62.74833308160305,0.05208333333333337,6.322916666666667,0,3,96
3455,331736,62.0416656434536,0.04166666666666663,6.802083333333333,0,4,96
3456,331776,69.4666668176651,0.0,6.020833333333333,0,2,96
3457,331776,68.14166659116745,0.0,6.239583333333333,0,3,96
3458,331776,63.4316658526659,0.03125,6.677083333333333,0,3,96
3459,331776,62.414999306201935,0.05208333333333337,6.53125,0,3,96
3460,331912,68.60333362221718,0.0,5.979166666666667,0,4,96
3461,332112,58.466666646301746,0.0625,7.083333333333333,0,4,96
3462,332336,64.60833221673965,0.0,6.760416666666667,0,6,96
3463,332504,58.24333292990923,0.05208333333333337,7.229166666666667,0,4,96
3464,332544,63.606665179133415,0.03125,7.020833333333333,0,1,96
3465,332544,63.52333398908377,0.0,7.666666666666667,0,2,96
3466,332544,67.58500031381845,0.01041666666666663,6.03125,0,4,96
3467,332544,65.54833247512579,0.0,6.885416666666667,0,4,96
3468,332680,62.284999683499336,0.0625,6.28125,0,3,96
3469,332880,62.879999063909054,0.03125,6.9375,0,3,96
3470,333104,61.739999018609524,0.04166666666666663,7.125,0,2,96
3471,333272,52.92166601866484,0.10416666666666663,6.927083333333333,0,6,96
3472,333312,63.066666416823864,0.02083333333333337,7.333333333333333,0,2,96
3473,333312,61.1199991479516,0.03125,7.125,0,5,96
3474,333312,68.74000038206577,0.01041666666666663,6.0,0,1,96
3475,333312,61.42499849200249,0.04166666666666663,7.03125,0,3,96
3476,333448,60.86666564643383,0.05208333333333337,6.708333333333333,0,4,96
3477,333648,64.55500024557114,0.04166666666666663,6.03125,0,3,96
3478,333872,59.411665700376034,0.07291666666666663,6.864583333333333,0,3,96
3479,334040,65.41999980062246,0.01041666666666663,6.875,0,3,96
3480,334080,60.21833350509405,0.04166666666666663,7.510416666666667,0,2,96
3481,334080,67.48500002920628,0.02083333333333337,6.03125,0,3,96
3482,334080,59.373332761228085,0.05208333333333337,6.791666666666667,0,7,96
3483,334080,65.89166669547558,0.02083333333333337,6.114583333333333,0,5,96
3484,334216,62.97166529297829,0.03125,7.052083333333333,0,2,96
3485,334416,64.8800003528595,0.04166666666666663,5.8125,0,5,96
3486,334640,59.66999989748001,0.08333333333333337,6.1875,0,4,96
3487,334808,69.44833391904831,0.01041666666666663,5.760416666666667,0,3,96
3488,334848,64.62499904632568,0.01041666666666663,7.15625,0,2,96
3489,334848,61.67166618257761,0.04166666666666663,6.739583333333333,0,4,96
3490,334848,63.65166674554348,0.05208333333333337,6.114583333333333,0,3,96
3491,334848,65.34166671335697,0.03125,6.114583333333333,0,3,96
3492,334984,67.4650000333786,0.0,6.15625,0,4,96
3493,335184,62.561666414141655,0.03125,6.552083333333333,0,5,96
3494,335408,62.26333327591419,0.08333333333333337,6.041666666666667,0,1,96
3495,335576,66.13833180069923,0.01041666666666663,6.947916666666667,0,1,96
3496,335616,61.17166616022587,0.03125,7.302083333333333,0,4,96
3497,335616,66.51833319664001,0.01041666666666663,6.385416666666667,0,4,96
3498,335616,61.89999955147505,0.03125,7.3125,0,2,96
3499,335616,66.49499845504761,0.0,7.03125,0,2,96
3500,335752,61.934999987483025,0.08333333333333337,6.09375,0,2,96
3501,335952,65.01500029861927,0.04166666666666663,5.96875,0,4,96
3502,336176,58.43999893963337,0.07291666666666663,7.0625,0,3,96
3503,336344,63.7866665571928,0.05208333333333337,6.083333333333333,0,4,96
3504,336384,58.428332917392254,0.09375,6.447916666666667,0,4,96
3505,336384,57.9333331733942,0.11458333333333337,6.104166666666667,0,3,96
3506,336384,61.96500000357628,0.01041666666666663,7.46875,0,3,96
3507,336384,58.69666704535484,0.11458333333333337,5.833333333333333,0,3,96
3508,336520,64.66000026464462,0.04166666666666663,6.125,0,3,96
3509,336720,66.3850003182888,0.05208333333333337,5.78125,0,2,96
3510,336944,59.80666634440422,0.08333333333333337,6.520833333333333,0,2,96
3511,337112,63.8816669434309,0.0625,5.927083333333333,0,3,96
3512,337152,69.72666643559933,0.0,6.208333333333333,0,2,96
3513,337152,68.11166721582413,0.03125,5.677083333333333,0,3,96
3514,337152,58.66666565835476,0.08333333333333337,6.770833333333333,0,3,96
3515,337152,66.74333374202251,0.04166666666666663,5.916666666666667,0,1,96
3516,337288,68.89666698500514,0.0,6.020833333333333,0,3,96
3517,337488,70.23500125855207,0.02083333333333337,5.53125,0,2,96
3518,337712,70.62666694819927,0.0,6.020833333333333,0,1,96
3519,337880,64.71166735887527,0.07291666666666663,5.614583333333333,0,2,96
3520,337920,69.3200005441904,0.02083333333333337,5.5625,0,3,96
3521,337920,61.52333327382803,0.03125,7.479166666666667,0,2,96
3522,337920,63.89833253622055,0.03125,6.697916666666667,0,2,96
3523,337920,59.2399989888072,0.08333333333333337,6.9375,0,1,96
3524,338056,64.49000085890293,0.08333333333333337,5.5,0,2,96
3525,338256,58.33500013500452,0.08333333333333337,6.78125,0,3,96
3526,338480,55.82166641950607,0.10416666666666663,7.177083333333333,0,2,96
3527,338648,58.87999850511551,0.08333333333333337,7.0,0,1,96
3528,338688,70.61333356797695,0.0,5.979166666666667,0,1,96
3529,338688,65.63500039279461,0.05208333333333337,5.84375,0,2,96
3530,338688,64.15833297371864,0.05208333333333337,6.260416666666667,0,2,96
3531,338688,64.24333342909813,0.0625,6.041666666666667,0,2,96
3532,338824,60.341666385531425,0.05208333333333337,6.989583333333333,0,2,96
3533,339024,65.81166642904282,0.03125,6.239583333333333,0,2,96
3534,339248,59.69499906152487,0.0625,6.84375,0,3,96
3535,339416,58.11333181709051,0.09375,7.041666666666667,0,1,96
3536,339456,68.23000018298626,0.02083333333333337,6.0625,0,1,96
3537,339456,65.20000033080578,0.05208333333333337,5.875,0,2,96
3538,339456,64.68666560202837,0.01041666666666663,7.145833333333333,0,2,96
3539,339456,63.24999966472387,0.03125,6.875,0,2,96
3540,339592,67.01166728138924,0.04166666666666663,5.739583333333333,0,2,96
3541,339792,63.99166586995125,0.03125,6.677083333333333,0,3,96
3542,340016,61.68999980390072,0.0625,6.3125,0,2,96
3543,340184,65.7016666829586,0.04166666666666663,6.052083333333333,0,3,96
3544,340224,66.8916671872139,0.03125,5.739583333333333,0,4,96
3545,340224,60.2966665327549,0.07291666666666663,6.208333333333333,0,5,96
3546,340224,65.713333979249,0.05208333333333337,5.604166666666667,0,4,96
3547,340224,64.96166671812534,0.04166666666666663,6.114583333333333,0,3,96
3548,340360,55.8299990221858,0.09375,7.0625,0,4,96
3549,340560,59.25666616111994,0.07291666666666663,6.708333333333333,0,4,96
3550,340784,60.65166632831097,0.07291666666666663,6.489583333333333,0,2,96
3551,340952,51.88999882340431,0.15625,6.9375,0,2,96
3552,340992,62.521667182445526,0.0625,5.802083333333333,0,5,96
3553,340992,69.63166746497154,0.01041666666666663,5.552083333333333,0,3,96
3554,340992,63.72833198308945,0.03125,6.885416666666667,0,1,96
3555,340992,71.97166746854782,0.0,5.552083333333333,0,2,96
3556,341128,68.92500032484531,0.0,5.90625,0,4,96
3557,341328,65.58500090241432,0.0625,5.40625,0,3,96
3558,341552,70.67500053346157,0.0,5.78125,0,3,96
3559,341720,60.06833319365978,0.07291666666666663,6.322916666666667,0,4,96
3560,341760,70.26000042259693,0.0,5.8125,0,3,96
3561,341760,60.925000071525574,0.08333333333333337,6.34375,0,2,96
3562,341760,65.18166571855545,0.01041666666666663,6.677083333333333,0,3,96
3563,341760,62.6033329218626,0.05208333333333337,6.416666666666667,0,3,96
3564,341896,68.46500028669834,0.02083333333333337,6.03125,0,1,96
3565,342096,61.32666573673487,0.04166666666666663,7.020833333333333,0,4,96
3566,342320,59.199999786913395,0.05208333333333337,7.125,0,5,96
3567,342488,56.91166594624519,0.08333333333333337,6.802083333333333,0,5,96
3568,342528,58.9483335390687,0.07291666666666663,6.072916666666667,0,7,96
3569,342528,60.86166541278362,0.0625,6.802083333333333,0,3,96
3570,342528,62.221666380763054,0.04166666666666663,6.302083333333333,0,5,96
3571,342528,62.531666569411755,0.02083333333333337,7.427083333333333,0,2,96
3572,342664,56.55166578292847,0.09375,6.739583333333333,0,4,96
3573,342864,62.46166666597128,0.05208333333333337,6.364583333333333,0,4,96
3574,343088,58.653332598507404,0.0625,7.104166666666667,0,4,96
3575,343256,61.446666710078716,0.02083333333333337,7.270833333333333,0,5,96
3576,343296,61.01499892771244,0.04166666666666663,6.84375,0,4,96
3577,343296,51.816666170954704,0.13541666666666663,6.395833333333333,0,8,96
3578,343296,60.929998978972435,0.04166666666666663,7.0,0,4,96
3579,343296,60.71499900519848,0.04166666666666663,7.15625,0,3,96
3580,343432,65.65833359956741,0.04166666666666663,6.072916666666667,0,2,96
3581,343632,59.6466666162014,0.0625,6.208333333333333,0,7,96
3582,343856,64.26666560769081,0.02083333333333337,6.895833333333333,0,3,96
3583,344024,60.724999129772186,0.05208333333333337,6.78125,0,4,96
3584,344064,61.36666662245989,0.03125,6.645833333333333,0,7,96
3585,344064,66.92833352088928,0.0,6.135416666666667,0,6,96
3586,344064,61.944999270141125,0.03125,7.21875,0,2,96
3587,344064,59.52833268791437,0.0625,6.697916666666667,0,4,96
3588,344200,61.189998999238014,0.03125,6.8125,0,6,96
3589,344400,62.0466668009758,0.05208333333333337,6.145833333333333,0,6,96
3590,344624,61.269999623298645,0.07291666666666663,6.4375,0,2,96
3591,344792,58.83666556328535,0.0625,7.145833333333333,0,3,96
3592,344832,59.841666497290134,0.08333333333333337,6.489583333333333,0,3,96
3593,344832,67.13333336263895,0.01041666666666663,6.291666666666667,0,3,96
3594,344832,62.59833353385329,0.04166666666666663,6.197916666666667,0,5,96
3595,344832,64.53500032424927,0.04166666666666663,6.09375,0,3,96
3596,344968,69.64166733622551,0.0,5.739583333333333,0,4,96
3597,345168,67.6116670332849,0.03125,5.802083333333333,0,2,96
3598,345392,58.81333310902119,0.08333333333333337,6.291666666666667,0,5,96
3599,345560,61.714998975396156,0.05208333333333337,6.78125,0,3,96
3600,345600,58.71166618168354,0.08333333333333337,6.552083333333333,0,4,96
3601,345600,67.1233336776495,0.03125,5.916666666666667,0,2,96
3602,345600,68.18500064313412,0.01041666666666663,5.96875,0,2,96
3603,345600,67.56500078737736,0.04166666666666663,5.53125,0,2,96
3604,345736,57.9016659706831,0.08333333333333337,6.552083333333333,0,5,96
3605,345936,63.49833334982395,0.05208333333333337,6.135416666666667,0,3,96
3606,346160,62.74666605889797,0.02083333333333337,7.208333333333333,0,2,96
3607,346328,62.281666561961174,0.04166666666666663,6.677083333333333,0,3,96
3608,346368,57.92333234846592,0.08333333333333337,6.791666666666667,0,3,96
3609,346368,62.68166559934616,0.03125,6.927083333333333,0,3,96
3610,346368,67.8500006198883,0.02083333333333337,5.625,0,4,96
3611,346368,66.1166667342186,0.03125,6.145833333333333,0,2,96
3612,346504,69.2950006723404,0.02083333333333337,5.65625,0,2,96
3613,346704,63.19666565954685,0.03125,6.833333333333333,0,3,96
3614,346928,56.76166720688343,0.14583333333333337,5.614583333333333,0,2,96
3615,347096,59.20833324640989,0.05208333333333337,7.260416666666667,0,3,96
3616,347136,55.98333352431655,0.08333333333333337,6.541666666666667,0,6,96
3617,347136,57.163333624601364,0.11458333333333337,5.916666666666667,0,5,96
3618,347136,58.934999495744705,0.0625,6.78125,0,5,96
3619,347136,62.58666644990444,0.0625,6.395833333333333,0,2,96
3620,347272,65.571667522192,0.04166666666666663,5.739583333333333,0,3,96
3621,347472,64.03999906033278,0.02083333333333337,6.9375,0,2,96
3622,347696,62.65499983727932,0.0625,6.15625,0,2,96
3623,347864,58.03666676580906,0.05208333333333337,7.520833333333333,0,3,96
3624,347904,57.62999974936247,0.07291666666666663,6.5,0,7,96
3625,347904,65.17833255976439,0.01041666666666663,7.010416666666667,0,2,96
3626,347904,65.21833239495754,0.02083333333333337,6.697916666666667,0,2,96
3627,347904,68.67666684091091,0.01041666666666663,6.145833333333333,0,1,96
3628,348040,61.316665291786194,0.04166666666666663,7.020833333333333,0,3,96
3629,348240,53.14499927312136,0.11458333333333337,7.09375,0,3,96
3630,348464,58.46166577190161,0.0625,6.802083333333333,0,5,96
3631,348632,58.6849996894598,0.07291666666666663,6.53125,0,3,96
3632,348672,64.74000051245093,0.04166666666666663,5.9375,0,3,96
3633,348672,55.57833321392536,0.07291666666666663,7.197916666666667,0,6,96
3634,348672,65.37000007554889,0.01041666666666663,6.25,0,5,96
3635,348672,56.52166640013456,0.10416666666666663,6.364583333333333,0,6,96
3636,348808,64.70166693627834,0.03125,6.239583333333333,0,4,96
3637,349008,58.256665483117104,0.07291666666666663,6.833333333333333,0,5,96
3638,349232,63.358333088457584,0.04166666666666663,6.510416666666667,0,3,96
3639,349400,62.58166593313217,0.04166666666666663,6.739583333333333,0,3,96
3640,349440,65.30833315849304,0.02083333333333337,6.322916666666667,0,3,96
3641,349440,66.65000060200691,0.04166666666666663,5.625,0,3,96
3642,349440,58.20833299309015,0.0625,6.510416666666667,0,8,96
3643,349440,57.1916661337018,0.09375,6.677083333333333,0,3,96
3644,349576,60.60499964654446,0.04166666666666663,6.90625,0,4,96
3645,349776,65.9100002348423,0.02083333333333337,6.125,0,4,96
3646,350000,62.679999738931656,0.03125,6.5,0,4,96
3647,350168,58.72499919682741,0.07291666666666663,6.78125,0,4,96
3648,350208,65.03833362460136,0.03125,5.885416666666667,0,5,96
3649,350208,45.64666645228863,0.1875,7.333333333333333,0,3,96
3650,350208,59.50000008940697,0.08333333333333337,6.0,0,6,96
3651,350208,55.60833302885294,0.08333333333333337,6.822916666666667,0,7,96
3652,350344,61.434999734163284,0.02083333333333337,7.34375,0,3,96
3653,350544,61.945000018924475,0.0625,6.21875,0,3,96
3654,350768,60.88833265006542,0.03125,7.135416666666667,0,4,96
3655,350936,67.63666696846485,0.0,6.270833333333333,0,3,96
3656,350976,60.60999960452318,0.02083333333333337,7.4375,0,4,96
3657,350976,63.14000000059605,0.01041666666666663,7.125,0,3,96
3658,350976,59.316666789352894,0.0625,6.208333333333333,0,6,96
3659,350976,65.8816670179367,0.03125,6.052083333333333,0,3,96
3660,351112,64.13333362340927,0.04166666666666663,5.916666666666667,0,5,96
3661,351312,63.443332359194756,0.02083333333333337,7.229166666666667,0,2,96
3662,351536,60.27999974042177,0.03125,7.25,0,5,96
3663,351704,57.86666664481163,0.05208333333333337,6.583333333333333,0,10,96
3664,351744,67.28166680037975,0.01041666666666663,6.177083333333333,0,3,96
3665,351744,62.70499938726425,0.02083333333333337,7.28125,0,2,96
3666,351744,58.533332981169224,0.0625,6.604166666666667,0,6,96
3667,351744,60.86166559904814,0.04166666666666663,7.114583333333333,0,4,96
3668,351880,65.02333255112171,0.01041666666666663,6.729166666666667,0,4,96
3669,352080,68.14166717231274,0.02083333333333337,5.864583333333333,0,2,96
3670,352304,61.683333061635494,0.04166666666666663,6.479166666666667,0,6,96
3671,352472,66.57666657865047,0.0,6.208333333333333,0,6,96
3672,352512,68.94166693091393,0.01041666666666663,5.927083333333333,0,2,96
3673,352512,54.13666634261608,0.13541666666666663,6.520833333333333,0,3,96
3674,352512,63.02999874204397,0.02083333333333337,7.1875,0,2,96
3675,352512,56.584999054670334,0.0625,6.90625,0,8,96
3676,352648,68.9050001502037,0.0,6.09375,0,3,96
3677,352848,64.17166697978973,0.03125,6.114583333333333,0,5,96
3678,353072,59.90333279967308,0.0625,6.791666666666667,0,3,96
3679,353240,59.099999845027924,0.05208333333333337,6.6875,0,6,96
3680,353280,66.93333348631859,0.01041666666666663,6.104166666666667,0,4,96
3681,353280,58.67999987304211,0.05208333333333337,7.0625,0,5,96
3682,353280,63.32333192974329,0.02083333333333337,7.041666666666667,0,3,96
3683,353280,62.559999868273735,0.05208333333333337,6.4375,0,3,96
3684,353416,61.718332685530186,0.04166666666666663,6.885416666666667,0,3,96
3685,353616,56.73499954491854,0.08333333333333337,6.59375,0,6,96
3686,353840,60.91166567057371,0.04166666666666663,6.927083333333333,0,4,96
3687,354008,61.973333060741425,0.04166666666666663,6.354166666666667,0,5,96
3688,354048,63.78333358466625,0.03125,6.041666666666667,0,5,96
3689,354048,58.49666629731655,0.05208333333333337,6.958333333333333,0,6,96
3690,354048,61.06499955058098,0.01041666666666663,7.21875,0,7,96
3691,354048,61.86833345890045,0.03125,6.447916666666667,0,6,96
3692,354184,67.72166682779789,0.0,5.927083333333333,0,6,96
3693,354384,58.72499963641167,0.0625,6.53125,0,7,96
3694,354608,64.11833364889026,0.03125,5.947916666666667,0,6,96
3695,354776,61.068333089351654,0.0625,6.385416666666667,0,4,96
3696,354816,66.56666703522205,0.01041666666666663,6.020833333333333,0,4,96
3697,354816,60.90499936044216,0.04166666666666663,6.71875,0,5,96
3698,354816,65.71999940276146,0.01041666666666663,6.625,0,3,96
3699,354816,62.88833339512348,0.0,7.572916666666667,0,3,96
3700,354952,56.023333080112934,0.09375,6.541666666666667,0,6,96
3701,355152,63.05499926954508,0.03125,6.84375,0,3,96
3702,355376,63.325000278651714,0.03125,6.15625,0,6,96
3703,355544,66.20666682720184,0.02083333333333337,6.083333333333333,0,4,96
3704,355584,68.40833353996277,0.01041666666666663,6.010416666666667,0,2,96
3705,355584,54.89833294600248,0.09375,7.072916666666667,0,4,96
3706,355584,57.20666631311178,0.07291666666666663,6.520833333333333,0,8,96
3707,355584,60.04833287000656,0.05208333333333337,6.447916666666667,0,7,96
3708,355720,62.003333039581776,0.0625,6.354166666666667,0,3,96
3709,355920,61.373332627117634,0.03125,6.666666666666667,0,7,96
3710,356144,66.82333394885063,0.02083333333333337,5.666666666666667,0,6,96
3711,356312,58.294999338686466,0.07291666666666663,7.15625,0,3,96
3712,356352,64.74000001698732,0.03125,6.25,0,4,96
3713,356352,65.66666652262211,0.0,6.333333333333333,0,5,96
3714,356352,61.58000001311302,0.04166666666666663,6.25,0,7,96
3715,356352,57.90499950200319,0.0625,6.78125,0,7,96
3716,356488,65.23999960720539,0.02083333333333337,6.375,0,4,96
3717,356688,65.94833189249039,0.01041666666666663,7.010416666666667,0,1,96
3718,356912,65.4383334517479,0.03125,6.197916666666667,0,2,96
3719,357080,58.28833246976137,0.07291666666666663,6.885416666666667,0,3,96
3720,357120,68.66166697442532,0.0,5.989583333333333,0,3,96
3721,357120,61.50666718184948,0.07291666666666663,5.770833333333333,0,5,96
3722,357120,63.56666598469019,0.02083333333333337,6.770833333333333,0,4,96
3723,357120,62.591665387153625,0.03125,6.864583333333333,0,4,96
3724,357256,57.92333273589611,0.07291666666666663,7.104166666666667,0,3,96
3725,357456,67.94833378493786,0.03125,5.697916666666667,0,3,96
3726,357680,64.34833308309317,0.03125,6.385416666666667,0,4,96
3727,357848,58.44999968260527,0.08333333333333337,6.5625,0,4,96
3728,357888,69.82833355665207,0.0,6.010416666666667,0,2,96
3729,357888,63.61999934911728,0.03125,6.5625,0,4,96
3730,357888,63.681665584445,0.02083333333333337,7.052083333333333,0,3,96
3731,357888,60.30499950051308,0.07291666666666663,6.59375,0,3,96
3732,358024,68.85166658461094,0.0,6.239583333333333,0,2,96
3733,358224,66.25666716694832,0.02083333333333337,5.770833333333333,0,5,96
3734,358448,60.396665789186954,0.04166666666666663,6.958333333333333,0,5,96
3735,358616,63.74833343923092,0.04166666666666663,6.135416666666667,0,4,96
3736,358656,65.68999936431646,0.0,7.1875,0,2,96
3737,358656,65.40500016510487,0.04166666666666663,6.09375,0,2,96
3738,358656,66.59833340346813,0.02083333333333337,6.135416666666667,0,4,96
3739,358656,69.0433335006237,0.0,6.166666666666667,0,2,96
3740,358792,63.64166680723429,0.04166666666666663,6.177083333333333,0,4,96
3741,358992,64.0783322751522,0.03125,6.822916666666667,0,2,96
3742,359216,63.423332296311855,0.03125,6.854166666666667,0,2,96
3743,359384,57.24499974399805,0.07291666666666663,6.71875,0,6,96
3744,359424,67.16333343088627,0.01041666666666663,6.354166666666667,0,3,96
3745,359424,63.89666701853275,0.04166666666666663,6.020833333333333,0,5,96
3746,359424,54.516666159033775,0.10416666666666663,6.708333333333333,0,6,96
3747,359424,66.14166702330112,0.03125,6.052083333333333,0,2,96
3748,359560,62.373333506286144,0.0625,6.041666666666667,0,4,96
3749,359760,63.80999994277954,0.03125,6.375,0,4,96
3750,359984,58.076666444540024,0.09375,6.333333333333333,0,5,96
3751,360152,63.141666524112225,0.04166666666666663,6.489583333333333,0,3,96
3752,360192,59.06833349913359,0.07291666666666663,6.197916666666667,0,6,96
3753,360192,63.99500034749508,0.03125,6.03125,0,6,96
3754,360192,64.82833379507065,0.04166666666666663,6.010416666666667,0,3,96
3755,360192,60.17833337187767,0.08333333333333337,6.010416666666667,0,5,96
3756,360328,65.61500027403235,0.02083333333333337,6.09375,0,5,96
3757,360528,63.960000425577164,0.05208333333333337,5.875,0,4,96
3758,360752,59.184999875724316,0.04166666666666663,7.40625,0,3,96
3759,360920,66.29833361506462,0.02083333333333337,6.072916666666667,0,3,96
3760,360960,62.686667054891586,0.0625,6.020833333333333,0,3,96
3761,360960,67.26833349466324,0.0,6.135416666666667,0,5,96
3762,360960,64.1299998909235,0.04166666666666663,6.3125,0,2,96
3763,360960,58.578332759439945,0.08333333333333337,6.760416666666667,0,2,96
3764,361096,65.99666722118855,0.03125,6.020833333333333,0,2,96
3765,361296,59.413333021104336,0.07291666666666663,6.416666666666667,0,5,96
3766,361520,63.17500038444996,0.0625,5.96875,0,3,96
3767,361688,65.62166701257229,0.01041666666666663,5.989583333333333,0,7,96
3768,361728,57.27000022679567,0.07291666666666663,6.5,0,7,96
3769,361728,59.15333262830973,0.05208333333333337,7.104166666666667,0,4,96
3770,361728,56.193332992494106,0.07291666666666663,7.104166666666667,0,6,96
3771,361728,61.726666152477264,0.01041666666666663,6.833333333333333,0,7,96
3772,361864,62.17833335697651,0.0625,6.135416666666667,0,3,96
3773,362064,65.42166681587696,0.03125,5.864583333333333,0,5,96
3774,362288,67.47500045597553,0.02083333333333337,5.90625,0,2,96
3775,362456,63.61666593700647,0.01041666666666663,6.958333333333333,0,4,96
3776,362496,67.97000041604042,0.01041666666666663,6.0625,0,2,96
3777,362496,64.77333348989487,0.03125,5.916666666666667,0,7,96
3778,362496,58.68999944627285,0.07291666666666663,6.6875,0,5,96
3779,362496,52.753332912921906,0.11458333333333337,7.166666666666667,0,5,96
3780,362632,60.97833281010389,0.03125,6.947916666666667,0,6,96
3781,362832,58.18666646629572,0.0625,6.770833333333333,0,6,96
3782,363056,64.43333320319653,0.02083333333333337,6.416666666666667,0,5,96
3783,363224,67.57166692614555,0.01041666666666663,5.989583333333333,0,5,96
3784,363264,58.40500018745661,0.07291666666666663,6.71875,0,5,96
3785,363264,68.25000008940697,0.0,6.25,0,3,96
3786,363264,65.07333369553089,0.01041666666666663,5.916666666666667,0,8,96
3787,363264,61.51833300292492,0.02083333333333337,7.010416666666667,0,5,96
3788,363400,60.176666393876076,0.04166666666666663,7.020833333333333,0,3,96
3789,363600,48.933332823216915,0.13541666666666663,7.229166666666667,0,8,96
3790,363824,61.913332402706146,0.04166666666666663,6.854166666666667,0,3,96
3791,363992,65.62333332002163,0.02083333333333337,6.291666666666667,0,3,96
3792,364032,58.53166642040014,0.05208333333333337,7.114583333333333,0,5,96
3793,364032,64.80333256721497,0.0,7.041666666666667,0,4,96
3794,364032,61.24666644632816,0.03125,6.833333333333333,0,5,96
3795,364032,58.29999986290932,0.03125,7.3125,0,8,96
3796,364168,63.55999991297722,0.03125,6.3125,0,5,96
3797,364368,59.789999559521675,0.01041666666666663,7.4375,0,7,96
3798,364592,68.39833380281925,0.01041666666666663,6.010416666666667,0,2,96
3799,364760,66.22166702151299,0.03125,5.864583333333333,0,3,96
3800,364800,55.241666458547115,0.09375,6.864583333333333,0,5,96
3801,364800,66.39333322644234,0.01041666666666663,6.354166666666667,0,4,96
3802,364800,64.06333343684673,0.03125,6.291666666666667,0,4,96
3803,364800,61.85166649520397,0.01041666666666663,7.114583333333333,0,6,96
3804,364936,67.07333374023438,0.05208333333333337,5.479166666666667,0,2,96
3805,365136,69.46833364665508,0.0,6.135416666666667,0,2,96
3806,365360,64.53666561841965,0.01041666666666663,7.083333333333333,0,3,96
3807,365528,64.49833359569311,0.02083333333333337,6.510416666666667,0,4,96
3808,365568,62.448333106935024,0.04166666666666663,6.635416666666667,0,2,96
3809,365568,63.171666607260704,0.04166666666666663,6.302083333333333,0,4,96
3810,365568,69.16666702926159,0.0,6.020833333333333,0,3,96
3811,365568,59.271665908396244,0.0625,7.239583333333333,0,2,96
3812,365704,64.71000005304813,0.03125,6.3125,0,3,96
3813,365904,64.88833308964968,0.02083333333333337,6.572916666666667,0,3,96
3814,366128,57.03833318501711,0.08333333333333337,6.885416666666667,0,4,96
3815,366296,63.29499890655279,0.02083333333333337,7.15625,0,2,96
3816,366336,68.7416670024395,0.0,5.989583333333333,0,3,96
3817,366336,59.78833292424679,0.05208333333333337,6.760416666666667,0,4,96
3818,366336,63.35833320021629,0.04166666666666663,6.260416666666667,0,4,96
3819,366336,59.45666588842869,0.05208333333333337,6.958333333333333,0,5,96
3820,366472,57.59999939799309,0.07291666666666663,7.0625,0,4,96
3821,366672,60.80333287268877,0.05208333333333337,6.916666666666667,0,3,96
3822,366896,59.95333341509104,0.03125,7.541666666666667,0,3,96
3823,367064,60.8649994879961,0.03125,7.46875,0,2,96
3824,367104,59.68166548013687,0.07291666666666663,6.927083333333333,0,1,96
3825,367104,61.35666610300541,0.05208333333333337,6.645833333333333,0,4,96
3826,367104,64.21666538715363,0.02083333333333337,6.958333333333333,0,1,96
3827,367104,65.2049999088049,0.02083333333333337,6.21875,0,5,96
3828,367240,64.46666640043259,0.05208333333333337,6.395833333333333,0,1,96
3829,367440,61.31666661798954,0.05208333333333337,6.395833333333333,0,4,96
3830,367664,59.999999441206455,0.0625,6.6875,0,4,96
3831,367832,69.23000027239323,0.0,5.9375,0,3,96
3832,367872,68.52166703343391,0.0,5.927083333333333,0,5,96
3833,367872,53.30833289027214,0.13541666666666663,6.947916666666667,0,2,96
3834,367872,62.4599998742342,0.03125,6.4375,0,5,96
3835,367872,50.343333676457405,0.14583333333333337,7.104166666666667,0,3,96
3836,368008,63.23166562616825,0.02083333333333337,7.177083333333333,0,2,96
3837,368208,61.27166651189327,0.02083333333333337,7.552083333333333,0,3,96
3838,368432,68.31166698038578,0.01041666666666663,6.114583333333333,0,2,96
3839,368600,62.20333247631788,0.01041666666666663,7.354166666666667,0,5,96
3840,368640,66.48500017821789,0.02083333333333337,6.21875,0,3,96
3841,368640,62.26166632771492,0.03125,6.802083333333333,0,4,96
3842,368640,57.946666188538074,0.0625,6.770833333333333,0,6,96
3843,368640,63.021666921675205,0.04166666666666663,6.302083333333333,0,3,96
3844,368776,58.30999946594238,0.04166666666666663,7.0,0,7,96
3845,368976,55.37666614353657,0.09375,7.020833333333333,0,4,96
3846,369200,66.42666644603014,0.01041666666666663,6.458333333333333,0,3,96
3847,369368,62.9783336147666,0.05208333333333337,6.260416666666667,0,3,96
3848,369408,57.286666095256805,0.07291666666666663,7.145833333333333,0,4,96
3849,369408,68.47000005841255,0.0,6.25,0,2,96
3850,369408,64.84166707843542,0.03125,6.114583333333333,0,3,96
3851,369408,56.30999904125929,0.08333333333333337,7.0,0,5,96
3852,369544,63.888331934809685,0.02083333333333337,6.947916666666667,0,3,96
3853,369744,63.413333378732204,0.05208333333333337,6.166666666666667,0,3,96
3854,369968,62.686665527522564,0.03125,7.020833333333333,0,2,96
3855,370136,69.24000044167042,0.0,6.0625,0,2,96
3856,370176,68.25666691362858,0.0,6.333333333333333,0,2,96
3857,370176,67.5983336865902,0.01041666666666663,6.197916666666667,0,3,96
3858,370176,66.15333381295204,0.03125,5.916666666666667,0,3,96
3859,370176,52.583332903683186,0.125,7.104166666666667,0,4,96
3860,370312,70.2366671860218,0.0,6.083333333333333,0,1,96
3861,370512,56.87666638940573,0.05208333333333337,7.333333333333333,0,6,96
3862,370736,62.321666561067104,0.01041666666666663,6.989583333333333,0,6,96
3863,370904,62.59166578948498,0.01041666666666663,7.364583333333333,0,3,96
3864,370944,60.62500085681677,0.0,7.78125,0,5,96
3865,370944,59.00166657567024,0.09375,6.239583333333333,0,3,96
3866,370944,60.59166620671749,0.04166666666666663,7.302083333333333,0,3,96
3867,370944,62.578333362936974,0.01041666666666663,7.510416666666667,0,2,96
3868,371080,59.4850000590086,0.09375,6.21875,0,3,96
3869,371280,60.97999915480614,0.03125,7.1875,0,4,96
3870,371504,55.714999713003635,0.08333333333333337,6.84375,0,5,96
3871,371672,61.90833318978548,0.04166666666666663,6.197916666666667,0,7,96
3872,371712,60.66333295404911,0.03125,7.479166666666667,0,2,96
3873,371712,60.058333210647106,0.04166666666666663,7.510416666666667,0,2,96
3874,371712,63.25833259522915,0.01041666666666663,7.135416666666667,0,3,96
3875,371712,63.62666681408882,0.03125,6.208333333333333,0,4,96
3876,371848,60.22666612267494,0.04166666666666663,7.020833333333333,0,5,96
3877,372048,70.06500054895878,0.0,5.84375,0,3,96
3878,372272,58.37499949336052,0.07291666666666663,6.53125,0,6,96
3879,372440,63.22333304584026,0.04166666666666663,6.479166666666667,0,3,96
3880,372480,60.816665813326836,0.04166666666666663,6.958333333333333,0,4,96
3881,372480,61.40499944239855,0.02083333333333337,7.09375,0,5,96
3882,372480,62.52666649967432,0.03125,6.583333333333333,0,5,96
3883,372480,62.314999990165234,0.05208333333333337,6.34375,0,3,96
3884,372616,62.58500017225742,0.0,7.34375,0,5,96
3885,372816,67.2850001603365,0.01041666666666663,6.15625,0,2,96
3886,373040,64.46499994397163,0.03125,6.09375,0,5,96
3887,373208,60.74333302676678,0.05208333333333337,6.479166666666667,0,5,96
3888,373248,57.623333521187305,0.04166666666666663,6.791666666666667,0,9,96
3889,373248,55.48500016331673,0.0625,7.78125,0,3,96
3890,373248,58.91666606813669,0.05208333333333337,6.770833333333333,0,6,96
3891,373248,64.06166680902243,0.03125,6.302083333333333,0,4,96
3892,373384,64.34999929368496,0.01041666666666663,7.0625,0,3,96
3893,373584,62.58333292603493,0.04166666666666663,6.479166666666667,0,4,96
3894,373808,62.31999917328358,0.02083333333333337,7.1875,0,4,96
3895,373976,61.34666667878628,0.03125,7.333333333333333,0,2,96
3896,374016,60.476666405797005,0.05208333333333337,6.583333333333333,0,4,96
3897,374016,59.13166603446007,0.04166666666666663,7.177083333333333,0,4,96
3898,374016,62.88999946415424,0.03125,6.75,0,4,96
3899,374016,63.0016657859087,0.02083333333333337,7.177083333333333,0,2,96
3900,374152,62.463332280516624,0.02083333333333337,6.916666666666667,0,5,96
3901,374352,59.8450003862381,0.02083333333333337,7.53125,0,6,96
3902,374576,57.856666542589664,0.05208333333333337,7.395833333333333,0,4,96
3903,374744,57.08499948680401,0.0625,7.09375,0,6,96
3904,374784,64.38499914109707,0.0,7.03125,0,4,96
3905,374784,59.60499968379736,0.0625,6.34375,0,7,96
3906,374784,63.688331954181194,0.03125,7.010416666666667,0,1,96
3907,374784,67.4566667675972,0.0,6.208333333333333,0,5,96
3908,374920,59.49999915808439,0.05208333333333337,7.1875,0,4,96
3909,375120,64.71333281695843,0.0,7.354166666666667,0,2,96
3910,375344,65.0383331105113,0.02083333333333337,6.760416666666667,0,2,96
3911,375512,61.55999889224768,0.04166666666666663,7.125,0,2,96
3912,375552,60.70166615396738,0.04166666666666663,6.677083333333333,0,6,96
3913,375552,58.82666593044996,0.04166666666666663,7.083333333333333,0,7,96
3914,375552,61.724998742341995,0.04166666666666663,7.03125,0,3,96
3915,375552,61.32833321392536,0.03125,7.260416666666667,0,3,96
3916,375688,67.94333350658417,0.01041666666666663,6.041666666666667,0,3,96
3917,375888,59.26833250373602,0.0625,7.135416666666667,0,2,96
3918,376112,64.5850001424551,0.04166666666666663,6.15625,0,3,96
3919,376280,65.5716667920351,0.02083333333333337,6.302083333333333,0,3,96
3920,376320,61.62999913096428,0.04166666666666663,6.875,0,3,96
3921,376320,66.69000001251698,0.0,6.375,0,3,96
3922,376320,70.13166727125645,0.0,5.927083333333333,0,2,96
3923,376320,68.08333402872086,0.02083333333333337,5.916666666666667,0,2,96
3924,376456,60.98833244293928,0.04166666666666663,6.947916666666667,0,4,96
3925,376656,59.36833316832781,0.03125,7.447916666666667,0,5,96
3926,376880,62.95999951660633,0.04166666666666663,6.5,0,4,96
3927,377048,70.36833377182484,0.0,5.822916666666667,0,3,96
3928,377088,59.553333304822445,0.07291666666666663,6.666666666666667,0,3,96
3929,377088,60.71833258122206,0.05208333333333337,7.197916666666667,0,2,96
3930,377088,69.19166710972786,0.01041666666666663,6.052083333333333,0,1,96
3931,377088,63.414999425411224,0.02083333333333337,6.90625,0,3,96
3932,377224,63.196665935218334,0.02083333333333337,6.958333333333333,0,3,96
3933,377424,58.83333321660757,0.08333333333333337,6.416666666666667,0,4,96
3934,377648,64.75500051677227,0.04166666666666663,6.03125,0,3,96
3935,377816,58.17666630446911,0.09375,6.458333333333333,0,4,96
3936,377856,60.21333289146423,0.05208333333333337,6.916666666666667,0,3,96
3937,377856,66.4333331733942,0.01041666666666663,6.416666666666667,0,3,96
3938,377856,61.114999532699585,0.02083333333333337,6.96875,0,5,96
3939,377856,61.29999956488609,0.05208333333333337,6.5,0,4,96
3940,377992,67.91000011563301,0.0,6.125,0,4,96
3941,378192,60.96333243697882,0.04166666666666663,7.166666666666667,0,3,96
3942,378416,60.509999349713326,0.05208333333333337,7.0,0,2,96
3943,378584,63.84833361208439,0.04166666666666663,6.072916666666667,0,4,96
3944,378624,66.12500011920929,0.0,6.21875,0,6,96
3945,378624,59.74833308905363,0.04166666666666663,7.010416666666667,0,5,96
3946,378624,56.646666303277016,0.0625,6.770833333333333,0,9,96
3947,378624,62.35833203792572,0.02083333333333337,7.010416666666667,0,5,96
3948,378760,61.62666630744934,0.05208333333333337,6.520833333333333,0,4,96
3949,378960,61.71166645735502,0.01041666666666663,7.489583333333333,0,3,96
3950,379184,68.35333381593227,0.01041666666666663,6.041666666666667,0,2,96
3951,379352,61.26166608929634,0.03125,6.927083333333333,0,5,96
3952,379392,64.66333266347647,0.0,7.229166666666667,0,3,96
3953,379392,59.44166637957096,0.04166666666666663,7.427083333333333,0,3,96
3954,379392,65.57499900460243,0.01041666666666663,6.90625,0,2,96
3955,379392,60.09666632115841,0.0625,6.583333333333333,0,2,96
3956,379528,64.34500000625849,0.03125,6.40625,0,3,96
3957,379728,61.008333414793015,0.03125,7.447916666666667,0,2,96
3958,379952,64.17166671156883,0.04166666666666663,6.302083333333333,0,2,96
3959,380120,57.313332825899124,0.0625,7.104166666666667,0,4,96
3960,380160,68.15833385661244,0.0,6.135416666666667,0,3,96
3961,380160,62.53166624158621,0.01041666666666663,7.364583333333333,0,4,96
3962,380160,61.16333349049091,0.01041666666666663,7.479166666666667,0,5,96
3963,380160,62.011666253209114,0.02083333333333337,7.302083333333333,0,3,96
3964,380296,56.63166585564613,0.09375,7.177083333333333,0,2,96
3965,380496,55.4816659539938,0.11458333333333337,6.802083333333333,0,3,96
3966,380720,61.58833312243223,0.05208333333333337,6.510416666666667,0,4,96
3967,380888,64.56833338737488,0.01041666666666663,6.447916666666667,0,5,96
3968,380928,62.780000276863575,0.04166666666666663,6.4375,0,4,96
3969,380928,59.33000002801418,0.04166666666666663,6.625,0,7,96
3970,380928,59.07999988645315,0.04166666666666663,7.3125,0,4,96
3971,380928,51.25499949604273,0.125,7.21875,0,4,96
3972,381064,63.063332840800285,0.0,7.291666666666667,0,4,96
3973,381264,63.564999893307686,0.01041666666666663,7.09375,0,4,96
3974,381488,61.51999971270561,0.0,7.375,0,7,96
3975,381656,67.25166679918766,0.01041666666666663,6.302083333333333,0,2,96
3976,381696,58.47166600078344,0.05208333333333337,6.989583333333333,0,5,96
3977,381696,58.619999296963215,0.05208333333333337,7.125,0,5,96
3978,381696,63.5216666162014,0.02083333333333337,6.364583333333333,0,5,96
3979,381696,65.66666699200869,0.0,6.458333333333333,0,4,96
3980,381832,58.90499959886074,0.0625,6.96875,0,3,96
3981,382032,59.93833360821009,0.02083333333333337,7.572916666666667,0,4,96
3982,382256,61.101666033267975,0.02083333333333337,7.177083333333333,0,4,96
3983,382424,60.891666412353516,0.03125,7.364583333333333,0,3,96
3984,382464,63.229999363422394,0.01041666666666663,7.25,0,3,96
3985,382464,67.5283332914114,0.0,6.322916666666667,0,3,96
3986,382464,61.05499950796366,0.03125,7.34375,0,3,96
3987,382464,66.82999993860722,0.0,6.25,0,5,96
3988,382600,65.29666672647,0.01041666666666663,6.270833333333333,0,6,96
3989,382800,66.47333366796374,0.0,5.979166666666667,0,6,96
3990,383024,63.33999967575073,0.01041666666666663,7.3125,0,3,96
3991,383192,66.50833357870579,0.02083333333333337,6.260416666666667,0,3,96
3992,383232,56.411666579544544,0.0625,7.552083333333333,0,4,96
3993,383232,56.833332769572735,0.0625,7.041666666666667,0,7,96
3994,383232,62.67666654288769,0.04166666666666663,6.583333333333333,0,3,96
3995,383232,53.44333332031965,0.11458333333333337,6.541666666666667,0,7,96
3996,383368,54.5999997779727,0.0625,7.25,0,10,96
3997,383568,58.40999943763018,0.05208333333333337,7.0625,0,6,96
3998,383792,64.25166565179825,0.0,7.052083333333333,0,4,96
3999,383960,64.65999882668257,0.01041666666666663,6.9375,0,4,96
4000,384000,62.80500005185604,0.03125,6.46875,0,4,96
4001,384000,58.95166622847319,0.05208333333333337,7.177083333333333,0,3,96
4002,384000,61.72166608273983,0.0625,6.489583333333333,0,3,96
4003,384000,66.46666613221169,0.0,6.770833333333333,0,2,96
4004,384136,53.41333356499672,0.09375,7.291666666666667,0,6,96
4005,384336,59.259999088943005,0.05208333333333337,7.0625,0,2,96
4006,384560,64.911666944623,0.01041666666666663,6.427083333333333,0,4,96
4007,384728,62.97000014781952,0.05208333333333337,6.3125,0,3,96
4008,384768,65.56999996304512,0.0,6.5,0,4,96
4009,384768,63.70499949902296,0.01041666666666663,7.09375,0,3,96
4010,384768,59.12333317101002,0.03125,7.104166666666667,0,7,96
4011,384768,61.59999915957451,0.03125,7.125,0,3,96
4012,384904,60.77499996125698,0.02083333333333337,7.53125,0,3,96
4013,385104,63.91999976336956,0.01041666666666663,6.5625,0,6,96
4014,385328,65.56000021100044,0.02083333333333337,6.25,0,3,96
4015,385496,61.04999978840351,0.04166666666666663,6.8125,0,3,96
4016,385536,63.94166597723961,0.01041666666666663,6.802083333333333,0,5,96
4017,385536,58.951665610075,0.05208333333333337,7.052083333333333,0,5,96
4018,385536,61.039999946951866,0.04166666666666663,6.625,0,4,96
4019,385536,60.3583332747221,0.04166666666666663,6.635416666666667,0,7,96
4020,385672,61.37999917566776,0.01041666666666663,7.3125,0,6,96
4021,385872,61.12999922782183,0.03125,7.1875,0,4,96
4022,386096,69.27000035345554,0.0,6.1875,0,2,96
4023,386264,64.25666604936123,0.03125,6.645833333333333,0,2,96
4024,386304,58.26166582107544,0.0625,6.989583333333333,0,5,96
4025,386304,58.46499951928854,0.04166666666666663,7.15625,0,5,96
4026,386304,62.97833241522312,0.01041666666666663,7.322916666666667,0,3,96
4027,386304,59.584999948740005,0.03125,6.90625,0,7,96
4028,386440,60.23499966412783,0.04166666666666663,7.15625,0,2,96
4029,386640,64.26499997079372,0.03125,6.34375,0,3,96
4030,386864,62.45666642487049,0.0,7.208333333333333,0,6,96
4031,387032,60.27499961107969,0.04166666666666663,6.90625,0,5,96
4032,387072,65.26333324611187,0.02083333333333337,6.354166666666667,0,3,96
4033,387072,67.51000022888184,0.0,6.25,0,4,96
4034,387072,64.66833378002048,0.03125,6.072916666666667,0,4,96
4035,387072,62.5966664403677,0.04166666666666663,6.520833333333333,0,3,96
4036,387208,64.71000028401613,0.03125,6.375,0,3,96
4037,387408,67.57500086724758,0.02083333333333337,5.96875,0,2,96
4038,387632,59.72333364188671,0.07291666666666663,6.166666666666667,0,5,96
4039,387800,63.46833301335573,0.0,7.385416666666667,0,3,96
4040,387840,63.33500064909458,0.05208333333333337,5.96875,0,4,96
4041,387840,54.41666658222675,0.09375,7.395833333333333,0,4,96
4042,387840,56.66333342343569,0.0625,7.354166666666667,0,5,96
4043,387840,56.72999964654446,0.07291666666666663,7.3125,0,3,96
4044,387976,69.1333339214325,0.0,6.041666666666667,0,2,96
4045,388176,52.849999755620956,0.13541666666666663,6.625,0,4,96
4046,388400,59.759999834001064,0.03125,7.5,0,3,96
4047,388568,59.94333264231682,0.05208333333333337,6.916666666666667,0,4,96
4048,388608,63.763332419097424,0.01041666666666663,7.166666666666667,0,3,96
4049,388608,58.17166609317064,0.05208333333333337,7.052083333333333,0,6,96
4050,388608,63.449999794363976,0.02083333333333337,6.5625,0,4,96
4051,388608,63.61499951034784,0.0,7.09375,0,4,96
4052,388744,61.16166613996029,0.04166666666666663,6.864583333333333,0,3,96
4053,388944,65.70500048995018,0.03125,6.03125,0,3,96
4054,389168,56.423332788050175,0.08333333333333337,7.354166666666667,0,2,96
4055,389336,63.40666626393795,0.03125,6.708333333333333,0,2,96
4056,389376,64.18166675418615,0.01041666666666663,6.802083333333333,0,4,96
4057,389376,57.40999945253134,0.0625,7.25,0,5,96
4058,389376,60.00833237171173,0.05208333333333337,6.885416666666667,0,4,96
4059,389376,63.001665845513344,0.02083333333333337,7.114583333333333,0,3,96
4060,389512,57.43666610866785,0.0625,7.333333333333333,0,5,96
4061,389712,66.05000014603138,0.0,6.1875,0,7,96
4062,389936,68.09333355724812,0.0,6.229166666666667,0,3,96
4063,390104,59.87333311140537,0.05208333333333337,6.416666666666667,0,6,96
4064,390144,63.95666690170765,0.03125,6.020833333333333,0,6,96
4065,390144,64.37999998033047,0.02083333333333337,6.3125,0,5,96
4066,390144,64.31666637957096,0.0,6.708333333333333,0,5,96
4067,390144,57.161666594445705,0.0625,6.927083333333333,0,7,96
4068,390280,62.39999933540821,0.02083333333333337,6.9375,0,6,96
4069,390480,61.56499982625246,0.01041666666666663,7.21875,0,5,96
4070,390704,62.46833299845457,0.0,7.447916666666667,0,5,96
4071,390872,62.2583327293396,0.05208333333333337,6.697916666666667,0,2,96
4072,390912,67.94833366572857,0.01041666666666663,6.197916666666667,0,2,96
4073,390912,55.46333260834217,0.07291666666666663,6.729166666666667,0,10,96
4074,390912,67.36000029742718,0.0,6.3125,0,3,96
4075,390912,59.233332589268684,0.04166666666666663,6.916666666666667,0,7,96
4076,391048,67.57333362102509,0.0,6.229166666666667,0,4,96
4077,391248,67.11999997496605,0.01041666666666663,6.3125,0,3,96
4078,391472,58.41833282262087,0.0625,6.885416666666667,0,5,96
4079,391640,65.73166643083096,0.0,6.927083333333333,0,3,96
4080,391680,61.824999421834946,0.03125,6.71875,0,5,96
4081,391680,60.97166579961777,0.02083333333333337,7.239583333333333,0,5,96
4082,391680,62.79499998688698,0.03125,6.34375,0,7,96
4083,391680,68.1900005787611,0.01041666666666663,6.0,0,3,96
4084,391816,57.74499996751547,0.07291666666666663,6.53125,0,7,96
4085,392016,57.733332604169846,0.05208333333333337,7.354166666666667,0,4,96
4086,392240,63.25666668266058,0.04166666666666663,6.395833333333333,0,4,96
4087,392408,66.13666657358408,0.01041666666666663,6.520833333333333,0,3,96
4088,392448,64.41999929398298,0.01041666666666663,7.25,0,2,96
4089,392448,58.0566665455699,0.0625,7.270833333333333,0,2,96
4090,392448,58.50833290070295,0.05208333333333337,7.385416666666667,0,3,96
4091,392448,56.538332767784595,0.09375,6.760416666666667,0,4,96
4092,392584,58.30333264172077,0.05208333333333337,7.229166666666667,0,5,96
4093,392784,53.05666594952345,0.11458333333333337,6.958333333333333,0,5,96
4094,393008,65.37500023841858,0.02083333333333337,6.28125,0,4,96
4095,393176,60.87166687846184,0.05208333333333337,6.239583333333333,0,7,96
4096,393216,65.68166641891003,0.0,6.614583333333333,0,4,96
4097,393216,58.07166603207588,0.0625,6.802083333333333,0,6,96
4098,393216,61.08666632324457,0.05208333333333337,6.458333333333333,0,6,96
4099,393216,60.37999960035086,0.04166666666666663,6.875,0,4,96
4100,393352,64.09999993443489,0.03125,6.5,0,3,96
4101,393552,63.09166616946459,0.01041666666666663,7.364583333333333,0,3,96
4102,393776,62.04166617244482,0.02083333333333337,6.864583333333333,0,4,96
4103,393944,60.30666621029377,0.0625,6.583333333333333,0,4,96
4104,393984,61.08333208411932,0.05208333333333337,7.104166666666667,0,2,96
4105,393984,63.69999951869249,0.02083333333333337,6.8125,0,4,96
4106,393984,65.0383335724473,0.03125,6.260416666666667,0,3,96
4107,393984,68.44499999284744,0.0,6.28125,0,3,96
4108,394120,63.814999774098396,0.02083333333333337,6.53125,0,5,96
4109,394320,69.9600006788969,0.0,5.8125,0,3,96
4110,394544,68.39833338558674,0.0,6.260416666666667,0,3,96
4111,394712,67.59666658937931,0.0,6.333333333333333,0,4,96
4112,394752,60.38833253830671,0.04166666666666663,7.197916666666667,0,4,96
4113,394752,56.38666643202305,0.07291666666666663,7.270833333333333,0,5,96
4114,394752,63.45833344757557,0.03125,6.385416666666667,0,5,96
4115,394752,62.63333198428154,0.03125,7.041666666666667,0,3,96
4116,394888,67.18500016629696,0.02083333333333337,6.15625,0,2,96
4117,395088,62.56166669726372,0.0,7.614583333333333,0,4,96
4118,395312,62.64166634529829,0.01041666666666663,7.302083333333333,0,4,96
4119,395480,60.09833237528801,0.04166666666666663,7.010416666666667,0,5,96
4120,395520,68.49833382666111,0.01041666666666663,6.010416666666667,0,2,96
4121,395520,58.50166618078947,0.0625,7.302083333333333,0,3,96
4122,395520,59.576666101813316,0.0625,6.770833333333333,0,4,96
4123,395520,66.26000028848648,0.03125,6.125,0,2,96
4124,395656,63.321666702628136,0.04166666666666663,6.177083333333333,0,4,96
4125,395856,63.75000022351742,0.0625,6.0,0,3,96
4126,396080,65.42833362519741,0.02083333333333337,6.135416666666667,0,5,96
4127,396248,57.591666519641876,0.07291666666666663,6.364583333333333,0,9,96
4128,396288,69.8550002425909,0.0,6.15625,0,1,96
4129,396288,63.31833294034004,0.0,7.197916666666667,0,4,96
4130,396288,61.27499984949827,0.02083333333333337,7.46875,0,4,96
4131,396288,61.80166608840227,0.02083333333333337,7.364583333333333,0,3,96
4132,396424,64.66499873995781,0.01041666666666663,7.09375,0,2,96
4133,396624,60.79999962449074,0.03125,7.3125,0,3,96
4134,396848,63.28166648745537,0.01041666666666663,7.427083333333333,0,2,96
4135,397016,57.02666612714529,0.07291666666666663,7.145833333333333,0,3,96
4136,397056,60.19999997317791,0.0625,6.25,0,6,96
4137,397056,65.05499985814095,0.03125,6.28125,0,4,96
4138,397056,67.50833338499069,0.0,6.260416666666667,0,4,96
4139,397056,64.20666668564081,0.03125,6.395833333333333,0,3,96
4140,397192,63.53499899804592,0.01041666666666663,7.34375,0,2,96
4141,397392,68.71500004827976,0.0,6.28125,0,2,96
4142,397616,67.51666721701622,0.02083333333333337,5.958333333333333,0,2,96
4143,397784,64.01166580617428,0.02083333333333337,6.864583333333333,0,3,96
4144,397824,66.78166654706001,0.0,6.364583333333333,0,5,96
4145,397824,60.89833244681358,0.04166666666666663,6.885416666666667,0,4,96
4146,397824,61.0899992287159,0.04166666666666663,7.1875,0,3,96
4147,397824,61.31833274662495,0.0625,6.510416666666667,0,2,96
4148,397960,66.88499996066093,0.01041666666666663,6.28125,0,3,96
4149,398160,64.42833332717419,0.02083333333333337,6.322916666666667,0,5,96
4150,398384,66.00833377242088,0.03125,6.010416666666667,0,3,96
4151,398552,62.91833267360926,0.03125,6.885416666666667,0,3,96
4152,398592,62.501666501164436,0.05208333333333337,6.239583333333333,0,4,96
4153,398592,62.11166550964117,0.03125,7.052083333333333,0,4,96
4154,398592,69.7283335775137,0.0,5.947916666666667,0,3,96
4155,398592,62.80666548013687,0.04166666666666663,6.833333333333333,0,1,96
4156,398728,58.54833299666643,0.09375,6.447916666666667,0,3,96
4157,398928,64.8866668343544,0.0,7.270833333333333,0,2,96
4158,399152,60.20166669040918,0.07291666666666663,6.364583333333333,0,4,96
4159,399320,57.59166683256626,0.09375,6.177083333333333,0,7,96
4160,399360,62.8349993377924,0.04166666666666663,6.59375,0,3,96
4161,399360,60.11666563153267,0.05208333333333337,6.833333333333333,0,4,96
4162,399360,63.759999968111515,0.0,7.4375,0,3,96
4163,399360,69.11166726052761,0.01041666666666663,5.677083333333333,0,4,96
4164,399496,65.49333225935698,0.0,7.041666666666667,0,3,96
4165,399696,61.963332429528236,0.03125,6.791666666666667,0,4,96
4166,399920,62.52166584134102,0.02083333333333337,7.177083333333333,0,4,96
