episode,timestep,reward,sla_violation,mean_replicas,crashes,flapping_incidents,length
0,40,-20.43999983370304,1.0,1.2,1,0,5
1,160,-23.168333128094673,0.85,2.35,1,6,20
2,280,-25.81333378329873,0.8,3.657142857142857,1,10,35
3,304,-19.925000436604023,0.631578947368421,2.1315789473684212,1,15,38
4,376,-19.084999233484268,0.5833333333333333,3.25,1,3,12
5,432,-30.86166711896658,0.7959183673469388,2.7142857142857144,1,21,49
6,840,-34.98333376739174,0.8431372549019608,3.6862745098039214,1,24,51
7,1232,3.7633338710293174,0.2857142857142857,6.415584415584416,1,63,154
8,1512,-9.16833383962512,0.22857142857142854,3.914285714285714,1,13,35
9,1600,24.655000304803252,0.33499999999999996,6.975,0,70,200
10,1600,53.000000479631126,0.20499999999999996,6.36,0,71,200
11,1600,55.258333777077496,0.19999999999999996,5.735,0,78,200
12,1728,27.62666642665863,0.1785714285714286,7.877551020408164,1,67,196
13,1776,-18.471667140722275,0.6363636363636364,3.8636363636363638,1,4,22
14,1904,66.78166654799134,0.06999999999999995,8.185,0,71,200
15,1976,92.71500034630299,0.040000000000000036,7.065,0,54,200
16,2440,-3.011666575446725,0.4051724137931034,5.077586206896552,1,37,116
17,2440,55.813332981429994,0.14500000000000002,8.36,0,61,200
18,3200,61.65999985206872,0.08999999999999997,8.73,0,65,200
19,3200,53.633333588950336,0.16500000000000004,7.13,0,73,200
20,3328,54.919999859295785,0.10999999999999999,8.73,0,69,200
21,3336,-15.238332647830248,0.4117647058823529,2.764705882352941,1,4,17
22,3376,54.068333524279296,0.18500000000000005,7.535,0,63,200
23,3504,42.925000570714474,0.20999999999999996,7.035,0,78,200
24,3576,72.16666688770056,0.08999999999999997,7.93,0,60,200
25,4040,57.06000043172389,0.18500000000000005,7.35,0,59,200
26,4040,61.695000272244215,0.10999999999999999,7.485,0,73,200
27,4120,8.401667077094316,0.18367346938775508,6.663265306122449,1,33,98
28,4800,81.6066670967266,0.030000000000000027,7.93,0,61,200
29,4928,79.59999990835786,0.040000000000000036,7.41,0,70,200
30,4976,54.32666694186628,0.18000000000000005,6.91,0,71,200
31,5104,61.41833366639912,0.10999999999999999,7.565,0,75,200
32,5176,73.07000055257231,0.06999999999999995,7.98,0,64,200
33,5640,61.733333595097065,0.04500000000000004,9.5,0,67,200
34,5640,50.49000026099384,0.10499999999999998,9.42,0,69,200
35,5720,72.98500017914921,0.030000000000000027,8.865,0,64,200
36,5792,-21.99833268672228,1.0,1.8888888888888888,1,1,9
37,6400,62.43166665080935,0.07999999999999996,8.905,0,61,200
38,6528,40.071666612289846,0.17500000000000004,8.545,0,74,200
39,6576,59.798333590850234,0.05500000000000005,9.575,0,68,200
40,6704,63.595000164583325,0.07499999999999996,9.285,0,59,200
41,6776,60.09999997727573,0.06000000000000005,9.12,0,69,200
42,7240,55.68166712205857,0.14,7.885,0,69,200
43,7240,44.17000057082623,0.17000000000000004,8.1,0,76,200
44,7392,56.248333314433694,0.08499999999999996,8.855,0,74,200
45,8000,48.74500009138137,0.15000000000000002,8.775,0,64,200
46,8128,61.29833382554352,0.040000000000000036,9.995,0,65,200
47,8176,58.721666923724115,0.13,8.485,0,61,200
48,8304,71.59666653722525,0.06999999999999995,8.32,0,59,200
49,8376,49.47500015236437,0.22999999999999998,7.545,0,55,200
50,8840,54.59333351254463,0.09999999999999998,9.77,0,59,200
51,8840,67.61666664388031,0.05500000000000005,8.38,0,70,200
52,8992,73.77833368629217,0.020000000000000018,9.035,0,63,200
53,9600,66.46166669670492,0.06000000000000005,9.085,0,61,200
54,9728,75.51500037591904,0.04500000000000004,8.265,0,65,200
55,9776,71.20166694466025,0.10999999999999999,7.885,0,55,200
56,9904,55.4233334781602,0.13,8.45,0,67,200
57,9976,58.56000038422644,0.13,8.76,0,57,200
58,10440,58.13000027742237,0.125,8.46,0,62,200
59,10440,72.4983337847516,0.030000000000000027,9.365,0,59,200
60,10592,60.130000405944884,0.09499999999999997,8.94,0,62,200
61,11200,76.21000037435442,0.06499999999999995,7.53,0,63,200
62,11328,78.58499991893768,0.04500000000000004,8.595,0,52,200
63,11376,67.06000022869557,0.07999999999999996,8.07,0,68,200
64,11504,59.04000020585954,0.125,8.82,0,59,200
65,11576,65.61500033270568,0.09499999999999997,8.475,0,60,200
66,12040,62.90333351120353,0.125,8.54,0,54,200
67,12040,83.32000063546002,0.030000000000000027,8.67,0,51,200
68,12192,66.5650000339374,0.04500000000000004,9.765,0,57,200
69,12800,68.55999988410622,0.06999999999999995,9.24,0,54,200
70,12928,75.99333348404616,0.08499999999999996,8.63,0,44,200
71,12976,72.58333368878812,0.06000000000000005,9.2,0,50,200
72,13104,79.7466670460999,0.04500000000000004,8.47,0,55,200
73,13176,67.36333338078111,0.07999999999999996,9.11,0,55,200
74,13640,60.78166667930782,0.10499999999999998,8.875,0,60,200
75,13640,79.86000032350421,0.020000000000000018,8.46,0,60,200
76,13792,85.016667063348,0.030000000000000027,8.8,0,47,200
77,14400,73.57666713744402,0.06000000000000005,8.68,0,56,200
78,14528,80.14333328232169,0.05500000000000005,8.99,0,41,200
79,14576,67.6983334645629,0.06999999999999995,9.185,0,56,200
80,14704,80.66999998502433,0.06499999999999995,8.4,0,46,200
81,14776,69.77000037115067,0.06999999999999995,8.52,0,61,200
82,15240,72.94166688248515,0.06000000000000005,9.475,0,49,200
83,15240,54.54500047955662,0.07999999999999996,8.715,0,78,200
84,15392,65.73833351116627,0.06000000000000005,8.705,0,67,200
85,16000,77.28166721761227,0.040000000000000036,8.815,0,55,200
86,16128,74.24666682165116,0.06999999999999995,8.53,0,53,200
87,16176,71.17833360750228,0.09999999999999998,8.105,0,55,200
88,16304,79.6733334492892,0.04500000000000004,8.36,0,56,200
89,16376,74.75666723959148,0.07999999999999996,8.32,0,50,200
90,16840,75.48000014480203,0.06499999999999995,8.58,0,53,200
91,16840,72.95500030182302,0.09999999999999998,8.535,0,45,200
92,16992,60.61499991174787,0.09499999999999997,9.345,0,57,200
93,17600,64.82333362381905,0.12,8.09,0,59,200
94,17728,68.64666684251279,0.05500000000000005,8.92,0,62,200
95,17776,78.7383334711194,0.06999999999999995,8.165,0,50,200
96,17904,70.94333375617862,0.10999999999999999,8.18,0,50,200
97,17976,74.31500019039959,0.07999999999999996,8.475,0,54,200
98,18440,46.628333766944706,0.17000000000000004,8.975,0,58,200
99,18440,70.98833336960524,0.08499999999999996,8.525,0,54,200
100,18592,63.3016670383513,0.125,8.485,0,56,200
101,19200,74.53500019013882,0.08999999999999997,7.905,0,55,200
102,19328,85.70000038202852,0.010000000000000009,8.37,0,53,200
103,19376,92.10333381779492,0.020000000000000018,8.06,0,48,200
104,19504,81.9183337436989,0.03500000000000003,8.705,0,49,200
105,19576,70.49833362083882,0.06000000000000005,7.895,0,69,200
106,20040,79.12333352584392,0.06000000000000005,8.0,0,53,200
107,20040,77.37000038847327,0.05500000000000005,8.7,0,50,200
108,20192,72.50000001955777,0.10499999999999998,8.91,0,42,200
109,20800,75.86166717577726,0.040000000000000036,8.215,0,64,200
110,20928,67.51333356741816,0.07499999999999996,8.27,0,68,200
111,20976,67.96166677493602,0.07499999999999996,8.965,0,58,200
112,21104,73.83666663896292,0.04500000000000004,9.28,0,53,200
113,21176,70.18500007502735,0.05500000000000005,8.895,0,61,200
114,21640,78.08000059891492,0.06999999999999995,8.37,0,51,200
115,21640,74.8116669850424,0.06999999999999995,8.485,0,52,200
116,21792,80.85166715458035,0.040000000000000036,9.205,0,44,200
117,22400,70.53833361901343,0.08499999999999996,9.005,0,50,200
118,22528,73.52166731655598,0.06499999999999995,8.875,0,52,200
119,22576,71.76833344995975,0.07499999999999996,9.215,0,48,200
120,22704,79.67833360470831,0.025000000000000022,8.525,0,60,200
121,22776,88.49333386030048,0.020000000000000018,8.06,0,52,200
122,23240,68.13000016845763,0.07999999999999996,9.06,0,53,200
123,23240,82.33166699297726,0.025000000000000022,8.935,0,51,200
124,23392,71.86500011011958,0.07499999999999996,8.805,0,51,200
125,24000,75.60499998554587,0.06000000000000005,8.925,0,52,200
126,24128,66.67166712973267,0.11499999999999999,8.575,0,51,200
127,24176,79.17666658107191,0.025000000000000022,9.88,0,41,200
128,24304,71.49833381269127,0.06499999999999995,8.645,0,59,200
129,24376,67.91666669398546,0.06999999999999995,9.28,0,53,200
130,24840,72.4633337315172,0.06000000000000005,9.32,0,50,200
131,24840,78.44166704453528,0.040000000000000036,8.485,0,56,200
132,24992,86.22166681382805,0.015000000000000013,9.115,0,44,200
133,25600,90.62833342328668,0.015000000000000013,7.925,0,52,200
134,25728,79.52333377674222,0.06499999999999995,8.0,0,54,200
135,25776,87.66000042296946,0.030000000000000027,8.22,0,50,200
136,25904,82.01500049512833,0.025000000000000022,9.075,0,49,200
137,25976,74.36666687112302,0.06000000000000005,8.62,0,55,200
138,26440,70.42666686419398,0.09499999999999997,7.99,0,58,200
139,26440,77.66333341039717,0.040000000000000036,8.36,0,61,200
140,26592,87.96500034537166,0.04500000000000004,7.755,0,50,200
141,27200,76.80666727758944,0.040000000000000036,8.95,0,54,200
142,27328,92.7650004606694,0.050000000000000044,8.205,0,33,200
143,27376,79.2150004003197,0.040000000000000036,9.285,0,46,200
144,27504,88.80166718922555,0.040000000000000036,8.065,0,46,200
145,27576,66.04833351168782,0.06999999999999995,9.515,0,54,200
146,28040,60.21333371009678,0.125,8.54,0,59,200
147,28040,84.82833382952958,0.03500000000000003,8.525,0,49,200
148,28192,84.87000087369233,0.025000000000000022,8.16,0,56,200
149,28800,79.41500024870038,0.050000000000000044,9.345,0,42,200
150,28928,89.07500031869859,0.06499999999999995,7.725,0,44,200
151,28976,82.20166682358831,0.06499999999999995,8.005,0,51,200
152,29104,81.76333328709006,0.040000000000000036,8.69,0,51,200
153,29176,67.13500049803406,0.11499999999999999,7.995,0,59,200
154,29640,80.4400006243959,0.04500000000000004,8.79,0,48,200
155,29640,85.35000039450824,0.05500000000000005,7.59,0,53,200
156,29792,80.97166681475937,0.025000000000000022,9.235,0,48,200
157,30400,96.4133337335661,0.015000000000000013,7.94,0,44,200
158,30528,73.34666723571718,0.06499999999999995,8.68,0,55,200
159,30576,81.3083334742114,0.04500000000000004,8.915,0,45,200
160,30704,78.8733338220045,0.06000000000000005,8.39,0,52,200
161,30776,80.17500014603138,0.03500000000000003,9.045,0,50,200
162,31240,84.56000043824315,0.03500000000000003,9.03,0,42,200
163,31240,85.53500053286552,0.06499999999999995,7.965,0,46,200
164,31392,72.86333389952779,0.09499999999999997,8.9,0,43,200
165,32000,69.04500065278262,0.06999999999999995,8.775,0,57,200
166,32128,82.9866669755429,0.06000000000000005,8.5,0,44,200
167,32176,95.91500023473054,0.040000000000000036,8.055,0,36,200
168,32304,93.93833356257528,0.040000000000000036,8.075,0,37,200
169,32376,80.86666732281446,0.04500000000000004,8.44,0,52,200
170,32840,78.45499995909631,0.050000000000000044,8.865,0,50,200
171,32840,88.28000016417354,0.04500000000000004,8.43,0,41,200
172,32992,82.98333345819265,0.03500000000000003,9.29,0,42,200
173,33600,95.90666740573943,0.030000000000000027,7.72,0,42,200
174,33728,94.67833338864148,0.03500000000000003,8.255,0,36,200
175,33776,93.07500048168004,0.040000000000000036,7.785,0,43,200
176,33904,88.08833368401974,0.03500000000000003,8.345,0,47,200
177,33976,92.5500003406778,0.040000000000000036,7.74,0,45,200
178,34440,84.45666681416333,0.03500000000000003,8.92,0,43,200
179,34440,95.87666738592088,0.020000000000000018,8.5,0,37,200
180,34592,84.10500032827258,0.04500000000000004,8.115,0,52,200
181,35200,74.82166668400168,0.08999999999999997,8.545,0,46,200
182,35328,88.81333339586854,0.05500000000000005,7.91,0,45,200
183,35376,88.55833366326988,0.030000000000000027,8.555,0,43,200
184,35504,84.94666723441333,0.06000000000000005,8.14,0,48,200
185,35576,76.51000053528696,0.06999999999999995,8.97,0,43,200
186,36040,81.95166696235538,0.050000000000000044,8.545,0,47,200
187,36040,82.75333384051919,0.06499999999999995,7.94,0,50,200
188,36192,84.32166687306017,0.040000000000000036,8.245,0,52,200
189,36800,80.47500048670918,0.07499999999999996,8.235,0,47,200
190,36928,92.71000038646162,0.025000000000000022,8.19,0,44,200
191,36976,76.48833351954818,0.07999999999999996,8.315,0,50,200
192,37104,87.5116668511182,0.04500000000000004,8.425,0,43,200
193,37176,82.98666690848768,0.050000000000000044,8.47,0,47,200
194,37640,85.70833362825215,0.030000000000000027,8.645,0,47,200
195,37640,80.59833341371268,0.07999999999999996,8.555,0,41,200
196,37792,93.35666690673679,0.025000000000000022,8.23,0,45,200
197,38400,91.97666685283184,0.040000000000000036,8.11,0,40,200
198,38528,90.92666690796614,0.025000000000000022,8.02,0,49,200
199,38576,86.78166687861085,0.04500000000000004,8.545,0,44,200
200,38704,75.92833362147212,0.06999999999999995,9.035,0,47,200
201,38776,83.66666704323143,0.04500000000000004,8.53,0,47,200
202,39240,95.47666672896594,0.03500000000000003,7.93,0,40,200
203,39240,89.96333344932646,0.06999999999999995,7.94,0,38,200
204,39392,86.7583332369104,0.05500000000000005,7.505,0,53,200
205,40000,82.81833395268768,0.07999999999999996,8.015,0,45,200
206,40128,84.71666660439223,0.05500000000000005,8.5,0,44,200
207,40176,88.5200004754588,0.03500000000000003,8.76,0,40,200
208,40304,93.17666718363762,0.025000000000000022,7.9,0,47,200
209,40376,84.00666700303555,0.06499999999999995,7.33,0,57,200
210,40840,81.70000028051436,0.06000000000000005,8.43,0,46,200
211,40840,85.27000055089593,0.06999999999999995,7.47,0,54,200
212,40992,86.11999991070479,0.06999999999999995,8.16,0,41,200
213,41600,86.03333360515535,0.07499999999999996,7.79,0,44,200
214,41728,82.47666676994413,0.06499999999999995,7.99,0,49,200
215,41776,96.11333325505257,0.020000000000000018,8.33,0,38,200
216,41904,90.29166693426669,0.04500000000000004,8.335,0,38,200
217,41976,88.43833322264254,0.030000000000000027,8.435,0,46,200
218,42440,68.98333355691284,0.10999999999999999,8.87,0,47,200
219,42440,78.14666717499495,0.08499999999999996,8.32,0,45,200
220,42592,79.64833384007215,0.05500000000000005,9.005,0,44,200
221,43200,94.63666704203933,0.030000000000000027,8.35,0,39,200
222,43328,97.7466670004651,0.020000000000000018,8.44,0,36,200
223,43376,81.58833318762481,0.06499999999999995,8.345,0,47,200
224,43504,89.42000009957701,0.050000000000000044,8.22,0,40,200
225,43576,78.26166733726859,0.09999999999999998,7.855,0,50,200
226,44040,93.60666677635163,0.04500000000000004,8.23,0,36,200
227,44040,84.86666732933372,0.04500000000000004,8.08,0,52,200
228,44192,96.45666665118188,0.025000000000000022,8.2,0,39,200
229,44800,83.88833359535784,0.05500000000000005,7.925,0,52,200
230,44928,86.40666694566607,0.05500000000000005,8.47,0,41,200
231,44976,86.65833382867277,0.05500000000000005,8.735,0,37,200
232,45104,81.39000001363456,0.07499999999999996,8.82,0,38,200
233,45176,70.89833376836032,0.09999999999999998,8.765,0,46,200
234,45640,85.3800004599616,0.040000000000000036,8.19,0,52,200
235,45640,91.65500023867935,0.05500000000000005,7.965,0,38,200
236,45792,86.6233337810263,0.040000000000000036,8.9,0,39,200
237,46400,90.74000051058829,0.03500000000000003,8.85,0,37,200
238,46528,94.98666692804545,0.030000000000000027,8.74,0,32,200
239,46576,95.92833344172686,0.020000000000000018,7.805,0,46,200
240,46704,85.81833368726075,0.04500000000000004,8.615,0,44,200
241,46776,90.28000014927238,0.05500000000000005,8.01,0,41,200
242,47240,78.11166695319116,0.06999999999999995,8.515,0,48,200
243,47240,87.18500052578747,0.030000000000000027,8.745,0,45,200
244,47392,92.60166700463742,0.03500000000000003,8.395,0,38,200
245,48000,99.70333343744278,0.030000000000000027,7.97,0,36,200
246,48128,86.25000018719584,0.06000000000000005,8.4,0,42,200
247,48176,91.66333360224962,0.025000000000000022,8.63,0,41,200
248,48304,95.95333409309387,0.04500000000000004,7.97,0,36,200
249,48376,93.21666705515236,0.025000000000000022,8.2,0,43,200
250,48840,100.0733339516446,0.015000000000000013,8.18,0,37,200
251,48840,92.43333362229168,0.030000000000000027,8.33,0,42,200
252,48992,94.06333352997899,0.040000000000000036,7.82,0,44,200
253,49600,86.81333357002586,0.050000000000000044,7.88,0,51,200
254,49728,91.01000033318996,0.05500000000000005,7.89,0,41,200
255,49776,93.94666727632284,0.03500000000000003,8.23,0,38,200
256,49904,102.3216665647924,0.015000000000000013,7.525,0,41,200
257,49976,92.80000016558915,0.040000000000000036,8.43,0,36,200
258,50440,102.82500048354268,0.015000000000000013,7.545,0,41,200
259,50440,91.77333372365683,0.04500000000000004,8.0,0,42,200
260,50592,94.95333388354629,0.040000000000000036,8.03,0,38,200
261,51200,99.28833327256143,0.06000000000000005,7.385,0,32,200
262,51328,93.74000048357993,0.020000000000000018,8.43,0,41,200
263,51376,97.24666703306139,0.020000000000000018,8.26,0,37,200
264,51504,94.7000003894791,0.050000000000000044,7.65,0,41,200
265,51576,100.55166698805988,0.025000000000000022,7.375,0,43,200
266,52040,83.49500007461756,0.07499999999999996,8.475,0,41,200
267,52040,93.62333363946527,0.030000000000000027,8.81,0,33,200
268,52192,96.64166691154242,0.015000000000000013,8.005,0,45,200
269,52800,101.23333379905671,0.015000000000000013,7.43,0,45,200
270,52928,94.15833379328251,0.025000000000000022,8.225,0,43,200
271,52976,90.67833340726793,0.04500000000000004,8.165,0,42,200
272,53104,94.69666697829962,0.04500000000000004,7.78,0,40,200
273,53176,98.72333380579948,0.025000000000000022,8.15,0,38,200
274,53640,103.40833384916186,0.03500000000000003,7.295,0,37,200
275,53640,91.59666699450463,0.040000000000000036,7.9,0,47,200
276,53792,89.97666698973626,0.04500000000000004,8.41,0,41,200
277,54400,103.13833382353187,0.015000000000000013,7.805,0,38,200
278,54528,84.42333376314491,0.07499999999999996,8.24,0,42,200
279,54576,93.63000042364001,0.04500000000000004,8.04,0,38,200
280,54704,99.06999987177551,0.03500000000000003,7.89,0,34,200
281,54776,100.00833342503756,0.020000000000000018,8.225,0,36,200
282,55240,94.24500001501292,0.04500000000000004,8.055,0,40,200
283,55240,91.25666650664061,0.040000000000000036,8.41,0,40,200
284,55392,81.35500072315335,0.07499999999999996,7.995,0,50,200
285,56000,103.67666704393923,0.040000000000000036,7.51,0,32,200
286,56128,91.26166707929224,0.020000000000000018,8.755,0,42,200
287,56176,101.59166693873703,0.03500000000000003,7.585,0,35,200
288,56304,100.50666705518961,0.030000000000000027,7.9,0,34,200
289,56376,102.79833344649523,0.040000000000000036,7.235,0,38,200
290,56840,94.88166729640216,0.020000000000000018,8.365,0,41,200
291,56840,92.13000012654811,0.040000000000000036,8.46,0,38,200
292,56992,97.13333361782134,0.050000000000000044,8.0,0,31,200
293,57600,98.855000205338,0.050000000000000044,7.725,0,34,200
294,57728,98.57833374012262,0.025000000000000022,8.195,0,35,200
295,57776,83.57500003185123,0.06000000000000005,8.385,0,44,200
296,57904,107.84666689485312,0.030000000000000027,6.76,0,39,200
297,57976,104.44833328574896,0.050000000000000044,7.385,0,29,200
298,58440,102.37333358731121,0.025000000000000022,7.73,0,37,200
299,58440,100.15000013262033,0.03500000000000003,7.44,0,40,200
300,58592,94.52166727837175,0.06999999999999995,8.185,0,28,200
301,59200,94.96166723966599,0.07999999999999996,7.525,0,34,200
302,59328,100.14166696835309,0.025000000000000022,7.945,0,38,200
303,59376,94.0750001212582,0.06499999999999995,7.935,0,33,200
304,59504,100.60333373770118,0.04500000000000004,7.76,0,33,200
305,59576,100.42166704498231,0.06000000000000005,6.895,0,37,200
306,60040,108.09499994851649,0.020000000000000018,7.395,0,32,200
307,60040,99.1566665796563,0.03500000000000003,7.96,0,35,200
308,60192,104.55833392124623,0.03500000000000003,7.415,0,34,200
309,60800,98.89333342574537,0.050000000000000044,7.82,0,33,200
310,60928,113.4816670268774,0.025000000000000022,7.075,0,27,200
311,60976,94.14333395566791,0.08499999999999996,7.19,0,38,200
312,61104,107.00500032678246,0.05500000000000005,7.005,0,28,200
313,61176,108.55166691914201,0.030000000000000027,7.255,0,32,200
314,61640,110.293333504349,0.015000000000000013,7.4,0,31,200
315,61640,100.30166708584875,0.06499999999999995,7.045,0,36,200
316,61792,112.44000056758523,0.015000000000000013,6.9,0,36,200
317,62400,104.50833322387189,0.04500000000000004,7.235,0,33,200
318,62528,102.61666671186686,0.06999999999999995,6.79,0,33,200
319,62576,104.46000013779849,0.06999999999999995,6.81,0,30,200
320,62704,104.78500039689243,0.07999999999999996,6.705,0,28,200
321,62776,104.726666867733,0.040000000000000036,7.33,0,34,200
322,63240,101.33333368226886,0.07499999999999996,7.07,0,32,200
323,63240,89.43166700005531,0.08499999999999996,7.855,0,34,200
324,63392,124.79499980434775,0.0050000000000000044,6.435,0,26,200
325,64000,100.99333374388516,0.05500000000000005,7.55,0,30,200
326,64128,118.05999980773777,0.040000000000000036,6.27,0,27,200
327,64176,111.77000033855438,0.025000000000000022,6.9,0,33,200
328,64304,111.23666741885245,0.08499999999999996,5.89,0,27,200
329,64376,86.90833348687738,0.12,7.445,0,34,200
330,64840,98.19833366200328,0.08499999999999996,7.175,0,30,200
331,64840,114.9399999929592,0.03500000000000003,6.75,0,27,200
332,64992,117.60999990161508,0.04500000000000004,6.24,0,26,200
333,65600,120.6033339863643,0.040000000000000036,5.96,0,27,200
334,65728,110.98833340406418,0.04500000000000004,6.665,0,31,200
335,65776,110.01166672632098,0.03500000000000003,6.985,0,31,200
336,65904,109.88666651770473,0.03500000000000003,7.21,0,30,200
337,65976,108.2516670525074,0.05500000000000005,6.955,0,27,200
338,66440,113.14666663855314,0.06000000000000005,6.16,0,30,200
339,66440,112.80000004544854,0.040000000000000036,6.99,0,25,200
340,66592,102.3183333799243,0.05500000000000005,7.265,0,34,200
341,67200,106.41000029351562,0.06999999999999995,6.66,0,30,200
342,67328,114.15499971061945,0.030000000000000027,7.155,0,24,200
343,67376,102.69999951031059,0.06499999999999995,7.35,0,29,200
344,67504,100.86000006273389,0.07499999999999996,6.75,0,35,200
345,67576,120.47166697960347,0.020000000000000018,6.385,0,26,200
346,68040,114.67000030726194,0.030000000000000027,7.59,0,17,200
347,68040,117.43333340343088,0.03500000000000003,6.2,0,30,200
348,68192,113.07166740298271,0.09499999999999997,6.175,0,18,200
349,68800,108.22166669461876,0.06999999999999995,6.595,0,27,200
350,68928,119.94666723906994,0.025000000000000022,6.61,0,24,200
351,68976,108.6300004273653,0.08499999999999996,6.51,0,24,200
352,69104,112.32000025268644,0.08999999999999997,5.7,0,28,200
353,69176,109.57333363965154,0.05500000000000005,6.98,0,26,200
354,69640,102.16333355009556,0.125,6.32,0,26,200
355,69640,119.1316670421511,0.03500000000000003,6.445,0,24,200
356,69792,120.00000000745058,0.030000000000000027,6.15,0,29,200
357,70400,108.77833395730704,0.04500000000000004,7.175,0,27,200
358,70528,84.54833353869617,0.17000000000000004,6.755,0,31,200
359,70576,108.17999975103885,0.09999999999999998,5.91,0,27,200
360,70704,113.32666667737067,0.06999999999999995,6.04,0,29,200
361,70776,104.26666697114706,0.14500000000000002,5.89,0,21,200
362,71240,118.41166669875383,0.03500000000000003,7.075,0,17,200
363,71240,109.74166681524366,0.05500000000000005,7.015,0,25,200
364,71392,120.90833369269967,0.030000000000000027,6.455,0,24,200
365,72000,113.44833371322602,0.06000000000000005,6.575,0,24,200
366,72128,110.13000006601214,0.15500000000000003,5.25,0,16,200
367,72176,106.68833350017667,0.06499999999999995,6.485,0,32,200
368,72304,106.32666694745421,0.07999999999999996,6.82,0,27,200
369,72376,118.93666688352823,0.015000000000000013,6.91,0,25,200
370,72840,114.30666663404554,0.04500000000000004,6.94,0,23,200
371,72840,103.49666628520936,0.10999999999999999,6.22,0,27,200
372,72992,116.91333321854472,0.06999999999999995,6.05,0,22,200
373,73600,103.13000021874905,0.14500000000000002,6.06,0,20,200
374,73728,114.87333344481885,0.07499999999999996,5.75,0,29,200
375,73776,120.51999961212277,0.040000000000000036,6.12,0,25,200
376,73904,111.72333348169923,0.06000000000000005,7.07,0,19,200
377,73976,112.0833336673677,0.08999999999999997,6.02,0,26,200
378,74440,100.50500012096018,0.09499999999999997,6.675,0,32,200
379,74440,110.90000042226166,0.050000000000000044,6.87,0,27,200
380,74592,114.16833326034248,0.06000000000000005,6.515,0,24,200
381,75200,112.36833356320858,0.06999999999999995,6.335,0,26,200
382,75328,111.8366667367518,0.07499999999999996,6.37,0,24,200
383,75376,112.89166678488255,0.09999999999999998,5.755,0,22,200
384,75504,109.79166708141565,0.03500000000000003,7.615,0,24,200
385,75576,102.16333371400833,0.08999999999999997,6.71,0,30,200
386,76040,126.00833322480321,0.03500000000000003,6.065,0,20,200
387,76040,119.41500017698854,0.05500000000000005,6.315,0,18,200
388,76192,113.3683335185051,0.050000000000000044,6.665,0,28,200
389,76800,123.7316665314138,0.030000000000000027,6.205,0,23,200
390,76928,126.61333334818482,0.025000000000000022,6.14,0,20,200
391,76976,114.90500013995916,0.05500000000000005,6.135,0,29,200
392,77104,128.4550004415214,0.020000000000000018,6.135,0,19,200
393,77176,106.52166687417775,0.07999999999999996,6.595,0,28,200
394,77640,111.64500068314373,0.07499999999999996,6.585,0,21,200
395,77640,114.35166670382023,0.06000000000000005,6.595,0,22,200
396,77792,111.8233335763216,0.05500000000000005,6.56,0,27,200
397,78400,123.90333402901888,0.03500000000000003,6.26,0,20,200
398,78528,101.28500029444695,0.10499999999999998,6.915,0,25,200
399,78576,107.8933331547305,0.09499999999999997,6.62,0,22,200
400,78704,117.02000013366342,0.06000000000000005,6.03,0,26,200
401,78776,109.24833365436643,0.05500000000000005,6.515,0,34,200
402,79240,120.05000046268106,0.05500000000000005,6.39,0,18,200
403,79240,130.2650003246963,0.04500000000000004,5.445,0,17,200
404,79392,120.48666672408581,0.06999999999999995,5.5,0,24,200
405,80000,117.11000024992973,0.07999999999999996,5.76,0,22,200
406,80128,117.9850005172193,0.07499999999999996,5.895,0,22,200
407,80176,128.95166688319296,0.04500000000000004,5.815,0,14,200
408,80304,120.05333301052451,0.09499999999999997,5.27,0,22,200
409,80376,117.89666699245572,0.04500000000000004,6.52,0,23,200
410,80840,105.80166679620743,0.11499999999999999,6.145,0,25,200
411,80840,121.34333328064531,0.06000000000000005,5.87,0,20,200
412,80992,129.25666699185967,0.030000000000000027,6.31,0,14,200
413,81600,109.15499993786216,0.14,5.625,0,19,200
414,81728,123.12833355367184,0.06999999999999995,5.765,0,17,200
415,81776,122.03833385929465,0.10999999999999999,5.585,0,10,200
416,81904,100.86666719894856,0.21499999999999997,5.05,0,16,200
417,81976,111.76833333726972,0.08999999999999997,6.305,0,21,200
418,82440,115.10000068694353,0.09499999999999997,6.03,0,19,200
419,82440,117.6116671320051,0.08499999999999996,5.935,0,19,200
420,82592,117.00500003248453,0.08999999999999997,6.045,0,17,200
421,83200,115.14500080794096,0.09499999999999997,5.895,0,20,200
422,83328,126.82333402335644,0.03500000000000003,6.23,0,18,200
423,83376,123.37166742514819,0.03500000000000003,6.535,0,18,200
424,83504,127.93500044569373,0.05500000000000005,5.475,0,18,200
425,83576,122.32166632637382,0.08499999999999996,5.785,0,13,200
426,84040,118.08666689600796,0.07999999999999996,5.74,0,25,200
427,84040,98.56000035163015,0.14,6.06,0,31,200
428,84192,106.11333350744098,0.10999999999999999,6.35,0,24,200
429,84800,118.7683336334303,0.09999999999999998,5.555,0,17,200
430,84928,130.39333342015743,0.08499999999999996,5.33,0,7,200
431,84976,126.79666765034199,0.07499999999999996,5.23,0,17,200
432,85104,118.66666736453772,0.06000000000000005,6.46,0,20,200
433,85176,121.30166686326265,0.06499999999999995,6.175,0,17,200
434,85640,114.16500013321638,0.11499999999999999,5.895,0,15,200
435,85640,120.87666690908372,0.06499999999999995,6.04,0,19,200
436,85792,112.6466668015346,0.10499999999999998,6.01,0,19,200
437,86400,112.49166712164879,0.125,6.085,0,12,200
438,86528,121.76833372097462,0.09999999999999998,5.585,0,13,200
439,86576,121.27333393320441,0.08499999999999996,5.96,0,12,200
440,86704,120.41000022739172,0.06000000000000005,6.36,0,17,200
441,86776,127.91666712239385,0.04500000000000004,6.1,0,14,200
442,87240,119.81666636746377,0.07499999999999996,5.86,0,19,200
443,87240,121.55666630715132,0.040000000000000036,6.49,0,19,200
444,87392,114.42166654765606,0.11499999999999999,5.965,0,16,200
445,88000,131.51833347976208,0.030000000000000027,5.795,0,16,200
446,88128,115.83666670043021,0.07499999999999996,6.19,0,20,200
447,88176,121.24500035494566,0.10499999999999998,5.475,0,13,200
448,88304,131.28166661411524,0.020000000000000018,6.145,0,15,200
449,88376,103.28500010166317,0.16500000000000004,5.715,0,20,200
450,88840,124.96666626259685,0.05500000000000005,6.01,0,15,200
451,88840,113.60500037670135,0.13,5.625,0,14,200
452,88992,125.04999958723783,0.050000000000000044,5.91,0,19,200
453,89600,124.66666682064533,0.06000000000000005,6.19,0,14,200
454,89728,120.93000039830804,0.050000000000000044,6.42,0,20,200
455,89776,128.76333364192396,0.050000000000000044,5.72,0,15,200
456,89904,126.49333408847451,0.07499999999999996,5.6,0,12,200
457,89976,139.38000016659498,0.030000000000000027,5.22,0,11,200
458,90440,117.89000005275011,0.07499999999999996,6.0,0,22,200
459,90440,126.65500036999583,0.050000000000000044,5.565,0,21,200
460,90592,126.54833344370127,0.04500000000000004,6.245,0,14,200
461,91200,118.99333347659558,0.07499999999999996,6.08,0,19,200
462,91328,126.64499950781465,0.08499999999999996,5.415,0,13,200
463,91376,127.90666740760207,0.05500000000000005,5.32,0,23,200
464,91504,128.91333385463804,0.04500000000000004,5.66,0,20,200
465,91576,121.67666692659259,0.08999999999999997,5.62,0,16,200
466,92040,113.40000015404075,0.10999999999999999,5.88,0,20,200
467,92040,128.26666665822268,0.040000000000000036,5.95,0,17,200
468,92192,119.19833332952112,0.08499999999999996,5.675,0,21,200
469,92800,123.33000007085502,0.08999999999999997,5.76,0,10,200
470,92928,111.66666690912098,0.15000000000000002,5.23,0,16,200
471,92976,123.39000034239143,0.06999999999999995,5.55,0,20,200
472,93104,118.38000028114766,0.07499999999999996,6.42,0,14,200
473,93176,128.92166696488857,0.050000000000000044,5.395,0,21,200
474,93640,121.56500012613833,0.06499999999999995,5.505,0,22,200
475,93640,115.06333376187831,0.07999999999999996,6.23,0,21,200
476,93792,119.86333397496492,0.09999999999999998,5.45,0,16,200
477,94400,123.47666717600077,0.07499999999999996,5.44,0,20,200
478,94528,130.95333348494023,0.07499999999999996,5.24,0,11,200
479,94576,110.25499957054853,0.06999999999999995,6.555,0,27,200
480,94704,130.63000040128827,0.06000000000000005,5.31,0,15,200
481,94776,103.78166680596769,0.09999999999999998,6.325,0,29,200
482,95240,120.41999952495098,0.125,5.46,0,9,200
483,95240,122.67666734289378,0.08499999999999996,5.2,0,20,200
484,95392,116.0433335378766,0.125,5.48,0,15,200
485,96000,118.20666617155075,0.06000000000000005,6.25,0,22,200
486,96128,130.08333356585354,0.04500000000000004,5.27,0,23,200
487,96176,129.75333326961845,0.04500000000000004,5.63,0,16,200
488,96304,115.06333318725228,0.13,5.75,0,12,200
489,96376,125.58500046096742,0.06999999999999995,5.595,0,17,200
490,96840,131.12666687183082,0.050000000000000044,5.35,0,15,200
491,96840,122.02666682004929,0.05500000000000005,6.13,0,19,200
492,96992,131.60333362221718,0.05500000000000005,5.12,0,17,200
493,97600,127.28833300620317,0.06499999999999995,5.855,0,11,200
494,97728,119.12166688591242,0.06499999999999995,6.355,0,16,200
495,97776,108.23833365552127,0.08499999999999996,6.515,0,25,200
496,97904,117.40833359584212,0.08999999999999997,5.525,0,22,200
497,97976,118.40166701376438,0.10499999999999998,5.755,0,13,200
498,98440,122.54999995231628,0.08499999999999996,5.25,0,19,200
499,98440,111.85499994363636,0.08499999999999996,6.075,0,26,200
500,98592,125.8733335249126,0.050000000000000044,5.27,0,27,200
501,99200,119.40166687220335,0.08499999999999996,5.905,0,15,200
502,99328,112.29500022437423,0.08499999999999996,6.165,0,24,200
503,99376,124.42833330482244,0.05500000000000005,5.555,0,26,200
504,99504,119.05833297967911,0.10499999999999998,5.195,0,21,200
505,99576,114.78333324566483,0.09999999999999998,5.84,0,19,200
506,100040,128.526667162776,0.05500000000000005,5.41,0,19,200
507,100040,118.6100003104657,0.06499999999999995,5.79,0,27,200
508,100192,132.00500016659498,0.04500000000000004,5.505,0,16,200
509,100800,115.00166643317789,0.11499999999999999,5.245,0,22,200
510,100928,118.6483336314559,0.04500000000000004,6.665,0,20,200
511,100976,120.47166717424989,0.06000000000000005,5.785,0,26,200
512,101104,131.68333357479423,0.025000000000000022,5.3,0,25,200
513,101176,120.75333357881755,0.06499999999999995,5.75,0,22,200
514,101640,118.45333359763026,0.020000000000000018,7.07,0,24,200
515,101640,127.65000026579946,0.025000000000000022,5.67,0,26,200
516,101792,121.26833354588598,0.07499999999999996,5.375,0,24,200
517,102400,120.42666683346033,0.040000000000000036,6.25,0,24,200
518,102528,109.16500021889806,0.07499999999999996,6.525,0,27,200
519,102576,115.46500003989786,0.06499999999999995,5.925,0,31,200
520,102704,126.72666704654694,0.020000000000000018,6.04,0,25,200
521,102776,114.24666701164097,0.09499999999999997,5.89,0,21,200
522,103240,115.77833367418498,0.06999999999999995,5.585,0,31,200
523,103240,112.30833346769214,0.10499999999999998,5.795,0,23,200
524,103392,116.31000022217631,0.09499999999999997,5.67,0,20,200
525,104000,116.7249997779727,0.05500000000000005,6.015,0,32,200
526,104128,115.48333332687616,0.06999999999999995,6.17,0,24,200
527,104176,126.29666747152805,0.05500000000000005,5.56,0,21,200
528,104304,119.23166678100824,0.07499999999999996,5.815,0,21,200
529,104376,128.96000062674284,0.040000000000000036,5.64,0,21,200
530,104840,133.30000057816505,0.05500000000000005,5.1,0,17,200
531,104840,123.14666709303856,0.06000000000000005,5.38,0,26,200
532,104992,90.29166645929217,0.20499999999999996,5.755,0,26,200
533,105600,104.78500041365623,0.125,5.805,0,29,200
534,105728,112.45666685700417,0.07999999999999996,6.07,0,28,200
535,105776,119.2216665148735,0.03500000000000003,6.475,0,25,200
536,105904,128.71999995037913,0.025000000000000022,5.82,0,22,200
537,105976,117.40666646510363,0.08999999999999997,5.68,0,21,200
538,106440,122.39666723739356,0.06999999999999995,5.59,0,21,200
539,106440,137.3066670075059,0.015000000000000013,5.41,0,19,200
540,106592,122.32833375036716,0.09999999999999998,5.315,0,15,200
541,107200,118.43000055290759,0.06999999999999995,5.79,0,25,200
542,107328,116.61500040348619,0.09499999999999997,5.355,0,25,200
543,107376,109.30833337362856,0.11499999999999999,5.885,0,23,200
544,107504,123.9816666431725,0.07999999999999996,5.275,0,20,200
545,107576,119.46000012010336,0.04500000000000004,6.45,0,23,200
546,108040,120.35499991383404,0.06999999999999995,5.385,0,27,200
547,108040,117.43000041227788,0.07999999999999996,5.28,0,31,200
548,108192,120.33166719228029,0.07499999999999996,5.845,0,20,200
549,108800,103.48333339765668,0.13,5.57,0,32,200
550,108928,126.0883334139362,0.025000000000000022,5.675,0,29,200
551,108976,118.77166679035872,0.08999999999999997,5.605,0,20,200
552,109104,121.18500025197864,0.08999999999999997,5.145,0,23,200
553,109176,126.44999991636723,0.05500000000000005,5.52,0,20,200
554,109640,120.4200000576675,0.07499999999999996,5.58,0,21,200
555,109640,111.53333324100822,0.10999999999999999,5.57,0,25,200
556,109792,118.71166682615876,0.11499999999999999,4.855,0,22,200
557,110400,129.70666702091694,0.06000000000000005,5.53,0,13,200
558,110528,123.51000010967255,0.06999999999999995,5.4,0,23,200
559,110576,114.99166657030582,0.12,5.305,0,21,200
560,110704,120.3350006788969,0.08499999999999996,5.175,0,25,200
561,110776,122.92166684567928,0.07499999999999996,5.485,0,21,200
562,111240,127.81833308935165,0.08499999999999996,5.165,0,14,200
563,111240,109.68499991297722,0.14,5.595,0,20,200
564,111392,114.010000243783,0.135,5.16,0,19,200
565,112000,122.1500001847744,0.07999999999999996,5.25,0,24,200
566,112128,118.04333366733044,0.11499999999999999,5.3,0,16,200
567,112176,133.93166636675596,0.040000000000000036,5.215,0,19,200
568,112304,119.12166700791568,0.07999999999999996,5.935,0,20,200
569,112376,111.81333357375115,0.125,5.12,0,26,200
570,112840,123.78166661784053,0.04500000000000004,6.055,0,21,200
571,112840,121.46666693594307,0.07999999999999996,5.05,0,27,200
572,112992,110.85833305772394,0.06999999999999995,6.335,0,30,200
573,113600,114.8116669356823,0.10499999999999998,5.065,0,30,200
574,113728,115.93000062555075,0.06000000000000005,6.39,0,23,200
575,113776,116.2066666148603,0.11499999999999999,4.9,0,25,200
576,113904,127.70166704058647,0.040000000000000036,5.545,0,24,200
577,113976,125.46000030636787,0.06499999999999995,5.4,0,20,200
578,114440,133.24666694179177,0.03500000000000003,4.96,0,25,200
579,114440,121.74666680768132,0.07999999999999996,5.32,0,23,200
580,114592,118.68000005185604,0.06000000000000005,5.76,0,28,200
581,115200,111.7433334030211,0.09999999999999998,5.75,0,25,200
582,115328,121.42666685022414,0.06000000000000005,5.59,0,27,200
583,115376,132.3966666944325,0.010000000000000009,5.59,0,25,200
584,115504,109.01166650094092,0.125,5.785,0,20,200
585,115576,117.8150003766641,0.06999999999999995,5.565,0,28,200
586,116040,110.97166642453521,0.09999999999999998,6.475,0,17,200
587,116040,111.38666670769453,0.07999999999999996,6.13,0,27,200
588,116192,114.53333327826113,0.08499999999999996,5.96,0,24,200
589,116800,100.6649997998029,0.12,6.255,0,30,200
590,116928,117.41333385556936,0.08499999999999996,5.84,0,19,200
591,116976,111.605000118725,0.07499999999999996,5.895,0,30,200
592,117104,111.28833395242691,0.08499999999999996,5.975,0,28,200
593,117176,118.60333336517215,0.06499999999999995,6.02,0,24,200
594,117640,127.09666714724153,0.040000000000000036,5.56,0,23,200
595,117640,115.41500005777925,0.08499999999999996,5.505,0,27,200
596,117792,123.91833324357867,0.06999999999999995,5.045,0,28,200
597,118400,117.08666716795415,0.08499999999999996,5.68,0,23,200
598,118528,126.00500028487295,0.06999999999999995,5.355,0,18,200
599,118576,137.4433325380087,0.06499999999999995,4.85,0,9,200
600,118704,103.36166662722826,0.10999999999999999,6.505,0,26,200
601,118776,124.89166695997119,0.040000000000000036,6.115,0,20,200
602,119240,117.46166640799493,0.07999999999999996,5.635,0,24,200
603,119240,107.04000027105212,0.09499999999999997,6.48,0,25,200
604,119392,117.97000023256987,0.07999999999999996,5.67,0,24,200
605,120000,122.07833331078291,0.07499999999999996,5.915,0,16,200
606,120128,120.30000010412186,0.10499999999999998,5.07,0,20,200
607,120176,117.16666712518781,0.07499999999999996,5.95,0,25,200
608,120304,121.5466669043526,0.09499999999999997,5.47,0,17,200
609,120376,125.39500007033348,0.07499999999999996,5.235,0,19,200
610,120840,118.58833321556449,0.07999999999999996,5.705,0,22,200
611,120840,126.9533333145082,0.08499999999999996,5.0,0,16,200
612,120992,124.01166662946343,0.07499999999999996,5.425,0,18,200
613,121600,134.74499993026257,0.07499999999999996,4.815,0,11,200
614,121728,133.3633337765932,0.025000000000000022,6.02,0,12,200
615,121776,121.3883334910497,0.06000000000000005,5.855,0,24,200
616,121904,105.81666715815663,0.17000000000000004,5.59,0,16,200
617,121976,109.90833330061287,0.11499999999999999,5.915,0,22,200
618,122440,122.22499995306134,0.05500000000000005,5.985,0,20,200
619,122440,130.80333360657096,0.06999999999999995,5.3,0,14,200
620,122592,113.96333346888423,0.125,5.45,0,20,200
621,123200,116.52666688710451,0.11499999999999999,5.86,0,12,200
622,123328,119.50999982189387,0.08999999999999997,5.22,0,24,200
623,123376,101.86166655272245,0.17000000000000004,5.905,0,19,200
624,123504,129.1166666187346,0.06999999999999995,5.35,0,13,200
625,123576,126.25000039394945,0.08999999999999997,4.89,0,19,200
626,124040,129.85999996494502,0.04500000000000004,5.37,0,20,200
627,124040,115.5983333028853,0.125,5.765,0,12,200
628,124192,118.87666648998857,0.10499999999999998,5.56,0,16,200
629,124800,138.57666703872383,0.03500000000000003,5.17,0,13,200
630,124928,113.32166651636362,0.14500000000000002,5.275,0,15,200
631,124976,124.75666647683829,0.09999999999999998,4.96,0,15,200
632,125104,121.59499982744455,0.07499999999999996,5.895,0,16,200
633,125176,128.60666680615395,0.04500000000000004,5.77,0,17,200
634,125640,125.49000016134232,0.06000000000000005,5.76,0,16,200
635,125640,121.32666664198041,0.06999999999999995,6.13,0,16,200
636,125792,114.00833375286311,0.10499999999999998,5.795,0,19,200
637,126400,116.56833300366998,0.11499999999999999,5.585,0,17,200
638,126528,135.43500004336238,0.06499999999999995,4.965,0,10,200
639,126576,130.758333876729,0.07999999999999996,5.015,0,11,200
640,126704,111.34000076260418,0.135,5.79,0,15,200
641,126776,130.323333225213,0.06000000000000005,5.27,0,15,200
642,127240,103.5433331085369,0.16000000000000003,5.93,0,17,200
643,127240,124.54000010713935,0.06499999999999995,5.37,0,22,200
644,127392,128.01999965216964,0.050000000000000044,5.67,0,18,200
645,128000,131.2733339369297,0.07499999999999996,5.21,0,10,200
646,128128,128.54000043030828,0.08499999999999996,5.07,0,13,200
647,128176,121.54499963950366,0.08499999999999996,5.595,0,15,200
648,128304,125.90666629746556,0.09499999999999997,5.29,0,12,200
649,128376,128.48666697368026,0.06499999999999995,5.26,0,17,200
650,128840,119.43499969877303,0.10499999999999998,5.265,0,19,200
651,128840,115.71833385061473,0.09999999999999998,5.765,0,18,200
652,128992,107.32833346631378,0.125,6.095,0,21,200
653,129600,134.31499940529466,0.04500000000000004,5.085,0,16,200
654,129728,120.30500054359436,0.06000000000000005,6.315,0,16,200
655,129776,126.20000027492642,0.06499999999999995,5.49,0,17,200
656,129904,134.15333368442953,0.03500000000000003,5.48,0,13,200
657,129976,127.56500050146133,0.06499999999999995,5.115,0,20,200
658,130440,117.55833327397704,0.09499999999999997,6.005,0,15,200
659,130440,125.9416667399928,0.05500000000000005,5.605,0,21,200
660,130592,128.93666642531753,0.05500000000000005,5.53,0,15,200
661,131200,106.89666681364179,0.16000000000000003,5.59,0,17,200
662,131328,123.81166668981314,0.08999999999999997,5.545,0,12,200
663,131376,124.24666639976203,0.10499999999999998,5.2,0,12,200
664,131504,116.26666701771319,0.09999999999999998,5.83,0,18,200
665,131576,130.03000019397587,0.03500000000000003,5.61,0,19,200
666,132040,118.22333355247974,0.12,5.51,0,12,200
667,132040,133.8816663948819,0.06499999999999995,4.945,0,11,200
668,132192,132.32833348214626,0.06499999999999995,5.105,0,13,200
669,132800,124.53499979898334,0.06999999999999995,5.985,0,13,200
670,132928,130.25000047124922,0.04500000000000004,5.64,0,15,200
671,132976,127.64833398908377,0.050000000000000044,6.065,0,12,200
672,133104,125.30833334755152,0.07499999999999996,5.495,0,16,200
673,133176,119.39833329245448,0.09999999999999998,5.795,0,12,200
674,133640,128.653333093971,0.09499999999999997,5.06,0,9,200
675,133640,119.9516666084528,0.135,5.395,0,8,200
676,133792,131.05333307012916,0.05500000000000005,5.45,0,14,200
677,134400,132.29999980330467,0.07499999999999996,4.86,0,13,200
678,134528,97.41333301365376,0.22999999999999998,5.69,0,10,200
679,134576,131.7616670653224,0.040000000000000036,5.875,0,11,200
680,134704,137.46499977167696,0.040000000000000036,5.355,0,9,200
681,134776,118.66666701063514,0.09999999999999998,5.47,0,17,200
682,135240,133.44000022113323,0.04500000000000004,5.58,0,11,200
683,135240,129.5216662734747,0.07999999999999996,5.395,0,9,200
684,135392,118.00333353411406,0.06000000000000005,6.2,0,22,200
685,136000,133.0833330899477,0.06499999999999995,5.06,0,13,200
686,136128,123.99499981105328,0.07499999999999996,5.715,0,13,200
687,136176,127.36166679300368,0.06499999999999995,5.305,0,18,200
688,136304,116.27833299338818,0.10999999999999999,5.795,0,16,200
689,136376,116.15333320572972,0.09499999999999997,5.84,0,19,200
690,136840,129.85333316028118,0.050000000000000044,5.84,0,13,200
691,136840,118.66833366453648,0.07999999999999996,6.095,0,17,200
692,136992,128.0466673411429,0.04500000000000004,5.83,0,17,200
693,137600,106.49833305925131,0.125,6.185,0,23,200
694,137728,130.4133331850171,0.030000000000000027,5.87,0,18,200
695,137776,123.21666667982936,0.07499999999999996,5.83,0,13,200
696,137904,127.51833317428827,0.03500000000000003,5.885,0,21,200
697,137976,126.03166699036956,0.05500000000000005,5.845,0,17,200
698,138440,114.58999991416931,0.08499999999999996,6.18,0,22,200
699,138440,133.4100006558001,0.050000000000000044,5.37,0,12,200
700,138592,121.02666645869613,0.06000000000000005,5.92,0,22,200
701,139200,121.5883334055543,0.03500000000000003,6.155,0,26,200
702,139328,135.66166702657938,0.020000000000000018,5.785,0,12,200
703,139376,109.54833321645856,0.10499999999999998,5.975,0,25,200
704,139504,137.14666676148772,0.03500000000000003,5.29,0,12,200
705,139576,122.46000049915165,0.06000000000000005,6.06,0,16,200
706,140040,122.77166672050953,0.06499999999999995,6.235,0,14,200
707,140040,129.25333388894796,0.07999999999999996,5.15,0,11,200
708,140192,136.62666680570692,0.040000000000000036,5.53,0,8,200
709,140800,140.29666642844677,0.06499999999999995,4.66,0,6,200
710,140928,135.35499989520758,0.015000000000000013,5.445,0,18,200
711,140976,125.79833329468966,0.05500000000000005,5.795,0,16,200
712,141104,134.47499986644834,0.03500000000000003,5.625,0,10,200
713,141176,118.50166692119092,0.14500000000000002,4.855,0,11,200
714,141640,129.03166705276817,0.07999999999999996,5.185,0,11,200
715,141640,125.78666682448238,0.07499999999999996,5.35,0,16,200
716,141792,121.50333313178271,0.09499999999999997,5.63,0,14,200
717,142400,130.2666672989726,0.07499999999999996,5.17,0,11,200
718,142528,119.61833325773478,0.10499999999999998,5.285,0,16,200
719,142576,134.3066667234525,0.04500000000000004,5.32,0,13,200
720,142704,124.67500031739473,0.05500000000000005,6.105,0,15,200
721,142776,125.53999973833561,0.06499999999999995,5.79,0,13,200
722,143240,128.80500065442175,0.06000000000000005,5.565,0,14,200
723,143240,124.82000033091754,0.05500000000000005,6.12,0,14,200
724,143392,137.0633331341669,0.050000000000000044,4.79,0,13,200
725,144000,114.25500018522143,0.06999999999999995,6.435,0,23,200
726,144128,111.63000038918108,0.12,5.64,0,21,200
727,144176,124.69000049680471,0.07999999999999996,5.34,0,17,200
728,144304,130.33166632708162,0.04500000000000004,5.425,0,19,200
729,144376,105.65833358466625,0.17500000000000004,5.855,0,10,200
730,144840,120.26833380758762,0.07999999999999996,5.945,0,14,200
731,144840,127.23833371978253,0.050000000000000044,5.825,0,16,200
732,144992,130.42833349108696,0.030000000000000027,6.065,0,14,200
733,145600,125.16833370830864,0.06499999999999995,5.705,0,17,200
734,145728,126.243333786726,0.05500000000000005,5.66,0,19,200
735,145776,124.80166740901768,0.040000000000000036,6.055,0,19,200
736,145904,121.59666680544615,0.07999999999999996,5.71,0,16,200
737,145976,123.5483334697783,0.06499999999999995,5.765,0,18,200
738,146440,124.41499938350171,0.050000000000000044,5.565,0,23,200
739,146440,125.39666656032205,0.08999999999999997,5.29,0,13,200
740,146592,132.39833352621645,0.050000000000000044,5.225,0,16,200
741,147200,141.76833332329988,0.020000000000000018,5.195,0,11,200
742,147328,130.2916660681367,0.030000000000000027,6.175,0,14,200
743,147376,123.260000705719,0.08499999999999996,5.58,0,15,200
744,147504,125.99666700512171,0.06499999999999995,5.47,0,18,200
745,147576,126.77666622400284,0.06000000000000005,5.86,0,14,200
746,148040,115.05166713520885,0.10499999999999998,5.875,0,17,200
747,148040,125.55333347525448,0.06000000000000005,5.63,0,19,200
748,148192,135.94666665419936,0.03500000000000003,5.26,0,13,200
749,148800,128.00999982655048,0.06499999999999995,5.25,0,18,200
750,148928,123.16833382472396,0.07499999999999996,5.735,0,16,200
751,148976,116.13833329733461,0.135,5.195,0,14,200
752,149104,138.3483333401382,0.030000000000000027,5.015,0,15,200
753,149176,117.3933335756883,0.06999999999999995,6.35,0,18,200
754,149640,127.25500012934208,0.06499999999999995,5.505,0,16,200
755,149640,123.2600003508851,0.06999999999999995,5.76,0,17,200
756,149792,123.82166645210236,0.07999999999999996,5.635,0,12,200
757,150400,130.0816661566496,0.04500000000000004,5.575,0,16,200
758,150528,129.88500002399087,0.040000000000000036,5.625,0,17,200
759,150576,127.40500002913177,0.07499999999999996,5.355,0,14,200
760,150704,117.684999730438,0.07499999999999996,6.285,0,18,200
761,150776,129.4783334173262,0.03500000000000003,6.035,0,13,200
762,151240,130.2433331720531,0.050000000000000044,5.66,0,11,200
763,151240,133.7633335441351,0.020000000000000018,5.78,0,17,200
764,151392,123.12333322223276,0.06999999999999995,5.84,0,14,200
765,152000,112.29833354055882,0.10999999999999999,5.915,0,20,200
766,152128,121.41333363205194,0.06000000000000005,6.02,0,19,200
767,152176,113.2916668690741,0.10499999999999998,5.965,0,18,200
768,152304,120.3550000526011,0.06999999999999995,6.015,0,18,200
769,152376,129.66166679561138,0.05500000000000005,5.485,0,15,200
770,152840,126.31666680797935,0.08999999999999997,5.14,0,14,200
771,152840,123.99500004760921,0.07499999999999996,5.655,0,15,200
772,152992,111.82666702475399,0.08499999999999996,6.37,0,22,200
773,153600,114.83666740637273,0.12,5.65,0,15,200
774,153728,127.98666698858142,0.06499999999999995,5.2,0,18,200
775,153776,126.1249999254942,0.05500000000000005,5.895,0,14,200
776,153904,132.01166666299105,0.030000000000000027,5.665,0,18,200
777,153976,124.17166696395725,0.06999999999999995,5.575,0,20,200
778,154440,130.76333338022232,0.04500000000000004,5.51,0,16,200
779,154440,131.57166661322117,0.040000000000000036,5.575,0,16,200
780,154592,115.44333383068442,0.08999999999999997,6.02,0,18,200
781,155200,134.50000007729977,0.040000000000000036,5.4,0,11,200
782,155328,126.6466672308743,0.05500000000000005,5.65,0,16,200
783,155376,119.62833384983242,0.06999999999999995,6.035,0,18,200
784,155504,133.97333335131407,0.020000000000000018,5.66,0,17,200
785,155576,122.59166683163494,0.050000000000000044,6.055,0,21,200
786,156040,128.4433335950598,0.025000000000000022,5.93,0,18,200
787,156040,131.80833304673433,0.06000000000000005,5.075,0,17,200
788,156192,126.23333393037319,0.06499999999999995,5.57,0,14,200
789,156800,120.81999970879406,0.08999999999999997,5.73,0,14,200
790,156928,122.79666690528393,0.06499999999999995,5.98,0,14,200
791,156976,129.40333392843604,0.06499999999999995,5.48,0,12,200
792,157104,115.03333335276693,0.07499999999999996,6.29,0,21,200
793,157176,125.02999981492758,0.040000000000000036,6.09,0,20,200
794,157640,123.65833372995257,0.08999999999999997,5.675,0,9,200
795,157640,126.7900004228577,0.04500000000000004,6.06,0,15,200
796,157792,126.09333348274231,0.06999999999999995,5.63,0,15,200
797,158400,130.6999998083338,0.04500000000000004,5.52,0,17,200
798,158528,130.9449999174103,0.03500000000000003,5.655,0,16,200
799,158576,127.60000006109476,0.06999999999999995,5.25,0,16,200
800,158704,131.87999968230724,0.050000000000000044,5.61,0,10,200
801,158776,123.29333387687802,0.06000000000000005,5.57,0,23,200
802,159240,121.57333380542696,0.08499999999999996,5.6,0,15,200
803,159240,123.60000025108457,0.040000000000000036,5.97,0,23,200
804,159392,124.72333350311965,0.06000000000000005,5.75,0,17,200
805,160000,117.90833359956741,0.06499999999999995,6.305,0,21,200
806,160128,125.66000029724091,0.04500000000000004,5.85,0,18,200
807,160176,124.40666590631008,0.050000000000000044,6.01,0,18,200
808,160304,135.66166650503874,0.040000000000000036,5.095,0,15,200
809,160376,113.98500016145408,0.09499999999999997,5.985,0,20,200
810,160840,130.42500039562583,0.040000000000000036,5.775,0,14,200
811,160840,137.27166716009378,0.015000000000000013,5.755,0,12,200
812,160992,104.42666671611369,0.135,6.1,0,21,200
813,161600,120.01666704565287,0.06999999999999995,5.98,0,18,200
814,161728,139.24500013887882,0.025000000000000022,5.355,0,9,200
815,161776,129.75166626274586,0.050000000000000044,5.575,0,15,200
816,161904,127.83833325188607,0.04500000000000004,5.495,0,20,200
817,161976,116.92166661284864,0.06999999999999995,5.935,0,25,200
818,162440,129.87666661664844,0.05500000000000005,5.53,0,15,200
819,162440,127.77166671212763,0.06999999999999995,5.305,0,17,200
820,162592,129.17999981250614,0.06499999999999995,5.31,0,14,200
821,163200,137.99666720628738,0.030000000000000027,5.2,0,13,200
822,163328,129.17999974265695,0.05500000000000005,5.61,0,13,200
823,163376,125.62833293899894,0.06499999999999995,5.915,0,11,200
824,163504,123.43333327677101,0.05500000000000005,5.78,0,21,200
825,163576,131.6749996766448,0.04500000000000004,5.625,0,13,200
826,164040,139.1966667212546,0.040000000000000036,4.57,0,17,200
827,164040,109.22833324223757,0.14,5.915,0,14,200
828,164192,114.42166685312986,0.06000000000000005,6.355,0,28,200
829,164800,126.56666665151715,0.05500000000000005,5.8,0,14,200
830,164928,124.60666646808386,0.06999999999999995,5.71,0,14,200
831,164976,125.79833325371146,0.05500000000000005,5.555,0,20,200
832,165104,133.55833370890468,0.050000000000000044,5.315,0,13,200
833,165176,126.52333328779787,0.05500000000000005,5.63,0,17,200
834,165640,124.58000002801418,0.09499999999999997,5.04,0,16,200
835,165640,121.69000022113323,0.050000000000000044,6.24,0,19,200
836,165792,127.84166667517275,0.05500000000000005,5.755,0,13,200
837,166400,134.29333367105573,0.050000000000000044,5.18,0,12,200
838,166528,117.98499965574592,0.11499999999999999,5.145,0,18,200
839,166576,129.48333376646042,0.05500000000000005,5.42,0,16,200
840,166704,115.63499991223216,0.10499999999999998,5.505,0,19,200
841,166776,129.16499995812774,0.050000000000000044,5.625,0,15,200
842,167240,128.1266667097807,0.04500000000000004,5.65,0,19,200
843,167240,115.78666664101183,0.08999999999999997,5.83,0,21,200
844,167392,120.09499990940094,0.07999999999999996,5.985,0,16,200
845,168000,141.77666702866554,0.030000000000000027,5.2,0,6,200
846,168128,110.90000022947788,0.10999999999999999,5.73,0,26,200
847,168176,135.3883330821991,0.025000000000000022,5.255,0,17,200
848,168304,126.67666699178517,0.08999999999999997,4.84,0,17,200
849,168376,117.14000001549721,0.07499999999999996,5.91,0,24,200
850,168840,120.71666664537042,0.06499999999999995,5.86,0,21,200
851,168840,130.33500042464584,0.040000000000000036,5.445,0,21,200
852,168992,125.91833368316293,0.08499999999999996,5.555,0,9,200
853,169600,128.93999954219908,0.07499999999999996,4.92,0,19,200
854,169728,133.7333334237337,0.06499999999999995,5.06,0,10,200
855,169776,111.4283337816596,0.16000000000000003,5.285,0,13,200
856,169904,129.77333366125822,0.08499999999999996,4.85,0,15,200
857,169976,114.99666701629758,0.14,5.47,0,11,200
858,170440,115.24333336949348,0.10999999999999999,6.08,0,12,200
859,170440,121.88833361491561,0.09999999999999998,5.795,0,9,200
860,170592,125.49999972805381,0.06499999999999995,5.49,0,19,200
861,171200,133.25333326216787,0.06999999999999995,5.06,0,10,200
862,171328,118.64500018209219,0.06999999999999995,6.225,0,18,200
863,171376,115.53333386778831,0.11499999999999999,5.81,0,14,200
864,171504,120.67166679631919,0.10499999999999998,5.455,0,15,200
865,171576,137.53833366092294,0.050000000000000044,5.045,0,9,200
866,172040,125.18833400309086,0.10999999999999999,4.985,0,10,200
867,172040,126.46333334594965,0.06000000000000005,5.66,0,16,200
868,172192,138.25166673958302,0.04500000000000004,5.095,0,8,200
869,172800,110.5983330719173,0.11499999999999999,5.915,0,19,200
870,172928,118.77000047639012,0.09499999999999997,5.82,0,13,200
871,172976,132.75500014796853,0.050000000000000044,5.175,0,15,200
872,173104,128.11666710488498,0.06000000000000005,5.35,0,18,200
873,173176,119.36166706308722,0.09499999999999997,5.515,0,19,200
874,173640,127.65833360608667,0.07499999999999996,5.195,0,15,200
875,173640,129.45166715234518,0.04500000000000004,5.395,0,20,200
876,173792,123.8816667413339,0.06000000000000005,5.815,0,19,200
877,174400,116.85000033304095,0.08999999999999997,5.91,0,18,200
878,174528,131.24499957636,0.04500000000000004,5.475,0,18,200
879,174576,124.28999996837229,0.08499999999999996,5.13,0,18,200
880,174704,122.04166694264859,0.06999999999999995,5.815,0,17,200
881,174776,121.07833364140242,0.07499999999999996,5.765,0,20,200
882,175240,127.43333342950791,0.09499999999999997,4.97,0,13,200
883,175240,122.11333402525634,0.06499999999999995,5.66,0,21,200
884,175392,129.59833306074142,0.050000000000000044,5.315,0,20,200
885,176000,116.3666667714715,0.09999999999999998,5.8,0,18,200
886,176128,122.80666656326503,0.08999999999999997,5.26,0,18,200
887,176176,131.89166675508022,0.03500000000000003,5.695,0,14,200
888,176304,116.56333386525512,0.10999999999999999,5.48,0,18,200
889,176376,135.61666629184037,0.03500000000000003,5.14,0,16,200
890,176840,126.3583334684372,0.050000000000000044,5.555,0,20,200
891,176840,116.62333355285227,0.11499999999999999,5.36,0,18,200
892,176992,131.57333314418793,0.03500000000000003,5.57,0,18,200
893,177600,110.11999976634979,0.11499999999999999,6.3,0,16,200
894,177728,139.30999989435077,0.040000000000000036,5.1,0,9,200
895,177776,133.83166658040136,0.04500000000000004,5.155,0,16,200
896,177904,116.13166639953852,0.07999999999999996,6.085,0,20,200
897,177976,140.43333318829536,0.015000000000000013,5.48,0,10,200
898,178440,118.34166688472033,0.06999999999999995,6.295,0,20,200
899,178440,133.6349997073412,0.04500000000000004,5.535,0,12,200
900,178592,131.00333395507187,0.050000000000000044,5.54,0,12,200
901,179200,122.89166674017906,0.06499999999999995,6.235,0,13,200
902,179328,113.85999985039234,0.14,5.34,0,14,200
903,179376,134.58333340659738,0.04500000000000004,5.45,0,9,200
904,179504,133.3966664103791,0.05500000000000005,5.35,0,10,200
905,179576,133.4383334927261,0.06499999999999995,5.015,0,12,200
906,180040,132.64666639640927,0.07999999999999996,4.99,0,7,200
907,180040,128.09666635096073,0.08999999999999997,5.23,0,11,200
908,180192,134.94833329319954,0.040000000000000036,5.285,0,16,200
909,180800,125.8266664063558,0.06999999999999995,5.65,0,14,200
910,180928,123.87333367299289,0.07499999999999996,5.72,0,14,200
911,180976,123.28166651725769,0.06499999999999995,5.875,0,19,200
912,181104,135.42166681587696,0.06499999999999995,5.125,0,6,200
913,181176,119.4700001096353,0.12,5.46,0,10,200
914,181640,119.71999999135733,0.10499999999999998,5.73,0,14,200
915,181640,124.45833361148834,0.10999999999999999,4.925,0,14,200
916,181792,132.00666670501232,0.050000000000000044,5.5,0,13,200
917,182400,131.88166657742113,0.10999999999999999,4.645,0,6,200
918,182528,130.780000269413,0.12,4.65,0,3,200
919,182576,128.20166681706905,0.10499999999999998,5.245,0,4,200
920,182704,134.1666658781469,0.08999999999999997,4.84,0,6,200
921,182776,142.54166623950005,0.040000000000000036,5.035,0,6,200
922,183240,125.61333297938108,0.11499999999999999,4.85,0,11,200
923,183240,127.25166658964008,0.09499999999999997,5.215,0,9,200
924,183392,116.39166687428951,0.14500000000000002,5.665,0,6,200
925,184000,119.10833356529474,0.12,5.555,0,9,200
926,184128,127.98166634887457,0.09499999999999997,5.245,0,7,200
927,184176,133.01500033587217,0.03500000000000003,5.895,0,9,200
928,184304,128.24833381175995,0.09499999999999997,5.015,0,10,200
929,184376,138.6266672546044,0.030000000000000027,5.26,0,11,200
930,184840,127.07666701357812,0.08499999999999996,5.44,0,9,200
931,184840,137.55666694045067,0.050000000000000044,5.17,0,6,200
932,184992,130.00833304226398,0.06499999999999995,5.645,0,9,200
933,185600,116.32499996945262,0.13,5.145,0,18,200
934,185728,133.46333348751068,0.03500000000000003,5.75,0,12,200
935,185776,121.1633332548663,0.125,5.06,0,10,200
936,185904,127.86500011384487,0.07999999999999996,5.475,0,11,200
937,185976,124.9633337110281,0.07999999999999996,5.72,0,11,200
938,186440,119.89166709035635,0.07999999999999996,6.295,0,10,200
939,186440,127.04000054299831,0.07499999999999996,5.37,0,14,200
940,186592,123.24333360232413,0.08999999999999997,5.45,0,14,200
941,187200,123.2449996098876,0.040000000000000036,6.165,0,22,200
942,187328,118.51999988406897,0.08999999999999997,5.85,0,16,200
943,187376,121.98999986797571,0.06999999999999995,5.82,0,18,200
944,187504,125.95166680216789,0.06999999999999995,5.215,0,19,200
945,187576,137.38833366334438,0.030000000000000027,5.405,0,12,200
946,188040,122.02833374775946,0.09499999999999997,5.465,0,15,200
947,188040,114.41000046022236,0.12,5.85,0,13,200
948,188192,135.9116668831557,0.06000000000000005,5.005,0,9,200
949,188800,127.10333342477679,0.03500000000000003,5.87,0,21,200
950,188928,117.38499964401126,0.08499999999999996,6.165,0,14,200
951,188976,121.73833400383592,0.06499999999999995,5.885,0,18,200
952,189104,125.58000040985644,0.050000000000000044,6.0,0,16,200
953,189176,132.78499975800514,0.04500000000000004,5.475,0,11,200
954,189640,114.13666660245508,0.06999999999999995,6.4,0,23,200
955,189640,115.38499995321035,0.10499999999999998,5.955,0,14,200
956,189792,125.69166656490415,0.06000000000000005,5.305,0,20,200
957,190400,121.17833399493247,0.050000000000000044,6.125,0,21,200
958,190528,129.22833327110857,0.06999999999999995,5.135,0,15,200
959,190576,113.87500028591603,0.08999999999999997,5.925,0,23,200
960,190704,120.61666654422879,0.06000000000000005,6.34,0,15,200
961,190776,138.96666675433517,0.0050000000000000044,5.26,0,17,200
962,191240,119.9966670749709,0.06499999999999995,5.86,0,19,200
963,191240,136.4100002348423,0.03500000000000003,5.28,0,11,200
964,191392,130.11166683584452,0.030000000000000027,5.575,0,20,200
965,192000,133.12166668009013,0.05500000000000005,4.945,0,15,200
966,192128,124.3566665938124,0.06000000000000005,5.65,0,18,200
967,192176,112.87333321198821,0.08499999999999996,6.14,0,22,200
968,192304,137.02000069152564,0.04500000000000004,5.1,0,9,200
969,192376,125.35500055179,0.06000000000000005,5.505,0,19,200
970,192840,117.44333296269178,0.06999999999999995,6.26,0,18,200
971,192840,133.0716662593186,0.05500000000000005,4.945,0,15,200
972,192992,130.9266663659364,0.040000000000000036,5.5,0,16,200
973,193600,115.46666690986603,0.09999999999999998,5.65,0,20,200
974,193728,134.13333360105753,0.04500000000000004,5.21,0,13,200
975,193776,115.93333357479423,0.11499999999999999,5.57,0,16,200
976,193904,127.86833323538303,0.06000000000000005,5.795,0,10,200
977,193976,120.34000005479902,0.125,4.83,0,16,200
978,194440,134.36999955028296,0.040000000000000036,5.46,0,12,200
979,194440,113.56499999202788,0.135,5.385,0,15,200
980,194592,133.8199999127537,0.04500000000000004,5.13,0,14,200
981,195200,137.11500000953674,0.03500000000000003,5.115,0,12,200
982,195328,119.01166585460305,0.08499999999999996,5.695,0,18,200
983,195376,131.76499999687076,0.04500000000000004,5.265,0,15,200
984,195504,126.31833338364959,0.06000000000000005,5.555,0,17,200
985,195576,136.86666688974947,0.025000000000000022,5.35,0,13,200
986,196040,131.06999990716577,0.050000000000000044,5.22,0,17,200
987,196040,134.85499988589436,0.050000000000000044,4.935,0,13,200
988,196192,125.1350003099069,0.06499999999999995,5.685,0,15,200
989,196800,129.44333357270807,0.050000000000000044,5.54,0,15,200
990,196928,125.33166624605656,0.050000000000000044,5.635,0,21,200
991,196976,117.03166659828275,0.12,5.305,0,14,200
992,197104,125.37666677962989,0.06000000000000005,5.62,0,16,200
993,197176,117.22166627272964,0.09999999999999998,5.545,0,18,200
994,197640,125.41333348862827,0.06499999999999995,5.33,0,19,200
995,197640,119.70500054117292,0.08499999999999996,5.775,0,16,200
996,197792,117.75833385437727,0.08499999999999996,5.975,0,15,200
997,198400,138.32666686177254,0.04500000000000004,5.23,0,6,200
998,198528,135.24000056367368,0.03500000000000003,5.31,0,14,200
999,198576,124.73999981209636,0.07499999999999996,5.61,0,13,200
1000,198704,118.41166744753718,0.10999999999999999,5.575,0,13,200
1001,198776,111.83166700787842,0.135,5.575,0,16,200
1002,199240,130.03333372622728,0.050000000000000044,5.27,0,18,200
1003,199240,124.59500005003065,0.07499999999999996,5.625,0,14,200
1004,199392,108.44833366572857,0.11499999999999999,6.005,0,25,200
1005,200000,123.79833355545998,0.05500000000000005,6.365,0,14,200
1006,200128,134.77000049035996,0.040000000000000036,5.13,0,15,200
1007,200176,125.80500012263656,0.07499999999999996,5.535,0,14,200
1008,200304,122.98000027798116,0.07999999999999996,5.76,0,12,200
1009,200376,119.11166655644774,0.08499999999999996,5.965,0,14,200
1010,200840,139.87666646949947,0.04500000000000004,4.81,0,9,200
1011,200840,119.27166620548815,0.10499999999999998,5.185,0,18,200
1012,200992,127.31666725873947,0.07499999999999996,5.62,0,7,200
1013,201600,125.30833339691162,0.08999999999999997,5.225,0,13,200
1014,201728,124.09500018879771,0.06499999999999995,5.475,0,18,200
1015,201776,124.26333325263113,0.07999999999999996,5.3,0,15,200
1016,201904,133.55000046174973,0.030000000000000027,5.61,0,14,200
1017,201976,124.25500055402517,0.07499999999999996,5.535,0,14,200
1018,202440,118.47166661918163,0.08499999999999996,6.115,0,14,200
1019,202440,121.47500006016344,0.09999999999999998,5.445,0,12,200
1020,202592,130.5916665038094,0.05500000000000005,5.305,0,13,200
1021,203200,128.42666614800692,0.06000000000000005,5.44,0,14,200
1022,203328,126.87500008102506,0.07999999999999996,5.265,0,12,200
1023,203376,124.77833375148475,0.06999999999999995,5.705,0,14,200
1024,203504,131.03499995172024,0.06499999999999995,5.145,0,14,200
1025,203576,118.57166638597846,0.06999999999999995,5.995,0,22,200
1026,204040,135.72333265841007,0.050000000000000044,5.09,0,12,200
1027,204040,122.24666675366461,0.09999999999999998,5.02,0,20,200
1028,204192,129.8066666573286,0.050000000000000044,5.74,0,13,200
1029,204800,143.68166674487293,0.030000000000000027,5.065,0,5,200
1030,204928,133.1699996739626,0.09499999999999997,4.77,0,5,200
1031,204976,132.02500001899898,0.06999999999999995,5.325,0,8,200
1032,205104,131.45000053942204,0.06999999999999995,5.31,0,10,200
1033,205176,126.71166686713696,0.06999999999999995,5.725,0,10,200
1034,205640,128.41000017523766,0.08999999999999997,5.19,0,8,200
1035,205640,117.02500014007092,0.14,5.145,0,14,200
1036,205792,136.4199999216944,0.040000000000000036,4.89,0,17,200
1037,206400,115.03166659548879,0.11499999999999999,5.935,0,11,200
1038,206528,139.5983332246542,0.04500000000000004,5.105,0,6,200
1039,206576,121.34833373874426,0.08999999999999997,5.795,0,14,200
1040,206704,135.17500026896596,0.050000000000000044,5.475,0,5,200
1041,206776,121.76166718732566,0.08999999999999997,5.785,0,13,200
1042,207240,120.2950000576675,0.08499999999999996,5.805,0,17,200
1043,207240,127.0016666231677,0.05500000000000005,5.545,0,20,200
1044,207392,124.76499968394637,0.11499999999999999,5.085,0,9,200
1045,208000,116.93333344068378,0.09499999999999997,5.81,0,19,200
1046,208128,123.61166675388813,0.08499999999999996,5.725,0,12,200
1047,208176,117.44833331461996,0.10499999999999998,5.855,0,15,200
1048,208304,135.94500007014722,0.04500000000000004,5.535,0,7,200
1049,208376,126.14833360165358,0.06499999999999995,5.825,0,13,200
1050,208840,122.3433335153386,0.06999999999999995,5.93,0,16,200
1051,208840,134.40666707139462,0.06000000000000005,5.32,0,7,200
1052,208992,110.06166692078114,0.14,5.665,0,16,200
1053,209600,135.82999972254038,0.020000000000000018,5.67,0,13,200
1054,209728,109.41499948874116,0.12,6.255,0,16,200
1055,209776,129.35666700731963,0.07999999999999996,5.14,0,11,200
1056,209904,123.34666701313108,0.06000000000000005,6.04,0,16,200
1057,209976,123.24833299871534,0.050000000000000044,6.185,0,15,200
1058,210440,125.07166704814881,0.05500000000000005,5.725,0,17,200
1059,210440,120.57666634395719,0.07499999999999996,5.83,0,18,200
1060,210592,132.24333318695426,0.03500000000000003,6.05,0,10,200
1061,211200,131.52166675403714,0.040000000000000036,5.815,0,11,200
1062,211328,129.9733337201178,0.04500000000000004,5.9,0,11,200
1063,211376,121.88166686147451,0.07499999999999996,5.755,0,17,200
1064,211504,135.20166712254286,0.040000000000000036,5.575,0,8,200
1065,211576,111.96000038739294,0.07499999999999996,6.24,0,26,200
1066,212040,123.09333397261798,0.05500000000000005,5.99,0,17,200
1067,212040,126.39166707545519,0.06000000000000005,5.875,0,11,200
1068,212192,119.22166702803224,0.08499999999999996,5.845,0,16,200
1069,212800,126.02666700258851,0.05500000000000005,5.5,0,19,200
1070,212928,124.5866669267416,0.06000000000000005,5.86,0,14,200
1071,212976,135.81666713114828,0.05500000000000005,5.2,0,7,200
1072,213104,128.93166697770357,0.050000000000000044,5.665,0,15,200
1073,213176,134.01833291724324,0.030000000000000027,5.675,0,14,200
1074,213640,129.79166707675904,0.04500000000000004,5.335,0,19,200
1075,213640,132.30166716035455,0.04500000000000004,5.335,0,13,200
1076,213792,116.01666693389416,0.08999999999999997,6.04,0,19,200
1077,214400,125.48166625201702,0.050000000000000044,6.235,0,13,200
1078,214528,138.2250006198883,0.03500000000000003,5.355,0,8,200
1079,214576,126.2966667227447,0.05500000000000005,5.86,0,15,200
1080,214704,137.50999962445349,0.050000000000000044,5.34,0,4,200
1081,214776,127.33833387028426,0.06000000000000005,5.615,0,14,200
1082,215240,119.42166677117348,0.07999999999999996,5.995,0,16,200
1083,215240,116.35666619986296,0.09999999999999998,5.86,0,16,200
1084,215392,123.2183340517804,0.06499999999999995,5.765,0,17,200
1085,216000,138.63500150758773,0.030000000000000027,5.265,0,10,200
1086,216128,121.89333330467343,0.06499999999999995,6.2,0,13,200
1087,216176,130.81333346664906,0.030000000000000027,6.17,0,10,200
1088,216304,127.5549996048212,0.08499999999999996,5.325,0,11,200
1089,216376,119.85500003024936,0.06000000000000005,6.225,0,17,200
1090,216840,132.4966670870781,0.04500000000000004,5.74,0,8,200
1091,216840,122.76666697859764,0.050000000000000044,6.37,0,15,200
1092,216992,130.22500085830688,0.06000000000000005,5.745,0,7,200
1093,217600,125.79499986767769,0.04500000000000004,5.985,0,17,200
1094,217728,129.89000002667308,0.030000000000000027,6.21,0,13,200
1095,217776,142.95166614931077,0.030000000000000027,5.125,0,5,200
1096,217904,123.851666867733,0.06000000000000005,5.905,0,15,200
1097,217976,123.6250004414469,0.05500000000000005,5.985,0,16,200
1098,218440,121.53333333786577,0.09499999999999997,5.48,0,12,200
1099,218440,123.2683340460062,0.05500000000000005,6.275,0,14,200
1100,218592,131.8333335723728,0.050000000000000044,5.57,0,11,200
1101,219200,131.19833356887102,0.05500000000000005,5.315,0,13,200
1102,219328,130.77666733320802,0.050000000000000044,5.65,0,11,200
1103,219376,125.89666720759124,0.06499999999999995,5.47,0,16,200
1104,219504,118.54000009223819,0.08499999999999996,5.91,0,17,200
1105,219576,134.9683338580653,0.04500000000000004,5.525,0,8,200
1106,220040,120.8200001558289,0.07499999999999996,5.94,0,14,200
1107,220040,130.3166669383645,0.040000000000000036,5.83,0,13,200
1108,220192,120.86499985307455,0.040000000000000036,6.465,0,19,200
1109,220800,127.47666744794697,0.06999999999999995,5.44,0,13,200
1110,220928,118.5883330591023,0.08499999999999996,6.065,0,14,200
1111,220976,136.90333378128707,0.050000000000000044,5.21,0,6,200
1112,221104,116.7799998447299,0.08499999999999996,6.27,0,14,200
1113,221176,135.36166661139578,0.03500000000000003,5.425,0,11,200
1114,221640,117.52666687127203,0.09499999999999997,5.65,0,18,200
1115,221640,122.56999974697828,0.07999999999999996,5.7,0,14,200
1116,221792,131.30499977245927,0.040000000000000036,5.775,0,12,200
1117,222400,113.91333322972059,0.10499999999999998,6.14,0,14,200
1118,222528,138.02499995566905,0.04500000000000004,5.025,0,9,200
1119,222576,127.62500073108822,0.06999999999999995,5.505,0,11,200
1120,222704,134.8483332907781,0.04500000000000004,5.285,0,11,200
1121,222776,120.76833328232169,0.07999999999999996,6.065,0,11,200
1122,223240,132.89333371352404,0.05500000000000005,5.33,0,9,200
1123,223240,120.35999981220812,0.07499999999999996,6.21,0,12,200
1124,223392,132.186667162925,0.04500000000000004,5.92,0,5,200
1125,224000,122.02833363041282,0.05500000000000005,6.305,0,15,200
1126,224128,130.4016674682498,0.05500000000000005,5.905,0,6,200
1127,224176,120.32333389669657,0.06000000000000005,6.29,0,15,200
1128,224304,125.16666709445417,0.06999999999999995,5.65,0,13,200
1129,224376,122.93833337724209,0.06000000000000005,5.945,0,16,200
1130,224840,134.74166687298566,0.06000000000000005,5.035,0,8,200
1131,224840,124.80999960657209,0.06000000000000005,5.58,0,18,200
1132,224992,126.27333300560713,0.050000000000000044,5.93,0,14,200
1133,225600,125.17999951355159,0.06499999999999995,5.76,0,14,200
1134,225728,127.4950000345707,0.06999999999999995,5.625,0,11,200
1135,225776,132.8133336668834,0.04500000000000004,5.51,0,12,200
1136,225904,117.6249999916181,0.09499999999999997,5.955,0,14,200
1137,225976,131.24500045832247,0.04500000000000004,5.805,0,10,200
1138,226440,124.1866667335853,0.05500000000000005,5.95,0,17,200
1139,226440,123.41333283483982,0.05500000000000005,6.23,0,13,200
1140,226592,131.04833407327533,0.030000000000000027,6.005,0,11,200
1141,227200,127.73666631337255,0.08999999999999997,5.05,0,13,200
1142,227328,129.83833340089768,0.050000000000000044,5.615,0,13,200
1143,227376,125.47500029206276,0.06499999999999995,5.925,0,11,200
1144,227504,127.930000603199,0.05500000000000005,5.82,0,12,200
1145,227576,126.35166746005416,0.07499999999999996,5.875,0,7,200
1146,228040,123.85666598379612,0.06999999999999995,6.07,0,10,200
1147,228040,124.47166673839092,0.06499999999999995,6.145,0,10,200
1148,228192,126.4316669953987,0.06999999999999995,5.935,0,7,200
1149,228800,113.68000079225749,0.08499999999999996,6.03,0,23,200
1150,228928,123.7633333876729,0.06499999999999995,5.9,0,13,200
1151,228976,134.8199997358024,0.030000000000000027,6.0,0,6,200
1152,229104,138.42500034626573,0.03500000000000003,5.475,0,6,200
1153,229176,141.14666696172208,0.03500000000000003,5.32,0,4,200
1154,229640,137.71833415981382,0.03500000000000003,5.525,0,6,200
1155,229640,128.2266661785543,0.07499999999999996,5.53,0,10,200
1156,229792,117.61833399906754,0.09999999999999998,5.735,0,16,200
1157,230400,134.38333328813314,0.040000000000000036,5.93,0,5,200
1158,230528,112.6933331368491,0.135,5.69,0,12,200
1159,230576,127.82999975886196,0.07499999999999996,5.58,0,8,200
1160,230704,126.62833366915584,0.08999999999999997,5.285,0,9,200
1161,230776,124.14999921619892,0.05500000000000005,6.48,0,8,200
1162,231240,116.1866671666503,0.12,5.83,0,10,200
1163,231240,123.54500019550323,0.09499999999999997,5.715,0,7,200
1164,231392,129.1116664931178,0.050000000000000044,5.935,0,11,200
1165,232000,135.04333401843905,0.03500000000000003,5.69,0,9,200
1166,232128,138.8550005601719,0.050000000000000044,5.055,0,6,200
1167,232176,127.71666613500565,0.07999999999999996,5.71,0,5,200
1168,232304,142.00166745763272,0.030000000000000027,5.215,0,4,200
1169,232376,121.3933330886066,0.06000000000000005,6.47,0,12,200
1170,232840,141.58666696306318,0.040000000000000036,5.05,0,7,200
1171,232840,143.7516671270132,0.015000000000000013,5.485,0,4,200
1172,232992,130.43333266675472,0.05500000000000005,6.02,0,6,200
1173,233600,123.95999965071678,0.08499999999999996,6.03,0,6,200
1174,233728,129.26666635274887,0.06000000000000005,5.95,0,8,200
1175,233776,129.19000006653368,0.06999999999999995,5.55,0,8,200
1176,233904,124.33666635677218,0.050000000000000044,6.28,0,13,200
1177,233976,124.69166747480631,0.06999999999999995,5.875,0,11,200
1178,234440,121.2516662729904,0.10999999999999999,5.635,0,7,200
1179,234440,137.0283338651061,0.050000000000000044,5.225,0,7,200
1180,234592,131.89333353564143,0.06499999999999995,5.66,0,3,200
1181,235200,128.9550004163757,0.06999999999999995,5.235,0,13,200
1182,235328,127.2683328455314,0.06999999999999995,5.675,0,9,200
1183,235376,130.3183332979679,0.08499999999999996,5.285,0,4,200
1184,235504,124.03000070527196,0.09999999999999998,5.52,0,7,200
1185,235576,130.52000038325787,0.09499999999999997,5.07,0,6,200
1186,236040,126.33166671544313,0.06000000000000005,5.815,0,13,200
1187,236040,132.5966660603881,0.06999999999999995,5.2,0,7,200
1188,236192,121.62499987520278,0.09499999999999997,5.625,0,11,200
1189,236800,119.53666631877422,0.09999999999999998,5.74,0,11,200
1190,236928,125.91500050853938,0.06999999999999995,5.385,0,15,200
1191,236976,129.56166671589017,0.06999999999999995,5.635,0,8,200
1192,237104,125.70500015839934,0.06000000000000005,5.715,0,15,200
1193,237176,125.3066668920219,0.06000000000000005,5.74,0,16,200
1194,237640,123.52500073239207,0.09999999999999998,5.475,0,9,200
1195,237640,131.52000052388757,0.05500000000000005,5.64,0,7,200
1196,237792,135.71999961137772,0.04500000000000004,5.31,0,9,200
1197,238400,132.52500021923333,0.04500000000000004,5.655,0,8,200
1198,238528,122.6866672243923,0.06499999999999995,5.83,0,14,200
1199,238576,125.69999940693378,0.07999999999999996,5.55,0,11,200
1200,238704,121.95999969821423,0.05500000000000005,6.18,0,16,200
1201,238776,129.05500027164817,0.04500000000000004,5.925,0,10,200
1202,239240,129.8916666097939,0.07499999999999996,5.515,0,6,200
1203,239240,130.34166685398668,0.06499999999999995,5.395,0,10,200
1204,239392,129.22499958984554,0.06499999999999995,5.475,0,11,200
1205,240000,121.03000076115131,0.05500000000000005,6.51,0,15,200
1206,240128,139.21166751906276,0.03500000000000003,5.365,0,5,200
1207,240176,134.00500043015927,0.03500000000000003,5.685,0,10,200
1208,240304,116.2383331656456,0.08499999999999996,6.215,0,16,200
1209,240376,118.27666716650128,0.08999999999999997,5.89,0,15,200
1210,240840,124.4966669306159,0.08999999999999997,5.77,0,6,200
1211,240840,130.55000031366944,0.06000000000000005,5.49,0,8,200
1212,240992,134.38499961793423,0.040000000000000036,5.505,0,10,200
1213,241600,128.6516671255231,0.04500000000000004,6.145,0,9,200
1214,241728,121.55166658759117,0.06000000000000005,6.295,0,13,200
1215,241776,124.20166705269367,0.07499999999999996,5.575,0,15,200
1216,241904,141.4233331978321,0.030000000000000027,5.09,0,7,200
1217,241976,128.52333309408277,0.08499999999999996,5.45,0,5,200
1218,242440,112.93166631087661,0.09999999999999998,6.175,0,17,200
1219,242440,128.94666677713394,0.06499999999999995,5.89,0,5,200
1220,242592,128.8933335058391,0.06499999999999995,5.84,0,7,200
1221,243200,127.4466667631641,0.06999999999999995,5.65,0,8,200
1222,243328,137.65333331283182,0.025000000000000022,5.66,0,7,200
1223,243376,125.75166695099324,0.08499999999999996,5.575,0,7,200
1224,243504,121.90666651539505,0.11499999999999999,5.44,0,7,200
1225,243576,119.49499964993447,0.07999999999999996,6.165,0,12,200
1226,244040,131.25166721269488,0.06499999999999995,5.395,0,8,200
1227,244040,112.85999928414822,0.13,5.76,0,13,200
1228,244192,116.30666684731841,0.09499999999999997,6.16,0,12,200
1229,244800,131.68500117771327,0.06499999999999995,5.025,0,13,200
1230,244928,115.9733334844932,0.08999999999999997,5.87,0,18,200
1231,244976,122.89833403006196,0.08499999999999996,5.675,0,12,200
1232,245104,126.12000043690205,0.06499999999999995,6.03,0,8,200
1233,245176,131.9299997780472,0.03500000000000003,5.97,0,9,200
1234,245640,129.09333442058414,0.030000000000000027,5.87,0,16,200
1235,245640,123.06000009924173,0.05500000000000005,6.09,0,14,200
1236,245792,134.66166651248932,0.04500000000000004,5.455,0,8,200
1237,246400,126.8350000679493,0.04500000000000004,6.075,0,12,200
1238,246528,124.11999995540828,0.07999999999999996,5.76,0,10,200
1239,246576,123.70500006340444,0.06499999999999995,6.015,0,13,200
1240,246704,132.56333350297064,0.06499999999999995,5.45,0,6,200
1241,246776,120.0799994841218,0.020000000000000018,6.54,0,25,200
1242,247240,124.34333278238773,0.05500000000000005,6.17,0,12,200
1243,247240,134.47833325341344,0.050000000000000044,5.285,0,10,200
1244,247392,134.44500099588186,0.03500000000000003,5.445,0,13,200
1245,248000,132.15166681166738,0.06499999999999995,5.275,0,9,200
1246,248128,139.1050014719367,0.030000000000000027,5.565,0,5,200
1247,248176,130.50833328533918,0.06499999999999995,5.585,0,6,200
1248,248304,137.66833453252912,0.050000000000000044,5.285,0,4,200
1249,248376,135.24333285540342,0.010000000000000009,6.14,0,11,200
1250,248840,135.76333452761173,0.07999999999999996,5.0,0,3,200
1251,248840,124.93833290040493,0.10499999999999998,5.825,0,2,200
1252,248992,124.77333390619606,0.06999999999999995,6.14,0,6,200
1253,249600,131.1883335923776,0.05500000000000005,5.915,0,7,200
1254,249728,127.31333376094699,0.07499999999999996,5.75,0,7,200
1255,249776,129.50166699290276,0.06999999999999995,5.725,0,6,200
1256,249904,131.58000015374273,0.04500000000000004,5.79,0,10,200
1257,249976,132.14500042796135,0.04500000000000004,5.955,0,6,200
1258,250440,124.3649996779859,0.07499999999999996,5.895,0,10,200
1259,250440,125.62833346705884,0.07499999999999996,5.615,0,12,200
1260,250592,119.57333253975958,0.09499999999999997,6.11,0,9,200
1261,251200,132.85500012617558,0.040000000000000036,5.745,0,9,200
1262,251328,122.13333366625011,0.10499999999999998,5.54,0,12,200
1263,251376,127.96333308145404,0.06999999999999995,5.99,0,5,200
1264,251504,134.90333417709917,0.040000000000000036,5.48,0,12,200
1265,251576,134.54833275731653,0.040000000000000036,5.825,0,6,200
1266,252040,129.47666702978313,0.06999999999999995,5.53,0,8,200
1267,252040,129.68166758026928,0.08499999999999996,5.425,0,4,200
1268,252192,119.25833402946591,0.08499999999999996,6.305,0,10,200
1269,252800,122.54333293065429,0.08999999999999997,5.72,0,12,200
1270,252928,144.22833391465247,0.015000000000000013,5.105,0,7,200
1271,252976,142.53000038862228,0.015000000000000013,5.28,0,7,200
1272,253104,140.3800003528595,0.03500000000000003,5.61,0,1,200
1273,253176,122.76000018045306,0.08499999999999996,5.76,0,12,200
1274,253640,117.56166629493237,0.11499999999999999,5.875,0,10,200
1275,253640,123.18166711181402,0.06000000000000005,6.115,0,13,200
1276,253792,116.61000023037195,0.10499999999999998,6.03,0,10,200
1277,254400,124.41833340749145,0.06999999999999995,6.005,0,9,200
1278,254528,133.16000045835972,0.03500000000000003,5.79,0,11,200
1279,254576,134.47500050533563,0.05500000000000005,5.085,0,10,200
1280,254704,123.85500033199787,0.08999999999999997,5.775,0,8,200
1281,254776,129.36833381652832,0.04500000000000004,6.215,0,8,200
1282,255240,130.53833408560604,0.09499999999999997,5.075,0,4,200
1283,255240,130.6166677530855,0.06000000000000005,5.2,0,14,200
1284,255392,124.29166705533862,0.07999999999999996,5.635,0,11,200
1285,256000,127.67500001192093,0.08999999999999997,5.175,0,10,200
1286,256128,133.20333370007575,0.05500000000000005,5.33,0,9,200
1287,256176,131.2816665051505,0.06000000000000005,5.395,0,11,200
1288,256304,136.38333306182176,0.050000000000000044,5.21,0,9,200
1289,256376,126.04333336278796,0.07999999999999996,5.69,0,9,200
1290,256840,127.3616663068533,0.06000000000000005,5.995,0,9,200
1291,256840,141.41000020876527,0.040000000000000036,5.13,0,3,200
1292,256992,119.91000038292259,0.08999999999999997,5.97,0,11,200
1293,257600,120.1949998466298,0.05500000000000005,6.285,0,17,200
1294,257728,116.02666710224003,0.09499999999999997,5.8,0,19,200
1295,257776,114.16333425417542,0.135,5.6,0,9,200
1296,257904,131.69666653871536,0.040000000000000036,5.71,0,11,200
1297,257976,124.73166597168893,0.06999999999999995,5.965,0,10,200
1298,258440,131.87666654586792,0.07499999999999996,5.26,0,7,200
1299,258440,128.56500035431236,0.06000000000000005,5.535,0,13,200
1300,258592,132.55333381518722,0.06499999999999995,5.45,0,7,200
1301,259200,140.62000010721385,0.040000000000000036,5.1,0,6,200
1302,259328,127.878333568573,0.06000000000000005,6.005,0,7,200
1303,259376,128.24666758533567,0.06999999999999995,5.23,0,15,200
1304,259504,133.7083323597908,0.050000000000000044,5.885,0,4,200
1305,259576,116.71333385631442,0.07499999999999996,6.02,0,22,200
1306,260040,119.44333299435675,0.07499999999999996,6.17,0,15,200
1307,260040,127.33166690170765,0.07499999999999996,5.785,0,7,200
1308,260192,125.86833413597196,0.06999999999999995,5.705,0,12,200
1309,260800,145.31666722893715,0.015000000000000013,5.23,0,6,200
1310,260928,134.54500026162714,0.050000000000000044,5.595,0,6,200
1311,260976,126.13833362143487,0.06499999999999995,5.585,0,15,200
1312,261104,127.04333376139402,0.06999999999999995,5.63,0,10,200
1313,261176,123.68166728317738,0.07499999999999996,5.935,0,10,200
1314,261640,121.05833331495523,0.08499999999999996,5.915,0,13,200
1315,261640,124.54000110086054,0.09499999999999997,5.19,0,13,200
1316,261792,133.96833292767406,0.050000000000000044,5.615,0,8,200
1317,262400,131.02666738443077,0.06499999999999995,5.29,0,11,200
1318,262528,117.4583331560716,0.10999999999999999,6.005,0,8,200
1319,262576,128.74666613992304,0.06000000000000005,5.95,0,7,200
1320,262704,123.46499988436699,0.08499999999999996,5.865,0,9,200
1321,262776,120.84666665177792,0.09999999999999998,5.8,0,8,200
1322,263240,137.59333357214928,0.04500000000000004,5.15,0,8,200
1323,263240,138.82999961078167,0.015000000000000013,5.67,0,8,200
1324,263392,128.7416671961546,0.06000000000000005,5.665,0,11,200
1325,264000,136.69499955698848,0.040000000000000036,5.445,0,8,200
1326,264128,129.24833382107317,0.06499999999999995,5.555,0,11,200
1327,264176,138.84166726469994,0.040000000000000036,5.455,0,4,200
1328,264304,132.6500003002584,0.050000000000000044,5.73,0,8,200
1329,264376,136.79166704788804,0.03500000000000003,5.485,0,8,200
1330,264840,125.41666587349027,0.06999999999999995,6.13,0,7,200
1331,264840,118.6183335930109,0.10499999999999998,5.855,0,10,200
1332,264992,135.83000079449266,0.050000000000000044,5.13,0,10,200
1333,265600,121.6200000345707,0.06999999999999995,6.09,0,12,200
1334,265728,128.60666669160128,0.05500000000000005,5.8,0,11,200
1335,265776,128.43333398923278,0.06499999999999995,5.72,0,8,200
1336,265904,127.3533337302506,0.06000000000000005,5.57,0,14,200
1337,265976,130.4050000011921,0.06000000000000005,5.595,0,11,200
1338,266440,124.17166672647,0.07499999999999996,5.725,0,13,200
1339,266440,122.84833315666765,0.07499999999999996,5.885,0,11,200
1340,266592,119.86000028252602,0.06999999999999995,5.88,0,19,200
1341,267200,138.72833401616663,0.040000000000000036,5.225,0,6,200
1342,267328,126.30166686698794,0.04500000000000004,6.055,0,14,200
1343,267376,119.0583332059905,0.08499999999999996,5.735,0,16,200
1344,267504,131.5533331502229,0.050000000000000044,5.3,0,15,200
1345,267576,112.17833371367306,0.10499999999999998,6.095,0,15,200
1346,268040,118.97333371266723,0.07999999999999996,5.45,0,23,200
1347,268040,129.1950005730614,0.05500000000000005,5.625,0,11,200
1348,268192,131.72833429649472,0.050000000000000044,5.075,0,16,200
1349,268800,123.84000089671463,0.08499999999999996,5.31,0,14,200
1350,268928,120.1800001328811,0.08999999999999997,5.94,0,10,200
1351,268976,130.72833379730582,0.04500000000000004,5.405,0,16,200
1352,269104,123.47333281859756,0.06999999999999995,6.23,0,7,200
1353,269176,124.9333328967914,0.06999999999999995,5.72,0,13,200
1354,269640,123.27166687138379,0.06999999999999995,5.455,0,18,200
1355,269640,133.91333315894008,0.04500000000000004,5.33,0,10,200
1356,269792,129.70166658982635,0.050000000000000044,5.575,0,14,200
1357,270400,117.1566673470661,0.05500000000000005,5.95,0,28,200
1358,270528,127.79166685976088,0.06000000000000005,5.365,0,16,200
1359,270576,117.92666694242507,0.07999999999999996,5.86,0,18,200
1360,270704,123.06499973591417,0.050000000000000044,6.045,0,17,200
1361,270776,120.73666689079255,0.06999999999999995,6.04,0,14,200
1362,271240,128.2816667482257,0.040000000000000036,6.055,0,12,200
1363,271240,129.9800004698336,0.050000000000000044,5.55,0,13,200
1364,271392,126.54666730388999,0.06499999999999995,5.59,0,13,200
1365,272000,118.93333367910236,0.06000000000000005,6.32,0,16,200
1366,272128,117.33999998867512,0.06999999999999995,6.48,0,14,200
1367,272176,115.18833309412003,0.07499999999999996,6.305,0,18,200
1368,272304,121.98666629195213,0.06499999999999995,6.07,0,14,200
1369,272376,133.3366669267416,0.050000000000000044,5.08,0,14,200
1370,272840,126.12000022083521,0.06499999999999995,5.85,0,9,200
1371,272840,136.22000038810074,0.040000000000000036,5.22,0,10,200
1372,272992,119.54666661750525,0.06000000000000005,5.95,0,21,200
1373,273600,123.4900006391108,0.050000000000000044,5.91,0,18,200
1374,273728,117.77166700642556,0.05500000000000005,6.295,0,21,200
1375,273776,124.33333309646696,0.06000000000000005,5.69,0,16,200
1376,273904,125.66000040248036,0.04500000000000004,6.12,0,14,200
1377,273976,113.82666671834886,0.09999999999999998,6.16,0,14,200
1378,274440,120.48333367239684,0.06000000000000005,5.66,0,24,200
1379,274440,122.46000038832426,0.05500000000000005,6.09,0,16,200
1380,274592,133.61500045191497,0.030000000000000027,5.385,0,16,200
1381,275200,136.2950007179752,0.025000000000000022,5.325,0,14,200
1382,275328,121.81333299633116,0.06499999999999995,5.66,0,20,200
1383,275376,135.2416669903323,0.03500000000000003,5.395,0,10,200
1384,275504,125.27166663389653,0.025000000000000022,5.815,0,27,200
1385,275576,123.92000030912459,0.050000000000000044,6.0,0,16,200
1386,276040,133.5016673449427,0.040000000000000036,5.425,0,11,200
1387,276040,133.93333327770233,0.050000000000000044,5.39,0,9,200
1388,276192,120.8499998152256,0.06499999999999995,6.3,0,13,200
1389,276800,117.23499991931021,0.09999999999999998,5.805,0,16,200
1390,276928,130.57333304081112,0.040000000000000036,5.63,0,13,200
1391,276976,135.88000012468547,0.03500000000000003,5.22,0,13,200
1392,277104,138.5616664076224,0.030000000000000027,5.035,0,13,200
1393,277176,120.07666651904583,0.06999999999999995,6.01,0,17,200
1394,277640,134.24000031873584,0.020000000000000018,5.55,0,18,200
1395,277640,134.5116668753326,0.020000000000000018,5.635,0,14,200
1396,277792,123.19499970134348,0.04500000000000004,6.105,0,19,200
1397,278400,132.296666841954,0.050000000000000044,5.44,0,11,200
1398,278528,123.18166667222977,0.06000000000000005,5.935,0,16,200
1399,278576,123.6983339637518,0.07999999999999996,5.855,0,10,200
1400,278704,129.29666665010154,0.06499999999999995,5.14,0,14,200
1401,278776,133.4900005152449,0.030000000000000027,5.91,0,10,200
1402,279240,107.88500004261732,0.09999999999999998,6.645,0,18,200
1403,279240,141.05166682600975,0.015000000000000013,5.395,0,8,200
1404,279392,134.62833248078823,0.05500000000000005,5.615,0,4,200
1405,280000,134.42333325650543,0.03500000000000003,5.6,0,10,200
1406,280128,133.5866665719077,0.04500000000000004,5.68,0,6,200
1407,280176,126.55833302438259,0.050000000000000044,5.915,0,14,200
1408,280304,131.93833401054144,0.040000000000000036,5.855,0,10,200
1409,280376,127.29000005126,0.05500000000000005,5.91,0,12,200
1410,280840,124.83666680008173,0.050000000000000044,6.25,0,12,200
1411,280840,127.9866663645953,0.06499999999999995,5.53,0,12,200
1412,280992,134.05833300109953,0.040000000000000036,5.465,0,11,200
1413,281600,130.60666675120592,0.050000000000000044,5.59,0,13,200
1414,281728,119.72166656702757,0.07499999999999996,6.385,0,10,200
1415,281776,116.2300005434081,0.08999999999999997,6.15,0,16,200
1416,281904,135.40333356615156,0.03500000000000003,5.6,0,10,200
1417,281976,122.63500028476119,0.050000000000000044,6.615,0,11,200
1418,282440,117.35666629113257,0.06000000000000005,6.16,0,23,200
1419,282440,140.68166682124138,0.040000000000000036,5.125,0,4,200
1420,282592,140.69000060949475,0.020000000000000018,5.07,0,13,200
1421,283200,120.79000004380941,0.07499999999999996,6.42,0,9,200
1422,283328,130.7683330886066,0.030000000000000027,6.095,0,12,200
1423,283376,134.96833394095302,0.06000000000000005,5.135,0,6,200
1424,283504,134.27666725870222,0.030000000000000027,5.95,0,7,200
1425,283576,129.60666678100824,0.06000000000000005,5.62,0,11,200
1426,284040,121.21999974083155,0.08499999999999996,5.85,0,13,200
1427,284040,130.75333334878087,0.050000000000000044,5.51,0,13,200
1428,284192,134.53000058233738,0.05500000000000005,5.31,0,7,200
1429,284800,128.47500019147992,0.05500000000000005,5.685,0,12,200
1430,284928,129.76833342481405,0.05500000000000005,5.585,0,12,200
1431,284976,125.51500043645501,0.06499999999999995,5.985,0,9,200
1432,285104,122.76000020187348,0.040000000000000036,6.12,0,21,200
1433,285176,133.28666637465358,0.04500000000000004,5.62,0,9,200
1434,285640,140.04166658595204,0.020000000000000018,5.305,0,10,200
1435,285640,125.52166693657637,0.040000000000000036,6.205,0,15,200
1436,285792,127.81166667491198,0.04500000000000004,5.845,0,15,200
1437,286400,132.86666719801724,0.030000000000000027,5.71,0,13,200
1438,286528,105.71333378460258,0.09999999999999998,6.62,0,22,200
1439,286576,131.5650005452335,0.03500000000000003,5.625,0,16,200
1440,286704,125.24333329871297,0.05500000000000005,5.93,0,15,200
1441,286776,127.5666663236916,0.04500000000000004,5.89,0,15,200
1442,287240,134.04833324905485,0.040000000000000036,5.375,0,13,200
1443,287240,135.11166702676564,0.040000000000000036,5.125,0,14,200
1444,287392,132.88499968405813,0.030000000000000027,5.715,0,13,200
1445,288000,135.79000037908554,0.03500000000000003,5.58,0,8,200
1446,288128,125.98833371978253,0.03500000000000003,5.765,0,23,200
1447,288176,131.2249996792525,0.05500000000000005,5.475,0,10,200
1448,288304,133.646666765213,0.03500000000000003,5.44,0,15,200
1449,288376,126.19166646525264,0.06499999999999995,5.485,0,16,200
1450,288840,130.93166702520102,0.020000000000000018,5.965,0,17,200
1451,288840,123.8633333593607,0.06000000000000005,6.11,0,13,200
1452,288992,124.39833403006196,0.050000000000000044,6.245,0,14,200
1453,289600,135.3183338791132,0.03500000000000003,5.435,0,13,200
1454,289728,121.07333354651928,0.07499999999999996,5.69,0,19,200
1455,289776,129.70500012673438,0.06000000000000005,5.115,0,15,200
1456,289904,126.4016667669639,0.07999999999999996,5.395,0,12,200
1457,289976,143.89499978721142,0.030000000000000027,4.995,0,6,200
1458,290440,130.82999995350838,0.06000000000000005,5.97,0,4,200
1459,290440,134.73999992012978,0.05500000000000005,5.52,0,4,200
1460,290592,132.36000020056963,0.04500000000000004,5.43,0,14,200
1461,291200,124.44666669890285,0.06000000000000005,5.95,0,14,200
1462,291328,125.80166709050536,0.06000000000000005,5.725,0,16,200
1463,291376,128.83833345770836,0.050000000000000044,5.975,0,9,200
1464,291504,129.21166649460793,0.050000000000000044,6.085,0,8,200
1465,291576,132.17000025417656,0.050000000000000044,5.4,0,13,200
1466,292040,133.2716666487977,0.04500000000000004,5.395,0,12,200
1467,292040,139.2249999064952,0.0050000000000000044,5.085,0,20,200
1468,292192,123.29999969061464,0.05500000000000005,6.39,0,12,200
1469,292800,119.49166694656014,0.08499999999999996,5.815,0,16,200
1470,292928,115.49000001326203,0.07499999999999996,6.42,0,18,200
1471,292976,130.93833274766803,0.025000000000000022,6.005,0,15,200
1472,293104,137.9383339434862,0.015000000000000013,5.375,0,14,200
1473,293176,123.93666681274772,0.06999999999999995,5.59,0,18,200
1474,293640,139.9283334556967,0.020000000000000018,5.225,0,11,200
1475,293640,131.4766670940444,0.06499999999999995,4.96,0,15,200
1476,293792,135.06666722521186,0.040000000000000036,5.56,0,10,200
1477,294400,134.8016675710678,0.04500000000000004,5.425,0,10,200
1478,294528,122.65833382494748,0.08499999999999996,5.495,0,15,200
1479,294576,136.8783337539062,0.020000000000000018,5.585,0,12,200
1480,294704,123.00833385437727,0.03500000000000003,6.365,0,18,200
1481,294776,126.31666673347354,0.07999999999999996,5.29,0,14,200
1482,295240,129.1850000983104,0.05500000000000005,5.355,0,16,200
1483,295240,129.70833399053663,0.06000000000000005,5.465,0,13,200
1484,295392,119.87000064086169,0.06499999999999995,6.09,0,19,200
1485,296000,126.3733331123367,0.05500000000000005,5.54,0,19,200
1486,296128,128.70333332195878,0.05500000000000005,5.81,0,12,200
1487,296176,125.42666642740369,0.050000000000000044,6.01,0,15,200
1488,296304,124.8383334055543,0.05500000000000005,6.155,0,12,200
1489,296376,133.2583331950009,0.020000000000000018,5.825,0,14,200
1490,296840,128.43333357572556,0.04500000000000004,5.75,0,15,200
1491,296840,124.08666706085205,0.050000000000000044,6.04,0,17,200
1492,296992,128.6899995720014,0.030000000000000027,6.15,0,13,200
1493,297600,129.10666672699153,0.06000000000000005,5.47,0,13,200
1494,297728,138.35666699521244,0.020000000000000018,5.29,0,13,200
1495,297776,138.3150004595518,0.020000000000000018,5.325,0,13,200
1496,297904,125.02666698023677,0.06499999999999995,5.77,0,16,200
1497,297976,122.47333339881152,0.06999999999999995,5.9,0,14,200
1498,298440,126.16999958455563,0.040000000000000036,6.21,0,14,200
1499,298440,127.82333392184228,0.03500000000000003,5.84,0,18,200
1500,298592,125.67333342134953,0.03500000000000003,6.26,0,16,200
1501,299200,139.15499959886074,0.03500000000000003,5.055,0,11,200
1502,299328,127.04333367105573,0.05500000000000005,5.81,0,13,200
1503,299376,136.22666641324759,0.015000000000000013,5.89,0,11,200
1504,299504,116.8883333876729,0.07499999999999996,6.455,0,16,200
1505,299576,125.3116673566401,0.04500000000000004,6.145,0,14,200
1506,300040,136.4783338084817,0.030000000000000027,5.465,0,10,200
1507,300040,124.92333328351378,0.07499999999999996,5.63,0,13,200
1508,300192,117.25166664272547,0.07999999999999996,6.115,0,17,200
1509,300800,115.24666710011661,0.08499999999999996,6.04,0,21,200
1510,300928,139.0450006276369,0.03500000000000003,5.205,0,9,200
1511,300976,137.98666639626026,0.04500000000000004,5.26,0,9,200
1512,301104,126.31666606664658,0.04500000000000004,6.13,0,13,200
1513,301176,141.90166705846786,0.030000000000000027,5.095,0,7,200
1514,301640,126.92500033602118,0.04500000000000004,5.895,0,16,200
1515,301640,132.09499956667423,0.03500000000000003,5.895,0,11,200
1516,301792,133.0516668111086,0.06999999999999995,5.425,0,5,200
1517,302400,122.61833293735981,0.09999999999999998,5.645,0,9,200
1518,302528,132.73833334445953,0.040000000000000036,5.555,0,14,200
1519,302576,133.8166662203148,0.040000000000000036,5.41,0,13,200
1520,302704,130.7583331093192,0.03500000000000003,6.065,0,10,200
1521,302776,133.36166632175446,0.020000000000000018,6.115,0,12,200
1522,303240,121.16666672378778,0.06999999999999995,6.4,0,10,200
1523,303240,137.38666686415672,0.04500000000000004,5.23,0,9,200
1524,303392,122.24000005424023,0.05500000000000005,6.45,0,11,200
1525,304000,134.63499995693564,0.030000000000000027,5.745,0,11,200
1526,304128,123.76333303749561,0.050000000000000044,6.38,0,12,200
1527,304176,125.368333555758,0.040000000000000036,6.455,0,12,200
1528,304304,126.6483330046758,0.06000000000000005,6.065,0,10,200
1529,304376,138.77333303820342,0.03500000000000003,5.21,0,9,200
1530,304840,131.9916668087244,0.06000000000000005,5.275,0,10,200
1531,304840,121.83333368599415,0.05500000000000005,6.26,0,16,200
1532,304992,133.32833348214626,0.06499999999999995,5.195,0,9,200
1533,305600,130.94333383068442,0.050000000000000044,5.66,0,11,200
1534,305728,127.9083329057321,0.06999999999999995,5.795,0,7,200
1535,305776,116.49000033736229,0.10499999999999998,5.82,0,15,200
1536,305904,129.29500022530556,0.04500000000000004,6.225,0,8,200
1537,305976,133.00999998673797,0.050000000000000044,5.43,0,10,200
1538,306440,133.1266667842865,0.04500000000000004,5.8,0,5,200
1539,306440,126.42999930679798,0.06499999999999995,5.91,0,9,200
1540,306592,136.33333343174309,0.03500000000000003,5.33,0,12,200
1541,307200,128.28333357628435,0.05500000000000005,5.51,0,16,200
1542,307328,133.0983335217461,0.03500000000000003,5.645,0,12,200
1543,307376,140.924999833107,0.025000000000000022,5.265,0,8,200
1544,307504,131.19166655093431,0.06999999999999995,5.035,0,13,200
1545,307576,131.51333351712674,0.030000000000000027,5.81,0,15,200
1546,308040,135.9916672371328,0.020000000000000018,5.515,0,15,200
1547,308040,123.39666733890772,0.07999999999999996,6.13,0,9,200
1548,308192,135.49166671186686,0.04500000000000004,5.125,0,11,200
1549,308800,121.09666703641415,0.08499999999999996,5.98,0,11,200
1550,308928,133.25500003807247,0.050000000000000044,5.445,0,10,200
1551,308976,128.88000006973743,0.025000000000000022,6.33,0,14,200
1552,309104,129.43166692182422,0.050000000000000044,5.455,0,16,200
1553,309176,129.3650008738041,0.04500000000000004,5.805,0,13,200
1554,309640,132.11333348974586,0.040000000000000036,5.81,0,11,200
1555,309640,129.6216665841639,0.05500000000000005,5.635,0,13,200
1556,309792,127.18166652321815,0.04500000000000004,5.755,0,18,200
1557,310400,127.11666694656014,0.09499999999999997,5.29,0,6,200
1558,310528,136.98999984189868,0.03500000000000003,5.37,0,10,200
1559,310576,137.13833337835968,0.030000000000000027,5.285,0,11,200
1560,310704,137.1566670751199,0.03500000000000003,5.53,0,6,200
1561,310776,125.84000019356608,0.06499999999999995,5.76,0,12,200
1562,311240,123.80333341564983,0.050000000000000044,6.35,0,12,200
1563,311240,135.0166668659076,0.020000000000000018,5.77,0,12,200
1564,311392,127.84500015433878,0.06499999999999995,5.715,0,9,200
1565,312000,125.28833289071918,0.04500000000000004,5.885,0,20,200
1566,312128,130.94000053033233,0.03500000000000003,5.73,0,16,200
1567,312176,124.32833370938897,0.05500000000000005,5.915,0,16,200
1568,312304,126.75000021979213,0.050000000000000044,6.06,0,12,200
1569,312376,121.89333303645253,0.08999999999999997,6.02,0,8,200
1570,312840,126.93166658654809,0.06999999999999995,5.635,0,10,200
1571,312840,121.52833328023553,0.08999999999999997,5.735,0,13,200
1572,312992,135.96833310555667,0.04500000000000004,5.165,0,10,200
1573,313600,128.3783334568143,0.05500000000000005,5.765,0,10,200
1574,313728,121.61166693177074,0.07499999999999996,6.085,0,13,200
1575,313776,123.41833319049329,0.06499999999999995,5.795,0,16,200
1576,313904,125.22333401814103,0.06000000000000005,5.99,0,11,200
1577,313976,130.39166720490903,0.06000000000000005,5.515,0,9,200
1578,314440,126.32666733022779,0.040000000000000036,6.01,0,16,200
1579,314440,118.06999974697828,0.07499999999999996,6.48,0,12,200
1580,314592,131.7383337346837,0.050000000000000044,5.435,0,14,200
1581,315200,126.1466666162014,0.03500000000000003,6.16,0,19,200
1582,315328,123.67833362333477,0.08999999999999997,5.585,0,11,200
1583,315376,139.5150005966425,0.015000000000000013,5.925,0,4,200
1584,315504,124.87333284318447,0.05500000000000005,6.32,0,11,200
1585,315576,125.9899999126792,0.050000000000000044,6.12,0,12,200
1586,316040,138.28166690748185,0.03500000000000003,5.335,0,7,200
1587,316040,124.54000009596348,0.07499999999999996,5.79,0,10,200
1588,316192,130.54166714195162,0.06999999999999995,5.185,0,11,200
1589,316800,130.85999994259328,0.03500000000000003,5.88,0,14,200
1590,316928,127.63166701421142,0.06999999999999995,5.395,0,12,200
1591,316976,126.61333283782005,0.06000000000000005,6.02,0,10,200
1592,317104,125.62166683003306,0.06499999999999995,5.725,0,13,200
1593,317176,132.27166655659676,0.05500000000000005,5.815,0,5,200
1594,317640,123.12999990582466,0.09499999999999997,5.49,0,10,200
1595,317640,132.0883336775005,0.04500000000000004,5.585,0,11,200
1596,317792,126.4200004991144,0.06000000000000005,5.73,0,12,200
1597,318400,131.4116668999195,0.05500000000000005,5.335,0,13,200
1598,318528,125.08500042557716,0.06999999999999995,5.985,0,8,200
1599,318576,125.1516669113189,0.08499999999999996,5.485,0,10,200
1600,318704,119.53333343844861,0.07999999999999996,6.2,0,13,200
1601,318776,126.2016666000709,0.06999999999999995,5.545,0,13,200
1602,319240,131.3850000463426,0.050000000000000044,5.535,0,12,200
1603,319240,140.79333387315273,0.020000000000000018,5.39,0,8,200
1604,319392,129.91166611388326,0.07499999999999996,5.695,0,3,200
1605,320000,118.94833355769515,0.07499999999999996,6.305,0,13,200
1606,320128,141.72500021848828,0.030000000000000027,4.815,0,10,200
1607,320176,127.3916672244668,0.050000000000000044,5.905,0,13,200
1608,320304,119.93500040378422,0.07499999999999996,6.135,0,15,200
1609,320376,134.49500021152198,0.03500000000000003,5.685,0,9,200
1610,320840,123.29500019550323,0.06999999999999995,5.595,0,17,200
1611,320840,123.58833366632462,0.07499999999999996,5.795,0,13,200
1612,320992,127.69333389401436,0.06000000000000005,5.6,0,13,200
1613,321600,122.35000036936253,0.08499999999999996,5.58,0,14,200
1614,321728,128.44833401124924,0.050000000000000044,5.765,0,14,200
1615,321776,127.74499993864447,0.04500000000000004,5.535,0,19,200
1616,321904,129.04666704963893,0.06000000000000005,5.35,0,15,200
1617,321976,135.15666700992733,0.03500000000000003,5.26,0,14,200
1618,322440,136.8800004934892,0.030000000000000027,5.82,0,4,200
1619,322440,121.19333296641707,0.06999999999999995,6.14,0,13,200
1620,322592,133.89833353366703,0.03500000000000003,5.735,0,10,200
1621,323200,131.30833423137665,0.03500000000000003,5.585,0,16,200
1622,323328,131.6216662703082,0.030000000000000027,6.145,0,9,200
1623,323376,134.80833423417062,0.04500000000000004,5.435,0,10,200
1624,323504,136.51333364844322,0.020000000000000018,5.54,0,14,200
1625,323576,126.41833308339119,0.07499999999999996,5.735,0,10,200
1626,324040,123.66166685335338,0.06499999999999995,5.725,0,17,200
1627,324040,131.08999994397163,0.03500000000000003,5.91,0,12,200
1628,324192,125.49500004574656,0.050000000000000044,5.955,0,17,200
1629,324800,135.06166683044285,0.03500000000000003,5.245,0,15,200
1630,324928,116.38333404809237,0.09499999999999997,6.05,0,17,200
1631,324976,128.90333339571953,0.08499999999999996,5.24,0,9,200
1632,325104,134.6183338612318,0.03500000000000003,5.525,0,12,200
1633,325176,136.48833358101547,0.040000000000000036,5.255,0,11,200
1634,325640,134.04166730120778,0.05500000000000005,5.215,0,12,200
1635,325640,136.75166710373014,0.06499999999999995,4.915,0,7,200
1636,325792,137.6733331233263,0.025000000000000022,5.69,0,8,200
1637,326400,130.70166636165231,0.05500000000000005,5.725,0,10,200
1638,326528,127.08666691556573,0.07999999999999996,5.29,0,13,200
1639,326576,128.65999963507056,0.050000000000000044,6.18,0,7,200
1640,326704,131.8933328129351,0.04500000000000004,5.78,0,12,200
1641,326776,134.3533338373527,0.040000000000000036,5.69,0,8,200
1642,327240,125.66166740562767,0.07499999999999996,5.605,0,11,200
1643,327240,127.80833347793669,0.08499999999999996,5.105,0,12,200
1644,327392,135.24833326041698,0.03500000000000003,5.645,0,9,200
1645,328000,136.26166639104486,0.06000000000000005,5.155,0,7,200
1646,328128,128.19000012986362,0.07499999999999996,5.58,0,7,200
1647,328176,125.83999985456467,0.10499999999999998,5.31,0,5,200
1648,328304,121.9866668684408,0.07499999999999996,5.83,0,15,200
1649,328376,125.86333391070366,0.06499999999999995,5.75,0,13,200
1650,328840,127.93666640575975,0.07499999999999996,5.53,0,8,200
1651,328840,128.2983329296112,0.08999999999999997,5.225,0,7,200
1652,328992,134.3049993738532,0.05500000000000005,5.115,0,13,200
1653,329600,135.2316668285057,0.04500000000000004,5.455,0,9,200
1654,329728,128.12999972701073,0.06499999999999995,6.06,0,5,200
1655,329776,131.970000192523,0.04500000000000004,5.67,0,11,200
1656,329904,128.0216669663787,0.07499999999999996,5.485,0,9,200
1657,329976,136.03166655823588,0.04500000000000004,5.395,0,8,200
1658,330440,136.62500032782555,0.04500000000000004,4.995,0,12,200
1659,330440,142.2650005472824,0.040000000000000036,4.935,0,6,200
1660,330592,127.26833371818066,0.08499999999999996,5.585,0,8,200
1661,331200,134.98666716273874,0.07999999999999996,4.72,0,8,200
1662,331328,127.18999995943159,0.06999999999999995,5.82,0,10,200
1663,331376,130.681666046381,0.05500000000000005,5.695,0,9,200
1664,331504,119.52333348244429,0.11499999999999999,6.05,0,5,200
1665,331576,130.03833319898695,0.06499999999999995,5.705,0,8,200
1666,332040,128.18000005185604,0.12,4.86,0,5,200
1667,332040,132.51499947533011,0.06000000000000005,5.325,0,11,200
1668,332192,126.87500043679029,0.06499999999999995,5.805,0,10,200
1669,332800,131.58833237737417,0.06499999999999995,5.465,0,7,200
1670,332928,123.67333367373794,0.09999999999999998,5.45,0,10,200
1671,332976,137.94333337526768,0.040000000000000036,5.6,0,3,200
1672,333104,124.64666746556759,0.08499999999999996,5.68,0,10,200
1673,333176,138.04166741669178,0.05500000000000005,5.335,0,3,200
1674,333640,138.39500007033348,0.040000000000000036,5.325,0,8,200
1675,333640,136.32166729029268,0.06999999999999995,4.885,0,7,200
1676,333792,122.62999886646867,0.08499999999999996,5.7,0,14,200
1677,334400,126.79000002145767,0.06999999999999995,5.7,0,11,200
1678,334528,130.3933327710256,0.07999999999999996,5.27,0,8,200
1679,334576,129.90000077709556,0.05500000000000005,5.7,0,10,200
1680,334704,127.96000058576465,0.06499999999999995,5.7,0,11,200
1681,334776,136.28000007849187,0.040000000000000036,5.58,0,7,200
1682,335240,132.4849998941645,0.05500000000000005,5.595,0,7,200
1683,335240,135.50666710082442,0.04500000000000004,4.99,0,13,200
1684,335392,134.9183332202956,0.05500000000000005,5.225,0,9,200
1685,336000,142.81166729331017,0.03500000000000003,5.185,0,4,200
1686,336128,146.87833369057626,0.025000000000000022,4.865,0,5,200
1687,336176,126.1133334711194,0.10999999999999999,5.36,0,4,200
1688,336304,137.73333323653787,0.04500000000000004,5.42,0,5,200
1689,336376,137.19166726153344,0.040000000000000036,5.305,0,9,200
1690,336840,130.47500055190176,0.06499999999999995,5.535,0,9,200
1691,336840,119.41833333298564,0.08999999999999997,6.335,0,9,200
1692,336992,127.97500024363399,0.06499999999999995,5.715,0,11,200
1693,337600,128.36000104993582,0.08499999999999996,5.01,0,13,200
1694,337728,135.998332567513,0.04500000000000004,5.705,0,5,200
1695,337776,132.753333106637,0.04500000000000004,5.3,0,14,200
1696,337904,131.04833349213004,0.07499999999999996,5.435,0,6,200
1697,337976,122.66500068828464,0.10499999999999998,5.535,0,8,200
1698,338440,130.56000022869557,0.07499999999999996,5.4,0,7,200
1699,338440,129.67333295568824,0.05500000000000005,5.93,0,8,200
1700,338592,133.6933339200914,0.07999999999999996,5.03,0,6,200
1701,339200,136.2350004091859,0.030000000000000027,5.685,0,8,200
1702,339328,138.873332913965,0.050000000000000044,5.09,0,6,200
1703,339376,128.0283341705799,0.09999999999999998,5.195,0,6,200
1704,339504,135.61333418264985,0.04500000000000004,5.57,0,5,200
1705,339576,130.4050005376339,0.040000000000000036,6.165,0,9,200
1706,340040,136.46833376586437,0.040000000000000036,5.495,0,9,200
1707,340040,133.75833333283663,0.04500000000000004,5.555,0,9,200
1708,340192,134.85833371337503,0.04500000000000004,5.255,0,14,200
1709,340800,139.05666615068913,0.040000000000000036,5.44,0,4,200
1710,340928,130.55833362042904,0.05500000000000005,5.645,0,10,200
1711,340976,126.91666732914746,0.06499999999999995,5.65,0,14,200
1712,341104,141.6450009793043,0.03500000000000003,5.295,0,5,200
1713,341176,125.47166668158025,0.07999999999999996,5.815,0,8,200
1714,341640,131.20166662335396,0.05500000000000005,5.725,0,9,200
1715,341640,132.6649999767542,0.040000000000000036,5.715,0,10,200
1716,341792,137.74666690826416,0.06000000000000005,5.26,0,2,200
1717,342400,132.09499916434288,0.05500000000000005,5.805,0,7,200
1718,342528,116.9716667747125,0.10499999999999998,5.755,0,17,200
1719,342576,142.20166746433824,0.05500000000000005,4.765,0,5,200
1720,342704,123.40833358746022,0.09999999999999998,5.315,0,13,200
1721,342776,119.32666700705886,0.09999999999999998,6.1,0,9,200
1722,343240,134.75666649639606,0.05500000000000005,5.65,0,5,200
1723,343240,125.00500090233982,0.07499999999999996,5.745,0,11,200
1724,343392,134.35833379626274,0.03500000000000003,6.125,0,4,200
1725,344000,121.49166699498892,0.08499999999999996,6.115,0,10,200
1726,344128,141.8183341473341,0.04500000000000004,5.195,0,5,200
1727,344176,128.8799992725253,0.07499999999999996,5.28,0,11,200
1728,344304,131.98666670545936,0.07999999999999996,5.23,0,6,200
1729,344376,131.04666722472757,0.07999999999999996,5.35,0,5,200
1730,344840,143.073332503438,0.040000000000000036,5.0,0,5,200
1731,344840,114.87000021338463,0.135,5.79,0,7,200
1732,344992,143.8466659374535,0.050000000000000044,4.72,0,4,200
1733,345600,134.20666685607284,0.05500000000000005,5.26,0,11,200
1734,345728,137.06666596978903,0.05500000000000005,5.08,0,7,200
1735,345776,132.86499995552003,0.06499999999999995,5.055,0,11,200
1736,345904,130.7033332325518,0.07499999999999996,5.42,0,8,200
1737,345976,118.69833330065012,0.09499999999999997,5.945,0,13,200
1738,346440,133.78499980643392,0.06499999999999995,4.995,0,10,200
1739,346440,124.46999995037913,0.09999999999999998,5.25,0,10,200
1740,346592,130.78499958571047,0.06000000000000005,5.685,0,7,200
1741,347200,139.00666566379368,0.040000000000000036,4.87,0,11,200
1742,347328,131.68500044569373,0.03500000000000003,5.925,0,11,200
1743,347376,128.3433330124244,0.08499999999999996,5.12,0,12,200
1744,347504,134.8183341808617,0.06000000000000005,5.555,0,2,200
1745,347576,117.86499953269958,0.10499999999999998,5.955,0,12,200
1746,348040,137.89833361562341,0.050000000000000044,5.105,0,7,200
1747,348040,123.9766665911302,0.07999999999999996,5.56,0,14,200
1748,348192,137.9833328574896,0.04500000000000004,5.15,0,9,200
1749,348800,127.0300000756979,0.06999999999999995,5.7,0,11,200
1750,348928,138.99166709184647,0.040000000000000036,5.275,0,7,200
1751,348976,137.6049997061491,0.025000000000000022,5.235,0,15,200
1752,349104,107.25166634470224,0.10999999999999999,6.265,0,22,200
1753,349176,123.60166687425226,0.06499999999999995,5.875,0,15,200
1754,349640,124.26666678488255,0.07499999999999996,5.71,0,13,200
1755,349640,126.40000046417117,0.06499999999999995,5.85,0,11,200
1756,349792,127.7099995277822,0.06999999999999995,5.61,0,11,200
1757,350400,136.80500062461942,0.020000000000000018,5.385,0,16,200
1758,350528,124.68166590481997,0.07999999999999996,5.545,0,12,200
1759,350576,127.39666685368866,0.07499999999999996,5.29,0,13,200
1760,350704,129.52500007674098,0.05500000000000005,5.535,0,14,200
1761,350776,125.56833331286907,0.06499999999999995,5.735,0,13,200
1762,351240,132.61000022292137,0.050000000000000044,5.43,0,11,200
1763,351240,124.16833313833922,0.07499999999999996,5.525,0,15,200
1764,351392,128.97166623547673,0.08999999999999997,4.675,0,14,200
1765,352000,131.84166605770588,0.07499999999999996,5.155,0,8,200
1766,352128,127.31500011961907,0.06000000000000005,5.565,0,15,200
1767,352176,128.34666673094034,0.050000000000000044,5.95,0,10,200
1768,352304,119.69666616432369,0.07999999999999996,6.07,0,13,200
1769,352376,128.23666661977768,0.07999999999999996,5.29,0,8,200
1770,352840,132.11000055074692,0.04500000000000004,5.37,0,14,200
1771,352840,145.74833363573998,0.020000000000000018,4.955,0,5,200
1772,352992,135.34666626900434,0.06000000000000005,4.87,0,10,200
1773,353600,139.1450004093349,0.03500000000000003,4.995,0,12,200
1774,353728,129.6249996786937,0.050000000000000044,5.895,0,10,200
1775,353776,135.14666608627886,0.050000000000000044,5.29,0,8,200
1776,353904,124.45500010251999,0.07499999999999996,5.715,0,13,200
1777,353976,133.83333414699882,0.03500000000000003,5.6,0,11,200
1778,354440,137.3333337996155,0.030000000000000027,5.45,0,9,200
1779,354440,132.413334030658,0.050000000000000044,5.09,0,16,200
1780,354592,128.80333352833986,0.06499999999999995,5.57,0,10,200
1781,355200,134.11999988462776,0.04500000000000004,5.37,0,11,200
1782,355328,127.0583339445293,0.06000000000000005,5.765,0,13,200
1783,355376,129.34499970450997,0.03500000000000003,6.135,0,11,200
1784,355504,130.71166632324457,0.06000000000000005,5.785,0,6,200
1785,355576,117.0616660779342,0.10999999999999999,5.815,0,13,200
1786,356040,118.12833404820412,0.06999999999999995,6.425,0,15,200
1787,356040,121.06000008340925,0.09499999999999997,5.64,0,12,200
1788,356192,141.48166733793914,0.040000000000000036,5.065,0,6,200
1789,356800,133.9799997806549,0.050000000000000044,5.88,0,2,200
1790,356928,131.85333314165473,0.06499999999999995,5.42,0,7,200
1791,356976,129.04999934881926,0.050000000000000044,5.88,0,11,200
1792,357104,128.706666842103,0.07499999999999996,5.68,0,6,200
1793,357176,129.93666741251945,0.06000000000000005,5.32,0,14,200
1794,357640,134.33833314012736,0.04500000000000004,5.345,0,11,200
1795,357640,136.1849998831749,0.03500000000000003,5.535,0,8,200
1796,357792,132.69833347853273,0.040000000000000036,5.885,0,9,200
1797,358400,112.84666688740253,0.09499999999999997,6.46,0,15,200
1798,358528,133.1466670744121,0.050000000000000044,5.32,0,10,200
1799,358576,124.66999992355704,0.06499999999999995,6.12,0,10,200
1800,358704,132.81166719086468,0.06499999999999995,5.335,0,5,200
1801,358776,128.85166703909636,0.08999999999999997,5.275,0,7,200
1802,359240,131.58499983232468,0.05500000000000005,5.415,0,11,200
1803,359240,128.92666636779904,0.07499999999999996,5.59,0,8,200
1804,359392,125.84999971091747,0.06499999999999995,5.97,0,11,200
1805,360000,129.24166565015912,0.07499999999999996,5.635,0,7,200
1806,360128,130.4416663236916,0.05500000000000005,5.785,0,7,200
1807,360176,128.63666699361056,0.07499999999999996,5.29,0,10,200
1808,360304,132.10166719555855,0.040000000000000036,5.905,0,9,200
1809,360376,124.23000017367303,0.07499999999999996,5.34,0,17,200
1810,360840,132.17666764371097,0.05500000000000005,5.35,0,11,200
1811,360840,129.49333380814642,0.07499999999999996,5.18,0,11,200
1812,360992,127.08500023186207,0.050000000000000044,6.165,0,11,200
1813,361600,124.14166698139161,0.07499999999999996,6.115,0,8,200
1814,361728,124.17666644509882,0.08999999999999997,5.65,0,9,200
1815,361776,129.3783327564597,0.04500000000000004,5.645,0,16,200
1816,361904,124.58166663348675,0.08499999999999996,5.725,0,10,200
1817,361976,133.7566663539037,0.03500000000000003,5.44,0,15,200
1818,362440,124.9750006198883,0.07499999999999996,6.015,0,7,200
1819,362440,114.15833292901516,0.09999999999999998,6.725,0,7,200
1820,362592,116.83333349972963,0.09999999999999998,6.11,0,11,200
1821,363200,125.53999968245625,0.09499999999999997,5.52,0,7,200
1822,363328,127.80666602682322,0.05500000000000005,5.53,0,16,200
1823,363376,133.89833295159042,0.050000000000000044,5.285,0,10,200
1824,363504,122.42833292391151,0.09499999999999997,5.495,0,11,200
1825,363576,123.35166656598449,0.08499999999999996,5.425,0,15,200
1826,364040,133.43999962788075,0.04500000000000004,5.34,0,14,200
1827,364040,112.31999945640564,0.10999999999999999,6.15,0,14,200
1828,364192,128.8399995714426,0.050000000000000044,6.12,0,7,200
1829,364800,129.75833331327885,0.03500000000000003,6.005,0,12,200
1830,364928,120.503333568573,0.09999999999999998,5.78,0,10,200
1831,364976,134.3033328652382,0.03500000000000003,5.93,0,7,200
1832,365104,131.9200004702434,0.04500000000000004,5.61,0,13,200
1833,365176,125.49833340477198,0.06000000000000005,6.275,0,7,200
1834,365640,131.04499968048185,0.04500000000000004,5.745,0,10,200
1835,365640,127.59166717808694,0.06999999999999995,5.575,0,11,200
1836,365792,129.2300005853176,0.06999999999999995,5.55,0,9,200
1837,366400,136.72000029683113,0.040000000000000036,5.25,0,10,200
1838,366528,122.03999947011471,0.08499999999999996,5.91,0,12,200
1839,366576,133.1666666669771,0.04500000000000004,5.5,0,12,200
1840,366704,128.44333293661475,0.04500000000000004,5.99,0,13,200
1841,366776,129.28833313286304,0.05500000000000005,5.495,0,16,200
1842,367240,136.20999992545694,0.020000000000000018,5.55,0,15,200
1843,367240,124.270000141114,0.06999999999999995,5.94,0,11,200
1844,367392,138.92499980702996,0.040000000000000036,5.175,0,7,200
1845,368000,127.71499975398183,0.04500000000000004,5.295,0,23,200
1846,368128,120.11666621081531,0.07499999999999996,6.31,0,12,200
1847,368176,135.7400002097711,0.025000000000000022,5.31,0,15,200
1848,368304,134.098333097063,0.020000000000000018,5.675,0,14,200
1849,368376,122.56833316385746,0.07499999999999996,5.825,0,14,200
1850,368840,131.16499981284142,0.050000000000000044,5.445,0,14,200
1851,368840,134.90500015206635,0.050000000000000044,4.965,0,11,200
1852,368992,126.80166694521904,0.06000000000000005,5.725,0,13,200
1853,369600,121.64666687697172,0.08499999999999996,5.44,0,18,200
1854,369728,128.4916664622724,0.030000000000000027,6.415,0,11,200
1855,369776,132.93000053521246,0.04500000000000004,5.49,0,12,200
1856,369904,129.39333363622427,0.06999999999999995,5.66,0,7,200
1857,369976,123.09333319030702,0.06999999999999995,5.66,0,16,200
1858,370440,126.68666644208133,0.06000000000000005,5.56,0,16,200
1859,370440,125.73500011861324,0.06499999999999995,5.535,0,16,200
1860,370592,128.27499954029918,0.040000000000000036,5.745,0,16,200
1861,371200,140.33500024676323,0.025000000000000022,5.025,0,11,200
1862,371328,126.9516666335985,0.040000000000000036,5.695,0,20,200
1863,371376,127.07500016503036,0.06999999999999995,5.505,0,12,200
1864,371504,131.52166670560837,0.050000000000000044,5.605,0,11,200
1865,371576,131.45500011183321,0.040000000000000036,5.685,0,11,200
1866,372040,123.04833428468555,0.06000000000000005,5.735,0,20,200
1867,372040,142.49499997124076,0.015000000000000013,5.415,0,7,200
1868,372192,121.85666689183563,0.06999999999999995,5.8,0,18,200
1869,372800,118.26500050351024,0.06999999999999995,6.255,0,17,200
1870,372928,124.8399997567758,0.05500000000000005,6.21,0,11,200
1871,372976,120.93666620459408,0.06000000000000005,6.13,0,18,200
1872,373104,134.13666684459895,0.040000000000000036,5.35,0,12,200
1873,373176,120.36166665609926,0.09499999999999997,5.815,0,10,200
1874,373640,120.72500009462237,0.07999999999999996,5.865,0,16,200
1875,373640,128.61000000219792,0.050000000000000044,6.06,0,9,200
1876,373792,117.73333322629333,0.06499999999999995,6.59,0,15,200
1877,374400,132.8849999308586,0.050000000000000044,5.565,0,9,200
1878,374528,118.55166639387608,0.06499999999999995,5.875,0,24,200
1879,374576,132.20333388540894,0.05500000000000005,5.33,0,11,200
1880,374704,122.2333331881091,0.03500000000000003,6.41,0,20,200
1881,374776,133.43999947607517,0.07499999999999996,5.04,0,6,200
1882,375240,123.68000032007694,0.06000000000000005,6.03,0,15,200
1883,375240,119.19000019878149,0.07499999999999996,6.21,0,15,200
1884,375392,121.77166641876101,0.06000000000000005,5.815,0,20,200
1885,376000,128.8166669011116,0.06499999999999995,5.62,0,10,200
1886,376128,123.36166637390852,0.06000000000000005,5.995,0,15,200
1887,376176,120.11166700720787,0.025000000000000022,6.865,0,18,200
1888,376304,122.75166670233011,0.06499999999999995,6.385,0,9,200
1889,376376,134.46000095829368,0.04500000000000004,5.61,0,7,200
1890,376840,131.94499965757132,0.04500000000000004,5.655,0,10,200
1891,376840,134.36166692804545,0.03500000000000003,5.635,0,9,200
1892,376992,131.22000077925622,0.06999999999999995,5.07,0,10,200
1893,377600,135.1950001437217,0.03500000000000003,5.445,0,11,200
1894,377728,133.85166714526713,0.03500000000000003,5.485,0,12,200
1895,377776,133.2649995237589,0.050000000000000044,5.355,0,10,200
1896,377904,120.00500041246414,0.07499999999999996,5.805,0,17,200
1897,377976,126.76500030234456,0.06499999999999995,5.895,0,10,200
1898,378440,135.55999985150993,0.025000000000000022,5.52,0,13,200
1899,378440,134.75499980151653,0.03500000000000003,5.655,0,8,200
1900,378592,132.8999999538064,0.04500000000000004,5.28,0,14,200
1901,379200,128.9166670953855,0.05500000000000005,5.65,0,11,200
1902,379328,127.53833325859159,0.04500000000000004,6.215,0,9,200
1903,379376,137.96166620310396,0.025000000000000022,5.485,0,9,200
1904,379504,136.44333374872804,0.05500000000000005,5.15,0,7,200
1905,379576,132.529999518767,0.050000000000000044,5.4,0,10,200
1906,380040,120.25833363458514,0.06499999999999995,6.305,0,13,200
1907,380040,129.5449999012053,0.06000000000000005,5.805,0,7,200
1908,380192,117.08166690170765,0.07499999999999996,6.355,0,14,200
1909,380800,127.13500048965216,0.07499999999999996,5.505,0,11,200
1910,380928,136.30500007607043,0.04500000000000004,5.205,0,11,200
1911,380976,120.88666709139943,0.07499999999999996,6.31,0,9,200
1912,381104,129.09666665829718,0.06000000000000005,5.59,0,11,200
1913,381176,133.93500027805567,0.04500000000000004,5.745,0,5,200
1914,381640,137.91666662320495,0.025000000000000022,5.8,0,7,200
1915,381640,127.3883335776627,0.06999999999999995,5.915,0,5,200
1916,381792,134.72833335399628,0.040000000000000036,5.795,0,5,200
1917,382400,129.21666700951755,0.06999999999999995,5.5,0,8,200
1918,382528,131.00999983306974,0.06499999999999995,5.58,0,6,200
1919,382576,133.23666694574058,0.03500000000000003,5.86,0,10,200
1920,382704,138.09166781418025,0.03500000000000003,5.275,0,7,200
1921,382776,118.42833350598812,0.08499999999999996,6.455,0,8,200
1922,383240,127.38333294447511,0.06499999999999995,5.93,0,8,200
1923,383240,119.76999962329865,0.12,5.61,0,7,200
1924,383392,126.33833374734968,0.09999999999999998,5.465,0,5,200
1925,384000,142.66333297174424,0.015000000000000013,5.48,0,5,200
1926,384128,127.10333303268999,0.06499999999999995,5.87,0,9,200
1927,384176,129.87000001501292,0.050000000000000044,5.7,0,12,200
1928,384304,126.11166644096375,0.07999999999999996,5.785,0,6,200
1929,384376,111.97999979089946,0.10499999999999998,6.36,0,14,200
1930,384840,119.76166626811028,0.09999999999999998,5.965,0,8,200
1931,384840,139.51333282887936,0.04500000000000004,5.03,0,5,200
1932,384992,131.94000005349517,0.04500000000000004,5.7,0,10,200
1933,385600,122.48833308368921,0.05500000000000005,6.635,0,8,200
1934,385728,138.96666609402746,0.040000000000000036,5.32,0,5,200
1935,385776,139.311667191796,0.025000000000000022,5.635,0,4,200
1936,385904,133.91999941319227,0.06999999999999995,4.95,0,9,200
1937,385976,131.9183335751295,0.050000000000000044,5.915,0,5,200
1938,386440,134.35666670743376,0.04500000000000004,5.23,0,12,200
1939,386440,119.96666662860662,0.09499999999999997,5.89,0,9,200
1940,386592,128.56833360344172,0.050000000000000044,5.975,0,9,200
1941,387200,125.10333357006311,0.06499999999999995,6.05,0,8,200
1942,387328,139.28833350911736,0.06499999999999995,4.565,0,7,200
1943,387376,137.98833414167166,0.015000000000000013,5.675,0,10,200
1944,387504,122.08166717644781,0.09999999999999998,5.665,0,8,200
1945,387576,138.16666650772095,0.06499999999999995,4.69,0,7,200
1946,388040,132.37833375204355,0.05500000000000005,5.795,0,5,200
1947,388040,130.77499995287508,0.06000000000000005,5.715,0,7,200
1948,388192,128.99333342071623,0.06000000000000005,5.96,0,7,200
1949,388800,136.17666640877724,0.040000000000000036,5.26,0,14,200
1950,388928,128.55500033777207,0.06000000000000005,5.835,0,9,200
1951,388976,139.97166676819324,0.03500000000000003,5.485,0,4,200
1952,389104,125.86000004783273,0.08499999999999996,5.49,0,8,200
1953,389176,129.3483336251229,0.07999999999999996,5.165,0,10,200
1954,389640,138.1566670415923,0.050000000000000044,5.29,0,5,200
1955,389640,130.2466672360897,0.06499999999999995,5.71,0,7,200
1956,389792,134.6099991388619,0.050000000000000044,5.58,0,6,200
1957,390400,123.77333404123783,0.08999999999999997,5.69,0,10,200
1958,390528,125.95666697248816,0.07999999999999996,5.56,0,9,200
1959,390576,129.27499976754189,0.08499999999999996,5.205,0,9,200
1960,390704,135.03333340585232,0.040000000000000036,5.6,0,7,200
1961,390776,119.8150000423193,0.10999999999999999,6.075,0,4,200
1962,391240,131.14500024542212,0.08499999999999996,5.085,0,6,200
1963,391240,143.1616658717394,0.04500000000000004,4.765,0,6,200
1964,391392,131.91333328187466,0.06000000000000005,5.51,0,7,200
1965,392000,130.5866668438539,0.04500000000000004,6.19,0,7,200
1966,392128,121.13333347067237,0.09999999999999998,5.87,0,8,200
1967,392176,122.63666669651866,0.07499999999999996,5.98,0,11,200
1968,392304,118.65333326533437,0.11499999999999999,5.66,0,8,200
1969,392376,140.33833354525268,0.03500000000000003,5.195,0,6,200
1970,392840,113.85499967634678,0.12,6.015,0,10,200
1971,392840,142.76499958336353,0.040000000000000036,4.785,0,7,200
1972,392992,126.18666640575975,0.08999999999999997,5.35,0,9,200
1973,393600,134.02333308756351,0.050000000000000044,5.45,0,9,200
1974,393728,134.1249998062849,0.05500000000000005,5.625,0,4,200
1975,393776,136.22500002384186,0.050000000000000044,5.235,0,7,200
1976,393904,118.94833331461996,0.13,5.135,0,11,200
1977,393976,131.16500053182244,0.04500000000000004,5.955,0,7,200
1978,394440,114.5149997388944,0.15500000000000003,5.475,0,7,200
1979,394440,129.644999361597,0.06499999999999995,5.895,0,3,200
1980,394592,129.97666663583368,0.06499999999999995,5.56,0,9,200
1981,395200,129.70666632708162,0.06000000000000005,5.53,0,11,200
1982,395328,131.8266671327874,0.07999999999999996,5.29,0,4,200
1983,395376,135.64166656788439,0.06000000000000005,5.395,0,2,200
1984,395504,129.70333295222372,0.09499999999999997,5.27,0,4,200
1985,395576,125.68666602671146,0.09499999999999997,5.77,0,3,200
1986,396040,139.41666699107736,0.05500000000000005,5.02,0,4,200
1987,396040,139.37166679557413,0.030000000000000027,5.275,0,9,200
1988,396192,120.71999945864081,0.09999999999999998,5.85,0,9,200
1989,396800,128.10333375632763,0.07999999999999996,5.66,0,5,200
1990,396928,125.4283338189125,0.08499999999999996,5.855,0,6,200
1991,396976,134.80499939527363,0.040000000000000036,5.235,0,13,200
1992,397104,117.45999966561794,0.13,5.91,0,4,200
1993,397176,133.90333365183324,0.06000000000000005,5.42,0,6,200
1994,397640,126.45166631042957,0.07999999999999996,5.995,0,4,200
1995,397640,127.62500002142042,0.06000000000000005,5.925,0,8,200
1996,397792,128.75999992340803,0.07999999999999996,5.07,0,11,200
1997,398400,134.40333360433578,0.06000000000000005,5.3,0,6,200
1998,398528,129.40833301842213,0.050000000000000044,6.335,0,3,200
1999,398576,132.52833354473114,0.03500000000000003,6.095,0,7,200
2000,398704,129.62999974843115,0.06000000000000005,5.79,0,9,200
2001,398776,143.8866671770811,0.040000000000000036,4.84,0,3,200
2002,399240,129.71666678786278,0.06000000000000005,5.5,0,12,200
2003,399240,131.65833346173167,0.05500000000000005,5.675,0,6,200
2004,399392,117.20166663452983,0.09999999999999998,6.235,0,8,200
2005,400000,122.06666689738631,0.10499999999999998,5.65,0,6,200
