Environment,Algorithm,train_seed,episode_seed,reward,sla_violation,mean_replicas,crashes,flapping_incidents,length,act_Restart,act_Scale Up,act_Scale Down,act_Clear Cache,act_Hold
Mixed,"Cost=True, Flapping=True",1,10000,124.83166666666666,0.025000000000000022,8.215,0,0,200,0.02,0.035,0.01,0.015,0.92
Mixed,"Cost=True, Flapping=True",1,10001,109.50166666666675,0.06999999999999995,8.575,0,3,200,0.03,0.125,0.045,0.01,0.79
Mixed,"Cost=True, Flapping=True",1,10002,98.20333333333336,0.10999999999999999,8.66,0,7,200,0.025,0.16,0.095,0.02,0.7
Mixed,"Cost=True, Flapping=True",1,10003,110.06999999999996,0.08499999999999996,8.07,0,5,200,0.02,0.135,0.055,0.02,0.77
Mixed,"Cost=True, Flapping=True",1,10004,70.5433333333333,0.21999999999999997,9.26,0,8,200,0.015,0.24,0.095,0.01,0.64
Mixed,"Cost=True, Flapping=True",1,10005,101.44999999999999,0.14,7.89,0,3,200,0.02,0.13,0.07,0.025,0.755
Mixed,"Cost=True, Flapping=True",1,10006,126.53666666666658,0.015000000000000013,8.26,0,0,200,0.015,0.03,0.035,0.02,0.9
Mixed,"Cost=True, Flapping=True",1,10007,66.15333333333338,0.25,9.05,0,8,200,0.015,0.25,0.095,0.02,0.62
Mixed,"Cost=True, Flapping=True",1,10008,111.5500000000001,0.06999999999999995,8.43,0,3,200,0.015,0.12,0.06,0.0,0.805
Mixed,"Cost=True, Flapping=True",1,10009,120.2183333333331,0.03500000000000003,8.075,0,5,200,0.02,0.105,0.07,0.01,0.795
Mixed,"Cost=True, Flapping=True",1,10010,112.58499999999985,0.03500000000000003,8.925,0,5,200,0.035,0.075,0.065,0.01,0.815
Mixed,"Cost=True, Flapping=True",1,10011,121.1066666666666,0.050000000000000044,7.99,0,0,200,0.02,0.07,0.035,0.015,0.86
Mixed,"Cost=True, Flapping=True",1,10012,106.27499999999975,0.08499999999999996,8.565,0,3,200,0.03,0.135,0.07,0.0,0.765
Mixed,"Cost=True, Flapping=True",1,10013,101.96333333333337,0.09499999999999997,9.08,0,2,200,0.01,0.125,0.05,0.005,0.81
Mixed,"Cost=True, Flapping=True",1,10014,107.59166666666657,0.07499999999999996,8.755,0,3,200,0.015,0.12,0.075,0.025,0.765
Mixed,"Cost=True, Flapping=True",1,10015,121.05666666666679,0.04500000000000004,8.08,0,1,200,0.015,0.07,0.045,0.015,0.855
Mixed,"Cost=True, Flapping=True",1,10016,103.24833333333322,0.13,7.925,0,2,200,0.025,0.165,0.05,0.015,0.745
Mixed,"Cost=True, Flapping=True",1,10017,107.12333333333326,0.08999999999999997,8.48,0,3,200,0.01,0.13,0.075,0.015,0.77
Mixed,"Cost=True, Flapping=True",1,10018,121.50333333333353,0.04500000000000004,7.82,0,4,200,0.015,0.08,0.055,0.02,0.83
Mixed,"Cost=True, Flapping=True",1,10019,126.27666666666657,0.025000000000000022,7.84,0,2,200,0.025,0.05,0.035,0.01,0.88
Mixed,"Cost=True, Flapping=True",1,10020,116.76500000000001,0.04500000000000004,8.235,0,6,200,0.01,0.095,0.1,0.015,0.78
Mixed,"Cost=True, Flapping=True",1,10021,115.28666666666669,0.04500000000000004,8.47,0,3,200,0.045,0.06,0.025,0.02,0.85
Mixed,"Cost=True, Flapping=True",1,10022,112.58833333333331,0.06499999999999995,8.375,0,4,200,0.015,0.1,0.07,0.005,0.81
Mixed,"Cost=True, Flapping=True",1,10023,92.68500000000023,0.13,9.195,0,4,200,0.005,0.165,0.07,0.01,0.75
Mixed,"Cost=True, Flapping=True",1,10024,111.45166666666651,0.03500000000000003,9.175,0,4,200,0.02,0.11,0.075,0.01,0.785
Mixed,"Cost=True, Flapping=True",1,10025,110.90833333333319,0.08499999999999996,8.045,0,4,200,0.02,0.11,0.065,0.025,0.78
Mixed,"Cost=True, Flapping=True",1,10026,108.42500000000018,0.07999999999999996,8.625,0,3,200,0.01,0.1,0.06,0.0,0.83
Mixed,"Cost=True, Flapping=True",1,10027,120.82166666666633,0.03500000000000003,8.215,0,2,200,0.02,0.08,0.06,0.03,0.81
Mixed,"Cost=True, Flapping=True",1,10028,114.89499999999997,0.08499999999999996,7.515,0,4,200,0.025,0.115,0.065,0.045,0.75
Mixed,"Cost=True, Flapping=True",1,10029,104.72666666666693,0.08499999999999996,8.62,0,6,200,0.025,0.125,0.065,0.01,0.775
Mixed,"Cost=True, Flapping=True",1,10030,125.25666666666653,0.03500000000000003,7.81,0,1,200,0.015,0.085,0.035,0.015,0.85
Mixed,"Cost=True, Flapping=True",1,10031,104.82499999999973,0.09999999999999998,8.385,0,5,200,0.015,0.115,0.065,0.025,0.78
Mixed,"Cost=True, Flapping=True",1,10032,109.00166666666652,0.09499999999999997,8.335,0,1,200,0.01,0.09,0.05,0.01,0.84
Mixed,"Cost=True, Flapping=True",1,10033,103.005,0.07999999999999996,9.225,0,4,200,0.0,0.12,0.09,0.005,0.785
Mixed,"Cost=True, Flapping=True",1,10034,94.12166666666663,0.125,8.935,0,6,200,0.01,0.17,0.11,0.005,0.705
Mixed,"Cost=True, Flapping=True",1,10035,104.87499999999994,0.08499999999999996,8.565,0,6,200,0.035,0.1,0.065,0.0,0.8
Mixed,"Cost=True, Flapping=True",1,10036,80.11333333333346,0.18500000000000005,9.2,0,4,200,0.015,0.235,0.095,0.005,0.65
Mixed,"Cost=True, Flapping=True",1,10037,120.07666666666631,0.050000000000000044,8.11,0,1,200,0.015,0.065,0.025,0.01,0.885
Mixed,"Cost=True, Flapping=True",1,10038,102.5433333333332,0.09499999999999997,8.99,0,2,200,0.015,0.11,0.05,0.01,0.815
Mixed,"Cost=True, Flapping=True",1,10039,90.07999999999981,0.15000000000000002,9.06,0,3,200,0.01,0.165,0.065,0.005,0.755
Mixed,"Cost=True, Flapping=True",1,10040,130.2283333333333,0.030000000000000027,7.445,0,1,200,0.01,0.03,0.025,0.02,0.915
Mixed,"Cost=True, Flapping=True",1,10041,105.49666666666654,0.08999999999999997,8.62,0,4,200,0.015,0.13,0.045,0.005,0.805
Mixed,"Cost=True, Flapping=True",1,10042,92.80666666666662,0.14500000000000002,8.74,0,4,200,0.01,0.19,0.08,0.015,0.705
Mixed,"Cost=True, Flapping=True",1,10043,106.49666666666664,0.09499999999999997,8.5,0,2,200,0.015,0.125,0.05,0.005,0.805
Mixed,"Cost=True, Flapping=True",1,10044,100.53500000000008,0.125,8.205,0,4,200,0.03,0.145,0.08,0.01,0.735
Mixed,"Cost=True, Flapping=True",1,10045,113.15833333333326,0.050000000000000044,8.315,0,7,200,0.035,0.11,0.075,0.025,0.755
Mixed,"Cost=True, Flapping=True",1,10046,106.12000000000009,0.135,7.59,0,1,200,0.02,0.15,0.035,0.02,0.775
Mixed,"Cost=True, Flapping=True",1,10047,127.97166666666679,0.015000000000000013,8.125,0,0,200,0.015,0.035,0.005,0.005,0.94
Mixed,"Cost=True, Flapping=True",1,10048,99.55000000000005,0.13,8.19,0,4,200,0.03,0.14,0.09,0.025,0.715
Mixed,"Cost=True, Flapping=True",1,10049,120.80833333333332,0.05500000000000005,7.925,0,2,200,0.0,0.07,0.045,0.0,0.885
Mixed,"Cost=True, Flapping=True",1,10050,122.65333333333358,0.04500000000000004,7.79,0,2,200,0.015,0.08,0.065,0.02,0.82
Mixed,"Cost=True, Flapping=True",1,10051,95.18666666666687,0.135,8.5,0,6,200,0.025,0.165,0.075,0.02,0.715
Mixed,"Cost=True, Flapping=True",1,10052,98.43666666666672,0.13,8.41,0,4,200,0.02,0.145,0.075,0.02,0.74
Mixed,"Cost=True, Flapping=True",1,10053,115.4966666666665,0.07499999999999996,7.78,0,3,200,0.03,0.07,0.055,0.03,0.815
Mixed,"Cost=True, Flapping=True",1,10054,119.69000000000007,0.03500000000000003,8.22,0,3,200,0.035,0.075,0.04,0.015,0.835
Mixed,"Cost=True, Flapping=True",1,10055,102.34999999999991,0.10499999999999998,8.34,0,6,200,0.025,0.16,0.105,0.0,0.71
Mixed,"Cost=True, Flapping=True",1,10056,108.41333333333318,0.07999999999999996,8.09,0,9,200,0.015,0.145,0.13,0.005,0.705
Mixed,"Cost=True, Flapping=True",1,10057,123.67166666666644,0.040000000000000036,7.885,0,2,200,0.005,0.09,0.04,0.005,0.86
Mixed,"Cost=True, Flapping=True",1,10058,102.63666666666661,0.08999999999999997,8.77,0,5,200,0.025,0.115,0.105,0.02,0.735
Mixed,"Cost=True, Flapping=True",1,10059,118.70666666666672,0.07999999999999996,7.21,0,4,200,0.03,0.07,0.065,0.015,0.82
Mixed,"Cost=True, Flapping=True",1,10060,122.82333333333327,0.03500000000000003,8.0,0,2,200,0.015,0.09,0.065,0.015,0.815
Mixed,"Cost=True, Flapping=True",1,10061,102.24500000000015,0.11499999999999999,8.115,0,7,200,0.02,0.135,0.09,0.045,0.71
Mixed,"Cost=True, Flapping=True",1,10062,107.35666666666648,0.07999999999999996,8.47,0,5,200,0.02,0.13,0.1,0.015,0.735
Mixed,"Cost=True, Flapping=True",1,10063,99.37499999999989,0.10999999999999999,8.655,0,6,200,0.02,0.125,0.105,0.0,0.75
Mixed,"Cost=True, Flapping=True",1,10064,102.64333333333315,0.07499999999999996,9.05,0,7,200,0.025,0.115,0.075,0.01,0.775
Mixed,"Cost=True, Flapping=True",1,10065,116.8716666666664,0.050000000000000044,8.035,0,6,200,0.015,0.12,0.095,0.03,0.74
Mixed,"Cost=True, Flapping=True",1,10066,121.95333333333322,0.050000000000000044,7.82,0,1,200,0.015,0.085,0.055,0.02,0.825
Mixed,"Cost=True, Flapping=True",1,10067,114.0599999999998,0.06999999999999995,8.22,0,1,200,0.015,0.13,0.07,0.01,0.775
Mixed,"Cost=True, Flapping=True",1,10068,106.43666666666661,0.09999999999999998,8.26,0,3,200,0.025,0.115,0.05,0.02,0.79
Mixed,"Cost=True, Flapping=True",1,10069,76.61833333333324,0.19499999999999995,9.275,0,5,200,0.035,0.175,0.07,0.01,0.71
Mixed,"Cost=True, Flapping=True",1,10070,113.14000000000011,0.06999999999999995,8.28,0,3,200,0.01,0.115,0.055,0.015,0.805
Mixed,"Cost=True, Flapping=True",1,10071,123.23833333333334,0.030000000000000027,8.315,0,0,200,0.015,0.03,0.015,0.03,0.91
Mixed,"Cost=True, Flapping=True",1,10072,125.21333333333305,0.030000000000000027,7.76,0,3,200,0.025,0.06,0.05,0.005,0.86
Mixed,"Cost=True, Flapping=True",1,10073,94.3933333333333,0.14,8.84,0,1,200,0.025,0.155,0.035,0.01,0.775
Mixed,"Cost=True, Flapping=True",1,10074,98.33333333333344,0.135,8.66,0,0,200,0.01,0.145,0.045,0.0,0.8
Mixed,"Cost=True, Flapping=True",1,10075,120.0883333333334,0.06999999999999995,7.445,0,2,200,0.025,0.07,0.055,0.03,0.82
Mixed,"Cost=True, Flapping=True",1,10076,91.56333333333347,0.135,9.2,0,3,200,0.02,0.165,0.04,0.005,0.77
Mixed,"Cost=True, Flapping=True",1,10077,122.28833333333314,0.04500000000000004,7.805,0,2,200,0.015,0.1,0.075,0.005,0.805
Mixed,"Cost=True, Flapping=True",1,10078,119.76000000000005,0.015000000000000013,8.61,0,6,200,0.01,0.115,0.07,0.01,0.795
Mixed,"Cost=True, Flapping=True",1,10079,105.87166666666668,0.11499999999999999,8.095,0,2,200,0.01,0.115,0.08,0.03,0.765
Mixed,"Cost=True, Flapping=True",1,10080,128.74166666666645,0.020000000000000018,7.885,0,1,200,0.005,0.035,0.03,0.025,0.905
Mixed,"Cost=True, Flapping=True",1,10081,88.06499999999998,0.14500000000000002,9.285,0,4,200,0.015,0.185,0.075,0.015,0.71
Mixed,"Cost=True, Flapping=True",1,10082,95.89666666666679,0.09999999999999998,8.95,0,10,200,0.04,0.135,0.075,0.005,0.745
Mixed,"Cost=True, Flapping=True",1,10083,122.66166666666649,0.04500000000000004,7.645,0,3,200,0.025,0.08,0.075,0.02,0.8
Mixed,"Cost=True, Flapping=True",1,10084,89.34833333333333,0.14500000000000002,9.095,0,3,200,0.03,0.17,0.08,0.015,0.705
Mixed,"Cost=True, Flapping=True",1,10085,117.19666666666653,0.06499999999999995,7.87,0,4,200,0.01,0.105,0.055,0.005,0.825
Mixed,"Cost=True, Flapping=True",1,10086,122.11499999999998,0.040000000000000036,8.055,0,1,200,0.02,0.06,0.04,0.015,0.865
Mixed,"Cost=True, Flapping=True",1,10087,112.27833333333325,0.07999999999999996,8.165,0,2,200,0.015,0.105,0.065,0.02,0.795
Mixed,"Cost=True, Flapping=True",1,10088,103.81833333333341,0.09999999999999998,8.615,0,3,200,0.015,0.125,0.07,0.01,0.78
Mixed,"Cost=True, Flapping=True",1,10089,98.33499999999984,0.135,8.535,0,1,200,0.025,0.13,0.02,0.01,0.815
Mixed,"Cost=True, Flapping=True",1,10090,119.69333333333333,0.07499999999999996,7.25,0,4,200,0.02,0.095,0.06,0.035,0.79
Mixed,"Cost=True, Flapping=True",1,10091,131.48333333333315,0.010000000000000009,7.7,0,2,200,0.005,0.055,0.05,0.0,0.89
Mixed,"Cost=True, Flapping=True",1,10092,80.0683333333333,0.18000000000000005,9.095,0,9,200,0.0,0.24,0.12,0.01,0.63
Mixed,"Cost=True, Flapping=True",1,10093,92.13333333333338,0.14,8.96,0,3,200,0.025,0.145,0.075,0.0,0.755
Mixed,"Cost=True, Flapping=True",1,10094,106.91833333333324,0.07499999999999996,8.975,0,0,200,0.025,0.105,0.07,0.01,0.79
Mixed,"Cost=True, Flapping=True",1,10095,113.76833333333329,0.07499999999999996,8.045,0,3,200,0.02,0.105,0.04,0.01,0.825
Mixed,"Cost=True, Flapping=True",1,10096,110.2383333333336,0.06499999999999995,8.705,0,3,200,0.03,0.06,0.03,0.005,0.875
Mixed,"Cost=True, Flapping=True",1,10097,110.25166666666682,0.10999999999999999,7.825,0,0,200,0.015,0.13,0.02,0.035,0.8
Mixed,"Cost=True, Flapping=True",1,10098,89.14000000000003,0.16500000000000004,8.58,0,4,200,0.025,0.185,0.095,0.015,0.68
Mixed,"Cost=True, Flapping=True",1,10099,82.52499999999982,0.19499999999999995,8.535,0,5,200,0.03,0.23,0.075,0.0,0.665
Mixed,"Cost=True, Flapping=True",2,10000,122.88333333333323,0.06000000000000005,7.58,0,0,200,0.02,0.025,0.0,0.125,0.83
Mixed,"Cost=True, Flapping=True",2,10001,104.30000000000005,0.125,8.07,0,1,200,0.03,0.075,0.02,0.05,0.825
Mixed,"Cost=True, Flapping=True",2,10002,97.3133333333332,0.14500000000000002,8.18,0,4,200,0.02,0.135,0.065,0.08,0.7
Mixed,"Cost=True, Flapping=True",2,10003,116.41833333333295,0.07999999999999996,7.595,0,3,200,0.02,0.07,0.055,0.085,0.77
Mixed,"Cost=True, Flapping=True",2,10004,72.75666666666666,0.22499999999999998,8.98,0,7,200,0.005,0.235,0.08,0.115,0.565
Mixed,"Cost=True, Flapping=True",2,10005,81.1216666666667,0.17500000000000004,9.235,0,5,200,0.02,0.19,0.11,0.055,0.625
Mixed,"Cost=True, Flapping=True",2,10006,123.79666666666665,0.06000000000000005,7.21,0,2,200,0.015,0.085,0.085,0.13,0.685
Mixed,"Cost=True, Flapping=True",2,10007,94.06499999999984,0.14,8.955,0,2,200,0.01,0.125,0.02,0.065,0.78
Mixed,"Cost=True, Flapping=True",2,10008,134.10833333333315,0.03500000000000003,6.725,0,2,200,0.015,0.04,0.035,0.05,0.86
Mixed,"Cost=True, Flapping=True",2,10009,116.20000000000012,0.06999999999999995,7.92,0,2,200,0.025,0.065,0.035,0.075,0.8
Mixed,"Cost=True, Flapping=True",2,10010,93.86333333333334,0.125,8.93,0,6,200,0.025,0.125,0.075,0.055,0.72
Mixed,"Cost=True, Flapping=True",2,10011,127.78333333333339,0.04500000000000004,7.4,0,0,200,0.015,0.03,0.015,0.05,0.89
Mixed,"Cost=True, Flapping=True",2,10012,103.66000000000014,0.08499999999999996,8.79,0,5,200,0.025,0.105,0.07,0.085,0.715
Mixed,"Cost=True, Flapping=True",2,10013,100.93333333333338,0.11499999999999999,8.54,0,4,200,0.015,0.13,0.04,0.075,0.74
Mixed,"Cost=True, Flapping=True",2,10014,106.65166666666661,0.08499999999999996,8.545,0,5,200,0.01,0.075,0.085,0.11,0.72
Mixed,"Cost=True, Flapping=True",2,10015,125.85333333333334,0.04500000000000004,7.49,0,1,200,0.025,0.035,0.02,0.045,0.875
Mixed,"Cost=True, Flapping=True",2,10016,96.7133333333334,0.15000000000000002,8.21,0,3,200,0.02,0.14,0.045,0.08,0.715
Mixed,"Cost=True, Flapping=True",2,10017,105.98000000000002,0.08499999999999996,8.82,0,2,200,0.01,0.09,0.03,0.18,0.69
Mixed,"Cost=True, Flapping=True",2,10018,124.61833333333303,0.06000000000000005,7.205,0,3,200,0.01,0.045,0.035,0.11,0.8
Mixed,"Cost=True, Flapping=True",2,10019,118.58166666666675,0.07499999999999996,7.525,0,3,200,0.01,0.09,0.045,0.065,0.79
Mixed,"Cost=True, Flapping=True",2,10020,122.41833333333346,0.050000000000000044,7.745,0,2,200,0.015,0.035,0.035,0.11,0.805
Mixed,"Cost=True, Flapping=True",2,10021,112.03000000000003,0.08499999999999996,8.07,0,1,200,0.03,0.075,0.045,0.055,0.795
Mixed,"Cost=True, Flapping=True",2,10022,120.00999999999986,0.06499999999999995,7.44,0,5,200,0.015,0.085,0.06,0.035,0.805
Mixed,"Cost=True, Flapping=True",2,10023,96.39499999999988,0.14,8.625,0,3,200,0.0,0.145,0.04,0.095,0.72
Mixed,"Cost=True, Flapping=True",2,10024,111.89333333333343,0.07499999999999996,8.39,0,1,200,0.01,0.095,0.08,0.085,0.73
Mixed,"Cost=True, Flapping=True",2,10025,121.15333333333325,0.08499999999999996,6.8,0,5,200,0.025,0.06,0.04,0.045,0.83
Mixed,"Cost=True, Flapping=True",2,10026,101.78166666666684,0.12,8.305,0,4,200,0.01,0.11,0.075,0.14,0.665
Mixed,"Cost=True, Flapping=True",2,10027,120.6116666666667,0.06999999999999995,7.555,0,0,200,0.01,0.07,0.045,0.17,0.705
Mixed,"Cost=True, Flapping=True",2,10028,98.74333333333341,0.135,8.21,0,4,200,0.02,0.145,0.085,0.085,0.665
Mixed,"Cost=True, Flapping=True",2,10029,99.25499999999995,0.12,8.385,0,7,200,0.015,0.13,0.085,0.08,0.69
Mixed,"Cost=True, Flapping=True",2,10030,122.81166666666684,0.06999999999999995,7.315,0,1,200,0.01,0.06,0.025,0.07,0.835
Mixed,"Cost=True, Flapping=True",2,10031,85.53666666666663,0.16500000000000004,9.04,0,4,200,0.025,0.15,0.055,0.145,0.625
Mixed,"Cost=True, Flapping=True",2,10032,105.83666666666666,0.10999999999999999,8.08,0,4,200,0.01,0.105,0.07,0.12,0.695
Mixed,"Cost=True, Flapping=True",2,10033,97.75666666666663,0.09999999999999998,9.34,0,4,200,0.0,0.1,0.085,0.14,0.675
Mixed,"Cost=True, Flapping=True",2,10034,100.11333333333319,0.11499999999999999,8.48,0,6,200,0.015,0.13,0.07,0.08,0.705
Mixed,"Cost=True, Flapping=True",2,10035,106.82833333333348,0.08499999999999996,8.525,0,4,200,0.02,0.09,0.065,0.095,0.73
Mixed,"Cost=True, Flapping=True",2,10036,73.50500000000001,0.21499999999999997,9.375,0,3,200,0.015,0.22,0.055,0.055,0.655
Mixed,"Cost=True, Flapping=True",2,10037,124.83499999999984,0.04500000000000004,7.695,0,1,200,0.01,0.045,0.025,0.06,0.86
Mixed,"Cost=True, Flapping=True",2,10038,94.12666666666674,0.11499999999999999,9.43,0,3,200,0.01,0.115,0.04,0.16,0.675
Mixed,"Cost=True, Flapping=True",2,10039,91.28166666666661,0.135,9.145,0,5,200,0.01,0.155,0.04,0.115,0.68
Mixed,"Cost=True, Flapping=True",2,10040,132.22333333333347,0.03500000000000003,7.1,0,1,200,0.005,0.02,0.025,0.09,0.86
Mixed,"Cost=True, Flapping=True",2,10041,101.15166666666681,0.15000000000000002,7.705,0,3,200,0.015,0.155,0.035,0.085,0.71
Mixed,"Cost=True, Flapping=True",2,10042,88.42166666666672,0.16000000000000003,8.665,0,7,200,0.015,0.175,0.09,0.08,0.64
Mixed,"Cost=True, Flapping=True",2,10043,104.4733333333333,0.12,8.12,0,3,200,0.01,0.105,0.055,0.04,0.79
Mixed,"Cost=True, Flapping=True",2,10044,75.4533333333334,0.235,8.45,0,5,200,0.02,0.24,0.085,0.045,0.61
Mixed,"Cost=True, Flapping=True",2,10045,92.78666666666653,0.16000000000000003,8.35,0,4,200,0.025,0.15,0.045,0.045,0.735
Mixed,"Cost=True, Flapping=True",2,10046,111.92333333333337,0.11499999999999999,7.22,0,4,200,0.015,0.1,0.055,0.115,0.715
Mixed,"Cost=True, Flapping=True",2,10047,133.07499999999982,0.03500000000000003,7.065,0,0,200,0.01,0.035,0.0,0.025,0.93
Mixed,"Cost=True, Flapping=True",2,10048,103.0233333333334,0.13,7.97,0,2,200,0.03,0.095,0.055,0.065,0.755
Mixed,"Cost=True, Flapping=True",2,10049,113.8266666666664,0.06000000000000005,8.38,0,5,200,0.0,0.08,0.05,0.135,0.735
Mixed,"Cost=True, Flapping=True",2,10050,136.73166666666674,0.025000000000000022,6.745,0,1,200,0.015,0.02,0.02,0.065,0.88
Mixed,"Cost=True, Flapping=True",2,10051,101.38666666666656,0.14,7.9,0,3,200,0.015,0.13,0.04,0.17,0.645
Mixed,"Cost=True, Flapping=True",2,10052,89.81166666666667,0.15000000000000002,8.845,0,6,200,0.01,0.165,0.075,0.12,0.63
Mixed,"Cost=True, Flapping=True",2,10053,116.26999999999994,0.10499999999999998,6.87,0,4,200,0.025,0.08,0.09,0.07,0.735
Mixed,"Cost=True, Flapping=True",2,10054,93.47166666666666,0.16500000000000004,8.185,0,2,200,0.04,0.14,0.04,0.03,0.75
Mixed,"Cost=True, Flapping=True",2,10055,99.8333333333332,0.135,8.12,0,3,200,0.03,0.12,0.08,0.05,0.72
Mixed,"Cost=True, Flapping=True",2,10056,121.01166666666657,0.06000000000000005,7.375,0,5,200,0.02,0.08,0.065,0.095,0.74
Mixed,"Cost=True, Flapping=True",2,10057,118.93666666666674,0.04500000000000004,8.38,0,1,200,0.0,0.05,0.025,0.245,0.68
Mixed,"Cost=True, Flapping=True",2,10058,108.91166666666675,0.10499999999999998,7.825,0,3,200,0.025,0.095,0.065,0.07,0.745
Mixed,"Cost=True, Flapping=True",2,10059,119.51166666666666,0.06499999999999995,7.675,0,2,200,0.025,0.04,0.035,0.07,0.83
Mixed,"Cost=True, Flapping=True",2,10060,127.20499999999993,0.030000000000000027,7.725,0,1,200,0.015,0.05,0.03,0.055,0.85
Mixed,"Cost=True, Flapping=True",2,10061,95.83166666666659,0.13,8.695,0,4,200,0.02,0.135,0.08,0.09,0.675
Mixed,"Cost=True, Flapping=True",2,10062,98.01666666666652,0.14,8.23,0,4,200,0.02,0.105,0.075,0.1,0.7
Mixed,"Cost=True, Flapping=True",2,10063,104.42666666666689,0.10999999999999999,8.08,0,7,200,0.0,0.13,0.12,0.06,0.69
Mixed,"Cost=True, Flapping=True",2,10064,103.3833333333334,0.08999999999999997,9.05,0,2,200,0.015,0.045,0.035,0.125,0.78
Mixed,"Cost=True, Flapping=True",2,10065,89.53833333333328,0.13,9.515,0,3,200,0.025,0.105,0.06,0.13,0.68
Mixed,"Cost=True, Flapping=True",2,10066,128.4333333333335,0.040000000000000036,7.19,0,3,200,0.01,0.05,0.065,0.1,0.775
Mixed,"Cost=True, Flapping=True",2,10067,106.75666666666662,0.13,7.45,0,4,200,0.01,0.15,0.07,0.09,0.68
Mixed,"Cost=True, Flapping=True",2,10068,105.87000000000015,0.12,7.68,0,5,200,0.03,0.12,0.045,0.045,0.76
Mixed,"Cost=True, Flapping=True",2,10069,84.2799999999999,0.16500000000000004,9.06,0,7,200,0.015,0.145,0.105,0.08,0.655
Mixed,"Cost=True, Flapping=True",2,10070,104.63333333333335,0.125,7.94,0,3,200,0.01,0.125,0.065,0.05,0.75
Mixed,"Cost=True, Flapping=True",2,10071,125.97333333333336,0.03500000000000003,7.85,0,0,200,0.02,0.015,0.0,0.065,0.9
Mixed,"Cost=True, Flapping=True",2,10072,133.6033333333331,0.020000000000000018,7.19,0,1,200,0.02,0.03,0.03,0.045,0.875
Mixed,"Cost=True, Flapping=True",2,10073,95.9116666666666,0.14,8.695,0,1,200,0.015,0.16,0.035,0.07,0.72
Mixed,"Cost=True, Flapping=True",2,10074,96.95666666666665,0.18500000000000005,7.15,0,6,200,0.01,0.185,0.075,0.065,0.665
Mixed,"Cost=True, Flapping=True",2,10075,119.54166666666666,0.09499999999999997,6.715,0,5,200,0.015,0.095,0.085,0.075,0.73
Mixed,"Cost=True, Flapping=True",2,10076,96.95500000000014,0.16000000000000003,8.085,0,2,200,0.01,0.145,0.03,0.08,0.735
Mixed,"Cost=True, Flapping=True",2,10077,108.22166666666674,0.08499999999999996,8.395,0,4,200,0.015,0.095,0.055,0.105,0.73
Mixed,"Cost=True, Flapping=True",2,10078,125.94333333333334,0.06000000000000005,7.19,0,1,200,0.01,0.045,0.025,0.085,0.835
Mixed,"Cost=True, Flapping=True",2,10079,105.31166666666662,0.10499999999999998,8.245,0,3,200,0.02,0.12,0.07,0.095,0.695
Mixed,"Cost=True, Flapping=True",2,10080,134.84166666666687,0.030000000000000027,6.925,0,0,200,0.01,0.02,0.015,0.125,0.83
Mixed,"Cost=True, Flapping=True",2,10081,77.09833333333329,0.18000000000000005,9.665,0,5,200,0.02,0.185,0.065,0.04,0.69
Mixed,"Cost=True, Flapping=True",2,10082,112.62166666666667,0.06999999999999995,8.305,0,3,200,0.025,0.06,0.035,0.055,0.825
Mixed,"Cost=True, Flapping=True",2,10083,127.63166666666676,0.05500000000000005,7.015,0,2,200,0.015,0.05,0.035,0.04,0.86
Mixed,"Cost=True, Flapping=True",2,10084,109.5799999999999,0.07999999999999996,8.31,0,4,200,0.02,0.075,0.07,0.13,0.705
Mixed,"Cost=True, Flapping=True",2,10085,126.06499999999997,0.06999999999999995,6.915,0,1,200,0.01,0.075,0.03,0.04,0.845
Mixed,"Cost=True, Flapping=True",2,10086,98.86833333333323,0.135,8.435,0,2,200,0.015,0.135,0.025,0.085,0.74
Mixed,"Cost=True, Flapping=True",2,10087,119.78166666666667,0.04500000000000004,8.035,0,3,200,0.02,0.065,0.065,0.065,0.785
Mixed,"Cost=True, Flapping=True",2,10088,115.29166666666657,0.11499999999999999,7.015,0,1,200,0.02,0.1,0.035,0.05,0.795
Mixed,"Cost=True, Flapping=True",2,10089,127.6149999999998,0.07499999999999996,6.435,0,2,200,0.025,0.055,0.045,0.065,0.81
Mixed,"Cost=True, Flapping=True",2,10090,119.60833333333353,0.10499999999999998,6.665,0,3,200,0.01,0.085,0.05,0.1,0.755
Mixed,"Cost=True, Flapping=True",2,10091,126.18,0.04500000000000004,7.38,0,2,200,0.01,0.055,0.045,0.18,0.71
Mixed,"Cost=True, Flapping=True",2,10092,80.52333333333337,0.20499999999999996,8.63,0,6,200,0.0,0.21,0.11,0.09,0.59
Mixed,"Cost=True, Flapping=True",2,10093,112.21333333333328,0.07999999999999996,7.97,0,5,200,0.015,0.095,0.07,0.08,0.74
Mixed,"Cost=True, Flapping=True",2,10094,108.7433333333333,0.09499999999999997,7.91,0,6,200,0.02,0.105,0.075,0.085,0.715
Mixed,"Cost=True, Flapping=True",2,10095,105.18666666666671,0.12,7.96,0,3,200,0.02,0.115,0.045,0.045,0.775
Mixed,"Cost=True, Flapping=True",2,10096,110.5716666666666,0.09999999999999998,7.825,0,3,200,0.02,0.07,0.06,0.055,0.795
Mixed,"Cost=True, Flapping=True",2,10097,123.26500000000019,0.07499999999999996,6.945,0,3,200,0.015,0.075,0.035,0.09,0.785
Mixed,"Cost=True, Flapping=True",2,10098,84.02666666666671,0.19999999999999996,8.26,0,5,200,0.03,0.175,0.075,0.085,0.635
Mixed,"Cost=True, Flapping=True",2,10099,102.50500000000007,0.14,7.845,0,2,200,0.02,0.105,0.055,0.08,0.74
Mixed,"Cost=True, Flapping=True",3,10000,121.24833333333336,0.06499999999999995,7.475,0,1,200,0.01,0.055,0.025,0.39,0.52
Mixed,"Cost=True, Flapping=True",3,10001,118.16666666666659,0.050000000000000044,7.9,0,3,200,0.035,0.08,0.07,0.225,0.59
Mixed,"Cost=True, Flapping=True",3,10002,101.91166666666668,0.09999999999999998,8.635,0,5,200,0.02,0.115,0.06,0.17,0.635
Mixed,"Cost=True, Flapping=True",3,10003,81.19666666666676,0.20499999999999996,8.5,0,5,200,0.02,0.2,0.075,0.13,0.575
Mixed,"Cost=True, Flapping=True",3,10004,68.53999999999999,0.24,9.03,0,9,200,0.015,0.13,0.105,0.115,0.635
Mixed,"Cost=True, Flapping=True",3,10005,90.35499999999999,0.17000000000000004,8.145,0,8,200,0.015,0.13,0.085,0.18,0.59
Mixed,"Cost=True, Flapping=True",3,10006,122.79833333333315,0.010000000000000009,8.525,0,3,200,0.01,0.055,0.055,0.24,0.64
Mixed,"Cost=True, Flapping=True",3,10007,71.43333333333337,0.235,8.87,0,6,200,0.02,0.17,0.095,0.2,0.515
Mixed,"Cost=True, Flapping=True",3,10008,105.58166666666662,0.10999999999999999,8.185,0,3,200,0.005,0.08,0.055,0.265,0.595
Mixed,"Cost=True, Flapping=True",3,10009,122.43166666666667,0.05500000000000005,7.345,0,3,200,0.015,0.075,0.045,0.44,0.425
Mixed,"Cost=True, Flapping=True",3,10010,112.80333333333334,0.05500000000000005,8.51,0,4,200,0.02,0.06,0.07,0.195,0.655
Mixed,"Cost=True, Flapping=True",3,10011,127.6466666666666,0.025000000000000022,7.57,0,3,200,0.015,0.06,0.035,0.23,0.66
Mixed,"Cost=True, Flapping=True",3,10012,110.59000000000006,0.07999999999999996,8.22,0,4,200,0.015,0.065,0.06,0.19,0.67
Mixed,"Cost=True, Flapping=True",3,10013,121.0366666666667,0.050000000000000044,7.84,0,2,200,0.005,0.05,0.045,0.345,0.555
Mixed,"Cost=True, Flapping=True",3,10014,70.81833333333331,0.22999999999999998,9.335,0,3,200,0.015,0.155,0.07,0.185,0.575
Mixed,"Cost=True, Flapping=True",3,10015,114.3816666666666,0.06999999999999995,7.975,0,3,200,0.015,0.09,0.06,0.315,0.52
Mixed,"Cost=True, Flapping=True",3,10016,82.90833333333336,0.18500000000000005,8.855,0,5,200,0.015,0.135,0.085,0.175,0.59
Mixed,"Cost=True, Flapping=True",3,10017,110.89333333333327,0.06499999999999995,8.57,0,3,200,0.01,0.08,0.045,0.335,0.53
Mixed,"Cost=True, Flapping=True",3,10018,103.68500000000004,0.08999999999999997,8.715,0,4,200,0.015,0.085,0.06,0.335,0.505
Mixed,"Cost=True, Flapping=True",3,10019,98.16833333333332,0.135,8.135,0,6,200,0.02,0.115,0.075,0.235,0.555
Mixed,"Cost=True, Flapping=True",3,10020,123.54166666666657,0.020000000000000018,8.065,0,4,200,0.01,0.05,0.055,0.4,0.485
Mixed,"Cost=True, Flapping=True",3,10021,105.24166666666666,0.08499999999999996,8.485,0,6,200,0.02,0.11,0.085,0.225,0.56
Mixed,"Cost=True, Flapping=True",3,10022,110.67000000000006,0.11499999999999999,7.32,0,3,200,0.02,0.105,0.05,0.27,0.555
Mixed,"Cost=True, Flapping=True",3,10023,97.30166666666666,0.12,9.085,0,2,200,0.0,0.07,0.045,0.21,0.675
Mixed,"Cost=True, Flapping=True",3,10024,93.42999999999994,0.13,8.97,0,5,200,0.01,0.105,0.075,0.23,0.58
Mixed,"Cost=True, Flapping=True",3,10025,116.30833333333317,0.06499999999999995,7.775,0,5,200,0.015,0.08,0.06,0.275,0.57
Mixed,"Cost=True, Flapping=True",3,10026,110.7366666666666,0.07499999999999996,8.38,0,4,200,0.005,0.07,0.045,0.245,0.635
Mixed,"Cost=True, Flapping=True",3,10027,118.84499999999989,0.06499999999999995,7.575,0,3,200,0.01,0.1,0.085,0.27,0.535
Mixed,"Cost=True, Flapping=True",3,10028,113.55833333333338,0.08999999999999997,7.475,0,4,200,0.02,0.085,0.07,0.35,0.475
Mixed,"Cost=True, Flapping=True",3,10029,87.16333333333336,0.16500000000000004,8.87,0,3,200,0.025,0.115,0.065,0.28,0.515
Mixed,"Cost=True, Flapping=True",3,10030,115.78999999999989,0.08999999999999997,7.38,0,4,200,0.005,0.09,0.065,0.215,0.625
Mixed,"Cost=True, Flapping=True",3,10031,107.43333333333318,0.10999999999999999,7.85,0,3,200,0.015,0.095,0.08,0.25,0.56
Mixed,"Cost=True, Flapping=True",3,10032,104.3233333333332,0.10999999999999999,8.33,0,3,200,0.0,0.08,0.07,0.315,0.535
Mixed,"Cost=True, Flapping=True",3,10033,99.75666666666653,0.09499999999999997,9.37,0,2,200,0.0,0.065,0.045,0.265,0.625
Mixed,"Cost=True, Flapping=True",3,10034,91.45000000000002,0.15000000000000002,8.58,0,7,200,0.015,0.12,0.095,0.125,0.645
Mixed,"Cost=True, Flapping=True",3,10035,95.00166666666655,0.125,8.575,0,8,200,0.03,0.115,0.095,0.16,0.6
Mixed,"Cost=True, Flapping=True",3,10036,73.4616666666667,0.24,8.785,0,4,200,0.005,0.155,0.09,0.145,0.605
Mixed,"Cost=True, Flapping=True",3,10037,113.25666666666666,0.05500000000000005,8.62,0,2,200,0.01,0.065,0.03,0.34,0.555
Mixed,"Cost=True, Flapping=True",3,10038,103.53166666666671,0.09499999999999997,8.755,0,3,200,0.01,0.095,0.06,0.215,0.62
Mixed,"Cost=True, Flapping=True",3,10039,91.50833333333333,0.14500000000000002,8.975,0,4,200,0.005,0.13,0.07,0.1,0.695
Mixed,"Cost=True, Flapping=True",3,10040,129.51333333333335,0.025000000000000022,7.25,0,4,200,0.01,0.045,0.04,0.405,0.5
Mixed,"Cost=True, Flapping=True",3,10041,99.80833333333337,0.135,8.345,0,2,200,0.005,0.07,0.015,0.375,0.535
Mixed,"Cost=True, Flapping=True",3,10042,86.42333333333347,0.18000000000000005,8.57,0,6,200,0.005,0.14,0.08,0.165,0.61
Mixed,"Cost=True, Flapping=True",3,10043,102.33333333333327,0.10999999999999999,8.42,0,5,200,0.01,0.105,0.065,0.175,0.645
Mixed,"Cost=True, Flapping=True",3,10044,111.92833333333336,0.06499999999999995,8.255,0,6,200,0.015,0.09,0.07,0.195,0.63
Mixed,"Cost=True, Flapping=True",3,10045,82.3383333333334,0.18999999999999995,8.795,0,5,200,0.015,0.175,0.06,0.155,0.595
Mixed,"Cost=True, Flapping=True",3,10046,125.29666666666658,0.050000000000000044,7.24,0,2,200,0.015,0.065,0.05,0.33,0.54
Mixed,"Cost=True, Flapping=True",3,10047,126.37166666666661,0.030000000000000027,7.735,0,1,200,0.01,0.055,0.02,0.33,0.585
Mixed,"Cost=True, Flapping=True",3,10048,93.42333333333329,0.14500000000000002,8.33,0,6,200,0.03,0.125,0.075,0.34,0.43
Mixed,"Cost=True, Flapping=True",3,10049,119.17499999999995,0.05500000000000005,7.905,0,3,200,0.0,0.07,0.055,0.3,0.575
Mixed,"Cost=True, Flapping=True",3,10050,117.03000000000004,0.06000000000000005,7.83,0,4,200,0.015,0.075,0.075,0.33,0.505
Mixed,"Cost=True, Flapping=True",3,10051,97.56666666666663,0.15000000000000002,7.9,0,5,200,0.02,0.115,0.065,0.275,0.525
Mixed,"Cost=True, Flapping=True",3,10052,110.46999999999996,0.09499999999999997,7.95,0,2,200,0.01,0.095,0.065,0.27,0.56
Mixed,"Cost=True, Flapping=True",3,10053,127.37166666666654,0.040000000000000036,7.225,0,2,200,0.015,0.05,0.04,0.405,0.49
Mixed,"Cost=True, Flapping=True",3,10054,119.76666666666661,0.050000000000000044,7.72,0,4,200,0.025,0.065,0.045,0.325,0.54
Mixed,"Cost=True, Flapping=True",3,10055,103.89999999999986,0.09499999999999997,8.61,0,4,200,0.01,0.08,0.065,0.325,0.52
Mixed,"Cost=True, Flapping=True",3,10056,118.93333333333324,0.07499999999999996,7.16,0,5,200,0.02,0.08,0.08,0.275,0.545
Mixed,"Cost=True, Flapping=True",3,10057,119.35500000000013,0.050000000000000044,7.965,0,3,200,0.0,0.08,0.045,0.38,0.495
Mixed,"Cost=True, Flapping=True",3,10058,99.28833333333336,0.10999999999999999,8.705,0,4,200,0.02,0.11,0.105,0.205,0.56
Mixed,"Cost=True, Flapping=True",3,10059,118.50833333333327,0.050000000000000044,7.805,0,5,200,0.02,0.07,0.065,0.35,0.495
Mixed,"Cost=True, Flapping=True",3,10060,125.8999999999999,0.030000000000000027,7.68,0,2,200,0.015,0.065,0.045,0.275,0.6
Mixed,"Cost=True, Flapping=True",3,10061,110.78000000000013,0.07999999999999996,8.01,0,5,200,0.015,0.075,0.06,0.43,0.42
Mixed,"Cost=True, Flapping=True",3,10062,101.58999999999999,0.13,7.86,0,6,200,0.01,0.125,0.11,0.24,0.515
Mixed,"Cost=True, Flapping=True",3,10063,100.24833333333336,0.125,8.405,0,4,200,0.005,0.09,0.085,0.165,0.655
Mixed,"Cost=True, Flapping=True",3,10064,91.55666666666663,0.14500000000000002,8.89,0,4,200,0.015,0.085,0.075,0.215,0.61
Mixed,"Cost=True, Flapping=True",3,10065,113.2366666666666,0.06499999999999995,8.2,0,4,200,0.015,0.08,0.085,0.22,0.6
Mixed,"Cost=True, Flapping=True",3,10066,123.24500000000006,0.04500000000000004,7.515,0,4,200,0.01,0.075,0.08,0.245,0.59
Mixed,"Cost=True, Flapping=True",3,10067,106.21333333333325,0.12,7.76,0,4,200,0.01,0.11,0.07,0.18,0.63
Mixed,"Cost=True, Flapping=True",3,10068,100.1516666666667,0.11499999999999999,8.425,0,5,200,0.025,0.12,0.05,0.235,0.57
Mixed,"Cost=True, Flapping=True",3,10069,86.88999999999999,0.16500000000000004,8.94,0,5,200,0.01,0.11,0.085,0.14,0.655
Mixed,"Cost=True, Flapping=True",3,10070,107.91833333333335,0.09499999999999997,8.255,0,3,200,0.005,0.095,0.06,0.235,0.605
Mixed,"Cost=True, Flapping=True",3,10071,119.27666666666661,0.06000000000000005,7.54,0,5,200,0.02,0.08,0.075,0.16,0.665
Mixed,"Cost=True, Flapping=True",3,10072,129.43999999999997,0.0050000000000000044,7.68,0,3,200,0.025,0.045,0.045,0.415,0.47
Mixed,"Cost=True, Flapping=True",3,10073,97.82166666666656,0.14,8.305,0,4,200,0.015,0.09,0.045,0.18,0.67
Mixed,"Cost=True, Flapping=True",3,10074,110.24833333333336,0.09499999999999997,7.565,0,7,200,0.015,0.14,0.085,0.265,0.495
Mixed,"Cost=True, Flapping=True",3,10075,116.50499999999991,0.07999999999999996,7.365,0,4,200,0.02,0.075,0.075,0.355,0.475
Mixed,"Cost=True, Flapping=True",3,10076,95.35499999999988,0.135,8.715,0,3,200,0.015,0.125,0.045,0.23,0.585
Mixed,"Cost=True, Flapping=True",3,10077,112.94,0.06000000000000005,8.52,0,2,200,0.01,0.075,0.065,0.265,0.585
Mixed,"Cost=True, Flapping=True",3,10078,106.82333333333322,0.09999999999999998,8.12,0,5,200,0.005,0.105,0.08,0.215,0.595
Mixed,"Cost=True, Flapping=True",3,10079,106.99500000000002,0.08499999999999996,8.505,0,3,200,0.015,0.09,0.065,0.295,0.535
Mixed,"Cost=True, Flapping=True",3,10080,128.41999999999996,0.020000000000000018,7.59,0,3,200,0.005,0.04,0.035,0.445,0.475
Mixed,"Cost=True, Flapping=True",3,10081,70.12999999999992,0.24,8.94,0,7,200,0.01,0.16,0.115,0.13,0.585
Mixed,"Cost=True, Flapping=True",3,10082,105.34166666666663,0.10499999999999998,8.005,0,6,200,0.02,0.115,0.08,0.2,0.585
Mixed,"Cost=True, Flapping=True",3,10083,123.49833333333324,0.050000000000000044,7.415,0,3,200,0.015,0.06,0.055,0.29,0.58
Mixed,"Cost=True, Flapping=True",3,10084,94.6816666666666,0.135,8.725,0,4,200,0.015,0.09,0.095,0.215,0.585
Mixed,"Cost=True, Flapping=True",3,10085,119.05999999999986,0.07499999999999996,7.41,0,3,200,0.005,0.07,0.045,0.31,0.57
Mixed,"Cost=True, Flapping=True",3,10086,130.3183333333332,0.025000000000000022,7.205,0,2,200,0.02,0.04,0.02,0.46,0.46
Mixed,"Cost=True, Flapping=True",3,10087,92.47166666666665,0.15500000000000003,8.425,0,6,200,0.005,0.125,0.115,0.155,0.6
Mixed,"Cost=True, Flapping=True",3,10088,91.26833333333325,0.16500000000000004,8.345,0,5,200,0.015,0.15,0.065,0.16,0.61
Mixed,"Cost=True, Flapping=True",3,10089,114.19333333333324,0.08499999999999996,7.58,0,3,200,0.025,0.1,0.07,0.235,0.57
Mixed,"Cost=True, Flapping=True",3,10090,117.09166666666678,0.08999999999999997,7.195,0,3,200,0.005,0.11,0.055,0.375,0.455
Mixed,"Cost=True, Flapping=True",3,10091,128.97666666666657,0.025000000000000022,7.45,0,3,200,0.005,0.075,0.065,0.185,0.67
Mixed,"Cost=True, Flapping=True",3,10092,83.81666666666662,0.18000000000000005,9.04,0,4,200,0.0,0.115,0.08,0.225,0.58
Mixed,"Cost=True, Flapping=True",3,10093,87.13999999999993,0.16000000000000003,8.85,0,7,200,0.015,0.125,0.1,0.115,0.645
Mixed,"Cost=True, Flapping=True",3,10094,96.84999999999992,0.12,8.76,0,5,200,0.015,0.105,0.11,0.15,0.62
Mixed,"Cost=True, Flapping=True",3,10095,105.26333333333335,0.09499999999999997,8.39,0,3,200,0.03,0.095,0.075,0.205,0.595
Mixed,"Cost=True, Flapping=True",3,10096,110.09666666666668,0.08999999999999997,8.2,0,2,200,0.01,0.075,0.04,0.205,0.67
Mixed,"Cost=True, Flapping=True",3,10097,104.98166666666651,0.12,7.855,0,4,200,0.015,0.11,0.06,0.24,0.575
Mixed,"Cost=True, Flapping=True",3,10098,89.52833333333338,0.17500000000000004,8.225,0,6,200,0.015,0.14,0.095,0.17,0.58
Mixed,"Cost=True, Flapping=True",3,10099,90.51166666666668,0.135,9.115,0,4,200,0.02,0.17,0.055,0.27,0.485
Mixed,"Cost=True, Flapping=True",4,10000,128.63333333333335,0.030000000000000027,7.58,0,0,200,0.02,0.03,0.0,0.175,0.775
Mixed,"Cost=True, Flapping=True",4,10001,118.31833333333327,0.050000000000000044,8.165,0,1,200,0.03,0.06,0.03,0.11,0.77
Mixed,"Cost=True, Flapping=True",4,10002,101.41666666666674,0.10499999999999998,8.68,0,4,200,0.015,0.15,0.065,0.05,0.72
Mixed,"Cost=True, Flapping=True",4,10003,114.92833333333331,0.06499999999999995,8.165,0,2,200,0.02,0.09,0.075,0.045,0.77
Mixed,"Cost=True, Flapping=True",4,10004,82.42000000000006,0.17500000000000004,8.76,0,10,200,0.02,0.24,0.09,0.02,0.63
Mixed,"Cost=True, Flapping=True",4,10005,94.23666666666652,0.15500000000000003,8.44,0,3,200,0.01,0.145,0.07,0.045,0.73
Mixed,"Cost=True, Flapping=True",4,10006,121.38999999999987,0.05500000000000005,7.35,0,7,200,0.015,0.1,0.09,0.015,0.78
Mixed,"Cost=True, Flapping=True",4,10007,64.82166666666666,0.25,9.115,0,9,200,0.01,0.295,0.095,0.055,0.545
Mixed,"Cost=True, Flapping=True",4,10008,111.92333333333345,0.07499999999999996,8.42,0,1,200,0.005,0.135,0.05,0.065,0.745
Mixed,"Cost=True, Flapping=True",4,10009,130.68999999999977,0.025000000000000022,7.2,0,4,200,0.015,0.05,0.035,0.14,0.76
Mixed,"Cost=True, Flapping=True",4,10010,107.54499999999987,0.09499999999999997,8.265,0,3,200,0.02,0.105,0.075,0.02,0.78
Mixed,"Cost=True, Flapping=True",4,10011,111.02666666666647,0.06000000000000005,8.92,0,1,200,0.015,0.075,0.025,0.06,0.825
Mixed,"Cost=True, Flapping=True",4,10012,106.96833333333329,0.08999999999999997,8.405,0,3,200,0.025,0.125,0.07,0.01,0.77
Mixed,"Cost=True, Flapping=True",4,10013,132.86000000000004,0.020000000000000018,7.14,0,3,200,0.01,0.065,0.065,0.06,0.8
Mixed,"Cost=True, Flapping=True",4,10014,83.87666666666664,0.18000000000000005,8.92,0,4,200,0.02,0.185,0.05,0.06,0.685
Mixed,"Cost=True, Flapping=True",4,10015,120.51000000000009,0.050000000000000044,7.71,0,5,200,0.01,0.1,0.08,0.085,0.725
Mixed,"Cost=True, Flapping=True",4,10016,77.19666666666674,0.22999999999999998,8.44,0,4,200,0.01,0.285,0.09,0.03,0.585
Mixed,"Cost=True, Flapping=True",4,10017,115.25999999999986,0.06999999999999995,7.98,0,4,200,0.005,0.105,0.075,0.035,0.78
Mixed,"Cost=True, Flapping=True",4,10018,122.99666666666668,0.03500000000000003,7.93,0,2,200,0.02,0.075,0.065,0.08,0.76
Mixed,"Cost=True, Flapping=True",4,10019,102.08999999999993,0.15500000000000003,7.56,0,2,200,0.01,0.165,0.05,0.04,0.735
Mixed,"Cost=True, Flapping=True",4,10020,117.35499999999996,0.050000000000000044,8.115,0,5,200,0.01,0.09,0.1,0.005,0.795
Mixed,"Cost=True, Flapping=True",4,10021,119.41333333333333,0.06000000000000005,7.52,0,6,200,0.02,0.08,0.08,0.03,0.79
Mixed,"Cost=True, Flapping=True",4,10022,114.73166666666657,0.040000000000000036,8.695,0,4,200,0.015,0.085,0.07,0.09,0.74
Mixed,"Cost=True, Flapping=True",4,10023,99.73000000000008,0.13,8.49,0,3,200,0.0,0.15,0.04,0.03,0.78
Mixed,"Cost=True, Flapping=True",4,10024,104.75666666666658,0.07999999999999996,8.86,0,4,200,0.015,0.165,0.08,0.015,0.725
Mixed,"Cost=True, Flapping=True",4,10025,115.04833333333337,0.06999999999999995,7.805,0,6,200,0.015,0.12,0.065,0.04,0.76
Mixed,"Cost=True, Flapping=True",4,10026,109.325,0.07999999999999996,8.445,0,4,200,0.005,0.115,0.065,0.05,0.765
Mixed,"Cost=True, Flapping=True",4,10027,128.97333333333316,0.040000000000000036,7.01,0,4,200,0.015,0.07,0.065,0.09,0.76
Mixed,"Cost=True, Flapping=True",4,10028,106.05666666666673,0.10499999999999998,8.17,0,3,200,0.01,0.155,0.095,0.065,0.675
Mixed,"Cost=True, Flapping=True",4,10029,96.33000000000003,0.125,8.64,0,6,200,0.02,0.145,0.09,0.03,0.715
Mixed,"Cost=True, Flapping=True",4,10030,121.98166666666667,0.05500000000000005,7.765,0,1,200,0.005,0.095,0.04,0.04,0.82
Mixed,"Cost=True, Flapping=True",4,10031,81.96000000000005,0.20499999999999996,8.34,0,7,200,0.01,0.21,0.1,0.085,0.595
Mixed,"Cost=True, Flapping=True",4,10032,109.2299999999999,0.09999999999999998,8.13,0,2,200,0.0,0.115,0.055,0.08,0.75
Mixed,"Cost=True, Flapping=True",4,10033,100.48833333333326,0.08499999999999996,9.245,0,6,200,0.0,0.145,0.1,0.005,0.75
Mixed,"Cost=True, Flapping=True",4,10034,99.78833333333331,0.10999999999999999,8.525,0,7,200,0.015,0.165,0.11,0.005,0.705
Mixed,"Cost=True, Flapping=True",4,10035,100.75333333333325,0.08499999999999996,9.05,0,5,200,0.03,0.165,0.07,0.045,0.69
Mixed,"Cost=True, Flapping=True",4,10036,79.76000000000008,0.18999999999999995,9.06,0,6,200,0.005,0.235,0.105,0.01,0.645
Mixed,"Cost=True, Flapping=True",4,10037,122.33166666666678,0.05500000000000005,7.735,0,1,200,0.01,0.075,0.03,0.015,0.87
Mixed,"Cost=True, Flapping=True",4,10038,81.23499999999999,0.18500000000000005,9.195,0,3,200,0.01,0.24,0.06,0.01,0.68
Mixed,"Cost=True, Flapping=True",4,10039,93.2633333333332,0.14500000000000002,8.84,0,2,200,0.01,0.185,0.06,0.005,0.74
Mixed,"Cost=True, Flapping=True",4,10040,139.2950000000001,0.020000000000000018,6.495,0,2,200,0.015,0.03,0.03,0.02,0.905
Mixed,"Cost=True, Flapping=True",4,10041,131.6950000000001,0.020000000000000018,7.575,0,0,200,0.01,0.03,0.01,0.045,0.905
Mixed,"Cost=True, Flapping=True",4,10042,92.0833333333334,0.15500000000000003,8.66,0,3,200,0.005,0.205,0.08,0.025,0.685
Mixed,"Cost=True, Flapping=True",4,10043,108.71833333333329,0.07499999999999996,8.585,0,4,200,0.01,0.15,0.06,0.01,0.77
Mixed,"Cost=True, Flapping=True",4,10044,91.9116666666665,0.16500000000000004,8.245,0,4,200,0.025,0.205,0.075,0.02,0.675
Mixed,"Cost=True, Flapping=True",4,10045,86.10000000000014,0.15500000000000003,9.09,0,6,200,0.02,0.205,0.07,0.05,0.655
Mixed,"Cost=True, Flapping=True",4,10046,132.64,0.03500000000000003,6.96,0,0,200,0.015,0.055,0.045,0.115,0.77
Mixed,"Cost=True, Flapping=True",4,10047,129.27666666666659,0.025000000000000022,7.72,0,0,200,0.01,0.045,0.0,0.085,0.86
Mixed,"Cost=True, Flapping=True",4,10048,89.62333333333339,0.16000000000000003,8.66,0,5,200,0.015,0.19,0.075,0.04,0.68
Mixed,"Cost=True, Flapping=True",4,10049,122.08500000000004,0.06499999999999995,7.575,0,1,200,0.0,0.08,0.045,0.01,0.865
Mixed,"Cost=True, Flapping=True",4,10050,114.85333333333325,0.06000000000000005,8.27,0,4,200,0.01,0.1,0.055,0.02,0.815
Mixed,"Cost=True, Flapping=True",4,10051,92.43833333333339,0.18999999999999995,7.355,0,8,200,0.02,0.19,0.095,0.055,0.64
Mixed,"Cost=True, Flapping=True",4,10052,95.21666666666646,0.135,8.47,0,7,200,0.015,0.17,0.1,0.025,0.69
Mixed,"Cost=True, Flapping=True",4,10053,122.53333333333325,0.050000000000000044,7.7,0,2,200,0.015,0.06,0.05,0.075,0.8
Mixed,"Cost=True, Flapping=True",4,10054,109.0066666666667,0.12,7.45,0,2,200,0.025,0.145,0.03,0.165,0.635
Mixed,"Cost=True, Flapping=True",4,10055,101.82833333333345,0.135,7.775,0,4,200,0.025,0.185,0.095,0.02,0.675
Mixed,"Cost=True, Flapping=True",4,10056,123.27833333333328,0.07499999999999996,6.785,0,4,200,0.015,0.115,0.105,0.02,0.745
Mixed,"Cost=True, Flapping=True",4,10057,122.54666666666668,0.06000000000000005,7.54,0,2,200,0.0,0.1,0.05,0.03,0.82
Mixed,"Cost=True, Flapping=True",4,10058,102.94999999999996,0.09999999999999998,8.7,0,2,200,0.02,0.13,0.095,0.025,0.73
Mixed,"Cost=True, Flapping=True",4,10059,93.95333333333325,0.135,8.69,0,5,200,0.025,0.18,0.065,0.045,0.685
Mixed,"Cost=True, Flapping=True",4,10060,97.99166666666673,0.15000000000000002,7.765,0,6,200,0.025,0.185,0.075,0.05,0.665
Mixed,"Cost=True, Flapping=True",4,10061,81.97000000000001,0.17000000000000004,8.91,0,10,200,0.02,0.23,0.11,0.045,0.595
Mixed,"Cost=True, Flapping=True",4,10062,107.98333333333326,0.09999999999999998,8.18,0,3,200,0.005,0.115,0.08,0.025,0.775
Mixed,"Cost=True, Flapping=True",4,10063,102.4866666666667,0.10499999999999998,8.53,0,5,200,0.005,0.155,0.1,0.02,0.72
Mixed,"Cost=True, Flapping=True",4,10064,109.90666666666674,0.06000000000000005,8.89,0,3,200,0.015,0.085,0.06,0.04,0.8
Mixed,"Cost=True, Flapping=True",4,10065,86.09500000000003,0.16000000000000003,8.865,0,7,200,0.02,0.205,0.11,0.045,0.62
Mixed,"Cost=True, Flapping=True",4,10066,133.98833333333334,0.0050000000000000044,7.505,0,0,200,0.02,0.03,0.035,0.155,0.76
Mixed,"Cost=True, Flapping=True",4,10067,107.69333333333323,0.10499999999999998,7.94,0,4,200,0.01,0.175,0.075,0.01,0.73
Mixed,"Cost=True, Flapping=True",4,10068,110.19166666666672,0.09999999999999998,7.885,0,3,200,0.01,0.12,0.05,0.075,0.745
Mixed,"Cost=True, Flapping=True",4,10069,81.1483333333333,0.18999999999999995,9.065,0,3,200,0.015,0.195,0.08,0.04,0.67
Mixed,"Cost=True, Flapping=True",4,10070,112.56333333333318,0.07499999999999996,8.36,0,1,200,0.005,0.13,0.055,0.03,0.78
Mixed,"Cost=True, Flapping=True",4,10071,112.84666666666661,0.08499999999999996,7.78,0,4,200,0.02,0.115,0.065,0.08,0.72
Mixed,"Cost=True, Flapping=True",4,10072,127.1983333333334,0.025000000000000022,7.775,0,2,200,0.01,0.065,0.06,0.04,0.825
Mixed,"Cost=True, Flapping=True",4,10073,84.60166666666669,0.16500000000000004,9.085,0,7,200,0.005,0.21,0.075,0.01,0.7
Mixed,"Cost=True, Flapping=True",4,10074,92.41166666666662,0.17000000000000004,8.065,0,5,200,0.01,0.2,0.09,0.095,0.605
Mixed,"Cost=True, Flapping=True",4,10075,112.12000000000015,0.10999999999999999,7.29,0,4,200,0.015,0.115,0.09,0.045,0.735
Mixed,"Cost=True, Flapping=True",4,10076,94.76333333333322,0.15000000000000002,8.39,0,4,200,0.015,0.165,0.055,0.055,0.71
Mixed,"Cost=True, Flapping=True",4,10077,118.87333333333316,0.06499999999999995,7.7,0,3,200,0.01,0.105,0.075,0.015,0.795
Mixed,"Cost=True, Flapping=True",4,10078,118.90833333333333,0.030000000000000027,8.315,0,7,200,0.01,0.095,0.065,0.025,0.805
Mixed,"Cost=True, Flapping=True",4,10079,105.68500000000013,0.125,7.815,0,3,200,0.01,0.11,0.075,0.06,0.745
Mixed,"Cost=True, Flapping=True",4,10080,132.24833333333348,0.020000000000000018,7.445,0,1,200,0.005,0.025,0.02,0.115,0.835
Mixed,"Cost=True, Flapping=True",4,10081,78.31333333333343,0.17500000000000004,9.56,0,5,200,0.015,0.285,0.075,0.005,0.62
Mixed,"Cost=True, Flapping=True",4,10082,99.8783333333334,0.12,8.615,0,2,200,0.015,0.15,0.045,0.12,0.67
Mixed,"Cost=True, Flapping=True",4,10083,115.04999999999995,0.09999999999999998,7.41,0,1,200,0.015,0.105,0.055,0.05,0.775
Mixed,"Cost=True, Flapping=True",4,10084,98.89666666666676,0.10999999999999999,8.77,0,5,200,0.01,0.185,0.095,0.03,0.68
Mixed,"Cost=True, Flapping=True",4,10085,125.45000000000003,0.050000000000000044,7.32,0,3,200,0.01,0.08,0.045,0.05,0.815
Mixed,"Cost=True, Flapping=True",4,10086,121.37999999999984,0.050000000000000044,7.53,0,4,200,0.03,0.085,0.05,0.18,0.655
Mixed,"Cost=True, Flapping=True",4,10087,101.56999999999987,0.12,8.19,0,6,200,0.01,0.15,0.1,0.02,0.72
Mixed,"Cost=True, Flapping=True",4,10088,89.52000000000005,0.17000000000000004,8.31,0,5,200,0.025,0.22,0.095,0.02,0.64
Mixed,"Cost=True, Flapping=True",4,10089,110.51666666666675,0.07499999999999996,8.38,0,3,200,0.02,0.115,0.01,0.175,0.68
Mixed,"Cost=True, Flapping=True",4,10090,121.37500000000006,0.07999999999999996,7.035,0,3,200,0.01,0.105,0.045,0.1,0.74
Mixed,"Cost=True, Flapping=True",4,10091,132.11500000000004,0.025000000000000022,7.245,0,1,200,0.01,0.055,0.05,0.09,0.795
Mixed,"Cost=True, Flapping=True",4,10092,78.80666666666654,0.18999999999999995,9.07,0,8,200,0.0,0.245,0.11,0.015,0.63
Mixed,"Cost=True, Flapping=True",4,10093,113.9683333333333,0.06999999999999995,8.165,0,3,200,0.01,0.11,0.075,0.01,0.795
Mixed,"Cost=True, Flapping=True",4,10094,99.63999999999999,0.08499999999999996,9.45,0,3,200,0.02,0.12,0.045,0.065,0.75
Mixed,"Cost=True, Flapping=True",4,10095,112.41166666666679,0.08499999999999996,7.915,0,3,200,0.02,0.11,0.045,0.095,0.73
Mixed,"Cost=True, Flapping=True",4,10096,105.67833333333344,0.08499999999999996,8.615,0,3,200,0.03,0.14,0.065,0.045,0.72
Mixed,"Cost=True, Flapping=True",4,10097,111.15499999999987,0.11499999999999999,7.605,0,0,200,0.01,0.14,0.015,0.08,0.755
Mixed,"Cost=True, Flapping=True",4,10098,110.33000000000013,0.09499999999999997,7.71,0,6,200,0.02,0.13,0.08,0.03,0.74
Mixed,"Cost=True, Flapping=True",4,10099,97.33833333333332,0.12,8.885,0,2,200,0.015,0.19,0.05,0.08,0.665
Mixed,"Cost=True, Flapping=True",5,10000,107.23499999999994,0.10499999999999998,8.175,0,1,200,0.015,0.115,0.025,0.21,0.635
Mixed,"Cost=True, Flapping=True",5,10001,115.35999999999999,0.06499999999999995,8.22,0,1,200,0.025,0.06,0.04,0.035,0.84
Mixed,"Cost=True, Flapping=True",5,10002,75.72333333333341,0.21999999999999997,8.84,0,5,200,0.015,0.235,0.08,0.015,0.655
Mixed,"Cost=True, Flapping=True",5,10003,90.38666666666667,0.16500000000000004,8.62,0,3,200,0.01,0.19,0.07,0.02,0.71
Mixed,"Cost=True, Flapping=True",5,10004,67.55999999999995,0.22999999999999998,9.36,0,9,200,0.005,0.25,0.11,0.01,0.625
Mixed,"Cost=True, Flapping=True",5,10005,88.47666666666669,0.16500000000000004,8.59,0,7,200,0.01,0.17,0.11,0.01,0.7
Mixed,"Cost=True, Flapping=True",5,10006,119.67166666666654,0.06000000000000005,7.675,0,4,200,0.01,0.09,0.085,0.005,0.81
Mixed,"Cost=True, Flapping=True",5,10007,73.33999999999993,0.22499999999999998,8.94,0,7,200,0.005,0.245,0.085,0.015,0.65
Mixed,"Cost=True, Flapping=True",5,10008,106.03166666666671,0.09499999999999997,8.485,0,4,200,0.005,0.135,0.055,0.015,0.79
Mixed,"Cost=True, Flapping=True",5,10009,114.88333333333338,0.07999999999999996,7.82,0,4,200,0.005,0.095,0.05,0.05,0.8
Mixed,"Cost=True, Flapping=True",5,10010,114.18999999999973,0.06499999999999995,8.37,0,2,200,0.01,0.07,0.07,0.015,0.835
Mixed,"Cost=True, Flapping=True",5,10011,118.50333333333342,0.050000000000000044,8.33,0,1,200,0.005,0.075,0.035,0.045,0.84
Mixed,"Cost=True, Flapping=True",5,10012,98.48833333333322,0.10499999999999998,8.945,0,6,200,0.01,0.15,0.075,0.03,0.735
Mixed,"Cost=True, Flapping=True",5,10013,124.80666666666662,0.04500000000000004,7.45,0,3,200,0.01,0.095,0.08,0.065,0.75
Mixed,"Cost=True, Flapping=True",5,10014,88.6916666666666,0.17500000000000004,8.695,0,1,200,0.015,0.17,0.065,0.025,0.725
Mixed,"Cost=True, Flapping=True",5,10015,125.67499999999993,0.040000000000000036,7.485,0,2,200,0.025,0.065,0.05,0.075,0.785
Mixed,"Cost=True, Flapping=True",5,10016,112.60166666666667,0.08999999999999997,7.915,0,2,200,0.02,0.075,0.035,0.035,0.835
Mixed,"Cost=True, Flapping=True",5,10017,111.48499999999991,0.07499999999999996,8.445,0,2,200,0.005,0.11,0.06,0.035,0.79
Mixed,"Cost=True, Flapping=True",5,10018,109.97500000000005,0.08999999999999997,7.815,0,7,200,0.02,0.11,0.08,0.075,0.715
Mixed,"Cost=True, Flapping=True",5,10019,121.61166666666638,0.06999999999999995,7.285,0,2,200,0.015,0.095,0.065,0.045,0.78
Mixed,"Cost=True, Flapping=True",5,10020,123.80000000000007,0.040000000000000036,7.56,0,6,200,0.01,0.075,0.075,0.025,0.815
Mixed,"Cost=True, Flapping=True",5,10021,98.95333333333339,0.12,8.48,0,7,200,0.01,0.14,0.08,0.02,0.75
Mixed,"Cost=True, Flapping=True",5,10022,106.36999999999995,0.125,7.74,0,2,200,0.02,0.155,0.03,0.02,0.775
Mixed,"Cost=True, Flapping=True",5,10023,96.87333333333343,0.135,8.69,0,3,200,0.0,0.155,0.06,0.015,0.77
Mixed,"Cost=True, Flapping=True",5,10024,93.37666666666664,0.14,8.68,0,6,200,0.015,0.145,0.09,0.01,0.74
Mixed,"Cost=True, Flapping=True",5,10025,116.98333333333333,0.05500000000000005,8.03,0,5,200,0.015,0.1,0.06,0.025,0.8
Mixed,"Cost=True, Flapping=True",5,10026,109.95666666666676,0.07999999999999996,8.38,0,4,200,0.005,0.105,0.06,0.065,0.765
Mixed,"Cost=True, Flapping=True",5,10027,133.35833333333332,0.03500000000000003,6.695,0,3,200,0.02,0.055,0.05,0.025,0.85
Mixed,"Cost=True, Flapping=True",5,10028,94.00666666666655,0.14500000000000002,8.56,0,5,200,0.01,0.14,0.1,0.04,0.71
Mixed,"Cost=True, Flapping=True",5,10029,112.81333333333332,0.07999999999999996,8.0,0,4,200,0.015,0.095,0.055,0.03,0.805
Mixed,"Cost=True, Flapping=True",5,10030,125.09666666666661,0.040000000000000036,7.75,0,1,200,0.005,0.085,0.045,0.055,0.81
Mixed,"Cost=True, Flapping=True",5,10031,95.87333333333332,0.10999999999999999,8.99,0,8,200,0.01,0.165,0.08,0.04,0.705
Mixed,"Cost=True, Flapping=True",5,10032,106.13666666666657,0.10999999999999999,8.2,0,3,200,0.0,0.11,0.065,0.07,0.755
Mixed,"Cost=True, Flapping=True",5,10033,105.63499999999986,0.06999999999999995,9.225,0,3,200,0.0,0.11,0.085,0.01,0.795
Mixed,"Cost=True, Flapping=True",5,10034,94.15499999999997,0.13,8.655,0,8,200,0.01,0.205,0.105,0.005,0.675
Mixed,"Cost=True, Flapping=True",5,10035,87.66333333333355,0.18500000000000005,8.24,0,5,200,0.02,0.21,0.075,0.03,0.665
Mixed,"Cost=True, Flapping=True",5,10036,79.00166666666668,0.18500000000000005,9.265,0,6,200,0.005,0.24,0.105,0.01,0.64
Mixed,"Cost=True, Flapping=True",5,10037,123.58333333333337,0.050000000000000044,7.67,0,2,200,0.005,0.075,0.035,0.025,0.86
Mixed,"Cost=True, Flapping=True",5,10038,99.41499999999992,0.10499999999999998,9.135,0,2,200,0.005,0.15,0.06,0.015,0.77
Mixed,"Cost=True, Flapping=True",5,10039,92.26333333333318,0.14500000000000002,8.93,0,3,200,0.005,0.18,0.07,0.005,0.74
Mixed,"Cost=True, Flapping=True",5,10040,135.65666666666658,0.025000000000000022,6.97,0,0,200,0.01,0.025,0.025,0.04,0.9
Mixed,"Cost=True, Flapping=True",5,10041,124.71333333333338,0.04500000000000004,7.61,0,2,200,0.01,0.08,0.035,0.03,0.845
Mixed,"Cost=True, Flapping=True",5,10042,86.68499999999995,0.17500000000000004,8.655,0,5,200,0.01,0.205,0.1,0.01,0.675
Mixed,"Cost=True, Flapping=True",5,10043,114.77333333333327,0.05500000000000005,8.48,0,3,200,0.005,0.115,0.055,0.015,0.81
Mixed,"Cost=True, Flapping=True",5,10044,93.37000000000002,0.14,8.76,0,4,200,0.015,0.19,0.075,0.02,0.7
Mixed,"Cost=True, Flapping=True",5,10045,84.9316666666668,0.17000000000000004,8.905,0,6,200,0.015,0.22,0.07,0.015,0.68
Mixed,"Cost=True, Flapping=True",5,10046,127.15499999999982,0.040000000000000036,7.485,0,1,200,0.015,0.045,0.03,0.08,0.83
Mixed,"Cost=True, Flapping=True",5,10047,108.10166666666679,0.10499999999999998,8.125,0,2,200,0.01,0.13,0.015,0.035,0.81
Mixed,"Cost=True, Flapping=True",5,10048,89.88833333333335,0.17000000000000004,8.525,0,3,200,0.02,0.165,0.06,0.03,0.725
Mixed,"Cost=True, Flapping=True",5,10049,120.64833333333328,0.06499999999999995,7.685,0,2,200,0.0,0.075,0.05,0.015,0.86
Mixed,"Cost=True, Flapping=True",5,10050,112.60666666666674,0.06999999999999995,8.41,0,2,200,0.01,0.105,0.06,0.015,0.81
Mixed,"Cost=True, Flapping=True",5,10051,88.89333333333337,0.18000000000000005,8.15,0,7,200,0.01,0.17,0.085,0.135,0.6
Mixed,"Cost=True, Flapping=True",5,10052,95.00000000000004,0.14,8.4,0,7,200,0.015,0.17,0.08,0.025,0.71
Mixed,"Cost=True, Flapping=True",5,10053,122.9033333333334,0.050000000000000044,7.55,0,3,200,0.015,0.085,0.085,0.02,0.795
Mixed,"Cost=True, Flapping=True",5,10054,112.26666666666651,0.07499999999999996,8.2,0,3,200,0.025,0.085,0.045,0.025,0.82
Mixed,"Cost=True, Flapping=True",5,10055,88.02666666666653,0.15000000000000002,9.1,0,5,200,0.01,0.195,0.105,0.01,0.68
Mixed,"Cost=True, Flapping=True",5,10056,105.18666666666668,0.09499999999999997,8.32,0,7,200,0.005,0.125,0.115,0.07,0.685
Mixed,"Cost=True, Flapping=True",5,10057,124.04333333333317,0.050000000000000044,7.61,0,2,200,0.0,0.075,0.045,0.085,0.795
Mixed,"Cost=True, Flapping=True",5,10058,110.28000000000003,0.06499999999999995,8.61,0,5,200,0.015,0.08,0.065,0.03,0.81
Mixed,"Cost=True, Flapping=True",5,10059,101.88500000000005,0.13,7.935,0,5,200,0.02,0.15,0.055,0.06,0.715
Mixed,"Cost=True, Flapping=True",5,10060,113.85166666666676,0.06999999999999995,7.975,0,6,200,0.01,0.115,0.09,0.01,0.775
Mixed,"Cost=True, Flapping=True",5,10061,102.85500000000026,0.11499999999999999,8.235,0,5,200,0.01,0.145,0.085,0.03,0.73
Mixed,"Cost=True, Flapping=True",5,10062,104.45333333333339,0.09499999999999997,8.57,0,6,200,0.005,0.095,0.07,0.045,0.785
Mixed,"Cost=True, Flapping=True",5,10063,104.55166666666672,0.09999999999999998,8.485,0,5,200,0.0,0.12,0.1,0.01,0.77
Mixed,"Cost=True, Flapping=True",5,10064,120.24666666666694,0.03500000000000003,8.32,0,3,200,0.01,0.065,0.055,0.03,0.84
Mixed,"Cost=True, Flapping=True",5,10065,98.86999999999995,0.14500000000000002,8.16,0,1,200,0.025,0.15,0.055,0.02,0.75
Mixed,"Cost=True, Flapping=True",5,10066,133.11666666666673,0.020000000000000018,7.33,0,0,200,0.015,0.025,0.035,0.075,0.85
Mixed,"Cost=True, Flapping=True",5,10067,109.88333333333333,0.07999999999999996,8.3,0,5,200,0.01,0.1,0.065,0.05,0.775
Mixed,"Cost=True, Flapping=True",5,10068,109.99999999999989,0.09499999999999997,8.1,0,2,200,0.015,0.11,0.04,0.025,0.81
Mixed,"Cost=True, Flapping=True",5,10069,67.84166666666667,0.22999999999999998,9.145,0,11,200,0.01,0.235,0.14,0.025,0.59
Mixed,"Cost=True, Flapping=True",5,10070,110.5899999999999,0.07999999999999996,8.43,0,2,200,0.005,0.12,0.05,0.04,0.785
Mixed,"Cost=True, Flapping=True",5,10071,128.58666666666662,0.030000000000000027,7.51,0,2,200,0.015,0.045,0.04,0.02,0.88
Mixed,"Cost=True, Flapping=True",5,10072,127.61333333333326,0.015000000000000013,7.97,0,3,200,0.005,0.045,0.05,0.055,0.845
Mixed,"Cost=True, Flapping=True",5,10073,92.52333333333327,0.14500000000000002,8.87,0,3,200,0.01,0.18,0.06,0.015,0.735
Mixed,"Cost=True, Flapping=True",5,10074,99.90333333333338,0.15500000000000003,7.64,0,5,200,0.005,0.18,0.075,0.02,0.72
Mixed,"Cost=True, Flapping=True",5,10075,115.49166666666672,0.08499999999999996,7.525,0,4,200,0.01,0.105,0.085,0.075,0.725
Mixed,"Cost=True, Flapping=True",5,10076,116.1266666666668,0.06499999999999995,8.23,0,1,200,0.01,0.09,0.015,0.035,0.85
Mixed,"Cost=True, Flapping=True",5,10077,109.89833333333333,0.07999999999999996,8.315,0,4,200,0.015,0.115,0.06,0.04,0.77
Mixed,"Cost=True, Flapping=True",5,10078,126.81499999999998,0.020000000000000018,7.755,0,5,200,0.01,0.08,0.06,0.015,0.835
Mixed,"Cost=True, Flapping=True",5,10079,102.38000000000005,0.09999999999999998,8.76,0,3,200,0.015,0.12,0.08,0.055,0.73
Mixed,"Cost=True, Flapping=True",5,10080,128.70999999999995,0.030000000000000027,7.5,0,3,200,0.005,0.05,0.035,0.035,0.875
Mixed,"Cost=True, Flapping=True",5,10081,84.89666666666665,0.15000000000000002,9.22,0,9,200,0.005,0.22,0.115,0.03,0.63
Mixed,"Cost=True, Flapping=True",5,10082,114.41500000000009,0.06000000000000005,8.025,0,7,200,0.025,0.09,0.075,0.015,0.795
Mixed,"Cost=True, Flapping=True",5,10083,107.05833333333354,0.09999999999999998,8.345,0,2,200,0.015,0.075,0.055,0.05,0.805
Mixed,"Cost=True, Flapping=True",5,10084,91.67333333333328,0.16000000000000003,8.57,0,4,200,0.005,0.16,0.085,0.04,0.71
Mixed,"Cost=True, Flapping=True",5,10085,120.19666666666657,0.050000000000000044,8.02,0,2,200,0.01,0.09,0.035,0.03,0.835
Mixed,"Cost=True, Flapping=True",5,10086,119.5999999999999,0.06000000000000005,7.74,0,2,200,0.02,0.1,0.06,0.025,0.795
Mixed,"Cost=True, Flapping=True",5,10087,116.22333333333346,0.050000000000000044,8.21,0,5,200,0.02,0.1,0.06,0.015,0.805
Mixed,"Cost=True, Flapping=True",5,10088,109.18999999999991,0.08499999999999996,8.13,0,6,200,0.01,0.145,0.075,0.065,0.705
Mixed,"Cost=True, Flapping=True",5,10089,120.17833333333304,0.06000000000000005,7.625,0,3,200,0.02,0.08,0.05,0.07,0.78
Mixed,"Cost=True, Flapping=True",5,10090,100.93000000000018,0.15000000000000002,7.77,0,3,200,0.01,0.13,0.08,0.03,0.75
Mixed,"Cost=True, Flapping=True",5,10091,129.40999999999988,0.04500000000000004,7.08,0,1,200,0.01,0.07,0.065,0.035,0.82
Mixed,"Cost=True, Flapping=True",5,10092,102.09499999999981,0.13,8.145,0,3,200,0.005,0.155,0.05,0.045,0.745
Mixed,"Cost=True, Flapping=True",5,10093,115.67999999999988,0.06000000000000005,8.04,0,6,200,0.005,0.115,0.085,0.005,0.79
Mixed,"Cost=True, Flapping=True",5,10094,109.94666666666673,0.07999999999999996,8.56,0,1,200,0.01,0.085,0.065,0.03,0.81
Mixed,"Cost=True, Flapping=True",5,10095,110.80833333333328,0.07499999999999996,8.165,0,6,200,0.02,0.11,0.075,0.025,0.77
Mixed,"Cost=True, Flapping=True",5,10096,108.6083333333335,0.07499999999999996,8.765,0,1,200,0.02,0.095,0.06,0.025,0.8
Mixed,"Cost=True, Flapping=True",5,10097,111.40500000000023,0.10999999999999999,7.605,0,1,200,0.015,0.135,0.025,0.055,0.77
Mixed,"Cost=True, Flapping=True",5,10098,89.26666666666664,0.16500000000000004,8.56,0,6,200,0.01,0.175,0.085,0.05,0.68
Mixed,"Cost=True, Flapping=True",5,10099,93.69666666666669,0.135,8.74,0,6,200,0.015,0.16,0.095,0.005,0.725
Mixed,"Cost=False, Flapping=True",1,10000,125.4550000000001,0.040000000000000036,7.725,0,0,200,0.01,0.07,0.025,0.155,0.74
Mixed,"Cost=False, Flapping=True",1,10001,97.14500000000011,0.07999999999999996,9.795,0,1,200,0.03,0.12,0.035,0.345,0.47
Mixed,"Cost=False, Flapping=True",1,10002,101.1799999999998,0.09999999999999998,8.91,0,2,200,0.02,0.13,0.045,0.155,0.65
Mixed,"Cost=False, Flapping=True",1,10003,123.76666666666662,0.025000000000000022,8.2,0,1,200,0.015,0.07,0.04,0.1,0.775
Mixed,"Cost=False, Flapping=True",1,10004,68.77000000000001,0.245,8.91,0,8,200,0.01,0.235,0.095,0.02,0.64
Mixed,"Cost=False, Flapping=True",1,10005,83.91499999999988,0.16500000000000004,9.285,0,2,200,0.025,0.18,0.075,0.165,0.555
Mixed,"Cost=False, Flapping=True",1,10006,124.30666666666677,0.015000000000000013,8.32,0,1,200,0.015,0.04,0.05,0.265,0.63
Mixed,"Cost=False, Flapping=True",1,10007,95.07333333333345,0.11499999999999999,9.32,0,0,200,0.025,0.15,0.05,0.19,0.585
Mixed,"Cost=False, Flapping=True",1,10008,126.59833333333344,0.025000000000000022,7.835,0,1,200,0.01,0.05,0.035,0.29,0.615
Mixed,"Cost=False, Flapping=True",1,10009,117.04666666666691,0.07999999999999996,7.69,0,1,200,0.015,0.08,0.035,0.08,0.79
Mixed,"Cost=False, Flapping=True",1,10010,114.1400000000001,0.04500000000000004,8.7,0,1,200,0.03,0.075,0.065,0.165,0.665
Mixed,"Cost=False, Flapping=True",1,10011,117.48833333333334,0.040000000000000036,8.765,0,0,200,0.01,0.025,0.0,0.155,0.81
Mixed,"Cost=False, Flapping=True",1,10012,106.63666666666646,0.08499999999999996,8.59,0,2,200,0.025,0.125,0.065,0.095,0.69
Mixed,"Cost=False, Flapping=True",1,10013,118.60833333333329,0.040000000000000036,8.315,0,2,200,0.01,0.065,0.065,0.3,0.56
Mixed,"Cost=False, Flapping=True",1,10014,104.37333333333325,0.09499999999999997,8.69,0,2,200,0.01,0.15,0.075,0.09,0.675
Mixed,"Cost=False, Flapping=True",1,10015,123.09833333333337,0.03500000000000003,7.895,0,2,200,0.02,0.075,0.04,0.19,0.675
Mixed,"Cost=False, Flapping=True",1,10016,76.48833333333327,0.21999999999999997,8.975,0,1,200,0.015,0.22,0.07,0.105,0.59
Mixed,"Cost=False, Flapping=True",1,10017,113.55166666666645,0.07999999999999996,7.945,0,3,200,0.015,0.095,0.065,0.06,0.765
Mixed,"Cost=False, Flapping=True",1,10018,112.78166666666662,0.06499999999999995,8.275,0,4,200,0.015,0.09,0.08,0.165,0.65
Mixed,"Cost=False, Flapping=True",1,10019,129.69666666666677,0.040000000000000036,7.18,0,0,200,0.02,0.045,0.02,0.155,0.76
Mixed,"Cost=False, Flapping=True",1,10020,122.28499999999978,0.04500000000000004,7.815,0,2,200,0.015,0.06,0.045,0.16,0.72
Mixed,"Cost=False, Flapping=True",1,10021,117.16500000000009,0.06999999999999995,7.815,0,2,200,0.02,0.08,0.045,0.065,0.79
Mixed,"Cost=False, Flapping=True",1,10022,110.0949999999999,0.08999999999999997,8.175,0,1,200,0.02,0.125,0.015,0.17,0.67
Mixed,"Cost=False, Flapping=True",1,10023,95.8416666666667,0.14,8.665,0,3,200,0.0,0.16,0.055,0.075,0.71
Mixed,"Cost=False, Flapping=True",1,10024,103.62666666666668,0.05500000000000005,9.67,0,2,200,0.02,0.105,0.07,0.21,0.595
Mixed,"Cost=False, Flapping=True",1,10025,120.68999999999988,0.05500000000000005,7.59,0,2,200,0.02,0.145,0.065,0.19,0.58
Mixed,"Cost=False, Flapping=True",1,10026,104.19000000000011,0.09499999999999997,8.61,0,5,200,0.005,0.1,0.07,0.14,0.685
Mixed,"Cost=False, Flapping=True",1,10027,121.89666666666653,0.04500000000000004,7.96,0,0,200,0.01,0.075,0.06,0.205,0.65
Mixed,"Cost=False, Flapping=True",1,10028,107.30500000000015,0.10999999999999999,7.725,0,4,200,0.025,0.125,0.085,0.18,0.585
Mixed,"Cost=False, Flapping=True",1,10029,98.0133333333331,0.11499999999999999,8.93,0,3,200,0.015,0.12,0.065,0.08,0.72
Mixed,"Cost=False, Flapping=True",1,10030,128.29333333333332,0.025000000000000022,7.64,0,1,200,0.015,0.06,0.05,0.135,0.74
Mixed,"Cost=False, Flapping=True",1,10031,100.41833333333344,0.10999999999999999,8.705,0,3,200,0.015,0.12,0.06,0.21,0.595
Mixed,"Cost=False, Flapping=True",1,10032,108.73999999999984,0.09999999999999998,8.22,0,1,200,0.005,0.09,0.05,0.14,0.715
Mixed,"Cost=False, Flapping=True",1,10033,104.23499999999996,0.06999999999999995,9.525,0,1,200,0.0,0.095,0.08,0.035,0.79
Mixed,"Cost=False, Flapping=True",1,10034,99.91333333333323,0.10999999999999999,8.36,0,8,200,0.02,0.17,0.1,0.13,0.58
Mixed,"Cost=False, Flapping=True",1,10035,101.33333333333314,0.07499999999999996,9.5,0,2,200,0.02,0.14,0.04,0.125,0.675
Mixed,"Cost=False, Flapping=True",1,10036,77.71000000000001,0.20999999999999996,8.94,0,3,200,0.02,0.22,0.085,0.01,0.665
Mixed,"Cost=False, Flapping=True",1,10037,123.21166666666674,0.06499999999999995,7.495,0,0,200,0.005,0.07,0.025,0.02,0.88
Mixed,"Cost=False, Flapping=True",1,10038,101.09833333333324,0.09499999999999997,9.245,0,1,200,0.01,0.1,0.05,0.065,0.775
Mixed,"Cost=False, Flapping=True",1,10039,101.33999999999988,0.11499999999999999,8.64,0,2,200,0.005,0.13,0.04,0.165,0.66
Mixed,"Cost=False, Flapping=True",1,10040,129.60166666666686,0.030000000000000027,7.555,0,0,200,0.005,0.02,0.02,0.185,0.77
Mixed,"Cost=False, Flapping=True",1,10041,123.87333333333329,0.040000000000000036,7.85,0,1,200,0.015,0.055,0.02,0.14,0.77
Mixed,"Cost=False, Flapping=True",1,10042,114.0166666666667,0.050000000000000044,8.71,0,1,200,0.015,0.1,0.05,0.125,0.71
Mixed,"Cost=False, Flapping=True",1,10043,108.88000000000004,0.08999999999999997,8.4,0,1,200,0.01,0.135,0.045,0.055,0.755
Mixed,"Cost=False, Flapping=True",1,10044,92.71000000000001,0.13,9.27,0,0,200,0.02,0.17,0.06,0.135,0.615
Mixed,"Cost=False, Flapping=True",1,10045,89.00666666666673,0.125,9.34,0,7,200,0.025,0.205,0.055,0.14,0.575
Mixed,"Cost=False, Flapping=True",1,10046,113.75833333333361,0.08499999999999996,7.685,0,2,200,0.025,0.125,0.065,0.2,0.585
Mixed,"Cost=False, Flapping=True",1,10047,123.5283333333332,0.040000000000000036,8.045,0,0,200,0.005,0.065,0.0,0.12,0.81
Mixed,"Cost=False, Flapping=True",1,10048,105.98499999999999,0.08499999999999996,8.715,0,1,200,0.02,0.11,0.055,0.26,0.555
Mixed,"Cost=False, Flapping=True",1,10049,120.15833333333313,0.06000000000000005,7.895,0,2,200,0.0,0.065,0.04,0.0,0.895
Mixed,"Cost=False, Flapping=True",1,10050,125.49833333333346,0.025000000000000022,8.045,0,0,200,0.015,0.03,0.02,0.265,0.67
Mixed,"Cost=False, Flapping=True",1,10051,95.59666666666662,0.16500000000000004,7.9,0,3,200,0.015,0.16,0.085,0.18,0.56
Mixed,"Cost=False, Flapping=True",1,10052,103.56666666666682,0.10999999999999999,8.32,0,3,200,0.025,0.1,0.05,0.15,0.675
Mixed,"Cost=False, Flapping=True",1,10053,130.92000000000002,0.040000000000000036,6.93,0,1,200,0.02,0.045,0.04,0.195,0.7
Mixed,"Cost=False, Flapping=True",1,10054,97.47666666666666,0.10499999999999998,9.01,0,4,200,0.03,0.11,0.08,0.185,0.595
Mixed,"Cost=False, Flapping=True",1,10055,95.05666666666673,0.135,8.68,0,2,200,0.03,0.155,0.07,0.14,0.605
Mixed,"Cost=False, Flapping=True",1,10056,121.25500000000012,0.04500000000000004,7.845,0,2,200,0.03,0.055,0.05,0.13,0.735
Mixed,"Cost=False, Flapping=True",1,10057,120.05666666666683,0.05500000000000005,7.96,0,1,200,0.005,0.09,0.035,0.14,0.73
Mixed,"Cost=False, Flapping=True",1,10058,91.97166666666666,0.16000000000000003,8.515,0,2,200,0.015,0.16,0.095,0.155,0.575
Mixed,"Cost=False, Flapping=True",1,10059,109.8933333333334,0.06999999999999995,8.57,0,2,200,0.025,0.08,0.065,0.185,0.645
Mixed,"Cost=False, Flapping=True",1,10060,122.90333333333339,0.030000000000000027,8.21,0,0,200,0.015,0.06,0.04,0.195,0.69
Mixed,"Cost=False, Flapping=True",1,10061,104.60166666666683,0.09499999999999997,8.545,0,3,200,0.02,0.1,0.045,0.26,0.575
Mixed,"Cost=False, Flapping=True",1,10062,102.67999999999994,0.09999999999999998,8.67,0,4,200,0.015,0.11,0.075,0.08,0.72
Mixed,"Cost=False, Flapping=True",1,10063,104.45666666666669,0.09999999999999998,8.47,0,5,200,0.01,0.095,0.085,0.015,0.795
Mixed,"Cost=False, Flapping=True",1,10064,97.91333333333345,0.09999999999999998,9.26,0,2,200,0.025,0.125,0.055,0.155,0.64
Mixed,"Cost=False, Flapping=True",1,10065,118.6466666666668,0.03500000000000003,8.32,0,2,200,0.02,0.075,0.065,0.355,0.485
Mixed,"Cost=False, Flapping=True",1,10066,126.40500000000013,0.020000000000000018,7.905,0,2,200,0.015,0.075,0.085,0.055,0.77
Mixed,"Cost=False, Flapping=True",1,10067,108.57166666666659,0.10999999999999999,7.945,0,1,200,0.005,0.14,0.08,0.055,0.72
Mixed,"Cost=False, Flapping=True",1,10068,88.7816666666667,0.15000000000000002,9.145,0,1,200,0.035,0.16,0.035,0.115,0.655
Mixed,"Cost=False, Flapping=True",1,10069,85.62166666666657,0.14500000000000002,9.475,0,6,200,0.01,0.145,0.105,0.08,0.66
Mixed,"Cost=False, Flapping=True",1,10070,116.1483333333337,0.07499999999999996,7.805,0,2,200,0.015,0.125,0.06,0.015,0.785
Mixed,"Cost=False, Flapping=True",1,10071,89.14166666666671,0.15000000000000002,9.115,0,2,200,0.02,0.155,0.055,0.15,0.62
Mixed,"Cost=False, Flapping=True",1,10072,136.06833333333333,0.0,7.325,0,1,200,0.02,0.045,0.03,0.11,0.795
Mixed,"Cost=False, Flapping=True",1,10073,94.61166666666674,0.14500000000000002,8.815,0,0,200,0.01,0.16,0.045,0.07,0.715
Mixed,"Cost=False, Flapping=True",1,10074,91.38666666666661,0.16500000000000004,8.23,0,5,200,0.02,0.195,0.08,0.145,0.56
Mixed,"Cost=False, Flapping=True",1,10075,111.31833333333333,0.12,7.265,0,2,200,0.015,0.1,0.09,0.085,0.71
Mixed,"Cost=False, Flapping=True",1,10076,91.5449999999999,0.14,9.075,0,1,200,0.025,0.17,0.055,0.145,0.605
Mixed,"Cost=False, Flapping=True",1,10077,93.59999999999994,0.15500000000000003,8.43,0,3,200,0.01,0.195,0.08,0.075,0.64
Mixed,"Cost=False, Flapping=True",1,10078,120.30499999999995,0.04500000000000004,7.995,0,4,200,0.005,0.08,0.055,0.105,0.755
Mixed,"Cost=False, Flapping=True",1,10079,98.78500000000003,0.09999999999999998,9.105,0,3,200,0.02,0.12,0.08,0.16,0.62
Mixed,"Cost=False, Flapping=True",1,10080,122.47666666666677,0.025000000000000022,8.44,0,0,200,0.005,0.03,0.015,0.36,0.59
Mixed,"Cost=False, Flapping=True",1,10081,71.79833333333343,0.19999999999999996,9.515,0,7,200,0.02,0.26,0.115,0.115,0.49
Mixed,"Cost=False, Flapping=True",1,10082,100.01999999999994,0.10999999999999999,8.91,0,0,200,0.025,0.15,0.045,0.07,0.71
Mixed,"Cost=False, Flapping=True",1,10083,121.45833333333327,0.050000000000000044,7.805,0,2,200,0.015,0.06,0.04,0.15,0.735
Mixed,"Cost=False, Flapping=True",1,10084,108.0633333333334,0.06499999999999995,9.14,0,0,200,0.015,0.07,0.055,0.155,0.705
Mixed,"Cost=False, Flapping=True",1,10085,124.9016666666667,0.020000000000000018,8.245,0,0,200,0.01,0.035,0.0,0.36,0.595
Mixed,"Cost=False, Flapping=True",1,10086,111.36333333333339,0.06499999999999995,8.45,0,3,200,0.025,0.085,0.055,0.205,0.63
Mixed,"Cost=False, Flapping=True",1,10087,83.96999999999998,0.17500000000000004,8.94,0,4,200,0.025,0.215,0.07,0.045,0.645
Mixed,"Cost=False, Flapping=True",1,10088,88.76500000000001,0.17000000000000004,8.625,0,2,200,0.02,0.22,0.05,0.115,0.595
Mixed,"Cost=False, Flapping=True",1,10089,116.70833333333324,0.040000000000000036,8.495,0,1,200,0.025,0.06,0.03,0.4,0.485
Mixed,"Cost=False, Flapping=True",1,10090,117.09000000000022,0.08499999999999996,7.47,0,2,200,0.015,0.115,0.045,0.04,0.785
Mixed,"Cost=False, Flapping=True",1,10091,125.74166666666659,0.04500000000000004,7.465,0,2,200,0.005,0.065,0.06,0.125,0.745
Mixed,"Cost=False, Flapping=True",1,10092,80.46000000000001,0.19999999999999996,8.79,0,5,200,0.005,0.22,0.105,0.06,0.61
Mixed,"Cost=False, Flapping=True",1,10093,109.36999999999982,0.07499999999999996,8.49,0,3,200,0.02,0.11,0.08,0.07,0.72
Mixed,"Cost=False, Flapping=True",1,10094,114.75333333333344,0.06499999999999995,8.36,0,0,200,0.025,0.055,0.035,0.045,0.84
Mixed,"Cost=False, Flapping=True",1,10095,112.13500000000003,0.08999999999999997,7.935,0,2,200,0.02,0.105,0.035,0.035,0.805
Mixed,"Cost=False, Flapping=True",1,10096,106.20833333333326,0.08499999999999996,8.645,0,2,200,0.025,0.105,0.07,0.125,0.675
Mixed,"Cost=False, Flapping=True",1,10097,109.4983333333332,0.10499999999999998,7.865,0,1,200,0.02,0.125,0.025,0.19,0.64
Mixed,"Cost=False, Flapping=True",1,10098,112.46499999999993,0.06000000000000005,8.325,0,3,200,0.03,0.12,0.07,0.24,0.54
Mixed,"Cost=False, Flapping=True",1,10099,93.3283333333333,0.10999999999999999,9.605,0,2,200,0.02,0.13,0.035,0.195,0.62
Mixed,"Cost=False, Flapping=True",2,10000,126.17833333333306,0.06999999999999995,6.815,0,1,200,0.02,0.085,0.02,0.07,0.805
Mixed,"Cost=False, Flapping=True",2,10001,108.32500000000005,0.09499999999999997,7.845,0,6,200,0.03,0.14,0.06,0.125,0.645
Mixed,"Cost=False, Flapping=True",2,10002,101.10999999999993,0.10499999999999998,8.46,0,7,200,0.015,0.19,0.075,0.085,0.635
Mixed,"Cost=False, Flapping=True",2,10003,120.02666666666671,0.050000000000000044,7.57,0,7,200,0.015,0.12,0.095,0.085,0.685
Mixed,"Cost=False, Flapping=True",2,10004,71.83500000000005,0.22999999999999998,8.625,0,11,200,0.005,0.31,0.125,0.035,0.525
Mixed,"Cost=False, Flapping=True",2,10005,79.69000000000007,0.16000000000000003,9.36,0,10,200,0.02,0.24,0.135,0.09,0.515
Mixed,"Cost=False, Flapping=True",2,10006,122.39666666666665,0.04500000000000004,7.33,0,8,200,0.015,0.13,0.1,0.08,0.675
Mixed,"Cost=False, Flapping=True",2,10007,79.79833333333343,0.21499999999999997,8.255,0,7,200,0.015,0.28,0.105,0.04,0.56
Mixed,"Cost=False, Flapping=True",2,10008,109.5583333333332,0.09999999999999998,8.015,0,3,200,0.005,0.115,0.05,0.05,0.78
Mixed,"Cost=False, Flapping=True",2,10009,114.26833333333337,0.08499999999999996,7.355,0,8,200,0.015,0.15,0.09,0.035,0.71
Mixed,"Cost=False, Flapping=True",2,10010,107.57166666666636,0.07499999999999996,8.515,0,6,200,0.02,0.115,0.06,0.13,0.675
Mixed,"Cost=False, Flapping=True",2,10011,112.8500000000001,0.06999999999999995,8.22,0,4,200,0.01,0.12,0.065,0.05,0.755
Mixed,"Cost=False, Flapping=True",2,10012,111.5650000000001,0.05500000000000005,8.385,0,7,200,0.025,0.12,0.08,0.14,0.635
Mixed,"Cost=False, Flapping=True",2,10013,121.8566666666669,0.030000000000000027,8.05,0,5,200,0.01,0.11,0.07,0.04,0.77
Mixed,"Cost=False, Flapping=True",2,10014,92.84499999999983,0.14,8.715,0,4,200,0.025,0.215,0.05,0.095,0.615
Mixed,"Cost=False, Flapping=True",2,10015,113.765,0.09499999999999997,7.125,0,8,200,0.02,0.13,0.1,0.09,0.66
Mixed,"Cost=False, Flapping=True",2,10016,75.92833333333333,0.235,8.135,0,8,200,0.01,0.315,0.135,0.045,0.495
Mixed,"Cost=False, Flapping=True",2,10017,113.35499999999992,0.06999999999999995,8.115,0,5,200,0.005,0.115,0.085,0.055,0.74
Mixed,"Cost=False, Flapping=True",2,10018,116.73999999999975,0.06499999999999995,7.56,0,8,200,0.01,0.13,0.11,0.065,0.685
Mixed,"Cost=False, Flapping=True",2,10019,118.29833333333325,0.06499999999999995,7.595,0,6,200,0.01,0.105,0.06,0.04,0.785
Mixed,"Cost=False, Flapping=True",2,10020,125.02499999999993,0.04500000000000004,7.245,0,5,200,0.02,0.075,0.095,0.05,0.76
Mixed,"Cost=False, Flapping=True",2,10021,110.0050000000001,0.08499999999999996,7.875,0,5,200,0.035,0.13,0.105,0.105,0.625
Mixed,"Cost=False, Flapping=True",2,10022,109.36833333333357,0.11499999999999999,7.655,0,1,200,0.02,0.135,0.035,0.11,0.7
Mixed,"Cost=False, Flapping=True",2,10023,96.86666666666659,0.135,8.62,0,4,200,0.0,0.165,0.055,0.025,0.755
Mixed,"Cost=False, Flapping=True",2,10024,103.68333333333331,0.06999999999999995,8.9,0,8,200,0.015,0.16,0.125,0.1,0.6
Mixed,"Cost=False, Flapping=True",2,10025,105.77999999999997,0.10999999999999999,7.68,0,8,200,0.02,0.175,0.095,0.08,0.63
Mixed,"Cost=False, Flapping=True",2,10026,106.7883333333333,0.08999999999999997,8.345,0,6,200,0.005,0.13,0.085,0.055,0.725
Mixed,"Cost=False, Flapping=True",2,10027,110.27499999999971,0.09499999999999997,7.785,0,5,200,0.01,0.16,0.095,0.05,0.685
Mixed,"Cost=False, Flapping=True",2,10028,101.69166666666665,0.125,7.705,0,9,200,0.02,0.18,0.13,0.075,0.595
Mixed,"Cost=False, Flapping=True",2,10029,100.77166666666682,0.10499999999999998,8.425,0,8,200,0.015,0.17,0.11,0.08,0.625
Mixed,"Cost=False, Flapping=True",2,10030,122.9549999999999,0.050000000000000044,7.545,0,3,200,0.01,0.1,0.065,0.105,0.72
Mixed,"Cost=False, Flapping=True",2,10031,105.55333333333353,0.10999999999999999,8.15,0,2,200,0.025,0.12,0.035,0.12,0.7
Mixed,"Cost=False, Flapping=True",2,10032,110.25000000000006,0.09499999999999997,8.07,0,3,200,0.0,0.12,0.06,0.05,0.77
Mixed,"Cost=False, Flapping=True",2,10033,102.12333333333329,0.07499999999999996,9.02,0,9,200,0.0,0.17,0.135,0.04,0.655
Mixed,"Cost=False, Flapping=True",2,10034,98.51999999999995,0.09999999999999998,8.91,0,7,200,0.01,0.195,0.1,0.045,0.65
Mixed,"Cost=False, Flapping=True",2,10035,69.52833333333344,0.21999999999999997,9.155,0,10,200,0.015,0.305,0.095,0.07,0.515
Mixed,"Cost=False, Flapping=True",2,10036,75.53166666666671,0.20999999999999996,8.935,0,7,200,0.005,0.27,0.115,0.09,0.52
Mixed,"Cost=False, Flapping=True",2,10037,125.4416666666664,0.025000000000000022,7.795,0,4,200,0.02,0.06,0.05,0.075,0.795
Mixed,"Cost=False, Flapping=True",2,10038,103.54333333333312,0.08499999999999996,8.9,0,4,200,0.01,0.15,0.085,0.085,0.67
Mixed,"Cost=False, Flapping=True",2,10039,102.06333333333325,0.125,8.09,0,5,200,0.005,0.18,0.08,0.03,0.705
Mixed,"Cost=False, Flapping=True",2,10040,132.77333333333357,0.025000000000000022,7.19,0,2,200,0.005,0.035,0.04,0.065,0.855
Mixed,"Cost=False, Flapping=True",2,10041,119.44166666666655,0.05500000000000005,7.855,0,3,200,0.01,0.11,0.06,0.075,0.745
Mixed,"Cost=False, Flapping=True",2,10042,88.56666666666673,0.17000000000000004,8.32,0,8,200,0.005,0.24,0.12,0.05,0.585
Mixed,"Cost=False, Flapping=True",2,10043,105.62500000000003,0.09999999999999998,8.385,0,3,200,0.005,0.19,0.07,0.025,0.71
Mixed,"Cost=False, Flapping=True",2,10044,82.25666666666672,0.18999999999999995,8.65,0,5,200,0.02,0.285,0.075,0.09,0.53
Mixed,"Cost=False, Flapping=True",2,10045,92.6933333333333,0.14,8.51,0,7,200,0.02,0.21,0.105,0.135,0.53
Mixed,"Cost=False, Flapping=True",2,10046,112.70666666666665,0.08999999999999997,7.6,0,5,200,0.01,0.16,0.1,0.065,0.665
Mixed,"Cost=False, Flapping=True",2,10047,133.8850000000002,0.015000000000000013,7.335,0,1,200,0.01,0.05,0.015,0.06,0.865
Mixed,"Cost=False, Flapping=True",2,10048,112.99166666666657,0.06499999999999995,8.275,0,4,200,0.015,0.125,0.06,0.075,0.725
Mixed,"Cost=False, Flapping=True",2,10049,115.72499999999977,0.06000000000000005,8.235,0,4,200,0.0,0.095,0.06,0.025,0.82
Mixed,"Cost=False, Flapping=True",2,10050,131.76333333333338,0.010000000000000009,7.37,0,4,200,0.02,0.055,0.065,0.105,0.755
Mixed,"Cost=False, Flapping=True",2,10051,95.1866666666666,0.17000000000000004,7.51,0,9,200,0.01,0.185,0.11,0.045,0.65
Mixed,"Cost=False, Flapping=True",2,10052,92.41333333333326,0.125,9.02,0,7,200,0.01,0.21,0.09,0.08,0.61
Mixed,"Cost=False, Flapping=True",2,10053,124.13666666666684,0.06000000000000005,7.21,0,2,200,0.02,0.08,0.04,0.095,0.765
Mixed,"Cost=False, Flapping=True",2,10054,73.12000000000003,0.18999999999999995,9.03,0,14,200,0.025,0.315,0.17,0.07,0.42
Mixed,"Cost=False, Flapping=True",2,10055,97.45166666666653,0.10499999999999998,8.545,0,10,200,0.025,0.225,0.125,0.085,0.54
Mixed,"Cost=False, Flapping=True",2,10056,118.88166666666659,0.08499999999999996,6.775,0,8,200,0.015,0.13,0.12,0.065,0.67
Mixed,"Cost=False, Flapping=True",2,10057,117.72666666666645,0.07499999999999996,7.48,0,6,200,0.0,0.115,0.065,0.035,0.785
Mixed,"Cost=False, Flapping=True",2,10058,102.00333333333329,0.09499999999999997,8.48,0,8,200,0.015,0.165,0.13,0.12,0.57
Mixed,"Cost=False, Flapping=True",2,10059,93.41333333333336,0.14500000000000002,8.0,0,11,200,0.025,0.205,0.155,0.08,0.535
Mixed,"Cost=False, Flapping=True",2,10060,120.2333333333331,0.050000000000000044,7.67,0,5,200,0.015,0.115,0.09,0.1,0.68
Mixed,"Cost=False, Flapping=True",2,10061,106.29499999999997,0.08999999999999997,8.055,0,9,200,0.015,0.155,0.125,0.095,0.61
Mixed,"Cost=False, Flapping=True",2,10062,102.81166666666657,0.10499999999999998,8.215,0,9,200,0.005,0.155,0.12,0.045,0.675
Mixed,"Cost=False, Flapping=True",2,10063,102.67166666666681,0.09999999999999998,8.335,0,8,200,0.005,0.195,0.14,0.055,0.605
Mixed,"Cost=False, Flapping=True",2,10064,113.02833333333335,0.03500000000000003,8.915,0,5,200,0.02,0.075,0.065,0.145,0.695
Mixed,"Cost=False, Flapping=True",2,10065,110.97000000000008,0.06999999999999995,8.16,0,7,200,0.02,0.12,0.085,0.07,0.705
Mixed,"Cost=False, Flapping=True",2,10066,130.36833333333337,0.020000000000000018,7.355,0,3,200,0.02,0.055,0.055,0.135,0.735
Mixed,"Cost=False, Flapping=True",2,10067,108.03166666666657,0.09999999999999998,8.035,0,4,200,0.01,0.16,0.065,0.04,0.725
Mixed,"Cost=False, Flapping=True",2,10068,103.26833333333333,0.12,7.985,0,6,200,0.01,0.15,0.075,0.085,0.68
Mixed,"Cost=False, Flapping=True",2,10069,92.18999999999988,0.14,8.76,0,5,200,0.015,0.17,0.125,0.115,0.575
Mixed,"Cost=False, Flapping=True",2,10070,112.25833333333338,0.08499999999999996,7.955,0,3,200,0.005,0.17,0.075,0.05,0.7
Mixed,"Cost=False, Flapping=True",2,10071,119.86000000000018,0.04500000000000004,8.13,0,2,200,0.015,0.06,0.045,0.11,0.77
Mixed,"Cost=False, Flapping=True",2,10072,130.43000000000023,0.015000000000000013,7.68,0,2,200,0.01,0.035,0.04,0.055,0.86
Mixed,"Cost=False, Flapping=True",2,10073,92.82833333333328,0.15500000000000003,8.435,0,5,200,0.005,0.21,0.08,0.045,0.66
Mixed,"Cost=False, Flapping=True",2,10074,94.45499999999998,0.17000000000000004,7.665,0,7,200,0.01,0.225,0.11,0.055,0.6
Mixed,"Cost=False, Flapping=True",2,10075,104.48166666666657,0.12,7.645,0,8,200,0.01,0.165,0.13,0.065,0.63
Mixed,"Cost=False, Flapping=True",2,10076,97.01166666666687,0.135,8.455,0,4,200,0.01,0.185,0.07,0.095,0.64
Mixed,"Cost=False, Flapping=True",2,10077,114.16333333333314,0.07499999999999996,7.61,0,8,200,0.01,0.15,0.12,0.03,0.69
Mixed,"Cost=False, Flapping=True",2,10078,123.5599999999996,0.040000000000000036,7.44,0,8,200,0.005,0.105,0.095,0.035,0.76
Mixed,"Cost=False, Flapping=True",2,10079,104.56000000000013,0.13,7.62,0,5,200,0.01,0.135,0.105,0.11,0.64
Mixed,"Cost=False, Flapping=True",2,10080,129.97166666666675,0.040000000000000036,7.075,0,3,200,0.005,0.06,0.055,0.03,0.85
Mixed,"Cost=False, Flapping=True",2,10081,62.38500000000002,0.22999999999999998,9.435,0,13,200,0.02,0.35,0.155,0.06,0.415
Mixed,"Cost=False, Flapping=True",2,10082,115.23999999999987,0.07999999999999996,7.74,0,3,200,0.015,0.105,0.055,0.065,0.76
Mixed,"Cost=False, Flapping=True",2,10083,120.96333333333317,0.06499999999999995,7.22,0,5,200,0.02,0.1,0.075,0.105,0.7
Mixed,"Cost=False, Flapping=True",2,10084,90.50333333333326,0.125,9.2,0,7,200,0.01,0.225,0.11,0.095,0.56
Mixed,"Cost=False, Flapping=True",2,10085,129.74833333333305,0.015000000000000013,7.805,0,1,200,0.01,0.06,0.015,0.09,0.825
Mixed,"Cost=False, Flapping=True",2,10086,66.10333333333347,0.25,9.11,0,6,200,0.02,0.285,0.055,0.095,0.545
Mixed,"Cost=False, Flapping=True",2,10087,97.42833333333336,0.12,8.255,0,11,200,0.01,0.195,0.135,0.095,0.565
Mixed,"Cost=False, Flapping=True",2,10088,114.08333333333336,0.08999999999999997,7.46,0,4,200,0.02,0.14,0.075,0.1,0.665
Mixed,"Cost=False, Flapping=True",2,10089,127.66999999999985,0.03500000000000003,7.44,0,1,200,0.025,0.05,0.035,0.12,0.77
Mixed,"Cost=False, Flapping=True",2,10090,117.24166666666662,0.09999999999999998,6.805,0,6,200,0.01,0.145,0.08,0.05,0.715
Mixed,"Cost=False, Flapping=True",2,10091,130.85999999999973,0.020000000000000018,7.29,0,5,200,0.005,0.075,0.07,0.035,0.815
Mixed,"Cost=False, Flapping=True",2,10092,74.72,0.20999999999999996,8.85,0,10,200,0.0,0.29,0.155,0.02,0.535
Mixed,"Cost=False, Flapping=True",2,10093,115.34666666666664,0.06499999999999995,7.87,0,6,200,0.01,0.13,0.095,0.055,0.71
Mixed,"Cost=False, Flapping=True",2,10094,95.06499999999991,0.125,8.445,0,9,200,0.02,0.22,0.13,0.09,0.54
Mixed,"Cost=False, Flapping=True",2,10095,97.88333333333325,0.11499999999999999,8.48,0,8,200,0.015,0.21,0.115,0.075,0.585
Mixed,"Cost=False, Flapping=True",2,10096,99.09666666666652,0.12,8.05,0,9,200,0.025,0.18,0.14,0.155,0.5
Mixed,"Cost=False, Flapping=True",2,10097,106.17500000000001,0.14,7.305,0,3,200,0.015,0.19,0.045,0.05,0.7
Mixed,"Cost=False, Flapping=True",2,10098,81.53833333333328,0.19999999999999996,8.405,0,8,200,0.01,0.235,0.115,0.08,0.56
Mixed,"Cost=False, Flapping=True",2,10099,81.79333333333324,0.17000000000000004,9.2,0,6,200,0.015,0.255,0.085,0.06,0.585
Mixed,"Cost=False, Flapping=True",3,10000,122.80666666666684,0.04500000000000004,7.9,0,0,200,0.015,0.09,0.0,0.14,0.755
Mixed,"Cost=False, Flapping=True",3,10001,114.93166666666659,0.04500000000000004,8.065,0,8,200,0.045,0.125,0.085,0.015,0.73
Mixed,"Cost=False, Flapping=True",3,10002,92.40499999999999,0.12,8.715,0,10,200,0.03,0.275,0.12,0.055,0.52
Mixed,"Cost=False, Flapping=True",3,10003,85.38666666666673,0.18000000000000005,8.32,0,9,200,0.025,0.22,0.09,0.045,0.62
Mixed,"Cost=False, Flapping=True",3,10004,63.441666666666706,0.24,9.265,0,11,200,0.02,0.32,0.115,0.075,0.47
Mixed,"Cost=False, Flapping=True",3,10005,111.42833333333327,0.09999999999999998,7.625,0,3,200,0.015,0.12,0.065,0.195,0.605
Mixed,"Cost=False, Flapping=True",3,10006,114.47833333333334,0.06999999999999995,7.445,0,10,200,0.015,0.18,0.14,0.095,0.57
Mixed,"Cost=False, Flapping=True",3,10007,91.02499999999993,0.125,9.135,0,7,200,0.02,0.245,0.06,0.025,0.65
Mixed,"Cost=False, Flapping=True",3,10008,128.51166666666654,0.03500000000000003,7.225,0,3,200,0.015,0.12,0.05,0.045,0.77
Mixed,"Cost=False, Flapping=True",3,10009,115.27666666666657,0.06499999999999995,7.69,0,7,200,0.02,0.175,0.095,0.06,0.65
Mixed,"Cost=False, Flapping=True",3,10010,107.29500000000013,0.08999999999999997,7.905,0,7,200,0.035,0.165,0.14,0.045,0.615
Mixed,"Cost=False, Flapping=True",3,10011,124.34666666666674,0.03500000000000003,7.81,0,2,200,0.015,0.075,0.05,0.105,0.755
Mixed,"Cost=False, Flapping=True",3,10012,106.75833333333343,0.08499999999999996,8.165,0,6,200,0.025,0.205,0.095,0.175,0.5
Mixed,"Cost=False, Flapping=True",3,10013,133.06333333333347,0.015000000000000013,6.95,0,5,200,0.02,0.105,0.095,0.08,0.7
Mixed,"Cost=False, Flapping=True",3,10014,94.12499999999991,0.125,8.535,0,10,200,0.015,0.225,0.13,0.075,0.555
Mixed,"Cost=False, Flapping=True",3,10015,123.93833333333353,0.05500000000000005,7.205,0,4,200,0.01,0.1,0.08,0.155,0.655
Mixed,"Cost=False, Flapping=True",3,10016,79.9933333333333,0.20499999999999996,8.39,0,7,200,0.02,0.31,0.115,0.035,0.52
Mixed,"Cost=False, Flapping=True",3,10017,107.70333333333339,0.10499999999999998,7.79,0,5,200,0.02,0.15,0.09,0.07,0.67
Mixed,"Cost=False, Flapping=True",3,10018,108.51666666666671,0.07999999999999996,8.08,0,8,200,0.02,0.16,0.085,0.125,0.61
Mixed,"Cost=False, Flapping=True",3,10019,129.8616666666666,0.04500000000000004,6.715,0,4,200,0.025,0.08,0.07,0.045,0.78
Mixed,"Cost=False, Flapping=True",3,10020,119.40166666666669,0.06000000000000005,7.255,0,9,200,0.015,0.115,0.125,0.085,0.66
Mixed,"Cost=False, Flapping=True",3,10021,116.69,0.025000000000000022,8.34,0,9,200,0.025,0.11,0.115,0.14,0.61
Mixed,"Cost=False, Flapping=True",3,10022,106.36833333333344,0.10499999999999998,7.895,0,7,200,0.015,0.175,0.065,0.01,0.735
Mixed,"Cost=False, Flapping=True",3,10023,90.00000000000009,0.135,8.91,0,10,200,0.005,0.22,0.095,0.075,0.605
Mixed,"Cost=False, Flapping=True",3,10024,101.03166666666655,0.07999999999999996,8.425,0,14,200,0.03,0.23,0.16,0.015,0.565
Mixed,"Cost=False, Flapping=True",3,10025,101.29666666666667,0.10999999999999999,8.05,0,10,200,0.02,0.235,0.095,0.03,0.62
Mixed,"Cost=False, Flapping=True",3,10026,101.67500000000001,0.10999999999999999,8.085,0,9,200,0.02,0.18,0.105,0.1,0.595
Mixed,"Cost=False, Flapping=True",3,10027,116.82999999999984,0.07499999999999996,7.41,0,6,200,0.01,0.125,0.105,0.13,0.63
Mixed,"Cost=False, Flapping=True",3,10028,112.5400000000001,0.09999999999999998,7.17,0,6,200,0.025,0.165,0.12,0.09,0.6
Mixed,"Cost=False, Flapping=True",3,10029,102.60499999999999,0.08999999999999997,8.535,0,7,200,0.025,0.215,0.09,0.055,0.615
Mixed,"Cost=False, Flapping=True",3,10030,116.63999999999972,0.06000000000000005,7.98,0,4,200,0.01,0.15,0.05,0.065,0.725
Mixed,"Cost=False, Flapping=True",3,10031,100.13166666666672,0.10499999999999998,8.365,0,8,200,0.025,0.225,0.115,0.065,0.57
Mixed,"Cost=False, Flapping=True",3,10032,105.31500000000001,0.10499999999999998,8.085,0,6,200,0.005,0.155,0.09,0.14,0.61
Mixed,"Cost=False, Flapping=True",3,10033,98.2083333333333,0.07499999999999996,9.125,0,11,200,0.02,0.24,0.145,0.05,0.545
Mixed,"Cost=False, Flapping=True",3,10034,109.51500000000014,0.08999999999999997,7.935,0,7,200,0.005,0.135,0.095,0.065,0.7
Mixed,"Cost=False, Flapping=True",3,10035,109.3350000000001,0.06499999999999995,8.205,0,10,200,0.02,0.19,0.085,0.085,0.62
Mixed,"Cost=False, Flapping=True",3,10036,74.82666666666668,0.20499999999999996,8.86,0,9,200,0.02,0.315,0.125,0.06,0.48
Mixed,"Cost=False, Flapping=True",3,10037,118.60499999999986,0.030000000000000027,8.175,0,7,200,0.03,0.08,0.075,0.105,0.71
Mixed,"Cost=False, Flapping=True",3,10038,100.06999999999991,0.08999999999999997,8.91,0,6,200,0.025,0.22,0.08,0.045,0.63
Mixed,"Cost=False, Flapping=True",3,10039,102.03499999999974,0.12,8.205,0,5,200,0.005,0.19,0.075,0.035,0.695
Mixed,"Cost=False, Flapping=True",3,10040,131.70166666666682,0.030000000000000027,7.075,0,3,200,0.005,0.06,0.06,0.085,0.79
Mixed,"Cost=False, Flapping=True",3,10041,118.4466666666668,0.06000000000000005,7.57,0,6,200,0.02,0.15,0.065,0.03,0.735
Mixed,"Cost=False, Flapping=True",3,10042,85.87833333333343,0.17000000000000004,8.585,0,8,200,0.01,0.25,0.11,0.095,0.535
Mixed,"Cost=False, Flapping=True",3,10043,101.82666666666663,0.11499999999999999,7.84,0,10,200,0.02,0.23,0.12,0.035,0.595
Mixed,"Cost=False, Flapping=True",3,10044,84.49166666666659,0.18500000000000005,8.275,0,9,200,0.025,0.235,0.09,0.075,0.575
Mixed,"Cost=False, Flapping=True",3,10045,55.555000000000014,0.25,9.645,0,13,200,0.035,0.425,0.11,0.03,0.4
Mixed,"Cost=False, Flapping=True",3,10046,112.87500000000004,0.07999999999999996,7.575,0,5,200,0.03,0.2,0.13,0.1,0.54
Mixed,"Cost=False, Flapping=True",3,10047,128.2649999999999,0.015000000000000013,7.665,0,5,200,0.015,0.095,0.035,0.04,0.815
Mixed,"Cost=False, Flapping=True",3,10048,101.74666666666654,0.10999999999999999,8.11,0,8,200,0.02,0.215,0.1,0.08,0.585
Mixed,"Cost=False, Flapping=True",3,10049,114.55333333333313,0.06999999999999995,7.76,0,7,200,0.015,0.13,0.08,0.07,0.705
Mixed,"Cost=False, Flapping=True",3,10050,134.0583333333331,0.020000000000000018,7.055,0,2,200,0.015,0.035,0.05,0.1,0.8
Mixed,"Cost=False, Flapping=True",3,10051,100.95333333333323,0.15500000000000003,7.07,0,9,200,0.015,0.185,0.11,0.195,0.495
Mixed,"Cost=False, Flapping=True",3,10052,89.59666666666666,0.15000000000000002,8.62,0,8,200,0.01,0.245,0.1,0.13,0.515
Mixed,"Cost=False, Flapping=True",3,10053,130.41666666666674,0.040000000000000036,6.91,0,2,200,0.02,0.075,0.055,0.125,0.725
Mixed,"Cost=False, Flapping=True",3,10054,89.41333333333324,0.16000000000000003,8.09,0,10,200,0.04,0.26,0.105,0.03,0.565
Mixed,"Cost=False, Flapping=True",3,10055,100.3933333333332,0.10999999999999999,8.12,0,10,200,0.025,0.21,0.1,0.085,0.58
Mixed,"Cost=False, Flapping=True",3,10056,119.94833333333331,0.06999999999999995,6.995,0,8,200,0.015,0.13,0.11,0.115,0.63
Mixed,"Cost=False, Flapping=True",3,10057,119.3666666666666,0.06000000000000005,7.63,0,5,200,0.0,0.125,0.07,0.15,0.655
Mixed,"Cost=False, Flapping=True",3,10058,106.10999999999989,0.08499999999999996,8.07,0,11,200,0.025,0.14,0.11,0.035,0.69
Mixed,"Cost=False, Flapping=True",3,10059,112.43000000000002,0.06999999999999995,8.07,0,5,200,0.025,0.09,0.08,0.155,0.65
Mixed,"Cost=False, Flapping=True",3,10060,118.80666666666657,0.040000000000000036,7.96,0,7,200,0.02,0.125,0.075,0.04,0.74
Mixed,"Cost=False, Flapping=True",3,10061,93.54999999999998,0.10499999999999998,8.91,0,9,200,0.035,0.31,0.11,0.1,0.445
Mixed,"Cost=False, Flapping=True",3,10062,95.41833333333348,0.15000000000000002,7.625,0,12,200,0.015,0.22,0.15,0.11,0.505
Mixed,"Cost=False, Flapping=True",3,10063,103.53166666666681,0.08499999999999996,8.365,0,9,200,0.015,0.245,0.125,0.165,0.45
Mixed,"Cost=False, Flapping=True",3,10064,102.63833333333334,0.06499999999999995,8.855,0,11,200,0.03,0.165,0.12,0.105,0.58
Mixed,"Cost=False, Flapping=True",3,10065,104.29333333333314,0.10499999999999998,7.82,0,9,200,0.03,0.165,0.115,0.11,0.58
Mixed,"Cost=False, Flapping=True",3,10066,123.99166666666656,0.04500000000000004,7.105,0,8,200,0.01,0.13,0.14,0.125,0.595
Mixed,"Cost=False, Flapping=True",3,10067,112.32999999999991,0.06999999999999995,8.16,0,4,200,0.015,0.175,0.07,0.08,0.66
Mixed,"Cost=False, Flapping=True",3,10068,106.88666666666661,0.08999999999999997,8.05,0,7,200,0.025,0.2,0.085,0.045,0.645
Mixed,"Cost=False, Flapping=True",3,10069,104.50000000000014,0.10499999999999998,7.8,0,9,200,0.025,0.175,0.115,0.15,0.535
Mixed,"Cost=False, Flapping=True",3,10070,110.04333333333331,0.07499999999999996,8.24,0,5,200,0.005,0.235,0.08,0.085,0.595
Mixed,"Cost=False, Flapping=True",3,10071,107.79333333333342,0.10499999999999998,8.0,0,2,200,0.02,0.15,0.05,0.085,0.695
Mixed,"Cost=False, Flapping=True",3,10072,122.50000000000004,0.03500000000000003,7.89,0,4,200,0.015,0.08,0.075,0.075,0.755
Mixed,"Cost=False, Flapping=True",3,10073,92.35833333333332,0.15000000000000002,8.465,0,6,200,0.02,0.195,0.085,0.025,0.675
Mixed,"Cost=False, Flapping=True",3,10074,92.56166666666665,0.16500000000000004,7.795,0,9,200,0.015,0.25,0.13,0.07,0.535
Mixed,"Cost=False, Flapping=True",3,10075,119.89666666666649,0.07499999999999996,7.09,0,5,200,0.02,0.115,0.085,0.08,0.7
Mixed,"Cost=False, Flapping=True",3,10076,86.81833333333341,0.18000000000000005,8.105,0,10,200,0.02,0.23,0.1,0.035,0.615
Mixed,"Cost=False, Flapping=True",3,10077,109.53999999999989,0.08499999999999996,7.83,0,8,200,0.015,0.2,0.115,0.04,0.63
Mixed,"Cost=False, Flapping=True",3,10078,121.26666666666644,0.04500000000000004,7.51,0,9,200,0.005,0.115,0.1,0.05,0.73
Mixed,"Cost=False, Flapping=True",3,10079,103.01833333333329,0.11499999999999999,7.955,0,8,200,0.01,0.15,0.095,0.16,0.585
Mixed,"Cost=False, Flapping=True",3,10080,136.285,0.020000000000000018,6.915,0,1,200,0.005,0.055,0.04,0.085,0.815
Mixed,"Cost=False, Flapping=True",3,10081,61.85333333333335,0.26,8.78,0,12,200,0.02,0.405,0.165,0.02,0.39
Mixed,"Cost=False, Flapping=True",3,10082,110.3366666666665,0.06000000000000005,8.23,0,9,200,0.025,0.185,0.105,0.045,0.64
Mixed,"Cost=False, Flapping=True",3,10083,108.1383333333334,0.08999999999999997,8.195,0,4,200,0.015,0.135,0.07,0.155,0.625
Mixed,"Cost=False, Flapping=True",3,10084,83.73499999999996,0.15500000000000003,9.015,0,9,200,0.02,0.29,0.11,0.11,0.47
Mixed,"Cost=False, Flapping=True",3,10085,124.30333333333323,0.030000000000000027,7.61,0,4,200,0.025,0.18,0.07,0.07,0.655
Mixed,"Cost=False, Flapping=True",3,10086,120.66833333333324,0.06000000000000005,7.355,0,5,200,0.02,0.115,0.075,0.11,0.68
Mixed,"Cost=False, Flapping=True",3,10087,102.23499999999996,0.11499999999999999,7.965,0,8,200,0.02,0.17,0.115,0.085,0.61
Mixed,"Cost=False, Flapping=True",3,10088,108.63166666666659,0.07999999999999996,8.035,0,8,200,0.02,0.195,0.09,0.09,0.605
Mixed,"Cost=False, Flapping=True",3,10089,104.42666666666666,0.09499999999999997,8.23,0,7,200,0.025,0.205,0.05,0.11,0.61
Mixed,"Cost=False, Flapping=True",3,10090,122.77166666666648,0.06499999999999995,6.925,0,6,200,0.01,0.13,0.09,0.18,0.59
Mixed,"Cost=False, Flapping=True",3,10091,129.51,0.05500000000000005,6.45,0,6,200,0.01,0.085,0.085,0.11,0.71
Mixed,"Cost=False, Flapping=True",3,10092,79.75166666666664,0.19499999999999995,8.605,0,9,200,0.005,0.315,0.135,0.06,0.485
Mixed,"Cost=False, Flapping=True",3,10093,105.62333333333349,0.08499999999999996,8.18,0,11,200,0.01,0.175,0.11,0.065,0.64
Mixed,"Cost=False, Flapping=True",3,10094,115.24833333333338,0.03500000000000003,8.225,0,8,200,0.035,0.16,0.115,0.09,0.6
Mixed,"Cost=False, Flapping=True",3,10095,95.36999999999996,0.11499999999999999,8.34,0,13,200,0.03,0.225,0.12,0.095,0.53
Mixed,"Cost=False, Flapping=True",3,10096,111.7116666666665,0.06999999999999995,8.005,0,8,200,0.02,0.115,0.095,0.07,0.7
Mixed,"Cost=False, Flapping=True",3,10097,110.69999999999997,0.10499999999999998,7.71,0,2,200,0.01,0.17,0.035,0.1,0.685
Mixed,"Cost=False, Flapping=True",3,10098,82.09333333333329,0.20999999999999996,8.06,0,6,200,0.025,0.29,0.11,0.06,0.515
Mixed,"Cost=False, Flapping=True",3,10099,92.17833333333334,0.14500000000000002,8.375,0,8,200,0.02,0.26,0.095,0.07,0.555
Mixed,"Cost=False, Flapping=True",4,10000,121.50166666666657,0.03500000000000003,7.825,0,4,200,0.02,0.115,0.06,0.335,0.47
Mixed,"Cost=False, Flapping=True",4,10001,109.8133333333333,0.06499999999999995,8.27,0,7,200,0.03,0.11,0.065,0.305,0.49
Mixed,"Cost=False, Flapping=True",4,10002,86.86499999999997,0.15000000000000002,8.505,0,13,200,0.02,0.255,0.135,0.165,0.425
Mixed,"Cost=False, Flapping=True",4,10003,116.59666666666658,0.04500000000000004,7.84,0,9,200,0.015,0.155,0.11,0.255,0.465
Mixed,"Cost=False, Flapping=True",4,10004,72.13333333333331,0.22499999999999998,8.75,0,9,200,0.01,0.32,0.105,0.15,0.415
Mixed,"Cost=False, Flapping=True",4,10005,84.75833333333334,0.15000000000000002,8.915,0,10,200,0.02,0.285,0.13,0.15,0.415
Mixed,"Cost=False, Flapping=True",4,10006,110.17999999999994,0.08999999999999997,7.71,0,7,200,0.01,0.15,0.105,0.23,0.505
Mixed,"Cost=False, Flapping=True",4,10007,71.76666666666672,0.235,8.53,0,8,200,0.015,0.35,0.115,0.15,0.37
Mixed,"Cost=False, Flapping=True",4,10008,130.17833333333337,0.015000000000000013,7.385,0,3,200,0.015,0.075,0.055,0.395,0.46
Mixed,"Cost=False, Flapping=True",4,10009,112.71833333333329,0.06000000000000005,8.075,0,7,200,0.005,0.17,0.095,0.385,0.345
Mixed,"Cost=False, Flapping=True",4,10010,105.94166666666663,0.10499999999999998,7.855,0,6,200,0.015,0.145,0.105,0.3,0.435
Mixed,"Cost=False, Flapping=True",4,10011,119.7199999999999,0.03500000000000003,8.19,0,4,200,0.01,0.095,0.07,0.195,0.63
Mixed,"Cost=False, Flapping=True",4,10012,106.93166666666653,0.08999999999999997,8.125,0,5,200,0.015,0.185,0.105,0.265,0.43
Mixed,"Cost=False, Flapping=True",4,10013,123.05499999999995,0.03500000000000003,7.665,0,5,200,0.005,0.09,0.095,0.355,0.455
Mixed,"Cost=False, Flapping=True",4,10014,105.1733333333333,0.06499999999999995,8.75,0,8,200,0.015,0.2,0.105,0.24,0.44
Mixed,"Cost=False, Flapping=True",4,10015,110.75666666666663,0.050000000000000044,8.5,0,7,200,0.015,0.185,0.07,0.365,0.365
Mixed,"Cost=False, Flapping=True",4,10016,74.72499999999997,0.22999999999999998,8.535,0,5,200,0.01,0.335,0.1,0.175,0.38
Mixed,"Cost=False, Flapping=True",4,10017,106.52499999999999,0.09499999999999997,7.905,0,9,200,0.01,0.165,0.105,0.2,0.52
Mixed,"Cost=False, Flapping=True",4,10018,94.86166666666654,0.14500000000000002,8.125,0,5,200,0.03,0.205,0.08,0.32,0.365
Mixed,"Cost=False, Flapping=True",4,10019,128.9083333333333,0.03500000000000003,7.085,0,3,200,0.01,0.1,0.065,0.325,0.5
Mixed,"Cost=False, Flapping=True",4,10020,110.46999999999986,0.05500000000000005,8.13,0,13,200,0.01,0.125,0.135,0.27,0.46
Mixed,"Cost=False, Flapping=True",4,10021,112.4666666666666,0.06999999999999995,7.93,0,5,200,0.025,0.165,0.1,0.2,0.51
Mixed,"Cost=False, Flapping=True",4,10022,113.30666666666656,0.07499999999999996,7.72,0,5,200,0.02,0.145,0.095,0.315,0.425
Mixed,"Cost=False, Flapping=True",4,10023,94.25166666666672,0.125,8.755,0,7,200,0.005,0.23,0.095,0.185,0.485
Mixed,"Cost=False, Flapping=True",4,10024,113.16499999999995,0.025000000000000022,8.715,0,9,200,0.025,0.135,0.11,0.19,0.54
Mixed,"Cost=False, Flapping=True",4,10025,113.78833333333331,0.07999999999999996,7.655,0,3,200,0.02,0.19,0.06,0.305,0.425
Mixed,"Cost=False, Flapping=True",4,10026,106.08666666666672,0.08999999999999997,8.17,0,7,200,0.005,0.185,0.09,0.32,0.4
Mixed,"Cost=False, Flapping=True",4,10027,129.84666666666664,0.025000000000000022,7.09,0,5,200,0.01,0.08,0.075,0.355,0.48
Mixed,"Cost=False, Flapping=True",4,10028,108.57333333333327,0.08999999999999997,7.85,0,5,200,0.02,0.165,0.1,0.415,0.3
Mixed,"Cost=False, Flapping=True",4,10029,105.8283333333331,0.07999999999999996,8.435,0,6,200,0.015,0.175,0.085,0.345,0.38
Mixed,"Cost=False, Flapping=True",4,10030,123.59666666666672,0.040000000000000036,7.45,0,5,200,0.01,0.13,0.08,0.28,0.5
Mixed,"Cost=False, Flapping=True",4,10031,69.61666666666662,0.245,8.62,0,7,200,0.01,0.345,0.1,0.25,0.295
Mixed,"Cost=False, Flapping=True",4,10032,104.14000000000004,0.11499999999999999,7.89,0,6,200,0.0,0.18,0.105,0.315,0.4
Mixed,"Cost=False, Flapping=True",4,10033,95.48000000000005,0.10999999999999999,8.79,0,10,200,0.0,0.235,0.14,0.13,0.495
Mixed,"Cost=False, Flapping=True",4,10034,97.68166666666669,0.10999999999999999,8.395,0,9,200,0.015,0.29,0.12,0.215,0.36
Mixed,"Cost=False, Flapping=True",4,10035,55.31833333333336,0.28500000000000003,9.035,0,11,200,0.015,0.41,0.125,0.16,0.29
Mixed,"Cost=False, Flapping=True",4,10036,83.12166666666671,0.18500000000000005,8.665,0,5,200,0.02,0.255,0.08,0.155,0.49
Mixed,"Cost=False, Flapping=True",4,10037,116.44333333333323,0.06499999999999995,7.76,0,5,200,0.01,0.135,0.06,0.21,0.585
Mixed,"Cost=False, Flapping=True",4,10038,103.95999999999992,0.08499999999999996,8.61,0,6,200,0.01,0.225,0.09,0.135,0.54
Mixed,"Cost=False, Flapping=True",4,10039,90.14166666666675,0.14500000000000002,8.785,0,6,200,0.005,0.305,0.09,0.1,0.5
Mixed,"Cost=False, Flapping=True",4,10040,119.05999999999972,0.025000000000000022,8.31,0,6,200,0.005,0.065,0.07,0.51,0.35
Mixed,"Cost=False, Flapping=True",4,10041,110.86833333333328,0.06000000000000005,8.375,0,6,200,0.01,0.135,0.065,0.435,0.355
Mixed,"Cost=False, Flapping=True",4,10042,88.08000000000006,0.16500000000000004,8.55,0,6,200,0.005,0.265,0.11,0.155,0.465
Mixed,"Cost=False, Flapping=True",4,10043,104.68500000000004,0.07999999999999996,8.535,0,8,200,0.005,0.23,0.095,0.16,0.51
Mixed,"Cost=False, Flapping=True",4,10044,89.69166666666658,0.15500000000000003,8.545,0,5,200,0.015,0.295,0.105,0.175,0.41
Mixed,"Cost=False, Flapping=True",4,10045,86.11166666666675,0.16000000000000003,8.605,0,9,200,0.015,0.27,0.11,0.245,0.36
Mixed,"Cost=False, Flapping=True",4,10046,112.21333333333328,0.06000000000000005,8.0,0,8,200,0.025,0.16,0.1,0.255,0.46
Mixed,"Cost=False, Flapping=True",4,10047,122.80666666666671,0.030000000000000027,7.81,0,5,200,0.01,0.15,0.045,0.265,0.53
Mixed,"Cost=False, Flapping=True",4,10048,111.06666666666663,0.06499999999999995,8.14,0,7,200,0.02,0.125,0.075,0.35,0.43
Mixed,"Cost=False, Flapping=True",4,10049,115.26666666666667,0.050000000000000044,8.26,0,5,200,0.0,0.135,0.065,0.35,0.45
Mixed,"Cost=False, Flapping=True",4,10050,132.90499999999997,0.020000000000000018,6.885,0,3,200,0.02,0.07,0.08,0.38,0.45
Mixed,"Cost=False, Flapping=True",4,10051,97.74499999999982,0.15000000000000002,7.785,0,4,200,0.02,0.17,0.08,0.42,0.31
Mixed,"Cost=False, Flapping=True",4,10052,96.03166666666672,0.14,8.035,0,7,200,0.015,0.25,0.095,0.29,0.35
Mixed,"Cost=False, Flapping=True",4,10053,128.88666666666654,0.030000000000000027,7.18,0,2,200,0.02,0.09,0.06,0.395,0.435
Mixed,"Cost=False, Flapping=True",4,10054,90.12333333333339,0.14500000000000002,8.6,0,6,200,0.03,0.31,0.065,0.165,0.43
Mixed,"Cost=False, Flapping=True",4,10055,98.8933333333334,0.11499999999999999,8.12,0,9,200,0.025,0.21,0.12,0.285,0.36
Mixed,"Cost=False, Flapping=True",4,10056,99.60666666666668,0.125,7.9,0,10,200,0.01,0.165,0.135,0.24,0.45
Mixed,"Cost=False, Flapping=True",4,10057,119.42666666666645,0.06999999999999995,7.36,0,4,200,0.0,0.13,0.08,0.285,0.505
Mixed,"Cost=False, Flapping=True",4,10058,115.09166666666661,0.03500000000000003,8.545,0,5,200,0.02,0.12,0.09,0.225,0.545
Mixed,"Cost=False, Flapping=True",4,10059,109.3283333333334,0.09999999999999998,7.595,0,6,200,0.02,0.125,0.085,0.27,0.5
Mixed,"Cost=False, Flapping=True",4,10060,123.28666666666652,0.025000000000000022,7.96,0,3,200,0.015,0.11,0.07,0.295,0.51
Mixed,"Cost=False, Flapping=True",4,10061,98.925,0.10999999999999999,8.355,0,8,200,0.015,0.24,0.125,0.225,0.395
Mixed,"Cost=False, Flapping=True",4,10062,95.13166666666658,0.09499999999999997,8.935,0,13,200,0.01,0.245,0.13,0.14,0.475
Mixed,"Cost=False, Flapping=True",4,10063,101.43500000000016,0.11499999999999999,8.085,0,7,200,0.005,0.225,0.13,0.21,0.43
Mixed,"Cost=False, Flapping=True",4,10064,97.57333333333332,0.10499999999999998,8.66,0,9,200,0.015,0.195,0.125,0.165,0.5
Mixed,"Cost=False, Flapping=True",4,10065,75.48666666666664,0.17500000000000004,9.16,0,14,200,0.02,0.295,0.155,0.12,0.41
Mixed,"Cost=False, Flapping=True",4,10066,125.54499999999993,0.030000000000000027,7.305,0,7,200,0.01,0.115,0.125,0.27,0.48
Mixed,"Cost=False, Flapping=True",4,10067,112.40333333333326,0.07499999999999996,7.94,0,4,200,0.02,0.13,0.075,0.295,0.48
Mixed,"Cost=False, Flapping=True",4,10068,115.49999999999984,0.040000000000000036,8.04,0,10,200,0.025,0.11,0.1,0.225,0.54
Mixed,"Cost=False, Flapping=True",4,10069,63.41666666666667,0.255,9.16,0,7,200,0.02,0.305,0.1,0.125,0.45
Mixed,"Cost=False, Flapping=True",4,10070,110.79333333333335,0.06999999999999995,8.09,0,7,200,0.005,0.235,0.08,0.21,0.47
Mixed,"Cost=False, Flapping=True",4,10071,116.80999999999987,0.03500000000000003,8.16,0,7,200,0.025,0.15,0.075,0.235,0.515
Mixed,"Cost=False, Flapping=True",4,10072,126.89666666666666,0.0,7.96,0,5,200,0.02,0.09,0.085,0.33,0.475
Mixed,"Cost=False, Flapping=True",4,10073,94.45499999999993,0.14500000000000002,8.265,0,6,200,0.02,0.195,0.08,0.18,0.525
Mixed,"Cost=False, Flapping=True",4,10074,88.06499999999996,0.18000000000000005,7.905,0,9,200,0.01,0.255,0.135,0.265,0.335
Mixed,"Cost=False, Flapping=True",4,10075,112.76166666666657,0.09499999999999997,7.285,0,5,200,0.015,0.19,0.115,0.27,0.41
Mixed,"Cost=False, Flapping=True",4,10076,103.04166666666669,0.08499999999999996,8.725,0,6,200,0.01,0.185,0.08,0.25,0.475
Mixed,"Cost=False, Flapping=True",4,10077,120.10999999999994,0.030000000000000027,7.98,0,6,200,0.015,0.12,0.105,0.31,0.45
Mixed,"Cost=False, Flapping=True",4,10078,120.875,0.040000000000000036,7.665,0,7,200,0.01,0.105,0.08,0.325,0.48
Mixed,"Cost=False, Flapping=True",4,10079,102.00166666666668,0.125,7.765,0,7,200,0.015,0.195,0.09,0.26,0.44
Mixed,"Cost=False, Flapping=True",4,10080,126.73166666666667,0.030000000000000027,7.495,0,3,200,0.005,0.07,0.055,0.44,0.43
Mixed,"Cost=False, Flapping=True",4,10081,74.44000000000007,0.18000000000000005,9.45,0,9,200,0.015,0.405,0.11,0.065,0.405
Mixed,"Cost=False, Flapping=True",4,10082,112.58499999999985,0.06999999999999995,7.755,0,8,200,0.02,0.135,0.1,0.31,0.435
Mixed,"Cost=False, Flapping=True",4,10083,115.65166666666651,0.07499999999999996,7.525,0,4,200,0.015,0.165,0.085,0.31,0.425
Mixed,"Cost=False, Flapping=True",4,10084,84.84666666666668,0.15500000000000003,8.92,0,9,200,0.01,0.3,0.11,0.155,0.425
Mixed,"Cost=False, Flapping=True",4,10085,118.36333333333317,0.06000000000000005,7.55,0,6,200,0.005,0.155,0.075,0.28,0.485
Mixed,"Cost=False, Flapping=True",4,10086,77.98666666666668,0.19499999999999995,8.8,0,6,200,0.03,0.3,0.07,0.295,0.305
Mixed,"Cost=False, Flapping=True",4,10087,104.57500000000002,0.10999999999999999,7.875,0,4,200,0.03,0.2,0.09,0.275,0.405
Mixed,"Cost=False, Flapping=True",4,10088,107.41666666666656,0.08999999999999997,8.05,0,6,200,0.02,0.16,0.09,0.2,0.53
Mixed,"Cost=False, Flapping=True",4,10089,123.36666666666655,0.03500000000000003,7.48,0,4,200,0.035,0.08,0.06,0.45,0.375
Mixed,"Cost=False, Flapping=True",4,10090,121.13000000000017,0.06999999999999995,7.02,0,5,200,0.01,0.105,0.07,0.38,0.435
Mixed,"Cost=False, Flapping=True",4,10091,127.35499999999993,0.020000000000000018,7.635,0,4,200,0.005,0.09,0.07,0.28,0.555
Mixed,"Cost=False, Flapping=True",4,10092,76.13499999999999,0.20499999999999996,8.595,0,12,200,0.0,0.305,0.145,0.185,0.365
Mixed,"Cost=False, Flapping=True",4,10093,110.54666666666671,0.06999999999999995,7.93,0,10,200,0.01,0.195,0.12,0.155,0.52
Mixed,"Cost=False, Flapping=True",4,10094,109.41333333333348,0.09499999999999997,7.79,0,4,200,0.015,0.19,0.085,0.255,0.455
Mixed,"Cost=False, Flapping=True",4,10095,98.185,0.125,8.205,0,7,200,0.02,0.215,0.075,0.21,0.48
Mixed,"Cost=False, Flapping=True",4,10096,97.65333333333338,0.10999999999999999,8.78,0,5,200,0.01,0.255,0.065,0.22,0.45
Mixed,"Cost=False, Flapping=True",4,10097,113.08999999999999,0.06999999999999995,8.01,0,4,200,0.01,0.115,0.055,0.465,0.355
Mixed,"Cost=False, Flapping=True",4,10098,113.48333333333333,0.06000000000000005,8.0,0,5,200,0.02,0.21,0.085,0.3,0.385
Mixed,"Cost=False, Flapping=True",4,10099,74.64833333333345,0.19499999999999995,9.065,0,11,200,0.005,0.355,0.1,0.115,0.425
Mixed,"Cost=False, Flapping=True",5,10000,123.01000000000002,0.05500000000000005,7.53,0,1,200,0.02,0.1,0.03,0.06,0.79
Mixed,"Cost=False, Flapping=True",5,10001,113.92999999999988,0.020000000000000018,8.82,0,9,200,0.025,0.145,0.07,0.105,0.655
Mixed,"Cost=False, Flapping=True",5,10002,101.01833333333329,0.08499999999999996,8.705,0,10,200,0.015,0.22,0.1,0.085,0.58
Mixed,"Cost=False, Flapping=True",5,10003,102.02833333333332,0.08499999999999996,8.555,0,10,200,0.02,0.19,0.12,0.095,0.575
Mixed,"Cost=False, Flapping=True",5,10004,63.093333333333305,0.22999999999999998,9.32,0,16,200,0.005,0.35,0.14,0.01,0.495
Mixed,"Cost=False, Flapping=True",5,10005,81.86999999999993,0.14,9.39,0,13,200,0.02,0.255,0.145,0.045,0.535
Mixed,"Cost=False, Flapping=True",5,10006,128.5816666666665,0.0050000000000000044,7.975,0,3,200,0.015,0.075,0.065,0.04,0.805
Mixed,"Cost=False, Flapping=True",5,10007,89.77666666666671,0.11499999999999999,9.4,0,9,200,0.005,0.3,0.065,0.11,0.52
Mixed,"Cost=False, Flapping=True",5,10008,127.43666666666664,0.030000000000000027,7.66,0,1,200,0.005,0.12,0.045,0.07,0.76
Mixed,"Cost=False, Flapping=True",5,10009,118.40166666666671,0.050000000000000044,7.795,0,6,200,0.015,0.17,0.08,0.06,0.675
Mixed,"Cost=False, Flapping=True",5,10010,118.77500000000003,0.030000000000000027,8.235,0,6,200,0.025,0.09,0.09,0.075,0.72
Mixed,"Cost=False, Flapping=True",5,10011,113.31833333333336,0.04500000000000004,8.555,0,7,200,0.01,0.165,0.06,0.01,0.755
Mixed,"Cost=False, Flapping=True",5,10012,104.84333333333335,0.06999999999999995,8.87,0,6,200,0.03,0.135,0.075,0.085,0.675
Mixed,"Cost=False, Flapping=True",5,10013,124.04166666666663,0.025000000000000022,7.795,0,7,200,0.005,0.095,0.095,0.075,0.73
Mixed,"Cost=False, Flapping=True",5,10014,80.08333333333331,0.16500000000000004,9.35,0,7,200,0.025,0.27,0.08,0.125,0.5
Mixed,"Cost=False, Flapping=True",5,10015,119.64999999999992,0.040000000000000036,7.92,0,7,200,0.01,0.115,0.09,0.05,0.735
Mixed,"Cost=False, Flapping=True",5,10016,93.67666666666668,0.09999999999999998,9.01,0,13,200,0.015,0.245,0.115,0.06,0.565
Mixed,"Cost=False, Flapping=True",5,10017,106.99499999999992,0.08499999999999996,8.385,0,6,200,0.01,0.155,0.09,0.02,0.725
Mixed,"Cost=False, Flapping=True",5,10018,93.0433333333333,0.11499999999999999,8.84,0,11,200,0.02,0.24,0.085,0.085,0.57
Mixed,"Cost=False, Flapping=True",5,10019,110.7183333333334,0.06999999999999995,8.135,0,8,200,0.015,0.165,0.08,0.035,0.705
Mixed,"Cost=False, Flapping=True",5,10020,121.14999999999996,0.03500000000000003,7.77,0,8,200,0.015,0.085,0.095,0.1,0.705
Mixed,"Cost=False, Flapping=True",5,10021,103.91999999999989,0.08999999999999997,8.43,0,5,200,0.04,0.17,0.065,0.145,0.58
Mixed,"Cost=False, Flapping=True",5,10022,112.01333333333334,0.06999999999999995,8.03,0,7,200,0.015,0.13,0.095,0.105,0.655
Mixed,"Cost=False, Flapping=True",5,10023,90.81500000000011,0.125,8.895,0,13,200,0.0,0.24,0.11,0.015,0.635
Mixed,"Cost=False, Flapping=True",5,10024,110.77999999999994,0.025000000000000022,8.85,0,14,200,0.01,0.135,0.13,0.055,0.67
Mixed,"Cost=False, Flapping=True",5,10025,103.19000000000004,0.09999999999999998,8.34,0,6,200,0.02,0.21,0.075,0.065,0.63
Mixed,"Cost=False, Flapping=True",5,10026,106.76166666666663,0.07499999999999996,8.605,0,7,200,0.005,0.18,0.085,0.02,0.71
Mixed,"Cost=False, Flapping=True",5,10027,127.34000000000002,0.03500000000000003,7.11,0,6,200,0.02,0.085,0.08,0.14,0.675
Mixed,"Cost=False, Flapping=True",5,10028,108.90333333333339,0.08499999999999996,8.06,0,5,200,0.025,0.17,0.075,0.12,0.61
Mixed,"Cost=False, Flapping=True",5,10029,108.59833333333307,0.07499999999999996,8.345,0,6,200,0.02,0.17,0.08,0.04,0.69
Mixed,"Cost=False, Flapping=True",5,10030,125.01499999999992,0.030000000000000027,7.875,0,2,200,0.01,0.115,0.055,0.015,0.805
Mixed,"Cost=False, Flapping=True",5,10031,99.06666666666669,0.09999999999999998,8.65,0,10,200,0.015,0.185,0.08,0.075,0.645
Mixed,"Cost=False, Flapping=True",5,10032,105.06999999999988,0.09499999999999997,8.37,0,7,200,0.0,0.175,0.085,0.02,0.72
Mixed,"Cost=False, Flapping=True",5,10033,100.0466666666665,0.06499999999999995,9.16,0,14,200,0.0,0.22,0.14,0.005,0.635
Mixed,"Cost=False, Flapping=True",5,10034,90.48833333333334,0.10499999999999998,9.455,0,10,200,0.01,0.285,0.125,0.005,0.575
Mixed,"Cost=False, Flapping=True",5,10035,65.29333333333338,0.22999999999999998,9.17,0,12,200,0.02,0.345,0.11,0.135,0.39
Mixed,"Cost=False, Flapping=True",5,10036,76.49833333333335,0.19499999999999995,9.185,0,7,200,0.005,0.31,0.1,0.015,0.57
Mixed,"Cost=False, Flapping=True",5,10037,113.27499999999998,0.06499999999999995,8.325,0,4,200,0.005,0.14,0.055,0.025,0.775
Mixed,"Cost=False, Flapping=True",5,10038,101.19,0.07999999999999996,8.85,0,10,200,0.01,0.235,0.105,0.015,0.635
Mixed,"Cost=False, Flapping=True",5,10039,86.47166666666656,0.14,9.295,0,8,200,0.005,0.28,0.095,0.005,0.615
Mixed,"Cost=False, Flapping=True",5,10040,126.10333333333344,0.025000000000000022,7.73,0,5,200,0.01,0.065,0.055,0.045,0.825
Mixed,"Cost=False, Flapping=True",5,10041,98.53166666666671,0.13,8.305,0,6,200,0.01,0.205,0.055,0.015,0.715
Mixed,"Cost=False, Flapping=True",5,10042,87.11333333333334,0.13,9.23,0,10,200,0.015,0.28,0.115,0.03,0.56
Mixed,"Cost=False, Flapping=True",5,10043,103.50666666666672,0.07999999999999996,8.77,0,6,200,0.02,0.235,0.08,0.015,0.65
Mixed,"Cost=False, Flapping=True",5,10044,103.31833333333338,0.08499999999999996,8.525,0,9,200,0.015,0.21,0.1,0.035,0.64
Mixed,"Cost=False, Flapping=True",5,10045,81.53833333333338,0.15500000000000003,9.125,0,11,200,0.03,0.295,0.085,0.08,0.51
Mixed,"Cost=False, Flapping=True",5,10046,121.51999999999991,0.025000000000000022,8.13,0,6,200,0.015,0.09,0.075,0.045,0.775
Mixed,"Cost=False, Flapping=True",5,10047,123.95999999999997,0.020000000000000018,8.01,0,6,200,0.01,0.135,0.03,0.01,0.815
Mixed,"Cost=False, Flapping=True",5,10048,90.81666666666668,0.135,8.47,0,12,200,0.025,0.275,0.075,0.15,0.475
Mixed,"Cost=False, Flapping=True",5,10049,115.29166666666671,0.04500000000000004,8.455,0,6,200,0.0,0.145,0.08,0.0,0.775
Mixed,"Cost=False, Flapping=True",5,10050,113.17000000000016,0.05500000000000005,8.31,0,6,200,0.01,0.18,0.08,0.095,0.635
Mixed,"Cost=False, Flapping=True",5,10051,98.44500000000014,0.14,7.995,0,7,200,0.01,0.175,0.09,0.045,0.68
Mixed,"Cost=False, Flapping=True",5,10052,92.7083333333333,0.135,8.735,0,7,200,0.01,0.235,0.085,0.05,0.62
Mixed,"Cost=False, Flapping=True",5,10053,117.30999999999986,0.050000000000000044,8.13,0,3,200,0.025,0.1,0.04,0.135,0.7
Mixed,"Cost=False, Flapping=True",5,10054,107.59333333333328,0.05500000000000005,8.36,0,15,200,0.025,0.135,0.095,0.11,0.635
Mixed,"Cost=False, Flapping=True",5,10055,101.25999999999979,0.08499999999999996,8.73,0,9,200,0.02,0.205,0.12,0.01,0.645
Mixed,"Cost=False, Flapping=True",5,10056,118.16666666666673,0.05500000000000005,7.75,0,5,200,0.015,0.135,0.11,0.1,0.64
Mixed,"Cost=False, Flapping=True",5,10057,119.2516666666666,0.04500000000000004,7.945,0,6,200,0.005,0.14,0.08,0.01,0.765
Mixed,"Cost=False, Flapping=True",5,10058,97.57833333333336,0.12,8.315,0,10,200,0.01,0.205,0.13,0.045,0.61
Mixed,"Cost=False, Flapping=True",5,10059,106.3416666666666,0.09999999999999998,7.945,0,8,200,0.015,0.125,0.1,0.075,0.685
Mixed,"Cost=False, Flapping=True",5,10060,124.69666666666677,0.0050000000000000044,8.29,0,4,200,0.02,0.125,0.055,0.055,0.745
Mixed,"Cost=False, Flapping=True",5,10061,103.01333333333336,0.09499999999999997,8.42,0,6,200,0.015,0.255,0.105,0.08,0.545
Mixed,"Cost=False, Flapping=True",5,10062,97.45166666666667,0.08999999999999997,8.755,0,16,200,0.01,0.165,0.12,0.035,0.67
Mixed,"Cost=False, Flapping=True",5,10063,103.86833333333333,0.07499999999999996,8.645,0,10,200,0.005,0.245,0.12,0.035,0.595
Mixed,"Cost=False, Flapping=True",5,10064,104.55833333333312,0.06000000000000005,8.795,0,13,200,0.015,0.13,0.125,0.05,0.68
Mixed,"Cost=False, Flapping=True",5,10065,106.38666666666666,0.040000000000000036,8.98,0,12,200,0.025,0.175,0.125,0.07,0.605
Mixed,"Cost=False, Flapping=True",5,10066,132.7866666666668,0.010000000000000009,7.3,0,4,200,0.015,0.075,0.065,0.02,0.825
Mixed,"Cost=False, Flapping=True",5,10067,112.35666666666658,0.07999999999999996,7.93,0,4,200,0.01,0.205,0.085,0.015,0.685
Mixed,"Cost=False, Flapping=True",5,10068,114.26333333333328,0.06499999999999995,8.12,0,4,200,0.015,0.115,0.07,0.08,0.72
Mixed,"Cost=False, Flapping=True",5,10069,79.94666666666677,0.16500000000000004,9.1,0,11,200,0.02,0.3,0.14,0.03,0.51
Mixed,"Cost=False, Flapping=True",5,10070,108.645,0.06999999999999995,8.235,0,9,200,0.015,0.22,0.085,0.07,0.61
Mixed,"Cost=False, Flapping=True",5,10071,94.93833333333338,0.12,8.975,0,5,200,0.015,0.205,0.07,0.03,0.68
Mixed,"Cost=False, Flapping=True",5,10072,118.40499999999982,0.03500000000000003,8.085,0,8,200,0.015,0.125,0.105,0.005,0.75
Mixed,"Cost=False, Flapping=True",5,10073,93.07000000000001,0.14,8.58,0,7,200,0.015,0.21,0.075,0.045,0.655
Mixed,"Cost=False, Flapping=True",5,10074,97.31500000000003,0.12,8.655,0,7,200,0.005,0.195,0.065,0.04,0.695
Mixed,"Cost=False, Flapping=True",5,10075,111.85166666666682,0.09499999999999997,7.435,0,7,200,0.01,0.155,0.11,0.11,0.615
Mixed,"Cost=False, Flapping=True",5,10076,109.22999999999999,0.08999999999999997,7.83,0,8,200,0.01,0.18,0.06,0.13,0.62
Mixed,"Cost=False, Flapping=True",5,10077,111.94499999999991,0.05500000000000005,8.445,0,7,200,0.01,0.16,0.09,0.02,0.72
Mixed,"Cost=False, Flapping=True",5,10078,122.43999999999997,0.015000000000000013,7.83,0,13,200,0.01,0.105,0.09,0.065,0.73
Mixed,"Cost=False, Flapping=True",5,10079,107.93166666666677,0.09499999999999997,8.065,0,5,200,0.01,0.18,0.08,0.04,0.69
Mixed,"Cost=False, Flapping=True",5,10080,128.62833333333327,0.030000000000000027,7.475,0,3,200,0.005,0.065,0.045,0.045,0.84
Mixed,"Cost=False, Flapping=True",5,10081,76.95166666666675,0.18000000000000005,9.235,0,8,200,0.015,0.375,0.12,0.06,0.43
Mixed,"Cost=False, Flapping=True",5,10082,111.95499999999994,0.040000000000000036,8.715,0,7,200,0.02,0.15,0.07,0.13,0.63
Mixed,"Cost=False, Flapping=True",5,10083,115.81499999999994,0.06000000000000005,7.935,0,5,200,0.015,0.135,0.075,0.14,0.635
Mixed,"Cost=False, Flapping=True",5,10084,75.44166666666673,0.18999999999999995,9.175,0,11,200,0.01,0.27,0.11,0.05,0.56
Mixed,"Cost=False, Flapping=True",5,10085,110.88666666666676,0.07999999999999996,8.23,0,2,200,0.015,0.19,0.055,0.045,0.695
Mixed,"Cost=False, Flapping=True",5,10086,114.62333333333322,0.03500000000000003,8.66,0,6,200,0.015,0.13,0.055,0.115,0.685
Mixed,"Cost=False, Flapping=True",5,10087,91.99666666666674,0.14,8.5,0,9,200,0.01,0.27,0.125,0.03,0.565
Mixed,"Cost=False, Flapping=True",5,10088,113.19,0.06999999999999995,8.16,0,3,200,0.02,0.15,0.045,0.04,0.745
Mixed,"Cost=False, Flapping=True",5,10089,114.63333333333334,0.06000000000000005,8.0,0,6,200,0.02,0.13,0.05,0.175,0.625
Mixed,"Cost=False, Flapping=True",5,10090,118.8349999999999,0.08499999999999996,7.005,0,6,200,0.005,0.15,0.075,0.06,0.71
Mixed,"Cost=False, Flapping=True",5,10091,130.30999999999997,0.015000000000000013,7.32,0,7,200,0.01,0.07,0.065,0.06,0.795
Mixed,"Cost=False, Flapping=True",5,10092,77.59333333333335,0.18999999999999995,8.99,0,10,200,0.0,0.31,0.135,0.01,0.545
Mixed,"Cost=False, Flapping=True",5,10093,87.99833333333342,0.135,9.065,0,10,200,0.015,0.245,0.105,0.015,0.62
Mixed,"Cost=False, Flapping=True",5,10094,109.63500000000005,0.08499999999999996,8.085,0,5,200,0.01,0.17,0.085,0.085,0.65
Mixed,"Cost=False, Flapping=True",5,10095,110.72666666666666,0.07499999999999996,7.96,0,8,200,0.015,0.185,0.065,0.135,0.6
Mixed,"Cost=False, Flapping=True",5,10096,106.85666666666678,0.07499999999999996,8.68,0,5,200,0.015,0.145,0.08,0.04,0.72
Mixed,"Cost=False, Flapping=True",5,10097,107.32166666666669,0.09999999999999998,8.305,0,1,200,0.01,0.18,0.025,0.08,0.705
Mixed,"Cost=False, Flapping=True",5,10098,93.21666666666677,0.13,8.65,0,8,200,0.02,0.235,0.095,0.05,0.6
Mixed,"Cost=False, Flapping=True",5,10099,89.76166666666673,0.15000000000000002,8.575,0,8,200,0.02,0.255,0.095,0.02,0.61
Mixed,"Cost=True, Flapping=False",1,10000,100.23499999999997,0.03500000000000003,6.825,0,59,200,0.015,0.275,0.25,0.06,0.4
Mixed,"Cost=True, Flapping=False",1,10001,75.82833333333339,0.14,8.375,0,36,200,0.035,0.39,0.2,0.095,0.28
Mixed,"Cost=True, Flapping=False",1,10002,89.38333333333335,0.10999999999999999,7.91,0,33,200,0.015,0.29,0.22,0.05,0.425
Mixed,"Cost=True, Flapping=False",1,10003,97.21333333333335,0.050000000000000044,7.25,0,52,200,0.015,0.27,0.255,0.055,0.405
Mixed,"Cost=True, Flapping=False",1,10004,65.00999999999999,0.20999999999999996,8.64,0,29,200,0.005,0.405,0.21,0.01,0.37
Mixed,"Cost=True, Flapping=False",1,10005,76.13000000000001,0.18999999999999995,8.67,0,16,200,0.02,0.255,0.155,0.08,0.49
Mixed,"Cost=True, Flapping=False",1,10006,90.16999999999993,0.050000000000000044,6.54,0,74,200,0.01,0.39,0.355,0.07,0.175
Mixed,"Cost=True, Flapping=False",1,10007,56.07000000000009,0.26,8.64,0,26,200,0.02,0.375,0.18,0.045,0.38
Mixed,"Cost=True, Flapping=False",1,10008,70.74666666666673,0.16500000000000004,7.21,0,58,200,0.01,0.365,0.27,0.055,0.3
Mixed,"Cost=True, Flapping=False",1,10009,87.55499999999999,0.06000000000000005,7.185,0,67,200,0.005,0.345,0.29,0.105,0.255
Mixed,"Cost=True, Flapping=False",1,10010,98.9949999999998,0.050000000000000044,7.155,0,49,200,0.025,0.245,0.255,0.095,0.38
Mixed,"Cost=True, Flapping=False",1,10011,99.32000000000001,0.06000000000000005,7.68,0,40,200,0.01,0.22,0.16,0.07,0.54
Mixed,"Cost=True, Flapping=False",1,10012,88.70666666666651,0.10999999999999999,7.66,0,38,200,0.02,0.285,0.205,0.09,0.4
Mixed,"Cost=True, Flapping=False",1,10013,103.18500000000003,0.03500000000000003,6.765,0,54,200,0.005,0.295,0.295,0.06,0.345
Mixed,"Cost=True, Flapping=False",1,10014,77.74666666666667,0.13,8.08,0,44,200,0.01,0.35,0.26,0.055,0.325
Mixed,"Cost=True, Flapping=False",1,10015,96.38166666666673,0.05500000000000005,7.135,0,53,200,0.01,0.32,0.27,0.04,0.36
Mixed,"Cost=True, Flapping=False",1,10016,68.25333333333334,0.20999999999999996,8.3,0,28,200,0.015,0.36,0.18,0.07,0.375
Mixed,"Cost=True, Flapping=False",1,10017,96.25500000000014,0.06999999999999995,7.545,0,43,200,0.01,0.25,0.215,0.03,0.495
Mixed,"Cost=True, Flapping=False",1,10018,69.19500000000001,0.18500000000000005,7.875,0,41,200,0.02,0.38,0.24,0.07,0.29
Mixed,"Cost=True, Flapping=False",1,10019,96.94333333333338,0.06499999999999995,6.5,0,58,200,0.015,0.29,0.275,0.085,0.335
Mixed,"Cost=True, Flapping=False",1,10020,99.91166666666665,0.040000000000000036,7.105,0,52,200,0.025,0.26,0.25,0.07,0.395
Mixed,"Cost=True, Flapping=False",1,10021,87.36499999999992,0.08499999999999996,7.425,0,53,200,0.02,0.3,0.27,0.09,0.32
Mixed,"Cost=True, Flapping=False",1,10022,96.37333333333333,0.04500000000000004,7.61,0,49,200,0.015,0.28,0.265,0.09,0.35
Mixed,"Cost=True, Flapping=False",1,10023,85.57500000000006,0.13,8.175,0,32,200,0.0,0.27,0.15,0.025,0.555
Mixed,"Cost=True, Flapping=False",1,10024,98.17333333333347,0.06000000000000005,7.73,0,41,200,0.015,0.195,0.18,0.065,0.545
Mixed,"Cost=True, Flapping=False",1,10025,82.76833333333326,0.11499999999999999,7.535,0,50,200,0.01,0.315,0.245,0.06,0.37
Mixed,"Cost=True, Flapping=False",1,10026,93.91999999999992,0.08499999999999996,7.68,0,39,200,0.005,0.27,0.24,0.045,0.44
Mixed,"Cost=True, Flapping=False",1,10027,94.97166666666654,0.010000000000000009,6.385,0,85,200,0.01,0.32,0.32,0.08,0.27
Mixed,"Cost=True, Flapping=False",1,10028,89.56166666666671,0.10999999999999999,7.015,0,46,200,0.015,0.3,0.25,0.145,0.29
Mixed,"Cost=True, Flapping=False",1,10029,84.4516666666666,0.11499999999999999,7.975,0,39,200,0.015,0.315,0.24,0.035,0.395
Mixed,"Cost=True, Flapping=False",1,10030,93.73999999999985,0.050000000000000044,6.57,0,69,200,0.01,0.325,0.29,0.065,0.31
Mixed,"Cost=True, Flapping=False",1,10031,81.01333333333334,0.11499999999999999,7.49,0,51,200,0.025,0.345,0.27,0.105,0.255
Mixed,"Cost=True, Flapping=False",1,10032,92.41833333333318,0.13,7.235,0,33,200,0.0,0.255,0.2,0.06,0.485
Mixed,"Cost=True, Flapping=False",1,10033,93.65999999999997,0.08999999999999997,8.64,0,25,200,0.0,0.205,0.175,0.01,0.61
Mixed,"Cost=True, Flapping=False",1,10034,72.59666666666669,0.15500000000000003,8.23,0,40,200,0.02,0.38,0.25,0.08,0.27
Mixed,"Cost=True, Flapping=False",1,10035,48.82833333333333,0.265,8.915,0,34,200,0.01,0.415,0.205,0.02,0.35
Mixed,"Cost=True, Flapping=False",1,10036,65.57666666666671,0.19999999999999996,8.86,0,30,200,0.005,0.325,0.19,0.035,0.445
Mixed,"Cost=True, Flapping=False",1,10037,102.98500000000004,0.050000000000000044,7.665,0,36,200,0.01,0.22,0.19,0.11,0.47
Mixed,"Cost=True, Flapping=False",1,10038,93.11999999999995,0.08499999999999996,8.64,0,27,200,0.005,0.235,0.165,0.02,0.575
Mixed,"Cost=True, Flapping=False",1,10039,83.55166666666666,0.16000000000000003,8.545,0,17,200,0.01,0.275,0.135,0.01,0.57
Mixed,"Cost=True, Flapping=False",1,10040,112.22999999999985,0.030000000000000027,6.75,0,41,200,0.01,0.2,0.2,0.105,0.485
Mixed,"Cost=True, Flapping=False",1,10041,89.06000000000013,0.08999999999999997,6.87,0,58,200,0.005,0.32,0.275,0.11,0.29
Mixed,"Cost=True, Flapping=False",1,10042,66.18333333333337,0.18999999999999995,8.15,0,43,200,0.005,0.365,0.235,0.025,0.37
Mixed,"Cost=True, Flapping=False",1,10043,93.85500000000009,0.07499999999999996,8.145,0,36,200,0.005,0.28,0.205,0.03,0.48
Mixed,"Cost=True, Flapping=False",1,10044,73.06166666666681,0.16000000000000003,8.275,0,39,200,0.015,0.355,0.195,0.02,0.415
Mixed,"Cost=True, Flapping=False",1,10045,76.12500000000004,0.15000000000000002,8.385,0,36,200,0.02,0.28,0.18,0.05,0.47
Mixed,"Cost=True, Flapping=False",1,10046,99.95666666666659,0.040000000000000036,6.58,0,57,200,0.03,0.335,0.29,0.165,0.18
Mixed,"Cost=True, Flapping=False",1,10047,84.60666666666674,0.06499999999999995,7.33,0,69,200,0.01,0.35,0.255,0.04,0.345
Mixed,"Cost=True, Flapping=False",1,10048,80.05000000000001,0.10999999999999999,7.98,0,49,200,0.02,0.295,0.25,0.075,0.36
Mixed,"Cost=True, Flapping=False",1,10049,91.36833333333347,0.06000000000000005,7.235,0,61,200,0.0,0.315,0.255,0.035,0.395
Mixed,"Cost=True, Flapping=False",1,10050,91.79833333333323,0.06000000000000005,7.595,0,52,200,0.02,0.285,0.25,0.09,0.355
Mixed,"Cost=True, Flapping=False",1,10051,75.9066666666667,0.17000000000000004,7.75,0,36,200,0.02,0.355,0.23,0.115,0.28
Mixed,"Cost=True, Flapping=False",1,10052,71.2266666666667,0.15500000000000003,7.96,0,48,200,0.02,0.345,0.255,0.06,0.32
Mixed,"Cost=True, Flapping=False",1,10053,99.56666666666663,0.050000000000000044,7.21,0,47,200,0.02,0.29,0.255,0.05,0.385
Mixed,"Cost=True, Flapping=False",1,10054,84.82666666666657,0.09499999999999997,7.51,0,51,200,0.04,0.29,0.225,0.135,0.31
Mixed,"Cost=True, Flapping=False",1,10055,76.85999999999997,0.11499999999999999,8.13,0,49,200,0.03,0.34,0.245,0.06,0.325
Mixed,"Cost=True, Flapping=False",1,10056,96.45166666666665,0.07499999999999996,6.475,0,54,200,0.015,0.305,0.31,0.135,0.235
Mixed,"Cost=True, Flapping=False",1,10057,91.72000000000001,0.06499999999999995,6.84,0,64,200,0.0,0.33,0.28,0.045,0.345
Mixed,"Cost=True, Flapping=False",1,10058,84.44166666666672,0.07999999999999996,7.735,0,55,200,0.02,0.34,0.27,0.075,0.295
Mixed,"Cost=True, Flapping=False",1,10059,100.60666666666665,0.015000000000000013,6.67,0,67,200,0.02,0.295,0.3,0.04,0.345
Mixed,"Cost=True, Flapping=False",1,10060,102.91500000000002,0.040000000000000036,7.335,0,44,200,0.015,0.255,0.225,0.065,0.44
Mixed,"Cost=True, Flapping=False",1,10061,74.57499999999997,0.13,7.485,0,58,200,0.015,0.39,0.295,0.075,0.225
Mixed,"Cost=True, Flapping=False",1,10062,80.70500000000008,0.14500000000000002,7.095,0,47,200,0.01,0.38,0.305,0.055,0.25
Mixed,"Cost=True, Flapping=False",1,10063,86.59833333333317,0.09999999999999998,8.165,0,39,200,0.005,0.3,0.24,0.04,0.415
Mixed,"Cost=True, Flapping=False",1,10064,82.46166666666656,0.135,8.545,0,28,200,0.01,0.275,0.19,0.02,0.505
Mixed,"Cost=True, Flapping=False",1,10065,102.83499999999991,0.05500000000000005,6.615,0,47,200,0.025,0.27,0.27,0.16,0.275
Mixed,"Cost=True, Flapping=False",1,10066,112.85333333333341,0.0,7.07,0,44,200,0.025,0.215,0.22,0.095,0.445
Mixed,"Cost=True, Flapping=False",1,10067,98.26000000000003,0.05500000000000005,7.86,0,40,200,0.01,0.24,0.2,0.06,0.49
Mixed,"Cost=True, Flapping=False",1,10068,87.49166666666662,0.11499999999999999,7.705,0,39,200,0.015,0.275,0.195,0.05,0.465
Mixed,"Cost=True, Flapping=False",1,10069,76.83833333333335,0.13,8.855,0,35,200,0.01,0.29,0.225,0.03,0.445
Mixed,"Cost=True, Flapping=False",1,10070,88.91499999999994,0.10999999999999999,7.965,0,35,200,0.01,0.275,0.17,0.04,0.505
Mixed,"Cost=True, Flapping=False",1,10071,93.4733333333332,0.06000000000000005,7.73,0,46,200,0.025,0.27,0.255,0.09,0.36
Mixed,"Cost=True, Flapping=False",1,10072,91.44333333333329,0.025000000000000022,6.98,0,76,200,0.015,0.325,0.31,0.035,0.315
Mixed,"Cost=True, Flapping=False",1,10073,74.9116666666667,0.15000000000000002,8.065,0,43,200,0.015,0.325,0.205,0.045,0.41
Mixed,"Cost=True, Flapping=False",1,10074,77.32333333333334,0.16500000000000004,7.43,0,41,200,0.01,0.375,0.265,0.065,0.285
Mixed,"Cost=True, Flapping=False",1,10075,81.39333333333326,0.10499999999999998,6.92,0,65,200,0.015,0.315,0.295,0.11,0.265
Mixed,"Cost=True, Flapping=False",1,10076,92.68333333333328,0.08499999999999996,7.79,0,40,200,0.01,0.285,0.175,0.05,0.48
Mixed,"Cost=True, Flapping=False",1,10077,87.49999999999994,0.05500000000000005,7.32,0,65,200,0.02,0.365,0.305,0.025,0.285
Mixed,"Cost=True, Flapping=False",1,10078,92.625,0.06000000000000005,7.035,0,61,200,0.005,0.3,0.285,0.025,0.385
Mixed,"Cost=True, Flapping=False",1,10079,79.12,0.13,7.23,0,55,200,0.005,0.36,0.295,0.07,0.27
Mixed,"Cost=True, Flapping=False",1,10080,102.34499999999994,0.030000000000000027,6.375,0,64,200,0.005,0.3,0.285,0.095,0.315
Mixed,"Cost=True, Flapping=False",1,10081,67.12166666666664,0.18999999999999995,9.025,0,27,200,0.02,0.315,0.17,0.03,0.465
Mixed,"Cost=True, Flapping=False",1,10082,59.54333333333344,0.17000000000000004,7.85,0,66,200,0.015,0.42,0.27,0.06,0.235
Mixed,"Cost=True, Flapping=False",1,10083,90.91666666666653,0.09499999999999997,7.42,0,43,200,0.015,0.32,0.225,0.1,0.34
Mixed,"Cost=True, Flapping=False",1,10084,81.38833333333329,0.13,8.495,0,31,200,0.015,0.3,0.23,0.03,0.425
Mixed,"Cost=True, Flapping=False",1,10085,93.30999999999993,0.050000000000000044,6.84,0,66,200,0.005,0.315,0.29,0.085,0.305
Mixed,"Cost=True, Flapping=False",1,10086,93.10000000000005,0.08999999999999997,7.68,0,38,200,0.015,0.26,0.21,0.075,0.44
Mixed,"Cost=True, Flapping=False",1,10087,84.54833333333325,0.12,7.265,0,46,200,0.02,0.355,0.26,0.14,0.225
Mixed,"Cost=True, Flapping=False",1,10088,67.1083333333334,0.18000000000000005,7.955,0,44,200,0.025,0.46,0.24,0.025,0.25
Mixed,"Cost=True, Flapping=False",1,10089,98.32833333333316,0.05500000000000005,7.115,0,49,200,0.02,0.28,0.24,0.12,0.34
Mixed,"Cost=True, Flapping=False",1,10090,83.81,0.11499999999999999,7.44,0,49,200,0.005,0.355,0.26,0.06,0.32
Mixed,"Cost=True, Flapping=False",1,10091,97.6433333333333,0.025000000000000022,6.59,0,71,200,0.005,0.33,0.32,0.035,0.31
Mixed,"Cost=True, Flapping=False",1,10092,74.55166666666663,0.18500000000000005,8.335,0,27,200,0.0,0.32,0.215,0.035,0.43
Mixed,"Cost=True, Flapping=False",1,10093,101.83666666666657,0.06000000000000005,7.84,0,31,200,0.01,0.255,0.21,0.02,0.505
Mixed,"Cost=True, Flapping=False",1,10094,73.28499999999997,0.135,8.535,0,42,200,0.02,0.38,0.245,0.035,0.32
Mixed,"Cost=True, Flapping=False",1,10095,83.26166666666666,0.10499999999999998,8.185,0,42,200,0.025,0.29,0.185,0.07,0.43
Mixed,"Cost=True, Flapping=False",1,10096,84.71666666666678,0.07999999999999996,8.17,0,50,200,0.015,0.28,0.23,0.05,0.425
Mixed,"Cost=True, Flapping=False",1,10097,87.76999999999997,0.13,6.78,0,46,200,0.01,0.335,0.22,0.145,0.29
Mixed,"Cost=True, Flapping=False",1,10098,82.69333333333329,0.125,7.7,0,42,200,0.015,0.37,0.23,0.06,0.325
Mixed,"Cost=True, Flapping=False",1,10099,74.35166666666672,0.17500000000000004,8.215,0,31,200,0.02,0.345,0.18,0.06,0.395
Mixed,"Cost=True, Flapping=False",2,10000,113.10000000000012,0.050000000000000044,6.84,0,32,200,0.01,0.175,0.125,0.075,0.615
Mixed,"Cost=True, Flapping=False",2,10001,95.8716666666666,0.07999999999999996,7.915,0,34,200,0.025,0.21,0.145,0.03,0.59
Mixed,"Cost=True, Flapping=False",2,10002,73.61166666666672,0.19999999999999996,8.395,0,23,200,0.01,0.27,0.145,0.045,0.53
Mixed,"Cost=True, Flapping=False",2,10003,87.91500000000008,0.11499999999999999,7.905,0,35,200,0.02,0.22,0.195,0.09,0.475
Mixed,"Cost=True, Flapping=False",2,10004,60.15166666666665,0.20999999999999996,9.085,0,33,200,0.01,0.31,0.19,0.01,0.48
Mixed,"Cost=True, Flapping=False",2,10005,89.46333333333315,0.13,8.15,0,23,200,0.015,0.235,0.155,0.08,0.515
Mixed,"Cost=True, Flapping=False",2,10006,117.30499999999984,0.015000000000000013,6.615,0,39,200,0.015,0.18,0.185,0.13,0.49
Mixed,"Cost=True, Flapping=False",2,10007,76.30833333333338,0.15000000000000002,8.885,0,28,200,0.02,0.275,0.16,0.025,0.52
Mixed,"Cost=True, Flapping=False",2,10008,118.65499999999989,0.04500000000000004,6.585,0,28,200,0.005,0.165,0.13,0.055,0.645
Mixed,"Cost=True, Flapping=False",2,10009,108.37166666666656,0.05500000000000005,7.045,0,33,200,0.025,0.2,0.16,0.08,0.535
Mixed,"Cost=True, Flapping=False",2,10010,91.94833333333338,0.12,8.105,0,23,200,0.02,0.2,0.165,0.04,0.575
Mixed,"Cost=True, Flapping=False",2,10011,111.32666666666664,0.050000000000000044,7.75,0,21,200,0.015,0.145,0.11,0.035,0.695
Mixed,"Cost=True, Flapping=False",2,10012,97.76166666666664,0.07999999999999996,7.915,0,31,200,0.015,0.205,0.165,0.045,0.57
Mixed,"Cost=True, Flapping=False",2,10013,95.50333333333326,0.07499999999999996,7.97,0,35,200,0.02,0.23,0.2,0.02,0.53
Mixed,"Cost=True, Flapping=False",2,10014,80.09499999999993,0.135,8.265,0,36,200,0.015,0.275,0.21,0.07,0.43
Mixed,"Cost=True, Flapping=False",2,10015,97.75166666666664,0.06499999999999995,7.525,0,43,200,0.015,0.21,0.18,0.06,0.535
Mixed,"Cost=True, Flapping=False",2,10016,71.5183333333333,0.20499999999999996,8.195,0,26,200,0.02,0.305,0.17,0.06,0.445
Mixed,"Cost=True, Flapping=False",2,10017,102.81000000000004,0.05500000000000005,7.65,0,36,200,0.015,0.185,0.155,0.035,0.61
Mixed,"Cost=True, Flapping=False",2,10018,100.06666666666662,0.10999999999999999,6.79,0,32,200,0.015,0.215,0.19,0.1,0.48
Mixed,"Cost=True, Flapping=False",2,10019,100.46166666666653,0.08499999999999996,7.105,0,37,200,0.01,0.205,0.18,0.095,0.51
Mixed,"Cost=True, Flapping=False",2,10020,106.98333333333335,0.040000000000000036,7.07,0,42,200,0.01,0.21,0.22,0.05,0.51
Mixed,"Cost=True, Flapping=False",2,10021,74.32833333333325,0.16000000000000003,8.315,0,35,200,0.03,0.295,0.185,0.07,0.42
Mixed,"Cost=True, Flapping=False",2,10022,99.59833333333327,0.12,7.025,0,25,200,0.025,0.215,0.125,0.115,0.52
Mixed,"Cost=True, Flapping=False",2,10023,82.11166666666676,0.13,8.485,0,34,200,0.0,0.25,0.15,0.045,0.555
Mixed,"Cost=True, Flapping=False",2,10024,86.77166666666662,0.14,7.915,0,28,200,0.015,0.26,0.165,0.03,0.53
Mixed,"Cost=True, Flapping=False",2,10025,98.54833333333325,0.12,6.965,0,29,200,0.015,0.23,0.145,0.065,0.545
Mixed,"Cost=True, Flapping=False",2,10026,95.42999999999998,0.07999999999999996,7.65,0,40,200,0.01,0.225,0.185,0.03,0.55
Mixed,"Cost=True, Flapping=False",2,10027,111.78833333333323,0.030000000000000027,6.845,0,40,200,0.02,0.195,0.18,0.055,0.55
Mixed,"Cost=True, Flapping=False",2,10028,89.02166666666658,0.11499999999999999,7.885,0,33,200,0.025,0.22,0.185,0.055,0.515
Mixed,"Cost=True, Flapping=False",2,10029,94.75166666666662,0.09499999999999997,7.795,0,31,200,0.025,0.225,0.18,0.06,0.51
Mixed,"Cost=True, Flapping=False",2,10030,107.31166666666664,0.05500000000000005,6.625,0,43,200,0.01,0.205,0.185,0.12,0.48
Mixed,"Cost=True, Flapping=False",2,10031,79.81833333333341,0.16500000000000004,8.045,0,28,200,0.025,0.245,0.185,0.085,0.46
Mixed,"Cost=True, Flapping=False",2,10032,93.0033333333333,0.125,7.4,0,32,200,0.005,0.205,0.17,0.07,0.55
Mixed,"Cost=True, Flapping=False",2,10033,96.03166666666667,0.06499999999999995,8.635,0,30,200,0.0,0.205,0.19,0.015,0.59
Mixed,"Cost=True, Flapping=False",2,10034,93.39,0.10499999999999998,8.34,0,22,200,0.015,0.22,0.185,0.04,0.54
Mixed,"Cost=True, Flapping=False",2,10035,61.64166666666669,0.235,8.365,0,30,200,0.02,0.33,0.185,0.075,0.39
Mixed,"Cost=True, Flapping=False",2,10036,64.85500000000003,0.19499999999999995,8.745,0,35,200,0.01,0.315,0.19,0.03,0.455
Mixed,"Cost=True, Flapping=False",2,10037,108.93666666666662,0.04500000000000004,7.78,0,27,200,0.005,0.17,0.145,0.07,0.61
Mixed,"Cost=True, Flapping=False",2,10038,95.63999999999996,0.08999999999999997,8.25,0,26,200,0.01,0.225,0.17,0.015,0.58
Mixed,"Cost=True, Flapping=False",2,10039,85.67333333333323,0.14,8.66,0,20,200,0.005,0.24,0.14,0.015,0.6
Mixed,"Cost=True, Flapping=False",2,10040,121.75166666666664,0.020000000000000018,6.625,0,31,200,0.01,0.135,0.135,0.06,0.66
Mixed,"Cost=True, Flapping=False",2,10041,114.2066666666667,0.030000000000000027,6.88,0,36,200,0.01,0.18,0.15,0.14,0.52
Mixed,"Cost=True, Flapping=False",2,10042,116.04500000000012,0.010000000000000009,7.455,0,31,200,0.025,0.135,0.12,0.07,0.65
Mixed,"Cost=True, Flapping=False",2,10043,91.79,0.08999999999999997,8.16,0,34,200,0.02,0.225,0.17,0.015,0.57
Mixed,"Cost=True, Flapping=False",2,10044,86.97333333333333,0.135,8.36,0,22,200,0.02,0.255,0.145,0.04,0.54
Mixed,"Cost=True, Flapping=False",2,10045,73.12833333333332,0.19499999999999995,8.255,0,25,200,0.035,0.265,0.155,0.07,0.475
Mixed,"Cost=True, Flapping=False",2,10046,113.65833333333323,0.04500000000000004,6.515,0,36,200,0.025,0.16,0.155,0.1,0.56
Mixed,"Cost=True, Flapping=False",2,10047,111.2983333333333,0.03500000000000003,7.085,0,37,200,0.01,0.19,0.15,0.04,0.61
Mixed,"Cost=True, Flapping=False",2,10048,89.44000000000003,0.10999999999999999,8.25,0,28,200,0.035,0.2,0.145,0.065,0.555
Mixed,"Cost=True, Flapping=False",2,10049,101.08166666666673,0.06999999999999995,7.135,0,43,200,0.0,0.21,0.18,0.015,0.595
Mixed,"Cost=True, Flapping=False",2,10050,106.35333333333334,0.050000000000000044,7.37,0,35,200,0.015,0.185,0.18,0.045,0.575
Mixed,"Cost=True, Flapping=False",2,10051,79.94999999999995,0.17500000000000004,6.99,0,40,200,0.02,0.3,0.23,0.075,0.375
Mixed,"Cost=True, Flapping=False",2,10052,87.40333333333335,0.11499999999999999,8.15,0,32,200,0.02,0.255,0.185,0.02,0.52
Mixed,"Cost=True, Flapping=False",2,10053,123.98666666666665,0.030000000000000027,6.25,0,25,200,0.04,0.135,0.13,0.095,0.6
Mixed,"Cost=True, Flapping=False",2,10054,90.34500000000004,0.135,7.935,0,22,200,0.02,0.24,0.155,0.095,0.49
Mixed,"Cost=True, Flapping=False",2,10055,96.5983333333333,0.125,7.205,0,24,200,0.03,0.25,0.17,0.09,0.46
Mixed,"Cost=True, Flapping=False",2,10056,110.4333333333332,0.06499999999999995,6.59,0,32,200,0.015,0.23,0.205,0.1,0.45
Mixed,"Cost=True, Flapping=False",2,10057,112.02499999999998,0.05500000000000005,7.095,0,27,200,0.005,0.2,0.165,0.1,0.53
Mixed,"Cost=True, Flapping=False",2,10058,89.75666666666659,0.12,7.69,0,32,200,0.025,0.235,0.215,0.04,0.485
Mixed,"Cost=True, Flapping=False",2,10059,108.19333333333323,0.040000000000000036,7.1,0,39,200,0.03,0.155,0.155,0.06,0.6
Mixed,"Cost=True, Flapping=False",2,10060,111.97000000000004,0.030000000000000027,7.44,0,31,200,0.02,0.17,0.145,0.045,0.62
Mixed,"Cost=True, Flapping=False",2,10061,94.70833333333329,0.08999999999999997,7.715,0,34,200,0.025,0.215,0.205,0.075,0.48
Mixed,"Cost=True, Flapping=False",2,10062,89.21500000000005,0.10499999999999998,7.785,0,38,200,0.025,0.225,0.2,0.04,0.51
Mixed,"Cost=True, Flapping=False",2,10063,90.77000000000001,0.09999999999999998,8.13,0,34,200,0.005,0.21,0.19,0.045,0.55
Mixed,"Cost=True, Flapping=False",2,10064,94.39666666666665,0.07499999999999996,7.93,0,38,200,0.02,0.21,0.19,0.08,0.5
Mixed,"Cost=True, Flapping=False",2,10065,99.22833333333337,0.06999999999999995,7.295,0,39,200,0.03,0.21,0.21,0.12,0.43
Mixed,"Cost=True, Flapping=False",2,10066,111.97833333333328,0.040000000000000036,7.325,0,28,200,0.02,0.17,0.18,0.07,0.56
Mixed,"Cost=True, Flapping=False",2,10067,103.82333333333334,0.06499999999999995,7.01,0,40,200,0.015,0.2,0.15,0.09,0.545
Mixed,"Cost=True, Flapping=False",2,10068,92.20666666666669,0.10499999999999998,7.42,0,39,200,0.01,0.26,0.2,0.065,0.465
Mixed,"Cost=True, Flapping=False",2,10069,80.58,0.135,8.55,0,31,200,0.01,0.27,0.225,0.03,0.465
Mixed,"Cost=True, Flapping=False",2,10070,89.89499999999991,0.10999999999999999,7.995,0,34,200,0.005,0.235,0.165,0.045,0.55
Mixed,"Cost=True, Flapping=False",2,10071,106.4833333333332,0.04500000000000004,7.55,0,33,200,0.025,0.185,0.155,0.05,0.585
Mixed,"Cost=True, Flapping=False",2,10072,128.23166666666663,0.025000000000000022,6.415,0,20,200,0.01,0.125,0.13,0.04,0.695
Mixed,"Cost=True, Flapping=False",2,10073,80.6833333333334,0.135,7.76,0,44,200,0.015,0.29,0.175,0.025,0.495
Mixed,"Cost=True, Flapping=False",2,10074,88.48666666666671,0.16000000000000003,7.6,0,23,200,0.01,0.25,0.13,0.07,0.54
Mixed,"Cost=True, Flapping=False",2,10075,98.77166666666656,0.10999999999999999,7.555,0,21,200,0.03,0.19,0.175,0.08,0.525
Mixed,"Cost=True, Flapping=False",2,10076,104.75500000000008,0.07499999999999996,7.185,0,31,200,0.01,0.225,0.17,0.08,0.515
Mixed,"Cost=True, Flapping=False",2,10077,83.81833333333331,0.18000000000000005,7.895,0,19,200,0.01,0.245,0.14,0.11,0.495
Mixed,"Cost=True, Flapping=False",2,10078,105.33499999999994,0.06000000000000005,7.065,0,39,200,0.005,0.195,0.18,0.06,0.56
Mixed,"Cost=True, Flapping=False",2,10079,92.02999999999994,0.125,7.26,0,34,200,0.01,0.24,0.195,0.13,0.425
Mixed,"Cost=True, Flapping=False",2,10080,114.3199999999999,0.040000000000000036,6.39,0,40,200,0.005,0.195,0.19,0.07,0.54
Mixed,"Cost=True, Flapping=False",2,10081,67.85000000000002,0.21999999999999997,8.67,0,20,200,0.015,0.305,0.175,0.05,0.455
Mixed,"Cost=True, Flapping=False",2,10082,86.99166666666667,0.11499999999999999,8.215,0,32,200,0.03,0.225,0.14,0.025,0.58
Mixed,"Cost=True, Flapping=False",2,10083,105.7483333333333,0.06999999999999995,7.475,0,27,200,0.015,0.18,0.14,0.09,0.575
Mixed,"Cost=True, Flapping=False",2,10084,84.4049999999999,0.11499999999999999,8.535,0,32,200,0.015,0.245,0.18,0.08,0.48
Mixed,"Cost=True, Flapping=False",2,10085,111.72999999999982,0.06499999999999995,7.11,0,25,200,0.005,0.17,0.12,0.08,0.625
Mixed,"Cost=True, Flapping=False",2,10086,81.9433333333334,0.16000000000000003,7.85,0,29,200,0.025,0.28,0.15,0.085,0.46
Mixed,"Cost=True, Flapping=False",2,10087,84.74333333333331,0.14500000000000002,7.7,0,33,200,0.01,0.265,0.21,0.06,0.455
Mixed,"Cost=True, Flapping=False",2,10088,87.10666666666665,0.16500000000000004,7.9,0,19,200,0.01,0.265,0.115,0.04,0.57
Mixed,"Cost=True, Flapping=False",2,10089,103.02833333333339,0.05500000000000005,7.835,0,30,200,0.03,0.185,0.165,0.095,0.525
Mixed,"Cost=True, Flapping=False",2,10090,121.56999999999981,0.025000000000000022,6.21,0,33,200,0.02,0.155,0.155,0.22,0.45
Mixed,"Cost=True, Flapping=False",2,10091,114.60999999999993,0.040000000000000036,6.69,0,34,200,0.01,0.19,0.19,0.06,0.55
Mixed,"Cost=True, Flapping=False",2,10092,76.74333333333328,0.17500000000000004,8.36,0,26,200,0.005,0.31,0.195,0.06,0.43
Mixed,"Cost=True, Flapping=False",2,10093,102.38499999999995,0.06999999999999995,7.785,0,28,200,0.015,0.205,0.175,0.01,0.595
Mixed,"Cost=True, Flapping=False",2,10094,104.12333333333326,0.08499999999999996,7.49,0,25,200,0.01,0.16,0.14,0.09,0.6
Mixed,"Cost=True, Flapping=False",2,10095,98.25000000000001,0.08999999999999997,7.89,0,25,200,0.03,0.21,0.13,0.075,0.555
Mixed,"Cost=True, Flapping=False",2,10096,104.17166666666665,0.06499999999999995,7.315,0,34,200,0.025,0.175,0.15,0.03,0.62
Mixed,"Cost=True, Flapping=False",2,10097,95.63666666666673,0.13,7.51,0,23,200,0.01,0.225,0.105,0.095,0.565
Mixed,"Cost=True, Flapping=False",2,10098,88.12666666666664,0.14500000000000002,7.81,0,24,200,0.025,0.24,0.165,0.06,0.51
Mixed,"Cost=True, Flapping=False",2,10099,73.70833333333327,0.17000000000000004,8.975,0,24,200,0.02,0.27,0.14,0.05,0.52
Mixed,"Cost=True, Flapping=False",3,10000,126.3316666666666,0.030000000000000027,6.625,0,18,200,0.02,0.125,0.095,0.015,0.745
Mixed,"Cost=True, Flapping=False",3,10001,96.9083333333334,0.07999999999999996,7.625,0,36,200,0.035,0.195,0.15,0.0,0.62
Mixed,"Cost=True, Flapping=False",3,10002,100.33833333333334,0.11499999999999999,7.835,0,14,200,0.03,0.16,0.085,0.03,0.695
Mixed,"Cost=True, Flapping=False",3,10003,113.95333333333338,0.050000000000000044,7.7,0,16,200,0.025,0.12,0.11,0.02,0.725
Mixed,"Cost=True, Flapping=False",3,10004,69.29166666666673,0.21999999999999997,9.025,0,13,200,0.02,0.25,0.13,0.0,0.6
Mixed,"Cost=True, Flapping=False",3,10005,68.72833333333334,0.19499999999999995,9.215,0,19,200,0.035,0.215,0.165,0.02,0.565
Mixed,"Cost=True, Flapping=False",3,10006,132.23666666666648,0.010000000000000009,7.09,0,8,200,0.015,0.08,0.09,0.02,0.795
Mixed,"Cost=True, Flapping=False",3,10007,92.30666666666666,0.14,8.17,0,12,200,0.03,0.25,0.125,0.015,0.58
Mixed,"Cost=True, Flapping=False",3,10008,123.56166666666658,0.030000000000000027,6.895,0,20,200,0.01,0.125,0.105,0.02,0.74
Mixed,"Cost=True, Flapping=False",3,10009,118.9433333333332,0.05500000000000005,7.04,0,16,200,0.015,0.145,0.1,0.01,0.73
Mixed,"Cost=True, Flapping=False",3,10010,120.4533333333333,0.020000000000000018,7.79,0,14,200,0.02,0.115,0.12,0.02,0.725
Mixed,"Cost=True, Flapping=False",3,10011,114.43833333333336,0.04500000000000004,7.895,0,14,200,0.025,0.12,0.105,0.005,0.745
Mixed,"Cost=True, Flapping=False",3,10012,97.67666666666658,0.11499999999999999,8.08,0,16,200,0.015,0.185,0.12,0.01,0.67
Mixed,"Cost=True, Flapping=False",3,10013,120.90499999999997,0.040000000000000036,7.125,0,16,200,0.02,0.12,0.12,0.03,0.71
Mixed,"Cost=True, Flapping=False",3,10014,99.60666666666658,0.12,8.26,0,7,200,0.025,0.14,0.11,0.015,0.71
Mixed,"Cost=True, Flapping=False",3,10015,112.13333333333352,0.06999999999999995,7.19,0,19,200,0.03,0.135,0.12,0.025,0.69
Mixed,"Cost=True, Flapping=False",3,10016,72.93499999999999,0.21999999999999997,8.325,0,16,200,0.025,0.275,0.14,0.01,0.55
Mixed,"Cost=True, Flapping=False",3,10017,110.60500000000006,0.06000000000000005,7.845,0,16,200,0.03,0.125,0.095,0.005,0.745
Mixed,"Cost=True, Flapping=False",3,10018,114.34499999999993,0.06000000000000005,6.945,0,23,200,0.02,0.155,0.145,0.02,0.66
Mixed,"Cost=True, Flapping=False",3,10019,89.56000000000004,0.15000000000000002,7.77,0,21,200,0.025,0.2,0.155,0.035,0.585
Mixed,"Cost=True, Flapping=False",3,10020,120.5199999999999,0.03500000000000003,7.56,0,12,200,0.015,0.125,0.125,0.02,0.715
Mixed,"Cost=True, Flapping=False",3,10021,110.6650000000001,0.05500000000000005,7.245,0,25,200,0.04,0.165,0.135,0.015,0.645
Mixed,"Cost=True, Flapping=False",3,10022,102.3116666666668,0.12,7.405,0,16,200,0.02,0.18,0.09,0.02,0.69
Mixed,"Cost=True, Flapping=False",3,10023,96.95000000000006,0.11499999999999999,8.46,0,12,200,0.015,0.18,0.085,0.0,0.72
Mixed,"Cost=True, Flapping=False",3,10024,116.36333333333339,0.040000000000000036,7.4,0,19,200,0.03,0.135,0.12,0.03,0.685
Mixed,"Cost=True, Flapping=False",3,10025,84.86833333333328,0.17500000000000004,7.985,0,16,200,0.035,0.225,0.12,0.01,0.61
Mixed,"Cost=True, Flapping=False",3,10026,106.2133333333332,0.08999999999999997,7.82,0,15,200,0.01,0.145,0.105,0.005,0.735
Mixed,"Cost=True, Flapping=False",3,10027,123.5566666666665,0.025000000000000022,6.64,0,23,200,0.02,0.165,0.16,0.04,0.615
Mixed,"Cost=True, Flapping=False",3,10028,91.9916666666666,0.11499999999999999,7.585,0,32,200,0.03,0.22,0.17,0.025,0.555
Mixed,"Cost=True, Flapping=False",3,10029,97.77499999999998,0.10999999999999999,7.875,0,20,200,0.02,0.19,0.15,0.0,0.64
Mixed,"Cost=True, Flapping=False",3,10030,115.03833333333318,0.07499999999999996,7.325,0,12,200,0.015,0.115,0.085,0.005,0.78
Mixed,"Cost=True, Flapping=False",3,10031,95.11999999999986,0.10999999999999999,8.46,0,17,200,0.02,0.135,0.125,0.02,0.7
Mixed,"Cost=True, Flapping=False",3,10032,102.725,0.125,7.545,0,12,200,0.015,0.13,0.11,0.025,0.72
Mixed,"Cost=True, Flapping=False",3,10033,105.04999999999995,0.07499999999999996,8.82,0,8,200,0.005,0.11,0.105,0.0,0.78
Mixed,"Cost=True, Flapping=False",3,10034,82.50166666666664,0.15000000000000002,8.185,0,28,200,0.015,0.235,0.19,0.035,0.525
Mixed,"Cost=True, Flapping=False",3,10035,53.506666666666696,0.28,8.74,0,24,200,0.015,0.285,0.185,0.015,0.5
Mixed,"Cost=True, Flapping=False",3,10036,69.38333333333335,0.22499999999999998,9.23,0,9,200,0.02,0.23,0.07,0.0,0.68
Mixed,"Cost=True, Flapping=False",3,10037,121.9466666666666,0.04500000000000004,7.54,0,8,200,0.015,0.08,0.05,0.005,0.85
Mixed,"Cost=True, Flapping=False",3,10038,96.75833333333317,0.10499999999999998,8.915,0,9,200,0.02,0.14,0.085,0.0,0.755
Mixed,"Cost=True, Flapping=False",3,10039,94.36666666666657,0.13,8.5,0,11,200,0.01,0.18,0.09,0.0,0.72
Mixed,"Cost=True, Flapping=False",3,10040,127.63833333333349,0.030000000000000027,7.205,0,7,200,0.03,0.05,0.05,0.005,0.865
Mixed,"Cost=True, Flapping=False",3,10041,100.62166666666691,0.135,7.645,0,10,200,0.02,0.175,0.07,0.005,0.73
Mixed,"Cost=True, Flapping=False",3,10042,115.2799999999999,0.030000000000000027,7.68,0,22,200,0.015,0.145,0.135,0.005,0.7
Mixed,"Cost=True, Flapping=False",3,10043,111.64833333333321,0.06499999999999995,8.225,0,7,200,0.02,0.12,0.085,0.015,0.76
Mixed,"Cost=True, Flapping=False",3,10044,79.67333333333329,0.20499999999999996,8.6,0,7,200,0.015,0.245,0.075,0.015,0.65
Mixed,"Cost=True, Flapping=False",3,10045,72.64666666666668,0.20499999999999996,8.32,0,22,200,0.025,0.295,0.155,0.005,0.52
Mixed,"Cost=True, Flapping=False",3,10046,98.93666666666658,0.14500000000000002,6.82,0,19,200,0.03,0.235,0.14,0.045,0.55
Mixed,"Cost=True, Flapping=False",3,10047,127.60499999999986,0.030000000000000027,7.395,0,6,200,0.005,0.1,0.045,0.005,0.845
Mixed,"Cost=True, Flapping=False",3,10048,82.18333333333331,0.16500000000000004,8.45,0,17,200,0.04,0.23,0.11,0.025,0.595
Mixed,"Cost=True, Flapping=False",3,10049,117.05833333333338,0.06999999999999995,7.505,0,9,200,0.0,0.105,0.085,0.0,0.81
Mixed,"Cost=True, Flapping=False",3,10050,125.27833333333346,0.015000000000000013,6.515,0,27,200,0.025,0.12,0.115,0.02,0.72
Mixed,"Cost=True, Flapping=False",3,10051,92.32999999999998,0.14500000000000002,7.05,0,28,200,0.03,0.235,0.155,0.055,0.525
Mixed,"Cost=True, Flapping=False",3,10052,102.35666666666657,0.05500000000000005,7.96,0,29,200,0.035,0.19,0.175,0.015,0.585
Mixed,"Cost=True, Flapping=False",3,10053,125.72166666666645,0.03500000000000003,6.475,0,18,200,0.03,0.12,0.11,0.055,0.685
Mixed,"Cost=True, Flapping=False",3,10054,100.97166666666662,0.10499999999999998,7.285,0,23,200,0.04,0.2,0.13,0.03,0.6
Mixed,"Cost=True, Flapping=False",3,10055,91.05333333333328,0.13,7.76,0,25,200,0.025,0.25,0.17,0.02,0.535
Mixed,"Cost=True, Flapping=False",3,10056,112.70333333333328,0.06000000000000005,6.71,0,28,200,0.02,0.205,0.195,0.045,0.535
Mixed,"Cost=True, Flapping=False",3,10057,118.20166666666647,0.06999999999999995,7.105,0,12,200,0.01,0.11,0.085,0.01,0.785
Mixed,"Cost=True, Flapping=False",3,10058,104.77999999999992,0.07499999999999996,8.58,0,9,200,0.025,0.15,0.12,0.005,0.7
Mixed,"Cost=True, Flapping=False",3,10059,118.74000000000002,0.05500000000000005,7.02,0,16,200,0.025,0.105,0.105,0.04,0.725
Mixed,"Cost=True, Flapping=False",3,10060,118.79499999999997,0.020000000000000018,7.305,0,25,200,0.02,0.14,0.115,0.02,0.705
Mixed,"Cost=True, Flapping=False",3,10061,101.3433333333333,0.07999999999999996,7.58,0,29,200,0.035,0.14,0.145,0.01,0.67
Mixed,"Cost=True, Flapping=False",3,10062,102.72666666666662,0.09999999999999998,8.11,0,11,200,0.025,0.145,0.12,0.01,0.7
Mixed,"Cost=True, Flapping=False",3,10063,101.94166666666669,0.09999999999999998,8.185,0,13,200,0.01,0.145,0.13,0.0,0.715
Mixed,"Cost=True, Flapping=False",3,10064,98.87166666666668,0.09499999999999997,8.515,0,14,200,0.03,0.14,0.095,0.005,0.73
Mixed,"Cost=True, Flapping=False",3,10065,78.71833333333333,0.15000000000000002,8.705,0,26,200,0.035,0.22,0.14,0.01,0.595
Mixed,"Cost=True, Flapping=False",3,10066,133.45333333333343,0.010000000000000009,6.65,0,12,200,0.015,0.105,0.11,0.02,0.75
Mixed,"Cost=True, Flapping=False",3,10067,113.00499999999988,0.06499999999999995,8.055,0,7,200,0.02,0.125,0.09,0.005,0.76
Mixed,"Cost=True, Flapping=False",3,10068,58.76833333333345,0.28,8.585,0,16,200,0.02,0.34,0.105,0.01,0.525
Mixed,"Cost=True, Flapping=False",3,10069,75.93833333333336,0.17500000000000004,9.095,0,16,200,0.035,0.215,0.1,0.005,0.645
Mixed,"Cost=True, Flapping=False",3,10070,106.21333333333322,0.06999999999999995,8.36,0,13,200,0.02,0.15,0.09,0.005,0.735
Mixed,"Cost=True, Flapping=False",3,10071,116.47833333333334,0.06000000000000005,6.965,0,17,200,0.04,0.135,0.115,0.02,0.69
Mixed,"Cost=True, Flapping=False",3,10072,123.09999999999978,0.030000000000000027,7.29,0,15,200,0.01,0.1,0.105,0.0,0.785
Mixed,"Cost=True, Flapping=False",3,10073,75.73333333333343,0.20999999999999996,8.87,0,8,200,0.02,0.23,0.085,0.0,0.665
Mixed,"Cost=True, Flapping=False",3,10074,103.5433333333332,0.10999999999999999,7.01,0,22,200,0.02,0.205,0.165,0.035,0.575
Mixed,"Cost=True, Flapping=False",3,10075,103.48833333333332,0.09999999999999998,6.845,0,27,200,0.035,0.19,0.175,0.055,0.545
Mixed,"Cost=True, Flapping=False",3,10076,93.9100000000001,0.16500000000000004,7.8,0,8,200,0.02,0.195,0.09,0.01,0.685
Mixed,"Cost=True, Flapping=False",3,10077,94.04666666666657,0.13,7.93,0,19,200,0.015,0.22,0.125,0.005,0.635
Mixed,"Cost=True, Flapping=False",3,10078,123.29666666666645,0.040000000000000036,7.36,0,10,200,0.01,0.095,0.08,0.005,0.81
Mixed,"Cost=True, Flapping=False",3,10079,99.81333333333345,0.12,7.88,0,12,200,0.025,0.16,0.13,0.03,0.655
Mixed,"Cost=True, Flapping=False",3,10080,126.56999999999996,0.030000000000000027,6.75,0,16,200,0.015,0.115,0.105,0.02,0.745
Mixed,"Cost=True, Flapping=False",3,10081,82.0883333333333,0.17000000000000004,8.885,0,11,200,0.025,0.185,0.1,0.005,0.685
Mixed,"Cost=True, Flapping=False",3,10082,97.92999999999998,0.12,8.28,0,10,200,0.03,0.145,0.08,0.005,0.74
Mixed,"Cost=True, Flapping=False",3,10083,109.59999999999975,0.07999999999999996,7.38,0,15,200,0.05,0.13,0.1,0.025,0.695
Mixed,"Cost=True, Flapping=False",3,10084,77.45166666666665,0.18500000000000005,8.665,0,15,200,0.04,0.2,0.14,0.01,0.61
Mixed,"Cost=True, Flapping=False",3,10085,112.00999999999996,0.050000000000000044,7.17,0,29,200,0.02,0.135,0.115,0.01,0.72
Mixed,"Cost=True, Flapping=False",3,10086,90.42999999999992,0.13,8.46,0,17,200,0.025,0.205,0.1,0.005,0.665
Mixed,"Cost=True, Flapping=False",3,10087,100.25833333333335,0.09999999999999998,7.835,0,20,200,0.03,0.15,0.115,0.0,0.705
Mixed,"Cost=True, Flapping=False",3,10088,111.96666666666655,0.050000000000000044,7.69,0,19,200,0.035,0.125,0.11,0.0,0.73
Mixed,"Cost=True, Flapping=False",3,10089,114.6133333333332,0.03500000000000003,7.13,0,27,200,0.04,0.155,0.14,0.03,0.635
Mixed,"Cost=True, Flapping=False",3,10090,100.2216666666666,0.13,7.585,0,13,200,0.015,0.185,0.13,0.005,0.665
Mixed,"Cost=True, Flapping=False",3,10091,123.015,0.040000000000000036,6.735,0,19,200,0.01,0.145,0.125,0.015,0.705
Mixed,"Cost=True, Flapping=False",3,10092,74.355,0.21999999999999997,8.445,0,14,200,0.01,0.22,0.145,0.005,0.62
Mixed,"Cost=True, Flapping=False",3,10093,104.285,0.08499999999999996,8.055,0,15,200,0.025,0.135,0.12,0.01,0.71
Mixed,"Cost=True, Flapping=False",3,10094,110.3683333333331,0.07999999999999996,7.805,0,9,200,0.03,0.11,0.105,0.035,0.72
Mixed,"Cost=True, Flapping=False",3,10095,112.41666666666674,0.03500000000000003,7.78,0,22,200,0.03,0.17,0.115,0.025,0.66
Mixed,"Cost=True, Flapping=False",3,10096,99.9849999999999,0.09999999999999998,8.535,0,10,200,0.025,0.15,0.085,0.01,0.73
Mixed,"Cost=True, Flapping=False",3,10097,103.19666666666681,0.09499999999999997,7.39,0,24,200,0.02,0.185,0.105,0.03,0.66
Mixed,"Cost=True, Flapping=False",3,10098,85.22499999999995,0.16000000000000003,8.055,0,19,200,0.04,0.225,0.15,0.0,0.585
Mixed,"Cost=True, Flapping=False",3,10099,98.0583333333332,0.10499999999999998,8.795,0,8,200,0.02,0.145,0.1,0.0,0.735
Mixed,"Cost=True, Flapping=False",4,10000,109.69166666666659,0.07499999999999996,6.775,0,28,200,0.01,0.19,0.165,0.175,0.46
Mixed,"Cost=True, Flapping=False",4,10001,66.13333333333335,0.19999999999999996,8.78,0,31,200,0.025,0.215,0.125,0.075,0.56
Mixed,"Cost=True, Flapping=False",4,10002,82.8316666666666,0.14,8.485,0,27,200,0.015,0.21,0.14,0.14,0.495
Mixed,"Cost=True, Flapping=False",4,10003,81.54000000000006,0.16000000000000003,8.25,0,25,200,0.015,0.25,0.135,0.115,0.485
Mixed,"Cost=True, Flapping=False",4,10004,66.76333333333335,0.20499999999999996,8.75,0,29,200,0.005,0.25,0.17,0.08,0.495
Mixed,"Cost=True, Flapping=False",4,10005,93.2566666666666,0.125,7.57,0,27,200,0.02,0.18,0.15,0.165,0.485
Mixed,"Cost=True, Flapping=False",4,10006,114.80666666666674,0.010000000000000009,7.33,0,35,200,0.015,0.15,0.155,0.165,0.515
Mixed,"Cost=True, Flapping=False",4,10007,85.29166666666664,0.10999999999999999,8.905,0,29,200,0.01,0.185,0.115,0.1,0.59
Mixed,"Cost=True, Flapping=False",4,10008,98.73499999999996,0.07499999999999996,7.815,0,34,200,0.005,0.195,0.155,0.085,0.56
Mixed,"Cost=True, Flapping=False",4,10009,97.48666666666666,0.08999999999999997,7.45,0,36,200,0.005,0.19,0.155,0.17,0.48
Mixed,"Cost=True, Flapping=False",4,10010,104.62833333333326,0.050000000000000044,7.865,0,30,200,0.02,0.155,0.16,0.12,0.545
Mixed,"Cost=True, Flapping=False",4,10011,100.50999999999995,0.05500000000000005,8.07,0,34,200,0.01,0.175,0.135,0.135,0.545
Mixed,"Cost=True, Flapping=False",4,10012,95.31166666666668,0.09499999999999997,7.975,0,28,200,0.02,0.2,0.165,0.095,0.52
Mixed,"Cost=True, Flapping=False",4,10013,96.79833333333323,0.06999999999999995,7.925,0,36,200,0.015,0.215,0.185,0.065,0.52
Mixed,"Cost=True, Flapping=False",4,10014,90.37999999999997,0.09999999999999998,8.34,0,31,200,0.01,0.19,0.18,0.08,0.54
Mixed,"Cost=True, Flapping=False",4,10015,102.63,0.06999999999999995,7.74,0,27,200,0.02,0.16,0.145,0.28,0.395
Mixed,"Cost=True, Flapping=False",4,10016,101.77333333333326,0.06000000000000005,7.4,0,38,200,0.025,0.195,0.175,0.09,0.515
Mixed,"Cost=True, Flapping=False",4,10017,88.89499999999998,0.10499999999999998,7.935,0,39,200,0.005,0.21,0.16,0.12,0.505
Mixed,"Cost=True, Flapping=False",4,10018,103.94166666666669,0.06999999999999995,7.555,0,29,200,0.015,0.165,0.145,0.15,0.525
Mixed,"Cost=True, Flapping=False",4,10019,96.49166666666669,0.06999999999999995,7.645,0,42,200,0.015,0.19,0.15,0.125,0.52
Mixed,"Cost=True, Flapping=False",4,10020,106.85166666666656,0.04500000000000004,7.645,0,32,200,0.01,0.16,0.17,0.135,0.525
Mixed,"Cost=True, Flapping=False",4,10021,88.82666666666664,0.10499999999999998,8.26,0,32,200,0.025,0.18,0.15,0.135,0.51
Mixed,"Cost=True, Flapping=False",4,10022,91.70666666666666,0.12,7.72,0,29,200,0.025,0.215,0.145,0.09,0.525
Mixed,"Cost=True, Flapping=False",4,10023,83.235,0.12,8.565,0,35,200,0.0,0.2,0.145,0.11,0.545
Mixed,"Cost=True, Flapping=False",4,10024,87.92833333333331,0.10499999999999998,8.495,0,31,200,0.015,0.195,0.175,0.045,0.57
Mixed,"Cost=True, Flapping=False",4,10025,87.96833333333329,0.135,7.805,0,30,200,0.015,0.205,0.16,0.11,0.51
Mixed,"Cost=True, Flapping=False",4,10026,96.49666666666663,0.08499999999999996,7.87,0,33,200,0.005,0.205,0.185,0.055,0.55
Mixed,"Cost=True, Flapping=False",4,10027,117.20666666666656,0.015000000000000013,6.76,0,38,200,0.01,0.175,0.165,0.115,0.535
Mixed,"Cost=True, Flapping=False",4,10028,92.68666666666662,0.12,7.42,0,32,200,0.015,0.21,0.19,0.145,0.44
Mixed,"Cost=True, Flapping=False",4,10029,99.18166666666663,0.07999999999999996,8.455,0,19,200,0.015,0.165,0.125,0.265,0.43
Mixed,"Cost=True, Flapping=False",4,10030,108.67333333333323,0.050000000000000044,7.4,0,31,200,0.005,0.165,0.135,0.215,0.48
Mixed,"Cost=True, Flapping=False",4,10031,86.39666666666656,0.09999999999999998,8.29,0,39,200,0.01,0.21,0.18,0.13,0.47
Mixed,"Cost=True, Flapping=False",4,10032,94.67999999999994,0.10999999999999999,7.62,0,31,200,0.0,0.195,0.165,0.18,0.46
Mixed,"Cost=True, Flapping=False",4,10033,94.61166666666664,0.06499999999999995,8.935,0,28,200,0.0,0.175,0.16,0.145,0.52
Mixed,"Cost=True, Flapping=False",4,10034,91.6183333333333,0.10499999999999998,8.165,0,28,200,0.015,0.225,0.195,0.06,0.505
Mixed,"Cost=True, Flapping=False",4,10035,73.23666666666668,0.17000000000000004,8.74,0,29,200,0.02,0.245,0.16,0.045,0.53
Mixed,"Cost=True, Flapping=False",4,10036,60.51333333333337,0.21499999999999997,9.38,0,27,200,0.01,0.235,0.135,0.13,0.49
Mixed,"Cost=True, Flapping=False",4,10037,110.54666666666662,0.03500000000000003,7.66,0,27,200,0.02,0.155,0.145,0.23,0.45
Mixed,"Cost=True, Flapping=False",4,10038,91.96333333333325,0.08499999999999996,8.54,0,31,200,0.01,0.185,0.14,0.13,0.535
Mixed,"Cost=True, Flapping=False",4,10039,76.9333333333333,0.15500000000000003,8.87,0,27,200,0.01,0.215,0.13,0.15,0.495
Mixed,"Cost=True, Flapping=False",4,10040,117.81499999999973,0.025000000000000022,8.235,0,9,200,0.005,0.04,0.04,0.74,0.175
Mixed,"Cost=True, Flapping=False",4,10041,87.88833333333332,0.14500000000000002,7.715,0,29,200,0.005,0.21,0.13,0.155,0.5
Mixed,"Cost=True, Flapping=False",4,10042,80.00000000000004,0.16000000000000003,8.52,0,25,200,0.005,0.225,0.135,0.15,0.485
Mixed,"Cost=True, Flapping=False",4,10043,87.33499999999994,0.09499999999999997,8.415,0,38,200,0.01,0.205,0.145,0.11,0.53
Mixed,"Cost=True, Flapping=False",4,10044,68.90666666666671,0.19999999999999996,8.77,0,26,200,0.015,0.255,0.13,0.065,0.535
Mixed,"Cost=True, Flapping=False",4,10045,78.67166666666664,0.14500000000000002,8.425,0,34,200,0.02,0.225,0.145,0.055,0.555
Mixed,"Cost=True, Flapping=False",4,10046,98.90166666666656,0.08999999999999997,7.825,0,26,200,0.015,0.175,0.14,0.21,0.46
Mixed,"Cost=True, Flapping=False",4,10047,109.97999999999993,0.030000000000000027,7.53,0,35,200,0.005,0.16,0.105,0.205,0.525
Mixed,"Cost=True, Flapping=False",4,10048,97.77999999999989,0.08499999999999996,7.74,0,30,200,0.035,0.19,0.14,0.08,0.555
Mixed,"Cost=True, Flapping=False",4,10049,105.66833333333332,0.05500000000000005,7.655,0,31,200,0.0,0.17,0.14,0.235,0.455
Mixed,"Cost=True, Flapping=False",4,10050,112.63333333333333,0.025000000000000022,7.01,0,39,200,0.015,0.145,0.14,0.175,0.525
Mixed,"Cost=True, Flapping=False",4,10051,90.5966666666666,0.14500000000000002,7.42,0,26,200,0.02,0.195,0.16,0.205,0.42
Mixed,"Cost=True, Flapping=False",4,10052,99.38166666666658,0.07999999999999996,7.585,0,33,200,0.01,0.21,0.165,0.14,0.475
Mixed,"Cost=True, Flapping=False",4,10053,113.25166666666662,0.050000000000000044,6.955,0,27,200,0.015,0.19,0.155,0.235,0.405
Mixed,"Cost=True, Flapping=False",4,10054,77.47999999999999,0.17000000000000004,8.16,0,30,200,0.02,0.225,0.165,0.105,0.485
Mixed,"Cost=True, Flapping=False",4,10055,80.83333333333326,0.17000000000000004,8.24,0,21,200,0.02,0.245,0.185,0.125,0.425
Mixed,"Cost=True, Flapping=False",4,10056,109.5216666666666,0.04500000000000004,7.285,0,30,200,0.02,0.2,0.195,0.155,0.43
Mixed,"Cost=True, Flapping=False",4,10057,105.97666666666655,0.05500000000000005,7.48,0,33,200,0.0,0.175,0.15,0.235,0.44
Mixed,"Cost=True, Flapping=False",4,10058,88.58833333333327,0.11499999999999999,8.225,0,31,200,0.005,0.17,0.145,0.23,0.45
Mixed,"Cost=True, Flapping=False",4,10059,109.57166666666663,0.030000000000000027,7.315,0,37,200,0.025,0.15,0.155,0.105,0.565
Mixed,"Cost=True, Flapping=False",4,10060,112.79666666666668,0.015000000000000013,7.63,0,31,200,0.02,0.175,0.155,0.155,0.495
Mixed,"Cost=True, Flapping=False",4,10061,71.11666666666665,0.17500000000000004,8.26,0,39,200,0.02,0.225,0.17,0.1,0.485
Mixed,"Cost=True, Flapping=False",4,10062,80.09499999999996,0.10499999999999998,9.015,0,38,200,0.01,0.205,0.175,0.095,0.515
Mixed,"Cost=True, Flapping=False",4,10063,93.45333333333336,0.08999999999999997,8.3,0,30,200,0.005,0.18,0.17,0.145,0.5
Mixed,"Cost=True, Flapping=False",4,10064,89.84500000000011,0.10499999999999998,8.415,0,29,200,0.015,0.16,0.145,0.145,0.535
Mixed,"Cost=True, Flapping=False",4,10065,102.71666666666663,0.06000000000000005,7.45,0,35,200,0.03,0.16,0.16,0.175,0.475
Mixed,"Cost=True, Flapping=False",4,10066,109.51833333333333,0.025000000000000022,7.625,0,34,200,0.015,0.185,0.185,0.085,0.53
Mixed,"Cost=True, Flapping=False",4,10067,96.2183333333333,0.07999999999999996,7.805,0,36,200,0.015,0.19,0.16,0.085,0.55
Mixed,"Cost=True, Flapping=False",4,10068,104.24999999999989,0.050000000000000044,7.5,0,37,200,0.015,0.185,0.16,0.1,0.54
Mixed,"Cost=True, Flapping=False",4,10069,95.22833333333331,0.08999999999999997,8.105,0,29,200,0.015,0.18,0.165,0.095,0.545
Mixed,"Cost=True, Flapping=False",4,10070,97.68166666666663,0.07499999999999996,8.035,0,32,200,0.005,0.195,0.155,0.14,0.505
Mixed,"Cost=True, Flapping=False",4,10071,100.31166666666657,0.06499999999999995,7.555,0,38,200,0.02,0.155,0.13,0.17,0.525
Mixed,"Cost=True, Flapping=False",4,10072,121.32833333333332,0.0,7.205,0,29,200,0.01,0.125,0.13,0.245,0.49
Mixed,"Cost=True, Flapping=False",4,10073,81.00500000000008,0.14,8.415,0,32,200,0.015,0.22,0.145,0.08,0.54
Mixed,"Cost=True, Flapping=False",4,10074,82.09333333333333,0.15500000000000003,7.52,0,37,200,0.01,0.25,0.22,0.11,0.41
Mixed,"Cost=True, Flapping=False",4,10075,99.61499999999994,0.07999999999999996,7.395,0,36,200,0.01,0.185,0.175,0.14,0.49
Mixed,"Cost=True, Flapping=False",4,10076,85.50666666666667,0.14,8.08,0,29,200,0.01,0.215,0.135,0.14,0.5
Mixed,"Cost=True, Flapping=False",4,10077,111.64499999999998,0.050000000000000044,7.335,0,24,200,0.015,0.205,0.19,0.095,0.495
Mixed,"Cost=True, Flapping=False",4,10078,104.02666666666659,0.05500000000000005,7.36,0,38,200,0.005,0.2,0.18,0.135,0.48
Mixed,"Cost=True, Flapping=False",4,10079,88.09000000000006,0.135,7.92,0,28,200,0.005,0.2,0.155,0.265,0.375
Mixed,"Cost=True, Flapping=False",4,10080,113.26499999999996,0.025000000000000022,6.885,0,40,200,0.005,0.175,0.165,0.165,0.49
Mixed,"Cost=True, Flapping=False",4,10081,74.18166666666669,0.17000000000000004,8.905,0,25,200,0.015,0.235,0.17,0.04,0.54
Mixed,"Cost=True, Flapping=False",4,10082,100.65166666666669,0.08499999999999996,7.225,0,33,200,0.025,0.195,0.165,0.135,0.48
Mixed,"Cost=True, Flapping=False",4,10083,111.9316666666667,0.03500000000000003,7.675,0,25,200,0.015,0.14,0.125,0.265,0.455
Mixed,"Cost=True, Flapping=False",4,10084,95.82166666666663,0.08999999999999997,8.005,0,30,200,0.01,0.18,0.175,0.08,0.555
Mixed,"Cost=True, Flapping=False",4,10085,106.8099999999999,0.050000000000000044,7.14,0,39,200,0.005,0.175,0.16,0.135,0.525
Mixed,"Cost=True, Flapping=False",4,10086,99.45166666666663,0.06999999999999995,7.975,0,30,200,0.02,0.18,0.155,0.135,0.51
Mixed,"Cost=True, Flapping=False",4,10087,114.70333333333326,0.015000000000000013,7.31,0,32,200,0.03,0.16,0.16,0.095,0.555
Mixed,"Cost=True, Flapping=False",4,10088,111.80499999999994,0.025000000000000022,7.515,0,31,200,0.02,0.15,0.135,0.255,0.44
Mixed,"Cost=True, Flapping=False",4,10089,104.7699999999999,0.06000000000000005,7.26,0,35,200,0.02,0.195,0.16,0.12,0.505
Mixed,"Cost=True, Flapping=False",4,10090,108.50166666666664,0.10499999999999998,6.985,0,16,200,0.005,0.135,0.11,0.385,0.365
Mixed,"Cost=True, Flapping=False",4,10091,111.71166666666653,0.020000000000000018,7.225,0,40,200,0.005,0.16,0.15,0.17,0.515
Mixed,"Cost=True, Flapping=False",4,10092,75.42999999999998,0.18000000000000005,8.67,0,23,200,0.0,0.245,0.175,0.155,0.425
Mixed,"Cost=True, Flapping=False",4,10093,96.09666666666658,0.06499999999999995,8.23,0,35,200,0.01,0.19,0.17,0.155,0.475
Mixed,"Cost=True, Flapping=False",4,10094,94.98166666666663,0.07999999999999996,8.275,0,31,200,0.02,0.18,0.14,0.04,0.62
Mixed,"Cost=True, Flapping=False",4,10095,91.59500000000001,0.10499999999999998,8.085,0,30,200,0.025,0.2,0.135,0.045,0.595
Mixed,"Cost=True, Flapping=False",4,10096,87.16333333333343,0.10499999999999998,8.84,0,26,200,0.02,0.17,0.125,0.255,0.43
Mixed,"Cost=True, Flapping=False",4,10097,94.80833333333325,0.11499999999999999,7.535,0,29,200,0.015,0.2,0.13,0.175,0.48
Mixed,"Cost=True, Flapping=False",4,10098,96.5183333333333,0.08999999999999997,7.895,0,28,200,0.02,0.235,0.19,0.06,0.495
Mixed,"Cost=True, Flapping=False",4,10099,85.81500000000001,0.12,8.445,0,30,200,0.01,0.22,0.145,0.14,0.485
Mixed,"Cost=True, Flapping=False",5,10000,93.13999999999994,0.03500000000000003,6.33,0,78,200,0.025,0.335,0.31,0.04,0.29
Mixed,"Cost=True, Flapping=False",5,10001,67.47833333333337,0.10499999999999998,8.255,0,70,200,0.03,0.32,0.265,0.02,0.365
Mixed,"Cost=True, Flapping=False",5,10002,67.74166666666667,0.10499999999999998,7.885,0,76,200,0.015,0.35,0.305,0.025,0.305
Mixed,"Cost=True, Flapping=False",5,10003,56.50666666666673,0.15500000000000003,8.35,0,70,200,0.02,0.365,0.3,0.015,0.3
Mixed,"Cost=True, Flapping=False",5,10004,57.50166666666665,0.16000000000000003,8.395,0,67,200,0.01,0.335,0.305,0.01,0.34
Mixed,"Cost=True, Flapping=False",5,10005,68.68166666666667,0.08999999999999997,7.375,0,88,200,0.015,0.35,0.33,0.04,0.265
Mixed,"Cost=True, Flapping=False",5,10006,93.61999999999989,0.040000000000000036,6.6,0,71,200,0.015,0.34,0.35,0.02,0.275
Mixed,"Cost=True, Flapping=False",5,10007,45.215,0.22999999999999998,8.745,0,59,200,0.005,0.33,0.275,0.015,0.375
Mixed,"Cost=True, Flapping=False",5,10008,84.99999999999991,0.03500000000000003,6.81,0,88,200,0.005,0.355,0.33,0.025,0.285
Mixed,"Cost=True, Flapping=False",5,10009,74.97999999999999,0.06999999999999995,7.26,0,87,200,0.005,0.345,0.315,0.03,0.305
Mixed,"Cost=True, Flapping=False",5,10010,76.89500000000002,0.06000000000000005,8.325,0,68,200,0.025,0.31,0.305,0.02,0.34
Mixed,"Cost=True, Flapping=False",5,10011,87.53166666666657,0.020000000000000018,7.195,0,82,200,0.015,0.34,0.315,0.015,0.315
Mixed,"Cost=True, Flapping=False",5,10012,80.82166666666664,0.03500000000000003,8.275,0,71,200,0.02,0.325,0.325,0.005,0.325
Mixed,"Cost=True, Flapping=False",5,10013,88.6666666666666,0.025000000000000022,7.09,0,79,200,0.01,0.35,0.355,0.025,0.26
Mixed,"Cost=True, Flapping=False",5,10014,69.56166666666671,0.08999999999999997,8.125,0,75,200,0.01,0.35,0.305,0.02,0.315
Mixed,"Cost=True, Flapping=False",5,10015,78.38999999999993,0.050000000000000044,7.11,0,89,200,0.01,0.375,0.345,0.015,0.255
Mixed,"Cost=True, Flapping=False",5,10016,71.67833333333334,0.09499999999999997,7.985,0,70,200,0.02,0.35,0.3,0.02,0.31
Mixed,"Cost=True, Flapping=False",5,10017,79.53666666666662,0.05500000000000005,7.6,0,78,200,0.01,0.34,0.305,0.02,0.325
Mixed,"Cost=True, Flapping=False",5,10018,73.94833333333335,0.08499999999999996,7.985,0,70,200,0.02,0.34,0.285,0.015,0.34
Mixed,"Cost=True, Flapping=False",5,10019,51.38333333333342,0.20499999999999996,7.79,0,69,200,0.025,0.385,0.275,0.025,0.29
Mixed,"Cost=True, Flapping=False",5,10020,91.55833333333325,0.025000000000000022,7.445,0,68,200,0.01,0.34,0.33,0.025,0.295
Mixed,"Cost=True, Flapping=False",5,10021,79.46833333333332,0.07999999999999996,7.505,0,68,200,0.025,0.32,0.315,0.035,0.305
Mixed,"Cost=True, Flapping=False",5,10022,81.56166666666665,0.06499999999999995,7.645,0,68,200,0.025,0.32,0.295,0.02,0.34
Mixed,"Cost=True, Flapping=False",5,10023,60.131666666666725,0.12,8.455,0,78,200,0.0,0.34,0.295,0.015,0.35
Mixed,"Cost=True, Flapping=False",5,10024,76.22,0.07999999999999996,7.86,0,69,200,0.015,0.36,0.32,0.02,0.285
Mixed,"Cost=True, Flapping=False",5,10025,83.72666666666663,0.06000000000000005,7.36,0,71,200,0.015,0.33,0.31,0.035,0.31
Mixed,"Cost=True, Flapping=False",5,10026,77.02166666666668,0.07999999999999996,7.645,0,72,200,0.005,0.36,0.335,0.005,0.295
Mixed,"Cost=True, Flapping=False",5,10027,91.52166666666662,0.020000000000000018,6.415,0,86,200,0.015,0.355,0.345,0.03,0.255
Mixed,"Cost=True, Flapping=False",5,10028,74.8266666666667,0.09499999999999997,6.97,0,78,200,0.035,0.36,0.335,0.01,0.26
Mixed,"Cost=True, Flapping=False",5,10029,73.80999999999993,0.07999999999999996,7.8,0,74,200,0.02,0.37,0.325,0.01,0.275
Mixed,"Cost=True, Flapping=False",5,10030,88.07999999999993,0.040000000000000036,7.68,0,66,200,0.01,0.33,0.3,0.005,0.355
Mixed,"Cost=True, Flapping=False",5,10031,53.835000000000036,0.18500000000000005,8.145,0,68,200,0.01,0.34,0.315,0.035,0.3
Mixed,"Cost=True, Flapping=False",5,10032,69.26500000000004,0.10999999999999999,7.365,0,81,200,0.0,0.34,0.33,0.04,0.29
Mixed,"Cost=True, Flapping=False",5,10033,77.40500000000004,0.050000000000000044,8.565,0,70,200,0.0,0.315,0.305,0.005,0.375
Mixed,"Cost=True, Flapping=False",5,10034,69.17833333333337,0.15500000000000003,7.775,0,54,200,0.02,0.365,0.31,0.02,0.285
Mixed,"Cost=True, Flapping=False",5,10035,77.87999999999997,0.06999999999999995,8.01,0,67,200,0.025,0.33,0.305,0.005,0.335
Mixed,"Cost=True, Flapping=False",5,10036,43.40333333333337,0.21499999999999997,8.54,0,71,200,0.005,0.365,0.29,0.02,0.32
Mixed,"Cost=True, Flapping=False",5,10037,82.91999999999997,0.050000000000000044,7.47,0,76,200,0.01,0.325,0.29,0.02,0.355
Mixed,"Cost=True, Flapping=False",5,10038,77.05999999999999,0.06999999999999995,8.25,0,67,200,0.01,0.32,0.285,0.01,0.375
Mixed,"Cost=True, Flapping=False",5,10039,62.06333333333332,0.12,8.6,0,71,200,0.005,0.355,0.29,0.005,0.345
Mixed,"Cost=True, Flapping=False",5,10040,85.44666666666664,0.030000000000000027,6.85,0,88,200,0.005,0.355,0.35,0.03,0.26
Mixed,"Cost=True, Flapping=False",5,10041,80.02000000000001,0.06000000000000005,7.08,0,83,200,0.01,0.35,0.33,0.02,0.29
Mixed,"Cost=True, Flapping=False",5,10042,74.17166666666664,0.05500000000000005,7.825,0,85,200,0.01,0.335,0.315,0.005,0.335
Mixed,"Cost=True, Flapping=False",5,10043,72.69,0.06999999999999995,8.16,0,77,200,0.005,0.34,0.305,0.015,0.335
Mixed,"Cost=True, Flapping=False",5,10044,62.26166666666676,0.14500000000000002,8.485,0,62,200,0.015,0.33,0.275,0.02,0.36
Mixed,"Cost=True, Flapping=False",5,10045,66.98500000000003,0.10499999999999998,8.115,0,73,200,0.02,0.36,0.305,0.01,0.305
Mixed,"Cost=True, Flapping=False",5,10046,72.1633333333333,0.12,7.49,0,66,200,0.02,0.37,0.34,0.03,0.24
Mixed,"Cost=True, Flapping=False",5,10047,83.57999999999994,0.030000000000000027,7.2,0,86,200,0.01,0.355,0.325,0.005,0.305
Mixed,"Cost=True, Flapping=False",5,10048,84.10499999999993,0.050000000000000044,7.575,0,70,200,0.03,0.315,0.27,0.03,0.355
Mixed,"Cost=True, Flapping=False",5,10049,77.89166666666665,0.05500000000000005,7.285,0,87,200,0.0,0.355,0.335,0.0,0.31
Mixed,"Cost=True, Flapping=False",5,10050,80.79166666666671,0.040000000000000036,6.715,0,95,200,0.015,0.34,0.335,0.025,0.285
Mixed,"Cost=True, Flapping=False",5,10051,62.035,0.15000000000000002,6.855,0,85,200,0.01,0.4,0.36,0.035,0.195
Mixed,"Cost=True, Flapping=False",5,10052,64.02833333333335,0.14500000000000002,8.375,0,61,200,0.01,0.31,0.29,0.02,0.37
Mixed,"Cost=True, Flapping=False",5,10053,90.17333333333332,0.03500000000000003,6.95,0,73,200,0.025,0.345,0.34,0.015,0.275
Mixed,"Cost=True, Flapping=False",5,10054,61.36333333333335,0.16500000000000004,8.06,0,62,200,0.02,0.325,0.29,0.03,0.335
Mixed,"Cost=True, Flapping=False",5,10055,72.32000000000002,0.10999999999999999,7.29,0,72,200,0.03,0.39,0.315,0.02,0.245
Mixed,"Cost=True, Flapping=False",5,10056,84.92666666666663,0.06000000000000005,6.55,0,80,200,0.015,0.375,0.38,0.01,0.22
Mixed,"Cost=True, Flapping=False",5,10057,83.24999999999996,0.05500000000000005,7.02,0,80,200,0.0,0.37,0.345,0.025,0.26
Mixed,"Cost=True, Flapping=False",5,10058,88.34166666666663,0.040000000000000036,7.285,0,70,200,0.02,0.33,0.325,0.05,0.275
Mixed,"Cost=True, Flapping=False",5,10059,75.16333333333337,0.05500000000000005,7.25,0,90,200,0.02,0.355,0.355,0.03,0.24
Mixed,"Cost=True, Flapping=False",5,10060,81.07333333333332,0.06499999999999995,7.25,0,76,200,0.01,0.355,0.33,0.015,0.29
Mixed,"Cost=True, Flapping=False",5,10061,57.24833333333338,0.14500000000000002,8.435,0,71,200,0.025,0.345,0.295,0.015,0.32
Mixed,"Cost=True, Flapping=False",5,10062,68.51,0.10499999999999998,7.74,0,78,200,0.005,0.335,0.32,0.035,0.305
Mixed,"Cost=True, Flapping=False",5,10063,78.39333333333327,0.07499999999999996,8.03,0,66,200,0.005,0.325,0.31,0.01,0.35
Mixed,"Cost=True, Flapping=False",5,10064,72.42999999999998,0.06999999999999995,8.52,0,72,200,0.005,0.315,0.3,0.03,0.35
Mixed,"Cost=True, Flapping=False",5,10065,77.75,0.07499999999999996,8.01,0,66,200,0.015,0.335,0.315,0.025,0.31
Mixed,"Cost=True, Flapping=False",5,10066,83.38499999999996,0.025000000000000022,7.245,0,86,200,0.02,0.345,0.355,0.01,0.27
Mixed,"Cost=True, Flapping=False",5,10067,75.71333333333325,0.07499999999999996,7.28,0,82,200,0.015,0.355,0.305,0.03,0.295
Mixed,"Cost=True, Flapping=False",5,10068,52.336666666666744,0.19999999999999996,8.44,0,59,200,0.025,0.35,0.275,0.02,0.33
Mixed,"Cost=True, Flapping=False",5,10069,51.92000000000002,0.18500000000000005,8.76,0,62,200,0.02,0.31,0.27,0.02,0.38
Mixed,"Cost=True, Flapping=False",5,10070,75.86000000000003,0.07999999999999996,8.07,0,67,200,0.01,0.375,0.3,0.01,0.305
Mixed,"Cost=True, Flapping=False",5,10071,63.60499999999999,0.16000000000000003,7.725,0,64,200,0.02,0.37,0.3,0.03,0.28
Mixed,"Cost=True, Flapping=False",5,10072,85.50666666666666,0.015000000000000013,6.85,0,94,200,0.005,0.355,0.35,0.015,0.275
Mixed,"Cost=True, Flapping=False",5,10073,52.685000000000024,0.16000000000000003,8.775,0,71,200,0.005,0.345,0.29,0.01,0.35
Mixed,"Cost=True, Flapping=False",5,10074,65.75000000000001,0.16500000000000004,7.32,0,65,200,0.01,0.375,0.33,0.025,0.26
Mixed,"Cost=True, Flapping=False",5,10075,71.26166666666666,0.09999999999999998,6.865,0,87,200,0.01,0.36,0.365,0.045,0.22
Mixed,"Cost=True, Flapping=False",5,10076,68.44000000000004,0.13,7.89,0,66,200,0.01,0.335,0.28,0.015,0.36
Mixed,"Cost=True, Flapping=False",5,10077,80.00166666666667,0.05500000000000005,7.495,0,78,200,0.01,0.355,0.335,0.01,0.29
Mixed,"Cost=True, Flapping=False",5,10078,74.84499999999997,0.06999999999999995,7.125,0,88,200,0.005,0.38,0.36,0.02,0.235
Mixed,"Cost=True, Flapping=False",5,10079,64.00666666666667,0.11499999999999999,7.6,0,84,200,0.01,0.355,0.335,0.04,0.26
Mixed,"Cost=True, Flapping=False",5,10080,83.39833333333326,0.040000000000000036,6.425,0,94,200,0.005,0.39,0.38,0.015,0.21
Mixed,"Cost=True, Flapping=False",5,10081,53.325000000000024,0.16000000000000003,8.865,0,67,200,0.02,0.32,0.29,0.0,0.37
Mixed,"Cost=True, Flapping=False",5,10082,77.8383333333333,0.07499999999999996,7.535,0,73,200,0.02,0.345,0.31,0.03,0.295
Mixed,"Cost=True, Flapping=False",5,10083,77.02666666666667,0.050000000000000044,7.03,0,93,200,0.015,0.345,0.34,0.035,0.265
Mixed,"Cost=True, Flapping=False",5,10084,71.95833333333331,0.08499999999999996,7.775,0,77,200,0.01,0.35,0.355,0.025,0.26
Mixed,"Cost=True, Flapping=False",5,10085,82.09499999999998,0.06999999999999995,7.095,0,76,200,0.005,0.335,0.305,0.02,0.335
Mixed,"Cost=True, Flapping=False",5,10086,70.25500000000002,0.10999999999999999,7.275,0,79,200,0.015,0.34,0.32,0.03,0.295
Mixed,"Cost=True, Flapping=False",5,10087,66.87,0.125,8.1,0,66,200,0.02,0.325,0.31,0.02,0.325
Mixed,"Cost=True, Flapping=False",5,10088,80.10999999999997,0.06999999999999995,7.35,0,75,200,0.015,0.335,0.285,0.01,0.355
Mixed,"Cost=True, Flapping=False",5,10089,83.24666666666657,0.06499999999999995,6.88,0,76,200,0.025,0.36,0.32,0.03,0.265
Mixed,"Cost=True, Flapping=False",5,10090,78.27166666666668,0.10999999999999999,6.565,0,75,200,0.005,0.39,0.31,0.055,0.24
Mixed,"Cost=True, Flapping=False",5,10091,87.28499999999997,0.020000000000000018,6.735,0,90,200,0.005,0.37,0.355,0.01,0.26
Mixed,"Cost=True, Flapping=False",5,10092,59.61833333333332,0.18000000000000005,8.285,0,56,200,0.01,0.35,0.32,0.01,0.31
Mixed,"Cost=True, Flapping=False",5,10093,78.86333333333336,0.06000000000000005,7.85,0,73,200,0.01,0.335,0.325,0.005,0.325
Mixed,"Cost=True, Flapping=False",5,10094,70.03833333333334,0.08499999999999996,7.655,0,84,200,0.01,0.325,0.32,0.03,0.315
Mixed,"Cost=True, Flapping=False",5,10095,70.38833333333329,0.08999999999999997,8.255,0,70,200,0.025,0.335,0.285,0.03,0.325
Mixed,"Cost=True, Flapping=False",5,10096,79.22833333333324,0.04500000000000004,7.985,0,74,200,0.025,0.34,0.325,0.02,0.29
Mixed,"Cost=True, Flapping=False",5,10097,78.5749999999999,0.06499999999999995,6.825,0,88,200,0.01,0.355,0.32,0.05,0.265
Mixed,"Cost=True, Flapping=False",5,10098,92.26666666666658,0.040000000000000036,6.79,0,69,200,0.025,0.355,0.35,0.025,0.245
Mixed,"Cost=True, Flapping=False",5,10099,63.47833333333331,0.13,8.255,0,70,200,0.01,0.33,0.275,0.02,0.365
Mixed,"Cost=False, Flapping=False",1,10000,86.23000000000003,0.16500000000000004,7.77,0,19,200,0.045,0.285,0.095,0.005,0.57
Mixed,"Cost=False, Flapping=False",1,10001,89.11666666666653,0.07499999999999996,7.63,0,41,200,0.13,0.23,0.16,0.025,0.455
Mixed,"Cost=False, Flapping=False",1,10002,77.71166666666666,0.11499999999999999,8.425,0,39,200,0.075,0.31,0.19,0.02,0.405
Mixed,"Cost=False, Flapping=False",1,10003,67.25833333333341,0.20499999999999996,8.135,0,32,200,0.05,0.315,0.17,0.025,0.44
Mixed,"Cost=False, Flapping=False",1,10004,50.051666666666684,0.22999999999999998,9.055,0,38,200,0.055,0.415,0.2,0.01,0.32
Mixed,"Cost=False, Flapping=False",1,10005,72.28833333333336,0.14500000000000002,8.705,0,34,200,0.06,0.335,0.21,0.03,0.365
Mixed,"Cost=False, Flapping=False",1,10006,115.59666666666679,0.015000000000000013,7.18,0,28,200,0.085,0.12,0.125,0.005,0.665
Mixed,"Cost=False, Flapping=False",1,10007,63.87000000000008,0.14,9.06,0,45,200,0.075,0.38,0.175,0.02,0.35
Mixed,"Cost=False, Flapping=False",1,10008,88.4516666666667,0.05500000000000005,7.975,0,42,200,0.155,0.24,0.135,0.01,0.46
Mixed,"Cost=False, Flapping=False",1,10009,104.08999999999999,0.06499999999999995,7.17,0,31,200,0.075,0.195,0.115,0.015,0.6
Mixed,"Cost=False, Flapping=False",1,10010,93.97333333333343,0.040000000000000036,8.18,0,41,200,0.085,0.22,0.2,0.015,0.48
Mixed,"Cost=False, Flapping=False",1,10011,103.17166666666667,0.025000000000000022,7.765,0,36,200,0.11,0.13,0.11,0.03,0.62
Mixed,"Cost=False, Flapping=False",1,10012,96.44666666666669,0.07999999999999996,7.78,0,30,200,0.065,0.215,0.165,0.005,0.55
Mixed,"Cost=False, Flapping=False",1,10013,76.5933333333333,0.125,8.45,0,36,200,0.085,0.305,0.18,0.01,0.42
Mixed,"Cost=False, Flapping=False",1,10014,81.98833333333339,0.10999999999999999,8.195,0,36,200,0.085,0.28,0.17,0.03,0.435
Mixed,"Cost=False, Flapping=False",1,10015,96.1449999999999,0.06000000000000005,7.635,0,37,200,0.1,0.23,0.135,0.02,0.515
Mixed,"Cost=False, Flapping=False",1,10016,83.03333333333337,0.10999999999999999,8.33,0,34,200,0.065,0.265,0.19,0.025,0.455
Mixed,"Cost=False, Flapping=False",1,10017,92.32000000000002,0.09999999999999998,7.95,0,27,200,0.065,0.235,0.16,0.02,0.52
Mixed,"Cost=False, Flapping=False",1,10018,93.67333333333326,0.09499999999999997,7.94,0,26,200,0.065,0.25,0.17,0.015,0.5
Mixed,"Cost=False, Flapping=False",1,10019,99.7116666666666,0.08999999999999997,7.315,0,24,200,0.1,0.215,0.11,0.02,0.555
Mixed,"Cost=False, Flapping=False",1,10020,103.76499999999999,0.04500000000000004,7.545,0,32,200,0.08,0.17,0.18,0.015,0.555
Mixed,"Cost=False, Flapping=False",1,10021,88.68500000000002,0.08999999999999997,7.755,0,36,200,0.115,0.21,0.155,0.035,0.485
Mixed,"Cost=False, Flapping=False",1,10022,118.17499999999994,0.040000000000000036,6.705,0,24,200,0.055,0.15,0.115,0.0,0.68
Mixed,"Cost=False, Flapping=False",1,10023,72.09000000000003,0.12,8.49,0,46,200,0.085,0.315,0.185,0.015,0.4
Mixed,"Cost=False, Flapping=False",1,10024,94.20333333333328,0.030000000000000027,8.0,0,45,200,0.115,0.19,0.175,0.02,0.5
Mixed,"Cost=False, Flapping=False",1,10025,85.07499999999999,0.13,8.025,0,27,200,0.07,0.295,0.13,0.025,0.48
Mixed,"Cost=False, Flapping=False",1,10026,94.94333333333337,0.09499999999999997,7.82,0,26,200,0.07,0.225,0.14,0.01,0.555
Mixed,"Cost=False, Flapping=False",1,10027,99.6483333333334,0.08999999999999997,6.965,0,32,200,0.075,0.2,0.175,0.015,0.535
Mixed,"Cost=False, Flapping=False",1,10028,105.95333333333336,0.09499999999999997,6.92,0,20,200,0.065,0.195,0.145,0.02,0.575
Mixed,"Cost=False, Flapping=False",1,10029,88.0233333333333,0.10999999999999999,8.42,0,24,200,0.05,0.31,0.165,0.015,0.46
Mixed,"Cost=False, Flapping=False",1,10030,96.27333333333331,0.06000000000000005,7.28,0,39,200,0.145,0.165,0.115,0.015,0.56
Mixed,"Cost=False, Flapping=False",1,10031,90.67666666666663,0.11499999999999999,7.72,0,28,200,0.065,0.25,0.145,0.035,0.505
Mixed,"Cost=False, Flapping=False",1,10032,91.16166666666653,0.09999999999999998,7.675,0,31,200,0.095,0.215,0.145,0.02,0.525
Mixed,"Cost=False, Flapping=False",1,10033,89.36333333333329,0.050000000000000044,8.69,0,39,200,0.06,0.295,0.215,0.005,0.425
Mixed,"Cost=False, Flapping=False",1,10034,88.61333333333329,0.11499999999999999,8.03,0,27,200,0.05,0.295,0.2,0.005,0.45
Mixed,"Cost=False, Flapping=False",1,10035,61.981666666666726,0.18999999999999995,8.755,0,35,200,0.07,0.375,0.155,0.015,0.385
Mixed,"Cost=False, Flapping=False",1,10036,58.67333333333336,0.18500000000000005,8.69,0,41,200,0.105,0.335,0.17,0.015,0.375
Mixed,"Cost=False, Flapping=False",1,10037,87.06500000000001,0.040000000000000036,7.875,0,51,200,0.175,0.195,0.13,0.015,0.485
Mixed,"Cost=False, Flapping=False",1,10038,87.2016666666667,0.07999999999999996,8.395,0,34,200,0.095,0.27,0.14,0.01,0.485
Mixed,"Cost=False, Flapping=False",1,10039,77.46333333333331,0.135,8.54,0,31,200,0.07,0.295,0.17,0.005,0.46
Mixed,"Cost=False, Flapping=False",1,10040,121.91166666666656,0.050000000000000044,6.985,0,12,200,0.03,0.115,0.085,0.02,0.75
Mixed,"Cost=False, Flapping=False",1,10041,87.13666666666663,0.13,7.51,0,30,200,0.1,0.235,0.085,0.02,0.56
Mixed,"Cost=False, Flapping=False",1,10042,76.16166666666672,0.15000000000000002,8.545,0,30,200,0.05,0.295,0.16,0.02,0.475
Mixed,"Cost=False, Flapping=False",1,10043,93.36499999999998,0.07999999999999996,8.205,0,28,200,0.065,0.275,0.155,0.015,0.49
Mixed,"Cost=False, Flapping=False",1,10044,66.3383333333334,0.18500000000000005,8.195,0,34,200,0.11,0.335,0.13,0.03,0.395
Mixed,"Cost=False, Flapping=False",1,10045,90.25333333333326,0.07499999999999996,8.0,0,36,200,0.095,0.255,0.175,0.02,0.455
Mixed,"Cost=False, Flapping=False",1,10046,89.8883333333333,0.04500000000000004,7.805,0,48,200,0.13,0.225,0.2,0.005,0.44
Mixed,"Cost=False, Flapping=False",1,10047,97.8683333333333,0.06999999999999995,7.355,0,33,200,0.125,0.205,0.075,0.01,0.585
Mixed,"Cost=False, Flapping=False",1,10048,104.24333333333321,0.05500000000000005,7.67,0,27,200,0.07,0.18,0.12,0.035,0.595
Mixed,"Cost=False, Flapping=False",1,10049,102.05833333333331,0.06000000000000005,7.475,0,31,200,0.08,0.195,0.14,0.0,0.585
Mixed,"Cost=False, Flapping=False",1,10050,104.5799999999999,0.030000000000000027,6.9,0,39,200,0.17,0.11,0.1,0.03,0.59
Mixed,"Cost=False, Flapping=False",1,10051,83.87000000000002,0.19499999999999995,7.35,0,18,200,0.04,0.255,0.175,0.045,0.485
Mixed,"Cost=False, Flapping=False",1,10052,85.4483333333333,0.10999999999999999,8.225,0,30,200,0.07,0.295,0.18,0.015,0.44
Mixed,"Cost=False, Flapping=False",1,10053,127.03833333333343,0.025000000000000022,6.425,0,18,200,0.06,0.085,0.085,0.03,0.74
Mixed,"Cost=False, Flapping=False",1,10054,64.86833333333345,0.19999999999999996,8.585,0,30,200,0.055,0.365,0.15,0.035,0.395
Mixed,"Cost=False, Flapping=False",1,10055,105.64833333333333,0.07499999999999996,7.355,0,21,200,0.06,0.225,0.165,0.015,0.535
Mixed,"Cost=False, Flapping=False",1,10056,114.9799999999999,0.050000000000000044,7.32,0,15,200,0.06,0.155,0.135,0.005,0.645
Mixed,"Cost=False, Flapping=False",1,10057,108.28166666666655,0.05500000000000005,7.315,0,26,200,0.06,0.175,0.135,0.015,0.615
Mixed,"Cost=False, Flapping=False",1,10058,88.72333333333327,0.08499999999999996,8.0,0,36,200,0.095,0.19,0.185,0.04,0.49
Mixed,"Cost=False, Flapping=False",1,10059,79.48333333333335,0.15000000000000002,8.09,0,28,200,0.075,0.27,0.18,0.025,0.45
Mixed,"Cost=False, Flapping=False",1,10060,106.87500000000001,0.025000000000000022,7.665,0,31,200,0.09,0.185,0.14,0.025,0.56
Mixed,"Cost=False, Flapping=False",1,10061,84.65333333333335,0.12,8.12,0,29,200,0.075,0.275,0.185,0.02,0.445
Mixed,"Cost=False, Flapping=False",1,10062,90.09333333333333,0.09999999999999998,7.91,0,33,200,0.055,0.215,0.19,0.035,0.505
Mixed,"Cost=False, Flapping=False",1,10063,84.27000000000002,0.10499999999999998,8.22,0,34,200,0.075,0.285,0.18,0.02,0.44
Mixed,"Cost=False, Flapping=False",1,10064,93.41999999999983,0.040000000000000036,8.01,0,43,200,0.115,0.17,0.165,0.02,0.53
Mixed,"Cost=False, Flapping=False",1,10065,65.9516666666667,0.17000000000000004,8.845,0,32,200,0.075,0.36,0.21,0.035,0.32
Mixed,"Cost=False, Flapping=False",1,10066,116.41499999999996,0.04500000000000004,6.945,0,22,200,0.045,0.15,0.145,0.015,0.645
Mixed,"Cost=False, Flapping=False",1,10067,90.68333333333331,0.09999999999999998,7.4,0,36,200,0.105,0.21,0.115,0.025,0.545
Mixed,"Cost=False, Flapping=False",1,10068,83.85999999999996,0.125,7.56,0,40,200,0.065,0.245,0.165,0.035,0.49
Mixed,"Cost=False, Flapping=False",1,10069,78.71833333333326,0.125,8.255,0,37,200,0.07,0.28,0.195,0.01,0.445
Mixed,"Cost=False, Flapping=False",1,10070,89.66499999999996,0.07499999999999996,7.905,0,38,200,0.1,0.28,0.16,0.015,0.445
Mixed,"Cost=False, Flapping=False",1,10071,85.21666666666667,0.09999999999999998,8.23,0,32,200,0.09,0.28,0.19,0.025,0.415
Mixed,"Cost=False, Flapping=False",1,10072,98.89333333333329,0.07999999999999996,7.79,0,23,200,0.09,0.205,0.12,0.01,0.575
Mixed,"Cost=False, Flapping=False",1,10073,73.86000000000007,0.16000000000000003,8.22,0,34,200,0.07,0.28,0.16,0.01,0.48
Mixed,"Cost=False, Flapping=False",1,10074,83.93166666666663,0.17000000000000004,7.705,0,21,200,0.045,0.295,0.165,0.015,0.48
Mixed,"Cost=False, Flapping=False",1,10075,92.18500000000003,0.09999999999999998,7.305,0,33,200,0.115,0.195,0.145,0.035,0.51
Mixed,"Cost=False, Flapping=False",1,10076,94.79833333333326,0.08499999999999996,7.805,0,31,200,0.065,0.24,0.13,0.015,0.55
Mixed,"Cost=False, Flapping=False",1,10077,111.51333333333326,0.030000000000000027,7.04,0,30,200,0.095,0.165,0.145,0.005,0.59
Mixed,"Cost=False, Flapping=False",1,10078,105.9799999999999,0.025000000000000022,7.56,0,33,200,0.105,0.17,0.15,0.005,0.57
Mixed,"Cost=False, Flapping=False",1,10079,94.22500000000014,0.10999999999999999,7.305,0,30,200,0.065,0.22,0.17,0.025,0.52
Mixed,"Cost=False, Flapping=False",1,10080,109.99500000000003,0.03500000000000003,6.825,0,34,200,0.11,0.125,0.12,0.02,0.625
Mixed,"Cost=False, Flapping=False",1,10081,60.0800000000001,0.14500000000000002,9.18,0,45,200,0.1,0.41,0.18,0.005,0.305
Mixed,"Cost=False, Flapping=False",1,10082,83.44000000000008,0.12,8.16,0,31,200,0.075,0.28,0.17,0.015,0.46
Mixed,"Cost=False, Flapping=False",1,10083,97.31999999999995,0.08999999999999997,7.8,0,23,200,0.065,0.27,0.14,0.045,0.48
Mixed,"Cost=False, Flapping=False",1,10084,68.75500000000001,0.16500000000000004,8.685,0,34,200,0.055,0.35,0.195,0.03,0.37
Mixed,"Cost=False, Flapping=False",1,10085,105.33999999999997,0.06499999999999995,7.44,0,26,200,0.055,0.21,0.12,0.015,0.6
Mixed,"Cost=False, Flapping=False",1,10086,99.02166666666669,0.07499999999999996,7.465,0,31,200,0.07,0.21,0.185,0.03,0.505
Mixed,"Cost=False, Flapping=False",1,10087,96.69833333333334,0.08499999999999996,7.265,0,31,200,0.12,0.18,0.12,0.015,0.565
Mixed,"Cost=False, Flapping=False",1,10088,83.16833333333328,0.15000000000000002,8.075,0,24,200,0.06,0.28,0.11,0.01,0.54
Mixed,"Cost=False, Flapping=False",1,10089,107.26166666666659,0.06000000000000005,7.315,0,24,200,0.075,0.195,0.115,0.045,0.57
Mixed,"Cost=False, Flapping=False",1,10090,121.77333333333338,0.030000000000000027,6.29,0,24,200,0.09,0.115,0.12,0.015,0.66
Mixed,"Cost=False, Flapping=False",1,10091,120.49166666666653,0.0050000000000000044,7.225,0,23,200,0.07,0.14,0.12,0.0,0.67
Mixed,"Cost=False, Flapping=False",1,10092,75.23500000000006,0.17500000000000004,8.595,0,21,200,0.045,0.335,0.155,0.01,0.455
Mixed,"Cost=False, Flapping=False",1,10093,94.3766666666666,0.06000000000000005,7.87,0,36,200,0.105,0.21,0.16,0.01,0.515
Mixed,"Cost=False, Flapping=False",1,10094,87.62333333333338,0.07999999999999996,8.3,0,33,200,0.11,0.275,0.13,0.015,0.47
Mixed,"Cost=False, Flapping=False",1,10095,78.13666666666663,0.125,8.26,0,36,200,0.085,0.305,0.18,0.02,0.41
Mixed,"Cost=False, Flapping=False",1,10096,83.95999999999991,0.10499999999999998,8.19,0,33,200,0.095,0.3,0.155,0.01,0.44
Mixed,"Cost=False, Flapping=False",1,10097,93.0566666666666,0.12,7.51,0,25,200,0.07,0.255,0.105,0.015,0.555
Mixed,"Cost=False, Flapping=False",1,10098,82.02166666666663,0.15000000000000002,7.975,0,27,200,0.06,0.27,0.16,0.03,0.48
Mixed,"Cost=False, Flapping=False",1,10099,69.50833333333338,0.14500000000000002,8.975,0,33,200,0.07,0.41,0.18,0.025,0.315
Mixed,"Cost=False, Flapping=False",2,10000,74.35999999999997,0.04500000000000004,6.03,0,111,200,0.04,0.445,0.39,0.035,0.09
Mixed,"Cost=False, Flapping=False",2,10001,55.26500000000004,0.03500000000000003,7.305,0,121,200,0.15,0.37,0.36,0.015,0.105
Mixed,"Cost=False, Flapping=False",2,10002,34.36833333333332,0.20999999999999996,8.285,0,82,200,0.09,0.505,0.31,0.01,0.085
Mixed,"Cost=False, Flapping=False",2,10003,69.44999999999995,0.04500000000000004,7.02,0,100,200,0.085,0.405,0.38,0.025,0.105
Mixed,"Cost=False, Flapping=False",2,10004,40.508333333333304,0.19999999999999996,8.465,0,74,200,0.05,0.55,0.345,0.0,0.055
Mixed,"Cost=False, Flapping=False",2,10005,42.33666666666672,0.13,8.02,0,102,200,0.09,0.47,0.365,0.02,0.055
Mixed,"Cost=False, Flapping=False",2,10006,70.49666666666667,0.04500000000000004,6.94,0,102,200,0.055,0.42,0.395,0.055,0.075
Mixed,"Cost=False, Flapping=False",2,10007,41.43333333333339,0.18999999999999995,7.67,0,89,200,0.06,0.505,0.34,0.025,0.07
Mixed,"Cost=False, Flapping=False",2,10008,75.57499999999995,0.05500000000000005,6.105,0,104,200,0.03,0.455,0.41,0.025,0.08
Mixed,"Cost=False, Flapping=False",2,10009,75.94833333333331,0.010000000000000009,6.155,0,119,200,0.045,0.435,0.415,0.015,0.09
Mixed,"Cost=False, Flapping=False",2,10010,44.3633333333333,0.10999999999999999,7.94,0,106,200,0.1,0.475,0.37,0.005,0.05
Mixed,"Cost=False, Flapping=False",2,10011,60.5183333333334,0.05500000000000005,7.685,0,99,200,0.135,0.35,0.28,0.135,0.1
Mixed,"Cost=False, Flapping=False",2,10012,61.05666666666671,0.07499999999999996,7.9,0,93,200,0.06,0.425,0.34,0.09,0.085
Mixed,"Cost=False, Flapping=False",2,10013,43.15833333333339,0.15000000000000002,7.895,0,96,200,0.07,0.51,0.375,0.0,0.045
Mixed,"Cost=False, Flapping=False",2,10014,45.94500000000002,0.14,7.815,0,92,200,0.12,0.435,0.33,0.02,0.095
Mixed,"Cost=False, Flapping=False",2,10015,53.62500000000006,0.09499999999999997,7.485,0,103,200,0.09,0.425,0.345,0.1,0.04
Mixed,"Cost=False, Flapping=False",2,10016,49.78166666666672,0.14500000000000002,7.375,0,95,200,0.065,0.46,0.36,0.04,0.075
Mixed,"Cost=False, Flapping=False",2,10017,49.881666666666746,0.09999999999999998,7.465,0,111,200,0.07,0.44,0.375,0.015,0.1
Mixed,"Cost=False, Flapping=False",2,10018,56.67833333333344,0.11499999999999999,6.905,0,100,200,0.07,0.46,0.39,0.02,0.06
Mixed,"Cost=False, Flapping=False",2,10019,68.3516666666667,0.06499999999999995,6.145,0,111,200,0.055,0.445,0.415,0.01,0.075
Mixed,"Cost=False, Flapping=False",2,10020,63.71000000000006,0.06000000000000005,7.14,0,106,200,0.055,0.405,0.41,0.085,0.045
Mixed,"Cost=False, Flapping=False",2,10021,58.79333333333335,0.07999999999999996,7.28,0,101,200,0.105,0.425,0.345,0.01,0.115
Mixed,"Cost=False, Flapping=False",2,10022,60.638333333333385,0.050000000000000044,7.265,0,113,200,0.06,0.445,0.425,0.005,0.065
Mixed,"Cost=False, Flapping=False",2,10023,42.263333333333335,0.125,8.18,0,105,200,0.055,0.505,0.37,0.005,0.065
Mixed,"Cost=False, Flapping=False",2,10024,45.289999999999985,0.05500000000000005,8.43,0,115,200,0.13,0.425,0.385,0.015,0.045
Mixed,"Cost=False, Flapping=False",2,10025,61.64333333333334,0.08499999999999996,6.56,0,107,200,0.08,0.44,0.385,0.035,0.06
Mixed,"Cost=False, Flapping=False",2,10026,60.61500000000005,0.08499999999999996,7.305,0,102,200,0.025,0.48,0.415,0.015,0.065
Mixed,"Cost=False, Flapping=False",2,10027,62.53166666666671,0.06000000000000005,6.865,0,108,200,0.105,0.41,0.37,0.04,0.075
Mixed,"Cost=False, Flapping=False",2,10028,60.56333333333339,0.09999999999999998,8.06,0,77,200,0.1,0.41,0.325,0.105,0.06
Mixed,"Cost=False, Flapping=False",2,10029,64.50500000000004,0.06999999999999995,7.275,0,97,200,0.065,0.45,0.385,0.03,0.07
Mixed,"Cost=False, Flapping=False",2,10030,71.92666666666663,0.05500000000000005,6.91,0,97,200,0.05,0.405,0.35,0.11,0.085
Mixed,"Cost=False, Flapping=False",2,10031,66.49666666666673,0.04500000000000004,6.52,0,117,200,0.045,0.45,0.445,0.005,0.055
Mixed,"Cost=False, Flapping=False",2,10032,51.296666666666745,0.125,7.12,0,104,200,0.065,0.445,0.39,0.03,0.07
Mixed,"Cost=False, Flapping=False",2,10033,46.746666666666684,0.08499999999999996,8.35,0,106,200,0.095,0.425,0.37,0.005,0.105
Mixed,"Cost=False, Flapping=False",2,10034,53.1933333333334,0.125,7.97,0,82,200,0.095,0.505,0.36,0.01,0.03
Mixed,"Cost=False, Flapping=False",2,10035,48.03166666666672,0.11499999999999999,8.245,0,89,200,0.125,0.47,0.35,0.015,0.04
Mixed,"Cost=False, Flapping=False",2,10036,20.113333333333323,0.21499999999999997,8.69,0,100,200,0.095,0.53,0.345,0.005,0.025
Mixed,"Cost=False, Flapping=False",2,10037,63.24333333333339,0.030000000000000027,7.64,0,105,200,0.115,0.39,0.355,0.06,0.08
Mixed,"Cost=False, Flapping=False",2,10038,44.310000000000024,0.12,8.46,0,93,200,0.11,0.475,0.31,0.06,0.045
Mixed,"Cost=False, Flapping=False",2,10039,44.10000000000001,0.12,8.58,0,97,200,0.06,0.485,0.345,0.0,0.11
Mixed,"Cost=False, Flapping=False",2,10040,68.65,0.03500000000000003,6.42,0,119,200,0.05,0.415,0.41,0.025,0.1
Mixed,"Cost=False, Flapping=False",2,10041,47.800000000000104,0.14500000000000002,7.2,0,100,200,0.08,0.485,0.345,0.025,0.065
Mixed,"Cost=False, Flapping=False",2,10042,39.608333333333306,0.13,8.315,0,101,200,0.105,0.475,0.355,0.0,0.065
Mixed,"Cost=False, Flapping=False",2,10043,56.77666666666669,0.10999999999999999,7.09,0,99,200,0.07,0.44,0.4,0.01,0.08
Mixed,"Cost=False, Flapping=False",2,10044,40.80000000000012,0.16500000000000004,7.56,0,97,200,0.115,0.455,0.315,0.025,0.09
Mixed,"Cost=False, Flapping=False",2,10045,48.15500000000004,0.15500000000000003,8.175,0,79,200,0.085,0.45,0.32,0.105,0.04
Mixed,"Cost=False, Flapping=False",2,10046,67.44500000000001,0.08499999999999996,6.435,0,102,200,0.04,0.445,0.4,0.02,0.095
Mixed,"Cost=False, Flapping=False",2,10047,66.78500000000007,0.06499999999999995,6.825,0,105,200,0.035,0.505,0.365,0.01,0.085
Mixed,"Cost=False, Flapping=False",2,10048,48.98833333333343,0.12,7.415,0,100,200,0.125,0.43,0.32,0.055,0.07
Mixed,"Cost=False, Flapping=False",2,10049,62.17666666666676,0.06499999999999995,6.97,0,112,200,0.035,0.46,0.4,0.01,0.095
Mixed,"Cost=False, Flapping=False",2,10050,67.65000000000009,0.025000000000000022,6.51,0,120,200,0.08,0.41,0.4,0.05,0.06
Mixed,"Cost=False, Flapping=False",2,10051,62.984999999999914,0.15500000000000003,7.185,0,68,200,0.075,0.385,0.305,0.185,0.05
Mixed,"Cost=False, Flapping=False",2,10052,55.90166666666676,0.10499999999999998,7.855,0,88,200,0.105,0.39,0.31,0.085,0.11
Mixed,"Cost=False, Flapping=False",2,10053,72.55666666666656,0.05500000000000005,5.92,0,108,200,0.085,0.39,0.385,0.065,0.075
Mixed,"Cost=False, Flapping=False",2,10054,58.941666666666805,0.13,7.795,0,75,200,0.07,0.485,0.315,0.1,0.03
Mixed,"Cost=False, Flapping=False",2,10055,62.97833333333335,0.10499999999999998,7.295,0,86,200,0.06,0.47,0.385,0.02,0.065
Mixed,"Cost=False, Flapping=False",2,10056,76.75333333333326,0.04500000000000004,6.62,0,94,200,0.06,0.435,0.395,0.045,0.065
Mixed,"Cost=False, Flapping=False",2,10057,69.33000000000001,0.05500000000000005,6.72,0,101,200,0.085,0.405,0.39,0.03,0.09
Mixed,"Cost=False, Flapping=False",2,10058,59.13833333333339,0.06000000000000005,8.195,0,93,200,0.095,0.44,0.385,0.03,0.05
Mixed,"Cost=False, Flapping=False",2,10059,53.09666666666673,0.09999999999999998,6.91,0,109,200,0.115,0.405,0.385,0.005,0.09
Mixed,"Cost=False, Flapping=False",2,10060,72.76666666666652,0.030000000000000027,7.3,0,99,200,0.05,0.39,0.35,0.125,0.085
Mixed,"Cost=False, Flapping=False",2,10061,51.51666666666673,0.08499999999999996,7.48,0,112,200,0.075,0.44,0.405,0.05,0.03
Mixed,"Cost=False, Flapping=False",2,10062,48.00166666666668,0.10999999999999999,7.495,0,106,200,0.105,0.43,0.39,0.01,0.065
Mixed,"Cost=False, Flapping=False",2,10063,51.73833333333334,0.09499999999999997,7.805,0,106,200,0.035,0.505,0.405,0.005,0.05
Mixed,"Cost=False, Flapping=False",2,10064,26.98,0.16500000000000004,7.95,0,115,200,0.135,0.455,0.36,0.005,0.045
Mixed,"Cost=False, Flapping=False",2,10065,36.90833333333331,0.18000000000000005,8.525,0,86,200,0.075,0.475,0.37,0.025,0.055
Mixed,"Cost=False, Flapping=False",2,10066,68.21833333333338,0.050000000000000044,6.905,0,105,200,0.055,0.425,0.415,0.01,0.095
Mixed,"Cost=False, Flapping=False",2,10067,49.29333333333338,0.06000000000000005,7.4,0,128,200,0.075,0.445,0.395,0.035,0.05
Mixed,"Cost=False, Flapping=False",2,10068,17.07833333333327,0.30000000000000004,8.495,0,79,200,0.07,0.57,0.265,0.02,0.075
Mixed,"Cost=False, Flapping=False",2,10069,48.486666666666665,0.13,7.6,0,94,200,0.115,0.435,0.385,0.02,0.045
Mixed,"Cost=False, Flapping=False",2,10070,50.155000000000015,0.06999999999999995,7.335,0,125,200,0.055,0.47,0.42,0.005,0.05
Mixed,"Cost=False, Flapping=False",2,10071,54.7633333333334,0.06499999999999995,7.19,0,116,200,0.11,0.375,0.365,0.08,0.07
Mixed,"Cost=False, Flapping=False",2,10072,66.56666666666675,0.05500000000000005,6.49,0,114,200,0.045,0.435,0.42,0.025,0.075
Mixed,"Cost=False, Flapping=False",2,10073,40.59500000000003,0.15000000000000002,7.695,0,104,200,0.08,0.48,0.36,0.02,0.06
Mixed,"Cost=False, Flapping=False",2,10074,43.358333333333334,0.12,7.565,0,110,200,0.105,0.465,0.365,0.0,0.065
Mixed,"Cost=False, Flapping=False",2,10075,66.28166666666665,0.08499999999999996,6.685,0,94,200,0.105,0.375,0.35,0.115,0.055
Mixed,"Cost=False, Flapping=False",2,10076,48.155000000000136,0.14,7.425,0,99,200,0.065,0.49,0.355,0.03,0.06
Mixed,"Cost=False, Flapping=False",2,10077,69.15333333333334,0.025000000000000022,6.92,0,112,200,0.06,0.44,0.41,0.02,0.07
Mixed,"Cost=False, Flapping=False",2,10078,65.21833333333336,0.06999999999999995,6.905,0,103,200,0.055,0.42,0.4,0.06,0.065
Mixed,"Cost=False, Flapping=False",2,10079,48.998333333333335,0.10999999999999999,7.235,0,108,200,0.11,0.415,0.38,0.04,0.055
Mixed,"Cost=False, Flapping=False",2,10080,69.93000000000005,0.050000000000000044,6.09,0,116,200,0.04,0.44,0.44,0.03,0.05
Mixed,"Cost=False, Flapping=False",2,10081,32.48499999999999,0.26,8.775,0,61,200,0.05,0.565,0.31,0.035,0.04
Mixed,"Cost=False, Flapping=False",2,10082,36.53833333333344,0.18999999999999995,7.925,0,93,200,0.075,0.505,0.335,0.005,0.08
Mixed,"Cost=False, Flapping=False",2,10083,46.3966666666667,0.10499999999999998,8.02,0,104,200,0.09,0.45,0.375,0.03,0.055
Mixed,"Cost=False, Flapping=False",2,10084,47.751666666666694,0.135,8.305,0,83,200,0.11,0.47,0.31,0.035,0.075
Mixed,"Cost=False, Flapping=False",2,10085,70.4366666666666,0.03500000000000003,6.79,0,108,200,0.06,0.435,0.395,0.02,0.09
Mixed,"Cost=False, Flapping=False",2,10086,62.71500000000004,0.05500000000000005,7.305,0,107,200,0.055,0.455,0.4,0.015,0.075
Mixed,"Cost=False, Flapping=False",2,10087,55.436666666666696,0.08999999999999997,7.27,0,106,200,0.08,0.44,0.37,0.02,0.09
Mixed,"Cost=False, Flapping=False",2,10088,43.011666666666706,0.14,8.035,0,93,200,0.13,0.425,0.33,0.045,0.07
Mixed,"Cost=False, Flapping=False",2,10089,80.19166666666666,0.05500000000000005,6.715,0,81,200,0.08,0.375,0.31,0.175,0.06
Mixed,"Cost=False, Flapping=False",2,10090,80.65166666666663,0.025000000000000022,5.845,0,107,200,0.065,0.4,0.4,0.06,0.075
Mixed,"Cost=False, Flapping=False",2,10091,75.91000000000003,0.025000000000000022,6.54,0,109,200,0.02,0.445,0.44,0.01,0.085
Mixed,"Cost=False, Flapping=False",2,10092,42.68333333333334,0.17000000000000004,8.09,0,86,200,0.065,0.54,0.36,0.0,0.035
Mixed,"Cost=False, Flapping=False",2,10093,49.508333333333354,0.09999999999999998,7.505,0,112,200,0.055,0.47,0.395,0.0,0.08
Mixed,"Cost=False, Flapping=False",2,10094,48.055,0.09499999999999997,7.845,0,104,200,0.125,0.43,0.355,0.055,0.035
Mixed,"Cost=False, Flapping=False",2,10095,41.148333333333355,0.06499999999999995,7.625,0,132,200,0.14,0.425,0.36,0.015,0.06
Mixed,"Cost=False, Flapping=False",2,10096,43.95500000000001,0.10499999999999998,8.415,0,101,200,0.11,0.45,0.33,0.005,0.105
Mixed,"Cost=False, Flapping=False",2,10097,54.425000000000104,0.135,6.735,0,104,200,0.025,0.515,0.37,0.025,0.065
Mixed,"Cost=False, Flapping=False",2,10098,41.756666666666796,0.17500000000000004,7.99,0,88,200,0.065,0.505,0.365,0.015,0.05
Mixed,"Cost=False, Flapping=False",2,10099,28.93000000000006,0.20499999999999996,8.55,0,90,200,0.09,0.525,0.315,0.005,0.065
Mixed,"Cost=False, Flapping=False",3,10000,72.72666666666669,0.04500000000000004,5.98,0,117,200,0.02,0.455,0.415,0.01,0.1
Mixed,"Cost=False, Flapping=False",3,10001,75.94166666666665,0.020000000000000018,7.375,0,97,200,0.05,0.36,0.35,0.0,0.24
Mixed,"Cost=False, Flapping=False",3,10002,39.654999999999994,0.21499999999999997,8.235,0,79,200,0.025,0.455,0.315,0.005,0.2
Mixed,"Cost=False, Flapping=False",3,10003,62.39166666666669,0.08499999999999996,6.565,0,112,200,0.025,0.435,0.405,0.0,0.135
Mixed,"Cost=False, Flapping=False",3,10004,39.85999999999997,0.24,8.58,0,64,200,0.015,0.455,0.315,0.01,0.205
Mixed,"Cost=False, Flapping=False",3,10005,50.810000000000045,0.14500000000000002,7.8,0,91,200,0.03,0.42,0.365,0.01,0.175
Mixed,"Cost=False, Flapping=False",3,10006,76.07999999999994,0.010000000000000009,6.3,0,119,200,0.02,0.43,0.44,0.005,0.105
Mixed,"Cost=False, Flapping=False",3,10007,50.113333333333394,0.14500000000000002,8.33,0,85,200,0.025,0.425,0.32,0.005,0.225
Mixed,"Cost=False, Flapping=False",3,10008,58.79833333333336,0.09999999999999998,7.085,0,105,200,0.02,0.445,0.395,0.015,0.125
Mixed,"Cost=False, Flapping=False",3,10009,69.96666666666673,0.06999999999999995,6.4,0,105,200,0.025,0.455,0.415,0.0,0.105
Mixed,"Cost=False, Flapping=False",3,10010,76.35166666666657,0.030000000000000027,6.505,0,106,200,0.04,0.4,0.4,0.01,0.15
Mixed,"Cost=False, Flapping=False",3,10011,70.81333333333328,0.040000000000000036,7.58,0,98,200,0.025,0.385,0.365,0.005,0.22
Mixed,"Cost=False, Flapping=False",3,10012,61.425000000000054,0.07999999999999996,7.485,0,101,200,0.03,0.42,0.37,0.0,0.18
Mixed,"Cost=False, Flapping=False",3,10013,54.625000000000014,0.14500000000000002,8.175,0,80,200,0.015,0.41,0.325,0.0,0.25
Mixed,"Cost=False, Flapping=False",3,10014,53.62666666666673,0.14500000000000002,7.75,0,88,200,0.02,0.405,0.35,0.01,0.215
Mixed,"Cost=False, Flapping=False",3,10015,67.14833333333337,0.05500000000000005,6.845,0,111,200,0.02,0.41,0.395,0.015,0.16
Mixed,"Cost=False, Flapping=False",3,10016,45.53833333333336,0.19499999999999995,7.895,0,81,200,0.02,0.455,0.34,0.005,0.18
Mixed,"Cost=False, Flapping=False",3,10017,60.63000000000004,0.10499999999999998,7.23,0,97,200,0.025,0.425,0.385,0.005,0.16
Mixed,"Cost=False, Flapping=False",3,10018,59.97166666666668,0.10999999999999999,7.375,0,94,200,0.025,0.415,0.39,0.005,0.165
Mixed,"Cost=False, Flapping=False",3,10019,57.25000000000004,0.12,7.08,0,100,200,0.025,0.445,0.38,0.0,0.15
Mixed,"Cost=False, Flapping=False",3,10020,69.40166666666669,0.05500000000000005,6.715,0,108,200,0.02,0.415,0.425,0.01,0.13
Mixed,"Cost=False, Flapping=False",3,10021,54.209999999999994,0.14500000000000002,7.74,0,83,200,0.055,0.395,0.35,0.01,0.19
Mixed,"Cost=False, Flapping=False",3,10022,66.05000000000001,0.09499999999999997,7.74,0,83,200,0.02,0.405,0.37,0.0,0.205
Mixed,"Cost=False, Flapping=False",3,10023,52.50500000000001,0.14,8.055,0,88,200,0.01,0.44,0.335,0.005,0.21
Mixed,"Cost=False, Flapping=False",3,10024,56.76333333333334,0.10499999999999998,7.91,0,96,200,0.015,0.395,0.345,0.005,0.24
Mixed,"Cost=False, Flapping=False",3,10025,44.89666666666682,0.17500000000000004,7.78,0,91,200,0.03,0.46,0.335,0.005,0.17
Mixed,"Cost=False, Flapping=False",3,10026,66.01666666666668,0.08499999999999996,7.27,0,95,200,0.01,0.435,0.395,0.0,0.16
Mixed,"Cost=False, Flapping=False",3,10027,75.77666666666667,0.030000000000000027,5.71,0,120,200,0.035,0.43,0.42,0.01,0.105
Mixed,"Cost=False, Flapping=False",3,10028,58.041666666666714,0.10999999999999999,7.135,0,100,200,0.04,0.42,0.39,0.0,0.15
Mixed,"Cost=False, Flapping=False",3,10029,62.50000000000003,0.10999999999999999,7.53,0,87,200,0.02,0.42,0.385,0.0,0.175
Mixed,"Cost=False, Flapping=False",3,10030,64.05000000000001,0.06000000000000005,6.69,0,117,200,0.015,0.455,0.425,0.0,0.105
Mixed,"Cost=False, Flapping=False",3,10031,52.6966666666667,0.15500000000000003,8.05,0,80,200,0.03,0.395,0.345,0.005,0.225
Mixed,"Cost=False, Flapping=False",3,10032,56.62166666666676,0.125,7.015,0,101,200,0.015,0.44,0.41,0.005,0.13
Mixed,"Cost=False, Flapping=False",3,10033,65.81666666666676,0.07499999999999996,8.23,0,86,200,0.005,0.37,0.36,0.0,0.265
Mixed,"Cost=False, Flapping=False",3,10034,56.49666666666666,0.10999999999999999,7.75,0,97,200,0.01,0.4,0.38,0.005,0.205
Mixed,"Cost=False, Flapping=False",3,10035,38.854999999999976,0.24,7.965,0,74,200,0.03,0.46,0.335,0.005,0.17
Mixed,"Cost=False, Flapping=False",3,10036,35.041666666666686,0.20999999999999996,8.365,0,87,200,0.03,0.46,0.335,0.0,0.175
Mixed,"Cost=False, Flapping=False",3,10037,72.7216666666667,0.040000000000000036,7.285,0,100,200,0.015,0.395,0.37,0.005,0.215
Mixed,"Cost=False, Flapping=False",3,10038,61.50833333333332,0.09999999999999998,7.895,0,88,200,0.02,0.405,0.345,0.0,0.23
Mixed,"Cost=False, Flapping=False",3,10039,51.35000000000001,0.13,8.25,0,91,200,0.01,0.435,0.345,0.0,0.21
Mixed,"Cost=False, Flapping=False",3,10040,73.73833333333332,0.050000000000000044,6.245,0,109,200,0.02,0.43,0.42,0.005,0.125
Mixed,"Cost=False, Flapping=False",3,10041,52.541666666666764,0.14500000000000002,6.985,0,101,200,0.02,0.48,0.375,0.0,0.125
Mixed,"Cost=False, Flapping=False",3,10042,71.47500000000005,0.03500000000000003,6.435,0,115,200,0.03,0.435,0.425,0.0,0.11
Mixed,"Cost=False, Flapping=False",3,10043,69.73000000000006,0.08499999999999996,7.02,0,90,200,0.025,0.42,0.405,0.005,0.145
Mixed,"Cost=False, Flapping=False",3,10044,43.04000000000006,0.19499999999999995,8.1,0,83,200,0.015,0.47,0.33,0.015,0.17
Mixed,"Cost=False, Flapping=False",3,10045,54.130000000000045,0.14,7.56,0,90,200,0.035,0.425,0.35,0.005,0.185
Mixed,"Cost=False, Flapping=False",3,10046,59.580000000000084,0.10499999999999998,6.87,0,105,200,0.025,0.425,0.39,0.005,0.155
Mixed,"Cost=False, Flapping=False",3,10047,61.70000000000002,0.050000000000000044,6.9,0,124,200,0.005,0.46,0.39,0.0,0.145
Mixed,"Cost=False, Flapping=False",3,10048,67.54,0.06000000000000005,6.9,0,106,200,0.035,0.4,0.38,0.015,0.17
Mixed,"Cost=False, Flapping=False",3,10049,61.425000000000075,0.07499999999999996,6.885,0,115,200,0.0,0.45,0.42,0.0,0.13
Mixed,"Cost=False, Flapping=False",3,10050,69.15833333333336,0.04500000000000004,5.765,0,126,200,0.03,0.45,0.45,0.0,0.07
Mixed,"Cost=False, Flapping=False",3,10051,52.99833333333335,0.18000000000000005,6.755,0,89,200,0.02,0.485,0.41,0.015,0.07
Mixed,"Cost=False, Flapping=False",3,10052,57.26000000000003,0.11499999999999999,8.16,0,86,200,0.02,0.405,0.345,0.01,0.22
Mixed,"Cost=False, Flapping=False",3,10053,68.01500000000011,0.040000000000000036,6.075,0,126,200,0.03,0.43,0.42,0.015,0.105
Mixed,"Cost=False, Flapping=False",3,10054,63.97000000000006,0.07499999999999996,7.11,0,103,200,0.04,0.41,0.37,0.02,0.16
Mixed,"Cost=False, Flapping=False",3,10055,74.4599999999999,0.050000000000000044,6.78,0,100,200,0.015,0.41,0.4,0.01,0.165
Mixed,"Cost=False, Flapping=False",3,10056,72.77999999999999,0.06499999999999995,6.27,0,103,200,0.03,0.43,0.435,0.005,0.1
Mixed,"Cost=False, Flapping=False",3,10057,67.57500000000006,0.07499999999999996,6.585,0,106,200,0.015,0.45,0.415,0.0,0.12
Mixed,"Cost=False, Flapping=False",3,10058,62.6883333333334,0.11499999999999999,7.535,0,84,200,0.03,0.4,0.37,0.005,0.195
Mixed,"Cost=False, Flapping=False",3,10059,55.8583333333334,0.08499999999999996,7.325,0,112,200,0.035,0.41,0.39,0.0,0.165
Mixed,"Cost=False, Flapping=False",3,10060,71.63000000000004,0.03500000000000003,6.96,0,107,200,0.025,0.425,0.41,0.005,0.135
Mixed,"Cost=False, Flapping=False",3,10061,55.10666666666668,0.14500000000000002,8.02,0,80,200,0.03,0.375,0.345,0.015,0.235
Mixed,"Cost=False, Flapping=False",3,10062,57.743333333333375,0.10999999999999999,7.34,0,99,200,0.025,0.41,0.395,0.01,0.16
Mixed,"Cost=False, Flapping=False",3,10063,65.08833333333338,0.07999999999999996,7.745,0,92,200,0.01,0.4,0.375,0.005,0.21
Mixed,"Cost=False, Flapping=False",3,10064,48.20166666666671,0.16500000000000004,7.945,0,86,200,0.035,0.405,0.34,0.01,0.21
Mixed,"Cost=False, Flapping=False",3,10065,51.703333333333354,0.18000000000000005,8.51,0,64,200,0.035,0.39,0.33,0.02,0.225
Mixed,"Cost=False, Flapping=False",3,10066,68.85500000000005,0.06000000000000005,7.005,0,103,200,0.02,0.405,0.4,0.005,0.17
Mixed,"Cost=False, Flapping=False",3,10067,61.53000000000007,0.09999999999999998,6.93,0,101,200,0.035,0.445,0.365,0.005,0.15
Mixed,"Cost=False, Flapping=False",3,10068,40.38333333333341,0.21499999999999997,7.82,0,82,200,0.045,0.465,0.31,0.0,0.18
Mixed,"Cost=False, Flapping=False",3,10069,57.54333333333335,0.11499999999999999,7.61,0,93,200,0.03,0.395,0.375,0.01,0.19
Mixed,"Cost=False, Flapping=False",3,10070,63.85000000000002,0.10499999999999998,7.47,0,88,200,0.015,0.435,0.365,0.0,0.185
Mixed,"Cost=False, Flapping=False",3,10071,51.546666666666724,0.12,7.39,0,104,200,0.05,0.415,0.37,0.005,0.16
Mixed,"Cost=False, Flapping=False",3,10072,67.8216666666667,0.030000000000000027,6.505,0,124,200,0.02,0.435,0.44,0.005,0.1
Mixed,"Cost=False, Flapping=False",3,10073,46.54666666666672,0.16500000000000004,7.84,0,92,200,0.015,0.47,0.35,0.005,0.16
Mixed,"Cost=False, Flapping=False",3,10074,52.01,0.16500000000000004,6.87,0,96,200,0.015,0.49,0.39,0.01,0.095
Mixed,"Cost=False, Flapping=False",3,10075,60.85833333333338,0.10999999999999999,6.755,0,100,200,0.045,0.41,0.405,0.0,0.14
Mixed,"Cost=False, Flapping=False",3,10076,55.783333333333374,0.135,6.62,0,104,200,0.02,0.465,0.42,0.0,0.095
Mixed,"Cost=False, Flapping=False",3,10077,68.55000000000005,0.025000000000000022,6.42,0,126,200,0.015,0.46,0.445,0.0,0.08
Mixed,"Cost=False, Flapping=False",3,10078,64.38333333333335,0.06499999999999995,6.71,0,114,200,0.02,0.435,0.415,0.0,0.13
Mixed,"Cost=False, Flapping=False",3,10079,52.075,0.14,7.095,0,102,200,0.02,0.445,0.405,0.025,0.105
Mixed,"Cost=False, Flapping=False",3,10080,74.91666666666664,0.03500000000000003,6.04,0,116,200,0.015,0.45,0.435,0.0,0.1
Mixed,"Cost=False, Flapping=False",3,10081,52.955000000000034,0.19499999999999995,8.655,0,55,200,0.02,0.42,0.3,0.005,0.255
Mixed,"Cost=False, Flapping=False",3,10082,63.543333333333386,0.06000000000000005,6.65,0,118,200,0.025,0.44,0.41,0.01,0.115
Mixed,"Cost=False, Flapping=False",3,10083,63.19666666666668,0.08499999999999996,6.7,0,109,200,0.025,0.405,0.38,0.03,0.16
Mixed,"Cost=False, Flapping=False",3,10084,62.70499999999998,0.14500000000000002,8.145,0,64,200,0.025,0.365,0.325,0.005,0.28
Mixed,"Cost=False, Flapping=False",3,10085,65.75500000000002,0.06999999999999995,6.855,0,108,200,0.01,0.45,0.4,0.005,0.135
Mixed,"Cost=False, Flapping=False",3,10086,66.91333333333331,0.06499999999999995,7.13,0,101,200,0.035,0.415,0.39,0.005,0.155
Mixed,"Cost=False, Flapping=False",3,10087,71.22833333333334,0.03500000000000003,6.815,0,111,200,0.025,0.4,0.39,0.02,0.165
Mixed,"Cost=False, Flapping=False",3,10088,47.08333333333343,0.17500000000000004,7.55,0,91,200,0.02,0.49,0.34,0.0,0.15
Mixed,"Cost=False, Flapping=False",3,10089,65.69833333333337,0.06000000000000005,6.725,0,112,200,0.03,0.435,0.405,0.015,0.115
Mixed,"Cost=False, Flapping=False",3,10090,80.93833333333335,0.03500000000000003,5.465,0,112,200,0.025,0.445,0.455,0.005,0.07
Mixed,"Cost=False, Flapping=False",3,10091,73.19999999999995,0.030000000000000027,6.18,0,120,200,0.01,0.445,0.425,0.0,0.12
Mixed,"Cost=False, Flapping=False",3,10092,49.75833333333331,0.18500000000000005,8.015,0,76,200,0.01,0.435,0.35,0.0,0.205
Mixed,"Cost=False, Flapping=False",3,10093,62.35833333333334,0.08499999999999996,7.505,0,98,200,0.015,0.43,0.39,0.0,0.165
Mixed,"Cost=False, Flapping=False",3,10094,64.37666666666671,0.09499999999999997,7.69,0,87,200,0.03,0.375,0.345,0.01,0.24
Mixed,"Cost=False, Flapping=False",3,10095,49.68000000000003,0.16000000000000003,8.22,0,82,200,0.025,0.405,0.325,0.005,0.24
Mixed,"Cost=False, Flapping=False",3,10096,70.805,0.050000000000000044,7.155,0,99,200,0.035,0.405,0.39,0.005,0.165
Mixed,"Cost=False, Flapping=False",3,10097,73.37666666666665,0.07499999999999996,6.31,0,99,200,0.015,0.455,0.405,0.01,0.115
Mixed,"Cost=False, Flapping=False",3,10098,63.391666666666765,0.08499999999999996,7.765,0,91,200,0.03,0.405,0.355,0.0,0.21
Mixed,"Cost=False, Flapping=False",3,10099,43.42500000000004,0.18000000000000005,8.535,0,80,200,0.035,0.425,0.31,0.0,0.23
Mixed,"Cost=False, Flapping=False",4,10000,87.05999999999992,0.040000000000000036,6.21,0,86,200,0.035,0.4,0.375,0.085,0.105
Mixed,"Cost=False, Flapping=False",4,10001,78.00999999999993,0.040000000000000036,7.14,0,87,200,0.04,0.44,0.415,0.01,0.095
Mixed,"Cost=False, Flapping=False",4,10002,62.91166666666674,0.09999999999999998,7.975,0,79,200,0.04,0.475,0.39,0.02,0.075
Mixed,"Cost=False, Flapping=False",4,10003,72.1916666666667,0.08999999999999997,6.745,0,86,200,0.03,0.455,0.415,0.025,0.075
Mixed,"Cost=False, Flapping=False",4,10004,45.526666666666614,0.20999999999999996,8.68,0,60,200,0.015,0.56,0.36,0.01,0.055
Mixed,"Cost=False, Flapping=False",4,10005,32.13333333333332,0.27,8.84,0,59,200,0.03,0.535,0.355,0.0,0.08
Mixed,"Cost=False, Flapping=False",4,10006,82.47666666666667,0.025000000000000022,6.04,0,103,200,0.025,0.45,0.455,0.035,0.035
Mixed,"Cost=False, Flapping=False",4,10007,35.11333333333341,0.30000000000000004,7.67,0,61,200,0.025,0.545,0.34,0.03,0.06
Mixed,"Cost=False, Flapping=False",4,10008,77.3666666666666,0.06499999999999995,6.31,0,94,200,0.02,0.455,0.4,0.075,0.05
Mixed,"Cost=False, Flapping=False",4,10009,69.53333333333335,0.08499999999999996,6.47,0,98,200,0.025,0.48,0.415,0.025,0.055
Mixed,"Cost=False, Flapping=False",4,10010,78.6516666666666,0.06000000000000005,7.315,0,75,200,0.04,0.42,0.415,0.035,0.09
Mixed,"Cost=False, Flapping=False",4,10011,79.24333333333325,0.040000000000000036,7.13,0,86,200,0.035,0.425,0.385,0.035,0.12
Mixed,"Cost=False, Flapping=False",4,10012,62.410000000000025,0.08499999999999996,7.5,0,95,200,0.025,0.47,0.435,0.01,0.06
Mixed,"Cost=False, Flapping=False",4,10013,53.550000000000054,0.14500000000000002,8.07,0,80,200,0.015,0.525,0.405,0.0,0.055
Mixed,"Cost=False, Flapping=False",4,10014,65.76833333333335,0.10499999999999998,7.595,0,79,200,0.03,0.45,0.41,0.01,0.1
Mixed,"Cost=False, Flapping=False",4,10015,77.8783333333333,0.06999999999999995,5.945,0,95,200,0.04,0.445,0.405,0.045,0.065
Mixed,"Cost=False, Flapping=False",4,10016,62.653333333333315,0.135,7.16,0,80,200,0.035,0.45,0.39,0.045,0.08
Mixed,"Cost=False, Flapping=False",4,10017,64.46166666666674,0.10499999999999998,7.165,0,88,200,0.03,0.475,0.42,0.02,0.055
Mixed,"Cost=False, Flapping=False",4,10018,69.54666666666661,0.08999999999999997,6.91,0,87,200,0.045,0.455,0.41,0.005,0.085
Mixed,"Cost=False, Flapping=False",4,10019,66.22333333333343,0.16000000000000003,7.01,0,66,200,0.03,0.465,0.375,0.04,0.09
Mixed,"Cost=False, Flapping=False",4,10020,73.81499999999997,0.06999999999999995,6.375,0,97,200,0.025,0.455,0.445,0.015,0.06
Mixed,"Cost=False, Flapping=False",4,10021,67.73000000000002,0.10499999999999998,7.68,0,72,200,0.045,0.45,0.405,0.005,0.095
Mixed,"Cost=False, Flapping=False",4,10022,81.86499999999994,0.06499999999999995,5.955,0,90,200,0.02,0.48,0.445,0.015,0.04
Mixed,"Cost=False, Flapping=False",4,10023,51.36000000000005,0.16000000000000003,7.86,0,82,200,0.015,0.525,0.395,0.01,0.055
Mixed,"Cost=False, Flapping=False",4,10024,71.18000000000004,0.08999999999999997,7.38,0,77,200,0.035,0.46,0.4,0.03,0.075
Mixed,"Cost=False, Flapping=False",4,10025,51.03333333333348,0.18000000000000005,7.55,0,79,200,0.035,0.5,0.335,0.025,0.105
Mixed,"Cost=False, Flapping=False",4,10026,70.22999999999999,0.08999999999999997,7.02,0,87,200,0.01,0.485,0.42,0.03,0.055
Mixed,"Cost=False, Flapping=False",4,10027,70.82,0.08499999999999996,6.9,0,88,200,0.03,0.465,0.415,0.02,0.07
Mixed,"Cost=False, Flapping=False",4,10028,75.3933333333333,0.08999999999999997,7.01,0,75,200,0.035,0.455,0.39,0.035,0.085
Mixed,"Cost=False, Flapping=False",4,10029,56.54333333333333,0.125,8.33,0,78,200,0.02,0.5,0.38,0.01,0.09
Mixed,"Cost=False, Flapping=False",4,10030,73.19666666666663,0.08999999999999997,6.97,0,82,200,0.01,0.505,0.395,0.03,0.06
Mixed,"Cost=False, Flapping=False",4,10031,75.54166666666664,0.09499999999999997,6.235,0,85,200,0.035,0.435,0.435,0.05,0.045
Mixed,"Cost=False, Flapping=False",4,10032,61.64500000000009,0.13,6.855,0,90,200,0.02,0.475,0.42,0.02,0.065
Mixed,"Cost=False, Flapping=False",4,10033,56.863333333333394,0.09999999999999998,8.09,0,93,200,0.005,0.475,0.415,0.005,0.1
Mixed,"Cost=False, Flapping=False",4,10034,52.971666666666664,0.17500000000000004,7.885,0,73,200,0.015,0.49,0.39,0.03,0.075
Mixed,"Cost=False, Flapping=False",4,10035,58.59999999999998,0.15500000000000003,7.92,0,67,200,0.04,0.485,0.355,0.025,0.095
Mixed,"Cost=False, Flapping=False",4,10036,43.12666666666668,0.22499999999999998,8.02,0,70,200,0.015,0.54,0.37,0.01,0.065
Mixed,"Cost=False, Flapping=False",4,10037,69.61666666666673,0.06999999999999995,7.09,0,93,200,0.03,0.475,0.415,0.025,0.055
Mixed,"Cost=False, Flapping=False",4,10038,67.83833333333337,0.09999999999999998,8.255,0,67,200,0.02,0.51,0.355,0.005,0.11
Mixed,"Cost=False, Flapping=False",4,10039,57.53833333333331,0.13,8.165,0,77,200,0.01,0.52,0.41,0.005,0.055
Mixed,"Cost=False, Flapping=False",4,10040,89.67833333333314,0.025000000000000022,5.735,0,94,200,0.03,0.425,0.42,0.07,0.055
Mixed,"Cost=False, Flapping=False",4,10041,87.59666666666664,0.07499999999999996,6.37,0,69,200,0.025,0.425,0.385,0.055,0.11
Mixed,"Cost=False, Flapping=False",4,10042,48.57333333333332,0.135,8.33,0,90,200,0.02,0.5,0.375,0.015,0.09
Mixed,"Cost=False, Flapping=False",4,10043,66.25666666666672,0.13,7.12,0,76,200,0.025,0.475,0.41,0.015,0.075
Mixed,"Cost=False, Flapping=False",4,10044,37.50000000000015,0.22499999999999998,8.34,0,76,200,0.015,0.545,0.365,0.0,0.075
Mixed,"Cost=False, Flapping=False",4,10045,54.42333333333343,0.14500000000000002,8.09,0,77,200,0.035,0.485,0.365,0.015,0.1
Mixed,"Cost=False, Flapping=False",4,10046,63.32833333333335,0.15500000000000003,7.265,0,69,200,0.03,0.475,0.4,0.02,0.075
Mixed,"Cost=False, Flapping=False",4,10047,75.74500000000006,0.050000000000000044,6.675,0,98,200,0.01,0.49,0.395,0.045,0.06
Mixed,"Cost=False, Flapping=False",4,10048,46.26666666666676,0.18999999999999995,8.14,0,73,200,0.05,0.49,0.34,0.025,0.095
Mixed,"Cost=False, Flapping=False",4,10049,71.17833333333337,0.09999999999999998,6.695,0,87,200,0.0,0.49,0.445,0.045,0.02
Mixed,"Cost=False, Flapping=False",4,10050,85.10499999999989,0.040000000000000036,5.895,0,95,200,0.025,0.43,0.425,0.055,0.065
Mixed,"Cost=False, Flapping=False",4,10051,59.76500000000001,0.17500000000000004,6.435,0,80,200,0.045,0.465,0.41,0.04,0.04
Mixed,"Cost=False, Flapping=False",4,10052,64.80666666666676,0.16500000000000004,7.33,0,62,200,0.035,0.445,0.34,0.04,0.14
Mixed,"Cost=False, Flapping=False",4,10053,87.11166666666664,0.07999999999999996,5.725,0,77,200,0.04,0.405,0.395,0.07,0.09
Mixed,"Cost=False, Flapping=False",4,10054,51.10833333333342,0.19999999999999996,8.105,0,62,200,0.03,0.53,0.315,0.025,0.1
Mixed,"Cost=False, Flapping=False",4,10055,50.033333333333374,0.21999999999999997,7.97,0,59,200,0.02,0.515,0.36,0.025,0.08
Mixed,"Cost=False, Flapping=False",4,10056,80.72999999999988,0.10499999999999998,6.3,0,70,200,0.03,0.46,0.425,0.03,0.055
Mixed,"Cost=False, Flapping=False",4,10057,76.56999999999998,0.08999999999999997,6.45,0,83,200,0.02,0.455,0.425,0.045,0.055
Mixed,"Cost=False, Flapping=False",4,10058,57.62500000000003,0.125,7.905,0,80,200,0.045,0.47,0.4,0.025,0.06
Mixed,"Cost=False, Flapping=False",4,10059,73.24333333333341,0.05500000000000005,6.44,0,102,200,0.045,0.415,0.41,0.035,0.095
Mixed,"Cost=False, Flapping=False",4,10060,76.995,0.06499999999999995,6.825,0,86,200,0.025,0.445,0.41,0.02,0.1
Mixed,"Cost=False, Flapping=False",4,10061,56.24833333333336,0.12,7.655,0,90,200,0.04,0.445,0.405,0.015,0.095
Mixed,"Cost=False, Flapping=False",4,10062,66.84500000000004,0.12,7.335,0,75,200,0.03,0.445,0.42,0.02,0.085
Mixed,"Cost=False, Flapping=False",4,10063,67.41666666666667,0.08999999999999997,7.75,0,80,200,0.02,0.48,0.39,0.025,0.085
Mixed,"Cost=False, Flapping=False",4,10064,73.45666666666662,0.07999999999999996,7.03,0,82,200,0.045,0.41,0.41,0.015,0.12
Mixed,"Cost=False, Flapping=False",4,10065,62.52666666666668,0.11499999999999999,7.48,0,81,200,0.06,0.435,0.355,0.035,0.115
Mixed,"Cost=False, Flapping=False",4,10066,86.92999999999998,0.050000000000000044,7.23,0,66,200,0.025,0.41,0.41,0.03,0.125
Mixed,"Cost=False, Flapping=False",4,10067,66.77333333333334,0.09999999999999998,7.25,0,86,200,0.015,0.49,0.385,0.04,0.07
Mixed,"Cost=False, Flapping=False",4,10068,63.45833333333337,0.14,7.115,0,77,200,0.045,0.425,0.37,0.025,0.135
Mixed,"Cost=False, Flapping=False",4,10069,60.276666666666685,0.16500000000000004,7.93,0,61,200,0.03,0.47,0.36,0.01,0.13
Mixed,"Cost=False, Flapping=False",4,10070,55.790000000000084,0.14,7.41,0,89,200,0.02,0.485,0.385,0.015,0.095
Mixed,"Cost=False, Flapping=False",4,10071,80.94,0.025000000000000022,6.9,0,92,200,0.035,0.42,0.41,0.04,0.095
Mixed,"Cost=False, Flapping=False",4,10072,78.95833333333331,0.06999999999999995,6.365,0,87,200,0.03,0.435,0.425,0.025,0.085
Mixed,"Cost=False, Flapping=False",4,10073,48.716666666666754,0.17500000000000004,7.72,0,82,200,0.03,0.52,0.395,0.0,0.055
Mixed,"Cost=False, Flapping=False",4,10074,61.280000000000115,0.17500000000000004,6.81,0,73,200,0.02,0.525,0.39,0.03,0.035
Mixed,"Cost=False, Flapping=False",4,10075,77.12166666666661,0.10999999999999999,6.775,0,67,200,0.045,0.405,0.385,0.08,0.085
Mixed,"Cost=False, Flapping=False",4,10076,62.5050000000001,0.14500000000000002,7.245,0,76,200,0.02,0.5,0.38,0.03,0.07
Mixed,"Cost=False, Flapping=False",4,10077,70.86333333333339,0.10999999999999999,6.74,0,82,200,0.015,0.48,0.415,0.03,0.06
Mixed,"Cost=False, Flapping=False",4,10078,70.97666666666663,0.06999999999999995,7.33,0,88,200,0.01,0.48,0.45,0.01,0.05
Mixed,"Cost=False, Flapping=False",4,10079,70.69333333333333,0.11499999999999999,7.04,0,73,200,0.045,0.43,0.39,0.06,0.075
Mixed,"Cost=False, Flapping=False",4,10080,88.96833333333326,0.06000000000000005,5.825,0,81,200,0.02,0.435,0.42,0.06,0.065
Mixed,"Cost=False, Flapping=False",4,10081,48.94666666666669,0.20499999999999996,8.47,0,58,200,0.03,0.53,0.335,0.005,0.1
Mixed,"Cost=False, Flapping=False",4,10082,53.20166666666677,0.18999999999999995,7.495,0,71,200,0.04,0.49,0.33,0.06,0.08
Mixed,"Cost=False, Flapping=False",4,10083,69.9316666666666,0.09499999999999997,7.375,0,77,200,0.045,0.465,0.37,0.015,0.105
Mixed,"Cost=False, Flapping=False",4,10084,67.59333333333335,0.12,7.37,0,73,200,0.035,0.44,0.385,0.035,0.105
Mixed,"Cost=False, Flapping=False",4,10085,76.85333333333327,0.050000000000000044,6.56,0,96,200,0.02,0.48,0.44,0.02,0.04
Mixed,"Cost=False, Flapping=False",4,10086,76.91833333333331,0.05500000000000005,6.935,0,87,200,0.04,0.44,0.395,0.01,0.115
Mixed,"Cost=False, Flapping=False",4,10087,75.07166666666666,0.06999999999999995,7.105,0,82,200,0.035,0.435,0.425,0.005,0.1
Mixed,"Cost=False, Flapping=False",4,10088,71.02166666666665,0.09999999999999998,6.595,0,87,200,0.03,0.47,0.39,0.03,0.08
Mixed,"Cost=False, Flapping=False",4,10089,73.4200000000001,0.06999999999999995,7.32,0,82,200,0.045,0.45,0.33,0.02,0.155
Mixed,"Cost=False, Flapping=False",4,10090,67.86000000000001,0.10499999999999998,7.23,0,81,200,0.025,0.49,0.385,0.035,0.065
Mixed,"Cost=False, Flapping=False",4,10091,86.70999999999995,0.050000000000000044,6.51,0,79,200,0.005,0.455,0.445,0.06,0.035
Mixed,"Cost=False, Flapping=False",4,10092,53.319999999999965,0.18999999999999995,8.01,0,64,200,0.015,0.52,0.375,0.02,0.07
Mixed,"Cost=False, Flapping=False",4,10093,58.188333333333375,0.15000000000000002,7.745,0,74,200,0.025,0.495,0.38,0.005,0.095
Mixed,"Cost=False, Flapping=False",4,10094,70.0083333333334,0.10999999999999999,7.175,0,75,200,0.04,0.44,0.37,0.05,0.1
Mixed,"Cost=False, Flapping=False",4,10095,75.5899999999999,0.050000000000000044,6.9,0,92,200,0.035,0.45,0.425,0.015,0.075
Mixed,"Cost=False, Flapping=False",4,10096,64.16666666666669,0.07999999999999996,8.08,0,84,200,0.03,0.47,0.4,0.0,0.1
Mixed,"Cost=False, Flapping=False",4,10097,64.57500000000006,0.14500000000000002,6.645,0,82,200,0.02,0.505,0.36,0.05,0.065
Mixed,"Cost=False, Flapping=False",4,10098,74.31333333333338,0.10499999999999998,7.52,0,64,200,0.03,0.455,0.355,0.03,0.13
Mixed,"Cost=False, Flapping=False",4,10099,53.31166666666676,0.17000000000000004,8.575,0,61,200,0.035,0.525,0.33,0.02,0.09
Mixed,"Cost=False, Flapping=False",5,10000,90.10833333333325,0.04500000000000004,7.115,0,59,200,0.12,0.265,0.185,0.1,0.33
Mixed,"Cost=False, Flapping=False",5,10001,92.86666666666665,0.04500000000000004,7.63,0,51,200,0.065,0.26,0.235,0.05,0.39
Mixed,"Cost=False, Flapping=False",5,10002,71.62500000000007,0.08499999999999996,8.595,0,55,200,0.12,0.29,0.205,0.025,0.36
Mixed,"Cost=False, Flapping=False",5,10003,84.2900000000001,0.06999999999999995,8.22,0,46,200,0.075,0.335,0.23,0.015,0.345
Mixed,"Cost=False, Flapping=False",5,10004,54.04166666666663,0.22999999999999998,9.055,0,34,200,0.02,0.395,0.235,0.0,0.35
Mixed,"Cost=False, Flapping=False",5,10005,69.42833333333334,0.15500000000000003,8.945,0,33,200,0.035,0.4,0.235,0.02,0.31
Mixed,"Cost=False, Flapping=False",5,10006,82.97833333333327,0.04500000000000004,7.505,0,66,200,0.11,0.3,0.27,0.045,0.275
Mixed,"Cost=False, Flapping=False",5,10007,73.75000000000004,0.10499999999999998,7.8,0,55,200,0.115,0.34,0.225,0.05,0.27
Mixed,"Cost=False, Flapping=False",5,10008,73.14500000000002,0.10499999999999998,7.005,0,62,200,0.185,0.295,0.225,0.045,0.25
Mixed,"Cost=False, Flapping=False",5,10009,87.52499999999999,0.0050000000000000044,6.645,0,77,200,0.205,0.255,0.235,0.1,0.205
Mixed,"Cost=False, Flapping=False",5,10010,83.8016666666667,0.050000000000000044,7.675,0,58,200,0.13,0.275,0.235,0.085,0.275
Mixed,"Cost=False, Flapping=False",5,10011,91.57166666666659,0.06999999999999995,8.305,0,35,200,0.055,0.255,0.185,0.005,0.5
Mixed,"Cost=False, Flapping=False",5,10012,78.95833333333327,0.10499999999999998,7.745,0,47,200,0.105,0.31,0.24,0.05,0.295
Mixed,"Cost=False, Flapping=False",5,10013,81.38999999999994,0.020000000000000018,7.17,0,76,200,0.195,0.25,0.25,0.04,0.265
Mixed,"Cost=False, Flapping=False",5,10014,94.39499999999991,0.06999999999999995,7.995,0,35,200,0.03,0.325,0.225,0.045,0.375
Mixed,"Cost=False, Flapping=False",5,10015,84.90666666666667,0.04500000000000004,7.24,0,66,200,0.125,0.255,0.235,0.09,0.295
Mixed,"Cost=False, Flapping=False",5,10016,75.45166666666664,0.135,7.585,0,48,200,0.08,0.32,0.22,0.035,0.345
Mixed,"Cost=False, Flapping=False",5,10017,81.64166666666672,0.09499999999999997,7.615,0,51,200,0.085,0.29,0.23,0.025,0.37
Mixed,"Cost=False, Flapping=False",5,10018,80.22500000000002,0.07499999999999996,7.665,0,53,200,0.14,0.33,0.25,0.05,0.23
Mixed,"Cost=False, Flapping=False",5,10019,59.49500000000013,0.18999999999999995,8.175,0,44,200,0.105,0.385,0.175,0.12,0.215
Mixed,"Cost=False, Flapping=False",5,10020,99.78833333333321,0.040000000000000036,7.445,0,43,200,0.065,0.225,0.23,0.055,0.425
Mixed,"Cost=False, Flapping=False",5,10021,80.49666666666666,0.08499999999999996,7.93,0,50,200,0.095,0.29,0.25,0.08,0.285
Mixed,"Cost=False, Flapping=False",5,10022,76.69666666666669,0.06499999999999995,8.23,0,54,200,0.16,0.29,0.19,0.08,0.28
Mixed,"Cost=False, Flapping=False",5,10023,78.82500000000002,0.13,8.595,0,35,200,0.01,0.325,0.2,0.05,0.415
Mixed,"Cost=False, Flapping=False",5,10024,94.65833333333329,0.03500000000000003,8.285,0,44,200,0.045,0.23,0.22,0.025,0.48
Mixed,"Cost=False, Flapping=False",5,10025,65.20333333333339,0.09999999999999998,7.34,0,73,200,0.185,0.355,0.22,0.07,0.17
Mixed,"Cost=False, Flapping=False",5,10026,78.92666666666672,0.09999999999999998,7.81,0,51,200,0.08,0.32,0.235,0.035,0.33
Mixed,"Cost=False, Flapping=False",5,10027,83.95499999999993,0.050000000000000044,7.785,0,59,200,0.105,0.275,0.21,0.13,0.28
Mixed,"Cost=False, Flapping=False",5,10028,70.58666666666669,0.08999999999999997,7.3,0,66,200,0.205,0.29,0.21,0.07,0.225
Mixed,"Cost=False, Flapping=False",5,10029,78.72499999999995,0.07999999999999996,7.905,0,53,200,0.125,0.305,0.205,0.075,0.29
Mixed,"Cost=False, Flapping=False",5,10030,81.98166666666665,0.04500000000000004,7.345,0,64,200,0.175,0.28,0.225,0.065,0.255
Mixed,"Cost=False, Flapping=False",5,10031,78.17833333333337,0.12,7.535,0,50,200,0.065,0.345,0.24,0.07,0.28
Mixed,"Cost=False, Flapping=False",5,10032,87.68333333333328,0.11499999999999999,7.37,0,41,200,0.04,0.27,0.22,0.025,0.445
Mixed,"Cost=False, Flapping=False",5,10033,86.3316666666667,0.07999999999999996,8.785,0,34,200,0.035,0.31,0.22,0.015,0.42
Mixed,"Cost=False, Flapping=False",5,10034,67.58500000000006,0.17000000000000004,7.635,0,47,200,0.08,0.36,0.265,0.06,0.235
Mixed,"Cost=False, Flapping=False",5,10035,46.70666666666664,0.26,8.47,0,39,200,0.075,0.44,0.205,0.065,0.215
Mixed,"Cost=False, Flapping=False",5,10036,53.51833333333334,0.18000000000000005,8.735,0,51,200,0.105,0.385,0.19,0.035,0.285
Mixed,"Cost=False, Flapping=False",5,10037,69.98666666666668,0.06000000000000005,7.78,0,74,200,0.2,0.235,0.165,0.045,0.355
Mixed,"Cost=False, Flapping=False",5,10038,86.78499999999998,0.08999999999999997,8.295,0,36,200,0.045,0.33,0.205,0.01,0.41
Mixed,"Cost=False, Flapping=False",5,10039,79.42499999999995,0.12,8.745,0,35,200,0.01,0.345,0.215,0.0,0.43
Mixed,"Cost=False, Flapping=False",5,10040,102.39999999999995,0.020000000000000018,6.6,0,52,200,0.125,0.225,0.215,0.175,0.26
Mixed,"Cost=False, Flapping=False",5,10041,87.31333333333336,0.06499999999999995,7.19,0,54,200,0.12,0.285,0.22,0.13,0.245
Mixed,"Cost=False, Flapping=False",5,10042,93.1299999999999,0.050000000000000044,7.8,0,43,200,0.085,0.28,0.215,0.08,0.34
Mixed,"Cost=False, Flapping=False",5,10043,87.77999999999999,0.07999999999999996,8.28,0,39,200,0.04,0.315,0.205,0.03,0.41
Mixed,"Cost=False, Flapping=False",5,10044,61.001666666666736,0.17000000000000004,8.065,0,51,200,0.11,0.335,0.2,0.085,0.27
Mixed,"Cost=False, Flapping=False",5,10045,52.763333333333364,0.15000000000000002,8.78,0,59,200,0.16,0.325,0.16,0.03,0.325
Mixed,"Cost=False, Flapping=False",5,10046,77.02333333333337,0.08499999999999996,7.43,0,60,200,0.14,0.305,0.225,0.09,0.24
Mixed,"Cost=False, Flapping=False",5,10047,89.2516666666667,0.05500000000000005,7.165,0,55,200,0.125,0.28,0.19,0.085,0.32
Mixed,"Cost=False, Flapping=False",5,10048,59.56166666666679,0.13,8.395,0,58,200,0.165,0.36,0.17,0.07,0.235
Mixed,"Cost=False, Flapping=False",5,10049,83.59000000000007,0.06000000000000005,7.5,0,59,200,0.125,0.265,0.21,0.04,0.36
Mixed,"Cost=False, Flapping=False",5,10050,93.61333333333337,0.030000000000000027,6.56,0,64,200,0.155,0.215,0.205,0.055,0.37
Mixed,"Cost=False, Flapping=False",5,10051,67.35999999999999,0.16000000000000003,7.35,0,52,200,0.12,0.345,0.24,0.085,0.21
Mixed,"Cost=False, Flapping=False",5,10052,65.78833333333337,0.14,7.955,0,53,200,0.13,0.33,0.2,0.08,0.26
Mixed,"Cost=False, Flapping=False",5,10053,92.94999999999989,0.030000000000000027,6.6,0,63,200,0.155,0.24,0.235,0.125,0.245
Mixed,"Cost=False, Flapping=False",5,10054,74.26500000000004,0.125,8.205,0,44,200,0.075,0.365,0.205,0.04,0.315
Mixed,"Cost=False, Flapping=False",5,10055,68.83833333333335,0.135,7.775,0,51,200,0.145,0.285,0.2,0.08,0.29
Mixed,"Cost=False, Flapping=False",5,10056,93.17833333333327,0.06999999999999995,6.845,0,49,200,0.095,0.265,0.255,0.095,0.29
Mixed,"Cost=False, Flapping=False",5,10057,93.16999999999997,0.06499999999999995,7.11,0,49,200,0.08,0.27,0.22,0.095,0.335
Mixed,"Cost=False, Flapping=False",5,10058,85.1083333333333,0.09999999999999998,8.345,0,34,200,0.05,0.295,0.23,0.025,0.4
Mixed,"Cost=False, Flapping=False",5,10059,77.37499999999993,0.06999999999999995,7.005,0,70,200,0.16,0.27,0.255,0.1,0.215
Mixed,"Cost=False, Flapping=False",5,10060,101.85666666666657,0.020000000000000018,7.45,0,44,200,0.085,0.265,0.215,0.04,0.395
Mixed,"Cost=False, Flapping=False",5,10061,75.3216666666667,0.08499999999999996,7.975,0,57,200,0.125,0.27,0.24,0.03,0.335
Mixed,"Cost=False, Flapping=False",5,10062,65.0783333333334,0.18999999999999995,7.685,0,44,200,0.075,0.365,0.235,0.095,0.23
Mixed,"Cost=False, Flapping=False",5,10063,74.2166666666666,0.07999999999999996,8.26,0,54,200,0.14,0.335,0.21,0.025,0.29
Mixed,"Cost=False, Flapping=False",5,10064,92.9499999999999,0.05500000000000005,7.53,0,49,200,0.07,0.225,0.225,0.025,0.455
Mixed,"Cost=False, Flapping=False",5,10065,84.51333333333328,0.07999999999999996,7.13,0,56,200,0.1,0.3,0.275,0.08,0.245
Mixed,"Cost=False, Flapping=False",5,10066,105.47166666666661,0.020000000000000018,7.255,0,42,200,0.07,0.225,0.22,0.105,0.38
Mixed,"Cost=False, Flapping=False",5,10067,95.18666666666667,0.07999999999999996,7.6,0,34,200,0.045,0.33,0.2,0.12,0.305
Mixed,"Cost=False, Flapping=False",5,10068,40.39000000000008,0.24,8.82,0,52,200,0.09,0.44,0.225,0.015,0.23
Mixed,"Cost=False, Flapping=False",5,10069,78.97333333333327,0.12,8.0,0,45,200,0.035,0.305,0.255,0.04,0.365
Mixed,"Cost=False, Flapping=False",5,10070,71.1450000000001,0.125,8.085,0,52,200,0.08,0.345,0.205,0.045,0.325
Mixed,"Cost=False, Flapping=False",5,10071,75.35666666666671,0.09999999999999998,8.35,0,47,200,0.105,0.3,0.21,0.04,0.345
Mixed,"Cost=False, Flapping=False",5,10072,89.36833333333323,0.0050000000000000044,6.755,0,73,200,0.205,0.215,0.225,0.035,0.32
Mixed,"Cost=False, Flapping=False",5,10073,79.57500000000002,0.14,8.025,0,33,200,0.06,0.325,0.21,0.025,0.38
Mixed,"Cost=False, Flapping=False",5,10074,75.19333333333334,0.13,7.91,0,46,200,0.08,0.295,0.2,0.035,0.39
Mixed,"Cost=False, Flapping=False",5,10075,78.3266666666667,0.08499999999999996,7.24,0,57,200,0.17,0.27,0.25,0.11,0.2
Mixed,"Cost=False, Flapping=False",5,10076,83.20499999999997,0.07999999999999996,7.245,0,57,200,0.1,0.305,0.255,0.08,0.26
Mixed,"Cost=False, Flapping=False",5,10077,88.74666666666661,0.07999999999999996,7.75,0,43,200,0.06,0.305,0.24,0.03,0.365
Mixed,"Cost=False, Flapping=False",5,10078,83.79333333333336,0.09999999999999998,7.4,0,49,200,0.07,0.305,0.265,0.035,0.325
Mixed,"Cost=False, Flapping=False",5,10079,80.08666666666663,0.10999999999999999,7.42,0,49,200,0.095,0.305,0.235,0.12,0.245
Mixed,"Cost=False, Flapping=False",5,10080,96.21166666666667,0.04500000000000004,6.505,0,57,200,0.115,0.245,0.245,0.07,0.325
Mixed,"Cost=False, Flapping=False",5,10081,45.96333333333338,0.255,8.96,0,39,200,0.03,0.47,0.235,0.005,0.26
Mixed,"Cost=False, Flapping=False",5,10082,66.99166666666672,0.09499999999999997,7.825,0,67,200,0.165,0.315,0.205,0.05,0.265
Mixed,"Cost=False, Flapping=False",5,10083,93.68333333333322,0.03500000000000003,7.97,0,47,200,0.07,0.27,0.23,0.05,0.38
Mixed,"Cost=False, Flapping=False",5,10084,83.42499999999998,0.08999999999999997,8.085,0,43,200,0.07,0.29,0.23,0.075,0.335
Mixed,"Cost=False, Flapping=False",5,10085,95.09000000000002,0.015000000000000013,7.08,0,61,200,0.12,0.275,0.2,0.115,0.29
Mixed,"Cost=False, Flapping=False",5,10086,75.53333333333336,0.13,8.21,0,39,200,0.085,0.34,0.195,0.025,0.355
Mixed,"Cost=False, Flapping=False",5,10087,78.39000000000003,0.135,7.83,0,41,200,0.045,0.34,0.26,0.04,0.315
Mixed,"Cost=False, Flapping=False",5,10088,64.76000000000005,0.16000000000000003,7.95,0,50,200,0.11,0.33,0.185,0.06,0.315
Mixed,"Cost=False, Flapping=False",5,10089,92.17333333333332,0.040000000000000036,7.22,0,54,200,0.125,0.26,0.23,0.065,0.32
Mixed,"Cost=False, Flapping=False",5,10090,84.05833333333334,0.010000000000000009,6.965,0,77,200,0.21,0.23,0.22,0.075,0.265
Mixed,"Cost=False, Flapping=False",5,10091,94.06333333333325,0.020000000000000018,7.16,0,59,200,0.135,0.23,0.225,0.03,0.38
Mixed,"Cost=False, Flapping=False",5,10092,75.62500000000001,0.17000000000000004,8.445,0,25,200,0.025,0.38,0.21,0.025,0.36
Mixed,"Cost=False, Flapping=False",5,10093,89.92333333333329,0.06499999999999995,7.94,0,44,200,0.06,0.285,0.24,0.015,0.4
Mixed,"Cost=False, Flapping=False",5,10094,82.15499999999997,0.08999999999999997,7.605,0,49,200,0.115,0.28,0.195,0.08,0.33
Mixed,"Cost=False, Flapping=False",5,10095,74.87666666666668,0.135,8.2,0,40,200,0.07,0.335,0.21,0.035,0.35
Mixed,"Cost=False, Flapping=False",5,10096,81.81666666666656,0.11499999999999999,7.93,0,38,200,0.08,0.3,0.19,0.1,0.33
Mixed,"Cost=False, Flapping=False",5,10097,80.78333333333337,0.13,7.34,0,44,200,0.07,0.345,0.2,0.1,0.285
Mixed,"Cost=False, Flapping=False",5,10098,56.19833333333342,0.18999999999999995,7.895,0,53,200,0.12,0.395,0.22,0.04,0.225
Mixed,"Cost=False, Flapping=False",5,10099,66.19666666666674,0.17500000000000004,8.95,0,31,200,0.045,0.405,0.185,0.03,0.335
