episode,timestep,reward,sla_violation,mean_replicas,crashes,flapping_incidents,length
0,96,30.059999992139637,0.01041666666666663,8.8125,0,41,96
1,192,17.708333232440054,0.21875,9.385416666666666,0,25,96
2,216,-28.131666973233223,0.875,3.7916666666666665,1,10,24
3,312,27.163333375938237,0.05208333333333337,9.041666666666666,0,40,96
4,332,-21.91833384335041,0.75,3.55,1,5,20
5,421,-12.10333293583244,0.2584269662921348,6.764044943820225,1,47,89
6,517,29.78666689246893,0.01041666666666663,9.770833333333334,0,36,96
7,613,-4.026666448451579,0.47916666666666663,6.541666666666667,0,39,96
8,661,-27.988332466222346,0.8125,3.7291666666666665,1,13,48
9,712,-12.496666275896132,0.4117647058823529,4.784313725490196,1,17,51
10,791,-13.498333767056465,0.4177215189873418,5.6835443037974684,1,28,79
11,887,25.983333421871066,0.01041666666666663,9.541666666666666,0,44,96
12,921,-15.20000046491623,0.4117647058823529,4.764705882352941,1,12,34
13,1012,-48.76999947801232,0.8901098901098901,4.021978021978022,1,31,91
14,1055,-21.35666594002396,0.627906976744186,4.0,1,15,43
15,1072,-26.576665744185448,1.0,3.764705882352941,1,5,17
16,1085,-21.748332533985376,0.6923076923076923,4.076923076923077,1,4,13
17,1181,32.51500005554408,0.10416666666666663,7.90625,0,29,96
18,1198,-25.01500042527914,0.9411764705882353,2.6470588235294117,1,5,17
19,1266,-35.45000031217933,0.7058823529411764,4.5,1,31,68
20,1357,-23.476667173206806,0.5054945054945055,6.3076923076923075,1,33,91
21,1382,-22.989999249577522,0.76,3.6,1,6,25
22,1391,-20.94499933719635,0.8888888888888888,3.0,1,1,9
23,1429,-32.53499898314476,0.8157894736842105,4.815789473684211,1,16,38
24,1525,5.4600000800564885,0.375,7.625,0,33,96
25,1621,26.345000099390745,0.03125,10.09375,0,35,96
26,1659,-17.77166699618101,0.42105263157894735,5.868421052631579,1,13,38
27,1755,38.676666914485395,0.05208333333333337,8.020833333333334,0,26,96
28,1851,6.23333353549242,0.39583333333333337,6.916666666666667,0,32,96
29,1919,-18.98333239555359,0.5147058823529411,6.117647058823529,1,19,68
30,1936,-26.11999923363328,0.8235294117647058,3.8823529411764706,1,8,17
31,2016,-38.81499972939491,0.7375,5.2875,1,28,80
32,2112,14.231666889041662,0.26041666666666663,7.864583333333333,0,34,96
33,2208,23.608333411626518,0.08333333333333337,8.760416666666666,0,40,96
34,2240,-19.498334012925625,0.625,5.21875,1,5,32
35,2336,32.05666691251099,0.03125,8.958333333333334,0,35,96
36,2350,-22.531667113304138,0.7857142857142857,3.5,1,4,14
37,2378,-28.89999970048666,0.9285714285714286,3.642857142857143,1,8,28
38,2474,31.24833357334137,0.07291666666666663,7.885416666666667,0,36,96
39,2570,8.413333676755428,0.40625,6.104166666666667,0,34,96
40,2619,-32.75166716426611,0.8163265306122449,4.795918367346939,1,16,49
41,2645,-29.176667295396328,1.0,4.3076923076923075,1,6,26
42,2676,-31.03833393752575,1.0,3.2580645161290325,1,10,31
43,2694,-23.861667163670063,0.9444444444444444,2.7222222222222223,1,4,18
44,2709,-22.66833260655403,0.8666666666666667,3.933333333333333,1,3,15
45,2805,21.545000231824815,0.23958333333333337,7.28125,0,28,96
46,2829,-18.633333146572113,0.6666666666666667,3.8333333333333335,1,4,24
47,2876,-15.666666325181723,0.46808510638297873,5.0638297872340425,1,15,47
48,2886,-19.723332658410072,0.7,3.2,1,1,10
49,2916,-23.853332437574863,0.7333333333333334,4.266666666666667,1,9,30
50,3012,24.088333475403488,0.20833333333333337,7.010416666666667,0,35,96
51,3059,-9.043333906680346,0.36170212765957444,5.531914893617022,1,12,47
52,3079,-25.181667245924473,0.9,3.35,1,6,20
53,3175,28.935000281780958,0.125,7.53125,0,33,96
54,3208,-24.691667118109763,0.7575757575757576,3.303030303030303,1,11,33
55,3304,24.05833346862346,0.05208333333333337,9.697916666666666,0,38,96
56,3400,16.335000081919134,0.25,7.90625,0,33,96
57,3496,28.119999831542373,0.05208333333333337,10.0625,0,28,96
58,3592,3.6816670075058937,0.4375,6.614583333333333,0,31,96
59,3688,10.551667015999556,0.30208333333333337,7.489583333333333,0,36,96
60,3784,32.726666636765,0.17708333333333337,6.333333333333333,0,28,96
61,3808,-25.831667080521584,0.8333333333333334,4.041666666666667,1,8,24
62,3904,10.195000148378313,0.28125,8.34375,0,35,96
63,3995,12.031666908413172,0.1648351648351648,7.043956043956044,1,25,91
64,4091,31.671666807495058,0.0,9.927083333333334,0,33,96
65,4111,-25.57999975979328,0.9,3.3,1,7,20
66,4191,-14.589999833144248,0.44999999999999996,4.95,1,29,80
67,4269,-25.3200003542006,0.6538461538461539,4.6923076923076925,1,24,78
68,4307,-19.56833243370056,0.5263157894736843,5.5,1,11,38
69,4403,20.14333376288414,0.29166666666666663,6.604166666666667,0,29,96
70,4499,40.70000009890646,0.02083333333333337,8.4375,0,27,96
71,4595,9.434999979101121,0.19791666666666663,9.09375,0,43,96
72,4691,-9.33166628330946,0.625,5.635416666666667,0,31,96
73,4735,-27.361665837466717,0.7954545454545454,4.25,1,11,44
74,4831,33.106666586361825,0.04166666666666663,8.770833333333334,0,32,96
75,4927,32.31000027433038,0.01041666666666663,9.625,0,34,96
76,4949,-16.824999943375587,0.5909090909090908,4.7727272727272725,1,2,22
77,4967,-17.996665828861296,0.5,3.888888888888889,1,5,18
78,5043,-38.23833283409476,0.8026315789473684,4.0131578947368425,1,27,76
79,5139,39.128333412110806,0.03125,7.572916666666667,0,32,96
80,5235,31.28833346068859,0.0625,7.885416666666667,0,36,96
81,5331,31.72833315655589,0.01041666666666663,10.072916666666666,0,31,96
82,5427,22.806666761636734,0.22916666666666663,6.458333333333333,0,34,96
83,5523,36.926666603423655,0.0,9.020833333333334,0,32,96
84,5619,19.73833342641592,0.33333333333333337,6.385416666666667,0,26,96
85,5708,11.119999811053276,0.1573033707865169,6.741573033707865,1,25,89
86,5735,-20.92166705429554,0.6666666666666667,3.5925925925925926,1,7,27
87,5750,-23.29833310097456,0.8,3.933333333333333,1,5,15
88,5799,-26.648332446813583,0.7346938775510203,4.877551020408164,1,13,49
89,5874,-31.55833364278078,0.7066666666666667,5.666666666666667,1,22,75
90,5970,21.371666956692934,0.34375,5.614583333333333,0,26,96
91,6066,-10.378332927823067,0.5520833333333333,6.302083333333333,0,37,96
92,6082,-18.808333810418844,0.5625,4.0625,1,4,16
93,6178,15.946666851639748,0.20833333333333337,8.208333333333334,0,38,96
94,6274,9.328333422541618,0.38541666666666663,6.822916666666667,0,30,96
95,6297,-18.143333185464144,0.5217391304347826,4.521739130434782,1,7,23
96,6393,29.33999996446073,0.09375,8.8125,0,29,96
97,6489,29.051666614599526,0.11458333333333337,8.864583333333334,0,28,96
98,6585,-25.61833304166794,0.7708333333333334,4.677083333333333,0,40,96
99,6681,20.318333647213876,0.27083333333333337,5.947916666666667,0,36,96
100,6777,9.588333112187684,0.30208333333333337,7.822916666666667,0,35,96
101,6873,5.803333796560764,0.44791666666666663,4.979166666666667,0,39,96
102,6969,21.371666762046516,0.21875,8.302083333333334,0,27,96
103,7065,15.186666809022427,0.36458333333333337,5.958333333333333,0,29,96
104,7100,-22.248333044350147,0.6285714285714286,4.085714285714285,1,12,35
105,7117,-26.04833311587572,0.9411764705882353,3.823529411764706,1,6,17
106,7213,22.820000253617764,0.27083333333333337,6.1875,0,31,96
107,7309,38.12666682340205,0.02083333333333337,9.958333333333334,0,23,96
108,7405,25.955000184476376,0.17708333333333337,7.15625,0,34,96
109,7501,36.335000067949295,0.0625,8.53125,0,26,96
110,7597,0.21666701510548592,0.42708333333333337,6.520833333333333,0,39,96
111,7618,-14.604999333620071,0.38095238095238093,5.0,1,4,21
112,7714,5.97333375364542,0.39583333333333337,6.979166666666667,0,32,96
113,7810,9.38500003516674,0.46875,5.90625,0,25,96
114,7822,-23.281666561961174,0.9166666666666666,3.0833333333333335,1,3,12
115,7865,-27.738332465291023,0.8604651162790697,3.744186046511628,1,9,43
116,7894,-21.07000057026744,0.6551724137931034,4.758620689655173,1,7,29
117,7990,33.39666668418795,0.0,9.458333333333334,0,34,96
118,8086,5.236666779965162,0.40625,6.770833333333333,0,35,96
119,8096,-21.603333957493305,0.9,3.2,1,1,10
120,8192,26.596666537225246,0.17708333333333337,7.145833333333333,0,31,96
121,8288,38.988333345390856,0.07291666666666663,8.510416666666666,0,21,96
122,8384,36.57833320181817,0.07291666666666663,8.447916666666666,0,26,96
123,8480,34.32499985396862,0.02083333333333337,7.09375,0,41,96
124,8576,26.276666700839996,0.09375,9.270833333333334,0,31,96
125,8672,19.7833332689479,0.21875,9.166666666666666,0,25,96
126,8739,-19.178333841264248,0.4776119402985075,5.895522388059701,1,25,67
127,8835,13.628333601169288,0.30208333333333337,7.322916666666667,0,36,96
128,8931,-0.40833301842212677,0.42708333333333337,6.614583333333333,0,39,96
129,9027,29.831666843034327,0.07291666666666663,8.802083333333334,0,32,96
130,9123,27.318333592265844,0.20833333333333337,7.322916666666667,0,28,96
131,9219,33.353333252482116,0.0,9.416666666666666,0,33,96
132,9315,39.61666678544134,0.08333333333333337,8.208333333333334,0,20,96
133,9411,36.360000075772405,0.02083333333333337,9.3125,0,26,96
134,9455,-25.368333753198385,0.7272727272727273,3.9318181818181817,1,14,44
135,9551,-21.438332803547382,0.75,5.239583333333333,0,33,96
136,9647,31.658333293162286,0.08333333333333337,8.447916666666666,0,32,96
137,9743,16.289999914355576,0.1875,9.0625,0,35,96
138,9839,27.41666666790843,0.20833333333333337,6.270833333333333,0,31,96
139,9935,38.686666656285524,0.0625,7.333333333333333,0,29,96
140,10031,42.37333362177014,0.0,8.541666666666666,0,28,96
141,10127,7.69500011857599,0.36458333333333337,7.71875,0,29,96
142,10223,38.4133334485814,0.0,9.229166666666666,0,30,96
143,10319,26.64000028371811,0.125,8.9375,0,29,96
144,10415,34.88666664157063,0.0,9.833333333333334,0,29,96
145,10511,36.901666848920286,0.01041666666666663,8.927083333333334,0,31,96
146,10607,16.82500021532178,0.28125,7.09375,0,32,96
147,10703,38.035000015981495,0.0,9.59375,0,27,96
148,10718,-23.084999904036522,0.9333333333333333,3.0,1,3,15
149,10814,33.13333324715495,0.05208333333333337,9.729166666666666,0,26,96
150,10910,36.68666666559875,0.0625,8.270833333333334,0,27,96
151,11006,32.5449999589473,0.10416666666666663,8.78125,0,23,96
152,11102,19.370000320486724,0.29166666666666663,7.0625,0,28,96
153,11198,33.77166686113924,0.0,9.177083333333334,0,34,96
154,11294,40.20166657306254,0.0,9.677083333333334,0,23,96
155,11390,33.15333345532417,0.04166666666666663,8.104166666666666,0,36,96
156,11486,37.291666777804494,0.01041666666666663,9.552083333333334,0,24,96
157,11582,39.401666382327676,0.01041666666666663,8.427083333333334,0,31,96
158,11678,31.020000121556222,0.04166666666666663,9.75,0,28,96
159,11774,38.22999994736165,0.0,9.3125,0,28,96
160,11797,-22.636666491627693,0.782608695652174,3.8260869565217392,1,5,23
161,11893,31.851666745729744,0.07291666666666663,8.239583333333334,0,33,96
162,11989,30.358333248645067,0.08333333333333337,8.197916666666666,0,35,96
163,12085,31.335000134073198,0.08333333333333337,8.59375,0,32,96
164,12181,-12.079999804496765,0.6145833333333333,5.6875,0,38,96
165,12277,38.92666665557772,0.0,9.520833333333334,0,23,96
166,12373,17.435000425204635,0.21875,8.21875,0,34,96
167,12469,39.17833319772035,0.0,9.822916666666666,0,22,96
168,12565,36.38000041618943,0.07291666666666663,8.0625,0,27,96
169,12661,37.98833341803402,0.01041666666666663,9.697916666666666,0,24,96
170,12757,34.96333323046565,0.05208333333333337,8.666666666666666,0,29,96
171,12853,39.05500022973865,0.04166666666666663,8.96875,0,22,96
172,12949,37.956666603684425,0.0,9.520833333333334,0,26,96
173,13045,37.196667063981295,0.04166666666666663,8.708333333333334,0,26,96
174,13141,29.183333036489785,0.04166666666666663,9.479166666666666,0,32,96
175,13237,29.041666850447655,0.19791666666666663,6.177083333333333,0,32,96
176,13333,35.159999950788915,0.04166666666666663,9.25,0,28,96
177,13429,33.715000204741955,0.07291666666666663,7.15625,0,36,96
178,13525,35.92666670959443,0.05208333333333337,8.083333333333334,0,32,96
179,13621,31.58833325561136,0.09375,8.760416666666666,0,28,96
180,13717,18.036666489206254,0.17708333333333337,9.333333333333334,0,32,96
181,13813,41.36833355482668,0.0,8.760416666666666,0,26,96
182,13909,25.276666729710996,0.08333333333333337,9.895833333333334,0,30,96
183,14005,38.17833362985402,0.05208333333333337,7.760416666666667,0,29,96
184,14101,32.743333022110164,0.0625,9.666666666666666,0,25,96
185,14197,37.6199998203665,0.0,10.125,0,25,96
186,14293,38.78333313949406,0.02083333333333337,9.541666666666666,0,22,96
187,14389,18.225000202655792,0.29166666666666663,6.78125,0,31,96
188,14485,33.138333034701645,0.03125,10.447916666666666,0,22,96
189,14581,39.16166698001325,0.04166666666666663,8.802083333333334,0,23,96
190,14677,33.836666624993086,0.0625,9.520833333333334,0,23,96
191,14773,30.985000097192824,0.09375,8.40625,0,33,96
192,14869,37.24166654795408,0.01041666666666663,9.739583333333334,0,24,96
193,14965,39.29999971203506,0.0,10.1875,0,20,96
194,15061,40.618333261460066,0.0,9.135416666666666,0,25,96
195,15157,28.555000313557684,0.0625,9.15625,0,35,96
196,15253,39.6183330276981,0.0,10.572916666666666,0,17,96
197,15349,15.451667136512697,0.30208333333333337,7.552083333333333,0,28,96
198,15445,36.138333424925804,0.09375,7.885416666666667,0,25,96
199,15541,31.921666677109897,0.08333333333333337,9.364583333333334,0,23,96
200,15637,41.23333332221955,0.03125,8.416666666666666,0,24,96
201,15733,43.841666768305004,0.0,9.114583333333334,0,19,96
202,15829,21.89833341445774,0.23958333333333337,7.447916666666667,0,27,96
203,15925,43.53833339177072,0.0,9.447916666666666,0,19,96
204,16021,38.97666682302952,0.09375,7.458333333333333,0,24,96
205,16108,-1.7499995715916157,0.28735632183908044,7.241379310344827,1,22,87
206,16204,24.171666488982737,0.08333333333333337,9.989583333333334,0,31,96
207,16300,29.060000008903444,0.04166666666666663,8.3125,0,40,96
208,16396,40.2583335172385,0.03125,9.322916666666666,0,20,96
209,16492,43.863333420827985,0.01041666666666663,9.104166666666666,0,18,96
210,16588,23.528333723545074,0.20833333333333337,7.447916666666667,0,32,96
211,16684,32.333333330228925,0.09375,9.666666666666666,0,20,96
212,16780,39.97333341091871,0.01041666666666663,10.166666666666666,0,17,96
213,16876,36.73166707158089,0.0625,7.677083333333333,0,30,96
214,16972,44.639999999664724,0.0,9.25,0,18,96
215,17068,40.355000073090196,0.0,9.90625,0,20,96
216,17164,31.619999825023115,0.0,9.4375,0,35,96
217,17260,32.753333057276905,0.05208333333333337,10.041666666666666,0,23,96
218,17356,22.433333544060588,0.22916666666666663,8.479166666666666,0,22,96
219,17452,14.416666654869914,0.29166666666666663,7.145833333333333,0,32,96
220,17548,34.955000115558505,0.125,6.90625,0,29,96
221,17644,44.41666700877249,0.02083333333333337,8.333333333333334,0,21,96
222,17740,22.00500028580427,0.20833333333333337,8.65625,0,27,96
223,17836,39.66999996267259,0.01041666666666663,9.6875,0,23,96
224,17932,41.57166667189449,0.0,9.864583333333334,0,20,96
225,18028,40.39666652493179,0.0,9.083333333333334,0,23,96
226,18124,31.066666329279542,0.0,10.583333333333334,0,30,96
227,18220,36.801666772924364,0.04166666666666663,9.177083333333334,0,25,96
228,18316,40.081666784361005,0.02083333333333337,8.614583333333334,0,26,96
229,18412,42.11499996390194,0.0,10.28125,0,16,96
230,18508,38.223333194851875,0.0,9.916666666666666,0,22,96
231,18604,27.023333571851254,0.17708333333333337,7.541666666666667,0,31,96
232,18700,35.34000006504357,0.09375,9.0625,0,19,96
233,18796,42.74500025436282,0.05208333333333337,7.78125,0,23,96
234,18892,43.73499992582947,0.0,9.59375,0,18,96
235,18988,40.04333353321999,0.04166666666666663,8.729166666666666,0,21,96
236,19084,34.694999924860895,0.02083333333333337,10.03125,0,25,96
237,19180,26.45833333209157,0.17708333333333337,8.447916666666666,0,25,96
238,19276,40.89333351701498,0.08333333333333337,7.916666666666667,0,20,96
239,19372,38.6516667753458,0.01041666666666663,8.552083333333334,0,30,96
240,19468,36.92833333276212,0.01041666666666663,9.947916666666666,0,25,96
241,19564,26.521666772663593,0.19791666666666663,7.864583333333333,0,25,96
242,19660,42.28833348676562,0.0,9.135416666666666,0,21,96
243,19756,41.916666857898235,0.0,9.208333333333334,0,22,96
244,19852,35.11333350464702,0.09375,7.854166666666667,0,27,96
245,19948,10.533333535306156,0.28125,7.666666666666667,0,37,96
246,20044,36.97333359345794,0.08333333333333337,8.791666666666666,0,21,96
247,20140,30.97666620090604,0.15625,7.833333333333333,0,23,96
248,20236,43.43666682392359,0.01041666666666663,9.458333333333334,0,17,96
249,20332,39.668333440087736,0.08333333333333337,8.822916666666666,0,15,96
250,20428,33.70666687935591,0.11458333333333337,7.583333333333333,0,29,96
251,20524,43.42666684091091,0.03125,7.958333333333333,0,22,96
252,20620,29.16333343181759,0.16666666666666663,8.416666666666666,0,23,96
253,20716,32.52500021085143,0.08333333333333337,8.96875,0,25,96
254,20812,48.1183333164081,0.07291666666666663,7.510416666666667,0,13,96
255,20908,28.81500006467104,0.21875,7.96875,0,18,96
256,21004,44.92833323869854,0.0,9.322916666666666,0,17,96
257,21100,39.96333355456591,0.05208333333333337,8.354166666666666,0,24,96
258,21196,32.05833348073065,0.16666666666666663,7.947916666666667,0,21,96
259,21292,43.753333517350256,0.02083333333333337,9.166666666666666,0,17,96
260,21388,35.151666667312384,0.02083333333333337,9.989583333333334,0,26,96
261,21484,37.51500028278679,0.09375,8.28125,0,21,96
262,21580,35.428333333693445,0.03125,9.447916666666666,0,26,96
263,21676,39.599999957717955,0.01041666666666663,9.8125,0,20,96
264,21772,40.65666685253382,0.04166666666666663,8.583333333333334,0,24,96
265,21868,35.8583338689059,0.10416666666666663,7.822916666666667,0,24,96
266,21964,36.839999705553055,0.125,7.4375,0,22,96
267,22060,33.9516665218398,0.0,9.114583333333334,0,35,96
268,22156,41.114999569021165,0.03125,9.03125,0,20,96
269,22252,39.36166646704078,0.09375,8.427083333333334,0,18,96
270,22348,42.664999982342124,0.04166666666666663,9.78125,0,10,96
271,22444,51.3183334749192,0.03125,8.322916666666666,0,10,96
272,22540,25.08166690170765,0.22916666666666663,7.052083333333333,0,29,96
273,22636,40.153333177790046,0.0,10.291666666666666,0,18,96
274,22732,23.325000281445682,0.22916666666666663,8.03125,0,24,96
275,22828,44.27833364158869,0.0625,7.697916666666667,0,20,96
276,22924,36.23833362292498,0.10416666666666663,7.822916666666667,0,25,96
277,23020,34.68333385139704,0.13541666666666663,7.854166666666667,0,23,96
278,23116,43.43333295267075,0.0,9.229166666666666,0,21,96
279,23212,43.88500002678484,0.01041666666666663,8.71875,0,19,96
280,23308,40.75833295471966,0.0,10.760416666666666,0,14,96
281,23404,35.26833340153098,0.04166666666666663,9.260416666666666,0,25,96
282,23500,22.363333409652114,0.22916666666666663,7.229166666666667,0,31,96
283,23596,38.39500011410564,0.0,9.34375,0,27,96
284,23612,-24.331666454672813,0.9375,3.0625,1,5,16
285,23708,36.43833282869309,0.09375,8.260416666666666,0,21,96
286,23804,34.63666681572795,0.11458333333333337,7.083333333333333,0,29,96
287,23900,41.05166671052575,0.03125,8.364583333333334,0,24,96
288,23996,25.39000027999282,0.20833333333333337,7.875,0,26,96
289,24092,13.238333765417337,0.40625,5.572916666666667,0,30,96
290,24180,8.410000082105398,0.2727272727272727,7.7727272727272725,1,6,88
291,24276,48.75000008195639,0.05208333333333337,7.625,0,14,96
292,24372,37.74833370372653,0.05208333333333337,8.322916666666666,0,26,96
293,24468,37.40999998059124,0.09375,8.625,0,19,96
294,24564,49.97333341371268,0.0,8.666666666666666,0,14,96
295,24660,45.98000019788742,0.09375,7.375,0,14,96
296,24756,42.3766666483134,0.0,9.708333333333334,0,18,96
297,24852,48.28833306860179,0.01041666666666663,8.510416666666666,0,15,96
298,24948,39.0300004100427,0.0625,8.375,0,22,96
299,25044,27.313332926481962,0.23958333333333337,7.416666666666667,0,23,96
300,25140,37.45166666340083,0.08333333333333337,9.302083333333334,0,16,96
301,25236,47.1699998145923,0.0,7.9375,0,22,96
302,25332,42.85166655480862,0.01041666666666663,9.864583333333334,0,15,96
303,25428,27.674999904818833,0.09375,9.46875,0,29,96
304,25524,40.468333058059216,0.05208333333333337,8.885416666666666,0,19,96
305,25620,41.31166699435562,0.05208333333333337,8.614583333333334,0,19,96
306,25716,32.26500026136637,0.13541666666666663,8.28125,0,24,96
307,25812,32.046666911803186,0.19791666666666663,8.083333333333334,0,15,96
308,25908,44.22500010859221,0.04166666666666663,8.34375,0,17,96
309,25919,-20.556667119264603,0.8181818181818181,3.090909090909091,1,1,11
310,26015,26.23666712641716,0.23958333333333337,6.770833333333333,0,25,96
311,26111,41.92000060901046,0.15625,7.6875,0,9,96
312,26207,42.85000041872263,0.10416666666666663,8.0625,0,15,96
313,26303,47.34500041604042,0.04166666666666663,7.84375,0,17,96
314,26399,34.8533337675035,0.15625,7.416666666666667,0,21,96
315,26495,41.7799994982779,0.09375,8.0625,0,17,96
316,26591,39.22999969869852,0.01041666666666663,10.3125,0,20,96
317,26687,37.84499986004084,0.04166666666666663,9.28125,0,22,96
318,26783,46.0233334666118,0.07291666666666663,7.791666666666667,0,14,96
319,26879,45.953333385288715,0.02083333333333337,7.604166666666667,0,24,96
320,26975,41.96000009775162,0.09375,7.5625,0,17,96
321,27071,53.464999847114086,0.03125,7.15625,0,13,96
322,27167,23.198333374224603,0.35416666666666663,5.510416666666667,0,22,96
323,27263,47.04500023275614,0.05208333333333337,8.21875,0,14,96
324,27359,42.456666581332684,0.15625,7.083333333333333,0,12,96
325,27455,55.71166643127799,0.01041666666666663,6.864583333333333,0,14,96
326,27551,20.03999972715974,0.34375,7.0625,0,20,96
327,27647,38.00166670978069,0.04166666666666663,9.864583333333334,0,18,96
328,27743,49.356666557490826,0.05208333333333337,6.895833333333333,0,19,96
329,27839,34.86666676029563,0.14583333333333337,7.833333333333333,0,19,96
330,27935,45.68333338573575,0.0625,7.854166666666667,0,18,96
331,28031,50.49333295878023,0.0,8.479166666666666,0,15,96
332,28127,38.063333347439766,0.17708333333333337,6.604166666666667,0,19,96
333,28223,46.608333403244615,0.08333333333333337,8.385416666666666,0,9,96
334,28319,40.91333315242082,0.0,10.354166666666666,0,18,96
335,28415,45.01666662748903,0.09375,7.020833333333333,0,17,96
336,28511,38.77000024076551,0.13541666666666663,8.5625,0,10,96
337,28607,44.5766666745767,0.14583333333333337,7.333333333333333,0,9,96
338,28703,46.873333553783596,0.01041666666666663,8.916666666666666,0,14,96
339,28799,46.95666642487049,0.10416666666666663,6.895833333333333,0,16,96
340,28895,39.76500001549721,0.17708333333333337,6.46875,0,17,96
341,28991,50.28833360876888,0.03125,8.760416666666666,0,8,96
342,29087,50.45666656270623,0.02083333333333337,8.395833333333334,0,11,96
343,29183,38.986666820943356,0.125,7.708333333333333,0,19,96
344,29279,27.200000017881393,0.22916666666666663,7.6875,0,21,96
345,29375,35.74333306774497,0.05208333333333337,9.666666666666666,0,22,96
346,29471,40.58333349227905,0.10416666666666663,7.729166666666667,0,19,96
347,29567,39.22166687250137,0.14583333333333337,7.052083333333333,0,19,96
348,29663,31.39666673541069,0.17708333333333337,6.770833333333333,0,25,96
349,29759,43.16833334136754,0.04166666666666663,8.822916666666666,0,16,96
350,29855,37.4366667419672,0.17708333333333337,6.770833333333333,0,19,96
351,29951,45.58000037819147,0.05208333333333337,8.3125,0,16,96
352,30047,45.018333308398724,0.125,6.197916666666667,0,19,96
353,30143,45.791666869074106,0.07291666666666663,7.739583333333333,0,16,96
354,30239,43.21666685864329,0.08333333333333337,7.083333333333333,0,20,96
355,30335,52.804999858140945,0.03125,7.59375,0,12,96
356,30431,49.98166653793305,0.04166666666666663,9.052083333333334,0,4,96
357,30527,47.89833314344287,0.125,6.322916666666667,0,14,96
358,30623,26.176666721701622,0.27083333333333337,7.895833333333333,0,15,96
359,30719,39.726666301488876,0.04166666666666663,9.458333333333334,0,17,96
360,30815,48.858333587646484,0.02083333333333337,8.197916666666666,0,16,96
361,30911,50.13500031083822,0.02083333333333337,7.53125,0,17,96
362,31007,36.836667001247406,0.10416666666666663,8.208333333333334,0,20,96
363,31103,29.159999998286366,0.13541666666666663,9.3125,0,22,96
364,31199,39.03333317860961,0.13541666666666663,6.979166666666667,0,21,96
365,31295,52.28999965265393,0.05208333333333337,6.4375,0,16,96
366,31391,46.613333847373724,0.05208333333333337,8.979166666666666,0,11,96
367,31487,38.31166659295559,0.21875,7.114583333333333,0,10,96
368,31583,43.09999939613044,0.01041666666666663,10.25,0,11,96
369,31679,44.39499970898032,0.11458333333333337,7.84375,0,11,96
370,31775,54.7133334428072,0.0,7.916666666666667,0,12,96
371,31871,39.24166679661721,0.07291666666666663,8.614583333333334,0,19,96
372,31967,45.26333328988403,0.0625,8.291666666666666,0,14,96
373,32063,37.443333100527525,0.25,6.104166666666667,0,12,96
374,32159,36.753333350643516,0.17708333333333337,6.416666666666667,0,21,96
375,32255,33.388333693146706,0.25,7.135416666666667,0,13,96
376,32351,42.869999962858856,0.04166666666666663,8.25,0,20,96
377,32447,41.40666640177369,0.10416666666666663,8.458333333333334,0,14,96
378,32543,25.92166605219245,0.30208333333333337,7.052083333333333,0,15,96
379,32639,36.84833346679807,0.14583333333333337,7.135416666666667,0,22,96
380,32735,50.1800000667572,0.01041666666666663,8.875,0,9,96
381,32831,49.15166663005948,0.04166666666666663,7.739583333333333,0,15,96
382,32927,51.21666653826833,0.03125,7.833333333333333,0,12,96
383,33023,44.20333332568407,0.11458333333333337,7.729166666666667,0,11,96
384,33119,44.84500019997358,0.08333333333333337,7.65625,0,16,96
385,33215,45.51499941945076,0.0625,7.28125,0,20,96
386,33311,31.33666653186083,0.20833333333333337,7.020833333333333,0,22,96
387,33407,43.35166671127081,0.04166666666666663,8.989583333333334,0,14,96
388,33503,53.43000004068017,0.0,8.5625,0,10,96
389,33599,53.01666673645377,0.0,8.083333333333334,0,14,96
390,33695,53.92666702717543,0.08333333333333337,6.583333333333333,0,9,96
391,33791,48.24333283305168,0.01041666666666663,8.666666666666666,0,17,96
392,33887,40.051666770130396,0.13541666666666663,7.739583333333333,0,15,96
393,33983,54.108333330601454,0.02083333333333337,7.510416666666667,0,11,96
394,34079,54.20833324640989,0.0625,7.072916666666667,0,8,96
395,34175,42.59166692942381,0.11458333333333337,7.614583333333333,0,15,96
396,34271,50.083333272486925,0.0625,7.479166666666667,0,11,96
397,34367,44.87499977275729,0.03125,9.46875,0,12,96
398,34463,41.83833372592926,0.13541666666666663,7.947916666666667,0,10,96
399,34559,51.97833323478699,0.04166666666666663,7.197916666666667,0,13,96
400,34655,55.8816669434309,0.04166666666666663,7.864583333333333,0,4,96
401,34751,47.958333424292505,0.05208333333333337,9.135416666666666,0,6,96
402,34847,36.786666970700026,0.17708333333333337,7.020833333333333,0,19,96
403,34943,48.65166687592864,0.05208333333333337,7.302083333333333,0,16,96
404,35039,53.30166671797633,0.04166666666666663,6.114583333333333,0,18,96
405,35135,50.52166646718979,0.04166666666666663,8.427083333333334,0,8,96
406,35231,50.776666559278965,0.01041666666666663,7.895833333333333,0,15,96
407,35327,45.18000024557114,0.09375,7.8125,0,13,96
408,35423,36.53166624903679,0.1875,6.739583333333333,0,19,96
409,35519,38.38666684180498,0.15625,7.395833333333333,0,18,96
410,35615,40.815000150352716,0.07291666666666663,8.28125,0,20,96
411,35711,53.816667042672634,0.0,8.270833333333334,0,11,96
412,35807,41.98666658252478,0.125,7.395833333333333,0,17,96
413,35903,58.61333268880844,0.0,6.916666666666667,0,11,96
414,35999,52.571666430681944,0.0,8.739583333333334,0,9,96
415,36095,37.39000012725592,0.20833333333333337,7.1875,0,12,96
416,36191,44.036666847765446,0.09375,7.583333333333333,0,19,96
417,36287,39.695000633597374,0.16666666666666663,7.53125,0,13,96
418,36383,44.23166662454605,0.125,7.802083333333333,0,10,96
419,36479,37.90999971330166,0.1875,7.625,0,11,96
420,36575,47.41166649758816,0.05208333333333337,7.677083333333333,0,17,96
421,36671,36.54833370447159,0.16666666666666663,7.760416666666667,0,16,96
422,36767,48.325000043958426,0.09375,7.90625,0,7,96
423,36863,58.96500016748905,0.04166666666666663,6.03125,0,10,96
424,36959,53.444999665021896,0.0,8.53125,0,9,96
425,37055,48.20833311509341,0.01041666666666663,9.010416666666666,0,13,96
426,37151,55.70833302941173,0.02083333333333337,7.260416666666667,0,10,96
427,37247,45.636666684411466,0.08333333333333337,7.895833333333333,0,14,96
428,37343,55.18166625499725,0.0625,6.552083333333333,0,10,96
429,37439,54.00166627764702,0.0625,7.302083333333333,0,8,96
430,37535,50.3866671025753,0.05208333333333337,7.958333333333333,0,11,96
431,37631,48.0633334890008,0.02083333333333337,8.729166666666666,0,14,96
432,37727,57.59833348542452,0.01041666666666663,8.197916666666666,0,5,96
433,37823,44.320000185631216,0.0625,8.625,0,13,96
434,37919,51.20500020310283,0.05208333333333337,8.03125,0,8,96
435,38015,49.60833355691284,0.07291666666666663,7.447916666666667,0,11,96
436,38111,49.15166652202606,0.08333333333333337,7.427083333333333,0,12,96
437,38207,54.28166642040014,0.03125,6.739583333333333,0,14,96
438,38303,54.32666680216789,0.0,8.395833333333334,0,10,96
439,38399,45.859999895095825,0.10416666666666663,7.4375,0,14,96
440,38495,54.076666340231895,0.07291666666666663,6.520833333333333,0,11,96
441,38591,51.32333368062973,0.05208333333333337,7.979166666666667,0,8,96
442,38687,47.94833324011415,0.01041666666666663,9.135416666666666,0,12,96
443,38783,55.18000018596649,0.0,8.5,0,6,96
444,38879,55.6299995444715,0.07291666666666663,6.5,0,7,96
445,38975,54.39833306893706,0.0625,7.385416666666667,0,6,96
446,39071,49.026666599325836,0.03125,8.270833333333334,0,15,96
447,39167,55.73333351314068,0.09375,6.729166666666667,0,4,96
448,39263,60.10666634142399,0.03125,6.458333333333333,0,8,96
449,39359,49.745000187307596,0.11458333333333337,6.09375,0,15,96
450,39455,44.75999981816858,0.11458333333333337,8.1875,0,9,96
451,39551,44.27666622400284,0.15625,6.395833333333333,0,16,96
452,39647,60.74166714400053,0.02083333333333337,7.052083333333333,0,5,96
453,39743,51.91333354264498,0.09375,7.416666666666667,0,5,96
454,39839,53.03500033915043,0.0625,7.65625,0,8,96
455,39935,48.47666726261377,0.09375,7.458333333333333,0,10,96
456,40031,58.96833300217986,0.0625,6.510416666666667,0,6,96
457,40127,47.62000026553869,0.08333333333333337,7.6875,0,13,96
458,40223,44.00000024959445,0.05208333333333337,8.375,0,17,96
459,40319,54.038334004580975,0.0,8.697916666666666,0,8,96
460,40415,39.14333355054259,0.15625,7.729166666666667,0,13,96
461,40511,43.943333227187395,0.125,7.604166666666667,0,11,96
462,40607,54.71333409752697,0.08333333333333337,6.666666666666667,0,8,96
463,40703,54.31666620075703,0.03125,6.833333333333333,0,14,96
464,40799,55.666667118668556,0.0625,7.708333333333333,0,3,96
465,40895,48.81666640937328,0.0625,8.333333333333334,0,9,96
466,40991,54.52833317499608,0.09375,6.135416666666667,0,9,96
467,41087,53.600000128149986,0.09375,6.6875,0,8,96
468,41183,47.2299999371171,0.125,6.8125,0,13,96
469,41279,60.39666676521301,0.0,8.083333333333334,0,1,96
470,41375,59.8316657692194,0.02083333333333337,7.177083333333333,0,5,96
471,41471,53.63333339244127,0.05208333333333337,7.791666666666667,0,6,96
472,41567,57.01166723668575,0.01041666666666663,8.427083333333334,0,2,96
473,41663,51.92333274707198,0.03125,8.729166666666666,0,7,96
474,41759,47.818333711475134,0.16666666666666663,5.510416666666667,0,13,96
475,41855,52.32666685432196,0.0,9.270833333333334,0,6,96
476,41951,50.48833295702934,0.10416666666666663,7.697916666666667,0,6,96
477,42047,62.998332887887955,0.03125,6.635416666666667,0,3,96
478,42143,48.57500033080578,0.09375,7.71875,0,9,96
479,42239,50.8566665686667,0.04166666666666663,9.145833333333334,0,4,96
480,42335,55.51833336055279,0.05208333333333337,7.760416666666667,0,4,96
481,42431,50.603333942592144,0.07291666666666663,7.729166666666667,0,10,96
482,42527,53.898333482444286,0.01041666666666663,8.385416666666666,0,8,96
483,42623,51.499999299645424,0.08333333333333337,7.1875,0,10,96
484,42719,55.11666712164879,0.0,8.833333333333334,0,5,96
485,42815,42.00000058859587,0.17708333333333337,7.875,0,5,96
486,42911,60.5733335763216,0.03125,7.041666666666667,0,3,96
487,43007,52.64500033855438,0.02083333333333337,8.03125,0,11,96
488,43103,41.19833290576935,0.14583333333333337,7.447916666666667,0,13,96
489,43199,59.10500006377697,0.0,8.46875,0,1,96
490,43295,53.2449999563396,0.02083333333333337,8.21875,0,7,96
491,43391,58.10666677728295,0.04166666666666663,5.958333333333333,0,13,96
492,43487,51.92833314463496,0.09375,6.197916666666667,0,12,96
493,43583,55.76000001654029,0.08333333333333337,6.125,0,11,96
494,43679,51.130000069737434,0.08333333333333337,7.625,0,7,96
495,43775,58.30166620016098,0.05208333333333337,6.739583333333333,0,8,96
496,43871,61.83666677772999,0.04166666666666663,6.083333333333333,0,6,96
497,43967,60.659999683499336,0.0,7.25,0,8,96
498,44063,57.81833344697952,0.02083333333333337,8.197916666666666,0,2,96
499,44159,57.0033337585628,0.02083333333333337,7.729166666666667,0,7,96
500,44255,59.66499996185303,0.03125,7.59375,0,3,96
501,44351,54.71999990567565,0.05208333333333337,6.875,0,11,96
502,44447,40.90833302587271,0.16666666666666663,7.885416666666667,0,9,96
503,44543,49.093332692980766,0.11458333333333337,6.541666666666667,0,13,96
504,44639,47.139999862760305,0.08333333333333337,8.25,0,10,96
505,44735,67.21166643127799,0.0,6.364583333333333,0,2,96
506,44831,48.338333651423454,0.08333333333333337,8.260416666666666,0,8,96
507,44927,48.291666463017464,0.0625,8.802083333333334,0,7,96
508,45023,63.05999918282032,0.0,7.3125,0,2,96
509,45119,50.73333351686597,0.05208333333333337,8.104166666666666,0,8,96
510,45215,57.16666675359011,0.05208333333333337,7.770833333333333,0,3,96
511,45311,54.775000385940075,0.05208333333333337,8.03125,0,3,96
512,45407,54.795000679790974,0.03125,8.46875,0,5,96
513,45503,53.3783341338858,0.10416666666666663,6.322916666666667,0,9,96
514,45599,48.056666631251574,0.03125,8.833333333333334,0,13,96
515,45695,51.734999880194664,0.02083333333333337,8.78125,0,8,96
516,45791,52.70166718587279,0.07291666666666663,7.489583333333333,0,6,96
517,45887,52.4933335930109,0.05208333333333337,8.229166666666666,0,6,96
518,45983,54.31833316385746,0.07291666666666663,7.322916666666667,0,5,96
519,46079,53.87499999627471,0.05208333333333337,6.09375,0,17,96
520,46175,61.535000428557396,0.0625,5.96875,0,5,96
521,46271,59.620000556111336,0.02083333333333337,7.625,0,4,96
522,46367,51.06333304941654,0.01041666666666663,8.666666666666666,0,10,96
523,46463,47.741666816174984,0.07291666666666663,8.302083333333334,0,9,96
524,46559,49.86833328008652,0.0625,7.947916666666667,0,10,96
525,46655,47.13000013306737,0.04166666666666663,8.875,0,11,96
526,46751,64.01499992609024,0.04166666666666663,6.40625,0,1,96
527,46847,53.95166692510247,0.02083333333333337,8.114583333333334,0,9,96
528,46943,57.22666724026203,0.04166666666666663,7.895833333333333,0,2,96
529,47039,58.00833338778466,0.04166666666666663,7.010416666666667,0,6,96
530,47135,52.08833288401365,0.08333333333333337,7.947916666666667,0,5,96
531,47231,54.65333339571953,0.09375,6.354166666666667,0,9,96
532,47327,48.939999647438526,0.09375,7.5,0,9,96
533,47423,63.0200001001358,0.04166666666666663,6.4375,0,3,96
534,47519,53.616666216403246,0.0625,7.145833333333333,0,9,96
535,47615,54.01499996334314,0.05208333333333337,7.84375,0,5,96
536,47711,61.376667155884206,0.0625,5.770833333333333,0,6,96
537,47807,56.12833357602358,0.03125,7.885416666666667,0,5,96
538,47903,58.14833362400532,0.05208333333333337,7.385416666666667,0,2,96
539,47999,54.488333858549595,0.05208333333333337,8.072916666666666,0,3,96
540,48095,56.38666619360447,0.0625,7.520833333333333,0,3,96
541,48191,62.80166643857956,0.04166666666666663,6.364583333333333,0,4,96
542,48287,45.5333331823349,0.17708333333333337,6.229166666666667,0,10,96
543,48383,59.14166705310345,0.0,8.614583333333334,0,1,96
544,48479,62.170000456273556,0.0,7.5625,0,1,96
545,48575,60.42666652798653,0.02083333333333337,7.520833333333333,0,3,96
546,48671,60.499999683350325,0.0,7.0,0,8,96
547,48767,61.80833310633898,0.01041666666666663,7.260416666666667,0,4,96
548,48863,54.69666623324156,0.09375,7.270833333333333,0,3,96
549,48959,56.49500095844269,0.03125,8.15625,0,3,96
550,49055,64.31500037014484,0.01041666666666663,6.65625,0,4,96
551,49151,57.25833289325237,0.0625,7.322916666666667,0,3,96
552,49247,51.83666755259037,0.10416666666666663,7.145833333333333,0,4,96
553,49343,47.97666645422578,0.10416666666666663,7.895833333333333,0,8,96
554,49439,56.91500121355057,0.05208333333333337,7.84375,0,1,96
555,49535,47.17833334207535,0.11458333333333337,8.197916666666666,0,6,96
556,49631,52.08499917387962,0.13541666666666663,6.84375,0,4,96
557,49727,57.65166664123535,0.0625,7.427083333333333,0,1,96
558,49823,59.30000062286854,0.04166666666666663,7.6875,0,1,96
559,49919,53.46833296120167,0.11458333333333337,6.822916666666667,0,6,96
560,50015,56.94833356142044,0.03125,7.885416666666667,0,4,96
561,50111,58.04333405941725,0.01041666666666663,8.104166666666666,0,4,96
562,50207,48.52000009641051,0.07291666666666663,8.625,0,6,96
563,50303,55.718332663178444,0.0625,7.322916666666667,0,6,96
564,50399,61.32666700705886,0.07291666666666663,5.833333333333333,0,4,96
565,50495,63.70166628062725,0.03125,6.802083333333333,0,1,96
566,50591,59.58999943360686,0.03125,6.875,0,7,96
567,50687,61.64333298802376,0.03125,6.479166666666667,0,5,96
568,50783,49.9249999076128,0.09375,7.65625,0,7,96
569,50879,62.141666512936354,0.03125,6.177083333333333,0,6,96
570,50975,60.21666657924652,0.07291666666666663,6.145833333333333,0,5,96
571,51071,54.636666625738144,0.10416666666666663,6.208333333333333,0,8,96
572,51167,68.75333327054977,0.0,6.291666666666667,0,2,96
573,51263,62.18166610598564,0.03125,6.614583333333333,0,6,96
574,51359,67.65333397686481,0.03125,5.666666666666667,0,2,96
575,51455,56.76666694134474,0.03125,8.145833333333334,0,2,96
576,51551,68.4800004772842,0.0,5.8125,0,5,96
577,51647,63.10666581988335,0.04166666666666663,6.770833333333333,0,1,96
578,51743,59.736666552722454,0.05208333333333337,6.958333333333333,0,3,96
579,51839,60.80833272635937,0.04166666666666663,7.385416666666667,0,1,96
580,51935,65.41333256661892,0.02083333333333337,6.729166666666667,0,1,96
581,52031,66.46666619181633,0.0,6.958333333333333,0,0,96
582,52127,67.50166614353657,0.0,6.677083333333333,0,1,96
583,52223,56.08833310753107,0.10416666666666663,6.010416666666667,0,7,96
584,52319,58.84666659682989,0.04166666666666663,7.208333333333333,0,4,96
585,52415,66.4449994713068,0.0,6.71875,0,2,96
586,52511,57.518333315849304,0.05208333333333337,8.010416666666666,0,0,96
587,52607,57.313332960009575,0.08333333333333337,6.604166666666667,0,4,96
588,52703,49.79666639119387,0.14583333333333337,6.895833333333333,0,5,96
589,52799,63.413332894444466,0.0,7.416666666666667,0,3,96
590,52895,63.34499925374985,0.02083333333333337,7.53125,0,0,96
591,52991,34.95500059425831,0.28125,7.59375,0,4,96
592,53087,61.03166660666466,0.04166666666666663,7.427083333333333,0,0,96
593,53183,56.094999730587006,0.02083333333333337,9.15625,0,0,96
594,53279,60.58999993558973,0.05208333333333337,6.125,0,8,96
595,53375,50.38499899208546,0.13541666666666663,6.96875,0,6,96
596,53471,57.28333307802677,0.03125,7.854166666666667,0,3,96
597,53567,59.601666405797005,0.02083333333333337,7.989583333333333,0,1,96
598,53663,62.64833312481642,0.03125,7.135416666666667,0,2,96
599,53759,55.051665514707565,0.10416666666666663,6.739583333333333,0,5,96
600,53855,61.99000009149313,0.03125,7.1875,0,1,96
601,53951,70.26000010967255,0.01041666666666663,6.0,0,0,96
602,54047,57.944999635219574,0.09375,6.46875,0,3,96
603,54143,66.73666679859161,0.03125,6.020833333333333,0,2,96
604,54239,65.89999952167273,0.0,6.75,0,2,96
605,54335,65.26833292841911,0.0,7.010416666666667,0,2,96
606,54431,60.453333020210266,0.02083333333333337,7.604166666666667,0,3,96
607,54527,66.781667470932,0.05208333333333337,5.552083333333333,0,3,96
608,54623,59.96166601777077,0.03125,7.614583333333333,0,2,96
609,54719,64.04166594147682,0.01041666666666663,7.364583333333333,0,0,96
610,54815,65.3316665738821,0.01041666666666663,6.489583333333333,0,3,96
611,54911,67.14333295822144,0.01041666666666663,6.479166666666667,0,1,96
612,55007,64.93666630983353,0.03125,6.395833333333333,0,2,96
613,55103,54.25333209335804,0.125,6.729166666666667,0,3,96
614,55199,55.118333883583546,0.0625,7.697916666666667,0,3,96
615,55295,68.2533341050148,0.04166666666666663,5.604166666666667,0,0,96
616,55391,63.31499892473221,0.0,7.59375,0,0,96
617,55487,63.63833226263523,0.04166666666666663,6.760416666666667,0,1,96
618,55583,57.98166626691818,0.04166666666666663,7.302083333333333,0,4,96
619,55679,61.38666605949402,0.02083333333333337,7.833333333333333,0,0,96
620,55775,57.94999988377094,0.03125,8.25,0,1,96
621,55871,58.461665987968445,0.07291666666666663,7.114583333333333,0,1,96
622,55967,58.35666614770889,0.08333333333333337,6.458333333333333,0,5,96
623,56063,58.784998685121536,0.04166666666666663,7.46875,0,1,96
624,56159,49.246665716171265,0.1875,6.645833333333333,0,3,96
625,56255,61.49499899148941,0.0625,6.65625,0,1,96
626,56351,47.97666549682617,0.19791666666666663,7.145833333333333,0,0,96
627,56447,59.19500032067299,0.04166666666666663,7.40625,0,3,96
628,56543,61.310000121593475,0.01041666666666663,7.9375,0,2,96
629,56639,64.52666556835175,0.05208333333333337,6.583333333333333,0,0,96
630,56735,72.31666725873947,0.0,5.833333333333333,0,0,96
631,56831,64.94333350658417,0.07291666666666663,5.916666666666667,0,0,96
632,56927,65.64499941468239,0.03125,6.59375,0,0,96
633,57023,62.88500037789345,0.04166666666666663,6.09375,0,7,96
634,57119,70.31166689097881,0.0,6.114583333333333,0,1,96
635,57215,66.92499999701977,0.04166666666666663,5.96875,0,1,96
636,57311,55.411667227745056,0.04166666666666663,8.802083333333334,0,0,96
637,57407,56.84333407878876,0.03125,8.479166666666666,0,0,96
638,57503,56.335000947117805,0.05208333333333337,8.28125,0,1,96
639,57599,70.66000002622604,0.01041666666666663,6.0,0,0,96
640,57695,58.311666548252106,0.04166666666666663,7.864583333333333,0,1,96
641,57791,56.79166653752327,0.11458333333333337,6.489583333333333,0,3,96
642,57887,59.70166738331318,0.0,8.552083333333334,0,1,96
643,57983,65.62999977171421,0.03125,6.3125,0,1,96
644,58079,58.755000934004784,0.14583333333333337,5.34375,0,2,96
645,58175,65.97499921917915,0.01041666666666663,6.90625,0,0,96
646,58271,61.2250000834465,0.03125,7.65625,0,1,96
647,58367,42.36833347380161,0.25,6.947916666666667,0,1,96
648,58463,65.31000059098005,0.0,7.25,0,1,96
649,58559,64.93666598200798,0.0,7.520833333333333,0,0,96
650,58655,64.2233334928751,0.08333333333333337,5.916666666666667,0,0,96
651,58751,66.12333373725414,0.0625,5.791666666666667,0,1,96
652,58847,61.25499860942364,0.05208333333333337,6.90625,0,2,96
653,58943,58.28333329409361,0.03125,8.104166666666666,0,1,96
654,59039,63.986666053533554,0.04166666666666663,6.770833333333333,0,0,96
655,59135,68.14500038325787,0.03125,5.90625,0,1,96
656,59231,62.38833263516426,0.03125,7.260416666666667,0,1,96
657,59327,63.09499868750572,0.05208333333333337,6.84375,0,0,96
658,59423,63.93666532635689,0.03125,7.083333333333333,0,0,96
659,59519,63.05166578292847,0.03125,7.239583333333333,0,1,96
660,59615,67.38999943435192,0.0,6.75,0,1,96
661,59711,64.93166559934616,0.03125,6.864583333333333,0,0,96
662,59807,56.96833474934101,0.03125,8.572916666666666,0,1,96
663,59903,58.20666679739952,0.05208333333333337,7.833333333333333,0,1,96
664,59999,65.9799981713295,0.02083333333333337,7.0,0,0,96
665,60095,66.11999961733818,0.0,7.0,0,0,96
666,60191,65.04499918222427,0.02083333333333337,6.96875,0,0,96
667,60287,57.290000557899475,0.03125,8.75,0,0,96
668,60383,62.06499916315079,0.03125,7.59375,0,0,96
669,60479,64.97999820113182,0.03125,7.0,0,0,96
670,60575,63.63666549324989,0.04166666666666663,6.833333333333333,0,1,96
671,60671,62.059999376535416,0.05208333333333337,6.8125,0,1,96
672,60767,58.9933330565691,0.11458333333333337,6.166666666666667,0,2,96
673,60863,71.86500060558319,0.0,5.90625,0,0,96
674,60959,57.99999839067459,0.10416666666666663,7.0,0,0,96
675,61055,63.4033325612545,0.05208333333333337,6.666666666666667,0,1,96
676,61151,63.5983324944973,0.01041666666666663,7.760416666666667,0,0,96
677,61247,68.03333273530006,0.01041666666666663,6.479166666666667,0,1,96
678,61343,60.238332748413086,0.03125,7.822916666666667,0,0,96
679,61439,61.29166606068611,0.07291666666666663,6.677083333333333,0,0,96
680,61535,64.0316668599844,0.0625,6.052083333333333,0,2,96
681,61631,61.02166681736708,0.05208333333333337,7.114583333333333,0,1,96
682,61727,68.80666646361351,0.01041666666666663,6.333333333333333,0,0,96
683,61823,67.54333326220512,0.01041666666666663,6.479166666666667,0,0,96
684,61919,64.7399987578392,0.0,7.4375,0,0,96
685,62015,66.30166590213776,0.02083333333333337,6.739583333333333,0,0,96
686,62111,64.79666613042355,0.04166666666666663,6.520833333333333,0,1,96
687,62207,66.47333359718323,0.05208333333333337,5.979166666666667,0,0,96
688,62303,65.85333353281021,0.0625,5.979166666666667,0,0,96
689,62399,60.231666564941406,0.0,8.552083333333334,0,0,96
690,62495,60.61833244562149,0.03125,7.760416666666667,0,0,96
691,62591,70.4666672796011,0.0,5.833333333333333,0,3,96
692,62687,54.059998691082,0.14583333333333337,6.9375,0,0,96
693,62783,64.93999853730202,0.03125,6.9375,0,0,96
694,62879,65.4783334583044,0.0625,5.947916666666667,0,1,96
695,62975,60.55333261191845,0.03125,7.791666666666667,0,0,96
696,63071,60.538332521915436,0.02083333333333337,7.947916666666667,0,0,96
697,63167,67.27833181619644,0.0,7.072916666666667,0,0,96
698,63263,65.96999859809875,0.0,7.375,0,0,96
699,63359,63.096665769815445,0.01041666666666663,7.708333333333333,0,0,96
700,63455,68.26000081002712,0.03125,5.8125,0,1,96
701,63551,60.159998536109924,0.07291666666666663,6.9375,0,0,96
702,63647,58.32500007748604,0.02083333333333337,8.84375,0,0,96
703,63743,63.59166529774666,0.03125,7.239583333333333,0,0,96
704,63839,60.916666477918625,0.07291666666666663,6.708333333333333,0,1,96
705,63935,66.97499826550484,0.01041666666666663,6.96875,0,0,96
706,64031,59.48499983549118,0.0625,7.40625,0,0,96
707,64127,59.91166692972183,0.05208333333333337,7.427083333333333,0,1,96
708,64223,65.9349994957447,0.03125,6.59375,0,0,96
709,64319,59.57166630029678,0.03125,7.864583333333333,0,1,96
710,64415,60.4533317387104,0.0625,7.229166666666667,0,0,96
711,64511,65.69500041007996,0.0625,5.96875,0,0,96
712,64607,70.88999998569489,0.0,6.125,0,0,96
713,64703,69.66500008106232,0.02083333333333337,6.03125,0,0,96
714,64799,60.75000052154064,0.11458333333333337,5.6875,0,2,96
715,64895,63.6299991607666,0.04166666666666663,6.875,0,0,96
716,64991,63.9333321750164,0.03125,7.229166666666667,0,0,96
717,65087,58.5216660797596,0.07291666666666663,7.239583333333333,0,2,96
718,65183,62.86999899148941,0.05208333333333337,6.875,0,0,96
719,65279,62.894998490810394,0.05208333333333337,6.84375,0,1,96
720,65375,71.68000000715256,0.0,6.0,0,0,96
721,65471,67.78666764497757,0.0625,5.520833333333333,0,0,96
722,65567,56.36333221197128,0.125,6.791666666666667,0,0,96
723,65663,67.63333374261856,0.04166666666666663,5.979166666666667,0,0,96
724,65759,62.476665019989014,0.05208333333333337,6.958333333333333,0,1,96
725,65855,60.28166680037975,0.11458333333333337,5.927083333333333,0,1,96
726,65951,67.77166670560837,0.0,6.677083333333333,0,0,96
727,66047,56.168332397937775,0.08333333333333337,7.385416666666667,0,3,96
728,66143,71.01333463191986,0.03125,5.291666666666667,0,1,96
729,66239,59.46499943733215,0.10416666666666663,6.46875,0,0,96
730,66335,67.65333420038223,0.05208333333333337,5.729166666666667,0,0,96
731,66431,64.05333316326141,0.05208333333333337,6.291666666666667,0,1,96
732,66527,69.2383334338665,0.01041666666666663,6.260416666666667,0,0,96
733,66623,60.68833261728287,0.04166666666666663,7.447916666666667,0,0,96
734,66719,63.406664967536926,0.04166666666666663,6.958333333333333,0,1,96
735,66815,70.74333399534225,0.01041666666666663,5.916666666666667,0,0,96
736,66911,59.70000033080578,0.13541666666666663,5.8125,0,0,96
737,67007,67.78166723251343,0.04166666666666663,5.927083333333333,0,0,96
738,67103,65.75999942421913,0.0,7.0,0,0,96
739,67199,64.57666656374931,0.0625,6.208333333333333,0,0,96
740,67295,50.906668089330196,0.22916666666666663,5.333333333333333,0,2,96
741,67391,61.314998880028725,0.0625,6.71875,0,2,96
742,67487,62.49666656553745,0.0625,6.708333333333333,0,0,96
743,67583,64.9599982202053,0.03125,7.0,0,0,96
744,67679,67.8266676068306,0.0625,5.520833333333333,0,0,96
745,67775,59.96666619181633,0.07291666666666663,6.770833333333333,0,2,96
746,67871,58.45999854803085,0.10416666666666663,6.8125,0,0,96
747,67967,66.38166549801826,0.02083333333333337,6.802083333333333,0,0,96
748,68063,70.19333332777023,0.0,6.291666666666667,0,0,96
749,68159,64.34333243966103,0.01041666666666663,7.354166666666667,0,0,96
750,68255,71.40333390235901,0.0,5.979166666666667,0,0,96
751,68351,56.0916668176651,0.13541666666666663,6.364583333333333,0,2,96
752,68447,68.67333370447159,0.03125,5.979166666666667,0,0,96
753,68543,61.73500016331673,0.10416666666666663,5.90625,0,1,96
754,68639,63.7749984562397,0.04166666666666663,6.96875,0,0,96
755,68735,64.64166596531868,0.04166666666666663,6.677083333333333,0,0,96
756,68831,71.90000009536743,0.0,6.0,0,0,96
757,68927,69.8366670012474,0.02083333333333337,5.958333333333333,0,0,96
758,69023,63.00333300232887,0.01041666666666663,7.791666666666667,0,0,96
759,69119,62.599999129772186,0.02083333333333337,7.5625,0,0,96
760,69215,65.32833337783813,0.04166666666666663,6.197916666666667,0,1,96
761,69311,63.89333254098892,0.0,7.729166666666667,0,0,96
762,69407,71.99333387613297,0.01041666666666663,5.729166666666667,0,0,96
763,69503,71.06000079214573,0.02083333333333337,5.5625,0,1,96
764,69599,58.380000315606594,0.04166666666666663,8.0,0,1,96
765,69695,59.76333427429199,0.02083333333333337,8.291666666666666,0,0,96
766,69791,63.85666698217392,0.08333333333333337,5.958333333333333,0,0,96
767,69887,66.83333383500576,0.04166666666666663,5.979166666666667,0,1,96
768,69983,53.05499991774559,0.17708333333333337,6.21875,0,1,96
769,70079,57.666665852069855,0.10416666666666663,6.770833333333333,0,1,96
770,70175,64.80999913811684,0.0,7.4375,0,0,96
771,70271,60.3083336353302,0.11458333333333337,6.010416666666667,0,0,96
772,70367,62.37333247065544,0.0625,6.729166666666667,0,0,96
773,70463,64.49666705727577,0.01041666666666663,7.583333333333333,0,0,96
774,70559,57.98333242535591,0.11458333333333337,6.666666666666667,0,0,96
775,70655,61.64333277195692,0.03125,7.354166666666667,0,1,96
776,70751,67.23000034689903,0.01041666666666663,6.75,0,0,96
777,70847,60.644999980926514,0.03125,7.71875,0,0,96
778,70943,62.113333493471146,0.01041666666666663,7.979166666666667,0,0,96
779,71039,66.5599984228611,0.01041666666666663,7.0625,0,0,96
780,71135,62.771665036678314,0.04166666666666663,7.177083333333333,0,0,96
781,71231,60.48333266377449,0.04166666666666663,7.541666666666667,0,0,96
782,71327,61.58166581392288,0.0625,6.989583333333333,0,0,96
783,71423,61.21333283185959,0.05208333333333337,7.166666666666667,0,0,96
784,71519,63.51833355426788,0.03125,7.072916666666667,0,0,96
785,71615,70.15833336114883,0.01041666666666663,6.072916666666667,0,0,96
786,71711,62.04833349585533,0.04166666666666663,7.322916666666667,0,0,96
787,71807,64.92833214998245,0.03125,6.885416666666667,0,0,96
788,71903,70.0433335006237,0.0,6.229166666666667,0,0,96
789,71999,60.9583320915699,0.07291666666666663,6.885416666666667,0,0,96
790,72095,64.05166536569595,0.0,7.614583333333333,0,0,96
791,72191,70.26666727662086,0.01041666666666663,5.895833333333333,0,1,96
792,72287,71.93833363056183,0.0,5.947916666666667,0,0,96
793,72383,68.831667304039,0.04166666666666663,5.739583333333333,0,0,96
794,72479,62.34166619181633,0.05208333333333337,6.802083333333333,0,0,96
795,72575,67.08500020205975,0.04166666666666663,5.96875,0,0,96
796,72671,70.61833396553993,0.02083333333333337,5.697916666666667,0,0,96
797,72767,63.673333287239075,0.08333333333333337,6.041666666666667,0,0,96
798,72863,66.41499918699265,0.0,7.09375,0,0,96
799,72959,61.20833367109299,0.05208333333333337,7.322916666666667,0,0,96
800,73055,68.8616668432951,0.03125,5.927083333333333,0,0,96
801,73151,70.73833400011063,0.01041666666666663,5.885416666666667,0,0,96
802,73247,59.61166563630104,0.04166666666666663,7.677083333333333,0,0,96
803,73343,57.97999942302704,0.08333333333333337,7.125,0,1,96
804,73439,65.31999856233597,0.02083333333333337,7.0625,0,0,96
805,73535,61.703332275152206,0.05208333333333337,7.041666666666667,0,0,96
806,73631,49.89666637033224,0.13541666666666663,7.833333333333333,0,1,96
807,73727,67.20000095665455,0.05208333333333337,5.75,0,0,96
808,73823,69.41499975323677,0.0,6.40625,0,0,96
809,73919,58.04166555404663,0.05208333333333337,7.864583333333333,0,0,96
810,74015,55.85999980568886,0.09375,7.375,0,1,96
811,74111,60.17166682332754,0.07291666666666663,6.739583333333333,0,2,96
812,74207,61.6183325573802,0.05208333333333337,7.072916666666667,0,1,96
813,74303,67.55499991774559,0.02083333333333337,6.40625,0,0,96
814,74399,63.32166577875614,0.05208333333333337,6.677083333333333,0,1,96
815,74495,55.813332468271255,0.125,6.916666666666667,0,0,96
816,74591,64.99166569113731,0.04166666666666663,6.614583333333333,0,0,96
817,74687,66.71500039100647,0.05208333333333337,5.96875,0,0,96
818,74783,60.504998594522476,0.07291666666666663,6.90625,0,1,96
819,74879,65.03999856114388,0.03125,6.8125,0,0,96
820,74975,54.10333248972893,0.11458333333333337,7.541666666666667,0,0,96
821,75071,60.82166539132595,0.0625,6.989583333333333,0,1,96
822,75167,60.406666338443756,0.09375,6.458333333333333,0,0,96
823,75263,58.3216665238142,0.05208333333333337,7.677083333333333,0,1,96
824,75359,62.046665370464325,0.0625,6.895833333333333,0,0,96
825,75455,57.6216666996479,0.14583333333333337,5.989583333333333,0,0,96
826,75551,52.01833242177963,0.15625,6.885416666666667,0,1,96
827,75647,64.37333425879478,0.08333333333333337,5.479166666666667,0,2,96
828,75743,69.10000067949295,0.04166666666666663,5.6875,0,0,96
829,75839,58.11833280324936,0.0625,7.635416666666667,0,1,96
830,75935,71.80000019073486,0.0,6.0,0,0,96
831,76031,66.41666716337204,0.0625,5.770833333333333,0,0,96
832,76127,62.33666679263115,0.01041666666666663,7.833333333333333,0,0,96
833,76223,71.94000005722046,0.0,6.0,0,0,96
834,76319,62.601666897535324,0.01041666666666663,7.802083333333333,0,0,96
835,76415,63.556665390729904,0.04166666666666663,6.958333333333333,0,0,96
836,76511,66.33999940752983,0.0,7.0,0,0,96
837,76607,65.99833261966705,0.01041666666666663,6.947916666666667,0,0,96
838,76703,59.75999968498945,0.03125,7.75,0,2,96
839,76799,55.48666512966156,0.13541666666666663,6.833333333333333,0,0,96
840,76895,65.95999816060066,0.02083333333333337,7.0,0,0,96
841,76991,60.76666647195816,0.04166666666666663,7.645833333333333,0,0,96
842,77087,73.56500113010406,0.0,5.53125,0,0,96
843,77183,58.703332275152206,0.09375,6.916666666666667,0,0,96
844,77279,66.26666504144669,0.02083333333333337,6.895833333333333,0,0,96
845,77375,66.66666600108147,0.01041666666666663,6.833333333333333,0,0,96
846,77471,57.25833213329315,0.10416666666666663,7.135416666666667,0,0,96
847,77567,63.01666575670242,0.03125,7.208333333333333,0,1,96
848,77663,65.04999896883965,0.01041666666666663,7.1875,0,0,96
849,77759,73.70000176131725,0.02083333333333337,5.0625,0,0,96
850,77855,68.3999994546175,0.01041666666666663,6.375,0,1,96
851,77951,51.141666889190674,0.21875,5.864583333333333,0,0,96
852,78047,65.76833349466324,0.03125,6.322916666666667,0,1,96
853,78143,63.80666559934616,0.04166666666666663,6.895833333333333,0,0,96
854,78239,58.75499998778105,0.0625,7.59375,0,1,96
855,78335,64.75499922037125,0.04166666666666663,6.46875,0,1,96
856,78431,48.248332381248474,0.20833333333333337,6.885416666666667,0,0,96
857,78527,68.7983333170414,0.02083333333333337,6.197916666666667,0,0,96
858,78623,61.814998775720596,0.02083333333333337,7.65625,0,0,96
859,78719,65.16166517138481,0.02083333333333337,6.864583333333333,0,2,96
860,78815,66.13166606426239,0.02083333333333337,6.739583333333333,0,0,96
861,78911,71.77500033378601,0.0,5.96875,0,0,96
862,79007,60.883333683013916,0.10416666666666663,6.166666666666667,0,0,96
863,79103,65.58833193778992,0.02083333333333337,6.885416666666667,0,0,96
864,79199,64.37666648626328,0.02083333333333337,6.958333333333333,0,0,96
865,79295,69.01000022888184,0.0,6.4375,0,0,96
866,79391,57.45999963581562,0.0625,7.625,0,1,96
867,79487,65.79500025510788,0.05208333333333337,5.96875,0,1,96
868,79583,64.24166595935822,0.02083333333333337,7.364583333333333,0,0,96
869,79679,69.88499993085861,0.0,6.34375,0,0,96
870,79775,65.29999911785126,0.02083333333333337,6.9375,0,0,96
871,79871,56.8133319914341,0.11458333333333337,6.979166666666667,0,0,96
872,79967,63.21666592359543,0.03125,7.270833333333333,0,0,96
873,80063,56.144999109208584,0.08333333333333337,7.53125,0,1,96
874,80159,71.29000061750412,0.0,6.0,0,0,96
875,80255,63.3933335095644,0.04166666666666663,6.729166666666667,0,1,96
876,80351,65.98666620254517,0.0,7.083333333333333,0,0,96
877,80447,54.989999294281006,0.11458333333333337,7.3125,0,0,96
878,80543,65.32499934732914,0.04166666666666663,6.53125,0,0,96
879,80639,59.56166674941778,0.10416666666666663,6.364583333333333,0,1,96
880,80735,65.343332529068,0.0,7.229166666666667,0,0,96
881,80831,69.61500045657158,0.02083333333333337,5.96875,0,0,96
882,80927,65.0166657269001,0.03125,6.833333333333333,0,0,96
883,81023,64.95333203673363,0.04166666666666663,6.729166666666667,0,0,96
884,81119,66.47000062465668,0.0625,5.75,0,0,96
885,81215,64.84999914467335,0.02083333333333337,6.9375,0,0,96
886,81311,65.10166546702385,0.01041666666666663,7.239583333333333,0,0,96
887,81407,63.20833241939545,0.0625,6.635416666666667,0,0,96
888,81503,64.42666587233543,0.03125,6.958333333333333,0,0,96
889,81599,60.749999314546585,0.03125,7.8125,0,0,96
890,81695,59.56999897956848,0.10416666666666663,6.5625,0,0,96
891,81791,67.82333391904831,0.04166666666666663,5.916666666666667,0,0,96
892,81887,64.3633319735527,0.01041666666666663,7.416666666666667,0,0,96
893,81983,56.96333222091198,0.11458333333333337,6.666666666666667,0,1,96
894,82079,59.89166720956564,0.02083333333333337,8.052083333333334,0,1,96
895,82175,72.3566672205925,0.0,5.833333333333333,0,0,96
896,82271,67.65833416581154,0.03125,6.010416666666667,0,0,96
897,82367,57.864999175071716,0.04166666666666663,7.90625,0,1,96
898,82463,63.419999837875366,0.05208333333333337,6.5,0,1,96
899,82559,62.968333303928375,0.0,8.010416666666666,0,0,96
900,82655,64.52000100910664,0.08333333333333337,5.5625,0,1,96
901,82751,60.58666601777077,0.0625,6.895833333333333,0,1,96
902,82847,67.36166647076607,0.0,6.739583333333333,0,0,96
903,82943,64.84833160042763,0.03125,7.010416666666667,0,0,96
904,83039,68.02166682481766,0.0,6.614583333333333,0,0,96
905,83135,66.57833281159401,0.01041666666666663,6.822916666666667,0,0,96
906,83231,61.63999956846237,0.04166666666666663,7.25,0,1,96
907,83327,68.75833338499069,0.02083333333333337,6.135416666666667,0,0,96
908,83423,66.26000040769577,0.04166666666666663,6.25,0,0,96
909,83519,69.07833343744278,0.02083333333333337,6.072916666666667,0,0,96
910,83615,49.2899996638298,0.20833333333333337,6.5625,0,0,96
911,83711,63.63999950885773,0.04166666666666663,6.6875,0,1,96
912,83807,63.02333202958107,0.03125,7.166666666666667,0,0,96
913,83903,63.83666688203812,0.01041666666666663,7.583333333333333,0,0,96
914,83999,62.323331862688065,0.01041666666666663,7.791666666666667,0,0,96
915,84095,66.39333346486092,0.03125,6.291666666666667,0,1,96
916,84191,61.464999578893185,0.01041666666666663,7.96875,0,1,96
917,84287,62.914999425411224,0.03125,7.28125,0,0,96
918,84383,72.12000048160553,0.0,5.875,0,0,96
919,84479,67.04666712880135,0.05208333333333337,5.895833333333333,0,0,96
920,84575,55.698332607746124,0.10416666666666663,7.135416666666667,0,2,96
921,84671,58.28333321213722,0.05208333333333337,7.854166666666667,0,0,96
922,84767,65.29666584730148,0.03125,6.645833333333333,0,0,96
923,84863,60.30166655778885,0.07291666666666663,6.927083333333333,0,0,96
924,84959,71.28333413600922,0.0,5.916666666666667,0,0,96
925,85055,53.61999981850386,0.08333333333333337,7.9375,0,2,96
926,85151,66.35666638612747,0.02083333333333337,6.770833333333333,0,0,96
927,85247,63.3449983894825,0.04166666666666663,6.90625,0,1,96
928,85343,61.69333243370056,0.03125,7.541666666666667,0,0,96
929,85439,63.38166531920433,0.05208333333333337,6.802083333333333,0,0,96
930,85535,66.79166704416275,0.04166666666666663,6.114583333333333,0,0,96
931,85631,62.44833263754845,0.02083333333333337,7.510416666666667,0,0,96
932,85727,61.92333227396011,0.03125,7.416666666666667,0,0,96
933,85823,62.27999895811081,0.03125,7.375,0,1,96
934,85919,57.53833235055208,0.05208333333333337,7.510416666666667,0,3,96
935,86015,65.2133329063654,0.01041666666666663,6.916666666666667,0,1,96
936,86111,56.469999216496944,0.08333333333333337,7.3125,0,2,96
937,86207,63.283333241939545,0.0625,6.416666666666667,0,0,96
938,86303,62.013332545757294,0.03125,7.354166666666667,0,0,96
939,86399,59.09999969601631,0.0625,7.4375,0,0,96
940,86495,66.4783328473568,0.0,6.947916666666667,0,0,96
941,86591,64.20166650414467,0.03125,6.614583333333333,0,2,96
942,86687,66.448332965374,0.0,6.885416666666667,0,0,96
943,86783,67.27333356067538,0.03125,6.041666666666667,0,1,96
944,86879,65.59499989449978,0.04166666666666663,6.28125,0,1,96
945,86975,66.58499848842621,0.0,7.21875,0,0,96
946,87071,57.58333369344473,0.0625,7.666666666666667,0,2,96
947,87167,56.04666520655155,0.11458333333333337,6.895833333333333,0,2,96
948,87263,63.738333106040955,0.0,7.822916666666667,0,0,96
949,87359,66.64833283424377,0.0,6.822916666666667,0,1,96
950,87455,59.55833291262388,0.04166666666666663,7.760416666666667,0,1,96
951,87551,64.3916665315628,0.0,7.739583333333333,0,0,96
952,87647,72.05166798830032,0.02083333333333337,5.302083333333333,0,1,96
953,87743,67.96166658401489,0.0,6.614583333333333,0,0,96
954,87839,67.41833397746086,0.03125,5.947916666666667,0,2,96
955,87935,64.88999953866005,0.04166666666666663,6.4375,0,1,96
956,88031,62.48833256959915,0.02083333333333337,7.385416666666667,0,2,96
957,88127,61.43833267688751,0.03125,7.572916666666667,0,1,96
958,88223,71.27333408594131,0.0,5.979166666666667,0,0,96
959,88319,63.29166555404663,0.04166666666666663,7.114583333333333,0,0,96
960,88415,60.76499889791012,0.04166666666666663,7.34375,0,1,96
961,88511,66.39999961853027,0.0,7.0,0,0,96
962,88607,68.18000000715256,0.0,6.625,0,0,96
963,88703,64.05999881029129,0.03125,7.125,0,0,96
964,88799,68.673333927989,0.02083333333333337,6.041666666666667,0,0,96
965,88895,64.31666669249535,0.05208333333333337,6.270833333333333,0,1,96
966,88991,59.09166577458382,0.05208333333333337,7.677083333333333,0,0,96
967,89087,67.5150002092123,0.03125,6.03125,0,1,96
968,89183,69.09333330392838,0.0,6.479166666666667,0,0,96
969,89279,62.256666243076324,0.07291666666666663,6.458333333333333,0,0,96
970,89375,60.57999926805496,0.04166666666666663,7.5625,0,0,96
971,89471,64.27833211421967,0.01041666666666663,7.385416666666667,0,1,96
972,89567,66.0900000333786,0.04166666666666663,6.1875,0,1,96
973,89663,63.41999897360802,0.04166666666666663,6.9375,0,0,96
974,89759,62.136665642261505,0.0625,6.833333333333333,0,0,96
975,89855,67.24333360791206,0.03125,6.229166666666667,0,0,96
976,89951,67.64499992132187,0.0,6.71875,0,0,96
977,90047,65.26666530966759,0.02083333333333337,6.958333333333333,0,0,96
978,90143,60.66999924182892,0.07291666666666663,6.75,0,1,96
979,90239,63.60166546702385,0.01041666666666663,7.614583333333333,0,0,96
980,90335,62.46333255618811,0.04166666666666663,7.041666666666667,0,1,96
981,90431,70.1849994957447,0.0,6.28125,0,0,96
982,90527,58.64833199232817,0.04166666666666663,7.760416666666667,0,1,96
983,90623,63.50666582584381,0.03125,7.145833333333333,0,1,96
984,90719,67.44166687130928,0.03125,6.177083333333333,0,0,96
985,90815,63.17333263158798,0.04166666666666663,7.104166666666667,0,0,96
986,90911,60.99166730046272,0.01041666666666663,8.114583333333334,0,0,96
987,91007,61.71666580438614,0.02083333333333337,7.645833333333333,0,0,96
988,91103,67.63499879837036,0.0,6.96875,0,0,96
989,91199,67.59999820590019,0.0,7.0,0,0,96
990,91295,68.13666725158691,0.03125,6.020833333333333,0,0,96
991,91391,67.87999820709229,0.0,7.0,0,0,96
992,91487,63.19666587561369,0.03125,7.145833333333333,0,1,96
993,91583,64.27833297848701,0.05208333333333337,6.510416666666667,0,0,96
994,91679,66.20166525244713,0.01041666666666663,7.052083333333333,0,0,96
995,91775,66.9133326113224,0.01041666666666663,6.729166666666667,0,0,96
996,91871,60.04833182692528,0.07291666666666663,6.947916666666667,0,1,96
997,91967,64.01333248615265,0.03125,6.979166666666667,0,0,96
998,92063,61.14166596531868,0.04166666666666663,7.427083333333333,0,1,96
999,92159,59.378332674503326,0.04166666666666663,7.822916666666667,0,0,96
1000,92255,66.71666696667671,0.03125,6.333333333333333,0,0,96
1001,92351,61.98833250999451,0.03125,7.510416666666667,0,0,96
1002,92447,62.03333470225334,0.01041666666666663,8.104166666666666,0,0,96
1003,92543,67.23499894142151,0.0,6.96875,0,0,96
1004,92639,62.78999853134155,0.03125,7.3125,0,0,96
1005,92735,59.04833296686411,0.03125,7.572916666666667,0,5,96
1006,92831,66.593332529068,0.0,7.291666666666667,0,0,96
1007,92927,66.82999953627586,0.02083333333333337,6.5,0,1,96
1008,93023,63.013331919908524,0.02083333333333337,7.479166666666667,0,0,96
1009,93119,62.514999121427536,0.04166666666666663,6.96875,0,1,96
1010,93215,66.17166590690613,0.01041666666666663,6.927083333333333,0,0,96
1011,93311,61.16833284497261,0.04166666666666663,7.510416666666667,0,0,96
1012,93407,64.61499866843224,0.03125,6.96875,0,0,96
1013,93503,58.24999921768904,0.05208333333333337,7.6875,0,1,96
1014,93599,66.47666612267494,0.0,6.958333333333333,0,1,96
1015,93695,69.07000041007996,0.02083333333333337,6.0625,0,0,96
1016,93791,67.4783336520195,0.03125,6.197916666666667,0,0,96
1017,93887,62.20833200216293,0.0625,6.885416666666667,0,0,96
1018,93983,69.99333375692368,0.01041666666666663,5.979166666666667,0,0,96
1019,94079,63.75833224505186,0.02083333333333337,7.197916666666667,0,1,96
1020,94175,66.77666640281677,0.03125,6.395833333333333,0,0,96
1021,94271,66.14166614413261,0.03125,6.552083333333333,0,0,96
1022,94367,65.57833337783813,0.02083333333333337,6.822916666666667,0,0,96
1023,94463,60.30666642636061,0.07291666666666663,6.645833333333333,0,2,96
1024,94559,58.61499922722578,0.08333333333333337,7.03125,0,1,96
1025,94655,62.5716652572155,0.04166666666666663,7.177083333333333,0,0,96
1026,94751,61.71999962627888,0.0625,6.5,0,3,96
1027,94847,57.84666568785906,0.07291666666666663,7.083333333333333,0,4,96
1028,94943,64.63666671514511,0.04166666666666663,6.395833333333333,0,1,96
1029,95039,64.6733323931694,0.02083333333333337,7.229166666666667,0,0,96
1030,95135,70.85999995470047,0.0,6.1875,0,0,96
1031,95231,63.12333234399557,0.03125,7.166666666666667,0,1,96
1032,95327,66.02833288908005,0.02083333333333337,6.447916666666667,0,3,96
1033,95423,60.496666342020035,0.08333333333333337,6.583333333333333,0,0,96
1034,95519,66.47999954223633,0.0,7.0,0,0,96
1035,95615,61.486665949225426,0.04166666666666663,7.020833333333333,0,3,96
1036,95711,63.806666046381,0.05208333333333337,6.583333333333333,0,0,96
1037,95807,65.75333270430565,0.0,7.166666666666667,0,0,96
1038,95903,63.89499884843826,0.04166666666666663,6.90625,0,0,96
1039,95999,64.90999966859818,0.01041666666666663,7.375,0,0,96
1040,96095,61.92666581273079,0.05208333333333337,7.020833333333333,0,0,96
1041,96191,63.00666608661413,0.04166666666666663,6.770833333333333,0,1,96
1042,96287,63.47999890893698,0.02083333333333337,7.1875,0,2,96
1043,96383,60.84166547656059,0.04166666666666663,7.427083333333333,0,1,96
1044,96479,62.48333176970482,0.05208333333333337,6.916666666666667,0,1,96
1045,96575,60.17166571319103,0.0625,6.927083333333333,0,2,96
1046,96671,66.30333340167999,0.03125,6.291666666666667,0,0,96
1047,96767,69.42499908804893,0.0,6.53125,0,0,96
1048,96863,63.80333223938942,0.03125,7.166666666666667,0,0,96
1049,96959,67.82500004768372,0.02083333333333337,6.34375,0,0,96
1050,97055,67.55666515231133,0.01041666666666663,6.833333333333333,0,0,96
1051,97151,63.30166518688202,0.04166666666666663,7.052083333333333,0,0,96
1052,97247,63.37833346426487,0.05208333333333337,6.260416666666667,0,3,96
1053,97343,69.98833388090134,0.0,6.010416666666667,0,2,96
1054,97439,64.5550002604723,0.03125,6.53125,0,1,96
1055,97535,62.17833250761032,0.04166666666666663,7.072916666666667,0,0,96
1056,97631,61.776666432619095,0.02083333333333337,7.770833333333333,0,0,96
1057,97727,53.53666749596596,0.10416666666666663,7.895833333333333,0,0,96
1058,97823,52.088333517313,0.14583333333333337,7.135416666666667,0,2,96
1059,97919,60.9966661259532,0.02083333333333337,7.770833333333333,0,1,96
1060,98015,62.96499885618687,0.04166666666666663,7.03125,0,1,96
1061,98111,71.26833330094814,0.0,6.010416666666667,0,1,96
1062,98207,54.524998754262924,0.14583333333333337,6.84375,0,0,96
1063,98303,70.3999992609024,0.0,6.375,0,0,96
1064,98399,69.74500019848347,0.01041666666666663,5.96875,0,2,96
1065,98495,70.63333374261856,0.01041666666666663,5.979166666666667,0,0,96
1066,98591,63.513332933187485,0.03125,6.916666666666667,0,1,96
1067,98687,60.14666658639908,0.0625,7.395833333333333,0,0,96
1068,98783,41.568333491683006,0.28125,6.635416666666667,0,1,96
1069,98879,66.05999970436096,0.0,7.3125,0,0,96
1070,98975,63.158332124352455,0.04166666666666663,6.822916666666667,0,2,96
1071,99071,61.44166749715805,0.03125,7.614583333333333,0,0,96
1072,99167,61.935000240802765,0.02083333333333337,7.71875,0,0,96
1073,99263,59.1349995136261,0.0625,7.21875,0,3,96
1074,99359,59.78333356976509,0.0625,7.166666666666667,0,2,96
1075,99455,68.05166614055634,0.0,6.739583333333333,0,0,96
1076,99551,62.4433319196105,0.04166666666666663,7.104166666666667,0,1,96
1077,99647,68.78333351016045,0.03125,5.979166666666667,0,0,96
1078,99743,59.80499930679798,0.02083333333333337,7.78125,0,2,96
1079,99839,66.35499858856201,0.01041666666666663,6.96875,0,0,96
1080,99935,71.93333345651627,0.0,5.979166666666667,0,0,96
1081,100031,61.71000027656555,0.03125,7.6875,0,0,96
1082,100127,61.061666280031204,0.05208333333333337,7.302083333333333,0,0,96
1083,100223,59.59999865293503,0.08333333333333337,6.9375,0,0,96
1084,100319,59.430000469088554,0.11458333333333337,5.875,0,3,96
1085,100415,59.50333249568939,0.08333333333333337,6.916666666666667,0,0,96
1086,100511,62.28499889373779,0.07291666666666663,6.65625,0,0,96
1087,100607,60.03499838709831,0.08333333333333337,6.96875,0,0,96
1088,100703,66.6116669178009,0.02083333333333337,6.302083333333333,0,2,96
1089,100799,65.41833293437958,0.04166666666666663,6.385416666666667,0,1,96
1090,100895,63.19166707992554,0.01041666666666663,7.552083333333333,0,1,96
1091,100991,65.20166620612144,0.0,7.489583333333333,0,0,96
1092,101087,51.01333348453045,0.13541666666666663,7.479166666666667,0,1,96
1093,101183,62.841666132211685,0.05208333333333337,6.677083333333333,0,1,96
1094,101279,68.22499895095825,0.0,6.78125,0,0,96
1095,101375,65.33499884605408,0.02083333333333337,7.09375,0,0,96
1096,101471,69.85166746005416,0.0,5.864583333333333,0,2,96
1097,101567,64.65833213925362,0.01041666666666663,7.135416666666667,0,2,96
1098,101663,66.81499934196472,0.0,6.96875,0,0,96
1099,101759,65.9116659462452,0.0,7.052083333333333,0,1,96
1100,101855,64.66999924182892,0.03125,6.9375,0,0,96
1101,101951,67.81666693091393,0.03125,6.083333333333333,0,0,96
1102,102047,62.54333236813545,0.04166666666666663,7.166666666666667,0,1,96
1103,102143,64.27833183854818,0.02083333333333337,7.135416666666667,0,1,96
1104,102239,68.03666591644287,0.0,6.770833333333333,0,0,96
1105,102335,68.27666682004929,0.03125,6.020833333333333,0,0,96
1106,102431,65.22499819099903,0.02083333333333337,6.96875,0,1,96
1107,102527,66.63499894738197,0.02083333333333337,6.71875,0,0,96
1108,102623,62.97499907016754,0.04166666666666663,7.09375,0,0,96
1109,102719,66.1483328640461,0.01041666666666663,7.135416666666667,0,0,96
1110,102815,58.196666426956654,0.09375,6.583333333333333,0,3,96
1111,102911,63.093333423137665,0.0625,6.541666666666667,0,0,96
1112,103007,65.9250001758337,0.04166666666666663,6.09375,0,2,96
1113,103103,64.87999866902828,0.03125,6.8125,0,1,96
1114,103199,57.40499921888113,0.07291666666666663,7.46875,0,2,96
1115,103295,62.76333251595497,0.01041666666666663,7.791666666666667,0,0,96
1116,103391,61.22666673362255,0.0625,6.770833333333333,0,1,96
1117,103487,71.65666717290878,0.0,5.958333333333333,0,0,96
1118,103583,61.21499874442816,0.05208333333333337,7.09375,0,1,96
1119,103679,60.16833287477493,0.07291666666666663,7.072916666666667,0,0,96
1120,103775,68.30999973416328,0.02083333333333337,6.3125,0,0,96
1121,103871,65.92499861121178,0.01041666666666663,7.15625,0,0,96
1122,103967,65.91666706651449,0.04166666666666663,6.145833333333333,0,1,96
1123,104063,61.236665308475494,0.05208333333333337,7.083333333333333,0,1,96
1124,104159,63.87166641652584,0.05208333333333337,6.364583333333333,0,2,96
1125,104255,71.23500084877014,0.0,5.96875,0,0,96
1126,104351,71.42000025510788,0.0,6.0,0,0,96
1127,104447,61.3616663813591,0.04166666666666663,7.364583333333333,0,1,96
1128,104543,51.91333267092705,0.15625,7.104166666666667,0,0,96
1129,104639,57.54666590690613,0.10416666666666663,7.020833333333333,0,0,96
1130,104735,58.243331998586655,0.09375,7.104166666666667,0,0,96
1131,104831,66.49333411455154,0.07291666666666663,5.604166666666667,0,0,96
1132,104927,63.66166615486145,0.04166666666666663,6.802083333333333,0,1,96
1133,105023,60.65833280980587,0.05208333333333337,7.135416666666667,0,2,96
1134,105119,61.15166646242142,0.02083333333333337,7.927083333333333,0,0,96
1135,105215,65.3216669857502,0.03125,6.489583333333333,0,0,96
1136,105311,61.78999900817871,0.05208333333333337,7.125,0,0,96
1137,105407,64.69999921321869,0.03125,6.9375,0,0,96
1138,105503,58.26166611909866,0.05208333333333337,7.802083333333333,0,1,96
1139,105599,67.00666755437851,0.0625,5.645833333333333,0,0,96
1140,105695,56.628332167863846,0.11458333333333337,6.947916666666667,0,0,96
1141,105791,59.44999894499779,0.09375,6.75,0,0,96
1142,105887,63.519999504089355,0.0625,6.5,0,0,96
1143,105983,60.07666680216789,0.04166666666666663,7.770833333333333,0,0,96
1144,106079,63.53499957919121,0.05208333333333337,6.59375,0,0,96
1145,106175,66.85999917984009,0.0,7.0,0,0,96
1146,106271,61.32333378493786,0.10416666666666663,5.916666666666667,0,1,96
1147,106367,69.35833470523357,0.05208333333333337,5.322916666666667,0,0,96
1148,106463,63.568332612514496,0.04166666666666663,7.010416666666667,0,0,96
1149,106559,52.20333307981491,0.17708333333333337,6.416666666666667,0,1,96
1150,106655,60.30000041425228,0.125,5.75,0,1,96
1151,106751,66.15333285927773,0.03125,6.479166666666667,0,0,96
1152,106847,66.90666723251343,0.05208333333333337,5.895833333333333,0,0,96
1153,106943,58.444998383522034,0.09375,6.96875,0,1,96
1154,107039,62.58499878644943,0.05208333333333337,6.90625,0,0,96
1155,107135,69.86499974131584,0.01041666666666663,6.21875,0,0,96
1156,107231,65.97666719555855,0.05208333333333337,6.020833333333333,0,0,96
1157,107327,61.059999600052834,0.07291666666666663,6.625,0,0,96
1158,107423,63.92166543006897,0.03125,7.052083333333333,0,0,96
1159,107519,64.60833221673965,0.03125,6.885416666666667,0,0,96
1160,107615,64.69166564941406,0.04166666666666663,6.739583333333333,0,0,96
1161,107711,68.07499861717224,0.01041666666666663,6.71875,0,0,96
1162,107807,56.14833325147629,0.125,6.822916666666667,0,0,96
1163,107903,63.208332777023315,0.03125,7.072916666666667,0,1,96
1164,107999,70.53166711330414,0.01041666666666663,5.927083333333333,0,0,96
1165,108095,68.71000015735626,0.02083333333333337,6.1875,0,0,96
1166,108191,61.304999336600304,0.08333333333333337,6.40625,0,1,96
1167,108287,64.95166704058647,0.05208333333333337,6.177083333333333,0,1,96
1168,108383,66.15833231806755,0.03125,6.635416666666667,0,0,96
1169,108479,66.91333204507828,0.02083333333333337,6.729166666666667,0,0,96
1170,108575,70.57833391427994,0.01041666666666663,5.947916666666667,0,0,96
1171,108671,64.81499895453453,0.03125,6.90625,0,0,96
1172,108767,67.19000002741814,0.04166666666666663,6.0,0,1,96
1173,108863,61.19999861717224,0.0625,6.9375,0,1,96
1174,108959,59.49999842047691,0.08333333333333337,6.9375,0,1,96
1175,109055,54.188332490623,0.10416666666666663,7.385416666666667,0,2,96
1176,109151,66.61166658997536,0.03125,6.302083333333333,0,1,96
1177,109247,64.50833356380463,0.0625,6.135416666666667,0,1,96
1178,109343,69.13666695356369,0.02083333333333337,6.020833333333333,0,0,96
1179,109439,62.35666561126709,0.03125,7.020833333333333,0,3,96
1180,109535,65.30166554450989,0.03125,6.802083333333333,0,0,96
1181,109631,58.059998869895935,0.08333333333333337,7.25,0,0,96
1182,109727,58.95833331346512,0.08333333333333337,7.072916666666667,0,0,96
1183,109823,67.5183329731226,0.0,6.697916666666667,0,1,96
1184,109919,64.89333230257034,0.02083333333333337,6.979166666666667,0,0,96
1185,110015,63.67833259701729,0.03125,7.197916666666667,0,0,96
1186,110111,67.76666720211506,0.0,6.583333333333333,0,1,96
1187,110207,58.348333179950714,0.0625,7.697916666666667,0,0,96
1188,110303,59.4116665571928,0.04166666666666663,7.677083333333333,0,2,96
1189,110399,70.0383338779211,0.01041666666666663,5.947916666666667,0,1,96
1190,110495,62.370000422000885,0.03125,7.5625,0,0,96
1191,110591,63.89999970048666,0.04166666666666663,6.6875,0,1,96
1192,110687,70.8200004696846,0.01041666666666663,5.9375,0,0,96
1193,110783,62.073332607746124,0.02083333333333337,7.729166666666667,0,0,96
1194,110879,69.16333362460136,0.0,6.354166666666667,0,0,96
1195,110975,71.46166783571243,0.0,5.864583333333333,0,0,96
1196,111071,61.59999933838844,0.05208333333333337,7.0,0,0,96
1197,111167,65.38833277672529,0.02083333333333337,6.885416666666667,0,1,96
1198,111263,64.81833228468895,0.02083333333333337,7.072916666666667,0,0,96
1199,111359,60.95499950647354,0.04166666666666663,7.28125,0,1,96
1200,111455,68.9699998497963,0.0,6.5,0,0,96
1201,111551,69.90166728198528,0.0,6.114583333333333,0,1,96
1202,111647,64.17833241820335,0.01041666666666663,7.260416666666667,0,1,96
1203,111743,66.71499991416931,0.04166666666666663,6.15625,0,0,96
1204,111839,59.758333168923855,0.05208333333333337,7.447916666666667,0,1,96
1205,111935,60.644999876618385,0.04166666666666663,7.21875,0,2,96
1206,112031,66.62166694924235,0.02083333333333337,6.302083333333333,0,1,96
1207,112127,66.05833385884762,0.05208333333333337,5.947916666666667,0,1,96
1208,112223,69.8933334350586,0.0,6.291666666666667,0,0,96
1209,112319,70.47666734457016,0.01041666666666663,5.958333333333333,0,0,96
1210,112415,65.97000035643578,0.04166666666666663,6.1875,0,1,96
1211,112511,59.74666615575552,0.0625,7.083333333333333,0,1,96
1212,112607,58.511665999889374,0.09375,6.802083333333333,0,1,96
1213,112703,62.05499893426895,0.05208333333333337,7.03125,0,0,96
1214,112799,52.68166559934616,0.15625,6.927083333333333,0,0,96
1215,112895,71.53166729211807,0.0,5.927083333333333,0,0,96
1216,112991,60.42833262681961,0.05208333333333337,7.322916666666667,0,1,96
1217,113087,71.37833416461945,0.0,5.947916666666667,0,0,96
1218,113183,62.899998635053635,0.05208333333333337,6.9375,0,0,96
1219,113279,69.71166658401489,0.0,6.364583333333333,0,0,96
1220,113375,66.16833263635635,0.03125,6.510416666666667,0,0,96
1221,113471,71.14166754484177,0.0,5.927083333333333,0,0,96
1222,113567,64.51833283901215,0.0,7.697916666666667,0,0,96
1223,113663,67.71500018239021,0.03125,6.15625,0,0,96
1224,113759,64.10666696727276,0.08333333333333337,5.895833333333333,0,0,96
1225,113855,65.13833168148994,0.02083333333333337,7.010416666666667,0,1,96
1226,113951,63.703333757817745,0.0625,6.291666666666667,0,1,96
1227,114047,62.656667709350586,0.04166666666666663,6.958333333333333,0,2,96
1228,114143,69.82666690647602,0.01041666666666663,6.020833333333333,0,1,96
1229,114239,69.13333309814334,0.0,6.291666666666667,0,1,96
1230,114335,67.03666687011719,0.03125,6.020833333333333,0,2,96
1231,114431,59.06333202123642,0.09375,6.854166666666667,0,0,96
1232,114527,62.80499941110611,0.05208333333333337,6.53125,0,2,96
1233,114623,63.54166677594185,0.0625,6.239583333333333,0,1,96
1234,114719,66.70166590809822,0.01041666666666663,6.739583333333333,0,1,96
1235,114815,71.280000269413,0.0,6.0625,0,0,96
1236,114911,67.06833320856094,0.03125,6.322916666666667,0,0,96
1237,115007,63.608334094285965,0.01041666666666663,7.697916666666667,0,0,96
1238,115103,63.15166547894478,0.02083333333333337,7.302083333333333,0,0,96
1239,115199,67.95166677236557,0.02083333333333337,6.302083333333333,0,0,96
1240,115295,64.07833188772202,0.03125,7.072916666666667,0,0,96
1241,115391,62.40666565299034,0.04166666666666663,7.208333333333333,0,1,96
1242,115487,61.07999873161316,0.05208333333333337,7.0625,0,1,96
1243,115583,66.73666521906853,0.01041666666666663,6.958333333333333,0,0,96
1244,115679,66.02833271026611,0.0,7.322916666666667,0,0,96
1245,115775,60.55999866127968,0.04166666666666663,7.5625,0,0,96
1246,115871,62.73000019043684,0.0625,6.1875,0,3,96
1247,115967,67.49666750431061,0.03125,6.083333333333333,0,0,96
1248,116063,63.00166543573141,0.03125,7.177083333333333,0,1,96
1249,116159,60.35999999940395,0.02083333333333337,7.875,0,2,96
1250,116255,65.09166723489761,0.03125,6.739583333333333,0,0,96
1251,116351,64.76833268254995,0.01041666666666663,7.135416666666667,0,1,96
1252,116447,62.478334337472916,0.01041666666666663,7.947916666666667,0,0,96
1253,116543,62.733333736658096,0.01041666666666663,7.854166666666667,0,0,96
1254,116639,62.41000033915043,0.08333333333333337,5.875,0,3,96
1255,116735,67.46833354234695,0.03125,6.197916666666667,0,0,96
1256,116831,64.36999908089638,0.03125,7.0625,0,0,96
1257,116927,66.51999950408936,0.0,7.0,0,0,96
1258,117023,58.50166525691748,0.08333333333333337,6.927083333333333,0,2,96
1259,117119,65.55666556954384,0.02083333333333337,6.895833333333333,0,0,96
1260,117215,65.6083323508501,0.02083333333333337,6.885416666666667,0,1,96
1261,117311,66.39000014960766,0.04166666666666663,6.0625,0,1,96
1262,117407,66.00499957799911,0.03125,6.53125,0,0,96
1263,117503,66.2949990183115,0.01041666666666663,6.84375,0,1,96
1264,117599,65.58999972045422,0.02083333333333337,6.6875,0,1,96
1265,117695,59.461666740477085,0.08333333333333337,6.614583333333333,0,2,96
1266,117791,71.82000017166138,0.0,6.0,0,0,96
1267,117887,61.851665280759335,0.05208333333333337,7.052083333333333,0,1,96
1268,117983,70.01833401620388,0.01041666666666663,5.885416666666667,0,1,96
1269,118079,61.63333227485418,0.04166666666666663,7.229166666666667,0,1,96
1270,118175,62.764999866485596,0.03125,7.21875,0,1,96
1271,118271,60.20833345502615,0.09375,6.260416666666667,0,1,96
1272,118367,62.69500082731247,0.01041666666666663,7.96875,0,0,96
1273,118463,61.839998960494995,0.05208333333333337,6.75,0,2,96
1274,118559,67.08500072360039,0.03125,6.03125,0,1,96
1275,118655,51.14000031352043,0.15625,7.375,0,0,96
1276,118751,59.84999905526638,0.0625,6.9375,0,3,96
1277,118847,70.08166714012623,0.0,6.114583333333333,0,1,96
1278,118943,61.22500014305115,0.05208333333333337,7.15625,0,1,96
1279,119039,62.60333248972893,0.03125,7.229166666666667,0,0,96
1280,119135,63.17833188176155,0.04166666666666663,6.947916666666667,0,1,96
1281,119231,65.43833327293396,0.02083333333333337,6.947916666666667,0,0,96
1282,119327,54.911666326224804,0.07291666666666663,7.927083333333333,0,2,96
1283,119423,65.76333305239677,0.04166666666666663,6.416666666666667,0,0,96
1284,119519,70.45833420753479,0.0,6.072916666666667,0,0,96
1285,119615,62.67333447933197,0.01041666666666663,7.854166666666667,0,0,96
1286,119711,67.91500023007393,0.02083333333333337,6.28125,0,0,96
1287,119807,65.62333190441132,0.02083333333333337,6.979166666666667,0,0,96
1288,119903,63.23166620731354,0.01041666666666663,7.677083333333333,0,0,96
1289,119999,63.9316668510437,0.02083333333333337,7.302083333333333,0,0,96
1290,120095,63.74833204597235,0.01041666666666663,7.447916666666667,0,1,96
1291,120191,69.21833324432373,0.0,6.385416666666667,0,0,96
1292,120287,61.7433330565691,0.05208333333333337,6.791666666666667,0,1,96
1293,120383,65.76833376288414,0.04166666666666663,6.135416666666667,0,1,96
1294,120479,63.70666601508856,0.04166666666666663,6.645833333333333,0,2,96
1295,120575,64.1866654753685,0.03125,6.895833333333333,0,1,96
1296,120671,66.84666633605957,0.02083333333333337,6.520833333333333,0,0,96
1297,120767,61.12833311408758,0.02083333333333337,7.760416666666667,0,1,96
1298,120863,64.05000048875809,0.01041666666666663,7.5625,0,0,96
1299,120959,62.719999969005585,0.02083333333333337,7.4375,0,2,96
1300,121055,69.84666679799557,0.0,6.208333333333333,0,1,96
1301,121151,67.78166690468788,0.02083333333333337,6.302083333333333,0,0,96
1302,121247,62.678331673145294,0.04166666666666663,6.947916666666667,0,1,96
1303,121343,62.1416671872139,0.10416666666666663,5.864583333333333,0,0,96
1304,121439,68.66833387315273,0.02083333333333337,6.010416666666667,0,1,96
1305,121535,68.54333411157131,0.02083333333333337,5.854166666666667,0,1,96
1306,121631,61.75333270430565,0.04166666666666663,7.354166666666667,0,0,96
1307,121727,61.7966660708189,0.02083333333333337,7.645833333333333,0,1,96
1308,121823,60.39666622132063,0.0625,6.958333333333333,0,2,96
1309,121919,68.35333448648453,0.04166666666666663,5.666666666666667,0,0,96
1310,122015,63.931666404008865,0.05208333333333337,6.364583333333333,0,2,96
1311,122111,65.16166570782661,0.03125,6.677083333333333,0,1,96
1312,122207,58.49333270639181,0.08333333333333337,6.854166666666667,0,2,96
1313,122303,71.10333347320557,0.0,6.104166666666667,0,0,96
1314,122399,68.10999977588654,0.02083333333333337,6.3125,0,0,96
1315,122495,60.37499989569187,0.07291666666666663,6.53125,0,3,96
1316,122591,60.94166634231806,0.05208333333333337,6.864583333333333,0,3,96
1317,122687,66.623331874609,0.02083333333333337,6.791666666666667,0,0,96
1318,122783,71.70166677236557,0.0,5.989583333333333,0,0,96
1319,122879,65.02166613936424,0.01041666666666663,7.364583333333333,0,0,96
1320,122975,62.73499961942434,0.03125,7.15625,0,1,96
1321,123071,63.86999975144863,0.05208333333333337,6.375,0,2,96
1322,123167,70.8150002360344,0.01041666666666663,5.96875,0,0,96
1323,123263,55.19333379715681,0.09375,7.416666666666667,0,2,96
1324,123359,68.45500002801418,0.0,6.46875,0,1,96
1325,123455,68.68500018119812,0.02083333333333337,6.15625,0,0,96
1326,123551,72.35666710138321,0.0,5.833333333333333,0,0,96
1327,123647,64.22666653990746,0.05208333333333337,6.333333333333333,0,1,96
1328,123743,67.70833393931389,0.05208333333333337,5.760416666666667,0,0,96
1329,123839,65.09666661918163,0.03125,6.458333333333333,0,2,96
1330,123935,55.179999716579914,0.07291666666666663,7.8125,0,3,96
1331,124031,61.941665679216385,0.07291666666666663,6.614583333333333,0,0,96
1332,124127,71.98166704177856,0.0,5.927083333333333,0,0,96
1333,124223,63.13499927520752,0.05208333333333337,6.71875,0,0,96
1334,124319,67.81333309412003,0.0,6.729166666666667,0,0,96
1335,124415,69.51166711747646,0.01041666666666663,5.864583333333333,0,2,96
1336,124511,65.02333369851112,0.04166666666666663,6.229166666666667,0,2,96
1337,124607,61.426665626466274,0.05208333333333337,7.083333333333333,0,1,96
1338,124703,57.758332543075085,0.09375,6.760416666666667,0,3,96
1339,124799,64.61499985307455,0.02083333333333337,6.90625,0,2,96
1340,124895,64.50333273410797,0.02083333333333337,7.291666666666667,0,0,96
1341,124991,57.65999961644411,0.09375,6.6875,0,3,96
1342,125087,69.33666610717773,0.0,6.520833333333333,0,0,96
1343,125183,67.26666685938835,0.03125,6.208333333333333,0,1,96
1344,125279,65.68833237886429,0.0,7.385416666666667,0,0,96
1345,125375,60.70999929308891,0.04166666666666663,7.5625,0,0,96
1346,125471,60.52166710048914,0.0625,6.864583333333333,0,3,96
1347,125567,68.41499984264374,0.0,6.59375,0,0,96
1348,125663,64.24333316087723,0.05208333333333337,6.354166666666667,0,1,96
1349,125759,71.48666685819626,0.0,6.020833333333333,0,0,96
1350,125855,50.98333287239075,0.17708333333333337,6.791666666666667,0,0,96
1351,125951,71.76000052690506,0.0,5.9375,0,0,96
1352,126047,69.81833338737488,0.01041666666666663,6.072916666666667,0,1,96
1353,126143,65.54500056803226,0.05208333333333337,5.90625,0,1,96
1354,126239,69.42833375930786,0.02083333333333337,5.947916666666667,0,0,96
1355,126335,69.16500021517277,0.01041666666666663,6.09375,0,1,96
1356,126431,68.2849987745285,0.01041666666666663,6.65625,0,0,96
1357,126527,61.98499992489815,0.07291666666666663,6.40625,0,1,96
1358,126623,67.9633327871561,0.02083333333333337,6.354166666666667,0,0,96
1359,126719,63.609999030828476,0.02083333333333337,7.3125,0,1,96
1360,126815,62.299999475479126,0.0625,6.625,0,1,96
1361,126911,58.26499852538109,0.07291666666666663,6.96875,0,4,96
1362,127007,62.924999326467514,0.04166666666666663,6.84375,0,2,96
1363,127103,60.90333189815283,0.05208333333333337,7.104166666666667,0,2,96
1364,127199,67.65499904751778,0.0,6.78125,0,1,96
1365,127295,65.49500048160553,0.0,7.59375,0,0,96
1366,127391,58.383332915604115,0.07291666666666663,7.104166666666667,0,2,96
1367,127487,63.70666542649269,0.05208333333333337,6.770833333333333,0,0,96
1368,127583,63.25499847531319,0.04166666666666663,6.96875,0,1,96
1369,127679,59.836666226387024,0.08333333333333337,6.520833333333333,0,2,96
1370,127775,57.28500074148178,0.07291666666666663,7.59375,0,2,96
1371,127871,71.2533341050148,0.0,5.979166666666667,0,0,96
1372,127967,65.92333265393972,0.02083333333333337,6.791666666666667,0,1,96
1373,128063,65.31833246350288,0.01041666666666663,7.322916666666667,0,0,96
1374,128159,71.72666692733765,0.0,5.895833333333333,0,0,96
1375,128255,63.939999267458916,0.04166666666666663,6.6875,0,1,96
1376,128351,69.02166619896889,0.01041666666666663,6.239583333333333,0,0,96
1377,128447,63.314999870955944,0.05208333333333337,6.59375,0,1,96
1378,128543,64.26999932527542,0.03125,6.8125,0,1,96
1379,128639,64.66999977082014,0.0,7.5,0,1,96
1380,128735,61.72166711091995,0.05208333333333337,7.239583333333333,0,0,96
1381,128831,69.66666662693024,0.01041666666666663,6.208333333333333,0,0,96
1382,128927,58.151667445898056,0.0625,7.739583333333333,0,1,96
1383,129023,64.98499935865402,0.02083333333333337,6.96875,0,0,96
1384,129119,63.03333176672459,0.04166666666666663,6.916666666666667,0,2,96
1385,129215,60.33166618645191,0.08333333333333337,6.364583333333333,0,3,96
1386,129311,62.79999843239784,0.05208333333333337,6.9375,0,0,96
1387,129407,62.27666615694761,0.04166666666666663,7.208333333333333,0,1,96
1388,129503,60.02666638046503,0.07291666666666663,6.833333333333333,0,2,96
1389,129599,60.969999350607395,0.05208333333333337,6.875,0,3,96
1390,129695,69.57166689634323,0.01041666666666663,6.114583333333333,0,0,96
1391,129791,64.27999871969223,0.03125,6.875,0,0,96
1392,129887,59.41666594147682,0.05208333333333337,6.895833333333333,0,6,96
1393,129983,61.131665870547295,0.03125,7.427083333333333,0,1,96
1394,130079,68.0333342552185,0.03125,5.854166666666667,0,1,96
1395,130175,64.79000015556812,0.04166666666666663,6.25,0,2,96
1396,130271,60.94666588306427,0.07291666666666663,6.458333333333333,0,3,96
1397,130367,71.74500072002411,0.0,5.90625,0,0,96
1398,130463,67.51833319664001,0.01041666666666663,6.635416666666667,0,0,96
1399,130559,65.39999970793724,0.04166666666666663,6.25,0,2,96
1400,130655,61.30333270132542,0.05208333333333337,6.916666666666667,0,2,96
1401,130751,63.608333081007004,0.03125,7.260416666666667,0,0,96
1402,130847,65.06166553497314,0.03125,6.927083333333333,0,0,96
1403,130943,68.92666697502136,0.02083333333333337,6.020833333333333,0,0,96
1404,131039,60.10166700929403,0.0625,7.239583333333333,0,1,96
1405,131135,58.03833305835724,0.08333333333333337,6.822916666666667,0,3,96
1406,131231,71.26833319664001,0.0,6.135416666666667,0,0,96
1407,131327,64.8833320364356,0.02083333333333337,6.979166666666667,0,1,96
1408,131423,66.03999844193459,0.0,7.0,0,3,96
1409,131519,71.65833359956741,0.0,5.947916666666667,0,0,96
1410,131615,69.23666667938232,0.01041666666666663,6.270833333333333,0,0,96
1411,131711,68.19166639447212,0.01041666666666663,6.364583333333333,0,1,96
1412,131807,60.07166567444801,0.05208333333333337,6.864583333333333,0,5,96
1413,131903,65.23166590929031,0.02083333333333337,7.052083333333333,0,0,96
1414,131999,67.99499994516373,0.03125,6.15625,0,0,96
1415,132095,61.05166573822498,0.07291666666666663,6.552083333333333,0,2,96
1416,132191,74.65500125288963,0.0,5.09375,0,1,96
1417,132287,64.39166674017906,0.01041666666666663,7.489583333333333,0,0,96
1418,132383,60.68499905243516,0.0625,6.90625,0,2,96
1419,132479,62.48999930918217,0.0625,6.8125,0,0,96
1420,132575,68.77666664123535,0.03125,6.020833333333333,0,0,96
1421,132671,60.25333243608475,0.07291666666666663,6.854166666666667,0,1,96
1422,132767,61.46499898284674,0.0625,6.90625,0,1,96
1423,132863,65.0850012153387,0.05208333333333337,6.40625,0,0,96
1424,132959,58.516665898263454,0.0625,7.395833333333333,0,2,96
1425,133055,70.68333387374878,0.01041666666666663,5.729166666666667,0,1,96
1426,133151,71.3233333826065,0.0,6.041666666666667,0,0,96
1427,133247,64.92833352088928,0.04166666666666663,6.135416666666667,0,2,96
1428,133343,63.07666656374931,0.05208333333333337,6.208333333333333,0,4,96
1429,133439,63.000000178813934,0.03125,7.375,0,0,96
1430,133535,63.14000076055527,0.0,8.0,0,0,96
1431,133631,59.39999996870756,0.05208333333333337,7.5,0,2,96
1432,133727,61.78999963402748,0.05208333333333337,7.25,0,0,96
1433,133823,67.32333391904831,0.03125,6.229166666666667,0,0,96
1434,133919,66.45833271741867,0.0,7.322916666666667,0,0,96
1435,134015,60.53166598081589,0.0625,7.052083333333333,0,1,96
1436,134111,69.26166707277298,0.03125,5.864583333333333,0,0,96
1437,134207,59.569999769330025,0.09375,6.25,0,3,96
1438,134303,65.88999915122986,0.02083333333333337,6.875,0,0,96
1439,134399,67.12333333492279,0.03125,6.166666666666667,0,1,96
1440,134495,64.61666604876518,0.02083333333333337,7.270833333333333,0,0,96
1441,134591,64.78499945998192,0.01041666666666663,7.34375,0,0,96
1442,134687,71.38000029325485,0.0,6.0,0,0,96
1443,134783,66.85166546702385,0.01041666666666663,6.989583333333333,0,0,96
1444,134879,66.61333322525024,0.03125,6.291666666666667,0,1,96
1445,134975,63.0883342474699,0.04166666666666663,6.947916666666667,0,1,96
1446,135071,58.61999951303005,0.08333333333333337,6.625,0,3,96
1447,135167,60.83499923348427,0.07291666666666663,6.59375,0,2,96
1448,135263,61.216666884720325,0.07291666666666663,6.208333333333333,0,4,96
1449,135359,64.9066651687026,0.02083333333333337,7.020833333333333,0,1,96
1450,135455,62.729999735951424,0.04166666666666663,6.8125,0,2,96
1451,135551,70.97833341360092,0.0,6.135416666666667,0,0,96
1452,135647,63.75999855995178,0.04166666666666663,7.0,0,0,96
1453,135743,62.20999904721975,0.05208333333333337,7.0,0,1,96
1454,135839,65.22666595876217,0.02083333333333337,6.833333333333333,0,1,96
1455,135935,64.41333168745041,0.04166666666666663,6.854166666666667,0,0,96
1456,136031,68.74999970197678,0.0,6.3125,0,2,96
1457,136127,70.12833327054977,0.0,6.197916666666667,0,0,96
1458,136223,61.70999959111214,0.04166666666666663,7.25,0,1,96
1459,136319,67.23166662454605,0.03125,6.177083333333333,0,1,96
1460,136415,63.388332933187485,0.05208333333333337,6.510416666666667,0,1,96
1461,136511,65.46499842405319,0.03125,6.84375,0,0,96
1462,136607,61.09666644781828,0.05208333333333337,6.833333333333333,0,3,96
1463,136703,62.79999953508377,0.04166666666666663,6.75,0,3,96
1464,136799,70.01333348453045,0.02083333333333337,5.916666666666667,0,0,96
1465,136895,69.6416665315628,0.0,6.239583333333333,0,1,96
1466,136991,66.86166536808014,0.01041666666666663,6.802083333333333,0,1,96
1467,137087,64.94833356142044,0.04166666666666663,6.197916666666667,0,2,96
1468,137183,63.6449990272522,0.04166666666666663,6.78125,0,1,96
1469,137279,67.31000009179115,0.03125,6.125,0,1,96
1470,137375,60.143332451581955,0.0625,7.354166666666667,0,0,96
1471,137471,69.07500091195107,0.03125,5.71875,0,1,96
1472,137567,61.983332961797714,0.03125,7.479166666666667,0,1,96
1473,137663,66.7816666662693,0.03125,6.239583333333333,0,1,96
1474,137759,69.37833327054977,0.01041666666666663,6.260416666666667,0,0,96
1475,137855,64.2849993109703,0.04166666666666663,6.65625,0,1,96
1476,137951,54.196666113100946,0.0,9.520833333333334,0,2,96
1477,138047,63.10000003874302,0.0625,6.0,0,4,96
1478,138143,70.02500009536743,0.0,6.28125,0,0,96
1479,138239,57.751666106283665,0.0625,7.427083333333333,0,3,96
1480,138335,69.40666718780994,0.01041666666666663,5.833333333333333,0,3,96
1481,138431,66.86500018835068,0.04166666666666663,6.03125,0,0,96
1482,138527,62.535000279545784,0.05208333333333337,6.78125,0,1,96
1483,138623,62.30833275616169,0.02083333333333337,7.510416666666667,0,1,96
1484,138719,69.14333385229111,0.03125,5.791666666666667,0,0,96
1485,138815,71.54333364963531,0.0,5.979166666666667,0,0,96
1486,138911,65.23666574805975,0.01041666666666663,6.895833333333333,0,3,96
1487,139007,64.63333269953728,0.04166666666666663,6.729166666666667,0,0,96
1488,139103,65.37166564166546,0.02083333333333337,6.864583333333333,0,1,96
1489,139199,68.25666689872742,0.01041666666666663,6.395833333333333,0,0,96
1490,139295,71.58166712522507,0.0,5.927083333333333,0,0,96
1491,139391,62.428332567214966,0.03125,7.385416666666667,0,0,96
1492,139487,67.97666680812836,0.03125,6.083333333333333,0,0,96
1493,139583,67.05333286523819,0.01041666666666663,6.729166666666667,0,0,96
1494,139679,65.91499969363213,0.01041666666666663,6.84375,0,1,96
1495,139775,65.22166734933853,0.0,7.677083333333333,0,0,96
1496,139871,62.043333530426025,0.05208333333333337,7.104166666666667,0,0,96
1497,139967,62.45166590809822,0.04166666666666663,7.114583333333333,0,0,96
1498,140063,64.64500032365322,0.0625,6.09375,0,0,96
1499,140159,64.05833253264427,0.03125,7.197916666666667,0,0,96
1500,140255,62.33499924838543,0.04166666666666663,7.03125,0,1,96
1501,140351,64.19333344697952,0.0,7.729166666666667,0,0,96
1502,140447,64.5683331489563,0.05208333333333337,6.385416666666667,0,0,96
1503,140543,68.29500049352646,0.03125,5.90625,0,1,96
1504,140639,61.255000218749046,0.09375,6.03125,0,1,96
1505,140735,60.933333687484264,0.05208333333333337,7.229166666666667,0,1,96
1506,140831,62.983333975076675,0.0625,6.604166666666667,0,0,96
1507,140927,67.34833326935768,0.01041666666666663,6.697916666666667,0,0,96
1508,141023,64.2399990260601,0.03125,7.0625,0,0,96
1509,141119,65.9583335146308,0.04166666666666663,6.260416666666667,0,1,96
1510,141215,70.97166676819324,0.0,6.052083333333333,0,1,96
1511,141311,69.78333288431168,0.0,6.416666666666667,0,0,96
1512,141407,58.72166709601879,0.0625,7.677083333333333,0,0,96
1513,141503,67.83166752755642,0.03125,5.864583333333333,0,1,96
1514,141599,67.44833368062973,0.02083333333333337,6.260416666666667,0,1,96
1515,141695,63.088331788778305,0.05208333333333337,6.885416666666667,0,0,96
1516,141791,71.48666708171368,0.0,5.895833333333333,0,1,96
1517,141887,67.80833274126053,0.0,6.885416666666667,0,0,96
1518,141983,65.03166633844376,0.0,7.614583333333333,0,0,96
1519,142079,65.75499850511551,0.02083333333333337,6.96875,0,0,96
1520,142175,62.36666589975357,0.05208333333333337,6.770833333333333,0,2,96
1521,142271,67.62166731059551,0.03125,5.989583333333333,0,1,96
1522,142367,56.211665630340576,0.125,6.864583333333333,0,0,96
1523,142463,62.16999867558479,0.05208333333333337,6.9375,0,1,96
1524,142559,58.09333270043135,0.0625,7.479166666666667,0,2,96
1525,142655,65.09166520833969,0.03125,6.864583333333333,0,0,96
1526,142751,66.31666558980942,0.02083333333333337,6.833333333333333,0,0,96
1527,142847,65.55166578292847,0.03125,6.739583333333333,0,0,96
1528,142943,61.43999841809273,0.0625,6.9375,0,1,96
1529,143039,64.78000023961067,0.0625,6.125,0,0,96
1530,143135,71.34333366155624,0.0,6.041666666666667,0,0,96
1531,143231,69.55333435535431,0.04166666666666663,5.541666666666667,0,0,96
1532,143327,69.58333340287209,0.0,6.291666666666667,0,0,96
1533,143423,56.181665137410164,0.11458333333333337,6.864583333333333,0,2,96
1534,143519,58.79666593670845,0.07291666666666663,7.395833333333333,0,0,96
1535,143615,64.44333201646805,0.04166666666666663,6.854166666666667,0,0,96
1536,143711,60.35166610777378,0.08333333333333337,6.614583333333333,0,1,96
1537,143807,65.0833335518837,0.02083333333333337,7.104166666666667,0,0,96
1538,143903,61.95500063896179,0.11458333333333337,5.71875,0,0,96
1539,143999,59.15999922156334,0.09375,6.75,0,1,96
1540,144095,62.84833315014839,0.05208333333333337,6.822916666666667,0,0,96
1541,144191,61.541667342185974,0.04166666666666663,7.489583333333333,0,0,96
1542,144287,60.341666989028454,0.05208333333333337,7.364583333333333,0,1,96
1543,144383,61.74999859929085,0.05208333333333337,7.0625,0,1,96
1544,144479,54.471665412187576,0.13541666666666663,6.802083333333333,0,2,96
1545,144575,59.8249990940094,0.07291666666666663,7.03125,0,1,96
1546,144671,61.78499913215637,0.03125,7.21875,0,3,96
1547,144767,66.88666681945324,0.04166666666666663,5.958333333333333,0,0,96
1548,144863,57.95666638016701,0.07291666666666663,7.333333333333333,0,1,96
1549,144959,56.29333293437958,0.09375,7.166666666666667,0,2,96
1550,145055,62.77499848604202,0.05208333333333337,6.96875,0,0,96
1551,145151,72.10333395004272,0.0,5.854166666666667,0,0,96
1552,145247,65.67999815940857,0.02083333333333337,7.0,0,0,96
1553,145343,61.381665989756584,0.04166666666666663,7.177083333333333,0,2,96
1554,145439,67.81166759133339,0.03125,5.927083333333333,0,1,96
1555,145535,70.41166704893112,0.0,6.177083333333333,0,0,96
1556,145631,70.83000010251999,0.01041666666666663,6.0,0,0,96
1557,145727,63.39833326637745,0.07291666666666663,6.260416666666667,0,0,96
1558,145823,62.15333190560341,0.0625,6.854166666666667,0,0,96
1559,145919,65.58999894559383,0.03125,6.6875,0,0,96
1560,146015,60.01333224773407,0.07291666666666663,6.916666666666667,0,1,96
1561,146111,58.64500080049038,0.15625,5.40625,0,1,96
1562,146207,64.56333202123642,0.04166666666666663,6.791666666666667,0,0,96
1563,146303,71.17666679620743,0.0,6.083333333333333,0,0,96
1564,146399,64.30666697025299,0.0625,6.020833333333333,0,2,96
1565,146495,63.47333252429962,0.05208333333333337,6.729166666666667,0,0,96
1566,146591,71.37666743993759,0.0,5.958333333333333,0,0,96
1567,146687,59.96333301067352,0.09375,6.479166666666667,0,1,96
1568,146783,64.0966657102108,0.04166666666666663,6.770833333333333,0,0,96
1569,146879,70.68000030517578,0.0,6.125,0,0,96
1570,146975,53.0333326458931,0.13541666666666663,7.291666666666667,0,0,96
1571,147071,67.3000003695488,0.03125,6.1875,0,0,96
1572,147167,59.36166572570801,0.0625,6.802083333333333,0,4,96
1573,147263,65.1849989593029,0.03125,6.71875,0,1,96
1574,147359,71.7416672706604,0.0,5.927083333333333,0,0,96
1575,147455,59.28499934077263,0.08333333333333337,6.84375,0,1,96
1576,147551,62.7566659450531,0.04166666666666663,7.270833333333333,0,0,96
1577,147647,62.28999876976013,0.04166666666666663,7.125,0,1,96
1578,147743,64.58999875187874,0.03125,6.9375,0,0,96
1579,147839,63.42333322018385,0.04166666666666663,6.791666666666667,0,1,96
1580,147935,63.754999458789825,0.04166666666666663,6.84375,0,0,96
1581,148031,67.19166502356529,0.0,7.052083333333333,0,1,96
1582,148127,62.443331852555275,0.0625,6.854166666666667,0,0,96
1583,148223,64.35166639089584,0.05208333333333337,6.427083333333333,0,0,96
1584,148319,65.4000005275011,0.05208333333333337,6.25,0,0,96
1585,148415,61.121665477752686,0.08333333333333337,6.677083333333333,0,0,96
1586,148511,63.91333245486021,0.04166666666666663,6.729166666666667,0,1,96
1587,148607,49.85833203792572,0.1875,6.947916666666667,0,0,96
1588,148703,51.656666830182076,0.13541666666666663,6.895833333333333,0,6,96
1589,148799,61.859999381005764,0.05208333333333337,6.875,0,1,96
1590,148895,59.539999678730965,0.07291666666666663,6.875,0,2,96
1591,148991,64.22166565060616,0.04166666666666663,6.802083333333333,0,0,96
1592,149087,59.23499912023544,0.07291666666666663,7.21875,0,1,96
1593,149183,62.75499964505434,0.0625,6.40625,0,2,96
1594,149279,64.8699996471405,0.05208333333333337,6.375,0,0,96
1595,149375,61.733333706855774,0.03125,7.541666666666667,0,1,96
1596,149471,58.578334003686905,0.02083333333333337,8.510416666666666,0,1,96
1597,149567,62.44999908655882,0.04166666666666663,7.0,0,2,96
1598,149663,70.371666431427,0.0,6.302083333333333,0,0,96
1599,149759,69.22333300113678,0.0,6.479166666666667,0,0,96
1600,149855,65.9266666173935,0.04166666666666663,6.333333333333333,0,0,96
1601,149951,69.158331990242,0.0,6.697916666666667,0,0,96
1602,150047,64.04499933123589,0.02083333333333337,7.21875,0,1,96
1603,150143,69.25333368778229,0.02083333333333337,6.041666666666667,0,0,96
1604,150239,68.23833248019218,0.01041666666666663,6.510416666666667,0,0,96
1605,150335,67.2383330911398,0.02083333333333337,6.260416666666667,0,2,96
1606,150431,67.64500021189451,0.02083333333333337,6.21875,0,1,96
1607,150527,64.15666574239731,0.04166666666666663,6.895833333333333,0,0,96
1608,150623,56.81500010192394,0.09375,6.90625,0,3,96
1609,150719,68.42999988794327,0.0,6.625,0,0,96
1610,150815,51.269999489188194,0.15625,6.9375,0,2,96
1611,150911,62.17500036209822,0.02083333333333337,7.59375,0,1,96
1612,151007,59.101667165756226,0.07291666666666663,7.427083333333333,0,0,96
1613,151103,64.77999944984913,0.03125,6.625,0,2,96
1614,151199,69.4883337020874,0.02083333333333337,6.010416666666667,0,0,96
1615,151295,62.721665769815445,0.05208333333333337,6.989583333333333,0,0,96
1616,151391,63.15500018745661,0.05208333333333337,6.46875,0,1,96
1617,151487,58.37499912083149,0.07291666666666663,7.34375,0,1,96
1618,151583,69.99833390116692,0.01041666666666663,5.947916666666667,0,1,96
1619,151679,73.11833465099335,0.0,5.572916666666667,0,0,96
1620,151775,67.45666700601578,0.03125,6.083333333333333,0,1,96
1621,151871,56.47833253443241,0.13541666666666663,6.447916666666667,0,1,96
1622,151967,65.72333189845085,0.03125,6.791666666666667,0,0,96
1623,152063,59.996666453778744,0.04166666666666663,7.708333333333333,0,1,96
1624,152159,64.85166662931442,0.02083333333333337,6.989583333333333,0,1,96
1625,152255,48.47666595876217,0.20833333333333337,6.520833333333333,0,2,96
1626,152351,68.87500041723251,0.01041666666666663,6.21875,0,0,96
1627,152447,71.54500091075897,0.0,5.90625,0,0,96
1628,152543,71.18833422660828,0.0,5.760416666666667,0,2,96
1629,152639,64.8766659796238,0.03125,6.958333333333333,0,0,96
1630,152735,68.69166699051857,0.03125,5.864583333333333,0,0,96
1631,152831,63.115000396966934,0.02083333333333337,7.65625,0,0,96
1632,152927,63.14000019431114,0.07291666666666663,6.0625,0,1,96
1633,153023,66.63499855995178,0.01041666666666663,6.96875,0,0,96
1634,153119,58.99666637182236,0.07291666666666663,7.395833333333333,0,0,96
1635,153215,67.1650001257658,0.04166666666666663,6.09375,0,0,96
1636,153311,63.534999310970306,0.02083333333333337,7.21875,0,2,96
1637,153407,62.76666544377804,0.04166666666666663,7.083333333333333,0,1,96
1638,153503,69.2016673386097,0.03125,5.739583333333333,0,1,96
1639,153599,62.17000034451485,0.04166666666666663,7.3125,0,0,96
1640,153695,64.3900004029274,0.0625,6.0,0,1,96
1641,153791,71.67333376407623,0.01041666666666663,5.791666666666667,0,0,96
1642,153887,56.488333128392696,0.08333333333333337,7.197916666666667,0,3,96
1643,153983,58.32666549086571,0.09375,7.020833333333333,0,0,96
1644,154079,70.75166702270508,0.0,6.114583333333333,0,0,96
1645,154175,67.39499855041504,0.01041666666666663,6.84375,0,0,96
1646,154271,62.57499921321869,0.0625,6.59375,0,1,96
1647,154367,68.60000017285347,0.01041666666666663,6.25,0,1,96
1648,154463,64.57333287596703,0.04166666666666663,6.666666666666667,0,0,96
1649,154559,60.39333334565163,0.07291666666666663,6.604166666666667,0,2,96
1650,154655,64.03999996930361,0.05208333333333337,6.3125,0,2,96
1651,154751,63.3833329975605,0.04166666666666663,6.854166666666667,0,0,96
1652,154847,60.96833294630051,0.07291666666666663,6.510416666666667,0,1,96
1653,154943,58.21666604280472,0.09375,7.020833333333333,0,0,96
1654,155039,54.881666123867035,0.10416666666666663,7.614583333333333,0,0,96
1655,155135,59.09499912708998,0.07291666666666663,7.15625,0,1,96
1656,155231,61.38499879837036,0.07291666666666663,6.65625,0,0,96
1657,155327,68.3416662812233,0.01041666666666663,6.489583333333333,0,0,96
1658,155423,57.84500044584274,0.14583333333333337,5.78125,0,1,96
1659,155519,67.19333350658417,0.0,6.854166666666667,0,0,96
1660,155615,68.05499958992004,0.0,6.71875,0,0,96
1661,155711,62.72833260148764,0.04166666666666663,7.072916666666667,0,1,96
1662,155807,63.39333292841911,0.04166666666666663,6.916666666666667,0,0,96
1663,155903,64.53999858349562,0.02083333333333337,7.125,0,1,96
1664,155999,63.8283327370882,0.05208333333333337,6.635416666666667,0,0,96
1665,156095,61.14000046253204,0.03125,7.8125,0,0,96
1666,156191,68.56833375990391,0.03125,5.885416666666667,0,1,96
1667,156287,61.200000301003456,0.09375,6.0,0,2,96
1668,156383,68.11000028252602,0.02083333333333337,6.1875,0,1,96
1669,156479,58.86000010371208,0.07291666666666663,7.125,0,2,96
1670,156575,65.43999946117401,0.04166666666666663,6.5625,0,0,96
1671,156671,61.62166626751423,0.05208333333333337,6.927083333333333,0,1,96
1672,156767,68.02333371341228,0.04166666666666663,5.729166666666667,0,1,96
1673,156863,60.00666595250368,0.0625,6.833333333333333,0,3,96
1674,156959,61.0416653752327,0.07291666666666663,6.802083333333333,0,0,96
1675,157055,68.96166688203812,0.02083333333333337,6.114583333333333,0,0,96
1676,157151,68.52166706323624,0.03125,5.989583333333333,0,0,96
1677,157247,66.98000049591064,0.03125,6.125,0,1,96
1678,157343,61.95999896526337,0.0625,6.8125,0,0,96
1679,157439,72.70833456516266,0.01041666666666663,5.385416666666667,0,1,96
1680,157535,62.546665623784065,0.04166666666666663,7.020833333333333,0,1,96
1681,157631,64.32499837875366,0.04166666666666663,6.90625,0,0,96
1682,157727,64.12999927997589,0.02083333333333337,7.3125,0,0,96
1683,157823,64.79666566103697,0.03125,6.708333333333333,0,1,96
1684,157919,58.53166610002518,0.07291666666666663,7.114583333333333,0,2,96
1685,158015,59.053332418203354,0.09375,6.729166666666667,0,1,96
1686,158111,63.566667437553406,0.05208333333333337,6.333333333333333,0,1,96
1687,158207,66.27999877929688,0.02083333333333337,6.8125,0,0,96
1688,158303,62.72833310067654,0.04166666666666663,7.072916666666667,0,1,96
1689,158399,64.74166583269835,0.01041666666666663,7.239583333333333,0,1,96
1690,158495,71.75666707754135,0.0,5.958333333333333,0,0,96
1691,158591,64.40499824285507,0.03125,6.96875,0,1,96
1692,158687,67.60833340883255,0.03125,6.197916666666667,0,0,96
1693,158783,65.3716658577323,0.02083333333333337,6.864583333333333,0,1,96
1694,158879,65.78666757047176,0.07291666666666663,5.520833333333333,0,0,96
1695,158975,63.971666634082794,0.02083333333333337,7.239583333333333,0,1,96
1696,159071,71.4033340215683,0.0,5.916666666666667,0,0,96
1697,159167,71.46000051498413,0.0,6.0,0,0,96
1698,159263,68.8716670870781,0.03125,5.927083333333333,0,0,96
1699,159359,68.55500024557114,0.03125,5.96875,0,0,96
1700,159455,65.28833174705505,0.03125,6.885416666666667,0,0,96
1701,159551,62.804999858140945,0.05208333333333337,6.84375,0,0,96
1702,159647,55.3766677826643,0.15625,5.895833333333333,0,3,96
1703,159743,61.33166588842869,0.0625,6.739583333333333,0,2,96
1704,159839,60.90333190560341,0.0625,6.916666666666667,0,1,96
1705,159935,71.17166674137115,0.0,6.114583333333333,0,0,96
1706,160031,72.433334171772,0.01041666666666663,5.604166666666667,0,0,96
1707,160127,71.65666723251343,0.01041666666666663,5.770833333333333,0,0,96
1708,160223,64.59666511416435,0.03125,6.958333333333333,0,0,96
1709,160319,72.37333469092846,0.02083333333333337,5.354166666666667,0,0,96
1710,160415,62.74666574597359,0.0625,6.583333333333333,0,1,96
1711,160511,61.07333255559206,0.04166666666666663,7.291666666666667,0,2,96
1712,160607,60.076666444540024,0.07291666666666663,7.145833333333333,0,0,96
1713,160703,63.30833211541176,0.05208333333333337,6.822916666666667,0,0,96
1714,160799,67.51166680455208,0.02083333333333337,6.177083333333333,0,2,96
1715,160895,70.305000603199,0.02083333333333337,5.78125,0,0,96
1716,160991,55.28166547417641,0.125,6.802083333333333,0,2,96
1717,161087,70.44166783988476,0.02083333333333337,5.552083333333333,0,1,96
1718,161183,64.79666495323181,0.03125,6.895833333333333,0,1,96
1719,161279,65.12833368778229,0.05208333333333337,5.947916666666667,0,2,96
1720,161375,64.91833221912384,0.02083333333333337,7.072916666666667,0,0,96
1721,161471,67.24166655540466,0.03125,6.302083333333333,0,0,96
1722,161567,61.60499879717827,0.0625,6.78125,0,1,96
1723,161663,67.33499971032143,0.01041666666666663,6.53125,0,1,96
1724,161759,61.349999248981476,0.02083333333333337,7.8125,0,0,96
1725,161855,71.26000040769577,0.0,6.0,0,0,96
1726,161951,63.856666684150696,0.02083333333333337,7.395833333333333,0,0,96
1727,162047,67.09833160042763,0.01041666666666663,6.947916666666667,0,0,96
1728,162143,64.45499938726425,0.03125,6.90625,0,0,96
1729,162239,58.803332924842834,0.0625,7.104166666666667,0,3,96
1730,162335,66.82500003278255,0.02083333333333337,6.28125,0,1,96
1731,162431,72.08000022172928,0.0,5.9375,0,0,96
1732,162527,59.58333212137222,0.09375,6.791666666666667,0,0,96
1733,162623,62.55166573822498,0.04166666666666663,7.114583333333333,0,1,96
1734,162719,70.24333333969116,0.0,6.166666666666667,0,0,96
1735,162815,64.92666658759117,0.01041666666666663,7.458333333333333,0,0,96
1736,162911,67.12666633725166,0.02083333333333337,6.458333333333333,0,0,96
1737,163007,64.57833179831505,0.02083333333333337,7.010416666666667,0,2,96
1738,163103,68.06666532158852,0.01041666666666663,6.708333333333333,0,0,96
1739,163199,66.009998857975,0.01041666666666663,7.125,0,0,96
1740,163295,65.70999932289124,0.04166666666666663,6.4375,0,0,96
1741,163391,65.75833272188902,0.02083333333333337,6.822916666666667,0,1,96
1742,163487,69.26833371818066,0.02083333333333337,5.947916666666667,0,1,96
1743,163583,64.9966676235199,0.0,7.708333333333333,0,0,96
1744,163679,68.0866659283638,0.0,6.770833333333333,0,0,96
1745,163775,63.7099988758564,0.03125,7.25,0,0,96
1746,163871,68.71500094234943,0.02083333333333337,5.84375,0,2,96
1747,163967,68.56833177804947,0.0,6.822916666666667,0,0,96
1748,164063,55.775000870227814,0.16666666666666663,5.71875,0,1,96
1749,164159,63.74833330512047,0.0625,6.135416666666667,0,2,96
1750,164255,73.60000133514404,0.01041666666666663,5.3125,0,0,96
1751,164351,70.27833425998688,0.01041666666666663,5.947916666666667,0,0,96
1752,164447,63.988334476947784,0.0,7.947916666666667,0,0,96
1753,164543,66.83000056445599,0.0625,5.75,0,0,96
1754,164639,53.40166527032852,0.14583333333333337,6.802083333333333,0,2,96
1755,164735,62.078331768512726,0.0625,6.947916666666667,0,0,96
1756,164831,71.06333327293396,0.0,6.104166666666667,0,0,96
1757,164927,65.98666667938232,0.0,7.458333333333333,0,0,96
1758,165023,64.05333358049393,0.07291666666666663,6.104166666666667,0,0,96
1759,165119,65.36666682362556,0.01041666666666663,7.333333333333333,0,0,96
1760,165215,65.39833378791809,0.07291666666666663,5.822916666666667,0,0,96
1761,165311,64.23666556179523,0.03125,6.770833333333333,0,2,96
1762,165407,66.96333329379559,0.05208333333333337,5.979166666666667,0,0,96
1763,165503,61.84000152349472,0.03125,7.75,0,0,96
1764,165599,64.3616653084755,0.04166666666666663,6.802083333333333,0,0,96
1765,165695,57.83833184838295,0.10416666666666663,6.885416666666667,0,1,96
1766,165791,70.57333385944366,0.02083333333333337,5.791666666666667,0,0,96
1767,165887,62.308332942426205,0.05208333333333337,6.760416666666667,0,2,96
1768,165983,71.26500016450882,0.0,6.03125,0,0,96
1769,166079,69.68833442032337,0.04166666666666663,5.385416666666667,0,1,96
1770,166175,64.69833362102509,0.0,7.697916666666667,0,0,96
1771,166271,67.47500020265579,0.03125,6.09375,0,1,96
1772,166367,66.88999950885773,0.02083333333333337,6.625,0,0,96
1773,166463,58.95166626945138,0.05208333333333337,7.677083333333333,0,1,96
1774,166559,67.58999943733215,0.03125,6.3125,0,0,96
1775,166655,66.24833250045776,0.01041666666666663,7.010416666666667,0,0,96
1776,166751,70.30333322286606,0.0,6.291666666666667,0,0,96
1777,166847,67.16166669130325,0.04166666666666663,6.114583333333333,0,0,96
1778,166943,64.41833356022835,0.01041666666666663,7.510416666666667,0,0,96
1779,167039,70.39500080049038,0.01041666666666663,5.84375,0,1,96
1780,167135,73.23500108718872,0.0,5.59375,0,0,96
1781,167231,71.19333416223526,0.0,5.979166666666667,0,0,96
1782,167327,65.50166648626328,0.05208333333333337,6.239583333333333,0,0,96
1783,167423,65.21166589856148,0.0,7.489583333333333,0,0,96
1784,167519,66.74833373725414,0.05208333333333337,5.947916666666667,0,0,96
1785,167615,64.94666561484337,0.03125,6.895833333333333,0,0,96
1786,167711,63.76666657626629,0.04166666666666663,6.333333333333333,0,4,96
1787,167807,66.88666582107544,0.03125,6.458333333333333,0,0,96
1788,167903,64.80166538059711,0.02083333333333337,7.052083333333333,0,1,96
1789,167999,71.49833405017853,0.0,5.947916666666667,0,0,96
1790,168095,65.14166688919067,0.05208333333333337,6.114583333333333,0,1,96
1791,168191,64.01333290338516,0.04166666666666663,6.916666666666667,0,0,96
1792,168287,57.30166506767273,0.10416666666666663,6.927083333333333,0,1,96
1793,168383,60.143333069980145,0.05208333333333337,7.416666666666667,0,1,96
1794,168479,68.29833382368088,0.03125,6.010416666666667,0,0,96
1795,168575,61.6133328974247,0.05208333333333337,7.229166666666667,0,0,96
1796,168671,63.055000483989716,0.03125,7.34375,0,0,96
1797,168767,66.62333282828331,0.03125,6.479166666666667,0,0,96
1798,168863,64.20499893277884,0.03125,6.84375,0,1,96
1799,168959,62.88333484530449,0.01041666666666663,7.916666666666667,0,0,96
1800,169055,68.31499898433685,0.0,6.84375,0,0,96
1801,169151,67.5249995291233,0.01041666666666663,6.46875,0,1,96
1802,169247,71.57333379983902,0.0,5.979166666666667,0,0,96
1803,169343,56.16000047326088,0.09375,7.5,0,1,96
1804,169439,70.22000104188919,0.01041666666666663,5.9375,0,0,96
1805,169535,62.606666058301926,0.05208333333333337,7.020833333333333,0,0,96
1806,169631,64.67333348095417,0.01041666666666663,7.166666666666667,0,2,96
1807,169727,63.366666078567505,0.02083333333333337,7.458333333333333,0,0,96
1808,169823,71.62000036239624,0.0,6.0,0,0,96
1809,169919,60.88999938964844,0.0625,7.1875,0,0,96
1810,170015,68.0616660118103,0.02083333333333337,6.427083333333333,0,0,96
1811,170111,68.59833404421806,0.03125,5.822916666666667,0,1,96
1812,170207,64.20333333313465,0.0625,6.104166666666667,0,1,96
1813,170303,61.67333213984966,0.05208333333333337,6.854166666666667,0,3,96
1814,170399,57.08000014722347,0.14583333333333337,5.9375,0,1,96
1815,170495,68.95166739821434,0.02083333333333337,5.864583333333333,0,1,96
1816,170591,65.03166545927525,0.02083333333333337,6.989583333333333,0,1,96
1817,170687,58.82833316922188,0.0625,7.385416666666667,0,2,96
1818,170783,63.848333567380905,0.07291666666666663,6.010416666666667,0,1,96
1819,170879,62.30833292007446,0.05208333333333337,7.072916666666667,0,0,96
1820,170975,65.15999875962734,0.03125,6.75,0,1,96
1821,171071,66.63333289325237,0.0,6.666666666666667,0,3,96
1822,171167,65.02333298325539,0.03125,6.604166666666667,0,1,96
1823,171263,66.02666705846786,0.05208333333333337,5.958333333333333,0,1,96
1824,171359,55.72333237528801,0.11458333333333337,6.979166666666667,0,1,96
1825,171455,58.94000020623207,0.13541666666666663,5.9375,0,0,96
1826,171551,71.87833428382874,0.0,5.822916666666667,0,0,96
1827,171647,66.3999996483326,0.04166666666666663,6.3125,0,0,96
1828,171743,68.44333386421204,0.03125,5.979166666666667,0,0,96
1829,171839,71.51500058174133,0.0,5.96875,0,0,96
1830,171935,68.10000069439411,0.03125,5.75,0,2,96
1831,172031,71.31333404779434,0.0,5.979166666666667,0,0,96
1832,172127,55.17333310842514,0.125,6.729166666666667,0,2,96
1833,172223,65.01666724681854,0.0,7.583333333333333,0,0,96
1834,172319,66.24666583538055,0.03125,6.583333333333333,0,0,96
1835,172415,59.19333358108997,0.11458333333333337,6.041666666666667,0,2,96
1836,172511,62.9216660708189,0.05208333333333337,6.677083333333333,0,1,96
1837,172607,62.8983334004879,0.04166666666666663,7.072916666666667,0,0,96
1838,172703,61.92499853670597,0.05208333333333337,6.96875,0,1,96
1839,172799,63.68500034511089,0.01041666666666663,7.40625,0,2,96
1840,172895,70.77333378791809,0.01041666666666663,5.916666666666667,0,0,96
1841,172991,63.721666753292084,0.05208333333333337,6.677083333333333,0,0,96
1842,173087,65.30999937653542,0.01041666666666663,7.3125,0,0,96
1843,173183,63.2516663223505,0.0625,6.302083333333333,0,2,96
1844,173279,62.92499913275242,0.04166666666666663,6.78125,0,2,96
1845,173375,60.809999108314514,0.04166666666666663,7.1875,0,3,96
1846,173471,63.49333329498768,0.02083333333333337,7.291666666666667,0,1,96
1847,173567,59.75333245843649,0.05208333333333337,7.291666666666667,0,2,96
1848,173663,60.87499964237213,0.07291666666666663,6.59375,0,2,96
1849,173759,62.804998606443405,0.03125,6.90625,0,4,96
1850,173855,55.39833288639784,0.11458333333333337,6.885416666666667,0,3,96
1851,173951,62.831666737794876,0.0625,6.239583333333333,0,3,96
1852,174047,62.72666549682617,0.04166666666666663,7.020833333333333,0,0,96
1853,174143,60.72999960184097,0.09375,6.4375,0,0,96
1854,174239,71.60000038146973,0.0,6.0,0,0,96
1855,174335,71.18000108003616,0.03125,5.4375,0,0,96
1856,174431,69.7250005453825,0.02083333333333337,5.78125,0,1,96
1857,174527,69.56000123918056,0.03125,5.5625,0,1,96
1858,174623,68.40166711807251,0.03125,5.864583333333333,0,1,96
1859,174719,67.08166575431824,0.01041666666666663,6.927083333333333,0,0,96
1860,174815,71.87000077962875,0.0,5.875,0,0,96
1861,174911,57.878333657979965,0.05208333333333337,7.572916666666667,0,2,96
1862,175007,65.35166527330875,0.02083333333333337,6.864583333333333,0,1,96
1863,175103,63.43000143766403,0.10416666666666663,5.3125,0,1,96
1864,175199,62.65499944984913,0.04166666666666663,6.96875,0,1,96
1865,175295,66.40500091016293,0.0625,5.65625,0,1,96
1866,175391,61.17833352088928,0.05208333333333337,7.197916666666667,0,0,96
1867,175487,65.96166589856148,0.02083333333333337,6.802083333333333,0,0,96
1868,175583,64.62333324551582,0.0625,6.104166666666667,0,0,96
1869,175679,62.96833227574825,0.05208333333333337,6.572916666666667,0,2,96
1870,175775,64.28166601061821,0.03125,6.927083333333333,0,1,96
1871,175871,50.14666671305895,0.16666666666666663,7.083333333333333,0,2,96
1872,175967,64.90666687488556,0.0625,6.020833333333333,0,1,96
1873,176063,63.99833306670189,0.02083333333333337,7.385416666666667,0,0,96
1874,176159,62.52499929070473,0.05208333333333337,6.59375,0,2,96
1875,176255,72.31500063836575,0.0,5.71875,0,1,96
1876,176351,66.67333163321018,0.01041666666666663,6.916666666666667,0,1,96
1877,176447,62.676665872335434,0.0625,6.583333333333333,0,1,96
1878,176543,67.52333295345306,0.02083333333333337,6.354166666666667,0,1,96
1879,176639,61.58333349227905,0.0625,7.041666666666667,0,0,96
1880,176735,61.645000368356705,0.04166666666666663,7.53125,0,0,96
1881,176831,67.14666689932346,0.02083333333333337,6.208333333333333,0,2,96
1882,176927,61.60333205759525,0.05208333333333337,6.916666666666667,0,2,96
1883,177023,70.80833415687084,0.0,5.885416666666667,0,1,96
1884,177119,60.908332616090775,0.05208333333333337,7.072916666666667,0,1,96
1885,177215,60.3516661003232,0.07291666666666663,6.614583333333333,0,3,96
1886,177311,70.35833369195461,0.01041666666666663,5.885416666666667,0,1,96
1887,177407,68.9266672693193,0.02083333333333337,5.770833333333333,0,2,96
1888,177503,64.74666607379913,0.04166666666666663,6.645833333333333,0,0,96
1889,177599,69.885000243783,0.01041666666666663,6.09375,0,0,96
1890,177695,65.11833269894123,0.05208333333333337,6.385416666666667,0,0,96
1891,177791,57.18166607618332,0.09375,6.927083333333333,0,3,96
1892,177887,66.54500007629395,0.03125,6.21875,0,1,96
1893,177983,62.17499977350235,0.08333333333333337,6.15625,0,1,96
1894,178079,61.111666679382324,0.05208333333333337,7.177083333333333,0,1,96
1895,178175,61.36333233118057,0.05208333333333337,6.791666666666667,0,3,96
1896,178271,66.85166661441326,0.04166666666666663,6.177083333333333,0,0,96
1897,178367,69.74499973654747,0.0,6.34375,0,1,96
1898,178463,67.65333154797554,0.0,6.979166666666667,0,0,96
1899,178559,66.9333319067955,0.02083333333333337,6.729166666666667,0,0,96
1900,178655,62.75333458185196,0.01041666666666663,7.854166666666667,0,1,96
1901,178751,64.42999913543463,0.04166666666666663,6.625,0,1,96
1902,178847,72.6233337521553,0.0,5.791666666666667,0,0,96
1903,178943,61.076666079461575,0.0625,6.833333333333333,0,1,96
1904,179039,69.78833249211311,0.0,6.447916666666667,0,0,96
1905,179135,70.70833407342434,0.02083333333333337,5.635416666666667,0,1,96
1906,179231,65.8566664159298,0.04166666666666663,6.333333333333333,0,0,96
1907,179327,67.41166722774506,0.04166666666666663,5.927083333333333,0,0,96
1908,179423,64.11833350360394,0.05208333333333337,6.260416666666667,0,2,96
1909,179519,45.22166599333286,0.21875,6.552083333333333,0,6,96
1910,179615,66.28333288431168,0.02083333333333337,6.604166666666667,0,1,96
1911,179711,63.388332068920135,0.05208333333333337,6.697916666666667,0,0,96
1912,179807,60.784999288618565,0.0625,6.90625,0,2,96
1913,179903,70.14666685461998,0.0,6.208333333333333,0,0,96
1914,179999,64.11833196878433,0.04166666666666663,6.822916666666667,0,0,96
1915,180095,67.05333368480206,0.04166666666666663,5.979166666666667,0,1,96
1916,180191,59.02833333611488,0.07291666666666663,7.197916666666667,0,1,96
1917,180287,66.16333281993866,0.04166666666666663,6.354166666666667,0,0,96
1918,180383,60.97166632115841,0.07291666666666663,6.552083333333333,0,2,96
1919,180479,64.85333234071732,0.01041666666666663,7.291666666666667,0,1,96
1920,180575,59.72666507959366,0.08333333333333337,6.895833333333333,0,1,96
1921,180671,68.52666693925858,0.03125,5.958333333333333,0,0,96
1922,180767,65.92666563391685,0.02083333333333337,6.833333333333333,0,1,96
1923,180863,71.14666646718979,0.0,6.145833333333333,0,0,96
1924,180959,64.71333211660385,0.03125,6.729166666666667,0,2,96
1925,181055,67.98333390057087,0.04166666666666663,5.729166666666667,0,1,96
1926,181151,62.776665687561035,0.05208333333333337,6.645833333333333,0,2,96
1927,181247,65.31666573882103,0.04166666666666663,6.583333333333333,0,0,96
1928,181343,67.5650001168251,0.03125,6.21875,0,0,96
1929,181439,65.08333359658718,0.07291666666666663,5.916666666666667,0,0,96
1930,181535,57.88166555762291,0.08333333333333337,6.989583333333333,0,3,96
1931,181631,66.06666526198387,0.02083333333333337,6.895833333333333,0,0,96
1932,181727,63.94833344221115,0.07291666666666663,6.135416666666667,0,0,96
1933,181823,68.77333378791809,0.04166666666666663,5.729166666666667,0,0,96
1934,181919,67.14500057697296,0.04166666666666663,5.96875,0,0,96
1935,182015,56.226665675640106,0.13541666666666663,6.645833333333333,0,0,96
1936,182111,67.27833378314972,0.04166666666666663,6.010416666666667,0,0,96
1937,182207,65.19166666269302,0.0625,5.989583333333333,0,1,96
1938,182303,52.793334007263184,0.1875,5.666666666666667,0,4,96
1939,182399,63.77000020444393,0.07291666666666663,5.9375,0,2,96
1940,182495,60.40333266556263,0.08333333333333337,6.729166666666667,0,0,96
1941,182591,64.36833330988884,0.01041666666666663,7.322916666666667,0,0,96
1942,182687,56.279999166727066,0.125,6.6875,0,1,96
1943,182783,66.20166604220867,0.04166666666666663,6.364583333333333,0,0,96
1944,182879,59.844999834895134,0.10416666666666663,6.09375,0,2,96
1945,182975,58.431666508316994,0.09375,6.489583333333333,0,4,96
1946,183071,57.21333231776953,0.10416666666666663,6.916666666666667,0,1,96
1947,183167,71.75833427906036,0.01041666666666663,5.635416666666667,0,0,96
1948,183263,70.01166689395905,0.01041666666666663,6.114583333333333,0,0,96
1949,183359,62.699998915195465,0.05208333333333337,6.8125,0,1,96
1950,183455,58.476665407419205,0.10416666666666663,6.833333333333333,0,0,96
1951,183551,66.7749992609024,0.0,7.28125,0,0,96
1952,183647,41.49166648089886,0.29166666666666663,6.364583333333333,0,1,96
1953,183743,61.40166571736336,0.0625,6.552083333333333,0,3,96
1954,183839,69.48833392560482,0.03125,5.635416666666667,0,1,96
1955,183935,60.55999892950058,0.07291666666666663,6.6875,0,2,96
1956,184031,62.671666108071804,0.05208333333333337,6.802083333333333,0,1,96
1957,184127,55.77166609466076,0.125,6.677083333333333,0,2,96
1958,184223,59.64666673541069,0.07291666666666663,7.145833333333333,0,1,96
1959,184319,60.484998255968094,0.07291666666666663,6.96875,0,1,96
1960,184415,61.244998544454575,0.07291666666666663,6.90625,0,0,96
1961,184511,56.79833325743675,0.10416666666666663,7.010416666666667,0,1,96
1962,184607,59.45166672766209,0.09375,6.239583333333333,0,3,96
1963,184703,64.00999912619591,0.03125,6.9375,0,1,96
1964,184799,69.56666713953018,0.03125,5.770833333333333,0,0,96
1965,184895,66.50833252072334,0.02083333333333337,6.635416666666667,0,1,96
1966,184991,63.41666713356972,0.08333333333333337,5.833333333333333,0,2,96
1967,185087,66.84666664898396,0.04166666666666663,6.083333333333333,0,1,96
1968,185183,61.79999878257513,0.05208333333333337,7.125,0,1,96
1969,185279,68.68000018596649,0.03125,6.0,0,0,96
1970,185375,68.10500071942806,0.04166666666666663,5.59375,0,2,96
1971,185471,64.73166681826115,0.0625,6.052083333333333,0,1,96
1972,185567,60.60833361744881,0.125,5.822916666666667,0,0,96
1973,185663,66.26833437383175,0.0625,5.447916666666667,0,3,96
1974,185759,60.99166660010815,0.09375,6.302083333333333,0,1,96
1975,185855,61.95499937236309,0.0625,6.78125,0,1,96
1976,185951,68.7766661643982,0.02083333333333337,6.270833333333333,0,0,96
1977,186047,59.28833405673504,0.15625,5.385416666666667,0,0,96
1978,186143,63.70333367586136,0.03125,7.104166666666667,0,1,96
1979,186239,68.88833260536194,0.0,6.635416666666667,0,0,96
1980,186335,67.57833287119865,0.03125,6.260416666666667,0,0,96
1981,186431,70.32500052452087,0.01041666666666663,5.90625,0,0,96
1982,186527,66.10833179950714,0.01041666666666663,7.072916666666667,0,1,96
1983,186623,64.05499902367592,0.03125,6.90625,0,2,96
1984,186719,64.81333281099796,0.04166666666666663,6.416666666666667,0,2,96
1985,186815,56.13333356380463,0.11458333333333337,6.229166666666667,0,6,96
1986,186911,61.449999153614044,0.05208333333333337,7.1875,0,1,96
1987,187007,65.74333347380161,0.05208333333333337,5.979166666666667,0,2,96
1988,187103,64.70500053465366,0.08333333333333337,5.71875,0,0,96
1989,187199,62.91666742414236,0.02083333333333337,7.520833333333333,0,1,96
1990,187295,66.1516670435667,0.04166666666666663,5.927083333333333,0,3,96
1991,187391,67.39833475649357,0.07291666666666663,5.072916666666667,0,1,96
1992,187487,66.07499861717224,0.03125,6.71875,0,0,96
1993,187583,66.12999963015318,0.02083333333333337,6.75,0,1,96
1994,187679,70.15333463251591,0.03125,5.354166666666667,0,2,96
1995,187775,61.474999241530895,0.04166666666666663,7.21875,0,1,96
1996,187871,67.05833454430103,0.07291666666666663,5.322916666666667,0,1,96
1997,187967,62.22333350777626,0.08333333333333337,6.041666666666667,0,2,96
1998,188063,68.87000074982643,0.03125,5.875,0,0,96
1999,188159,63.96666523814201,0.02083333333333337,7.083333333333333,0,3,96
2000,188255,72.77666753530502,0.0,5.708333333333333,0,0,96
2001,188351,73.19500070810318,0.0,5.65625,0,0,96
2002,188447,53.153332978487015,0.13541666666666663,7.291666666666667,0,0,96
2003,188543,62.25499930977821,0.04166666666666663,7.09375,0,1,96
2004,188639,59.318333834409714,0.05208333333333337,7.447916666666667,0,1,96
2005,188735,66.90333247184753,0.0,7.229166666666667,0,0,96
2006,188831,65.46000052988529,0.0625,5.8125,0,1,96
2007,188927,51.39999893307686,0.17708333333333337,6.8125,0,0,96
2008,189023,67.7750005275011,0.04166666666666663,5.71875,0,1,96
2009,189119,59.269999504089355,0.04166666666666663,7.4375,0,4,96
2010,189215,72.20500069856644,0.0,5.71875,0,0,96
2011,189311,60.736666053533554,0.0625,7.083333333333333,0,1,96
2012,189407,72.28333413600922,0.01041666666666663,5.604166666666667,0,0,96
2013,189503,64.17833197116852,0.04166666666666663,6.822916666666667,0,0,96
2014,189599,63.17500087618828,0.03125,7.40625,0,0,96
2015,189695,64.1766671538353,0.02083333333333337,7.395833333333333,0,0,96
2016,189791,66.96666571497917,0.02083333333333337,6.645833333333333,0,0,96
2017,189887,71.60500031709671,0.0,5.96875,0,0,96
2018,189983,69.68666705489159,0.02083333333333337,5.958333333333333,0,0,96
2019,190079,59.97500121593475,0.05208333333333337,7.71875,0,0,96
2020,190175,64.23499977588654,0.02083333333333337,7.40625,0,0,96
2021,190271,69.3600011318922,0.04166666666666663,5.5,0,0,96
2022,190367,63.52666684985161,0.07291666666666663,6.083333333333333,0,1,96
2023,190463,69.34000033140182,0.02083333333333337,6.0,0,0,96
2024,190559,67.4133318066597,0.01041666666666663,6.854166666666667,0,0,96
2025,190655,63.784998804330826,0.04166666666666663,6.90625,0,0,96
2026,190751,63.728331834077835,0.03125,7.197916666666667,0,0,96
2027,190847,59.854999393224716,0.08333333333333337,6.59375,0,2,96
2028,190943,62.37666589394212,0.04166666666666663,6.833333333333333,0,3,96
2029,191039,64.56166532635689,0.03125,6.927083333333333,0,0,96
2030,191135,65.64833392202854,0.07291666666666663,5.697916666666667,0,0,96
2031,191231,62.68166680634022,0.08333333333333337,6.239583333333333,0,0,96
2032,191327,52.84333311021328,0.16666666666666663,6.104166666666667,0,4,96
2033,191423,58.824999153614044,0.11458333333333337,6.53125,0,0,96
2034,191519,63.538333147764206,0.07291666666666663,6.135416666666667,0,1,96
2035,191615,65.3166673630476,0.0625,5.895833333333333,0,0,96
2036,191711,59.59666645526886,0.11458333333333337,6.270833333333333,0,0,96
2037,191807,64.62499928474426,0.04166666666666663,6.71875,0,0,96
2038,191903,61.60166561603546,0.08333333333333337,6.552083333333333,0,0,96
2039,191999,61.10000006854534,0.10416666666666663,5.9375,0,1,96
2040,192095,44.58666609227657,0.26041666666666663,6.395833333333333,0,1,96
2041,192191,70.64833362400532,0.0,6.072916666666667,0,1,96
2042,192287,62.33166639506817,0.07291666666666663,6.177083333333333,0,3,96
2043,192383,53.33833332359791,0.14583333333333337,6.385416666666667,0,4,96
2044,192479,63.844999961555004,0.05208333333333337,6.40625,0,2,96
2045,192575,66.0466658771038,0.01041666666666663,6.895833333333333,0,2,96
2046,192671,69.10666728019714,0.03125,5.833333333333333,0,0,96
2047,192767,64.93333366513252,0.0625,6.041666666666667,0,1,96
2048,192863,60.8883341550827,0.11458333333333337,5.572916666666667,0,2,96
2049,192959,63.56666740775108,0.10416666666666663,5.583333333333333,0,0,96
2050,193055,59.49333342909813,0.11458333333333337,5.916666666666667,0,2,96
2051,193151,42.139999359846115,0.28125,6.6875,0,0,96
2052,193247,58.226666420698166,0.10416666666666663,6.145833333333333,0,5,96
2053,193343,63.43833243846893,0.05208333333333337,6.822916666666667,0,0,96
2054,193439,68.4266666173935,0.03125,6.083333333333333,0,0,96
2055,193535,62.82499939203262,0.0625,6.53125,0,1,96
2056,193631,57.754999712109566,0.11458333333333337,6.28125,0,2,96
2057,193727,53.66499990224838,0.14583333333333337,6.71875,0,2,96
2058,193823,59.54499951004982,0.07291666666666663,7.15625,0,1,96
2059,193919,69.66166731715202,0.02083333333333337,5.927083333333333,0,0,96
2060,194015,65.35499903559685,0.03125,6.78125,0,0,96
2061,194111,70.44166702032089,0.0,5.989583333333333,0,2,96
2062,194207,66.74666753411293,0.0625,5.645833333333333,0,0,96
2063,194303,60.60333286970854,0.08333333333333337,6.479166666666667,0,2,96
2064,194399,57.70999921858311,0.10416666666666663,6.5,0,3,96
2065,194495,61.0483333170414,0.08333333333333337,6.197916666666667,0,2,96
2066,194591,51.861665926873684,0.14583333333333337,6.739583333333333,0,5,96
2067,194687,65.0366673618555,0.05208333333333337,5.958333333333333,0,2,96
2068,194783,63.55833247303963,0.02083333333333337,7.322916666666667,0,0,96
2069,194879,62.9799998998642,0.0625,6.5,0,1,96
2070,194975,70.59000085294247,0.01041666666666663,5.875,0,0,96
2071,195071,66.10166762769222,0.0625,5.489583333333333,0,3,96
2072,195167,65.26000015437603,0.05208333333333337,6.0625,0,2,96
2073,195263,66.45833187550306,0.0,7.135416666666667,0,1,96
2074,195359,67.33833186328411,0.0,6.885416666666667,0,1,96
2075,195455,60.049998715519905,0.07291666666666663,6.75,0,3,96
2076,195551,60.129999212920666,0.0625,7.125,0,1,96
2077,195647,62.10333286225796,0.07291666666666663,6.604166666666667,0,0,96
2078,195743,68.83166670799255,0.03125,5.989583333333333,0,0,96
2079,195839,59.983334109187126,0.0625,6.729166666666667,0,5,96
2080,195935,65.76166552305222,0.02083333333333337,6.989583333333333,0,0,96
2081,196031,66.11166650056839,0.0,7.427083333333333,0,0,96
2082,196127,61.183333203196526,0.10416666666666663,6.041666666666667,0,1,96
2083,196223,68.74000051617622,0.03125,5.9375,0,0,96
2084,196319,70.58666718006134,0.01041666666666663,5.958333333333333,0,0,96
2085,196415,69.06666719913483,0.03125,5.770833333333333,0,1,96
2086,196511,66.71333184838295,0.02083333333333337,6.791666666666667,0,0,96
2087,196607,69.77166736125946,0.03125,5.677083333333333,0,0,96
2088,196703,56.51666605472565,0.11458333333333337,6.708333333333333,0,1,96
2089,196799,55.99333332479,0.15625,5.979166666666667,0,1,96
2090,196895,64.29166549444199,0.02083333333333337,7.177083333333333,0,1,96
2091,196991,68.32166695594788,0.03125,5.927083333333333,0,1,96
2092,197087,63.91500048339367,0.0625,6.09375,0,1,96
2093,197183,63.95833304524422,0.05208333333333337,6.572916666666667,0,0,96
2094,197279,69.25500017404556,0.03125,5.90625,0,0,96
2095,197375,63.16666600108147,0.04166666666666663,7.020833333333333,0,1,96
2096,197471,68.279998421669,0.0,6.875,0,0,96
2097,197567,66.42833271622658,0.01041666666666663,7.072916666666667,0,0,96
2098,197663,59.326665595173836,0.08333333333333337,6.958333333333333,0,1,96
2099,197759,71.66000020503998,0.0,6.0,0,0,96
2100,197855,58.991665944457054,0.09375,6.552083333333333,0,2,96
2101,197951,70.80500064790249,0.01041666666666663,5.90625,0,0,96
2102,198047,64.28333332389593,0.01041666666666663,7.479166666666667,0,1,96
2103,198143,65.28999929875135,0.0,7.3125,0,1,96
2104,198239,61.353332713246346,0.05208333333333337,6.479166666666667,0,6,96
2105,198335,72.06166696548462,0.0,5.927083333333333,0,0,96
2106,198431,58.9699993878603,0.11458333333333337,6.4375,0,0,96
2107,198527,62.061665795743465,0.05208333333333337,6.927083333333333,0,1,96
2108,198623,63.523332588374615,0.05208333333333337,6.541666666666667,0,1,96
2109,198719,69.13833373785019,0.03125,5.885416666666667,0,0,96
2110,198815,57.36666592955589,0.09375,7.208333333333333,0,0,96
2111,198911,63.02999973297119,0.03125,7.375,0,0,96
2112,199007,67.83666753768921,0.05208333333333337,5.583333333333333,0,1,96
2113,199103,70.57666677236557,0.0,6.208333333333333,0,0,96
2114,199199,65.30666670203209,0.05208333333333337,6.208333333333333,0,0,96
2115,199295,64.32999935746193,0.03125,6.9375,0,1,96
2116,199391,66.86499953269958,0.03125,6.34375,0,0,96
2117,199487,64.04333320260048,0.07291666666666663,6.104166666666667,0,0,96
2118,199583,64.46166649460793,0.02083333333333337,7.239583333333333,0,0,96
2119,199679,65.38499909639359,0.02083333333333337,6.90625,0,0,96
2120,199775,62.049999326467514,0.0625,6.4375,0,3,96
2121,199871,72.58833466470242,0.02083333333333337,5.260416666666667,0,0,96
2122,199967,62.75333244353533,0.03125,7.104166666666667,0,2,96
2123,200063,62.62499974668026,0.08333333333333337,6.09375,0,1,96
2124,200159,70.63000011444092,0.0,6.1875,0,0,96
2125,200255,58.5833323597908,0.09375,6.541666666666667,0,3,96
2126,200351,63.119999796152115,0.0625,6.5625,0,0,96
2127,200447,67.52499902248383,0.02083333333333337,6.53125,0,0,96
2128,200543,65.11999906599522,0.03125,6.5625,0,2,96
2129,200639,70.82333344221115,0.0,6.104166666666667,0,0,96
2130,200735,65.36333280801773,0.03125,6.791666666666667,0,0,96
2131,200831,63.690000995993614,0.03125,7.125,0,1,96
2132,200927,69.78666695952415,0.02083333333333337,5.958333333333333,0,0,96
2133,201023,61.3066665455699,0.0625,6.708333333333333,0,2,96
2134,201119,72.24166679382324,0.0,5.927083333333333,0,0,96
2135,201215,66.43333412706852,0.0625,5.666666666666667,0,0,96
2136,201311,62.47666531801224,0.05208333333333337,7.083333333333333,0,0,96
2137,201407,65.96999955177307,0.02083333333333337,6.9375,0,0,96
2138,201503,58.8583327755332,0.08333333333333337,6.885416666666667,0,2,96
2139,201599,65.14999929070473,0.0,7.5,0,0,96
2140,201695,67.90499976277351,0.01041666666666663,6.65625,0,0,96
2141,201791,68.72000014781952,0.01041666666666663,6.125,0,2,96
2142,201887,69.7933336943388,0.02083333333333337,5.854166666666667,0,1,96
2143,201983,61.694999635219574,0.04166666666666663,6.90625,0,4,96
2144,202079,66.24499954283237,0.0,7.21875,0,1,96
2145,202175,65.35000057518482,0.04166666666666663,6.0,0,2,96
2146,202271,63.80166605114937,0.04166666666666663,6.802083333333333,0,1,96
2147,202367,71.25666683912277,0.0,6.083333333333333,0,0,96
2148,202463,61.136667251586914,0.03125,7.645833333333333,0,1,96
2149,202559,54.85166588425636,0.14583333333333337,6.427083333333333,0,2,96
2150,202655,70.06666654348373,0.01041666666666663,6.145833333333333,0,0,96
2151,202751,69.27999947965145,0.0,6.375,0,1,96
2152,202847,63.80333322286606,0.0625,6.416666666666667,0,0,96
2153,202943,69.61166678369045,0.02083333333333337,5.989583333333333,0,0,96
2154,203039,62.50833386182785,0.0,8.260416666666666,0,0,96
2155,203135,61.231666430830956,0.03125,6.739583333333333,0,7,96
2156,203231,53.58833310008049,0.125,7.447916666666667,0,0,96
2157,203327,69.87833324074745,0.0,6.135416666666667,0,2,96
2158,203423,64.5349988937378,0.04166666666666663,6.65625,0,1,96
2159,203519,62.83999952673912,0.05208333333333337,6.5,0,3,96
2160,203615,63.91166650503874,0.05208333333333337,6.489583333333333,0,1,96
2161,203711,64.42666663229465,0.07291666666666663,5.958333333333333,0,1,96
2162,203807,63.608332112431526,0.03125,6.885416666666667,0,2,96
2163,203903,63.03166621923447,0.03125,7.302083333333333,0,0,96
2164,203999,68.41000056266785,0.04166666666666663,5.8125,0,0,96
2165,204095,59.784999400377274,0.08333333333333337,6.65625,0,1,96
2166,204191,64.8216654509306,0.04166666666666663,6.614583333333333,0,1,96
2167,204287,61.90999986231327,0.08333333333333337,6.0625,0,2,96
2168,204383,63.31500059366226,0.09375,5.78125,0,0,96
2169,204479,71.5883337855339,0.0,5.947916666666667,0,0,96
2170,204575,64.71999853849411,0.02083333333333337,7.25,0,0,96
2171,204671,65.0649996548891,0.05208333333333337,6.40625,0,0,96
2172,204767,64.89666587114334,0.03125,6.833333333333333,0,0,96
2173,204863,63.75499941408634,0.0625,6.46875,0,0,96
2174,204959,70.74500046670437,0.0,5.96875,0,1,96
2175,205055,66.6566656678915,0.01041666666666663,6.770833333333333,0,1,96
2176,205151,61.6099998652935,0.07291666666666663,6.5625,0,1,96
2177,205247,69.02333372831345,0.01041666666666663,5.979166666666667,0,2,96
2178,205343,67.70833346247673,0.01041666666666663,6.135416666666667,0,4,96
2179,205439,64.81999972462654,0.03125,6.9375,0,0,96
2180,205535,59.068332366645336,0.08333333333333337,6.947916666666667,0,1,96
2181,205631,60.786666333675385,0.04166666666666663,7.395833333333333,0,2,96
2182,205727,62.971666380763054,0.03125,7.302083333333333,0,1,96
2183,205823,64.65000075101852,0.01041666666666663,7.4375,0,0,96
2184,205919,63.95833247900009,0.04166666666666663,6.635416666666667,0,2,96
2185,206015,66.34666509926319,0.01041666666666663,6.895833333333333,0,1,96
2186,206111,65.73666583001614,0.01041666666666663,6.958333333333333,0,2,96
2187,206207,71.16666734218597,0.01041666666666663,5.770833333333333,0,0,96
2188,206303,62.50333288311958,0.03125,7.229166666666667,0,2,96
2189,206399,65.1049996316433,0.05208333333333337,6.21875,0,1,96
2190,206495,61.6049994751811,0.03125,7.46875,0,1,96
2191,206591,63.03333160281181,0.05208333333333337,6.979166666666667,0,0,96
2192,206687,71.47166782617569,0.03125,5.364583333333333,0,0,96
2193,206783,63.006665736436844,0.05208333333333337,6.958333333333333,0,0,96
2194,206879,59.511665523052216,0.08333333333333337,7.052083333333333,0,0,96
2195,206975,63.07500088214874,0.02083333333333337,7.71875,0,0,96
2196,207071,68.44833362102509,0.03125,5.947916666666667,0,0,96
2197,207167,63.21999940276146,0.03125,7.3125,0,0,96
2198,207263,60.23333342373371,0.05208333333333337,7.354166666666667,0,2,96
2199,207359,67.34999948740005,0.0,7.0625,0,0,96
2200,207455,63.28499999642372,0.02083333333333337,7.46875,0,1,96
2201,207551,66.07666705548763,0.0625,5.833333333333333,0,0,96
2202,207647,66.60166582465172,0.01041666666666663,6.739583333333333,0,2,96
2203,207743,71.26166689395905,0.0,6.052083333333333,0,0,96
2204,207839,62.69999858736992,0.04166666666666663,7.0,0,2,96
2205,207935,62.228331595659256,0.05208333333333337,6.947916666666667,0,1,96
2206,208031,66.14999970793724,0.03125,6.4375,0,0,96
2207,208127,55.75166577100754,0.10416666666666663,7.177083333333333,0,1,96
2208,208223,71.52166719734669,0.0,5.864583333333333,0,1,96
2209,208319,64.13499882817268,0.04166666666666663,6.90625,0,0,96
2210,208415,59.57166554033756,0.09375,6.614583333333333,0,1,96
2211,208511,66.70333361625671,0.05208333333333337,5.979166666666667,0,0,96
2212,208607,64.4583342820406,0.09375,5.385416666666667,0,1,96
2213,208703,69.26666735112667,0.03125,5.770833333333333,0,0,96
2214,208799,51.3666662722826,0.17708333333333337,6.458333333333333,0,2,96
2215,208895,68.75666624307632,0.0,6.583333333333333,0,0,96
2216,208991,64.52166512608528,0.03125,7.052083333333333,0,0,96
2217,209087,58.69833263754845,0.09375,6.572916666666667,0,2,96
2218,209183,60.533332914114,0.05208333333333337,7.291666666666667,0,2,96
2219,209279,66.09166599810123,0.03125,6.364583333333333,0,2,96
2220,209375,66.13333189487457,0.02083333333333337,6.791666666666667,0,1,96
2221,209471,64.29333332180977,0.01041666666666663,7.604166666666667,0,0,96
2222,209567,66.95666670799255,0.04166666666666663,6.020833333333333,0,1,96
2223,209663,69.31000135838985,0.05208333333333337,5.25,0,1,96
2224,209759,72.93000090122223,0.0,5.5625,0,0,96
2225,209855,72.6066677570343,0.01041666666666663,5.520833333333333,0,0,96
2226,209951,69.03833389282227,0.02083333333333337,6.072916666666667,0,0,96
2227,210047,70.85499978065491,0.0,6.21875,0,0,96
2228,210143,64.94999951124191,0.0,7.625,0,0,96
2229,210239,70.68000082671642,0.03125,5.5625,0,0,96
2230,210335,59.77500048279762,0.10416666666666663,6.09375,0,2,96
2231,210431,64.05666661262512,0.02083333333333337,7.395833333333333,0,0,96
2232,210527,66.53499928116798,0.02083333333333337,6.71875,0,0,96
2233,210623,66.11166688799858,0.0625,5.927083333333333,0,0,96
2234,210719,65.06999930739403,0.03125,6.6875,0,1,96
2235,210815,56.15833240002394,0.09375,7.010416666666667,0,3,96
2236,210911,61.488332614302635,0.07291666666666663,6.572916666666667,0,1,96
2237,211007,65.95166653394699,0.05208333333333337,6.177083333333333,0,0,96
2238,211103,68.79500079154968,0.04166666666666663,5.71875,0,0,96
2239,211199,62.51333229243755,0.05208333333333337,6.729166666666667,0,2,96
2240,211295,65.85833218693733,0.03125,6.697916666666667,0,0,96
2241,211391,68.21333292126656,0.02083333333333337,6.354166666666667,0,0,96
2242,211487,63.68833300471306,0.04166666666666663,7.010416666666667,0,0,96
2243,211583,57.07166601717472,0.10416666666666663,6.552083333333333,0,4,96
2244,211679,68.21333394944668,0.03125,5.854166666666667,0,1,96
2245,211775,61.2049992531538,0.07291666666666663,6.59375,0,2,96
2246,211871,59.32499918341637,0.08333333333333337,6.96875,0,0,96
2247,211967,70.08833436667919,0.04166666666666663,5.447916666666667,0,0,96
2248,212063,66.28999964892864,0.03125,6.3125,0,1,96
2249,212159,67.845000192523,0.04166666666666663,5.96875,0,0,96
2250,212255,58.26166591048241,0.11458333333333337,6.614583333333333,0,0,96
2251,212351,63.191668063402176,0.01041666666666663,7.864583333333333,0,0,96
2252,212447,66.07833211123943,0.02083333333333337,6.697916666666667,0,1,96
2253,212543,65.49333362281322,0.01041666666666663,7.166666666666667,0,1,96
2254,212639,67.57166588306427,0.0,6.864583333333333,0,0,96
2255,212735,71.80000019073486,0.0,6.0,0,0,96
2256,212831,69.84500037133694,0.01041666666666663,5.96875,0,1,96
2257,212927,64.2216659039259,0.04166666666666663,6.552083333333333,0,2,96
2258,213023,52.54666641354561,0.15625,7.020833333333333,0,0,96
2259,213119,58.683333456516266,0.08333333333333337,7.291666666666667,0,0,96
2260,213215,72.62666821479797,0.02083333333333337,5.083333333333333,0,1,96
2261,213311,72.85833482444286,0.02083333333333337,5.197916666666667,0,0,96
2262,213407,70.55833393335342,0.01041666666666663,5.885416666666667,0,0,96
2263,213503,70.26166707277298,0.02083333333333337,5.864583333333333,0,0,96
2264,213599,71.1733335852623,0.01041666666666663,5.854166666666667,0,0,96
2265,213695,57.855000004172325,0.10416666666666663,6.34375,0,4,96
2266,213791,70.96500013768673,0.0,6.03125,0,1,96
2267,213887,68.13999998569489,0.03125,6.125,0,0,96
2268,213983,67.01999959349632,0.01041666666666663,6.5,0,1,96
2269,214079,64.42500014603138,0.0625,6.09375,0,1,96
2270,214175,58.244998782873154,0.09375,6.90625,0,1,96
2271,214271,72.25000041723251,0.0,5.875,0,0,96
2272,214367,61.934999749064445,0.03125,7.46875,0,1,96
2273,214463,61.57333308458328,0.04166666666666663,6.916666666666667,0,1,96
2274,214559,64.69833239912987,0.02083333333333337,7.197916666666667,0,0,96
2275,214655,71.02666670084,0.0,6.083333333333333,0,0,96
2276,214751,67.57499906420708,0.0,6.84375,0,0,96
2277,214847,73.18000090122223,0.0,5.625,0,0,96
2278,214943,66.05666491389275,0.02083333333333337,6.958333333333333,0,0,96
2279,215039,72.55000042915344,0.0,5.8125,0,0,96
2280,215135,67.65833280980587,0.02083333333333337,6.447916666666667,0,0,96
2281,215231,57.30000023543835,0.14583333333333337,5.875,0,1,96
2282,215327,64.71333262324333,0.02083333333333337,7.291666666666667,0,0,96
2283,215423,64.08500013500452,0.05208333333333337,6.21875,0,1,96
2284,215519,69.80666683241725,0.0,6.083333333333333,0,1,96
2285,215615,64.26333313435316,0.03125,6.854166666666667,0,1,96
2286,215711,70.02666682004929,0.0,6.083333333333333,0,1,96
2287,215807,70.04166762530804,0.02083333333333337,5.552083333333333,0,2,96
2288,215903,63.73499956727028,0.01041666666666663,7.65625,0,0,96
2289,215999,62.068334225565195,0.01041666666666663,7.822916666666667,0,1,96
2290,216095,64.99166613817215,0.01041666666666663,7.302083333333333,0,1,96
2291,216191,64.1733325868845,0.03125,6.729166666666667,0,3,96
2292,216287,66.8249998241663,0.02083333333333337,6.34375,0,2,96
2293,216383,61.98333302140236,0.05208333333333337,6.791666666666667,0,1,96
2294,216479,60.099999487400055,0.08333333333333337,6.375,0,3,96
2295,216575,62.4833328127861,0.05208333333333337,6.916666666666667,0,0,96
2296,216671,62.63500116765499,0.10416666666666663,5.34375,0,3,96
2297,216767,60.595000363886356,0.10416666666666663,5.96875,0,2,96
2298,216863,57.88333222270012,0.08333333333333337,7.104166666666667,0,1,96
2299,216959,67.57333368062973,0.04166666666666663,5.979166666666667,0,0,96
2300,217055,72.07166689634323,0.0,5.864583333333333,0,0,96
2301,217151,67.07833242416382,0.01041666666666663,6.760416666666667,0,1,96
2302,217247,65.66666603088379,0.01041666666666663,7.083333333333333,0,1,96
2303,217343,63.8466659784317,0.02083333333333337,7.270833333333333,0,0,96
2304,217439,65.69333198666573,0.01041666666666663,7.104166666666667,0,0,96
2305,217535,65.68499904870987,0.01041666666666663,7.21875,0,0,96
2306,217631,57.78833417594433,0.03125,7.947916666666667,0,1,96
2307,217727,63.144998878240585,0.04166666666666663,6.90625,0,0,96
2308,217823,65.28000035881996,0.0,7.5625,0,0,96
2309,217919,70.338333517313,0.01041666666666663,6.072916666666667,0,0,96
2310,218015,70.20500034093857,0.0,6.21875,0,0,96
2311,218111,64.19999876618385,0.03125,6.9375,0,1,96
2312,218207,70.96999990940094,0.0,6.125,0,0,96
2313,218303,62.84833325445652,0.0625,6.385416666666667,0,2,96
2314,218399,64.05166547000408,0.03125,6.739583333333333,0,2,96
2315,218495,67.05666491389275,0.01041666666666663,6.958333333333333,0,0,96
2316,218591,63.67999824881554,0.04166666666666663,7.0,0,0,96
2317,218687,66.5500003695488,0.05208333333333337,5.9375,0,0,96
2318,218783,68.54000009596348,0.02083333333333337,6.125,0,0,96
2319,218879,67.75833323597908,0.02083333333333337,6.322916666666667,0,1,96
2320,218975,71.05833348631859,0.0,6.072916666666667,0,0,96
2321,219071,64.51333284378052,0.02083333333333337,7.354166666666667,0,0,96
2322,219167,64.56499932706356,0.04166666666666663,6.78125,0,0,96
2323,219263,67.04166543483734,0.01041666666666663,6.802083333333333,0,0,96
2324,219359,71.93500064313412,0.01041666666666663,5.71875,0,0,96
2325,219455,63.616666823625565,0.0,7.770833333333333,0,0,96
2326,219551,69.71000099182129,0.01041666666666663,5.9375,0,1,96
2327,219647,65.26166754961014,0.08333333333333337,5.489583333333333,0,1,96
2328,219743,61.28666681051254,0.07291666666666663,6.645833333333333,0,1,96
2329,219839,61.75999981164932,0.05208333333333337,7.25,0,0,96
2330,219935,63.325000911951065,0.02083333333333337,7.59375,0,0,96
2331,220031,69.81666654348373,0.01041666666666663,6.145833333333333,0,0,96
2332,220127,69.4916672706604,0.02083333333333337,5.989583333333333,0,0,96
2333,220223,71.76000022888184,0.0,5.9375,0,0,96
2334,220319,70.25666704773903,0.01041666666666663,5.895833333333333,0,1,96
2335,220415,67.93833395838737,0.04166666666666663,5.697916666666667,0,1,96
2336,220511,59.764999121427536,0.08333333333333337,6.65625,0,2,96
2337,220607,57.983333855867386,0.125,6.041666666666667,0,2,96
2338,220703,62.51833289116621,0.0625,6.447916666666667,0,1,96
2339,220799,68.41666814684868,0.0625,5.145833333333333,0,1,96
2340,220895,70.74000053107738,0.01041666666666663,5.9375,0,0,96
2341,220991,65.33333449065685,0.05208333333333337,6.291666666666667,0,0,96
2342,221087,69.52500119805336,0.05208333333333337,5.34375,0,0,96
2343,221183,61.025000277906656,0.02083333333333337,7.96875,0,1,96
2344,221279,68.93166807293892,0.0625,5.239583333333333,0,0,96
2345,221375,71.00333327054977,0.0,6.166666666666667,0,0,96
2346,221471,59.66000057756901,0.125,5.75,0,2,96
2347,221567,68.84499967098236,0.01041666666666663,6.34375,0,0,96
2348,221663,71.47000062465668,0.01041666666666663,5.75,0,0,96
2349,221759,68.16500028967857,0.03125,5.96875,0,1,96
2350,221855,58.82666617631912,0.08333333333333337,7.208333333333333,0,0,96
2351,221951,60.17333409190178,0.11458333333333337,5.541666666666667,0,4,96
2352,222047,60.94166764616966,0.10416666666666663,5.989583333333333,0,1,96
2353,222143,62.61333368718624,0.08333333333333337,5.979166666666667,0,2,96
2354,222239,41.638333052396774,0.29166666666666663,6.385416666666667,0,1,96
2355,222335,56.69333258271217,0.125,6.604166666666667,0,1,96
2356,222431,71.5600004196167,0.0,6.0,0,0,96
2357,222527,59.91166704893112,0.0625,7.302083333333333,0,1,96
2358,222623,66.21666553616524,0.03125,6.583333333333333,0,0,96
2359,222719,64.42833341285586,0.03125,6.322916666666667,0,3,96
2360,222815,56.57166722416878,0.16666666666666663,5.489583333333333,0,2,96
2361,222911,70.6616679430008,0.04166666666666663,5.302083333333333,0,0,96
2362,223007,58.41333293914795,0.09375,6.416666666666667,0,4,96
2363,223103,70.2566672116518,0.0,5.895833333333333,0,3,96
2364,223199,71.90000009536743,0.0,6.0,0,0,96
2365,223295,67.23499876260757,0.02083333333333337,6.65625,0,0,96
2366,223391,60.79166602343321,0.08333333333333337,6.552083333333333,0,1,96
2367,223487,66.69333225488663,0.01041666666666663,6.916666666666667,0,0,96
2368,223583,63.701665848493576,0.05208333333333337,6.739583333333333,0,0,96
2369,223679,64.47500121593475,0.0,7.84375,0,0,96
2370,223775,67.8033338189125,0.04166666666666663,5.791666666666667,0,1,96
2371,223871,61.61999875307083,0.0625,6.9375,0,0,96
2372,223967,62.680000334978104,0.08333333333333337,6.0,0,1,96
2373,224063,68.78500078618526,0.04166666666666663,5.59375,0,1,96
2374,224159,62.623332142829895,0.0625,6.666666666666667,0,1,96
2375,224255,66.36833365261555,0.05208333333333337,5.947916666666667,0,1,96
2376,224351,63.84666655957699,0.07291666666666663,6.083333333333333,0,1,96
2377,224447,72.33500051498413,0.0,5.78125,0,0,96
2378,224543,65.1466674208641,0.07291666666666663,5.708333333333333,0,1,96
2379,224639,62.30999967455864,0.07291666666666663,6.3125,0,1,96
2380,224735,65.1133331656456,0.05208333333333337,6.104166666666667,0,2,96
2381,224831,71.78000020980835,0.0,6.0,0,0,96
2382,224927,65.49833276867867,0.01041666666666663,7.260416666666667,0,0,96
2383,225023,71.25333416461945,0.01041666666666663,5.791666666666667,0,0,96
2384,225119,54.54666646569967,0.11458333333333337,6.770833333333333,0,5,96
2385,225215,65.28833424299955,0.07291666666666663,5.697916666666667,0,1,96
2386,225311,59.934999257326126,0.07291666666666663,7.21875,0,0,96
2387,225407,59.57333353161812,0.05208333333333337,7.541666666666667,0,1,96
2388,225503,69.9633337855339,0.02083333333333337,5.916666666666667,0,0,96
2389,225599,61.32999965548515,0.05208333333333337,7.375,0,0,96
2390,225695,60.41166712343693,0.11458333333333337,5.802083333333333,0,2,96
2391,225791,69.96333345770836,0.0,6.104166666666667,0,2,96
2392,225887,57.62833322584629,0.13541666666666663,6.135416666666667,0,1,96
2393,225983,62.41999975591898,0.05208333333333337,6.625,0,2,96
2394,226079,60.61166600883007,0.08333333333333337,6.427083333333333,0,2,96
2395,226175,71.03666722774506,0.02083333333333337,5.708333333333333,0,0,96
2396,226271,65.15499871969223,0.03125,6.78125,0,1,96
2397,226367,65.79166507720947,0.02083333333333337,6.802083333333333,0,1,96
2398,226463,71.69833366572857,0.0,5.885416666666667,0,1,96
2399,226559,68.15166680514812,0.04166666666666663,5.927083333333333,0,0,96
2400,226655,67.88166731595993,0.04166666666666663,5.677083333333333,0,2,96
2401,226751,62.4116677492857,0.03125,7.302083333333333,0,1,96
2402,226847,71.72833429276943,0.02083333333333337,5.510416666666667,0,0,96
2403,226943,67.56166678667068,0.04166666666666663,5.989583333333333,0,0,96
2404,227039,71.18500077724457,0.02083333333333337,5.65625,0,0,96
2405,227135,68.98499934375286,0.01041666666666663,6.40625,0,0,96
2406,227231,64.0450000166893,0.07291666666666663,5.96875,0,1,96
2407,227327,70.1816673129797,0.03125,5.677083333333333,0,0,96
2408,227423,68.74000060558319,0.04166666666666663,5.75,0,0,96
2409,227519,69.76666775345802,0.04166666666666663,5.395833333333333,0,1,96
2410,227615,66.02333444356918,0.07291666666666663,5.354166666666667,0,2,96
2411,227711,65.94999986886978,0.04166666666666663,6.125,0,1,96
2412,227807,58.813332587480545,0.09375,6.854166666666667,0,1,96
2413,227903,68.07499980926514,0.03125,6.15625,0,0,96
2414,227999,54.43166607618332,0.125,7.114583333333333,0,1,96
2415,228095,63.3433321416378,0.05208333333333337,6.729166666666667,0,0,96
2416,228191,59.215000689029694,0.0625,7.34375,0,2,96
2417,228287,65.02500006556511,0.05208333333333337,6.15625,0,1,96
2418,228383,68.78499990701675,0.02083333333333337,6.15625,0,0,96
2419,228479,57.88833348453045,0.13541666666666663,5.947916666666667,0,2,96
2420,228575,71.60333389043808,0.01041666666666663,5.791666666666667,0,0,96
2421,228671,72.72333453595638,0.01041666666666663,5.479166666666667,0,0,96
2422,228767,66.87500014901161,0.04166666666666663,6.03125,0,1,96
2423,228863,59.74666668474674,0.10416666666666663,6.083333333333333,0,2,96
2424,228959,64.16666631400585,0.0625,6.395833333333333,0,0,96
2425,229055,65.50499819219112,0.02083333333333337,6.96875,0,1,96
2426,229151,71.72000026702881,0.0,6.0,0,0,96
2427,229247,66.25666688382626,0.03125,6.020833333333333,0,4,96
2428,229343,58.69000022113323,0.07291666666666663,7.0,0,3,96
2429,229439,60.08833332359791,0.08333333333333337,6.135416666666667,0,5,96
2430,229535,63.7483324110508,0.04166666666666663,7.010416666666667,0,0,96
2431,229631,69.54333338141441,0.01041666666666663,6.104166666666667,0,1,96
2432,229727,58.0583326369524,0.10416666666666663,6.635416666666667,0,1,96
2433,229823,68.04000060260296,0.03125,5.9375,0,0,96
2434,229919,61.97499838471413,0.0625,6.84375,0,1,96
2435,230015,61.72333239018917,0.05208333333333337,6.916666666666667,0,2,96
2436,230111,61.04333212971687,0.07291666666666663,6.666666666666667,0,1,96
2437,230207,65.00166502594948,0.02083333333333337,7.114583333333333,0,0,96
2438,230303,60.38833300769329,0.10416666666666663,6.260416666666667,0,0,96
2439,230399,56.56333269178867,0.10416666666666663,7.166666666666667,0,1,96
2440,230495,64.58999860286713,0.04166666666666663,6.8125,0,0,96
2441,230591,63.47499951720238,0.05208333333333337,6.65625,0,0,96
2442,230687,66.29333391785622,0.0625,5.666666666666667,0,1,96
2443,230783,65.40333271026611,0.04166666666666663,6.479166666666667,0,0,96
2444,230879,51.91166729386896,0.19791666666666663,5.552083333333333,0,3,96
2445,230975,66.4266654998064,0.02083333333333337,6.645833333333333,0,1,96
2446,231071,66.26333209872246,0.03125,6.666666666666667,0,0,96
2447,231167,66.381666213274,0.01041666666666663,7.052083333333333,0,0,96
2448,231263,66.19666570425034,0.02083333333333337,6.833333333333333,0,0,96
2449,231359,60.86499911546707,0.08333333333333337,6.71875,0,0,96
2450,231455,64.39999973773956,0.01041666666666663,7.4375,0,1,96
2451,231551,70.66500002145767,0.0,6.09375,0,0,96
2452,231647,61.94999858736992,0.07291666666666663,6.75,0,0,96
2453,231743,57.3099999576807,0.07291666666666663,7.25,0,3,96
2454,231839,61.22999969124794,0.0625,7.0,0,0,96
2455,231935,60.24999935925007,0.0625,7.125,0,1,96
2456,232031,72.2916671037674,0.0,5.864583333333333,0,0,96
2457,232127,63.139999747276306,0.07291666666666663,6.125,0,2,96
2458,232223,56.33833234012127,0.13541666666666663,6.635416666666667,0,0,96
2459,232319,69.27500109374523,0.04166666666666663,5.46875,0,1,96
2460,232415,57.49999877810478,0.11458333333333337,6.625,0,1,96
2461,232511,65.49333450198174,0.08333333333333337,5.479166666666667,0,0,96
2462,232607,68.76333183050156,0.0,6.791666666666667,0,0,96
2463,232703,63.55166529119015,0.05208333333333337,6.802083333333333,0,0,96
2464,232799,65.80000042915344,0.07291666666666663,5.75,0,0,96
2465,232895,73.40000116825104,0.01041666666666663,5.375,0,0,96
2466,232991,73.53000092506409,0.0,5.5625,0,0,96
2467,233087,70.3566680252552,0.04166666666666663,5.145833333333333,0,1,96
2468,233183,59.0866663902998,0.05208333333333337,7.583333333333333,0,1,96
2469,233279,70.59500050544739,0.01041666666666663,5.96875,0,0,96
2470,233375,65.57333269715309,0.05208333333333337,6.291666666666667,0,0,96
2471,233471,63.17166584730148,0.04166666666666663,6.614583333333333,0,1,96
2472,233567,59.279999136924744,0.09375,6.5625,0,2,96
2473,233663,61.636665880680084,0.05208333333333337,7.083333333333333,0,1,96
2474,233759,64.85333204269409,0.02083333333333337,7.229166666666667,0,0,96
2475,233855,68.12999965250492,0.03125,6.1875,0,0,96
2476,233951,62.88999927043915,0.05208333333333337,6.875,0,0,96
2477,234047,62.86833277344704,0.01041666666666663,7.885416666666667,0,0,96
2478,234143,63.01500016450882,0.02083333333333337,7.59375,0,0,96
2479,234239,64.75333352386951,0.0625,6.041666666666667,0,1,96
2480,234335,71.94000005722046,0.0,6.0,0,0,96
2481,234431,68.47333377599716,0.03125,5.916666666666667,0,0,96
2482,234527,53.83833350241184,0.15625,6.197916666666667,0,3,96
2483,234623,63.760000824928284,0.09375,5.5625,0,1,96
2484,234719,64.3383321762085,0.05208333333333337,6.635416666666667,0,0,96
2485,234815,60.76833337545395,0.04166666666666663,7.572916666666667,0,0,96
2486,234911,61.4349989593029,0.0625,6.90625,0,1,96
2487,235007,68.081667304039,0.04166666666666663,5.739583333333333,0,1,96
2488,235103,65.41666604578495,0.01041666666666663,7.145833333333333,0,1,96
2489,235199,64.3099997639656,0.03125,7.0625,0,0,96
2490,235295,29.193333193659782,0.45833333333333337,5.541666666666667,0,0,96
2491,235391,49.48166650533676,0.19791666666666663,6.489583333333333,0,2,96
2492,235487,60.20333333313465,0.09375,6.229166666666667,0,2,96
2493,235583,65.06500074267387,0.08333333333333337,5.65625,0,0,96
2494,235679,71.6966682523489,0.03125,5.208333333333333,0,0,96
2495,235775,61.78499981760979,0.08333333333333337,6.28125,0,1,96
2496,235871,57.13000053167343,0.07291666666666663,7.5625,0,2,96
2497,235967,61.448334246873856,0.125,5.510416666666667,0,0,96
2498,236063,66.84833355247974,0.05208333333333337,5.947916666666667,0,0,96
2499,236159,71.78000092506409,0.0,5.8125,0,0,96
2500,236255,62.07666715979576,0.11458333333333337,5.708333333333333,0,0,96
2501,236351,68.55833354592323,0.02083333333333337,6.197916666666667,0,0,96
2502,236447,63.59666599333286,0.04166666666666663,6.708333333333333,0,2,96
2503,236543,56.778333604335785,0.15625,5.947916666666667,0,0,96
2504,236639,72.23166716098785,0.0,5.864583333333333,0,0,96
2505,236735,59.056665897369385,0.10416666666666663,6.458333333333333,0,1,96
2506,236831,63.470000192523,0.07291666666666663,6.0,0,1,96
2507,236927,53.60833276808262,0.14583333333333337,6.510416666666667,0,3,96
2508,237023,71.80000019073486,0.0,6.0,0,0,96
2509,237119,58.4066658616066,0.09375,6.645833333333333,0,3,96
2510,237215,54.05166629701853,0.13541666666666663,6.427083333333333,0,4,96
2511,237311,69.78333401679993,0.02083333333333337,5.854166666666667,0,0,96
2512,237407,54.501666352152824,0.14583333333333337,6.302083333333333,0,3,96
2513,237503,64.04333236813545,0.04166666666666663,6.604166666666667,0,2,96
2514,237599,53.68999902904034,0.13541666666666663,6.8125,0,3,96
2515,237695,58.03499947488308,0.11458333333333337,6.28125,0,2,96
2516,237791,54.724999621510506,0.14583333333333337,6.59375,0,1,96
2517,237887,71.58833418786526,0.01041666666666663,5.697916666666667,0,0,96
2518,237983,67.63833411037922,0.05208333333333337,5.697916666666667,0,0,96
2519,238079,63.95666620135307,0.04166666666666663,6.958333333333333,0,0,96
2520,238175,66.70166516304016,0.02083333333333337,6.802083333333333,0,0,96
2521,238271,66.74666658043861,0.04166666666666663,6.145833333333333,0,0,96
2522,238367,62.003332912921906,0.07291666666666663,6.354166666666667,0,1,96
2523,238463,44.74333328008652,0.25,6.729166666666667,0,0,96
2524,238559,71.53666770458221,0.01041666666666663,5.645833333333333,0,0,96
2525,238655,53.8883323520422,0.13541666666666663,6.947916666666667,0,2,96
2526,238751,68.79166772961617,0.05208333333333337,5.427083333333333,0,0,96
2527,238847,46.25999994575977,0.23958333333333337,6.3125,0,2,96
2528,238943,58.27166551351547,0.10416666666666663,6.677083333333333,0,1,96
2529,239039,56.3149993121624,0.11458333333333337,6.65625,0,3,96
2530,239135,60.571665212512016,0.07291666666666663,6.802083333333333,0,2,96
2531,239231,61.921666726469994,0.08333333333333337,6.427083333333333,0,0,96
2532,239327,59.143333330750465,0.11458333333333337,5.979166666666667,0,3,96
2533,239423,59.57499926537275,0.0625,7.09375,0,2,96
2534,239519,61.58999943733215,0.07291666666666663,6.625,0,0,96
2535,239615,65.82333260774612,0.03125,6.729166666666667,0,0,96
2536,239711,73.64000134170055,0.01041666666666663,5.3125,0,0,96
2537,239807,72.40166693925858,0.0,5.864583333333333,0,0,96
2538,239903,59.123332627117634,0.08333333333333337,6.791666666666667,0,2,96
2539,239999,59.866667062044144,0.13541666666666663,5.770833333333333,0,0,96
2540,240095,45.77666571736336,0.23958333333333337,6.708333333333333,0,0,96
2541,240191,67.42666810750961,0.07291666666666663,5.145833333333333,0,1,96
2542,240287,64.37833300232887,0.02083333333333337,7.322916666666667,0,0,96
2543,240383,58.18999980390072,0.04166666666666663,8.1875,0,1,96
2544,240479,70.0766676813364,0.04166666666666663,5.458333333333333,0,0,96
2545,240575,66.39166629314423,0.0,7.364583333333333,0,0,96
2546,240671,61.678334176540375,0.05208333333333337,7.260416666666667,0,0,96
2547,240767,62.48333315551281,0.0625,6.354166666666667,0,3,96
2548,240863,65.78833177685738,0.01041666666666663,7.072916666666667,0,1,96
2549,240959,72.02666717767715,0.0,5.895833333333333,0,0,96
2550,241055,60.98999923467636,0.07291666666666663,6.875,0,0,96
2551,241151,67.54833410680294,0.05208333333333337,5.635416666666667,0,1,96
2552,241247,66.97999814152718,0.01041666666666663,7.0,0,0,96
2553,241343,62.048331797122955,0.0625,6.885416666666667,0,0,96
2554,241439,73.41333419084549,0.0,5.541666666666667,0,0,96
2555,241535,61.30833476781845,0.02083333333333337,8.135416666666666,0,0,96
2556,241631,59.083333656191826,0.0625,7.479166666666667,0,0,96
2557,241727,63.77499978244305,0.0625,6.15625,0,2,96
2558,241823,54.78166565299034,0.11458333333333337,6.739583333333333,0,5,96
2559,241919,52.73499920964241,0.16666666666666663,6.78125,0,0,96
2560,242015,59.92999830842018,0.08333333333333337,7.0,0,0,96
2561,242111,63.31833274662495,0.0625,6.322916666666667,0,2,96
2562,242207,61.069998770952225,0.0625,7.0,0,1,96
2563,242303,59.18666584789753,0.09375,6.520833333333333,0,2,96
2564,242399,52.738332621753216,0.15625,6.572916666666667,0,2,96
2565,242495,66.27833214402199,0.01041666666666663,7.135416666666667,0,0,96
2566,242591,61.9866668432951,0.07291666666666663,6.333333333333333,0,2,96
2567,242687,66.03833249211311,0.01041666666666663,7.197916666666667,0,0,96
2568,242783,64.94999933242798,0.05208333333333337,6.375,0,0,96
2569,242879,66.88666516542435,0.01041666666666663,6.895833333333333,0,0,96
2570,242975,54.23499993979931,0.13541666666666663,6.71875,0,3,96
2571,243071,62.06000138819218,0.125,5.4375,0,0,96
2572,243167,52.77499932050705,0.13541666666666663,7.21875,0,1,96
2573,243263,66.63333371281624,0.0625,5.791666666666667,0,0,96
2574,243359,65.9633324444294,0.0,7.354166666666667,0,0,96
2575,243455,61.82166591286659,0.0625,6.552083333333333,0,2,96
2576,243551,63.34999951720238,0.05208333333333337,6.75,0,0,96
2577,243647,59.15833296626806,0.08333333333333337,6.697916666666667,0,2,96
2578,243743,54.88166606426239,0.125,6.489583333333333,0,4,96
2579,243839,68.37999832630157,0.0,6.875,0,0,96
2580,243935,70.6100005954504,0.01041666666666663,5.9375,0,0,96
2581,244031,60.95833268761635,0.0625,7.010416666666667,0,1,96
2582,244127,67.83333273231983,0.01041666666666663,6.416666666666667,0,2,96
2583,244223,73.03333429992199,0.01041666666666663,5.479166666666667,0,0,96
2584,244319,63.76666606962681,0.04166666666666663,6.520833333333333,0,2,96
2585,244415,67.60000056028366,0.04166666666666663,5.8125,0,1,96
2586,244511,63.345000088214874,0.05208333333333337,6.59375,0,1,96
2587,244607,70.88833452761173,0.03125,5.447916666666667,0,0,96
2588,244703,62.114999294281006,0.0625,6.84375,0,0,96
2589,244799,61.0850003361702,0.04166666666666663,7.28125,0,2,96
2590,244895,57.21333321928978,0.13541666666666663,6.166666666666667,0,1,96
2591,244991,59.288331896066666,0.08333333333333337,6.822916666666667,0,2,96
2592,245087,71.0133343487978,0.01041666666666663,5.791666666666667,0,0,96
2593,245183,55.53500013053417,0.14583333333333337,5.96875,0,4,96
2594,245279,50.26166579127312,0.14583333333333337,6.677083333333333,0,7,96
2595,245375,62.63166564702988,0.02083333333333337,7.177083333333333,0,4,96
2596,245471,68.21833366155624,0.04166666666666663,5.760416666666667,0,1,96
2597,245567,60.80333309620619,0.04166666666666663,6.916666666666667,0,5,96
2598,245663,62.72166548669338,0.05208333333333337,6.677083333333333,0,1,96
2599,245759,64.28166624903679,0.04166666666666663,6.364583333333333,0,3,96
2600,245855,70.14000156521797,0.05208333333333337,5.1875,0,0,96
2601,245951,63.71499913185835,0.05208333333333337,6.59375,0,1,96
2602,246047,62.9133323431015,0.04166666666666663,7.104166666666667,0,1,96
2603,246143,60.66333298385143,0.08333333333333337,6.229166666666667,0,3,96
2604,246239,60.57666572928429,0.07291666666666663,6.770833333333333,0,2,96
2605,246335,59.318333089351654,0.07291666666666663,7.197916666666667,0,1,96
2606,246431,59.18333297222853,0.0625,6.791666666666667,0,5,96
2607,246527,62.956666231155396,0.0625,6.458333333333333,0,1,96
2608,246623,61.539999358356,0.05208333333333337,7.0,0,2,96
2609,246719,59.696667984128,0.14583333333333337,5.083333333333333,0,2,96
2610,246815,67.52666726708412,0.05208333333333337,5.708333333333333,0,0,96
2611,246911,66.62500114738941,0.07291666666666663,5.40625,0,1,96
2612,247007,62.348333314061165,0.08333333333333337,6.197916666666667,0,1,96
2613,247103,65.60833188891411,0.03125,6.760416666666667,0,0,96
2614,247199,55.18166571855545,0.11458333333333337,6.802083333333333,0,3,96
2615,247295,64.70166699588299,0.0625,5.989583333333333,0,1,96
2616,247391,65.63499903678894,0.03125,6.71875,0,0,96
2617,247487,67.82333391904831,0.04166666666666663,5.854166666666667,0,1,96
2618,247583,70.26666793227196,0.04166666666666663,5.270833333333333,0,1,96
2619,247679,70.39000087976456,0.02083333333333337,5.6875,0,0,96
2620,247775,64.65833228826523,0.05208333333333337,6.572916666666667,0,0,96
2621,247871,60.686666056513786,0.05208333333333337,7.208333333333333,0,2,96
2622,247967,68.05999967455864,0.03125,6.1875,0,0,96
2623,248063,61.599999845027924,0.05208333333333337,7.25,0,0,96
2624,248159,65.53500017523766,0.05208333333333337,6.03125,0,1,96
2625,248255,53.86833317577839,0.13541666666666663,7.072916666666667,0,1,96
2626,248351,66.71500007808208,0.04166666666666663,6.09375,0,1,96
2627,248447,62.64999935030937,0.04166666666666663,6.75,0,2,96
2628,248543,62.62833234667778,0.04166666666666663,7.135416666666667,0,1,96
2629,248639,68.95166718959808,0.0,5.989583333333333,0,4,96
2630,248735,63.11000008881092,0.02083333333333337,7.5,0,1,96
2631,248831,62.599999248981476,0.05208333333333337,6.625,0,1,96
2632,248927,63.42833232879639,0.02083333333333337,7.447916666666667,0,0,96
2633,249023,66.43333429098129,0.0625,5.479166666666667,0,2,96
2634,249119,67.38833168148994,0.01041666666666663,6.885416666666667,0,0,96
2635,249215,68.80166673660278,0.02083333333333337,6.239583333333333,0,0,96
2636,249311,64.13000141084194,0.09375,5.125,0,4,96
2637,249407,71.57499980926514,0.0,6.09375,0,0,96
2638,249503,72.87000147998333,0.02083333333333337,5.25,0,0,96
2639,249599,62.0699987411499,0.0625,6.8125,0,0,96
2640,249695,71.52000045776367,0.0,6.0,0,0,96
2641,249791,63.01833248138428,0.07291666666666663,6.447916666666667,0,0,96
2642,249887,62.15499868988991,0.05208333333333337,7.03125,0,1,96
2643,249983,60.241667062044144,0.07291666666666663,7.114583333333333,0,0,96
2644,250079,56.41333329677582,0.14583333333333337,6.104166666666667,0,1,96
2645,250175,71.48000019788742,0.0,6.0,0,0,96
2646,250271,62.66166549921036,0.05208333333333337,6.864583333333333,0,1,96
2647,250367,57.65166658163071,0.09375,7.114583333333333,0,0,96
2648,250463,60.9750000089407,0.05208333333333337,7.15625,0,2,96
2649,250559,56.36166626214981,0.09375,7.114583333333333,0,3,96
2650,250655,64.00000058114529,0.08333333333333337,5.75,0,1,96
2651,250751,58.17666593194008,0.10416666666666663,6.458333333333333,0,3,96
2652,250847,60.404999017715454,0.08333333333333337,6.46875,0,2,96
2653,250943,71.82499992847443,0.0,6.03125,0,0,96
2654,251039,71.78333395719528,0.0,5.854166666666667,0,0,96
2655,251135,51.918332904577255,0.15625,6.260416666666667,0,6,96
2656,251231,64.3533328473568,0.0625,6.291666666666667,0,0,96
2657,251327,53.96333301067352,0.14583333333333337,6.791666666666667,0,1,96
2658,251423,51.96333296597004,0.15625,6.979166666666667,0,1,96
2659,251519,61.133332684636116,0.08333333333333337,6.354166666666667,0,1,96
2660,251615,56.786665856838226,0.10416666666666663,6.520833333333333,0,5,96
2661,251711,68.94000039994717,0.02083333333333337,5.9375,0,1,96
2662,251807,59.318332985043526,0.08333333333333337,6.697916666666667,0,2,96
2663,251903,62.6066657602787,0.05208333333333337,6.958333333333333,0,0,96
2664,251999,67.7416674643755,0.0625,5.552083333333333,0,0,96
2665,252095,60.02500036358833,0.09375,6.59375,0,0,96
2666,252191,65.78000044822693,0.0625,5.875,0,0,96
2667,252287,65.60666730999947,0.07291666666666663,5.708333333333333,0,0,96
2668,252383,64.86999963223934,0.04166666666666663,6.5625,0,1,96
2669,252479,64.16666606068611,0.05208333333333337,6.645833333333333,0,0,96
2670,252575,71.58000040054321,0.0,6.0,0,0,96
2671,252671,63.50833261013031,0.03125,7.260416666666667,0,0,96
2672,252767,66.08000148832798,0.0625,5.9375,0,0,96
2673,252863,58.15999932587147,0.08333333333333337,7.0,0,2,96
2674,252959,58.95499914884567,0.10416666666666663,6.46875,0,2,96
2675,253055,66.97333329916,0.04166666666666663,6.041666666666667,0,1,96
2676,253151,72.23333388566971,0.0,5.791666666666667,0,0,96
2677,253247,68.48500077426434,0.05208333333333337,5.59375,0,0,96
2678,253343,58.42666730284691,0.09375,7.020833333333333,0,0,96
2679,253439,69.13333378732204,0.02083333333333337,6.104166666666667,0,0,96
2680,253535,69.193334415555,0.04166666666666663,5.416666666666667,0,1,96
2681,253631,61.87166500091553,0.0625,6.864583333333333,0,1,96
2682,253727,49.46833263337612,0.19791666666666663,6.447916666666667,0,2,96
2683,253823,70.80499976873398,0.0,6.15625,0,0,96
2684,253919,62.30499978363514,0.0625,6.59375,0,1,96
2685,254015,59.13666653633118,0.04166666666666663,8.145833333333334,0,0,96
2686,254111,59.713334918022156,0.05208333333333337,7.791666666666667,0,0,96
2687,254207,57.280000418424606,0.15625,5.8125,0,0,96
2688,254303,68.08833414316177,0.04166666666666663,5.572916666666667,0,2,96
2689,254399,63.713333517313,0.04166666666666663,6.979166666666667,0,0,96
2690,254495,65.95166486501694,0.02083333333333337,6.989583333333333,0,0,96
2691,254591,67.05000019073486,0.02083333333333337,6.625,0,0,96
2692,254687,66.81833389401436,0.0625,5.697916666666667,0,0,96
2693,254783,68.3166672885418,0.04166666666666663,5.708333333333333,0,1,96
2694,254879,55.89833289384842,0.125,6.822916666666667,0,0,96
2695,254975,71.92000007629395,0.0,6.0,0,0,96
2696,255071,60.108332455158234,0.05208333333333337,7.197916666666667,0,0,96
2697,255167,61.91666579246521,0.05208333333333337,7.083333333333333,0,0,96
2698,255263,66.54333421587944,0.05208333333333337,5.729166666666667,0,1,96
2699,255359,65.54500013589859,0.0625,5.96875,0,0,96
2700,255455,63.94999912381172,0.03125,7.25,0,0,96
2701,255551,65.22333291172981,0.01041666666666663,7.416666666666667,0,0,96
2702,255647,67.0916650891304,0.01041666666666663,6.864583333333333,0,0,96
2703,255743,62.88166669011116,0.04166666666666663,7.239583333333333,0,0,96
2704,255839,59.07499876618385,0.10416666666666663,6.71875,0,0,96
2705,255935,61.4466672539711,0.03125,7.645833333333333,0,0,96
2706,256031,57.398332983255386,0.11458333333333337,6.385416666666667,0,3,96
2707,256127,64.54833272099495,0.05208333333333337,6.385416666666667,0,1,96
2708,256223,71.20333337783813,0.0,6.104166666666667,0,0,96
2709,256319,56.791666477918625,0.10416666666666663,7.052083333333333,0,1,96
2710,256415,62.96999990940094,0.07291666666666663,6.375,0,0,96
2711,256511,62.36499981582165,0.0625,6.53125,0,2,96
2712,256607,59.49833258986473,0.08333333333333337,6.572916666666667,0,2,96
2713,256703,53.15499897301197,0.14583333333333337,6.65625,0,2,96
2714,256799,71.63333421945572,0.01041666666666663,5.729166666666667,0,0,96
2715,256895,68.49333333969116,0.03125,6.041666666666667,0,0,96
2716,256991,58.68666550517082,0.08333333333333337,6.833333333333333,0,3,96
2717,257087,62.713333532214165,0.07291666666666663,6.041666666666667,0,2,96
2718,257183,66.84166719019413,0.05208333333333337,5.802083333333333,0,0,96
2719,257279,71.46333429217339,0.01041666666666663,5.729166666666667,0,0,96
2720,257375,64.11166685819626,0.05208333333333337,6.114583333333333,0,3,96
2721,257471,56.984999384731054,0.07291666666666663,7.53125,0,2,96
2722,257567,56.378332391381264,0.09375,6.572916666666667,0,4,96
2723,257663,68.2983340471983,0.05208333333333337,5.635416666666667,0,0,96
2724,257759,67.07666669785976,0.04166666666666663,6.020833333333333,0,1,96
2725,257855,72.28833431005478,0.0,5.760416666666667,0,0,96
2726,257951,65.83166664838791,0.05208333333333337,6.177083333333333,0,0,96
2727,258047,53.325000301003456,0.16666666666666663,5.96875,0,3,96
2728,258143,54.926666140556335,0.11458333333333337,6.708333333333333,0,5,96
2729,258239,65.0750013589859,0.09375,5.15625,0,2,96
2730,258335,68.73333360254765,0.03125,5.854166666666667,0,1,96
2731,258431,56.28666624426842,0.14583333333333337,6.208333333333333,0,1,96
2732,258527,68.75166708230972,0.02083333333333337,5.927083333333333,0,1,96
2733,258623,71.5950009226799,0.02083333333333337,5.53125,0,0,96
2734,258719,70.63000085949898,0.02083333333333337,5.6875,0,0,96
2735,258815,62.60833218693733,0.05208333333333337,6.822916666666667,0,1,96
2736,258911,57.57833256572485,0.10416666666666663,6.697916666666667,0,2,96
2737,259007,56.30499941855669,0.11458333333333337,6.46875,0,4,96
2738,259103,66.28666725754738,0.0625,5.708333333333333,0,0,96
2739,259199,63.35999917984009,0.05208333333333337,6.5625,0,2,96
2740,259295,61.8833324611187,0.0625,6.916666666666667,0,0,96
2741,259391,61.85499934852123,0.05208333333333337,6.96875,0,1,96
2742,259487,66.3499993532896,0.02083333333333337,6.6875,0,1,96
2743,259583,70.65166744589806,0.03125,5.552083333333333,0,0,96
2744,259679,62.184998691082,0.05208333333333337,7.09375,0,0,96
2745,259775,61.30999965965748,0.0625,6.9375,0,1,96
2746,259871,64.01333329081535,0.0625,6.229166666666667,0,1,96
2747,259967,61.51666609942913,0.07291666666666663,6.395833333333333,0,2,96
2748,260063,74.9983349442482,0.0,5.197916666666667,0,0,96
2749,260159,54.383332788944244,0.10416666666666663,7.479166666666667,0,2,96
2750,260255,63.62333205342293,0.03125,7.166666666666667,0,0,96
2751,260351,66.60166572034359,0.03125,6.489583333333333,0,0,96
2752,260447,64.48333284258842,0.05208333333333337,6.416666666666667,0,1,96
2753,260543,65.1549998819828,0.01041666666666663,7.40625,0,0,96
2754,260639,63.669999942183495,0.07291666666666663,6.0625,0,1,96
2755,260735,64.2666659578681,0.05208333333333337,6.458333333333333,0,1,96
2756,260831,58.39666727185249,0.15625,5.458333333333333,0,1,96
2757,260927,71.24666649103165,0.0,6.145833333333333,0,0,96
2758,261023,60.24499936401844,0.09375,6.59375,0,0,96
2759,261119,68.19166645407677,0.01041666666666663,6.302083333333333,0,1,96
2760,261215,60.79666595160961,0.08333333333333337,6.458333333333333,0,2,96
2761,261311,64.67166489362717,0.03125,6.927083333333333,0,1,96
2762,261407,71.24833363294601,0.01041666666666663,5.822916666666667,0,0,96
2763,261503,60.05333271622658,0.07291666666666663,7.166666666666667,0,0,96
2764,261599,70.71833384037018,0.02083333333333337,5.760416666666667,0,0,96
2765,261695,71.80000048875809,0.0,5.875,0,0,96
2766,261791,70.11500142514706,0.04166666666666663,5.21875,0,1,96
2767,261887,67.97999811172485,0.0,7.0,0,0,96
2768,261983,72.13833390176296,0.01041666666666663,5.697916666666667,0,0,96
2769,262079,57.155000388622284,0.10416666666666663,7.09375,0,0,96
2770,262175,69.38500033318996,0.03125,5.84375,0,0,96
2771,262271,69.49999944865704,0.01041666666666663,6.3125,0,0,96
2772,262367,54.19166657328606,0.11458333333333337,7.364583333333333,0,1,96
2773,262463,64.66666667163372,0.0625,6.270833333333333,0,0,96
2774,262559,57.29999977350235,0.13541666666666663,6.3125,0,0,96
2775,262655,68.93666687607765,0.03125,5.958333333333333,0,0,96
2776,262751,54.62499965727329,0.14583333333333337,6.28125,0,3,96
2777,262847,63.94666674733162,0.08333333333333337,5.958333333333333,0,0,96
2778,262943,67.93833415210247,0.03125,5.697916666666667,0,3,96
2779,263039,63.63833247870207,0.05208333333333337,6.635416666666667,0,1,96
2780,263135,66.4249994456768,0.02083333333333337,6.59375,0,1,96
2781,263231,68.30000135302544,0.0625,5.25,0,0,96
2782,263327,65.4433328807354,0.04166666666666663,6.354166666666667,0,1,96
2783,263423,66.24666506052017,0.02083333333333337,6.895833333333333,0,0,96
2784,263519,63.62166549265385,0.03125,7.114583333333333,0,1,96
2785,263615,64.25000050663948,0.01041666666666663,7.625,0,0,96
2786,263711,64.94999915361404,0.02083333333333337,7.25,0,0,96
2787,263807,72.00166702270508,0.0,5.927083333333333,0,0,96
2788,263903,61.29000087082386,0.08333333333333337,6.125,0,3,96
2789,263999,72.03000068664551,0.01041666666666663,5.625,0,0,96
2790,264095,63.74333317577839,0.0625,6.416666666666667,0,0,96
2791,264191,70.12333405017853,0.03125,5.604166666666667,0,0,96
2792,264287,63.87166681885719,0.0625,6.427083333333333,0,0,96
2793,264383,70.67500084638596,0.02083333333333337,5.71875,0,0,96
2794,264479,67.32500010728836,0.04166666666666663,6.03125,0,0,96
2795,264575,58.83499965071678,0.08333333333333337,7.21875,0,0,96
2796,264671,69.18166729807854,0.04166666666666663,5.677083333333333,0,0,96
2797,264767,61.71333488821983,0.03125,7.791666666666667,0,0,96
2798,264863,58.03333316743374,0.09375,7.041666666666667,0,1,96
2799,264959,69.78833350539207,0.02083333333333337,5.885416666666667,0,1,96
2800,265055,64.91166673600674,0.05208333333333337,6.364583333333333,0,0,96
2801,265151,61.58166666328907,0.04166666666666663,7.302083333333333,0,1,96
2802,265247,57.18333378434181,0.08333333333333337,7.541666666666667,0,1,96
2803,265343,57.87833350896835,0.125,6.197916666666667,0,0,96
2804,265439,72.7116674631834,0.0,5.614583333333333,0,1,96
2805,265535,64.09499987959862,0.05208333333333337,6.03125,0,4,96
2806,265631,60.911666974425316,0.0625,7.052083333333333,0,1,96
2807,265727,66.07166750729084,0.07291666666666663,5.489583333333333,0,1,96
2808,265823,66.50999861955643,0.01041666666666663,6.9375,0,1,96
2809,265919,61.18833324313164,0.10416666666666663,6.072916666666667,0,0,96
2810,266015,69.75500041246414,0.03125,5.78125,0,0,96
2811,266111,62.981666535139084,0.08333333333333337,6.114583333333333,0,0,96
2812,266207,66.52999946475029,0.01041666666666663,7.0625,0,0,96
2813,266303,66.25499826669693,0.01041666666666663,7.03125,0,1,96
2814,266399,62.50333207845688,0.04166666666666663,7.291666666666667,0,0,96
2815,266495,69.68666830658913,0.05208333333333337,5.145833333333333,0,0,96
2816,266591,70.2816670536995,0.02083333333333337,5.864583333333333,0,0,96
2817,266687,58.9200008623302,0.02083333333333337,8.1875,0,3,96
2818,266783,59.436666399240494,0.04166666666666663,7.958333333333333,0,0,96
2819,266879,63.1533338278532,0.01041666666666663,7.604166666666667,0,1,96
2820,266975,72.98666769266129,0.0,5.645833333333333,0,0,96
2821,267071,74.25666843354702,0.01041666666666663,5.083333333333333,0,0,96
2822,267167,67.06333276629448,0.03125,6.354166666666667,0,0,96
2823,267263,69.38166742026806,0.04166666666666663,5.614583333333333,0,0,96
2824,267359,65.3133327960968,0.01041666666666663,7.354166666666667,0,0,96
2825,267455,69.1083343476057,0.05208333333333337,5.447916666666667,0,0,96
2826,267551,68.02833172678947,0.0,6.885416666666667,0,0,96
2827,267647,61.4633332490921,0.07291666666666663,6.416666666666667,0,2,96
2828,267743,69.22166711091995,0.02083333333333337,5.927083333333333,0,1,96
2829,267839,64.65999965369701,0.05208333333333337,6.5,0,0,96
2830,267935,60.40666599571705,0.0625,7.020833333333333,0,2,96
2831,268031,65.14999860525131,0.03125,6.875,0,0,96
2832,268127,61.60166800022125,0.13541666666666663,5.177083333333333,0,1,96
2833,268223,66.94999861717224,0.02083333333333337,6.75,0,0,96
2834,268319,62.9216665327549,0.07291666666666663,6.114583333333333,0,1,96
2835,268415,69.11999982595444,0.0,6.5,0,0,96
2836,268511,54.91666677594185,0.125,7.020833333333333,0,1,96
2837,268607,62.111666068434715,0.04166666666666663,6.864583333333333,0,3,96
2838,268703,66.11166632175446,0.0,7.427083333333333,0,0,96
2839,268799,68.89333453774452,0.05208333333333337,5.354166666666667,0,1,96
2840,268895,63.73833417147398,0.0,7.822916666666667,0,1,96
2841,268991,60.63166679441929,0.04166666666666663,7.427083333333333,0,1,96
2842,269087,69.73499995470047,0.02083333333333337,6.03125,0,0,96
2843,269183,65.96333259344101,0.02083333333333337,6.729166666666667,0,1,96
2844,269279,66.73000010848045,0.05208333333333337,6.0,0,0,96
2845,269375,62.868332996964455,0.0,7.447916666666667,0,4,96
2846,269471,52.636666644364595,0.09375,7.645833333333333,0,4,96
2847,269567,68.09999972581863,0.03125,6.1875,0,0,96
2848,269663,60.40999975800514,0.05208333333333337,7.375,0,0,96
2849,269759,64.95666766166687,0.0,7.645833333333333,0,0,96
2850,269855,63.50666783750057,0.08333333333333337,5.770833333333333,0,1,96
2851,269951,59.01666650176048,0.07291666666666663,7.333333333333333,0,0,96
2852,270047,64.0166658014059,0.03125,6.895833333333333,0,1,96
2853,270143,64.45166584849358,0.03125,7.052083333333333,0,0,96
2854,270239,71.27500061690807,0.02083333333333337,5.65625,0,0,96
2855,270335,60.74166615307331,0.07291666666666663,6.802083333333333,0,1,96
2856,270431,67.06333395838737,0.05208333333333337,5.916666666666667,0,0,96
2857,270527,56.66999930143356,0.04166666666666663,8.0,0,3,96
2858,270623,67.83333303034306,0.03125,6.166666666666667,0,0,96
2859,270719,65.13833409547806,0.0,7.697916666666667,0,0,96
2860,270815,57.64666689187288,0.11458333333333337,6.333333333333333,0,2,96
2861,270911,60.64166557788849,0.0625,7.052083333333333,0,1,96
2862,271007,65.85166639089584,0.03125,6.677083333333333,0,0,96
2863,271103,71.26666647195816,0.0,6.083333333333333,0,0,96
2864,271199,62.319999665021896,0.04166666666666663,7.25,0,0,96
2865,271295,60.37333269417286,0.07291666666666663,6.791666666666667,0,2,96
2866,271391,61.67833326756954,0.08333333333333337,6.447916666666667,0,0,96
2867,271487,65.77166646718979,0.0,7.489583333333333,0,0,96
2868,271583,61.05166679620743,0.04166666666666663,7.489583333333333,0,1,96
2869,271679,61.726666301488876,0.07291666666666663,6.645833333333333,0,0,96
2870,271775,58.8899994045496,0.07291666666666663,7.1875,0,1,96
2871,271871,62.28999909758568,0.05208333333333337,7.125,0,0,96
2872,271967,62.36000010371208,0.04166666666666663,7.375,0,0,96
2873,272063,73.13000154495239,0.02083333333333337,5.1875,0,0,96
2874,272159,58.101665914058685,0.08333333333333337,6.739583333333333,0,4,96
2875,272255,68.38500022888184,0.02083333333333337,6.21875,0,0,96
2876,272351,63.26666569709778,0.0625,6.520833333333333,0,1,96
2877,272447,68.58166599273682,0.0,6.677083333333333,0,0,96
2878,272543,68.97500048577785,0.02083333333333337,5.90625,0,1,96
2879,272639,63.15333342552185,0.03125,7.416666666666667,0,0,96
2880,272735,67.92833352088928,0.03125,6.010416666666667,0,0,96
2881,272831,63.28499947488308,0.05208333333333337,6.53125,0,2,96
2882,272927,53.20333354175091,0.16666666666666663,5.979166666666667,0,4,96
2883,273023,70.81166636943817,0.0,6.239583333333333,0,0,96
2884,273119,61.596666753292084,0.04166666666666663,7.270833333333333,0,1,96
2885,273215,57.63166707754135,0.0625,7.677083333333333,0,2,96
2886,273311,52.89166686683893,0.17708333333333337,6.114583333333333,0,2,96
2887,273407,63.82666501402855,0.04166666666666663,7.020833333333333,0,0,96
2888,273503,56.00666633248329,0.11458333333333337,7.020833333333333,0,0,96
2889,273599,64.99499982595444,0.03125,6.90625,0,0,96
2890,273695,58.46166557073593,0.09375,6.989583333333333,0,0,96
2891,273791,66.3100002259016,0.05208333333333337,5.9375,0,1,96
2892,273887,71.5800009071827,0.02083333333333337,5.5625,0,0,96
2893,273983,55.85166588425636,0.14583333333333337,6.489583333333333,0,0,96
2894,274079,60.738333106040955,0.08333333333333337,6.510416666666667,0,1,96
2895,274175,68.45166830718517,0.07291666666666663,5.114583333333333,0,0,96
2896,274271,55.284998789429665,0.13541666666666663,6.59375,0,2,96
2897,274367,69.01833410561085,0.04166666666666663,5.635416666666667,0,0,96
2898,274463,65.95166550576687,0.01041666666666663,7.052083333333333,0,1,96
2899,274559,57.081667214632034,0.09375,7.364583333333333,0,0,96
2900,274655,66.37499940395355,0.04166666666666663,6.34375,0,0,96
2901,274751,65.7266650646925,0.02083333333333337,6.895833333333333,0,1,96
2902,274847,59.96166667342186,0.11458333333333337,6.114583333333333,0,0,96
2903,274943,69.71666699647903,0.02083333333333337,5.958333333333333,0,0,96
2904,275039,62.01666681468487,0.08333333333333337,6.020833333333333,0,1,96
2905,275135,59.18166536092758,0.07291666666666663,6.989583333333333,0,2,96
2906,275231,70.8433345258236,0.03125,5.416666666666667,0,0,96
2907,275327,67.49666725099087,0.05208333333333337,5.770833333333333,0,0,96
2908,275423,61.63166655600071,0.09375,6.114583333333333,0,1,96
2909,275519,64.1133335083723,0.07291666666666663,6.041666666666667,0,0,96
2910,275615,60.51166586577892,0.08333333333333337,6.427083333333333,0,2,96
2911,275711,63.96000021696091,0.02083333333333337,7.375,0,0,96
2912,275807,59.11666677892208,0.125,6.083333333333333,0,0,96
2913,275903,65.87000051140785,0.07291666666666663,5.75,0,0,96
2914,275999,66.55833286046982,0.02083333333333337,6.385416666666667,0,2,96
2915,276095,57.47333310544491,0.09375,7.166666666666667,0,1,96
2916,276191,63.04833346605301,0.08333333333333337,6.135416666666667,0,0,96
2917,276287,61.56500020623207,0.08333333333333337,6.09375,0,1,96
2918,276383,61.149998515844345,0.0625,7.0625,0,1,96
2919,276479,57.9866661131382,0.08333333333333337,7.083333333333333,0,1,96
2920,276575,54.66666632890701,0.14583333333333337,6.770833333333333,0,0,96
2921,276671,63.1416654586792,0.05208333333333337,6.927083333333333,0,0,96
2922,276767,67.34999984502792,0.03125,6.25,0,0,96
2923,276863,63.9599998742342,0.0625,6.3125,0,0,96
2924,276959,56.891666516661644,0.125,6.302083333333333,0,2,96
2925,277055,72.78333401679993,0.0,5.729166666666667,0,0,96
2926,277151,73.1000016182661,0.02083333333333337,5.1875,0,0,96
2927,277247,63.03166614472866,0.05208333333333337,6.614583333333333,0,1,96
2928,277343,67.68666660785675,0.03125,6.145833333333333,0,0,96
2929,277439,69.92166754603386,0.04166666666666663,5.489583333333333,0,0,96
2930,277535,62.656666576862335,0.0625,6.645833333333333,0,0,96
2931,277631,66.0849997997284,0.05208333333333337,6.15625,0,0,96
2932,277727,58.786666348576546,0.09375,6.645833333333333,0,1,96
2933,277823,64.96333429217339,0.01041666666666663,7.479166666666667,0,0,96
2934,277919,68.47333352267742,0.02083333333333337,6.041666666666667,0,1,96
2935,278015,60.478332594037056,0.0625,6.635416666666667,0,4,96
2936,278111,66.17166578769684,0.03125,6.677083333333333,0,0,96
2937,278207,59.8849995136261,0.0625,7.21875,0,0,96
2938,278303,63.56999909877777,0.02083333333333337,7.4375,0,0,96
2939,278399,57.20166504383087,0.10416666666666663,6.864583333333333,0,1,96
2940,278495,64.17666530609131,0.03125,7.020833333333333,0,1,96
2941,278591,65.96666724979877,0.07291666666666663,5.708333333333333,0,0,96
2942,278687,67.8999981880188,0.0,7.0,0,0,96
2943,278783,65.55166758596897,0.08333333333333337,5.427083333333333,0,1,96
2944,278879,62.41833248734474,0.0625,6.697916666666667,0,0,96
2945,278975,64.68999883532524,0.04166666666666663,6.6875,0,0,96
2946,279071,63.79499891400337,0.05208333333333337,6.65625,0,0,96
2947,279167,56.59833285212517,0.11458333333333337,6.572916666666667,0,3,96
2948,279263,68.00166657567024,0.0,6.302083333333333,0,2,96
2949,279359,64.04666727036238,0.01041666666666663,7.520833333333333,0,1,96
2950,279455,61.50333243608475,0.0625,7.041666666666667,0,0,96
2951,279551,71.80000019073486,0.0,6.0,0,0,96
2952,279647,58.99500013887882,0.0625,7.21875,0,3,96
2953,279743,66.25833323597908,0.04166666666666663,6.072916666666667,0,2,96
2954,279839,62.90666580200195,0.05208333333333337,6.645833333333333,0,2,96
2955,279935,63.69499954581261,0.05208333333333337,6.59375,0,1,96
2956,280031,68.30333316326141,0.03125,6.104166666666667,0,0,96
2957,280127,60.561665773391724,0.07291666666666663,6.989583333333333,0,0,96
2958,280223,62.31499972939491,0.07291666666666663,6.15625,0,3,96
2959,280319,63.46333348751068,0.07291666666666663,6.291666666666667,0,0,96
2960,280415,65.13833358883858,0.02083333333333337,7.010416666666667,0,1,96
2961,280511,58.548332303762436,0.09375,6.760416666666667,0,2,96
2962,280607,63.77666637301445,0.0625,6.458333333333333,0,0,96
2963,280703,60.64666637778282,0.08333333333333337,6.458333333333333,0,2,96
2964,280799,62.24166548252106,0.05208333333333337,7.114583333333333,0,0,96
2965,280895,61.90500120818615,0.125,5.28125,0,1,96
2966,280991,64.60166609287262,0.04166666666666663,6.739583333333333,0,0,96
2967,281087,64.3966671526432,0.07291666666666663,5.833333333333333,0,1,96
2968,281183,56.703332766890526,0.10416666666666663,6.791666666666667,0,2,96
2969,281279,64.65499949455261,0.04166666666666663,6.71875,0,0,96
2970,281375,65.56999917328358,0.03125,6.5,0,2,96
2971,281471,61.4166659116745,0.05208333333333337,7.083333333333333,0,1,96
2972,281567,59.46833211183548,0.0625,7.260416666666667,0,1,96
2973,281663,65.71833249926567,0.03125,6.760416666666667,0,0,96
2974,281759,63.679999589920044,0.01041666666666663,7.6875,0,0,96
2975,281855,64.66000008583069,0.03125,7.0,0,0,96
2976,281951,64.39666628837585,0.04166666666666663,6.708333333333333,0,0,96
2977,282047,61.34499979019165,0.08333333333333337,6.40625,0,1,96
2978,282143,65.2999991774559,0.04166666666666663,6.625,0,0,96
2979,282239,71.96000003814697,0.0,6.0,0,0,96
2980,282335,67.46333172917366,0.01041666666666663,6.854166666666667,0,0,96
2981,282431,68.31666815280914,0.0625,5.333333333333333,0,0,96
2982,282527,70.21166703104973,0.0,6.177083333333333,0,0,96
2983,282623,67.61166800558567,0.07291666666666663,5.302083333333333,0,0,96
2984,282719,71.24666678905487,0.0,6.083333333333333,0,0,96
2985,282815,63.15666735172272,0.02083333333333337,7.645833333333333,0,0,96
2986,282911,61.73000004887581,0.0625,6.9375,0,0,96
2987,283007,65.81666633486748,0.02083333333333337,6.958333333333333,0,0,96
2988,283103,64.11500059068203,0.0625,6.21875,0,1,96
2989,283199,65.47833281755447,0.02083333333333337,7.072916666666667,0,0,96
2990,283295,62.92500050365925,0.10416666666666663,5.71875,0,0,96
2991,283391,56.87166705727577,0.11458333333333337,6.989583333333333,0,0,96
2992,283487,69.5099989771843,0.0,6.5625,0,0,96
2993,283583,62.8066665828228,0.0625,6.708333333333333,0,0,96
2994,283679,64.9999985396862,0.02083333333333337,7.0,0,1,96
2995,283775,61.75000065565109,0.03125,7.625,0,0,96
2996,283871,64.03166618943214,0.04166666666666663,6.927083333333333,0,0,96
2997,283967,68.73500034213066,0.03125,5.96875,0,0,96
2998,284063,57.354999266564846,0.08333333333333337,7.15625,0,2,96
2999,284159,72.95833443105221,0.0,5.385416666666667,0,2,96
3000,284255,61.25666606426239,0.07291666666666663,6.708333333333333,0,1,96
3001,284351,65.38666754961014,0.0625,5.458333333333333,0,3,96
3002,284447,66.67999815940857,0.01041666666666663,7.0,0,0,96
3003,284543,62.87499898672104,0.0625,6.65625,0,0,96
3004,284639,60.27333387732506,0.11458333333333337,5.791666666666667,0,2,96
3005,284735,66.48666571825743,0.0,7.145833333333333,0,1,96
3006,284831,60.19499960541725,0.09375,6.46875,0,1,96
3007,284927,53.923332676291466,0.125,6.791666666666667,0,4,96
3008,285023,69.5383349955082,0.05208333333333337,5.072916666666667,0,2,96
3009,285119,69.26833374798298,0.0,5.947916666666667,0,3,96
3010,285215,67.93499994277954,0.01041666666666663,6.71875,0,0,96
3011,285311,69.14166682958603,0.01041666666666663,6.177083333333333,0,0,96
3012,285407,57.37166628241539,0.125,6.427083333333333,0,1,96
3013,285503,60.69833190739155,0.07291666666666663,6.822916666666667,0,1,96
3014,285599,59.72499965131283,0.05208333333333337,7.09375,0,4,96
3015,285695,66.07166722416878,0.05208333333333337,5.927083333333333,0,1,96
3016,285791,53.64833277463913,0.125,7.510416666666667,0,0,96
3017,285887,63.49999834597111,0.04166666666666663,6.9375,0,1,96
3018,285983,63.73499956727028,0.0625,6.28125,0,1,96
3019,286079,70.99833355844021,0.01041666666666663,5.885416666666667,0,0,96
3020,286175,58.58666720986366,0.09375,6.958333333333333,0,0,96
3021,286271,57.20833358168602,0.14583333333333337,5.822916666666667,0,1,96
3022,286367,59.421666502952576,0.09375,6.489583333333333,0,1,96
3023,286463,69.29166707396507,0.01041666666666663,5.989583333333333,0,2,96
3024,286559,67.26000137627125,0.07291666666666663,5.1875,0,1,96
3025,286655,62.768332704901695,0.0625,6.572916666666667,0,1,96
3026,286751,55.90499933809042,0.07291666666666663,6.96875,0,8,96
3027,286847,61.940000772476196,0.0,7.75,0,3,96
3028,286943,53.069999665021896,0.15625,6.1875,0,5,96
3029,287039,60.8216652572155,0.07291666666666663,6.864583333333333,0,1,96
3030,287135,63.308333456516266,0.04166666666666663,7.010416666666667,0,0,96
3031,287231,62.168332159519196,0.05208333333333337,6.885416666666667,0,1,96
3032,287327,72.446667522192,0.01041666666666663,5.583333333333333,0,0,96
3033,287423,60.499999314546585,0.08333333333333337,6.5,0,1,96
3034,287519,52.30833211541176,0.15625,6.635416666666667,0,2,96
3035,287615,65.69999967515469,0.03125,6.4375,0,1,96
3036,287711,68.18333451449871,0.0625,5.291666666666667,0,1,96
3037,287807,69.82666732370853,0.01041666666666663,5.958333333333333,0,1,96
3038,287903,66.1816663146019,0.04166666666666663,6.239583333333333,0,1,96
3039,287999,67.45000097155571,0.0625,5.5,0,0,96
3040,288095,59.455000430345535,0.10416666666666663,5.90625,0,4,96
3041,288191,62.57166600227356,0.05208333333333337,6.364583333333333,0,4,96
3042,288287,67.91500034928322,0.04166666666666663,5.90625,0,0,96
3043,288383,71.90333418548107,0.01041666666666663,5.666666666666667,0,0,96
3044,288479,60.00666671991348,0.07291666666666663,7.020833333333333,0,1,96
3045,288575,61.24333283305168,0.09375,6.229166666666667,0,1,96
3046,288671,58.69000020623207,0.11458333333333337,6.1875,0,1,96
3047,288767,61.53833381831646,0.09375,5.822916666666667,0,2,96
3048,288863,68.45833364129066,0.02083333333333337,5.885416666666667,0,3,96
3049,288959,61.55499994754791,0.02083333333333337,7.34375,0,4,96
3050,289055,60.893331944942474,0.05208333333333337,7.041666666666667,0,3,96
3051,289151,68.11166776716709,0.0625,5.427083333333333,0,0,96
3052,289247,59.525000743567944,0.11458333333333337,5.65625,0,4,96
3053,289343,57.79166679084301,0.125,6.239583333333333,0,1,96
3054,289439,63.786667957901955,0.10416666666666663,5.208333333333333,0,2,96
3055,289535,55.356666281819344,0.13541666666666663,6.333333333333333,0,3,96
3056,289631,65.01333251595497,0.03125,6.541666666666667,0,2,96
3057,289727,67.61833348870277,0.04166666666666663,6.010416666666667,0,0,96
3058,289823,62.456666484475136,0.07291666666666663,6.520833333333333,0,0,96
3059,289919,56.77999943494797,0.11458333333333337,6.625,0,2,96
3060,290015,71.02833364903927,0.0,5.947916666666667,0,1,96
3061,290111,63.94666567444801,0.04166666666666663,6.958333333333333,0,0,96
3062,290207,73.57666836678982,0.02083333333333337,5.083333333333333,0,0,96
3063,290303,70.05166728794575,0.01041666666666663,5.927083333333333,0,1,96
3064,290399,59.609999403357506,0.07291666666666663,6.75,0,3,96
3065,290495,61.15999969094992,0.05208333333333337,6.875,0,2,96
3066,290591,63.871667236089706,0.07291666666666663,5.677083333333333,0,2,96
3067,290687,65.84499931335449,0.03125,6.59375,0,1,96
3068,290783,59.53500051796436,0.05208333333333337,7.40625,0,3,96
3069,290879,72.0,0.0,6.0,0,0,96
3070,290975,61.92500074207783,0.10416666666666663,5.59375,0,2,96
3071,291071,62.52500030398369,0.02083333333333337,7.59375,0,1,96
3072,291167,65.00666517019272,0.01041666666666663,6.833333333333333,0,4,96
3073,291263,71.50500077009201,0.0,5.90625,0,0,96
3074,291359,64.67000061273575,0.08333333333333337,5.6875,0,0,96
3075,291455,62.33500021696091,0.07291666666666663,5.90625,0,5,96
3076,291551,71.96666815876961,0.03125,5.208333333333333,0,0,96
3077,291647,62.431665666401386,0.05208333333333337,6.739583333333333,0,2,96
3078,291743,62.57166713476181,0.07291666666666663,5.864583333333333,0,4,96
3079,291839,53.75333288311958,0.14583333333333337,6.479166666666667,0,3,96
3080,291935,63.00833275914192,0.04166666666666663,6.822916666666667,0,2,96
3081,292031,59.68666626513004,0.0625,6.833333333333333,0,3,96
3082,292127,55.286666221916676,0.09375,7.145833333333333,0,5,96
3083,292223,64.75333236157894,0.03125,6.729166666666667,0,2,96
3084,292319,71.84000015258789,0.0,6.0,0,0,96
3085,292415,67.93333329260349,0.02083333333333337,6.041666666666667,0,3,96
3086,292511,58.43166636675596,0.09375,6.864583333333333,0,1,96
3087,292607,62.4966658949852,0.03125,7.083333333333333,0,3,96
3088,292703,70.98333375155926,0.01041666666666663,5.916666666666667,0,0,96
3089,292799,62.13333183526993,0.0625,6.791666666666667,0,0,96
3090,292895,65.03499999642372,0.0625,6.03125,0,1,96
3091,292991,73.02833437919617,0.0,5.635416666666667,0,0,96
3092,293087,63.625001326203346,0.10416666666666663,5.15625,0,2,96
3093,293183,71.62000036239624,0.0,6.0,0,0,96
3094,293279,64.28666643798351,0.02083333333333337,7.208333333333333,0,1,96
3095,293375,55.79666578769684,0.10416666666666663,6.895833333333333,0,3,96
3096,293471,64.12333318591118,0.0625,6.166666666666667,0,1,96
3097,293567,73.49333496391773,0.02083333333333337,5.104166666666667,0,0,96
3098,293663,69.21666739881039,0.04166666666666663,5.645833333333333,0,0,96
3099,293759,58.64666572213173,0.08333333333333337,7.145833333333333,0,1,96
3100,293855,62.43499916046858,0.0625,6.59375,0,1,96
3101,293951,63.21833261847496,0.05208333333333337,6.697916666666667,0,0,96
3102,294047,66.77500039339066,0.04166666666666663,5.84375,0,2,96
3103,294143,66.1166678071022,0.07291666666666663,5.458333333333333,0,1,96
3104,294239,73.03333458304405,0.0,5.354166666666667,0,2,96
3105,294335,57.736665815114975,0.10416666666666663,6.520833333333333,0,3,96
3106,294431,66.97500155866146,0.08333333333333337,5.09375,0,1,96
3107,294527,65.3249986320734,0.01041666666666663,6.96875,0,3,96
3108,294623,57.74833358824253,0.13541666666666663,5.822916666666667,0,2,96
3109,294719,56.01666605472565,0.13541666666666663,6.583333333333333,0,1,96
3110,294815,63.7800000756979,0.08333333333333337,6.0,0,0,96
3111,294911,60.80499930679798,0.07291666666666663,6.78125,0,1,96
3112,295007,62.313332825899124,0.07291666666666663,6.354166666666667,0,1,96
3113,295103,54.001666232943535,0.15625,6.239583333333333,0,3,96
3114,295199,67.84833341091871,0.03125,6.072916666666667,0,1,96
3115,295295,59.08833333849907,0.11458333333333337,6.010416666666667,0,2,96
3116,295391,50.531666070222855,0.17708333333333337,6.739583333333333,0,1,96
3117,295487,62.92000071704388,0.08333333333333337,5.5,0,3,96
3118,295583,57.396666780114174,0.125,5.958333333333333,0,3,96
3119,295679,63.176666244864464,0.04166666666666663,6.583333333333333,0,3,96
3120,295775,61.796665638685226,0.05208333333333337,6.645833333333333,0,4,96
3121,295871,65.45166635513306,0.05208333333333337,6.177083333333333,0,1,96
3122,295967,65.30166690051556,0.07291666666666663,5.864583333333333,0,0,96
3123,296063,63.229999989271164,0.07291666666666663,6.0625,0,2,96
3124,296159,62.49166592955589,0.07291666666666663,6.489583333333333,0,0,96
3125,296255,68.09999988973141,0.03125,6.125,0,0,96
3126,296351,70.46500007808208,0.01041666666666663,5.96875,0,1,96
3127,296447,65.36666625738144,0.01041666666666663,7.270833333333333,0,0,96
3128,296543,67.37666743993759,0.05208333333333337,5.583333333333333,0,2,96
3129,296639,67.50999917089939,0.0,6.9375,0,1,96
3130,296735,63.976666167378426,0.02083333333333337,7.208333333333333,0,1,96
3131,296831,60.82999961078167,0.08333333333333337,6.1875,0,3,96
3132,296927,61.36333209276199,0.05208333333333337,6.854166666666667,0,2,96
3133,297023,61.11666667461395,0.0625,6.895833333333333,0,1,96
3134,297119,66.57166641950607,0.01041666666666663,6.989583333333333,0,0,96
3135,297215,64.8316657692194,0.03125,6.739583333333333,0,1,96
3136,297311,61.388332888484,0.09375,6.260416666666667,0,0,96
3137,297407,63.00499963760376,0.02083333333333337,7.40625,0,1,96
3138,297503,63.143332809209824,0.05208333333333337,6.854166666666667,0,0,96
3139,297599,55.78833265602589,0.125,6.385416666666667,0,4,96
3140,297695,60.828333377838135,0.08333333333333337,6.572916666666667,0,0,96
3141,297791,74.52500183880329,0.01041666666666663,4.96875,0,1,96
3142,297887,62.091666631400585,0.04166666666666663,7.239583333333333,0,1,96
3143,297983,67.43166561424732,0.0,6.927083333333333,0,1,96
3144,298079,62.54999926686287,0.05208333333333337,6.875,0,1,96
3145,298175,61.658333003520966,0.05208333333333337,7.135416666666667,0,1,96
3146,298271,70.95000183582306,0.05208333333333337,5.0,0,0,96
3147,298367,61.10999855399132,0.0625,6.75,0,3,96
3148,298463,58.8833329975605,0.0625,6.729166666666667,0,6,96
3149,298559,59.65166626870632,0.08333333333333337,6.802083333333333,0,0,96
3150,298655,63.26333291828632,0.0625,6.229166666666667,0,3,96
3151,298751,59.77666624635458,0.09375,6.395833333333333,0,2,96
3152,298847,52.518332079052925,0.125,6.822916666666667,0,7,96
3153,298943,62.93333299458027,0.0625,6.229166666666667,0,3,96
3154,299039,72.19166707992554,0.0,5.864583333333333,0,0,96
3155,299135,65.02166709303856,0.0625,6.114583333333333,0,0,96
3156,299231,64.70833188295364,0.03125,6.885416666666667,0,1,96
3157,299327,56.131666362285614,0.13541666666666663,6.489583333333333,0,1,96
3158,299423,62.89333474636078,0.125,5.104166666666667,0,1,96
3159,299519,72.03666681051254,0.0,5.958333333333333,0,0,96
3160,299615,57.468332797288895,0.0625,7.385416666666667,0,4,96
3161,299711,55.56666661798954,0.11458333333333337,6.458333333333333,0,6,96
3162,299807,57.816666439175606,0.11458333333333337,6.270833333333333,0,3,96
3163,299903,65.59166680276394,0.0625,5.989583333333333,0,0,96
3164,299999,56.25333409011364,0.125,5.604166666666667,0,7,96
