episode,timestep,reward,sla_violation,mean_replicas,crashes,flapping_incidents,length
0,77,-10.5083336988464,0.4155844155844156,6.6103896103896105,1,19,77
1,91,-19.209999181330204,0.6428571428571428,3.857142857142857,1,2,14
2,130,-23.84333262592554,0.5897435897435898,4.051282051282051,1,18,39
3,146,-15.854999125003815,0.5,3.9375,1,1,16
4,158,-21.064999096095562,0.75,2.75,1,3,12
5,254,-1.7766662472859025,0.38541666666666663,8.416666666666666,0,37,96
6,262,-20.073332723230124,0.875,2.5,1,0,8
7,281,-23.05500040948391,0.736842105263158,4.2631578947368425,1,6,19
8,299,-28.928333811461926,1.0,2.9444444444444446,1,9,18
9,395,19.61666675284505,0.27083333333333337,7.333333333333333,0,27,96
10,420,-30.53833244740963,1.0,3.56,1,10,25
11,516,30.67666675709188,0.03125,9.145833333333334,0,34,96
12,612,23.350000062026083,0.05208333333333337,9.3125,0,43,96
13,624,-23.90666649490595,1.0,2.3333333333333335,1,4,12
14,720,16.536666557192802,0.28125,6.958333333333333,0,34,96
15,816,8.388333108276129,0.41666666666666663,6.822916666666667,0,27,96
16,838,-29.984999671578407,0.9545454545454546,3.6818181818181817,1,11,22
17,872,-23.3999990709126,0.7058823529411764,4.0588235294117645,1,10,34
18,887,-19.46333310753107,0.7333333333333334,3.3333333333333335,1,1,15
19,899,-23.916665853001177,0.8333333333333334,3.3333333333333335,1,5,12
20,995,32.96333364024758,0.08333333333333337,7.604166666666667,0,34,96
21,1032,-20.96666705608368,0.4864864864864865,5.621621621621622,1,15,37
22,1075,-30.281667300499976,0.813953488372093,3.6511627906976742,1,17,43
23,1171,28.690000113099813,0.07291666666666663,9.3125,0,31,96
24,1184,-25.35333251953125,0.8461538461538461,3.8461538461538463,1,7,13
25,1250,-6.201665975153446,0.3939393939393939,5.287878787878788,1,14,66
26,1346,-17.734999433159828,0.6666666666666667,5.65625,0,39,96
27,1398,-18.576667070388794,0.4423076923076923,6.769230769230769,1,17,52
28,1494,23.856666444800794,0.17708333333333337,7.458333333333333,0,31,96
29,1565,-1.2566659329459071,0.16901408450704225,7.746478873239437,1,24,71
30,1661,4.080000405199826,0.375,8.125,0,31,96
31,1711,-33.37333307787776,0.86,3.88,1,17,50
32,1718,-21.6033325009048,1.0,2.0,1,1,7
33,1814,5.461666963994503,0.5104166666666667,4.489583333333333,0,33,96
34,1836,-17.37000048905611,0.5,4.090909090909091,1,6,22
35,1932,29.258333534002304,0.10416666666666663,8.447916666666666,0,32,96
36,2028,8.148333542980254,0.34375,8.072916666666666,0,31,96
37,2063,-21.681667149066925,0.6,5.0,1,11,35
38,2096,-28.203333899378777,0.8787878787878788,2.9696969696969697,1,11,33
39,2192,25.36166683025658,0.11458333333333337,8.864583333333334,0,33,96
40,2288,21.77500055357814,0.25,6.84375,0,31,96
41,2300,-24.64833389222622,1.0,2.4166666666666665,1,4,12
42,2367,-20.20333244651556,0.5074626865671642,5.402985074626866,1,25,67
43,2378,-20.500000655651093,0.9090909090909091,2.727272727272727,1,0,11
44,2474,-5.199999807402492,0.45833333333333337,8.0,0,34,96
45,2536,-26.133333497680724,0.532258064516129,5.935483870967742,1,26,62
46,2570,-25.83166703209281,0.6764705882352942,4.4411764705882355,1,13,34
47,2666,-0.7916664369404316,0.53125,7.197916666666667,0,23,96
48,2699,-20.920000452548265,0.5454545454545454,5.2727272727272725,1,12,33
49,2765,-37.821667440235615,0.8333333333333334,4.106060606060606,1,23,66
50,2794,-26.885000504553318,0.896551724137931,2.793103448275862,1,8,29
51,2890,21.755000020377338,0.32291666666666663,5.78125,0,29,96
52,2986,40.775000248104334,0.02083333333333337,7.40625,0,33,96
53,3012,-19.67500028014183,0.5769230769230769,4.961538461538462,1,7,26
54,3057,-7.081666409038007,0.1777777777777778,4.822222222222222,1,21,45
55,3153,32.16000009607524,0.09375,6.75,0,37,96
56,3174,-18.09166646003723,0.4285714285714286,4.333333333333333,1,8,21
57,3270,16.615000466816127,0.26041666666666663,7.78125,0,29,96
58,3329,1.3216661754995584,0.2033898305084746,4.762711864406779,1,18,59
59,3335,-20.376667141914368,0.8333333333333334,3.6666666666666665,1,0,6
60,3431,17.180000227876008,0.1875,7.8125,0,42,96
61,3465,-34.3550004735589,1.0,3.088235294117647,1,13,34
62,3480,-19.985000401735306,0.6666666666666667,4.6,1,3,15
63,3519,-14.726666077040136,0.41025641025641024,4.102564102564102,1,14,39
64,3575,-41.8749997317791,0.9464285714285714,4.875,1,19,56
65,3671,-7.119999836198986,0.53125,6.9375,0,33,96
66,3767,38.495000306516886,0.04166666666666663,7.21875,0,35,96
67,3863,11.178333377465606,0.3125,8.322916666666666,0,27,96
68,3936,-24.59333319030702,0.6164383561643836,3.808219178082192,1,29,73
69,3954,-20.4983324483037,0.7777777777777778,2.9444444444444446,1,3,18
70,4050,-35.44666600227356,0.8020833333333334,6.041666666666667,0,41,96
71,4075,-30.648333627730608,0.96,2.84,1,11,25
72,4133,-9.074999087490141,0.3620689655172413,5.948275862068965,1,16,58
73,4158,-28.298333041369915,0.88,3.32,1,10,25
74,4170,-22.554999828338623,0.9166666666666666,3.75,1,2,12
75,4266,2.208333767950535,0.44791666666666663,6.510416666666667,0,34,96
76,4295,-20.018332534469664,0.6551724137931034,4.517241379310345,1,6,29
77,4391,10.540000004693866,0.40625,6.125,0,28,96
78,4487,25.295000108890235,0.17708333333333337,8.46875,0,24,96
79,4509,-23.126667141914368,0.8181818181818181,3.4545454545454546,1,5,22
80,4517,-24.228332608938217,1.0,5.875,1,3,8
81,4613,16.703333229757845,0.1875,8.854166666666666,0,36,96
82,4651,-23.50833241082728,0.7105263157894737,3.4473684210526314,1,12,38
83,4747,-14.084999557584524,0.65625,5.46875,0,34,96
84,4777,-18.30333337187767,0.5666666666666667,3.6666666666666665,1,9,30
85,4797,-24.558333232998848,0.95,3.25,1,4,20
86,4893,-3.0249996120110154,0.45833333333333337,7.28125,0,33,96
87,4989,23.60500004887581,0.15625,9.40625,0,26,96
88,5012,-20.881666481494904,0.6086956521739131,5.782608695652174,1,5,23
89,5108,-2.116666503250599,0.5625,5.604166666666667,0,29,96
90,5204,29.683333531022072,0.26041666666666663,5.229166666666667,0,29,96
91,5235,-18.403333839029074,0.5806451612903225,3.3548387096774195,1,10,31
92,5275,-14.081667026504874,0.4,3.775,1,18,40
93,5371,33.496666864492,0.125,7.333333333333333,0,28,96
94,5467,30.26666688453406,0.15625,8.208333333333334,0,25,96
95,5563,3.579999927431345,0.30208333333333337,10.0625,0,31,96
96,5587,-27.759999126195908,0.875,3.75,1,8,24
97,5597,-22.225000515580177,1.0,2.1,1,1,10
98,5645,-9.81666693277657,0.41666666666666663,4.083333333333333,1,12,48
99,5661,-22.0599998915568,0.625,4.125,1,7,16
100,5757,45.12833360489458,0.03125,7.572916666666667,0,22,96
101,5853,43.18333304207772,0.0,9.791666666666666,0,16,96
102,5949,30.483333375304937,0.08333333333333337,8.916666666666666,0,29,96
103,5988,-25.100000474601984,0.7948717948717949,2.923076923076923,1,11,39
104,6084,37.59166656434536,0.13541666666666663,6.989583333333333,0,25,96
105,6174,-15.043333854526281,0.5222222222222221,4.7555555555555555,1,28,90
106,6202,-18.336667105555534,0.5714285714285714,3.5714285714285716,1,8,28
107,6232,-29.163333736360073,0.9333333333333333,4.866666666666666,1,6,30
108,6328,25.836666808463633,0.07291666666666663,9.395833333333334,0,32,96
109,6341,-24.426665753126144,0.9230769230769231,3.076923076923077,1,5,13
110,6357,-23.981667175889015,1.0,3.0625,1,2,16
111,6376,-17.8483331175521,0.42105263157894735,4.368421052631579,1,7,19
112,6417,-6.77499982714653,0.2682926829268293,5.634146341463414,1,11,41
113,6513,23.82333334814757,0.20833333333333337,6.541666666666667,0,36,96
114,6609,4.999999988824129,0.34375,8.125,0,33,96
115,6705,26.126667098142207,0.22916666666666663,5.583333333333333,0,35,96
116,6732,-19.91333308815956,0.5925925925925926,3.6296296296296298,1,9,27
117,6828,27.228333703242242,0.15625,6.635416666666667,0,37,96
118,6837,-20.281666040420532,0.8888888888888888,2.111111111111111,1,0,9
119,6933,2.241666845045984,0.40625,7.739583333333333,0,33,96
120,7029,19.546666838228703,0.26041666666666663,8.020833333333334,0,27,96
121,7044,-20.654999136924744,0.6666666666666667,4.6,1,3,15
122,7081,-21.023332704789937,0.6486486486486487,3.4594594594594597,1,11,37
123,7094,-22.69499935209751,0.8461538461538461,5.3076923076923075,1,2,13
124,7190,10.998333423398435,0.26041666666666663,10.010416666666666,0,25,96
125,7206,-20.668333806097507,0.75,3.3125,1,3,16
126,7302,35.70333327818662,0.13541666666666663,7.666666666666667,0,23,96
127,7353,-30.539999574422836,0.8235294117647058,4.352941176470588,1,14,51
128,7449,22.028333259746432,0.19791666666666663,8.385416666666666,0,29,96
129,7545,-4.461666472256184,0.5,6.197916666666667,0,39,96
130,7616,-22.618333553895354,0.5352112676056338,4.71830985915493,1,31,71
131,7712,31.076666864566505,0.17708333333333337,6.520833333333333,0,31,96
132,7738,-25.325000420212746,0.8461538461538461,3.8076923076923075,1,6,26
133,7834,-1.6466659773141146,0.5104166666666667,4.666666666666667,0,41,96
134,7906,-26.756666996516287,0.6944444444444444,4.722222222222222,1,21,72
135,7931,-19.424999743700027,0.52,4.92,1,8,25
136,7950,-26.751666456460953,0.9473684210526316,2.263157894736842,1,8,19
137,8046,21.595000064000487,0.14583333333333337,9.84375,0,27,96
138,8100,-28.266666874289513,0.7222222222222222,4.407407407407407,1,18,54
139,8196,12.565000261180103,0.27083333333333337,8.09375,0,35,96
140,8292,-11.878333147615194,0.47916666666666663,9.489583333333334,0,33,96
141,8301,-20.9116671346128,0.8888888888888888,2.111111111111111,1,1,9
142,8397,5.21500027179718,0.4375,7.96875,0,22,96
143,8493,1.1283335648477077,0.5,5.135416666666667,0,36,96
144,8508,-22.386667158454657,0.8,3.066666666666667,1,4,15
145,8604,29.6966667547822,0.07291666666666663,8.770833333333334,0,33,96
146,8654,-14.435000457800925,0.52,3.78,1,15,50
147,8750,-17.834999771788716,0.6145833333333333,7.96875,0,31,96
148,8757,-21.073333382606506,0.8571428571428572,3.7142857142857144,1,1,7
149,8769,-23.239999249577522,1.0,3.0,1,3,12
150,8865,-5.534999703988433,0.45833333333333337,8.84375,0,31,96
151,8961,25.371666407212615,0.14583333333333337,9.302083333333334,0,25,96
152,8978,-21.576667338609695,0.7647058823529411,3.0588235294117645,1,4,17
153,9074,6.8316670237109065,0.4375,5.177083333333333,0,37,96
154,9170,31.973333270289004,0.03125,10.104166666666666,0,28,96
155,9266,33.68166672065854,0.07291666666666663,7.677083333333333,0,35,96
156,9362,21.73833322059363,0.1875,8.947916666666666,0,28,96
157,9458,13.036666572093964,0.4375,5.333333333333333,0,27,96
158,9554,8.268333869054914,0.42708333333333337,6.822916666666667,0,25,96
159,9650,26.215000303462148,0.15625,8.15625,0,29,96
160,9746,18.909999692812562,0.25,7.6875,0,30,96
161,9842,29.67666667699814,0.10416666666666663,8.145833333333334,0,33,96
162,9938,25.581667168997228,0.23958333333333337,7.614583333333333,0,22,96
163,9987,-13.20000043604523,0.4285714285714286,4.040816326530612,1,17,49
164,10083,19.118333381600678,0.30208333333333337,7.447916666666667,0,24,96
165,10179,31.84833346121013,0.09375,8.697916666666666,0,28,96
166,10275,28.00166694074869,0.14583333333333337,8.114583333333334,0,30,96
167,10371,20.730000268667936,0.27083333333333337,7.0625,0,28,96
168,10428,-16.25499878078699,0.42105263157894735,7.2105263157894735,1,17,57
169,10524,39.28666662145406,0.09375,7.958333333333333,0,20,96
170,10620,33.700000040233135,0.13541666666666663,7.625,0,26,96
171,10716,16.56000009737909,0.22916666666666663,9.3125,0,27,96
172,10812,13.303333738818765,0.27083333333333337,8.229166666666666,0,33,96
173,10908,-2.7433331087231636,0.46875,7.583333333333333,0,31,96
174,11004,3.8250001594424248,0.33333333333333337,8.65625,0,34,96
175,11100,16.806666794233024,0.26041666666666663,10.145833333333334,0,17,96
176,11196,5.136666741222143,0.39583333333333337,7.395833333333333,0,31,96
177,11292,22.37166672758758,0.16666666666666663,8.989583333333334,0,30,96
178,11388,37.223333292640746,0.02083333333333337,8.416666666666666,0,29,96
179,11484,27.475000106729567,0.17708333333333337,9.03125,0,19,96
180,11580,24.515000382438302,0.1875,8.28125,0,25,96
181,11676,30.86333319172263,0.0625,9.666666666666666,0,26,96
182,11772,14.408333544619381,0.29166666666666663,8.635416666666666,0,26,96
183,11868,34.85166683327407,0.0625,8.364583333333334,0,30,96
184,11964,-8.729999967850745,0.5520833333333333,7.875,0,28,96
185,12060,4.9016666086390615,0.3125,9.302083333333334,0,34,96
186,12156,12.436667032539845,0.25,9.458333333333334,0,29,96
187,12252,29.63000031374395,0.14583333333333337,6.875,0,35,96
188,12348,16.115000189282,0.23958333333333337,9.28125,0,26,96
189,12356,-20.92333386093378,0.875,2.5,1,1,8
190,12452,-8.984999615699053,0.5208333333333333,7.78125,0,32,96
191,12496,-19.96333224605769,0.5227272727272727,4.409090909090909,1,18,44
192,12592,13.491666824556887,0.28125,8.302083333333334,0,32,96
193,12688,27.859999793581665,0.20833333333333337,8.625,0,19,96
194,12784,12.645000014454126,0.22916666666666663,9.15625,0,33,96
195,12880,20.681666845455766,0.22916666666666663,8.239583333333334,0,24,96
196,12976,-1.6916663572192192,0.5833333333333333,5.947916666666667,0,23,96
197,13072,15.011667012237012,0.30208333333333337,7.989583333333333,0,27,96
198,13168,29.581666821613908,0.13541666666666663,7.802083333333333,0,30,96
199,13264,30.6683333190158,0.125,8.385416666666666,0,25,96
200,13360,16.056667021475732,0.25,8.458333333333334,0,30,96
201,13456,5.776667268946767,0.29166666666666663,9.145833333333334,0,36,96
202,13552,16.941666666418314,0.29166666666666663,7.864583333333333,0,25,96
203,13648,22.375000087544322,0.17708333333333337,8.78125,0,29,96
204,13744,1.5433334847912192,0.35416666666666663,9.291666666666666,0,32,96
205,13840,6.724999662488699,0.41666666666666663,7.21875,0,28,96
206,13936,11.530000170692801,0.27083333333333337,8.9375,0,30,96
207,14032,29.40333337429911,0.13541666666666663,8.416666666666666,0,25,96
208,14128,11.146666757762432,0.27083333333333337,10.270833333333334,0,23,96
209,14224,33.02500020619482,0.03125,8.46875,0,37,96
210,14320,2.2549999989569187,0.47916666666666663,7.03125,0,25,96
211,14416,21.72333336621523,0.1875,7.479166666666667,0,35,96
212,14512,15.680000049993396,0.30208333333333337,8.5,0,24,96
213,14608,39.980000235140324,0.08333333333333337,8.25,0,19,96
214,14704,17.230000212788582,0.33333333333333337,7.25,0,24,96
215,14800,3.2800002843141556,0.39583333333333337,8.5625,0,29,96
216,14896,17.82833293825388,0.27083333333333337,7.760416666666667,0,28,96
217,14992,37.1166668375954,0.04166666666666663,7.958333333333333,0,31,96
218,15088,17.16000036895275,0.30208333333333337,7.3125,0,28,96
219,15184,17.351666720584035,0.22916666666666663,9.052083333333334,0,26,96
220,15280,25.410000373609364,0.19791666666666663,8.125,0,25,96
221,15376,30.310000216588378,0.15625,7.75,0,25,96
222,15472,27.236666817218065,0.20833333333333337,7.083333333333333,0,28,96
223,15568,31.646666846238077,0.125,7.958333333333333,0,27,96
224,15664,19.186666762456298,0.23958333333333337,7.395833333333333,0,32,96
225,15760,13.553333490155637,0.20833333333333337,9.229166666666666,0,37,96
226,15856,20.469999853521585,0.16666666666666663,8.375,0,35,96
227,15952,16.648333676159382,0.25,7.572916666666667,0,34,96
228,16048,24.395000237971544,0.23958333333333337,8.34375,0,20,96
229,16144,35.588333438150585,0.14583333333333337,7.510416666666667,0,22,96
230,16154,-19.661667108535767,0.7,3.1,1,1,10
231,16185,-7.668333262205124,0.19354838709677424,7.129032258064516,1,4,31
232,16281,20.585000284016132,0.33333333333333337,6.40625,0,24,96
233,16377,29.02666644472629,0.17708333333333337,7.708333333333333,0,27,96
234,16473,25.11833329498768,0.19791666666666663,7.947916666666667,0,28,96
235,16569,7.133333503268659,0.34375,7.854166666666667,0,34,96
236,16665,16.053333424031734,0.28125,7.416666666666667,0,32,96
237,16761,40.7116667740047,0.02083333333333337,8.427083333333334,0,26,96
238,16857,20.22000015899539,0.25,7.6875,0,28,96
239,16953,31.636666710488498,0.08333333333333337,7.333333333333333,0,38,96
240,17049,40.57666677236557,0.10416666666666663,7.833333333333333,0,18,96
241,17145,16.008333519101143,0.25,8.010416666666666,0,35,96
242,17158,-24.13666731119156,0.7692307692307692,5.846153846153846,1,5,13
243,17254,40.11833356972784,0.09375,7.197916666666667,0,24,96
244,17350,26.055000131949782,0.19791666666666663,8.15625,0,25,96
245,17446,14.829999945126474,0.32291666666666663,7.125,0,30,96
246,17542,28.640000138431787,0.15625,7.875,0,28,96
247,17638,42.7400001231581,0.125,6.75,0,18,96
248,17734,32.92666705977172,0.0625,8.333333333333334,0,34,96
249,17830,37.215000024065375,0.125,7.46875,0,23,96
250,17926,19.48166685178876,0.23958333333333337,7.177083333333333,0,35,96
251,18022,25.56666701938957,0.23958333333333337,7.270833333333333,0,24,96
252,18118,45.51166693121195,0.0,7.989583333333333,0,23,96
253,18214,20.370000242255628,0.21875,8.125,0,30,96
254,18310,28.763333350419998,0.27083333333333337,6.729166666666667,0,18,96
255,18406,43.70833349972963,0.07291666666666663,7.885416666666667,0,17,96
256,18502,4.106666876003146,0.375,8.833333333333334,0,29,96
257,18598,31.64333349838853,0.16666666666666663,7.416666666666667,0,25,96
258,18694,21.901666671037674,0.26041666666666663,7.864583333333333,0,24,96
259,18790,19.57000002078712,0.20833333333333337,8.5,0,30,96
260,18811,-23.448332499712706,0.7142857142857143,4.523809523809524,1,8,21
261,18907,1.2183335963636637,0.4375,7.822916666666667,0,29,96
262,19003,22.443333372473717,0.30208333333333337,6.666666666666667,0,24,96
263,19099,28.826666958630085,0.20833333333333337,7.333333333333333,0,23,96
264,19195,28.268333181738853,0.19791666666666663,8.510416666666666,0,19,96
265,19291,25.77333353087306,0.20833333333333337,8.104166666666666,0,24,96
266,19387,41.97666658088565,0.14583333333333337,6.458333333333333,0,18,96
267,19483,43.429999984800816,0.08333333333333337,7.5,0,19,96
268,19579,12.366666782647371,0.32291666666666663,7.645833333333333,0,30,96
269,19675,17.423333539627492,0.30208333333333337,8.791666666666666,0,18,96
270,19771,28.231666798703372,0.21875,7.552083333333333,0,22,96
271,19867,13.175000346265733,0.3125,8.65625,0,23,96
272,19963,22.01333337277174,0.27083333333333337,7.416666666666667,0,25,96
273,20059,36.74166679009795,0.125,7.552083333333333,0,24,96
274,20155,10.70500023663044,0.35416666666666663,8.46875,0,24,96
275,20251,7.4550002962350845,0.41666666666666663,8.84375,0,18,96
276,20347,34.14499987382442,0.19791666666666663,5.78125,0,27,96
277,20443,28.02833367884159,0.28125,6.072916666666667,0,22,96
278,20539,11.643333368003368,0.36458333333333337,7.354166666666667,0,27,96
279,20635,25.299999963492155,0.20833333333333337,7.625,0,27,96
280,20731,34.296666998416185,0.14583333333333337,8.270833333333334,0,19,96
281,20827,21.54833339061588,0.29166666666666663,7.822916666666667,0,20,96
282,20923,28.526666653342545,0.10416666666666663,8.270833333333334,0,33,96
283,21019,34.211666790768504,0.07291666666666663,7.614583333333333,0,34,96
284,21115,41.561666671186686,0.125,6.864583333333333,0,19,96
285,21211,15.835000242106616,0.34375,7.28125,0,24,96
286,21307,37.60999999940395,0.0625,7.6875,0,28,96
287,21403,35.07499989401549,0.125,8.78125,0,16,96
288,21499,30.233333498239517,0.16666666666666663,7.854166666666667,0,26,96
289,21595,37.83500002324581,0.09375,8.09375,0,22,96
290,21691,24.803333482705057,0.125,8.979166666666666,0,30,96
291,21787,5.603333382867277,0.39583333333333337,8.541666666666666,0,23,96
292,21883,26.065000094473362,0.26041666666666663,6.34375,0,25,96
293,21979,24.106666710227728,0.21875,8.208333333333334,0,25,96
294,22075,30.641666784882545,0.27083333333333337,6.364583333333333,0,17,96
295,22171,39.49666691571474,0.15625,6.395833333333333,0,21,96
296,22267,32.938333079218864,0.1875,7.385416666666667,0,21,96
297,22363,7.1483334535732865,0.29166666666666663,9.447916666666666,0,31,96
298,22459,27.216667011380196,0.14583333333333337,8.895833333333334,0,26,96
299,22555,20.875000035390258,0.26041666666666663,9.65625,0,13,96
300,22651,32.2149997279048,0.1875,7.21875,0,23,96
301,22747,28.374999962747097,0.29166666666666663,6.40625,0,18,96
302,22843,20.150000504218042,0.23958333333333337,7.9375,0,29,96
303,22939,48.881666481494904,0.07291666666666663,7.739583333333333,0,10,96
304,23035,12.225000030361116,0.41666666666666663,7.53125,0,18,96
305,23131,32.37666683644056,0.16666666666666663,7.333333333333333,0,25,96
306,23227,36.41833352856338,0.125,8.197916666666666,0,20,96
307,23323,31.630000293254852,0.19791666666666663,7.8125,0,20,96
308,23419,35.966666779480875,0.125,7.770833333333333,0,21,96
309,23515,16.193333535455167,0.3125,8.104166666666666,0,22,96
310,23611,8.973333443515003,0.36458333333333337,8.479166666666666,0,24,96
311,23707,17.088333509862423,0.30208333333333337,8.072916666666666,0,22,96
312,23803,17.98000004235655,0.32291666666666663,6.25,0,29,96
313,23899,33.74666679184884,0.13541666666666663,7.708333333333333,0,24,96
314,23995,18.3366667823866,0.28125,8.208333333333334,0,23,96
315,24091,34.36000011116266,0.1875,7.375,0,19,96
316,24126,0.08500075340270996,0.11428571428571432,5.057142857142857,1,5,35
317,24222,15.225000350736082,0.33333333333333337,6.96875,0,30,96
318,24318,41.15000044554472,0.09375,7.5625,0,21,96
319,24414,11.630000258795917,0.3125,9.0625,0,24,96
320,24510,12.82000024896115,0.3125,9.0,0,23,96
321,24606,-0.5416662553325295,0.47916666666666663,7.072916666666667,0,32,96
322,24702,20.218333582393825,0.30208333333333337,7.822916666666667,0,18,96
323,24798,36.75999985821545,0.13541666666666663,8.4375,0,15,96
324,24894,23.02166623622179,0.30208333333333337,7.989583333333333,0,16,96
325,24990,31.78000026475638,0.26041666666666663,7.3125,0,13,96
326,25086,20.538333727046847,0.41666666666666663,6.760416666666667,0,10,96
327,25182,40.02000021841377,0.10416666666666663,7.875,0,19,96
328,25278,45.250000186264515,0.14583333333333337,6.6875,0,13,96
329,25374,47.479999884963036,0.05208333333333337,7.25,0,19,96
330,25470,27.959999991580844,0.21875,7.9375,0,20,96
331,25566,24.838333133608103,0.29166666666666663,6.260416666666667,0,24,96
332,25662,40.18999991938472,0.16666666666666663,6.4375,0,18,96
333,25758,24.606666861101985,0.26041666666666663,7.770833333333333,0,21,96
334,25854,37.24333346169442,0.14583333333333337,8.541666666666666,0,12,96
335,25950,19.483333158306777,0.30208333333333337,8.541666666666666,0,17,96
336,26046,29.12833334505558,0.27083333333333337,6.697916666666667,0,18,96
337,26142,29.428333613090217,0.16666666666666663,8.447916666666666,0,21,96
338,26238,7.703333511017263,0.40625,7.979166666666667,0,22,96
339,26334,20.0500003201887,0.23958333333333337,8.1875,0,28,96
340,26430,45.154999929480255,0.125,7.34375,0,10,96
341,26526,22.158333610743284,0.25,8.447916666666666,0,23,96
342,26622,36.07833342254162,0.10416666666666663,8.135416666666666,0,23,96
343,26718,24.116666935384274,0.21875,7.770833333333333,0,27,96
344,26814,28.858333162032068,0.19791666666666663,7.447916666666667,0,24,96
345,26910,39.70833347644657,0.13541666666666663,7.697916666666667,0,16,96
346,27006,35.983333616517484,0.10416666666666663,8.166666666666666,0,23,96
347,27096,15.673333164304495,0.16666666666666663,6.977777777777778,1,17,90
348,27192,37.18666668608785,0.19791666666666663,6.645833333333333,0,16,96
349,27288,38.531666844151914,0.08333333333333337,8.489583333333334,0,21,96
350,27384,39.59833363536745,0.15625,5.947916666666667,0,23,96
351,27480,21.543333421461284,0.29166666666666663,6.604166666666667,0,28,96
352,27576,42.681666895747185,0.10416666666666663,6.864583333333333,0,20,96
353,27593,-21.853332608938217,0.7647058823529411,4.0,1,5,17
354,27689,47.55999989435077,0.07291666666666663,7.375,0,15,96
355,27785,43.82166647166014,0.07291666666666663,7.677083333333333,0,19,96
356,27881,33.50333382003009,0.16666666666666663,7.416666666666667,0,22,96
357,27977,5.2366666831076145,0.36458333333333337,9.395833333333334,0,23,96
358,28073,22.02333341818303,0.38541666666666663,5.604166666666667,0,19,96
359,28169,33.98000013735145,0.16666666666666663,7.8125,0,20,96
360,28265,42.456666588783264,0.03125,8.770833333333334,0,21,96
361,28361,47.58500009030104,0.02083333333333337,8.15625,0,18,96
362,28457,23.026666551828384,0.25,8.270833333333334,0,22,96
363,28553,32.611667009070516,0.1875,7.864583333333333,0,18,96
364,28649,43.46333306003362,0.125,7.166666666666667,0,17,96
365,28745,42.518333486281335,0.03125,9.072916666666666,0,18,96
366,28841,16.471666829660535,0.27083333333333337,8.114583333333334,0,28,96
367,28937,30.32666643243283,0.23958333333333337,7.645833333333333,0,17,96
368,29033,20.6216674214229,0.40625,4.427083333333333,0,26,96
369,29129,38.04666681587696,0.16666666666666663,7.083333333333333,0,19,96
370,29225,11.016666664741933,0.33333333333333337,8.708333333333334,0,24,96
371,29321,17.941666803322732,0.25,8.427083333333334,0,27,96
372,29417,33.06833318993449,0.19791666666666663,7.260416666666667,0,20,96
373,29513,38.10833328962326,0.13541666666666663,7.197916666666667,0,22,96
374,29609,21.883333488367498,0.30208333333333337,7.916666666666667,0,18,96
375,29705,21.63666675798595,0.23958333333333337,8.958333333333334,0,20,96
376,29801,52.456667091697454,0.0625,6.145833333333333,0,16,96
377,29822,-15.078333109617233,0.4285714285714286,4.523809523809524,1,4,21
378,29918,39.29166635032743,0.14583333333333337,7.614583333333333,0,16,96
379,30014,34.541666865348816,0.17708333333333337,7.364583333333333,0,20,96
380,30110,16.596666792407632,0.30208333333333337,8.458333333333334,0,21,96
381,30206,9.206666989251971,0.36458333333333337,9.145833333333334,0,19,96
382,30302,33.90833316743374,0.21875,7.447916666666667,0,14,96
383,30398,42.416666618548334,0.21875,5.208333333333333,0,16,96
384,30494,53.19666677620262,0.05208333333333337,6.395833333333333,0,14,96
385,30590,39.07333345618099,0.125,7.604166666666667,0,19,96
386,30659,4.94833358284086,0.26086956521739135,7.318840579710145,1,5,69
387,30755,15.546666242182255,0.34375,7.520833333333333,0,25,96
388,30851,30.848333882167935,0.15625,7.510416666666667,0,29,96
389,30947,6.1450002221390605,0.41666666666666663,8.46875,0,24,96
390,31023,12.013334318064153,0.22368421052631582,5.578947368421052,1,13,76
391,31119,41.09333331044763,0.14583333333333337,7.604166666666667,0,13,96
392,31215,29.39333328884095,0.16666666666666663,9.604166666666666,0,17,96
393,31311,43.46333360578865,0.07291666666666663,8.416666666666666,0,15,96
394,31407,46.92666713800281,0.14583333333333337,6.020833333333333,0,14,96
395,31503,20.103333230130374,0.30208333333333337,7.979166666666667,0,19,96
396,31520,-18.408332958817482,0.5294117647058824,3.823529411764706,1,5,17
397,31616,43.39333369862288,0.09375,8.729166666666666,0,10,96
398,31712,53.5833334363997,0.03125,6.854166666666667,0,16,96
399,31808,18.658333755098283,0.28125,8.072916666666666,0,25,96
400,31904,28.818333430215716,0.16666666666666663,9.072916666666666,0,20,96
401,32000,24.296666603535414,0.25,8.895833333333334,0,15,96
402,32096,27.645000338554382,0.32291666666666663,6.21875,0,17,96
403,32192,29.413333287462592,0.19791666666666663,9.229166666666666,0,13,96
404,32288,24.47166681662202,0.26041666666666663,8.489583333333334,0,16,96
405,32384,53.845000214874744,0.02083333333333337,7.34375,0,13,96
406,32480,37.55499999411404,0.125,8.96875,0,14,96
407,32576,33.98166696727276,0.19791666666666663,7.364583333333333,0,18,96
408,32672,13.038333270698786,0.41666666666666663,6.885416666666667,0,20,96
409,32714,6.331666760146618,0.023809523809523836,6.690476190476191,1,4,42
410,32810,23.23666652292013,0.25,7.958333333333333,0,23,96
411,32906,30.424999875947833,0.22916666666666663,7.21875,0,19,96
412,32913,-21.103332549333572,0.8571428571428572,3.7142857142857144,1,1,7
413,33009,52.854999758303165,0.05208333333333337,7.90625,0,7,96
414,33105,32.24833308532834,0.26041666666666663,7.510416666666667,0,10,96
415,33201,41.75500062201172,0.22916666666666663,4.90625,0,17,96
416,33297,7.183333626948297,0.46875,8.041666666666666,0,15,96
417,33393,20.380000439472497,0.32291666666666663,7.1875,0,23,96
418,33489,44.56166684627533,0.19791666666666663,5.864583333333333,0,13,96
419,33585,25.42666694521904,0.3125,6.895833333333333,0,19,96
420,33681,34.1950000571087,0.1875,7.59375,0,18,96
421,33777,19.58666673488915,0.27083333333333337,9.333333333333334,0,17,96
422,33873,17.36666660849005,0.30208333333333337,10.020833333333334,0,12,96
423,33969,19.933333788067102,0.36458333333333337,6.666666666666667,0,20,96
424,34065,40.50000037159771,0.16666666666666663,7.375,0,12,96
425,34161,35.20333332475275,0.15625,7.666666666666667,0,21,96
426,34257,59.79500035196543,0.02083333333333337,6.71875,0,8,96
427,34353,30.65000005438924,0.23958333333333337,7.125,0,18,96
428,34449,48.56000026315451,0.13541666666666663,5.5625,0,16,96
429,34545,-5.514999563805759,0.5416666666666667,8.53125,0,22,96
430,34641,25.45666652265936,0.16666666666666663,10.645833333333334,0,15,96
431,34654,-17.344999223947525,0.3846153846153846,3.923076923076923,1,5,13
432,34750,20.049999894574285,0.29166666666666663,9.375,0,14,96
433,34846,22.25000007264316,0.23958333333333337,8.3125,0,23,96
434,34942,48.47999996971339,0.07291666666666663,7.75,0,12,96
435,35038,31.635000351816416,0.23958333333333337,7.84375,0,13,96
436,35134,23.153333521448076,0.27083333333333337,8.666666666666666,0,14,96
437,35230,38.26333340257406,0.16666666666666663,6.166666666666667,0,23,96
438,35326,32.50499972421676,0.125,9.78125,0,15,96
439,35422,31.379999983124435,0.19791666666666663,9.4375,0,9,96
440,35518,31.151666704565287,0.20833333333333337,7.302083333333333,0,24,96
441,35614,9.609999872744083,0.35416666666666663,8.9375,0,24,96
442,35683,13.20333406701684,0.10144927536231885,8.144927536231885,1,7,69
443,35779,41.9883327037096,0.21875,6.010416666666667,0,12,96
444,35875,17.953332994133234,0.3125,8.916666666666666,0,15,96
445,35971,26.411666978150606,0.20833333333333337,8.677083333333334,0,19,96
446,36067,57.576666444540024,0.02083333333333337,7.395833333333333,0,6,96
447,36163,42.86666668858379,0.10416666666666663,8.895833333333334,0,9,96
448,36259,26.93166685756296,0.23958333333333337,8.489583333333334,0,15,96
449,36355,39.52166663110256,0.20833333333333337,6.927083333333333,0,10,96
450,36451,31.72000066936016,0.19791666666666663,7.875,0,18,96
451,36547,42.08499999344349,0.15625,6.90625,0,16,96
452,36643,30.49833383411169,0.28125,6.760416666666667,0,15,96
453,36739,39.683333437889814,0.11458333333333337,7.666666666666667,0,19,96
454,36800,5.709999073296785,0.21311475409836067,7.377049180327869,1,4,61
455,36896,38.693333929404616,0.11458333333333337,8.166666666666666,0,17,96
456,36992,42.148332874290645,0.08333333333333337,8.885416666666666,0,13,96
457,37088,52.45166622847319,0.07291666666666663,7.239583333333333,0,9,96
458,37184,41.373333625495434,0.16666666666666663,7.979166666666667,0,7,96
459,37280,42.88166669011116,0.21875,5.989583333333333,0,9,96
460,37376,46.03999964892864,0.15625,6.3125,0,10,96
461,37472,59.92333315964788,0.0,6.729166666666667,0,10,96
462,37568,1.5249997209757566,0.46875,10.28125,0,9,96
463,37664,35.04166675545275,0.14583333333333337,9.052083333333334,0,16,96
464,37726,20.558333411812782,0.048387096774193505,6.112903225806452,1,3,62
465,37822,27.013333599083126,0.23958333333333337,8.166666666666666,0,18,96
466,37918,52.475000977516174,0.03125,8.28125,0,7,96
467,37999,14.385000852867961,0.0864197530864198,9.666666666666666,1,8,81
468,38095,-8.054999629035592,0.5416666666666667,9.28125,0,20,96
469,38191,49.20666654407978,0.07291666666666663,7.458333333333333,0,11,96
470,38287,37.66166734136641,0.15625,8.802083333333334,0,10,96
471,38383,41.11000025551766,0.125,8.125,0,14,96
472,38479,51.72499982267618,0.07291666666666663,7.03125,0,11,96
473,38575,50.38666719198227,0.10416666666666663,7.395833333333333,0,5,96
474,38671,50.40833429899067,0.09375,7.072916666666667,0,9,96
475,38767,33.856667150743306,0.19791666666666663,6.895833333333333,0,19,96
476,38863,47.05333360284567,0.03125,9.104166666666666,0,12,96
477,38959,39.17833338305354,0.125,8.197916666666666,0,15,96
478,39055,45.236666440963745,0.0625,8.895833333333334,0,11,96
479,39151,25.73333367612213,0.26041666666666663,8.916666666666666,0,10,96
480,39247,47.51166666299105,0.04166666666666663,7.927083333333333,0,17,96
481,39343,-0.44666694942861795,0.47916666666666663,9.104166666666666,0,19,96
482,39414,14.016666360199451,0.12676056338028174,7.887323943661972,1,6,71
483,39510,53.03666691109538,0.04166666666666663,7.395833333333333,0,10,96
484,39606,51.7133335582912,0.125,6.604166666666667,0,7,96
485,39702,37.94333367794752,0.21875,7.416666666666667,0,8,96
486,39798,37.08833303581923,0.16666666666666663,8.510416666666666,0,10,96
487,39894,45.1233331495896,0.07291666666666663,8.229166666666666,0,13,96
488,39990,27.31166702695191,0.28125,7.739583333333333,0,14,96
489,40086,42.12833358719945,0.10416666666666663,8.322916666666666,0,12,96
490,40182,46.64833367150277,0.11458333333333337,7.072916666666667,0,13,96
491,40278,37.18333355244249,0.14583333333333337,8.229166666666666,0,15,96
492,40374,44.36999988928437,0.10416666666666663,8.8125,0,6,96
493,40470,49.14666745066643,0.16666666666666663,6.645833333333333,0,6,96
494,40566,37.934999412856996,0.15625,8.71875,0,10,96
495,40662,36.961666907183826,0.20833333333333337,6.614583333333333,0,17,96
496,40758,40.813333716243505,0.13541666666666663,8.666666666666666,0,9,96
497,40854,0.27166659478098154,0.47916666666666663,9.989583333333334,0,13,96
498,40950,43.844999886117876,0.14583333333333337,7.15625,0,11,96
499,41046,31.645000292919576,0.23958333333333337,8.40625,0,9,96
500,41142,36.87833351176232,0.17708333333333337,8.822916666666666,0,7,96
501,41238,35.17333315592259,0.09375,9.729166666666666,0,16,96
502,41334,-7.536666380241513,0.44791666666666663,10.291666666666666,0,28,96
503,41430,42.33499999996275,0.19791666666666663,6.78125,0,8,96
504,41526,49.68833357375115,0.125,6.885416666666667,0,7,96
505,41622,45.9150003856048,0.13541666666666663,6.28125,0,15,96
506,41718,50.81833399273455,0.08333333333333337,7.447916666666667,0,8,96
507,41814,19.50833327230066,0.30208333333333337,9.010416666666666,0,15,96
508,41910,50.13500061631203,0.0625,8.46875,0,6,96
509,42006,32.18333301972598,0.21875,8.354166666666666,0,12,96
510,42102,34.55333313066512,0.14583333333333337,8.479166666666666,0,17,96
511,42198,57.72166630625725,0.0625,6.927083333333333,0,4,96
512,42294,16.77833305671811,0.30208333333333337,9.947916666666666,0,12,96
513,42390,36.33666697796434,0.19791666666666663,7.833333333333333,0,12,96
514,42486,44.14000022690743,0.19791666666666663,4.625,0,20,96
515,42582,47.643333471380174,0.125,7.041666666666667,0,11,96
516,42678,13.175000278279185,0.34375,9.21875,0,18,96
517,42774,28.79500021226704,0.20833333333333337,8.90625,0,13,96
518,42870,49.22000037133694,0.125,6.375,0,12,96
519,42966,54.98500008136034,0.09375,6.34375,0,9,96
520,43062,40.73833319824189,0.16666666666666663,7.447916666666667,0,13,96
521,43158,25.655000309459865,0.26041666666666663,8.03125,0,17,96
522,43254,4.734999937936664,0.47916666666666663,8.84375,0,11,96
523,43350,33.95666673313826,0.17708333333333337,8.895833333333334,0,11,96
524,43446,45.606666943989694,0.08333333333333337,9.645833333333334,0,2,96
525,43542,43.30499966535717,0.10416666666666663,8.40625,0,13,96
526,43635,25.435000471770763,0.06451612903225812,8.096774193548388,1,12,93
527,43731,55.63333298265934,0.0625,7.041666666666667,0,6,96
528,43827,56.23000030964613,0.11458333333333337,5.5625,0,8,96
529,43923,23.591666375286877,0.26041666666666663,9.739583333333334,0,8,96
530,44019,42.49333358090371,0.17708333333333337,6.666666666666667,0,12,96
531,44115,54.11166757158935,0.13541666666666663,5.302083333333333,0,9,96
532,44211,56.2516667842865,0.05208333333333337,6.864583333333333,0,8,96
533,44307,44.02000043913722,0.1875,6.8125,0,8,96
534,44403,18.433333406224847,0.26041666666666663,9.604166666666666,0,17,96
535,44499,42.109999515116215,0.13541666666666663,8.4375,0,8,96
536,44595,51.17333329375833,0.10416666666666663,7.104166666666667,0,6,96
537,44691,49.43166669085622,0.05208333333333337,9.052083333333334,0,5,96
538,44771,22.253332529217005,0.08750000000000002,8.375,1,3,80
539,44867,54.00500014424324,0.11458333333333337,5.53125,0,12,96
540,44963,51.43999990075827,0.0625,8.75,0,2,96
541,45059,35.24333292245865,0.27083333333333337,6.604166666666667,0,10,96
542,45155,63.659999027848244,0.03125,6.6875,0,3,96
543,45251,42.97333332058042,0.15625,7.916666666666667,0,7,96
544,45347,41.201667240820825,0.17708333333333337,7.177083333333333,0,11,96
545,45443,45.589999987743795,0.08333333333333337,8.25,0,11,96
546,45539,50.54500014986843,0.04166666666666663,8.84375,0,7,96
547,45635,45.83833373244852,0.13541666666666663,7.822916666666667,0,6,96
548,45731,55.14166709035635,0.09375,6.802083333333333,0,5,96
549,45827,42.881666496396065,0.3125,4.989583333333333,0,2,96
550,45923,34.84333350136876,0.1875,9.166666666666666,0,7,96
551,46019,37.146666689775884,0.19791666666666663,7.958333333333333,0,8,96
552,46115,34.25499975681305,0.20833333333333337,8.84375,0,6,96
553,46211,44.236666560173035,0.16666666666666663,7.458333333333333,0,6,96
554,46307,43.7666665231809,0.15625,7.645833333333333,0,7,96
555,46403,42.06833306979388,0.125,8.760416666666666,0,7,96
556,46499,43.96666723489761,0.15625,6.958333333333333,0,10,96
557,46595,33.83333343267441,0.16666666666666663,9.791666666666666,0,7,96
558,46691,40.72833404969424,0.16666666666666663,8.010416666666666,0,10,96
559,46787,53.12499966379255,0.0625,7.90625,0,5,96
560,46883,38.13833314087242,0.16666666666666663,8.885416666666666,0,8,96
561,46943,20.220000088214874,0.0,7.3,1,0,60
562,47039,40.25500016845763,0.11458333333333337,9.21875,0,8,96
563,47135,44.7616671025753,0.125,8.677083333333334,0,6,96
564,47231,64.17166682705283,0.01041666666666663,6.427083333333333,0,4,96
565,47327,33.08666647039354,0.21875,8.333333333333334,0,11,96
566,47364,6.448333039879799,0.05405405405405406,5.054054054054054,1,1,37
567,47460,35.99666654318571,0.16666666666666663,9.145833333333334,0,7,96
568,47556,32.73333325609565,0.29166666666666663,6.541666666666667,0,12,96
569,47652,12.529999461025,0.35416666666666663,10.0625,0,12,96
570,47748,62.49500033259392,0.08333333333333337,5.84375,0,1,96
571,47844,52.47166604548693,0.04166666666666663,9.177083333333334,0,2,96
572,47940,15.703333232551813,0.34375,9.479166666666666,0,11,96
573,48036,55.92333347257227,0.02083333333333337,7.666666666666667,0,8,96
574,48132,49.668333751149476,0.08333333333333337,8.010416666666666,0,8,96
575,48200,11.328333009034395,0.11764705882352944,9.544117647058824,1,2,68
576,48296,32.02166683040559,0.21875,9.114583333333334,0,9,96
577,48392,59.820000410079956,0.02083333333333337,7.75,0,2,96
578,48467,29.88166743516922,0.013333333333333308,7.506666666666667,1,0,75
579,48563,57.41666676104069,0.05208333333333337,7.395833333333333,0,4,96
580,48631,-3.075000509619713,0.3382352941176471,8.691176470588236,1,4,68
581,48727,55.06499969121069,0.04166666666666663,8.15625,0,4,96
582,48823,46.83500019367784,0.14583333333333337,7.90625,0,3,96
583,48919,40.9566665366292,0.16666666666666663,8.083333333333334,0,8,96
584,49015,66.38000110443681,0.07291666666666663,5.125,0,1,96
585,49111,50.36999999638647,0.10416666666666663,7.8125,0,3,96
586,49201,26.13666644692421,0.16666666666666663,6.822222222222222,1,3,90
587,49251,5.313334509730339,0.18000000000000005,7.4,1,0,50
588,49347,33.83333330601454,0.25,7.604166666666667,0,8,96
589,49443,37.46333269774914,0.25,7.291666666666667,0,4,96
590,49539,54.12166694551706,0.05208333333333337,7.739583333333333,0,6,96
591,49620,7.168333679437637,0.2592592592592593,8.160493827160494,1,6,81
592,49716,49.141666650772095,0.10416666666666663,8.114583333333334,0,3,96
593,49812,30.82833313383162,0.1875,9.947916666666666,0,9,96
594,49908,32.96166726667434,0.23958333333333337,7.864583333333333,0,11,96
595,50004,36.69833354651928,0.22916666666666663,7.385416666666667,0,10,96
596,50100,62.5083332657814,0.01041666666666663,7.010416666666667,0,5,96
597,50196,41.50833336170763,0.15625,8.822916666666666,0,4,96
598,50292,48.81000008434057,0.14583333333333337,7.5625,0,3,96
599,50347,-0.22000034898519516,0.21818181818181814,8.50909090909091,1,6,55
600,50443,40.43833364825696,0.20833333333333337,7.760416666666667,0,4,96
601,50506,-4.603333469480276,0.38095238095238093,7.746031746031746,1,4,63
602,50602,55.56833378970623,0.09375,6.447916666666667,0,6,96
603,50698,32.386667212471366,0.21875,8.895833333333334,0,7,96
604,50794,46.189999744296074,0.1875,7.125,0,4,96
605,50890,57.12000057846308,0.04166666666666663,7.75,0,3,96
606,50986,42.33833321556449,0.17708333333333337,7.572916666666667,0,7,96
607,51028,9.740000635385513,0.0,6.571428571428571,1,1,42
608,51124,47.62500023748726,0.07291666666666663,9.28125,0,4,96
609,51220,42.023333705961704,0.17708333333333337,7.666666666666667,0,7,96
610,51316,61.286666586995125,0.125,4.770833333333333,0,3,96
611,51412,48.25999988615513,0.1875,5.875,0,9,96
612,51508,31.421666166745126,0.23958333333333337,8.302083333333334,0,10,96
613,51604,52.56166636571288,0.09375,7.364583333333333,0,6,96
614,51656,6.865000501275063,0.13461538461538458,7.326923076923077,1,3,52
615,51752,36.50666695740074,0.17708333333333337,8.895833333333334,0,7,96
616,51848,53.016667052172124,0.10416666666666663,7.020833333333333,0,5,96
617,51944,40.01666708290577,0.17708333333333337,8.270833333333334,0,7,96
618,52040,53.5749994404614,0.09375,7.59375,0,2,96
619,52083,1.5733333379030228,0.18604651162790697,7.348837209302325,1,0,43
620,52179,34.451666405424476,0.21875,8.677083333333334,0,6,96
621,52275,52.84666720032692,0.08333333333333337,7.958333333333333,0,4,96
622,52370,25.671667233109474,0.1473684210526316,7.6947368421052635,1,5,95
623,52466,44.86666612979025,0.14583333333333337,8.458333333333334,0,1,96
624,52562,43.59666690044105,0.1875,7.145833333333333,0,6,96
625,52643,31.066667810082436,0.0864197530864198,6.172839506172839,1,2,81
626,52739,24.273333272896707,0.34375,8.541666666666666,0,4,96
627,52835,8.709999863989651,0.40625,9.625,0,10,96
628,52931,58.29500021785498,0.08333333333333337,6.40625,0,4,96
629,53027,35.58166592475027,0.29166666666666663,6.739583333333333,0,7,96
630,53097,-0.3650003308430314,0.2857142857142857,9.3,1,3,70
631,53193,56.88500049710274,0.10416666666666663,5.65625,0,9,96
632,53260,22.176666602492332,0.07462686567164178,6.388059701492537,1,3,67
633,53352,27.050000697374344,0.15217391304347827,7.630434782608695,1,1,92
634,53448,55.79500114917755,0.125,5.90625,0,4,96
635,53544,31.3466665064916,0.27083333333333337,8.020833333333334,0,6,96
636,53640,62.02333388850093,0.04166666666666663,6.604166666666667,0,2,96
637,53736,50.38833396881819,0.10416666666666663,8.010416666666666,0,3,96
638,53832,50.60333268344402,0.05208333333333337,9.166666666666666,0,2,96
639,53928,-5.108333561569452,0.53125,10.302083333333334,0,11,96
640,54024,36.316666424274445,0.19791666666666663,8.770833333333334,0,4,96
641,54120,50.52000000234693,0.10416666666666663,7.875,0,3,96
642,54216,48.43999962043017,0.10416666666666663,7.9375,0,6,96
643,54312,59.07833385467529,0.04166666666666663,7.885416666666667,0,0,96
644,54408,51.601667016744614,0.11458333333333337,7.802083333333333,0,1,96
645,54492,35.781666561961174,0.04761904761904767,6.559523809523809,1,1,84
646,54588,37.5449996246025,0.17708333333333337,8.46875,0,10,96
647,54684,61.25499938428402,0.05208333333333337,6.71875,0,3,96
648,54721,6.076666831970215,0.05405405405405406,5.72972972972973,1,0,37
649,54768,7.905000537633896,0.14893617021276595,6.0638297872340425,1,0,47
650,54864,42.91333345230669,0.15625,8.541666666666666,0,3,96
651,54901,-1.3899990767240524,0.18918918918918914,7.135135135135135,1,0,37
652,54997,23.114999829791486,0.30208333333333337,8.78125,0,9,96
653,55093,64.58833288401365,0.0,7.072916666666667,0,2,96
654,55189,49.17500055488199,0.125,7.71875,0,3,96
655,55241,5.441665925085545,0.15384615384615385,7.711538461538462,1,1,52
656,55328,22.191666565835476,0.14942528735632188,8.333333333333334,1,1,87
657,55424,68.23666752874851,0.03125,5.833333333333333,0,0,96
658,55498,22.23999984562397,0.09459459459459463,7.54054054054054,1,1,74
659,55563,22.58499938249588,0.1384615384615384,4.476923076923077,1,1,65
660,55646,25.203333780169487,0.10843373493975905,7.783132530120482,1,2,83
661,55727,17.823333218693733,0.28395061728395066,5.530864197530864,1,2,81
662,55823,60.753333568573,0.10416666666666663,5.979166666666667,0,1,96
663,55919,64.11500069499016,0.0625,6.15625,0,0,96
664,55958,7.5700002908706665,0.0,6.769230769230769,1,0,39
665,56023,25.90833342075348,0.01538461538461533,6.476923076923077,1,0,65
666,56119,39.96333326771855,0.19791666666666663,7.916666666666667,0,6,96
667,56157,0.5733334273099899,0.10526315789473684,8.31578947368421,1,0,38
668,56253,62.883332937955856,0.08333333333333337,5.791666666666667,0,1,96
669,56333,5.336667401716113,0.26249999999999996,8.875,1,4,80
670,56429,50.81999936699867,0.13541666666666663,7.25,0,4,96
671,56525,47.16333363112062,0.08333333333333337,9.104166666666666,0,3,96
672,56621,45.648333920165896,0.125,8.697916666666666,0,3,96
673,56717,58.58833328541368,0.07291666666666663,7.072916666666667,0,2,96
674,56772,19.653333485126495,0.0,6.509090909090909,1,0,55
675,56813,-6.491665750741959,0.3902439024390244,6.609756097560975,1,0,41
676,56860,4.310001164674759,0.276595744680851,4.723404255319149,1,0,47
677,56930,32.540000915527344,0.0,5.828571428571428,1,0,70
678,56995,7.42666784580797,0.2153846153846154,7.7846153846153845,1,2,65
679,57072,28.466665893793106,0.07792207792207795,6.4935064935064934,1,1,77
680,57127,10.258333772420883,0.10909090909090913,7.872727272727273,1,0,55
681,57191,21.18666735291481,0.125,5.46875,1,0,64
682,57253,6.7416668003425,0.19354838709677424,8.596774193548388,1,1,62
683,57294,9.75,0.024390243902439046,6.0,1,0,41
684,57390,39.92666657920927,0.19791666666666663,8.458333333333334,0,2,96
685,57458,21.843332558870316,0.05882352941176472,7.382352941176471,1,0,68
686,57497,6.868333399295807,0.02564102564102566,6.794871794871795,1,0,39
687,57592,30.57166676223278,0.10526315789473684,8.389473684210527,1,0,95
688,57688,54.15333352982998,0.08333333333333337,7.854166666666667,0,2,96
689,57744,18.81499981880188,0.0,7.232142857142857,1,0,56
690,57791,12.108333468437195,0.0,7.297872340425532,1,0,47
691,57887,52.92666620016098,0.10416666666666663,7.958333333333333,0,0,96
692,57983,50.485000129789114,0.09375,8.15625,0,3,96
693,58031,17.368333145976067,0.02083333333333337,4.770833333333333,1,0,48
694,58127,50.38166708406061,0.15625,7.177083333333333,0,1,96
695,58223,70.12166753411293,0.03125,5.552083333333333,0,0,96
696,58301,17.484999671578407,0.1282051282051282,9.192307692307692,1,0,78
697,58397,61.808333337306976,0.09375,6.072916666666667,0,0,96
698,58493,43.2083328217268,0.13541666666666663,9.635416666666666,0,0,96
699,58554,8.446667030453682,0.14754098360655743,8.98360655737705,1,0,61
700,58607,0.8100003665313125,0.24528301886792447,7.9245283018867925,1,1,53
701,58703,64.30833394825459,0.09375,5.635416666666667,0,0,96
702,58781,20.19000080227852,0.1282051282051282,8.307692307692308,1,0,78
703,58860,8.476666390895844,0.2911392405063291,7.468354430379747,1,4,79
704,58936,21.235000133514404,0.1842105263157895,6.355263157894737,1,0,76
705,59032,24.889999985694885,0.36458333333333337,8.6875,0,1,96
706,59128,61.68166595324874,0.05208333333333337,6.427083333333333,0,4,96
707,59224,52.01833264529705,0.14583333333333337,6.947916666666667,0,2,96
708,59320,51.488333597779274,0.14583333333333337,7.260416666666667,0,1,96
709,59410,23.789999648928642,0.2666666666666667,5.733333333333333,1,1,90
710,59471,1.160000047646463,0.2295081967213115,9.442622950819672,1,1,61
711,59505,3.2000003159046173,0.08823529411764708,5.470588235294118,1,0,34
712,59601,49.6333337277174,0.15625,7.291666666666667,0,2,96
713,59697,57.06000003218651,0.0625,8.1875,0,0,96
714,59793,62.9283347427845,0.10416666666666663,5.572916666666667,0,0,96
715,59889,52.77333357837051,0.09375,7.791666666666667,0,2,96
716,59985,39.80833415687084,0.30208333333333337,6.572916666666667,0,0,96
717,60081,51.750000178813934,0.17708333333333337,6.4375,0,0,96
718,60177,55.96000077575445,0.13541666666666663,5.9375,0,4,96
719,60213,3.3466668128967285,0.11111111111111116,5.722222222222222,1,0,36
720,60309,42.21000068541616,0.16666666666666663,9.0625,0,1,96
721,60387,23.73833304643631,0.08974358974358976,8.166666666666666,1,0,78
722,60422,6.6883333176374435,0.02857142857142858,5.0,1,0,35
723,60466,8.78333368897438,0.11363636363636365,5.545454545454546,1,0,44
724,60537,7.0450006341561675,0.23943661971830987,8.577464788732394,1,1,71
725,60608,12.895000040531158,0.295774647887324,5.450704225352113,1,1,71
726,60647,5.441667094826698,0.10256410256410253,5.666666666666667,1,0,39
727,60685,9.063333377242088,0.02631578947368418,5.0,1,0,38
728,60767,25.90166637301445,0.09756097560975607,7.817073170731708,1,2,82
729,60820,7.179999366402626,0.30188679245283023,4.415094339622642,1,0,53
730,60916,35.68999993801117,0.20833333333333337,9.875,0,0,96
731,60973,9.421666405163705,0.1228070175438597,7.87719298245614,1,2,57
732,61044,32.6700005531311,0.0,6.0,1,0,71
733,61140,71.36666812002659,0.04166666666666663,4.958333333333333,0,1,96
734,61234,34.224999472498894,0.13829787234042556,6.670212765957447,1,0,94
735,61330,67.50499877333641,0.0,6.90625,0,0,96
736,61426,31.668333381414413,0.26041666666666663,9.697916666666666,0,0,96
737,61522,42.75833407044411,0.14583333333333337,9.697916666666666,0,0,96
738,61560,10.083333432674408,0.0,5.0,1,0,38
739,61592,0.9799999892711639,0.09375,6.0,1,0,32
740,61688,42.4050006121397,0.25,7.09375,0,1,96
741,61784,51.636667147278786,0.125,7.895833333333333,0,0,96
742,61852,32.79333393275738,0.014705882352941124,5.0,1,0,68
743,61948,43.92833264172077,0.15625,8.947916666666666,0,1,96
744,61987,9.304999887943268,0.02564102564102566,5.3076923076923075,1,0,39
745,62083,52.290000796318054,0.14583333333333337,7.25,0,0,96
746,62179,53.62666764855385,0.11458333333333337,7.458333333333333,0,1,96
747,62275,44.59333314653486,0.17708333333333337,8.291666666666666,0,1,96
748,62369,22.48666740115732,0.22340425531914898,7.297872340425532,1,1,94
749,62439,30.170001223683357,0.05714285714285716,5.228571428571429,1,0,70
750,62535,34.633333078585565,0.23958333333333337,9.104166666666666,0,1,96
751,62576,-2.9699992537498474,0.2682926829268293,7.170731707317073,1,0,41
752,62610,-3.4183336198329926,0.23529411764705888,6.5,1,0,34
753,62683,32.098333954811096,0.0547945205479452,5.52054794520548,1,0,73
754,62767,18.491666361689568,0.1785714285714286,8.488095238095237,1,0,84
755,62863,32.91833349317312,0.3125,7.510416666666667,0,3,96
756,62959,56.09666691720486,0.07291666666666663,7.833333333333333,0,0,96
757,63055,63.99999865889549,0.04166666666666663,6.875,0,0,96
758,63090,7.708333373069763,0.0,5.0,1,0,35
759,63186,57.510000586509705,0.13541666666666663,6.0625,0,0,96
760,63266,12.821665659546852,0.22499999999999998,8.2375,1,2,80
761,63362,36.739999822340906,0.25,8.1875,0,1,96
762,63413,4.278333231806755,0.17647058823529416,8.019607843137255,1,0,51
763,63509,66.31833213567734,0.03125,6.635416666666667,0,0,96
764,63605,58.018333315849304,0.07291666666666663,7.385416666666667,0,1,96
765,63690,30.160000145435333,0.08235294117647063,7.694117647058824,1,0,85
766,63786,48.29666728153825,0.13541666666666663,8.333333333333334,0,1,96
767,63835,17.651666685938835,0.020408163265306145,5.0,1,0,49
768,63931,53.57000066712499,0.125,7.25,0,1,96
769,63993,7.406666532158852,0.30645161290322576,5.548387096774194,1,2,62
770,64089,51.67000037431717,0.14583333333333337,7.4375,0,0,96
771,64185,68.2216667830944,0.08333333333333337,4.864583333333333,0,0,96
772,64281,55.90999998152256,0.10416666666666663,7.1875,0,0,96
773,64377,38.05166686233133,0.16666666666666663,9.802083333333334,0,2,96
774,64473,63.70666620135307,0.07291666666666663,6.270833333333333,0,0,96
775,64550,24.729999735951424,0.1428571428571429,6.311688311688312,1,1,77
776,64646,59.2466666996479,0.05208333333333337,7.645833333333333,0,0,96
777,64718,29.885000720620155,0.05555555555555558,5.958333333333333,1,0,72
778,64774,22.46500115096569,0.0357142857142857,4.767857142857143,1,0,56
779,64862,16.126665949821472,0.1477272727272727,10.522727272727273,1,0,88
780,64929,19.965000197291374,0.19402985074626866,4.880597014925373,1,0,67
781,65002,7.336667105555534,0.31506849315068497,7.095890410958904,1,1,73
782,65098,53.610000520944595,0.09375,8.0625,0,0,96
783,65194,50.68999910354614,0.11458333333333337,8.3125,0,0,96
784,65290,42.78000002261251,0.21875,7.375,0,3,96
785,65360,28.460000038146973,0.05714285714285716,6.0,1,0,70
786,65403,-6.849999830126762,0.4651162790697675,5.441860465116279,1,0,43
787,65442,-5.628334030508995,0.33333333333333337,7.051282051282051,1,0,39
788,65538,58.243333390913904,0.09375,6.916666666666667,0,1,96
789,65585,-1.379999190568924,0.34042553191489366,6.25531914893617,1,0,47
790,65655,9.801666468381882,0.19999999999999996,8.9,1,0,70
791,65697,-2.8066663593053818,0.3571428571428571,5.523809523809524,1,0,42
792,65776,25.699999004602432,0.189873417721519,5.468354430379747,1,0,79
793,65872,27.173333510756493,0.375,7.916666666666667,0,1,96
794,65968,53.47333402186632,0.10416666666666663,7.729166666666667,0,1,96
795,66044,27.46999990940094,0.07894736842105265,6.868421052631579,1,0,76
796,66140,48.884999707341194,0.14583333333333337,8.15625,0,0,96
797,66215,18.326666429638863,0.09333333333333338,8.906666666666666,1,1,75
798,66311,44.18500039726496,0.16666666666666663,8.46875,0,1,96
799,66407,53.32000099122524,0.15625,6.8125,0,0,96
800,66503,30.66999989748001,0.25,10.0,0,0,96
801,66599,54.590000450611115,0.10416666666666663,7.75,0,0,96
802,66695,54.850000366568565,0.17708333333333337,5.875,0,0,96
803,66791,70.17333444952965,0.02083333333333337,5.666666666666667,0,0,96
804,66887,42.73166696727276,0.125,9.677083333333334,0,2,96
805,66983,44.51833417173475,0.20833333333333337,7.197916666666667,0,3,96
806,67079,47.001666873693466,0.22916666666666663,6.364583333333333,0,0,96
807,67175,21.32166676223278,0.39583333333333337,8.739583333333334,0,0,96
808,67225,8.5,0.18000000000000005,6.0,1,0,50
809,67321,73.66333493590355,0.02083333333333337,5.041666666666667,0,0,96
810,67414,16.619999885559082,0.22580645161290325,8.774193548387096,1,1,93
811,67510,53.47499915957451,0.19791666666666663,5.46875,0,2,96
812,67606,37.2183338701725,0.32291666666666663,6.822916666666667,0,0,96
813,67677,0.5966673493385315,0.4084507042253521,6.957746478873239,1,1,71
814,67715,3.638333424925804,0.13157894736842102,5.868421052631579,1,0,38
815,67757,-7.89166633784771,0.40476190476190477,7.166666666666667,1,0,42
816,67825,30.17333386838436,0.014705882352941124,5.794117647058823,1,0,68
817,67887,11.711665630340576,0.11290322580645162,8.887096774193548,1,0,62
818,67964,17.101666546426713,0.19480519480519476,7.311688311688312,1,1,77
819,68060,58.42500075697899,0.1875,4.84375,0,0,96
820,68156,51.28666751086712,0.20833333333333337,5.770833333333333,0,1,96
821,68196,-15.403333514928818,0.5,8.45,1,1,40
822,68292,26.8483334928751,0.375,7.760416666666667,0,2,96
823,68331,0.9150000214576721,0.1282051282051282,7.923076923076923,1,0,39
824,68427,53.35999956727028,0.16666666666666663,6.3125,0,1,96
825,68519,31.736666165292263,0.07608695652173914,8.108695652173912,1,3,92
826,68555,-8.065000602044165,0.25,9.083333333333334,1,1,36
827,68651,50.780000135302544,0.11458333333333337,7.9375,0,0,96
828,68747,31.165000698529184,0.33333333333333337,7.59375,0,3,96
829,68804,8.294999532401562,0.1578947368421053,7.315789473684211,1,2,57
830,68900,53.45499947667122,0.14583333333333337,6.90625,0,0,96
831,68979,19.381665855646133,0.21518987341772156,6.215189873417722,1,3,79
832,69051,26.111666947603226,0.05555555555555558,6.986111111111111,1,0,72
833,69147,50.421666136942804,0.10416666666666663,8.364583333333334,0,1,96
834,69243,64.61500042676926,0.08333333333333337,5.46875,0,1,96
835,69311,10.795000506564975,0.16176470588235292,8.691176470588236,1,2,68
836,69365,15.380000099539757,0.12962962962962965,4.888888888888889,1,0,54
837,69461,27.901666551828384,0.34375,8.489583333333334,0,1,96
838,69497,-2.7883337289094925,0.2222222222222222,6.972222222222222,1,0,36
839,69593,51.61166762467474,0.09375,8.302083333333334,0,1,96
840,69681,26.92666667699814,0.18181818181818177,6.568181818181818,1,1,88
841,69777,56.31833240389824,0.07291666666666663,8.010416666666666,0,0,96
842,69836,19.21166640520096,0.05084745762711862,6.694915254237288,1,0,59
843,69932,71.07666677236557,0.01041666666666663,5.958333333333333,0,0,96
844,70028,51.728333950042725,0.125,7.760416666666667,0,0,96
845,70124,50.89166667312384,0.10416666666666663,8.114583333333334,0,2,96
846,70155,-0.16666655242443085,0.19354838709677424,4.0,1,0,31
847,70203,10.576666712760925,0.08333333333333337,6.666666666666667,1,0,48
848,70299,47.636668011546135,0.13541666666666663,8.270833333333334,0,1,96
849,70395,57.933333694934845,0.04166666666666663,8.291666666666666,0,0,96
850,70491,52.63166736718267,0.07291666666666663,8.552083333333334,0,1,96
851,70561,8.101666322909296,0.27142857142857146,7.357142857142857,1,1,70
852,70599,8.5,0.0,6.0,1,0,38
853,70695,68.82166709005833,0.07291666666666663,4.864583333333333,0,0,96
854,70732,3.763333112001419,0.1351351351351351,5.297297297297297,1,0,37
855,70811,37.19000193476677,0.06329113924050633,5.012658227848101,1,0,79
856,70907,33.47500018682331,0.28125,8.28125,0,3,96
857,70956,8.354999542236328,0.12244897959183676,6.918367346938775,1,0,49
858,71041,13.726666435599327,0.22352941176470587,8.776470588235295,1,0,85
859,71137,62.37333454191685,0.09375,5.854166666666667,0,0,96
860,71197,21.52000094950199,0.06666666666666665,5.6,1,0,60
861,71275,32.750001445412636,0.0641025641025641,6.153846153846154,1,0,78
862,71371,53.09500069916248,0.14583333333333337,6.96875,0,0,96
863,71467,48.81833350658417,0.13541666666666663,8.197916666666666,0,0,96
864,71553,24.363333597779274,0.15116279069767447,7.511627906976744,1,1,86
865,71610,11.030000410042703,0.1228070175438597,7.473684210526316,1,1,57
866,71649,-3.574999749660492,0.2564102564102564,6.846153846153846,1,2,39
867,71687,6.804999351501465,0.10526315789473684,4.5,1,0,38
868,71783,48.70333332195878,0.15625,7.604166666666667,0,1,96
869,71879,31.436666471883655,0.27083333333333337,8.708333333333334,0,2,96
870,71975,49.60499952733517,0.125,7.71875,0,4,96
871,72071,34.10666667949408,0.27083333333333337,8.208333333333334,0,2,96
872,72142,-10.494999938644469,0.49295774647887325,8.408450704225352,1,2,71
873,72219,23.87833333015442,0.11688311688311692,7.337662337662338,1,0,77
874,72315,12.098333640024066,0.4375,9.260416666666666,0,4,96
875,72359,-16.603333328850567,0.5,8.772727272727273,1,3,44
876,72455,32.69833280798048,0.28125,8.447916666666666,0,1,96
877,72551,49.66666707396507,0.125,7.833333333333333,0,3,96
878,72629,26.971667230129242,0.11538461538461542,6.371794871794871,1,1,78
879,72725,56.85833215713501,0.0625,7.822916666666667,0,0,96
880,72821,51.24000045657158,0.125,7.75,0,1,96
881,72911,21.26333264168352,0.16666666666666663,8.377777777777778,1,2,90
882,72993,28.443333581089973,0.08536585365853655,7.439024390243903,1,0,82
883,73089,52.063333100639284,0.11458333333333337,7.604166666666667,0,1,96
884,73185,53.429999351501465,0.15625,6.75,0,0,96
885,73227,2.3183336704969406,0.23809523809523814,5.4523809523809526,1,0,42
886,73322,23.716666004620492,0.16842105263157892,8.421052631578947,1,1,95
887,73385,21.54999952018261,0.12698412698412698,4.9523809523809526,1,0,63
888,73464,41.44000065326691,0.0,5.2405063291139244,1,0,79
889,73560,60.38833375275135,0.11458333333333337,5.885416666666667,0,1,96
890,73656,57.73833370953798,0.10416666666666663,6.635416666666667,0,1,96
891,73752,37.236665949225426,0.27083333333333337,7.520833333333333,0,3,96
892,73848,68.54166531562805,0.0,6.802083333333333,0,0,96
893,73944,71.74000132083893,0.04166666666666663,5.0,0,0,96
894,74040,43.29833445325494,0.20833333333333337,7.822916666666667,0,1,96
895,74136,50.093332678079605,0.125,8.104166666666666,0,2,96
896,74198,14.023333609104156,0.24193548387096775,5.0,1,0,62
897,74294,50.05666585918516,0.14583333333333337,7.583333333333333,0,1,96
898,74329,7.408333897590637,0.0,5.171428571428572,1,0,35
899,74423,41.19166685640812,0.07446808510638303,6.4361702127659575,1,0,94
900,74519,63.579998940229416,0.05208333333333337,6.5625,0,2,96
901,74584,21.29333347082138,0.1384615384615384,4.769230769230769,1,3,65
902,74680,56.11999970674515,0.14583333333333337,6.3125,0,0,96
903,74719,8.88999991118908,0.05128205128205132,4.923076923076923,1,0,39
904,74815,51.30833339691162,0.20833333333333337,6.010416666666667,0,0,96
905,74911,32.09833294805139,0.28125,8.947916666666666,0,1,96
906,74949,6.741667240858078,0.07894736842105265,5.184210526315789,1,0,38
907,75027,23.42833310365677,0.11538461538461542,7.705128205128205,1,0,78
908,75123,26.108332976698875,0.34375,8.510416666666666,0,2,96
909,75171,-8.943333148956299,0.4375,7.791666666666667,1,0,48
910,75249,23.323332756757736,0.10256410256410253,7.9743589743589745,1,0,78
911,75310,15.45833383500576,0.14754098360655743,6.016393442622951,1,2,61
912,75384,3.108333021402359,0.31081081081081086,8.932432432432432,1,0,74
913,75480,30.228334188461304,0.375,7.385416666666667,0,0,96
914,75564,20.066667429171503,0.2142857142857143,7.023809523809524,1,1,84
915,75660,62.07833459973335,0.08333333333333337,6.072916666666667,0,0,96
916,75722,13.283332884311676,0.27419354838709675,4.516129032258065,1,0,62
917,75818,58.87333393096924,0.14583333333333337,5.604166666666667,0,1,96
918,75849,2.3416671752929688,0.06451612903225812,5.0,1,0,31
919,75926,28.073333889245987,0.1298701298701299,5.818181818181818,1,0,77
920,75978,8.950000360608101,0.13461538461538458,7.269230769230769,1,0,52
921,76023,12.825000509619713,0.0444444444444444,5.4,1,0,45
922,76119,59.49333372712135,0.13541666666666663,5.666666666666667,0,1,96
923,76194,2.6666670506820083,0.2666666666666667,9.786666666666667,1,1,75
924,76242,14.495000302791595,0.04166666666666663,5.6875,1,0,48
925,76338,52.94500043988228,0.10416666666666663,7.84375,0,0,96
926,76398,12.811666145920753,0.15000000000000002,7.183333333333334,1,0,60
927,76427,-4.899999052286148,0.24137931034482762,5.586206896551724,1,0,29
928,76461,3.5600001513957977,0.05882352941176472,5.823529411764706,1,0,34
929,76557,68.68666723370552,0.05208333333333337,5.333333333333333,0,0,96
930,76653,45.01833229418844,0.11458333333333337,9.572916666666666,0,1,96
931,76749,57.65666754543781,0.125,6.395833333333333,0,0,96
932,76816,32.4716681689024,0.014925373134328401,4.82089552238806,1,0,67
933,76853,9.291666746139526,0.0,5.0,1,0,37
934,76949,51.51333312690258,0.16666666666666663,6.791666666666667,0,0,96
935,77015,7.903334379196167,0.2727272727272727,7.151515151515151,1,0,66
936,77047,-5.86333304643631,0.3125,5.6875,1,0,32
937,77143,64.85999971628189,0.03125,6.9375,0,0,96
938,77234,28.46666680276394,0.1428571428571429,7.604395604395604,1,0,91
939,77330,61.40499944984913,0.0625,6.84375,0,0,96
940,77381,-20.17833372298628,0.5686274509803921,9.392156862745098,1,3,51
941,77477,47.3099989593029,0.16666666666666663,7.8125,0,0,96
942,77573,45.8166673630476,0.19791666666666663,7.645833333333333,0,0,96
943,77669,32.648334093391895,0.28125,8.447916666666666,0,2,96
944,77765,37.51833289861679,0.23958333333333337,8.572916666666666,0,0,96
945,77861,46.14333373308182,0.17708333333333337,7.979166666666667,0,0,96
946,77957,43.67666719015688,0.17708333333333337,7.645833333333333,0,6,96
947,78004,11.618333488702774,0.08510638297872342,5.76595744680851,1,0,47
948,78100,51.63166736718267,0.14583333333333337,7.239583333333333,0,1,96
949,78196,51.751667246222496,0.11458333333333337,7.989583333333333,0,0,96
950,78284,23.450000435113907,0.2272727272727273,6.4772727272727275,1,0,88
951,78380,52.756666988134384,0.15625,6.645833333333333,0,1,96
952,78416,1.8600007891654968,0.13888888888888884,6.0,1,0,36
953,78456,8.800000190734863,0.025000000000000022,6.0,1,0,40
954,78509,0.14333270490169525,0.26415094339622647,8.226415094339623,1,0,53
955,78554,6.564998984336853,0.11111111111111116,7.0,1,0,45
956,78650,56.20000073313713,0.10416666666666663,7.0,0,1,96
957,78746,38.383332788944244,0.28125,7.229166666666667,0,0,96
958,78812,0.7849991768598557,0.3787878787878788,7.136363636363637,1,0,66
959,78908,53.35499967634678,0.11458333333333337,7.65625,0,0,96
960,78962,12.283334016799927,0.11111111111111116,6.518518518518518,1,0,54
961,79025,8.971666023135185,0.3015873015873016,5.412698412698413,1,1,63
962,79080,9.62666629254818,0.1636363636363637,6.8,1,0,55
963,79176,49.28833444416523,0.19791666666666663,6.760416666666667,0,0,96
964,79272,32.11999996006489,0.32291666666666663,7.9375,0,0,96
965,79355,15.378332667052746,0.20481927710843373,8.542168674698795,1,1,83
966,79388,6.064999878406525,0.0,5.0,1,0,33
967,79475,22.61000095307827,0.2183908045977011,6.620689655172414,1,1,87
968,79538,17.029998660087585,0.12698412698412698,6.761904761904762,1,0,63
969,79571,-5.189999997615814,0.2727272727272727,6.545454545454546,1,0,33
970,79667,61.77666690945625,0.03125,7.645833333333333,0,0,96
971,79718,7.638333171606064,0.11764705882352944,8.019607843137255,1,0,51
972,79814,65.81166733801365,0.08333333333333337,5.427083333333333,0,0,96
973,79910,45.766666769981384,0.23958333333333337,6.520833333333333,0,0,96
974,80006,54.90499986708164,0.13541666666666663,6.78125,0,1,96
975,80067,25.453333973884583,0.0,5.868852459016393,1,0,61
976,80163,45.585000805556774,0.19791666666666663,6.90625,0,3,96
977,80259,47.58666705247015,0.17708333333333337,7.458333333333333,0,1,96
978,80355,66.64166765660048,0.04166666666666663,5.989583333333333,0,1,96
979,80421,15.968333438038826,0.19696969696969702,6.015151515151516,1,0,66
980,80454,-3.7649991512298584,0.24242424242424243,6.2727272727272725,1,0,33
981,80491,9.291666746139526,0.0,5.0,1,0,37
982,80587,48.70000025629997,0.03125,6.0,1,0,96
983,80683,51.85833257809281,0.125,7.510416666666667,0,1,96
984,80779,46.661666080355644,0.1875,7.239583333333333,0,2,96
985,80875,56.156666710972786,0.0625,8.020833333333334,0,0,96
986,80965,13.541668210178614,0.24444444444444446,8.588888888888889,1,2,90
987,81061,53.23166636284441,0.08333333333333337,8.177083333333334,0,1,96
988,81157,68.54000046849251,0.04166666666666663,5.8125,0,0,96
989,81253,73.14166755974293,0.01041666666666663,5.302083333333333,0,0,96
990,81307,8.128333762288094,0.18518518518518523,6.574074074074074,1,1,54
991,81403,64.89166678488255,0.04166666666666663,6.427083333333333,0,0,96
992,81484,19.116666868329048,0.19753086419753085,7.3580246913580245,1,0,81
993,81574,5.273333547636867,0.30000000000000004,9.177777777777777,1,3,90
994,81617,6.229999989271164,0.13953488372093026,6.0,1,0,43
995,81663,6.910001158714294,0.13043478260869568,6.391304347826087,1,0,46
996,81759,43.72999972756952,0.21875,7.1875,0,2,96
997,81855,61.626666724681854,0.07291666666666663,6.395833333333333,0,1,96
998,81951,59.5166677152738,0.09375,6.520833333333333,0,1,96
999,82019,11.773333102464676,0.20588235294117652,7.5588235294117645,1,0,68
1000,82115,51.1699995463714,0.125,7.6875,0,1,96
1001,82152,-10.425000041723251,0.3783783783783784,8.513513513513514,1,0,37
1002,82207,13.273333430290222,0.09090909090909094,6.945454545454545,1,0,55
1003,82281,21.381666392087936,0.16216216216216217,6.554054054054054,1,0,74
1004,82325,12.980000019073486,0.0,6.0,1,0,44
1005,82377,-10.79499972704798,0.40384615384615385,8.596153846153847,1,3,52
1006,82473,34.0183337777853,0.36458333333333337,6.447916666666667,0,1,96
1007,82569,64.91166646778584,0.03125,6.614583333333333,0,0,96
1008,82608,9.694999754428864,0.02564102564102566,5.0,1,0,39
1009,82640,-1.3833332061767578,0.25,4.0,1,0,32
1010,82736,54.13333377242088,0.19791666666666663,5.666666666666667,0,0,96
1011,82820,23.34666709601879,0.1785714285714286,7.023809523809524,1,0,84
1012,82916,36.24166640639305,0.22916666666666663,8.802083333333334,0,1,96
1013,82950,2.491666167974472,0.1470588235294118,4.5588235294117645,1,0,34
1014,82989,-4.561666965484619,0.23076923076923073,8.487179487179487,1,0,39
1015,83022,2.9716667532920837,0.06060606060606055,5.787878787878788,1,0,33
1016,83118,27.808333419263363,0.39583333333333337,7.072916666666667,0,1,96
1017,83214,67.58333377540112,0.04166666666666663,5.916666666666667,0,0,96
1018,83274,13.473333656787872,0.15000000000000002,6.466666666666667,1,1,60
1019,83370,40.803332707844675,0.21875,8.041666666666666,0,1,96
1020,83466,36.25499962922186,0.26041666666666663,7.71875,0,3,96
1021,83540,19.100000202655792,0.1216216216216216,8.108108108108109,1,0,74
1022,83636,38.59833317156881,0.21875,8.322916666666666,0,1,96
1023,83676,3.2850009351968765,0.125,6.825,1,0,40
1024,83772,61.83666776120663,0.0625,6.708333333333333,0,0,96
1025,83856,41.183333575725555,0.023809523809523836,5.904761904761905,1,0,84
1026,83952,46.023332997225225,0.13541666666666663,8.541666666666666,0,2,96
1027,83986,-9.756667345762253,0.3529411764705882,7.176470588235294,1,2,34
1028,84082,55.729999244213104,0.11458333333333337,7.0,0,0,96
1029,84159,14.853333160281181,0.23376623376623373,7.376623376623376,1,0,77
1030,84236,31.251667082309723,0.07792207792207795,5.753246753246753,1,0,77
1031,84332,54.24666681885719,0.13541666666666663,6.958333333333333,0,0,96
1032,84416,33.976666674017906,0.09523809523809523,5.9523809523809526,1,1,84
1033,84470,13.576666384935379,0.05555555555555558,7.481481481481482,1,0,54
1034,84566,66.96166704595089,0.0625,5.677083333333333,0,0,96
1035,84662,46.6466668844223,0.1875,7.520833333333333,0,0,96
1036,84758,51.16500013228506,0.125,7.65625,0,1,96
1037,84829,20.273332566022873,0.09859154929577463,7.492957746478873,1,1,71
1038,84913,27.014999262057245,0.19047619047619047,5.678571428571429,1,1,84
1039,85006,42.71000072360039,0.043010752688172005,6.32258064516129,1,1,93
1040,85102,57.52500106394291,0.11458333333333337,6.71875,0,0,96
1041,85198,52.36833290755749,0.10416666666666663,8.135416666666666,0,0,96
1042,85294,41.77500008698553,0.22916666666666663,7.71875,0,1,96
1043,85352,18.743333220481873,0.051724137931034475,6.689655172413793,1,0,58
1044,85440,25.28833296895027,0.1477272727272727,7.6477272727272725,1,1,88
1045,85482,12.149999961256981,0.023809523809523836,5.0,1,0,42
1046,85578,61.55500040948391,0.0625,6.65625,0,0,96
1047,85674,54.58499988913536,0.08333333333333337,7.90625,0,1,96
1048,85723,1.516667664051056,0.18367346938775508,8.73469387755102,1,0,49
1049,85806,21.324999623000622,0.2168674698795181,6.469879518072289,1,1,83
1050,85902,33.806666953489184,0.29166666666666663,7.583333333333333,0,4,96
1051,85939,-1.7566661834716797,0.18918918918918914,7.243243243243243,1,0,37
1052,86035,53.05333349760622,0.13541666666666663,7.041666666666667,0,1,96
1053,86131,51.380000203847885,0.125,7.8125,0,0,96
1054,86227,34.264999887906015,0.28125,8.28125,0,1,96
1055,86323,33.526667311787605,0.30208333333333337,7.770833333333333,0,3,96
1056,86419,68.5583330988884,0.04166666666666663,5.572916666666667,0,0,96
1057,86459,8.860000133514404,0.025000000000000022,6.0,1,0,40
1058,86546,38.14666727185249,0.05747126436781613,6.160919540229885,1,2,87
1059,86642,47.30333399772644,0.17708333333333337,7.666666666666667,0,0,96
1060,86738,54.49166705086827,0.125,6.802083333333333,0,1,96
1061,86809,24.44333377480507,0.15492957746478875,5.211267605633803,1,0,71
1062,86905,58.74166722595692,0.11458333333333337,6.177083333333333,0,2,96
1063,86974,27.86333391070366,0.05797101449275366,5.797101449275362,1,0,69
1064,87014,-0.3983336240053177,0.19999999999999996,7.175,1,0,40
1065,87062,16.94000017642975,0.02083333333333337,5.0,1,0,48
1066,87141,20.628333941102028,0.17721518987341767,6.848101265822785,1,1,79
1067,87237,56.533332914114,0.07291666666666663,7.854166666666667,0,0,96
1068,87333,61.93499991297722,0.08333333333333337,6.21875,0,0,96
1069,87429,17.46999995224178,0.21875,8.625,1,3,96
1070,87525,36.23333331942558,0.28125,7.791666666666667,0,1,96
1071,87617,17.11500010546297,0.26086956521739135,7.663043478260869,1,1,92
1072,87676,10.716667920351028,0.2542372881355932,5.322033898305085,1,0,59
1073,87718,8.825000137090683,0.0714285714285714,5.785714285714286,1,0,42
1074,87814,53.24500070512295,0.16666666666666663,6.53125,0,0,96
1075,87861,15.305000141263008,0.04255319148936165,4.914893617021277,1,0,47
1076,87957,63.20499932765961,0.0625,6.53125,0,0,96
1077,88008,10.169999837875366,0.13725490196078427,6.352941176470588,1,0,51
1078,88081,32.13000001013279,0.04109589041095896,5.589041095890411,1,0,73
1079,88120,10.908333420753479,0.0,4.948717948717949,1,0,39
1080,88216,58.62833321094513,0.10416666666666663,6.760416666666667,0,0,96
1081,88312,41.958333507180214,0.25,6.635416666666667,0,3,96
1082,88408,55.21333359181881,0.15625,6.354166666666667,0,0,96
1083,88467,3.4999999767169356,0.2542372881355932,7.322033898305085,1,3,59
1084,88533,19.783332899212837,0.1515151515151515,5.515151515151516,1,0,66
1085,88629,22.016667029820383,0.375,8.833333333333334,0,2,96
1086,88725,37.840000331401825,0.22916666666666663,8.3125,0,3,96
1087,88809,28.00500026345253,0.1071428571428571,7.321428571428571,1,0,84
1088,88840,-3.134999841451645,0.19354838709677424,6.096774193548387,1,0,31
1089,88936,71.60833379626274,0.04166666666666663,4.885416666666667,0,0,96
1090,89004,16.389999747276306,0.1029411764705882,8.470588235294118,1,0,68
1091,89100,29.05333262681961,0.33333333333333337,8.291666666666666,0,1,96
1092,89170,28.836666464805603,0.014285714285714235,6.8,1,0,70
1093,89239,23.988334223628044,0.1159420289855072,5.405797101449275,1,2,69
1094,89335,54.41500014066696,0.13541666666666663,7.03125,0,0,96
1095,89431,55.676667019724846,0.11458333333333337,7.083333333333333,0,0,96
1096,89527,68.76000010967255,0.03125,6.0,0,0,96
1097,89579,7.246665991842747,0.17307692307692313,6.730769230769231,1,1,52
1098,89629,16.56833404302597,0.0,6.26,1,0,50
1099,89683,13.729999959468842,0.05555555555555558,7.333333333333333,1,0,54
1100,89763,23.838333278894424,0.16249999999999998,6.6875,1,0,80
1101,89859,65.75666651129723,0.0,6.958333333333333,0,0,96
1102,89926,9.333334303461015,0.22388059701492535,7.582089552238806,1,1,67
1103,90022,36.44166736956686,0.27083333333333337,7.927083333333333,0,2,96
1104,90055,4.690000057220459,0.0,6.0,1,0,33
1105,90114,19.651666834950447,0.06779661016949157,5.983050847457627,1,0,59
1106,90210,54.09833252802491,0.11458333333333337,7.322916666666667,0,1,96
1107,90306,58.92166693881154,0.09375,6.489583333333333,0,1,96
1108,90386,22.09833324700594,0.1875,6.6125,1,1,80
1109,90474,24.2583332285285,0.23863636363636365,5.875,1,1,88
1110,90570,47.55166696757078,0.17708333333333337,7.177083333333333,0,3,96
1111,90666,38.73833358287811,0.29166666666666663,6.947916666666667,0,1,96
1112,90706,-10.89166596531868,0.44999999999999996,7.525,1,0,40
1113,90785,30.548334404826164,0.10126582278481011,6.012658227848101,1,0,79
1114,90881,56.60000079032034,0.08333333333333337,7.125,0,2,96
1115,90977,33.778333872556686,0.30208333333333337,7.760416666666667,0,0,96
1116,91073,73.47000156342983,0.01041666666666663,5.25,0,0,96
1117,91169,69.16333365440369,0.03125,5.604166666666667,0,0,96
1118,91262,34.878333173692226,0.12903225806451613,6.010752688172043,1,3,93
1119,91358,65.84833420813084,0.0625,5.697916666666667,0,0,96
1120,91453,41.46333249658346,0.052631578947368474,6.5473684210526315,1,2,95
1121,91538,32.41333296895027,0.10588235294117643,6.541176470588235,1,0,85
1122,91610,29.593333959579468,0.04166666666666663,6.305555555555555,1,0,72
1123,91706,29.926667000167072,0.28125,9.270833333333334,0,2,96
1124,91802,56.48999899625778,0.07291666666666663,7.6875,0,0,96
1125,91854,3.318333461880684,0.1923076923076923,8.211538461538462,1,1,52
1126,91950,57.1033333837986,0.09375,6.979166666666667,0,1,96
1127,91982,-6.975000023841858,0.28125,7.21875,1,0,32
1128,92078,61.748332649469376,0.04166666666666663,7.260416666666667,0,0,96
1129,92151,28.368333488702774,0.0821917808219178,5.931506849315069,1,0,73
1130,92238,41.6049998998642,0.03448275862068961,5.9655172413793105,1,0,87
1131,92327,22.240000039339066,0.1910112359550562,7.550561797752809,1,1,89
1132,92423,59.838334172964096,0.11458333333333337,5.947916666666667,0,0,96
1133,92470,15.25,0.0,6.0,1,0,47
1134,92566,66.36999934911728,0.02083333333333337,6.6875,0,0,96
1135,92662,24.9883333183825,0.36458333333333337,7.885416666666667,0,5,96
1136,92704,-2.2916668206453323,0.2857142857142857,6.738095238095238,1,0,42
1137,92800,64.48166759312153,0.08333333333333337,5.677083333333333,0,0,96
1138,92833,6.078333139419556,0.0,4.9393939393939394,1,0,33
1139,92877,-5.025000423192978,0.31818181818181823,7.9772727272727275,1,0,44
1140,92973,52.27500103786588,0.14583333333333337,6.65625,0,3,96
1141,93011,3.175000101327896,0.13157894736842102,6.078947368421052,1,0,38
1142,93075,0.43500057235360146,0.265625,8.859375,1,4,64
1143,93117,7.721666783094406,0.09523809523809523,5.833333333333333,1,0,42
1144,93164,-4.92666731774807,0.2978723404255319,8.382978723404255,1,2,47
1145,93260,63.54500034451485,0.05208333333333337,6.46875,0,0,96
1146,93314,8.619999825954437,0.14814814814814814,7.444444444444445,1,0,54
1147,93348,-6.54499951004982,0.2647058823529411,7.5,1,1,34
1148,93444,47.086667126975954,0.16666666666666663,7.333333333333333,0,2,96
1149,93540,46.97166669368744,0.09375,9.552083333333334,0,0,96
1150,93636,65.20333313941956,0.02083333333333337,6.854166666666667,0,0,96
1151,93732,36.49666707869619,0.28125,7.645833333333333,0,1,96
1152,93828,56.07333347201347,0.08333333333333337,7.104166666666667,0,3,96
1153,93871,7.508333787322044,0.09302325581395354,6.3023255813953485,1,0,43
1154,93921,14.558333605527878,0.040000000000000036,5.9,1,0,50
1155,93973,4.890000522136688,0.25,6.461538461538462,1,0,52
1156,94007,-18.066666685044765,0.5294117647058824,8.764705882352942,1,2,34
1157,94059,-0.23166687786579132,0.21153846153846156,9.48076923076923,1,0,52
1158,94097,5.7433338314294815,0.10526315789473684,5.157894736842105,1,0,38
1159,94193,62.218334421515465,0.10416666666666663,5.760416666666667,0,0,96
1160,94289,54.04999919235706,0.125,7.125,0,1,96
1161,94385,57.23833358287811,0.14583333333333337,6.072916666666667,0,0,96
1162,94429,3.233333308249712,0.18181818181818177,6.363636363636363,1,1,44
1163,94502,16.285000196658075,0.136986301369863,7.684931506849315,1,3,73
1164,94598,55.386666879057884,0.13541666666666663,6.208333333333333,0,3,96
1165,94638,11.626666724681854,0.0,5.0,1,0,40
1166,94734,48.156666308641434,0.16666666666666663,7.270833333333333,0,1,96
1167,94802,17.973333194851875,0.20588235294117652,5.4411764705882355,1,0,68
1168,94898,61.16500048711896,0.01041666666666663,7.84375,0,2,96
1169,94980,19.956667787395418,0.19512195121951215,7.121951219512195,1,1,82
1170,95033,18.011666238307953,0.037735849056603765,5.754716981132075,1,0,53
1171,95074,-5.109999626874924,0.29268292682926833,7.902439024390244,1,0,41
1172,95118,12.150000929832458,0.0,6.136363636363637,1,0,44
1173,95181,20.146667331457138,0.09523809523809523,6.222222222222222,1,0,63
1174,95277,42.28500037640333,0.25,6.59375,0,3,96
1175,95351,10.811666786670685,0.22972972972972971,8.175675675675675,1,0,74
1176,95447,70.46166743338108,0.04166666666666663,5.302083333333333,0,0,96
1177,95497,3.645000323653221,0.26,6.3,1,0,50
1178,95565,1.490000642836094,0.3382352941176471,7.5,1,3,68
1179,95661,35.910000056028366,0.29166666666666663,7.875,0,0,96
1180,95709,2.2366663217544556,0.22916666666666663,7.166666666666667,1,0,48
1181,95801,25.921666375361383,0.1630434782608695,7.75,1,1,92
1182,95881,10.43499983008951,0.2875,7.6125,1,1,80
1183,95977,61.963332533836365,0.03125,7.041666666666667,0,1,96
1184,96073,46.86666741967201,0.23958333333333337,6.208333333333333,0,1,96
1185,96169,28.93166711833328,0.27083333333333337,9.677083333333334,0,2,96
1186,96225,0.39500048756599426,0.2678571428571429,8.625,1,0,56
1187,96269,3.468332424759865,0.11363636363636365,7.795454545454546,1,1,44
1188,96365,56.27333462238312,0.125,6.541666666666667,0,0,96
1189,96461,50.07000086456537,0.19791666666666663,6.25,0,1,96
1190,96508,8.790000230073929,0.1063829787234043,6.638297872340425,1,0,47
1191,96589,37.916666850447655,0.024691358024691357,5.950617283950617,1,0,81
1192,96685,35.64166573341936,0.29166666666666663,7.427083333333333,0,3,96
1193,96772,12.556665778160095,0.27586206896551724,7.954022988505747,1,1,87
1194,96854,24.444999501109123,0.1707317073170732,6.475609756097561,1,1,82
1195,96918,10.373333096504211,0.203125,7.5625,1,0,64
1196,97014,53.10333316773176,0.15625,6.166666666666667,0,3,96
1197,97059,2.998332742601633,0.11111111111111116,8.555555555555555,1,1,45
1198,97155,64.3233328461647,0.01041666666666663,7.479166666666667,0,0,96
1199,97229,7.961666107177734,0.2702702702702703,8.013513513513514,1,1,74
1200,97325,45.01500027626753,0.22916666666666663,6.71875,0,2,96
1201,97420,33.30500054359436,0.12631578947368416,6.91578947368421,1,2,95
1202,97516,61.101667910814285,0.08333333333333337,6.489583333333333,0,0,96
1203,97612,50.565000265836716,0.14583333333333337,7.65625,0,0,96
1204,97708,45.06666649039835,0.13541666666666663,8.645833333333334,0,3,96
1205,97745,-1.786667212843895,0.21621621621621623,6.4324324324324325,1,1,37
1206,97841,54.93833363056183,0.11458333333333337,7.322916666666667,0,0,96
1207,97886,2.585000306367874,0.1777777777777778,7.4,1,0,45
1208,97982,67.4316673129797,0.04166666666666663,5.864583333333333,0,0,96
1209,98018,2.7916670739650726,0.08333333333333337,6.638888888888889,1,0,36
1210,98114,34.86833342164755,0.22916666666666663,9.135416666666666,0,3,96
1211,98157,6.169999748468399,0.13953488372093026,5.8604651162790695,1,0,43
1212,98253,64.78166756033897,0.07291666666666663,5.864583333333333,0,0,96
1213,98349,56.99166735261679,0.10416666666666663,6.427083333333333,0,2,96
1214,98445,48.366666197776794,0.17708333333333337,7.333333333333333,0,0,96
1215,98541,53.31000005453825,0.14583333333333337,6.75,0,1,96
1216,98575,6.916666686534882,0.0,5.0,1,0,34
1217,98671,51.45333428680897,0.22916666666666663,5.354166666666667,0,1,96
1218,98723,7.685000941157341,0.23076923076923073,5.596153846153846,1,0,52
1219,98759,8.699999868869781,0.0,4.833333333333333,1,0,36
1220,98803,12.430000245571136,0.022727272727272707,5.7272727272727275,1,0,44
1221,98898,3.806666604243219,0.368421052631579,8.294736842105262,1,2,95
1222,98973,28.931667268276215,0.07999999999999996,6.226666666666667,1,0,75
1223,99061,23.019998777657747,0.15909090909090906,7.7727272727272725,1,2,88
1224,99157,64.0749990195036,0.04166666666666663,6.65625,0,1,96
1225,99192,1.8016672283411026,0.11428571428571432,6.142857142857143,1,0,35
1226,99225,2.255000412464142,0.030303030303030276,6.818181818181818,1,0,33
1227,99321,40.056666075252,0.21875,7.958333333333333,0,2,96
1228,99397,30.88500025868416,0.03947368421052633,6.592105263157895,1,1,76
1229,99493,44.18333360552788,0.17708333333333337,8.354166666666666,0,1,96
1230,99539,8.743334397673607,0.08695652173913049,6.739130434782608,1,0,46
1231,99602,17.446667075157166,0.17460317460317465,5.365079365079365,1,0,63
1232,99637,-10.906665921211243,0.4285714285714286,7.314285714285714,1,0,35
1233,99670,1.1933338046073914,0.09090909090909094,5.9393939393939394,1,0,33
1234,99766,49.18333364278078,0.1875,6.729166666666667,0,2,96
1235,99862,57.62166650593281,0.08333333333333337,7.239583333333333,0,1,96
1236,99958,57.44500021636486,0.10416666666666663,6.21875,0,4,96
1237,100044,35.76166744530201,0.046511627906976716,6.965116279069767,1,0,86
1238,100077,4.75,0.0,6.0,1,0,33
1239,100152,13.355000406503677,0.22666666666666668,7.72,1,0,75
1240,100248,48.87000012397766,0.1875,6.6875,0,2,96
1241,100344,27.616666845045984,0.28125,9.395833333333334,0,2,96
1242,100440,45.640000394545496,0.16666666666666663,7.75,0,3,96
1243,100501,9.881667047739029,0.19672131147540983,7.065573770491803,1,1,61
1244,100589,9.326667234301567,0.375,6.5,1,2,88
1245,100628,4.726667016744614,0.1282051282051282,5.589743589743589,1,0,39
1246,100724,55.286666630767286,0.13541666666666663,6.270833333333333,0,2,96
1247,100790,21.698332875967026,0.06060606060606055,7.015151515151516,1,0,66
1248,100842,16.745000272989273,0.038461538461538436,5.9423076923076925,1,0,52
1249,100938,62.7983326241374,0.01041666666666663,7.572916666666667,0,1,96
1250,101034,69.7616662979126,0.0,6.364583333333333,0,0,96
1251,101130,53.483332976698875,0.125,7.229166666666667,0,0,96
1252,101187,20.356666803359985,0.0,6.771929824561403,1,0,57
1253,101283,63.304999992251396,0.08333333333333337,6.03125,0,0,96
1254,101316,-0.7116661965847015,0.18181818181818177,5.484848484848484,1,0,33
1255,101412,44.09833300113678,0.19791666666666663,8.010416666666666,0,0,96
1256,101508,44.61333265900612,0.21875,7.291666666666667,0,0,96
1257,101584,18.693334213458,0.13157894736842102,8.18421052631579,1,1,76
1258,101680,55.74666625261307,0.0625,8.270833333333334,0,0,96
1259,101753,20.849999010562897,0.12328767123287676,7.068493150684931,1,1,73
1260,101795,8.44833368062973,0.023809523809523836,6.880952380952381,1,0,42
1261,101854,-3.8216667771339417,0.3728813559322034,8.254237288135593,1,0,59
1262,101918,9.768334090709686,0.21875,7.421875,1,0,64
1263,102014,63.733334213495255,0.05208333333333337,6.479166666666667,0,0,96
1264,102110,41.21166673954576,0.23958333333333337,7.302083333333333,0,2,96
1265,102191,12.318333346396685,0.2222222222222222,8.08641975308642,1,4,81
1266,102287,34.215000129304826,0.26041666666666663,8.71875,0,1,96
1267,102381,31.951667464338243,0.1063829787234043,7.26595744680851,1,5,94
1268,102449,10.468333750963211,0.17647058823529416,8.308823529411764,1,2,68
1269,102516,8.15499938186258,0.20895522388059706,8.283582089552239,1,1,67
1270,102612,44.21499986946583,0.19791666666666663,7.71875,0,1,96
1271,102652,0.6833336502313614,0.22499999999999998,5.65,1,1,40
1272,102713,13.660000450909138,0.09836065573770492,7.672131147540983,1,2,61
1273,102749,-17.636666514910758,0.5,9.61111111111111,1,1,36
1274,102845,63.83666688203812,0.04166666666666663,6.333333333333333,0,2,96
1275,102941,52.08333317935467,0.17708333333333337,6.604166666666667,0,0,96
1276,102975,3.12833309173584,0.0,7.4411764705882355,1,0,34
1277,103071,41.00333308707923,0.17708333333333337,8.354166666666666,0,4,96
1278,103124,-4.4649999886751175,0.339622641509434,8.433962264150944,1,0,53
1279,103220,68.97166645526886,0.0,6.489583333333333,0,0,96
1280,103289,30.810000464320183,0.02898550724637683,5.478260869565218,1,0,69
1281,103375,16.243334553204477,0.22093023255813948,8.0,1,1,86
1282,103450,25.844999969005585,0.09333333333333338,6.84,1,0,75
1283,103546,68.94000092148781,0.02083333333333337,5.9375,0,0,96
1284,103642,68.4850000590086,0.03125,5.96875,0,1,96
1285,103726,-3.4783337861299515,0.44047619047619047,8.345238095238095,1,1,84
1286,103822,43.0983327254653,0.21875,7.510416666666667,0,1,96
1287,103854,-4.003333121538162,0.3125,4.375,1,0,32
1288,103894,3.4916672855615616,0.19999999999999996,5.075,1,0,40
1289,103967,26.20833259820938,0.04109589041095896,7.575342465753424,1,0,73
1290,104053,23.61000019311905,0.17441860465116277,7.395348837209302,1,0,86
1291,104093,-18.631667271256447,0.6,8.425,1,0,40
1292,104189,43.2616669004783,0.26041666666666663,6.302083333333333,0,2,96
1293,104281,4.5766668831929564,0.3369565217391305,8.434782608695652,1,5,92
1294,104344,23.506666913628578,0.0,6.7936507936507935,1,1,63
1295,104440,65.71499973535538,0.02083333333333337,6.71875,0,0,96
1296,104522,27.75166731327772,0.13414634146341464,6.280487804878049,1,2,82
1297,104618,26.753333617001772,0.36458333333333337,7.729166666666667,0,4,96
1298,104671,16.25833387672901,0.1132075471698113,4.773584905660377,1,0,53
1299,104712,9.048333883285522,0.024390243902439046,6.170731707317073,1,0,41
1300,104757,2.8650005906820297,0.2222222222222222,6.066666666666666,1,1,45
1301,104853,37.378333389759064,0.28125,7.510416666666667,0,1,96
1302,104949,64.37999941408634,0.05208333333333337,6.5,0,0,96
1303,105045,40.93833400309086,0.25,7.447916666666667,0,1,96
1304,105141,38.30833258386701,0.28125,7.197916666666667,0,2,96
1305,105221,43.30833399295807,0.0,4.9625,1,0,80
1306,105317,40.01666656136513,0.28125,6.458333333333333,0,3,96
1307,105405,41.66333448886871,0.045454545454545414,5.7727272727272725,1,1,88
1308,105445,2.9299992322921753,0.125,6.9,1,0,40
1309,105533,41.42000052332878,0.05681818181818177,5.659090909090909,1,0,88
1310,105575,-1.1950009018182755,0.23809523809523814,7.214285714285714,1,0,42
1311,105671,51.71999931335449,0.11458333333333337,8.125,0,0,96
1312,105707,-1.3249998986721039,0.2222222222222222,6.083333333333333,1,0,36
1313,105768,-6.515000358223915,0.4426229508196722,7.622950819672131,1,1,61
1314,105864,70.29333399236202,0.03125,5.291666666666667,0,1,96
1315,105960,46.626666858792305,0.17708333333333337,7.520833333333333,0,2,96
1316,106004,10.786666810512543,0.0,7.0,1,0,44
1317,106068,-2.6183329010382295,0.328125,8.140625,1,5,64
1318,106164,46.9983339458704,0.17708333333333337,7.385416666666667,0,2,96
1319,106260,54.15666650980711,0.125,7.020833333333333,0,1,96
1320,106356,58.724999487400055,0.0625,7.59375,0,0,96
1321,106424,14.22499991580844,0.17647058823529416,7.102941176470588,1,2,68
1322,106520,62.58500047028065,0.08333333333333337,6.03125,0,0,96
1323,106616,63.478334188461304,0.01041666666666663,7.760416666666667,0,0,96
1324,106712,66.69833195209503,0.01041666666666663,6.947916666666667,0,0,96
1325,106808,55.62333323713392,0.125,6.791666666666667,0,1,96
1326,106877,26.780001133680344,0.10144927536231885,5.043478260869565,1,1,69
1327,106973,57.20499964058399,0.07291666666666663,7.40625,0,2,96
1328,107052,18.13000039756298,0.25316455696202533,5.924050632911392,1,1,79
1329,107092,-10.34500000718981,0.375,8.625,1,1,40
1330,107188,54.31333398073912,0.11458333333333337,6.979166666666667,0,1,96
1331,107269,42.631667375564575,0.012345679012345734,5.098765432098766,1,0,81
1332,107336,24.850000619888306,0.07462686567164178,6.08955223880597,1,0,67
1333,107432,27.00166706647724,0.34375,7.989583333333333,0,4,96
1334,107528,35.16166710015386,0.26041666666666663,8.427083333333334,0,1,96
1335,107624,49.61666674911976,0.17708333333333337,6.958333333333333,0,1,96
1336,107720,41.60000069439411,0.23958333333333337,7.625,0,0,96
1337,107786,22.470000386238098,0.045454545454545414,7.090909090909091,1,0,66
1338,107882,43.71666632592678,0.1875,7.958333333333333,0,3,96
1339,107960,15.394999577663839,0.17948717948717952,8.192307692307692,1,2,78
1340,107994,2.825000137090683,0.08823529411764708,5.735294117647059,1,0,34
1341,108090,34.076667360030115,0.27083333333333337,8.645833333333334,0,1,96
1342,108186,63.03500089049339,0.07291666666666663,6.21875,0,0,96
1343,108226,10.351667046546936,0.0,5.675,1,0,40
1344,108322,42.09833387285471,0.27083333333333337,6.447916666666667,0,2,96
1345,108418,49.948333367705345,0.1875,6.447916666666667,0,2,96
1346,108456,0.7083335518836975,0.13157894736842102,7.447368421052632,1,0,38
1347,108552,50.085000067949295,0.1875,6.71875,0,1,96
1348,108592,-7.016666233539581,0.32499999999999996,8.05,1,0,40
1349,108626,2.863333523273468,0.02941176470588236,7.0,1,0,34
1350,108715,3.023333049379289,0.3707865168539326,8.337078651685394,1,2,89
1351,108766,17.04666769504547,0.07843137254901966,4.627450980392157,1,0,51
1352,108862,57.59000073373318,0.125,6.25,0,1,96
1353,108958,55.680000118911266,0.14583333333333337,6.0625,0,1,96
1354,109007,-11.835000574588776,0.4693877551020408,8.387755102040817,1,0,49
1355,109046,-4.883333310484886,0.33333333333333337,6.512820512820513,1,0,39
1356,109094,16.639999583363533,0.02083333333333337,5.0,1,0,48
1357,109140,3.7700005173683167,0.13043478260869568,8.217391304347826,1,0,46
1358,109175,-2.0049989819526672,0.08571428571428574,9.17142857142857,1,0,35
1359,109261,5.478333950042725,0.2674418604651163,9.5,1,3,86
1360,109330,-11.898332491517067,0.5072463768115942,8.594202898550725,1,0,69
1361,109386,8.048333368264139,0.1071428571428571,8.803571428571429,1,1,56
1362,109473,22.316666796803474,0.22988505747126442,6.436781609195402,1,1,87
1363,109569,64.52333445847034,0.0625,6.229166666666667,0,0,96
1364,109617,13.899999797344208,0.0,7.0,1,0,48
1365,109659,8.871666729450226,0.023809523809523836,6.833333333333333,1,0,42
1366,109755,56.2983333915472,0.08333333333333337,7.510416666666667,0,0,96
1367,109825,10.735000014305115,0.24285714285714288,7.5,1,0,70
1368,109887,26.75333309173584,0.0,5.67741935483871,1,0,62
1369,109942,7.988334164023399,0.23636363636363633,6.0181818181818185,1,0,55
1370,109994,-7.8749992633238435,0.40384615384615385,8.01923076923077,1,1,52
1371,110090,43.053332588635385,0.16666666666666663,8.666666666666666,0,1,96
1372,110186,57.11833409965038,0.14583333333333337,5.947916666666667,0,1,96
1373,110256,26.745000302791595,0.05714285714285716,6.042857142857143,1,1,70
1374,110352,60.359999895095825,0.05208333333333337,7.0625,0,1,96
1375,110438,30.91333343088627,0.16279069767441856,5.6976744186046515,1,1,86
1376,110480,-1.341666515916586,0.16666666666666663,8.166666666666666,1,2,42
1377,110576,55.63833212852478,0.125,7.010416666666667,0,0,96
1378,110672,31.531667036935687,0.29166666666666663,8.427083333333334,0,2,96
1379,110741,13.27999933063984,0.21739130434782605,6.869565217391305,1,1,69
1380,110837,64.7599995881319,0.0625,6.25,0,0,96
1381,110875,0.5133336335420609,0.21052631578947367,5.7894736842105265,1,0,38
1382,110971,56.97000043839216,0.13541666666666663,6.1875,0,1,96
1383,111020,3.6366671239957213,0.16326530612244894,7.877551020408164,1,1,49
1384,111116,53.27333331480622,0.14583333333333337,6.729166666666667,0,2,96
1385,111212,53.66833299770951,0.10416666666666663,7.572916666666667,0,1,96
1386,111289,-10.556667038239539,0.4675324675324676,8.779220779220779,1,4,77
1387,111337,12.805000960826874,0.0625,5.9375,1,0,48
1388,111433,60.9750010818243,0.125,5.28125,0,2,96
1389,111476,-0.301666222512722,0.16279069767441856,8.255813953488373,1,2,43
1390,111572,68.48000141978264,0.02083333333333337,6.0,0,0,96
1391,111648,35.99666744470596,0.0,5.947368421052632,1,0,76
1392,111698,18.1233342140913,0.020000000000000018,5.0,1,0,50
1393,111785,28.54999965429306,0.14942528735632188,6.896551724137931,1,0,87
1394,111846,15.976667001843452,0.09836065573770492,7.016393442622951,1,1,61
1395,111936,18.509999737143517,0.23333333333333328,7.6,1,1,90
1396,112032,63.10999874770641,0.01041666666666663,7.125,0,4,96
1397,112095,21.25500038266182,0.1428571428571429,4.809523809523809,1,0,63
1398,112177,14.549999594688416,0.23170731707317072,8.121951219512194,1,0,82
1399,112248,20.12666627764702,0.21126760563380287,5.098591549295775,1,1,71
1400,112303,-2.5033330554142594,0.3090909090909091,8.10909090909091,1,2,55
1401,112399,51.710000209510326,0.1875,6.125,0,1,96
1402,112495,49.418332770466805,0.14583333333333337,7.760416666666667,0,0,96
1403,112591,42.09166653454304,0.25,6.677083333333333,0,4,96
1404,112654,4.10333326458931,0.3015873015873016,7.396825396825397,1,0,63
1405,112735,23.509999878704548,0.16049382716049387,6.148148148148148,1,5,81
1406,112831,21.38000038266182,0.41666666666666663,8.5,0,0,96
1407,112927,48.32666691299528,0.16666666666666663,7.458333333333333,0,1,96
1408,113023,41.21666669845581,0.23958333333333337,7.708333333333333,0,0,96
1409,113068,-5.378333106637001,0.33333333333333337,7.711111111111111,1,1,45
1410,113164,48.16166714578867,0.19791666666666663,6.739583333333333,0,1,96
1411,113219,19.480000436306,0.036363636363636376,5.781818181818182,1,0,55
1412,113254,6.150000095367432,0.0,6.0,1,0,35
1413,113332,13.860000959597528,0.1923076923076923,8.384615384615385,1,1,78
1414,113428,37.248333058319986,0.29166666666666663,7.322916666666667,0,1,96
1415,113466,2.775000348687172,0.13157894736842102,6.394736842105263,1,0,38
1416,113562,65.27999955415726,0.03125,6.6875,0,0,96
1417,113658,40.46166701614857,0.30208333333333337,6.427083333333333,0,0,96
1418,113723,23.788333520293236,0.07692307692307687,5.923076923076923,1,0,65
1419,113802,30.629999689757824,0.07594936708860756,6.531645569620253,1,1,79
1420,113898,44.95833373069763,0.27083333333333337,6.072916666666667,0,0,96
1421,113933,-14.675000607967377,0.5142857142857142,7.8,1,0,35
1422,114029,42.9816665565595,0.1875,8.239583333333334,0,1,96
1423,114125,64.71333396434784,0.07291666666666663,5.666666666666667,0,1,96
1424,114221,45.11666690185666,0.17708333333333337,7.895833333333333,0,2,96
1425,114293,24.88166570663452,0.06944444444444442,7.069444444444445,1,0,72
1426,114347,5.221666321158409,0.2592592592592593,6.425925925925926,1,0,54
1427,114443,27.889999500475824,0.34375,7.9375,0,3,96
1428,114539,61.89333353936672,0.08333333333333337,6.354166666666667,0,0,96
1429,114607,14.426666796207428,0.17647058823529416,7.529411764705882,1,0,68
1430,114703,33.3316672956571,0.29166666666666663,8.052083333333334,0,2,96
1431,114751,13.940000057220459,0.04166666666666663,6.0,1,0,48
1432,114847,65.64500088989735,0.07291666666666663,5.53125,0,1,96
1433,114892,-12.585000470280647,0.5333333333333333,7.133333333333334,1,0,45
1434,114988,62.89166770130396,0.10416666666666663,5.364583333333333,0,1,96
1435,115024,-12.731667228974402,0.38888888888888884,8.86111111111111,1,1,36
1436,115065,2.55499966442585,0.12195121951219512,7.682926829268292,1,0,41
1437,115120,19.19000005722046,0.036363636363636376,6.0,1,0,55
1438,115161,4.653333991765976,0.14634146341463417,5.951219512195122,1,0,41
1439,115257,53.33833330869675,0.09375,8.072916666666666,0,0,96
1440,115353,27.603333345614374,0.28125,9.729166666666666,0,1,96
1441,115429,-15.62833405379206,0.513157894736842,9.855263157894736,1,1,76
1442,115468,2.83333283662796,0.10256410256410253,7.333333333333333,1,0,39
1443,115564,64.80666682124138,0.0625,6.208333333333333,0,0,96
1444,115631,13.38333360850811,0.26865671641791045,5.432835820895522,1,0,67
1445,115694,11.649999786168337,0.12698412698412698,8.380952380952381,1,1,63
1446,115753,18.003334894776344,0.0847457627118644,6.372881355932203,1,0,59
1447,115849,37.33166622277349,0.25,8.052083333333334,0,1,96
1448,115945,47.844999596476555,0.22916666666666663,6.09375,0,2,96
1449,116041,44.480000517331064,0.20833333333333337,7.4375,0,1,96
1450,116083,12.129999920725822,0.023809523809523836,5.0,1,0,42
1451,116179,60.63999992609024,0.07291666666666663,6.75,0,0,96
1452,116275,60.155000895261765,0.08333333333333337,6.46875,0,1,96
1453,116313,-11.174999848008156,0.3421052631578947,9.868421052631579,1,0,38
1454,116377,19.448333501815796,0.078125,7.140625,1,0,64
1455,116473,41.181667272001505,0.26041666666666663,6.614583333333333,0,2,96
1456,116569,55.44166670739651,0.09375,6.989583333333333,0,4,96
1457,116629,18.185001015663147,0.08333333333333337,6.55,1,0,60
1458,116703,29.835001051425934,0.05405405405405406,5.95945945945946,1,1,74
1459,116789,21.88999980688095,0.12790697674418605,8.930232558139535,1,0,86
1460,116847,3.425000637769699,0.1724137931034483,9.879310344827585,1,0,58
1461,116943,68.55333392322063,0.04166666666666663,5.729166666666667,0,0,96
1462,117036,0.7950008660554886,0.4193548387096774,7.645161290322581,1,5,93
1463,117104,28.695000410079956,0.044117647058823484,5.426470588235294,1,1,68
1464,117175,13.973333269357681,0.21126760563380287,7.154929577464789,1,0,71
1465,117239,29.24666701257229,0.015625,5.0,1,0,64
1466,117279,6.724999859929085,0.09999999999999998,5.475,1,0,40
1467,117331,13.813334047794342,0.038461538461538436,7.230769230769231,1,0,52
1468,117370,2.1600007712841034,0.17948717948717952,6.0,1,0,39
1469,117420,4.293333295732737,0.18000000000000005,7.4,1,1,50
1470,117516,38.628333195112646,0.22916666666666663,8.197916666666666,0,2,96
1471,117612,43.610000893473625,0.25,7.0,0,0,96
1472,117686,14.200000450015068,0.2702702702702703,6.162162162162162,1,1,74
1473,117740,2.813334196805954,0.31481481481481477,6.074074074074074,1,0,54
1474,117806,22.445000410079956,0.045454545454545414,7.136363636363637,1,0,66
1475,117850,7.418333902955055,0.09090909090909094,6.568181818181818,1,0,44
1476,117924,14.63833338022232,0.14864864864864868,8.85135135135135,1,1,74
1477,118020,50.64166623353958,0.125,7.802083333333333,0,1,96
1478,118116,50.44833326339722,0.19791666666666663,6.572916666666667,0,0,96
1479,118212,42.12999983783811,0.22916666666666663,7.4375,0,1,96
1480,118308,43.90333330631256,0.20833333333333337,7.354166666666667,0,2,96
1481,118404,67.37666665017605,0.08333333333333337,4.895833333333333,0,1,96
1482,118500,24.1816665828228,0.34375,8.739583333333334,0,5,96
1483,118596,55.29833373427391,0.08333333333333337,8.010416666666666,0,0,96
1484,118692,70.10166698694229,0.0625,4.864583333333333,0,0,96
1485,118788,67.1499995291233,0.03125,6.375,0,0,96
1486,118884,44.61166619416326,0.1875,7.864583333333333,0,2,96
1487,118972,39.25166679918766,0.05681818181818177,6.125,1,1,88
1488,119015,6.064999669790268,0.09302325581395354,7.046511627906977,1,0,43
1489,119060,12.110000103712082,0.022222222222222254,6.0,1,0,45
1490,119121,0.773333995603025,0.24590163934426235,8.721311475409836,1,4,61
1491,119159,5.766667440533638,0.052631578947368474,6.2105263157894735,1,0,38
1492,119202,0.1216665655374527,0.16279069767441856,8.627906976744185,1,0,43
1493,119284,-2.0133336409926414,0.41463414634146345,8.073170731707316,1,3,82
1494,119332,-3.0199992172420025,0.29166666666666663,7.875,1,1,48
1495,119381,4.388333547860384,0.1428571428571429,7.979591836734694,1,1,49
1496,119461,22.359999932348728,0.17500000000000004,6.675,1,1,80
1497,119539,31.905001774430275,0.11538461538461542,5.1923076923076925,1,0,78
1498,119635,36.12666657567024,0.30208333333333337,7.395833333333333,0,1,96
1499,119731,44.55499957501888,0.1875,7.96875,0,2,96
1500,119827,63.52166721224785,0.04166666666666663,6.677083333333333,0,0,96
1501,119918,1.7100006975233555,0.3516483516483516,8.76923076923077,1,4,91
1502,120014,68.03166629374027,0.02083333333333337,6.302083333333333,0,0,96
1503,120093,32.23666726052761,0.06329113924050633,6.10126582278481,1,1,79
1504,120189,36.56499943509698,0.23958333333333337,8.59375,0,1,96
1505,120285,60.80166728049517,0.125,5.427083333333333,0,1,96
1506,120381,49.76000093668699,0.14583333333333337,7.5625,0,1,96
1507,120477,38.580000802874565,0.3125,6.125,0,3,96
1508,120525,9.450000256299973,0.08333333333333337,7.0,1,0,48
1509,120621,49.9950001090765,0.125,7.59375,0,3,96
1510,120697,28.93333387374878,0.09210526315789469,5.973684210526316,1,0,76
1511,120777,24.658333285711706,0.13749999999999996,6.6875,1,2,80
1512,120873,40.30000051856041,0.19791666666666663,8.6875,0,1,96
1513,120969,50.43000017106533,0.17708333333333337,6.6875,0,1,96
1514,121025,-2.210000121034682,0.3392857142857143,7.5,1,2,56
1515,121121,55.27499997615814,0.09375,7.71875,0,0,96
1516,121217,66.21666617691517,0.10416666666666663,4.770833333333333,0,0,96
1517,121313,45.178334042429924,0.22916666666666663,6.885416666666667,0,0,96
1518,121355,5.019999712705612,0.11904761904761907,6.714285714285714,1,0,42
1519,121402,14.890000581741333,0.0,5.872340425531915,1,0,47
1520,121498,40.16833387315273,0.25,7.510416666666667,0,1,96
1521,121594,60.11499896645546,0.13541666666666663,5.59375,0,0,96
1522,121690,44.74333314597607,0.17708333333333337,8.229166666666666,0,0,96
1523,121771,27.533334627747536,0.14814814814814814,5.827160493827161,1,2,81
1524,121867,66.41333222389221,0.02083333333333337,6.729166666666667,0,0,96
1525,121955,27.355000734329224,0.15909090909090906,6.988636363636363,1,0,88
1526,121997,11.843332573771477,0.023809523809523836,4.9523809523809526,1,0,42
1527,122034,6.0133326202631,0.10810810810810811,4.486486486486487,1,0,37
1528,122130,70.96666729450226,0.05208333333333337,4.770833333333333,0,1,96
1529,122226,29.776666364632547,0.35416666666666663,7.458333333333333,0,2,96
1530,122322,47.718334048986435,0.1875,7.072916666666667,0,1,96
1531,122357,-0.35666611790657043,0.11428571428571432,6.8,1,1,35
1532,122438,31.391666918992996,0.06172839506172845,7.172839506172839,1,0,81
1533,122534,49.83333286643028,0.125,8.041666666666666,0,1,96
1534,122576,6.003333881497383,0.09523809523809523,6.523809523809524,1,0,42
1535,122642,12.593333799391985,0.13636363636363635,8.242424242424242,1,1,66
1536,122738,63.271666795015335,0.04166666666666663,6.802083333333333,0,0,96
1537,122782,-5.916665711440146,0.2954545454545454,8.0,1,3,44
1538,122878,39.60666689090431,0.16666666666666663,9.270833333333334,0,3,96
1539,122941,-1.848332860507071,0.3015873015873016,9.317460317460318,1,1,63
1540,122984,8.436666622757912,0.11627906976744184,5.209302325581396,1,0,43
1541,123080,45.17666660249233,0.14583333333333337,8.833333333333334,0,0,96
1542,123176,33.986666947603226,0.26041666666666663,8.645833333333334,0,2,96
1543,123240,10.926666632294655,0.234375,6.59375,1,0,64
1544,123282,-7.461665749549866,0.30952380952380953,8.738095238095237,1,1,42
1545,123336,12.121667459607124,0.14814814814814814,5.981481481481482,1,0,54
1546,123387,13.72666709125042,0.05882352941176472,6.509803921568627,1,0,51
1547,123483,57.51666744425893,0.11458333333333337,6.270833333333333,0,2,96
1548,123579,44.73000033199787,0.19791666666666663,7.5,0,2,96
1549,123646,30.39666736125946,0.02985074626865669,5.134328358208955,1,0,67
1550,123702,8.77500106394291,0.1607142857142857,7.339285714285714,1,1,56
1551,123798,40.916665717959404,0.20833333333333337,8.520833333333334,0,1,96
1552,123859,9.394998610019684,0.16393442622950816,8.114754098360656,1,0,61
1553,123897,-7.176666423678398,0.39473684210526316,6.2631578947368425,1,0,38
1554,123993,63.60166797041893,0.0625,6.239583333333333,0,0,96
1555,124089,59.22666682302952,0.09375,6.645833333333333,0,1,96
1556,124185,59.78333356976509,0.08333333333333337,6.916666666666667,0,0,96
1557,124232,14.010000102221966,0.0,6.127659574468085,1,1,47
1558,124322,14.33833272010088,0.23333333333333328,8.277777777777779,1,3,90
1559,124355,-1.825000375509262,0.18181818181818177,6.2727272727272725,1,0,33
1560,124451,50.165000102482736,0.13541666666666663,7.84375,0,1,96
1561,124547,66.64666550606489,0.01041666666666663,6.833333333333333,0,1,96
1562,124631,22.70833334326744,0.13095238095238093,8.297619047619047,1,1,84
1563,124725,7.721666663885117,0.3085106382978723,8.797872340425531,1,3,94
1564,124821,51.991665959358215,0.14583333333333337,7.114583333333333,0,0,96
1565,124866,4.619999423623085,0.1777777777777778,6.0,1,1,45
1566,124962,51.50333331152797,0.13541666666666663,6.666666666666667,0,6,96
1567,125017,20.736667707562447,0.036363636363636376,5.163636363636364,1,0,55
1568,125113,49.57833315432072,0.19791666666666663,6.635416666666667,0,0,96
1569,125209,37.11499964352697,0.25,8.21875,0,1,96
1570,125276,3.9750008452683687,0.26865671641791045,7.477611940298507,1,6,67
1571,125372,67.84000015258789,0.04166666666666663,6.0,0,0,96
1572,125468,53.29833337664604,0.125,7.260416666666667,0,0,96
1573,125564,64.70000074803829,0.03125,6.5,0,1,96
1574,125660,47.53500014543533,0.15625,7.71875,0,2,96
1575,125756,57.806666538119316,0.13541666666666663,6.083333333333333,0,1,96
1576,125832,26.033334404230118,0.10526315789473684,6.605263157894737,1,0,76
1577,125928,68.04500113427639,0.0,6.15625,0,2,96
1578,125995,14.538333892822266,0.13432835820895528,7.985074626865671,1,0,67
1579,126048,14.730000242590904,0.07547169811320753,6.226415094339623,1,0,53
1580,126123,17.110000554472208,0.1466666666666666,7.92,1,1,75
1581,126219,35.64166669547558,0.29166666666666663,7.802083333333333,0,0,96
1582,126315,45.13500088453293,0.1875,7.96875,0,0,96
1583,126367,6.7833342254161835,0.11538461538461542,8.615384615384615,1,0,52
1584,126463,71.05833423137665,0.01041666666666663,5.822916666666667,0,0,96
1585,126523,6.773333802819252,0.18333333333333335,8.566666666666666,1,0,60
1586,126619,42.45166675746441,0.20833333333333337,8.114583333333334,0,0,96
1587,126715,25.27999924775213,0.32291666666666663,9.3125,0,1,96
1588,126768,3.785000551491976,0.24528301886792447,6.735849056603773,1,1,53
1589,126864,62.773333206772804,0.0625,6.541666666666667,0,0,96
1590,126960,40.403333246707916,0.1875,9.041666666666666,0,1,96
1591,127056,58.97333241999149,0.10416666666666663,6.604166666666667,0,0,96
1592,127116,22.36833356320858,0.050000000000000044,5.816666666666666,1,0,60
1593,127212,50.71166671812534,0.13541666666666663,7.739583333333333,0,0,96
1594,127267,-6.143333532847464,0.4,7.781818181818182,1,1,55
1595,127349,30.81833392381668,0.09756097560975607,6.524390243902439,1,0,82
1596,127445,58.64499996602535,0.125,6.03125,0,1,96
1597,127541,46.76833261549473,0.15625,8.072916666666666,0,1,96
1598,127624,17.246666154824197,0.20481927710843373,7.903614457831325,1,1,83
1599,127716,36.64333342015743,0.09782608695652173,6.5,1,1,92
1600,127804,38.668334037065506,0.05681818181818177,6.420454545454546,1,0,88
1601,127900,44.5483331233263,0.23958333333333337,6.697916666666667,0,1,96
1602,127968,24.423334792256355,0.13235294117647056,4.823529411764706,1,1,68
1603,128022,6.493332356214523,0.18518518518518523,7.518518518518518,1,0,54
1604,128085,20.270000249147415,0.11111111111111116,5.904761904761905,1,0,63
1605,128122,2.680000215768814,0.21621621621621623,4.054054054054054,1,0,37
1606,128178,14.97333274781704,0.0714285714285714,7.035714285714286,1,0,56
1607,128274,57.926667019724846,0.11458333333333337,6.458333333333333,0,0,96
1608,128370,65.78666597604752,0.03125,6.645833333333333,0,0,96
1609,128406,6.868333339691162,0.02777777777777779,5.194444444444445,1,0,36
1610,128502,52.59166623651981,0.14583333333333337,6.927083333333333,0,1,96
1611,128540,6.460000038146973,0.052631578947368474,6.0,1,0,38
1612,128636,57.9466657936573,0.08333333333333337,7.083333333333333,0,1,96
1613,128693,6.779999083839357,0.21052631578947367,7.157894736842105,1,1,57
1614,128732,8.634999632835388,0.05128205128205132,5.0,1,0,39
1615,128797,11.600000396370888,0.18461538461538463,7.476923076923077,1,1,65
1616,128831,-8.074999749660492,0.32352941176470584,7.676470588235294,1,0,34
1617,128912,14.6416674554348,0.2592592592592593,7.172839506172839,1,0,81
1618,129003,25.991667419672012,0.21978021978021978,6.384615384615385,1,0,91
1619,129095,9.940000504255295,0.30434782608695654,8.673913043478262,1,0,92
1620,129132,1.8033338636159897,0.16216216216216217,5.783783783783784,1,0,37
1621,129228,61.74833396077156,0.11458333333333337,5.510416666666667,0,1,96
1622,129272,-2.5199988335371017,0.36363636363636365,5.590909090909091,1,0,44
1623,129368,60.83333336468786,0.07291666666666663,6.729166666666667,0,1,96
1624,129464,65.14333239197731,0.02083333333333337,6.916666666666667,0,0,96
1625,129551,32.18333312869072,0.09195402298850575,7.080459770114943,1,1,87
1626,129597,4.8000005185604095,0.21739130434782605,5.739130434782608,1,0,46
1627,129693,62.418333634734154,0.10416666666666663,5.697916666666667,0,1,96
1628,129789,57.9866677261889,0.125,6.020833333333333,0,2,96
1629,129863,10.741666517220438,0.22972972972972971,7.851351351351352,1,1,74
1630,129959,19.95333336107433,0.39583333333333337,8.791666666666666,0,2,96
1631,130030,17.985001012682915,0.15492957746478875,6.802816901408451,1,2,71
1632,130099,28.733334198594093,0.05797101449275366,5.536231884057971,1,0,69
1633,130154,22.361666724085808,0.018181818181818188,5.0,1,0,55
1634,130203,13.911667302250862,0.08163265306122447,5.36734693877551,1,0,49
1635,130299,43.27833378314972,0.25,6.822916666666667,0,1,96
1636,130382,44.218332409858704,0.02409638554216864,4.566265060240964,1,1,83
1637,130440,-3.303333416581154,0.4137931034482759,6.862068965517241,1,0,58
1638,130536,46.08833318948746,0.21875,6.947916666666667,0,1,96
1639,130632,16.54166679829359,0.47916666666666663,7.802083333333333,0,2,96
1640,130728,33.29666682239622,0.35416666666666663,6.770833333333333,0,1,96
1641,130789,16.304999947547913,0.11475409836065575,6.639344262295082,1,0,61
1642,130885,48.049999952316284,0.20833333333333337,6.6875,0,1,96
1643,130981,66.71333272755146,0.03125,6.291666666666667,0,0,96
1644,131029,10.158333227038383,0.10416666666666663,5.770833333333333,1,1,48
1645,131081,10.641667604446411,0.15384615384615385,5.980769230769231,1,0,52
1646,131150,19.00333422422409,0.18840579710144922,5.7101449275362315,1,0,69
1647,131208,9.6700000166893,0.1724137931034483,7.448275862068965,1,0,58
1648,131239,0.5216665714979172,0.12903225806451613,5.0,1,0,31
1649,131335,31.79499988630414,0.29166666666666663,8.34375,0,3,96
1650,131386,-6.121667109429836,0.3921568627450981,7.313725490196078,1,2,51
1651,131474,13.591667047701776,0.26136363636363635,8.034090909090908,1,2,88
1652,131570,61.75666630268097,0.09375,6.208333333333333,0,0,96
1653,131625,3.791666939854622,0.2727272727272727,6.527272727272727,1,1,55
1654,131721,59.94166745245457,0.09375,6.239583333333333,0,2,96
1655,131757,3.8800007700920105,0.08333333333333337,6.0,1,0,36
1656,131853,53.22166684269905,0.125,7.364583333333333,0,1,96
1657,131949,37.35500046610832,0.30208333333333337,7.03125,0,1,96
1658,132005,-1.6649999022483826,0.3571428571428571,7.339285714285714,1,0,56
1659,132101,69.5633332580328,0.05208333333333337,5.041666666666667,0,1,96
1660,132197,60.51333299279213,0.11458333333333337,5.541666666666667,0,2,96
1661,132293,47.248332909308374,0.1875,7.322916666666667,0,1,96
1662,132389,35.98833376169205,0.25,8.635416666666666,0,1,96
1663,132485,29.623333773575723,0.32291666666666663,8.041666666666666,0,4,96
1664,132581,59.2116673886776,0.11458333333333337,6.239583333333333,0,0,96
1665,132677,43.46666621975601,0.19791666666666663,7.583333333333333,0,3,96
1666,132713,-0.4699993133544922,0.19444444444444442,5.833333333333333,1,1,36
1667,132773,-2.351667180657387,0.30000000000000004,9.016666666666667,1,2,60
1668,132869,52.78500043600798,0.15625,6.40625,0,3,96
1669,132965,53.988334119319916,0.16666666666666663,6.197916666666667,0,0,96
1670,133008,4.150000065565109,0.18604651162790697,6.0,1,0,43
1671,133104,29.523333705961704,0.41666666666666663,6.291666666666667,0,1,96
1672,133191,37.88666643202305,0.04597701149425293,6.712643678160919,1,0,87
1673,133287,38.18833293672651,0.28125,7.322916666666667,0,1,96
1674,133367,15.083333730697632,0.30000000000000004,5.9,1,1,80
1675,133463,35.9983329102397,0.32291666666666663,6.760416666666667,0,1,96
1676,133559,53.53666664659977,0.17708333333333337,5.958333333333333,0,1,96
1677,133655,33.82166718598455,0.27083333333333337,8.239583333333334,0,2,96
1678,133751,22.94833319913596,0.36458333333333337,8.760416666666666,0,2,96
1679,133825,24.096667505800724,0.1351351351351351,5.783783783783784,1,3,74
1680,133908,19.093333698809147,0.24096385542168675,6.337349397590361,1,1,83
1681,134004,64.56333351135254,0.11458333333333337,4.916666666666667,0,0,96
1682,134100,48.12666705902666,0.1875,7.020833333333333,0,1,96
1683,134196,62.08333261311054,0.05208333333333337,6.729166666666667,0,1,96
1684,134247,10.713333532214165,0.07843137254901966,7.372549019607843,1,0,51
1685,134295,6.836665630340576,0.125,7.291666666666667,1,0,48
1686,134388,14.609999469481409,0.32258064516129037,7.032258064516129,1,1,93
1687,134453,12.63833349943161,0.23076923076923073,6.384615384615385,1,0,65
1688,134523,8.531666234135628,0.24285714285714288,7.871428571428571,1,1,70
1689,134574,11.400000467896461,0.1568627450980392,5.411764705882353,1,0,51
1690,134652,12.151666641235352,0.2692307692307693,7.294871794871795,1,0,78
1691,134748,64.70500031113625,0.10416666666666663,5.21875,0,0,96
1692,134796,15.740000247955322,0.0,6.0,1,0,48
1693,134860,25.41166791319847,0.046875,5.703125,1,0,64
1694,134954,46.33500021696091,0.0,6.670212765957447,1,0,94
1695,135050,60.29833364486694,0.09375,6.572916666666667,0,0,96
1696,135146,44.88000026997179,0.17708333333333337,7.625,0,3,96
1697,135198,8.966666251420975,0.17307692307692313,6.269230769230769,1,0,52
1698,135294,43.726666442118585,0.27083333333333337,6.208333333333333,0,1,96
1699,135390,52.11333364248276,0.17708333333333337,6.479166666666667,0,0,96
1700,135486,37.53666703309864,0.23958333333333337,8.083333333333334,0,4,96
1701,135556,21.68833288550377,0.12857142857142856,6.357142857142857,1,0,70
1702,135652,56.988333746790886,0.15625,5.697916666666667,0,1,96
1703,135748,41.546666509471834,0.23958333333333337,7.395833333333333,0,1,96
1704,135800,20.14666698873043,0.019230769230769273,5.0,1,0,52
1705,135894,25.573332867585123,0.18085106382978722,7.574468085106383,1,2,94
1706,135990,64.3250005543232,0.07291666666666663,5.78125,0,1,96
1707,136086,47.21999974548817,0.14583333333333337,8.3125,0,0,96
1708,136125,0.9333331882953644,0.10256410256410253,8.256410256410257,1,0,39
1709,136175,9.796666696667671,0.16000000000000003,5.68,1,0,50
1710,136251,35.76166653633118,0.052631578947368474,4.9605263157894735,1,0,76
1711,136341,29.75166691839695,0.11111111111111116,7.788888888888889,1,0,90
1712,136407,3.220001450739801,0.2727272727272727,8.272727272727273,1,2,66
1713,136442,6.973332956433296,0.02857142857142858,4.742857142857143,1,0,35
1714,136538,62.11666727811098,0.07291666666666663,6.270833333333333,0,1,96
1715,136634,39.40500055253506,0.22916666666666663,8.15625,0,1,96
1716,136706,25.336667597293854,0.1527777777777778,4.861111111111111,1,1,72
1717,136754,-1.58333221077919,0.22916666666666663,8.041666666666666,1,3,48
1718,136850,45.85499994363636,0.10416666666666663,9.09375,0,3,96
1719,136946,34.20499940868467,0.26041666666666663,8.28125,0,3,96
1720,137042,32.33999927993864,0.28125,8.375,0,3,96
1721,137074,-4.941666841506958,0.28125,5.84375,1,0,32
1722,137112,9.003333255648613,0.02631578947368418,5.0,1,0,38
1723,137156,-15.216666981577873,0.5454545454545454,8.0,1,0,44
1724,137248,34.30500039458275,0.07608695652173914,7.793478260869565,1,0,92
1725,137344,63.135000094771385,0.05208333333333337,6.78125,0,0,96
1726,137440,40.275000751018524,0.23958333333333337,7.96875,0,0,96
1727,137502,4.476666241884232,0.30645161290322576,6.806451612903226,1,1,62
1728,137534,-5.686666876077652,0.34375,5.0,1,0,32
1729,137585,15.94166812300682,0.07843137254901966,5.1568627450980395,1,0,51
1730,137681,65.86666589975357,0.03125,6.583333333333333,0,0,96
1731,137743,-2.4633338153362274,0.3709677419354839,7.967741935483871,1,1,62
1732,137839,45.47833255305886,0.1875,7.385416666666667,0,3,96
1733,137919,39.20000076293945,0.0,6.0,1,0,80
1734,138015,55.18166607618332,0.09375,7.739583333333333,0,0,96
1735,138063,8.960000038146973,0.14583333333333337,6.0,1,0,48
1736,138151,12.128334194421768,0.2954545454545454,7.920454545454546,1,0,88
1737,138247,62.29499936103821,0.0625,6.71875,0,0,96
1738,138343,40.03500026464462,0.20833333333333337,8.46875,0,2,96
1739,138381,4.485000252723694,0.13157894736842102,5.2894736842105265,1,0,38
1740,138462,24.461665749549866,0.13580246913580252,7.395061728395062,1,0,81
1741,138545,15.11666700616479,0.20481927710843373,8.55421686746988,1,1,83
1742,138641,44.3649996817112,0.23958333333333337,6.96875,0,0,96
1743,138701,19.84000015258789,0.033333333333333326,7.0,1,0,60
1744,138797,48.45833357423544,0.14583333333333337,8.010416666666666,0,1,96
1745,138835,3.43333300948143,0.13157894736842102,5.947368421052632,1,0,38
1746,138883,2.82999986410141,0.1875,7.625,1,0,48
1747,138931,0.3100006580352783,0.20833333333333337,8.375,1,0,48
1748,138968,5.931666985154152,0.08108108108108103,5.0,1,0,37
1749,139029,14.958333164453506,0.06557377049180324,8.278688524590164,1,0,61
1750,139085,10.17500018235296,0.1071428571428571,7.982142857142857,1,1,56
1751,139181,43.63999996241182,0.17708333333333337,8.1875,0,2,96
1752,139242,5.99833320081234,0.21311475409836067,8.37704918032787,1,0,61
1753,139338,61.38666704297066,0.08333333333333337,6.395833333333333,0,0,96
1754,139415,22.841666928492486,0.1298701298701299,7.0,1,1,77
1755,139493,17.851667046546936,0.21794871794871795,6.833333333333333,1,0,78
1756,139571,21.64166732132435,0.14102564102564108,7.448717948717949,1,0,78
1757,139621,4.444999769330025,0.18000000000000005,7.74,1,0,50
1758,139682,14.570000893436372,0.08196721311475408,7.573770491803279,1,2,61
1759,139767,0.6383333643898368,0.3294117647058824,9.258823529411766,1,2,85
1760,139828,2.320000372827053,0.24590163934426235,7.868852459016393,1,5,61
1761,139882,10.468333542346954,0.16666666666666663,6.351851851851852,1,0,54
1762,139978,51.076666846871376,0.125,7.833333333333333,0,0,96
1763,140074,55.86000066995621,0.14583333333333337,6.375,0,0,96
1764,140170,63.94333358108997,0.0625,6.229166666666667,0,0,96
1765,140252,17.843333572149277,0.2195121951219512,6.853658536585366,1,4,82
1766,140305,16.76333375275135,0.07547169811320753,5.509433962264151,1,0,53
1767,140384,9.868333548307419,0.2784810126582279,7.987341772151899,1,0,79
1768,140480,45.740000102669,0.1875,7.5625,0,1,96
1769,140541,-7.799999736249447,0.3278688524590164,10.131147540983607,1,4,61
1770,140602,22.251667350530624,0.049180327868852514,5.885245901639344,1,0,61
1771,140638,4.980000019073486,0.05555555555555558,6.0,1,0,36
1772,140734,55.0783337270841,0.10416666666666663,7.135416666666667,0,2,96
1773,140786,2.4299995815381408,0.23076923076923073,7.5,1,1,52
1774,140882,67.04500018060207,0.04166666666666663,5.96875,0,1,96
1775,140959,14.993334367871284,0.16883116883116878,8.38961038961039,1,2,77
1776,141001,-14.176665838807821,0.45238095238095233,8.666666666666666,1,3,42
1777,141097,53.93833380937576,0.15625,6.197916666666667,0,2,96
1778,141193,52.964999958872795,0.09375,7.96875,0,1,96
1779,141259,9.018333396874368,0.2272727272727273,7.5606060606060606,1,1,66
1780,141296,0.11833341419696808,0.2432432432432432,5.054054054054054,1,0,37
1781,141392,42.58166734036058,0.22916666666666663,6.989583333333333,0,4,96
1782,141488,33.37833298370242,0.28125,7.635416666666667,0,7,96
1783,141578,24.675000056624413,0.24444444444444446,6.033333333333333,1,0,90
1784,141657,24.45666639506817,0.10126582278481011,7.69620253164557,1,0,79
1785,141753,63.7266671359539,0.09375,5.770833333333333,0,0,96
1786,141801,14.455000579357147,0.02083333333333337,5.9375,1,0,48
1787,141897,17.524999674409628,0.44791666666666663,7.90625,0,5,96
1788,141993,49.3050002604723,0.13541666666666663,7.96875,0,1,96
1789,142035,9.64166709780693,0.0714285714285714,5.261904761904762,1,0,42
1790,142131,59.66333305835724,0.10416666666666663,6.229166666666667,0,0,96
1791,142168,-3.598333954811096,0.18918918918918914,8.405405405405405,1,0,37
1792,142237,21.3566681034863,0.13043478260869568,6.115942028985507,1,1,69
1793,142333,37.75833311676979,0.3125,6.635416666666667,0,1,96
1794,142397,22.416666761040688,0.125,4.90625,1,0,64
1795,142493,66.28166754543781,0.08333333333333337,5.177083333333333,0,1,96
1796,142567,25.140000730752945,0.14864864864864868,5.675675675675675,1,0,74
1797,142651,38.42333300411701,0.023809523809523836,6.333333333333333,1,0,84
1798,142728,13.639999374747276,0.23376623376623373,7.012987012987013,1,2,77
1799,142824,47.09833285212517,0.16666666666666663,7.885416666666667,0,1,96
1800,142920,43.036667350679636,0.22916666666666663,7.395833333333333,0,1,96
1801,143016,58.916667342185974,0.125,6.020833333333333,0,1,96
1802,143064,5.2933337688446045,0.20833333333333337,6.083333333333333,1,0,48
1803,143099,2.268333524465561,0.11428571428571432,5.857142857142857,1,0,35
1804,143141,7.995000392198563,0.0714285714285714,5.785714285714286,1,1,42
1805,143237,44.16499963402748,0.19791666666666663,7.84375,0,0,96
1806,143333,56.57999938726425,0.10416666666666663,7.1875,0,0,96
1807,143429,40.96333360671997,0.27083333333333337,7.104166666666667,0,0,96
1808,143525,44.198333226144314,0.17708333333333337,8.072916666666666,0,2,96
1809,143573,-1.1466663926839828,0.3125,6.833333333333333,1,0,48
1810,143669,44.61166697740555,0.22916666666666663,7.177083333333333,0,0,96
1811,143765,47.64333362877369,0.21875,6.729166666666667,0,0,96
1812,143861,56.41833384335041,0.13541666666666663,6.447916666666667,0,0,96
1813,143913,3.551666960120201,0.28846153846153844,5.634615384615385,1,2,52
1814,144009,57.53500014543533,0.125,6.34375,0,0,96
1815,144087,25.884999960660934,0.15384615384615385,6.115384615384615,1,0,78
1816,144183,16.396667174994946,0.44791666666666663,8.270833333333334,0,4,96
1817,144269,23.35166609287262,0.11627906976744184,8.569767441860465,1,2,86
1818,144365,70.1800007224083,0.01041666666666663,5.9375,0,0,96
1819,144461,53.668333888053894,0.13541666666666663,6.947916666666667,0,0,96
1820,144528,31.761666789650917,0.014925373134328401,5.0,1,0,67
1821,144604,40.21499966084957,0.013157894736842146,4.618421052631579,1,0,76
1822,144637,5.10499994456768,0.030303030303030276,5.0,1,0,33
1823,144684,5.3516670018434525,0.23404255319148937,5.340425531914893,1,0,47
1824,144741,-6.516666889190674,0.4035087719298246,8.385964912280702,1,0,57
1825,144825,27.23833430185914,0.15476190476190477,6.369047619047619,1,1,84
1826,144908,40.43000075221062,0.012048192771084376,6.0,1,0,83
1827,145004,66.19166657328606,0.05208333333333337,5.927083333333333,0,0,96
1828,145100,40.326666951179504,0.28125,6.708333333333333,0,1,96
1829,145196,68.26500061154366,0.02083333333333337,6.15625,0,0,96
1830,145251,20.65000057220459,0.0,6.0,1,0,55
1831,145347,1.9100003391504288,0.5625,9.0625,0,4,96
1832,145395,-0.06499980390071869,0.29166666666666663,6.3125,1,2,48
1833,145491,20.89833338558674,0.39583333333333337,8.385416666666666,0,3,96
1834,145533,13.348333612084389,0.023809523809523836,4.309523809523809,1,0,42
1835,145571,-10.464999690651894,0.5263157894736843,5.2894736842105265,1,0,38
1836,145615,9.481667011976242,0.045454545454545414,6.659090909090909,1,0,44
1837,145711,48.248333632946014,0.14583333333333337,8.197916666666666,0,0,96
1838,145752,-5.428333148360252,0.29268292682926833,8.170731707317072,1,0,41
1839,145848,62.211666986346245,0.0625,6.552083333333333,0,1,96
1840,145944,47.8600000590086,0.16666666666666663,7.1875,0,3,96
1841,146040,52.4466662555933,0.13541666666666663,7.333333333333333,0,0,96
1842,146108,13.75500112771988,0.17647058823529416,7.544117647058823,1,0,68
1843,146204,31.19333377480507,0.3125,8.291666666666666,0,1,96
1844,146270,20.66499951481819,0.06060606060606055,7.590909090909091,1,0,66
1845,146366,50.71166729927063,0.04166666666666663,4.989583333333333,1,1,96
1846,146444,18.286667570471764,0.20512820512820518,7.102564102564102,1,0,78
1847,146540,51.735000625252724,0.15625,7.03125,0,0,96
1848,146627,19.183332845568657,0.22988505747126442,7.011494252873563,1,2,87
1849,146723,48.51333309710026,0.15625,7.666666666666667,0,1,96
1850,146819,42.40333338826895,0.21875,7.479166666666667,0,2,96
1851,146915,30.22999981045723,0.3125,8.375,0,2,96
1852,147011,51.53833296056837,0.19791666666666663,5.822916666666667,0,2,96
1853,147106,10.779999888502061,0.26315789473684215,9.284210526315789,1,3,95
1854,147167,21.448333755135536,0.06557377049180324,5.918032786885246,1,0,61
1855,147263,60.710000187158585,0.11458333333333337,5.75,0,0,96
1856,147329,19.436666563153267,0.12121212121212122,6.303030303030303,1,1,66
1857,147425,34.135000405833125,0.25,8.59375,0,4,96
1858,147472,6.1200003027915955,0.17021276595744683,6.51063829787234,1,0,47
1859,147511,-6.093333452939987,0.28205128205128205,8.512820512820513,1,0,39
1860,147603,34.72999969124794,0.05434782608695654,8.282608695652174,1,0,92
1861,147640,-14.214999716728926,0.43243243243243246,8.513513513513514,1,3,37
1862,147692,14.01666721701622,0.05769230769230771,6.615384615384615,1,0,52
1863,147788,33.05499948468059,0.28125,8.40625,0,2,96
1864,147884,65.79999834299088,0.02083333333333337,7.0,0,0,96
1865,147926,2.1233326122164726,0.11904761904761907,7.523809523809524,1,2,42
1866,148022,19.181666627526283,0.45833333333333337,7.489583333333333,0,3,96
1867,148118,40.8566667502746,0.27083333333333337,6.520833333333333,0,3,96
1868,148214,69.87500017881393,0.02083333333333337,5.59375,0,1,96
1869,148310,68.08833441138268,0.04166666666666663,5.760416666666667,0,0,96
1870,148406,55.31833350658417,0.13541666666666663,6.635416666666667,0,0,96
1871,148470,24.126666203141212,0.09375,5.0,1,0,64
1872,148532,9.465000852942467,0.20967741935483875,7.306451612903226,1,0,62
1873,148579,-0.9399996548891068,0.276595744680851,6.76595744680851,1,1,47
1874,148675,75.13333290815353,0.03125,4.416666666666667,0,0,96
1875,148771,31.471666695550084,0.28125,7.927083333333333,0,7,96
1876,148812,9.805000305175781,0.0,6.219512195121951,1,0,41
1877,148908,30.6166665982455,0.30208333333333337,8.020833333333334,0,5,96
1878,148952,3.116666868329048,0.13636363636363635,7.545454545454546,1,1,44
1879,149048,47.579999938607216,0.13541666666666663,8.0625,0,3,96
1880,149144,50.30500029027462,0.13541666666666663,7.78125,0,1,96
1881,149189,4.619999915361404,0.11111111111111116,8.0,1,0,45
1882,149247,7.7916659861803055,0.1724137931034483,7.431034482758621,1,3,58
1883,149343,52.90833408012986,0.13541666666666663,7.072916666666667,0,1,96
1884,149439,54.52499975915998,0.08333333333333337,8.03125,0,1,96
1885,149476,8.23166660964489,0.027027027027026973,5.0,1,0,37
1886,149572,46.27000009268522,0.13541666666666663,8.5,0,3,96
1887,149668,48.62666653748602,0.17708333333333337,7.270833333333333,0,1,96
1888,149725,1.8949996149167418,0.24561403508771928,8.368421052631579,1,1,57
1889,149778,11.476666152477264,0.09433962264150941,7.283018867924528,1,0,53
1890,149861,35.17000004649162,0.08433734939759041,6.0,1,0,83
1891,149957,66.28666643798351,0.05208333333333337,6.020833333333333,0,0,96
1892,150005,7.4150000512599945,0.10416666666666663,7.6875,1,0,48
1893,150041,4.248333588242531,0.08333333333333337,5.694444444444445,1,0,36
1894,150137,69.62000127136707,0.03125,5.5,0,0,96
1895,150233,55.10166718065739,0.125,6.989583333333333,0,0,96
1896,150296,14.365000262856483,0.15873015873015872,6.904761904761905,1,0,63
1897,150358,26.825000792741776,0.032258064516129004,4.887096774193548,1,0,62
1898,150440,28.713333934545517,0.13414634146341464,5.7560975609756095,1,3,82
1899,150511,-3.370000788010657,0.352112676056338,8.873239436619718,1,3,71
1900,150549,-3.073333114385605,0.23684210526315785,7.473684210526316,1,0,38
1901,150645,50.49999985098839,0.14583333333333337,7.625,0,0,96
1902,150722,12.89500044286251,0.2597402597402597,7.363636363636363,1,0,77
1903,150775,6.898333013057709,0.15094339622641506,7.60377358490566,1,1,53
1904,150816,-4.376666843891144,0.2682926829268293,8.146341463414634,1,0,41
1905,150912,53.95999951660633,0.125,7.25,0,0,96
1906,150978,17.611667566001415,0.12121212121212122,6.712121212121212,1,2,66
1907,151074,46.576666586101055,0.15625,8.020833333333334,0,1,96
1908,151113,-0.5916657000780106,0.20512820512820518,6.487179487179487,1,1,39
1909,151151,7.658333882689476,0.052631578947368474,5.2368421052631575,1,0,38
1910,151247,38.87833322584629,0.26041666666666663,7.135416666666667,0,4,96
1911,151295,7.403334442526102,0.10416666666666663,7.208333333333333,1,1,48
1912,151341,0.9133331626653671,0.21739130434782605,7.6521739130434785,1,0,46
1913,151398,1.8400004571303725,0.24561403508771928,7.7894736842105265,1,3,57
1914,151479,35.56999957561493,0.04938271604938271,6.296296296296297,1,0,81
1915,151575,42.01666687428951,0.27083333333333337,6.645833333333333,0,0,96
1916,151671,55.64833319187164,0.09375,7.197916666666667,0,2,96
1917,151702,-0.04999905824661255,0.09677419354838712,6.0,1,0,31
1918,151798,67.1716677248478,0.02083333333333337,6.239583333333333,0,0,96
1919,151894,59.194999784231186,0.125,6.15625,0,0,96
1920,151970,25.225000455975533,0.14473684210526316,6.0394736842105265,1,0,76
1921,152066,35.9783334126696,0.29166666666666663,7.197916666666667,0,3,96
1922,152128,24.220000207424164,0.032258064516129004,6.0,1,0,62
1923,152169,8.41000035405159,0.07317073170731703,5.560975609756097,1,0,41
1924,152251,31.05166693031788,0.08536585365853655,6.719512195121951,1,0,82
1925,152347,40.840000367723405,0.20833333333333337,7.9375,0,2,96
1926,152443,39.34499996062368,0.23958333333333337,7.84375,0,2,96
1927,152539,34.635000041686,0.3125,7.34375,0,1,96
1928,152635,56.46999976038933,0.125,6.5625,0,0,96
1929,152731,55.61333358287811,0.11458333333333337,6.666666666666667,0,2,96
1930,152827,55.68333425279707,0.15625,5.979166666666667,0,1,96
1931,152923,36.851666413247585,0.21875,8.739583333333334,0,4,96
1932,152986,12.16833347082138,0.19047619047619047,6.968253968253968,1,0,63
1933,153078,31.98833231627941,0.11956521739130432,7.184782608695652,1,0,92
1934,153174,51.674999833106995,0.16666666666666663,6.65625,0,2,96
1935,153270,60.031666696071625,0.07291666666666663,6.677083333333333,0,1,96
1936,153340,15.689999550580978,0.24285714285714288,5.742857142857143,1,0,70
1937,153390,3.028332903981209,0.18000000000000005,7.82,1,2,50
1938,153486,47.918334025889635,0.1875,6.635416666666667,0,3,96
1939,153529,10.028333768248558,0.046511627906976716,5.883720930232558,1,0,43
1940,153625,41.29666709061712,0.21875,8.020833333333334,0,1,96
1941,153721,55.2833337187767,0.125,6.666666666666667,0,1,96
1942,153817,66.2783337533474,0.07291666666666663,5.322916666666667,0,1,96
1943,153871,11.066666811704636,0.14814814814814814,6.37037037037037,1,0,54
1944,153967,38.12333333492279,0.0625,7.729166666666667,1,0,96
1945,154041,18.134999949485064,0.14864864864864868,7.337837837837838,1,2,74
1946,154085,10.75666618347168,0.022727272727272707,6.590909090909091,1,0,44
1947,154181,41.46833352744579,0.23958333333333337,7.322916666666667,0,2,96
1948,154221,8.36833356320858,0.050000000000000044,5.725,1,0,40
1949,154253,3.2933332175016403,0.0625,5.0,1,0,32
1950,154349,35.24166690465063,0.23958333333333337,8.614583333333334,0,4,96
1951,154445,63.276665806770325,0.03125,7.208333333333333,0,0,96
1952,154507,16.014999620616436,0.11290322580645162,6.919354838709677,1,1,62
1953,154540,-2.8183332085609436,0.24242424242424243,5.606060606060606,1,0,33
1954,154624,39.90166726708412,0.04761904761904767,5.630952380952381,1,0,84
1955,154701,10.760000131092966,0.23376623376623373,8.181818181818182,1,2,77
1956,154797,40.18333384394646,0.20833333333333337,8.604166666666666,0,0,96
1957,154893,8.960000110790133,0.45833333333333337,9.6875,0,4,96
1958,154951,8.946667126379907,0.15517241379310343,7.689655172413793,1,1,58
1959,155047,26.584999814629555,0.34375,8.53125,0,1,96
1960,155143,50.72833278775215,0.125,7.947916666666667,0,0,96
1961,155187,4.50500051677227,0.20454545454545459,5.5227272727272725,1,0,44
1962,155283,47.05166611727327,0.17708333333333337,7.177083333333333,0,4,96
1963,155379,51.54000025149435,0.13541666666666663,7.375,0,2,96
1964,155475,67.84833307564259,0.02083333333333337,6.322916666666667,0,0,96
1965,155538,11.549999415874481,0.17460317460317465,7.333333333333333,1,1,63
1966,155634,36.99166612327099,0.30208333333333337,7.052083333333333,0,1,96
1967,155692,17.405000552535057,0.10344827586206895,5.637931034482759,1,1,58
1968,155739,-0.46666645631194115,0.21276595744680848,7.361702127659575,1,4,47
1969,155835,49.31333351507783,0.125,7.729166666666667,0,4,96
1970,155886,13.111667111515999,0.07843137254901966,6.333333333333333,1,0,51
1971,155919,6.125,0.0,5.0,1,0,33
1972,156015,35.16666689515114,0.23958333333333337,9.020833333333334,0,0,96
1973,156054,-13.216666021384299,0.4358974358974359,8.717948717948717,1,1,39
1974,156108,-10.874999889172614,0.40740740740740744,8.38888888888889,1,4,54
1975,156204,57.66333316266537,0.10416666666666663,6.854166666666667,0,0,96
1976,156241,-1.5949990972876549,0.16216216216216217,7.54054054054054,1,1,37
1977,156306,18.45833371579647,0.18461538461538463,5.092307692307692,1,0,65
1978,156363,17.086667135357857,0.10526315789473684,5.719298245614035,1,0,57
1979,156451,25.174999326467514,0.17045454545454541,7.465909090909091,1,0,88
1980,156547,51.52500053495169,0.1875,6.09375,0,2,96
1981,156593,3.4783336222171783,0.15217391304347827,7.065217391304348,1,3,46
1982,156644,12.17333397269249,0.0980392156862745,6.313725490196078,1,0,51
1983,156740,45.67166778445244,0.20833333333333337,6.864583333333333,0,2,96
1984,156813,11.848333582282066,0.20547945205479456,8.150684931506849,1,1,73
1985,156852,-0.7899994999170303,0.23076923076923073,6.153846153846154,1,1,39
1986,156892,-10.841666609048843,0.4,8.275,1,1,40
1987,156988,49.92166651785374,0.17708333333333337,6.739583333333333,0,2,96
1988,157084,48.6450005993247,0.17708333333333337,6.96875,0,2,96
1989,157117,1.8300001323223114,0.1515151515151515,4.363636363636363,1,0,33
1990,157213,52.71000047400594,0.14583333333333337,6.75,0,2,96
1991,157303,44.009999722242355,0.0888888888888889,4.6,1,1,90
1992,157342,-6.490000352263451,0.33333333333333337,7.384615384615385,1,0,39
1993,157438,65.99166712164879,0.08333333333333337,5.364583333333333,0,0,96
1994,157507,12.718332961201668,0.1594202898550725,8.44927536231884,1,0,69
1995,157590,38.91999900341034,0.0,6.867469879518072,1,0,83
1996,157685,21.586666762828827,0.25263157894736843,7.094736842105263,1,1,95
1997,157736,15.556666374206543,0.05882352941176472,5.686274509803922,1,0,51
1998,157832,65.67333233356476,0.04166666666666663,6.541666666666667,0,0,96
1999,157928,61.66166663169861,0.0625,6.802083333333333,0,0,96
2000,158024,33.4516666661948,0.27083333333333337,8.427083333333334,0,2,96
2001,158120,61.788333743810654,0.11458333333333337,5.760416666666667,0,0,96
2002,158189,32.008334040641785,0.0,5.579710144927536,1,0,69
2003,158233,11.0833340883255,0.022727272727272707,6.2272727272727275,1,0,44
2004,158329,42.14500027894974,0.22916666666666663,7.21875,0,2,96
2005,158425,54.07500019669533,0.125,7.34375,0,0,96
2006,158486,18.506667111068964,0.032786885245901676,7.409836065573771,1,1,61
2007,158522,-2.003332942724228,0.19444444444444442,7.055555555555555,1,0,36
2008,158584,10.23999935388565,0.16129032258064513,7.741935483870968,1,1,62
2009,158622,-7.821666568517685,0.26315789473684215,9.657894736842104,1,0,38
2010,158718,58.9583338201046,0.08333333333333337,6.760416666666667,0,1,96
2011,158777,11.024999976158142,0.15254237288135597,7.372881355932203,1,0,59
2012,158843,16.470000371336937,0.1515151515151515,6.636363636363637,1,0,66
2013,158886,0.2683330960571766,0.2093023255813954,7.0,1,1,43
2014,158947,-6.614999243058264,0.39344262295081966,8.311475409836065,1,2,61
2015,158986,6.140000373125076,0.10256410256410253,5.384615384615385,1,0,39
2016,159033,-7.703332492150366,0.3191489361702128,9.23404255319149,1,2,47
2017,159082,18.671666741371155,0.0,5.0,1,0,49
2018,159126,11.3149995803833,0.0,6.613636363636363,1,0,44
2019,159162,8.379999816417694,0.0,5.0,1,0,36
2020,159258,64.70166637003422,0.0625,6.177083333333333,0,0,96
2021,159311,8.770000074058771,0.13207547169811318,7.132075471698113,1,1,53
2022,159356,11.263333767652512,0.0444444444444444,6.222222222222222,1,0,45
2023,159452,66.40333420038223,0.0625,5.604166666666667,0,0,96
2024,159548,24.57166656013578,0.33333333333333337,8.739583333333334,0,4,96
2025,159586,8.66666704416275,0.0,5.7368421052631575,1,0,38
2026,159641,15.866666190326214,0.036363636363636376,7.0181818181818185,1,1,55
2027,159722,17.20666678994894,0.1728395061728395,8.024691358024691,1,3,81
2028,159818,62.56833355128765,0.0625,6.260416666666667,0,2,96
2029,159904,36.00333371758461,0.046511627906976716,6.953488372093023,1,0,86
2030,160000,35.309999495744705,0.1875,9.625,0,5,96
2031,160096,68.10000088810921,0.02083333333333337,6.125,0,0,96
2032,160192,1.193332863971591,0.5104166666666667,10.291666666666666,0,3,96
2033,160268,34.92000004649162,0.02631578947368418,6.0,1,0,76
2034,160348,35.843334406614304,0.03749999999999998,6.05,1,0,80
2035,160414,-3.5916659981012344,0.303030303030303,10.015151515151516,1,2,66
2036,160474,10.178334108553827,0.21666666666666667,6.316666666666666,1,1,60
2037,160570,45.83000089228153,0.04166666666666663,6.25,1,0,96
2038,160622,15.914999142289162,0.11538461538461542,4.326923076923077,1,1,52
2039,160662,7.9683337062597275,0.050000000000000044,5.875,1,0,40
2040,160758,67.02166695892811,0.04166666666666663,6.114583333333333,0,0,96
2041,160802,0.4433339834213257,0.25,6.090909090909091,1,2,44
2042,160860,15.011666879057884,0.12068965517241381,6.5,1,0,58
2043,160956,41.08666750788689,0.21875,7.583333333333333,0,4,96
2044,161017,7.958333149552345,0.16393442622950816,7.688524590163935,1,4,61
2045,161113,40.47333375364542,0.20833333333333337,8.541666666666666,0,1,96
2046,161209,62.27833276987076,0.0625,6.760416666666667,0,0,96
2047,161263,22.29000025987625,0.0,5.111111111111111,1,0,54
2048,161359,48.5483333170414,0.13541666666666663,8.322916666666666,0,0,96
2049,161455,60.87500052154064,0.08333333333333337,6.40625,0,0,96
2050,161551,48.93000096734613,0.13541666666666663,8.125,0,1,96
2051,161639,35.02000080700964,0.06818181818181823,6.886363636363637,1,1,88
2052,161735,71.2250005370006,0.01041666666666663,5.46875,0,1,96
2053,161785,18.56333301961422,0.020000000000000018,4.88,1,0,50
2054,161881,54.191667071543634,0.11458333333333337,7.302083333333333,0,1,96
2055,161977,53.956666842103004,0.15625,6.208333333333333,0,2,96
2056,162014,5.205000072717667,0.05405405405405406,5.918918918918919,1,0,37
2057,162110,42.29500079154968,0.08333333333333337,5.84375,1,3,96
2058,162202,40.733332216739655,0.06521739130434778,6.369565217391305,1,0,92
2059,162238,-2.5899998247623444,0.2222222222222222,6.833333333333333,1,0,36
2060,162334,40.43500021006912,0.25,7.09375,0,2,96
2061,162377,3.911666989326477,0.2093023255813954,5.4186046511627906,1,0,43
2062,162454,25.196666285395622,0.1298701298701299,6.64935064935065,1,0,77
2063,162550,65.57999949157238,0.07291666666666663,5.5625,0,0,96
2064,162636,29.239999555051327,0.09302325581395354,7.604651162790698,1,1,86
2065,162700,26.45500011742115,0.015625,5.953125,1,0,64
2066,162739,6.869999960064888,0.10256410256410253,4.923076923076923,1,0,39
2067,162794,19.62500062584877,0.054545454545454564,5.290909090909091,1,0,55
2068,162866,27.416665464639664,0.08333333333333337,5.861111111111111,1,0,72
2069,162921,-16.25666680932045,0.5454545454545454,8.472727272727273,1,2,55
2070,162968,-11.534999083727598,0.44680851063829785,7.9787234042553195,1,2,47
2071,163016,11.30166706442833,0.08333333333333337,6.229166666666667,1,0,48
2072,163112,67.88166643679142,0.0625,5.427083333333333,0,0,96
2073,163149,5.035000517964363,0.10810810810810811,5.108108108108108,1,0,37
2074,163216,10.788333043456078,0.35820895522388063,4.313432835820896,1,0,67
2075,163267,-13.261666991747916,0.5294117647058824,7.196078431372549,1,2,51
2076,163319,1.0883335620164871,0.2692307692307693,7.634615384615385,1,0,52
2077,163415,49.81833291053772,0.16666666666666663,7.072916666666667,0,2,96
2078,163458,3.229999989271164,0.2093023255813954,6.0,1,0,43
2079,163502,9.768333613872528,0.045454545454545414,6.568181818181818,1,0,44
2080,163546,2.57999986410141,0.20454545454545459,6.681818181818182,1,0,44
2081,163642,53.26333313342184,0.09375,7.916666666666667,0,1,96
2082,163677,7.5883331298828125,0.0,5.0,1,0,35
2083,163718,8.578333362936974,0.024390243902439046,6.463414634146342,1,0,41
2084,163810,40.72166728973389,0.04347826086956519,6.836956521739131,1,0,92
2085,163906,53.73666678369045,0.125,7.333333333333333,0,0,96
2086,163971,16.55833373963833,0.18461538461538463,5.553846153846154,1,1,65
2087,164067,58.39666689932346,0.09375,6.583333333333333,0,1,96
2088,164163,56.56833355128765,0.13541666666666663,6.385416666666667,0,0,96
2089,164259,40.8633334254846,0.1875,8.729166666666666,0,1,96
2090,164355,33.75499988347292,0.3125,7.21875,0,4,96
2091,164409,18.30000016093254,0.03703703703703709,6.0,1,0,54
2092,164455,-3.9133339524269104,0.30434782608695654,8.0,1,0,46
2093,164551,72.30166789889336,0.03125,4.989583333333333,0,0,96
2094,164647,48.4999997317791,0.1875,6.875,0,2,96
2095,164721,19.095000139437616,0.16216216216216217,7.013513513513513,1,1,74
2096,164808,24.008333042263985,0.1839080459770115,7.183908045977011,1,0,87
2097,164904,39.75333309173584,0.23958333333333337,7.916666666666667,0,0,96
2098,165000,55.27333335950971,0.14583333333333337,6.354166666666667,0,1,96
2099,165096,23.3933331919834,0.36458333333333337,8.291666666666666,0,4,96
2100,165192,45.2799998447299,0.21875,6.4375,0,5,96
2101,165288,36.33666630089283,0.28125,7.645833333333333,0,1,96
2102,165355,22.986666336655617,0.07462686567164178,6.567164179104478,1,0,67
2103,165408,16.944999277591705,0.018867924528301883,6.735849056603773,1,0,53
2104,165502,16.591666815802455,0.24468085106382975,8.095744680851064,1,2,94
2105,165598,62.550000965595245,0.0625,6.5,0,0,96
2106,165694,41.08500072360039,0.19791666666666663,8.59375,0,1,96
2107,165786,25.099999241530895,0.10869565217391308,9.065217391304348,1,1,92
2108,165862,27.436667740345,0.10526315789473684,6.2631578947368425,1,0,76
2109,165928,16.545000582933426,0.21212121212121215,5.5,1,0,66
2110,166024,62.79166752099991,0.08333333333333337,6.114583333333333,0,0,96
2111,166057,-0.8599997460842133,0.18181818181818177,5.636363636363637,1,0,33
2112,166102,13.650000095367432,0.0,6.0,1,0,45
2113,166198,67.53000055253506,0.0625,5.375,0,0,96
2114,166238,11.646666765213013,0.0,5.0,1,0,40
2115,166322,44.02000004053116,0.023809523809523836,5.0,1,0,84
2116,166418,34.20499989390373,0.34375,6.71875,0,1,96
2117,166456,8.28000020980835,0.0,6.0,1,0,38
2118,166552,29.523332968354225,0.35416666666666663,7.604166666666667,0,1,96
2119,166636,26.948333606123924,0.16666666666666663,6.369047619047619,1,0,84
2120,166732,54.313333094120026,0.11458333333333337,7.416666666666667,0,0,96
2121,166810,34.85999998450279,0.038461538461538436,6.0,1,0,78
2122,166906,54.86833383142948,0.1875,5.697916666666667,0,0,96
2123,167002,43.713333278894424,0.21875,7.291666666666667,0,1,96
2124,167077,19.204999938607216,0.16000000000000003,7.32,1,0,75
2125,167141,19.34833236038685,0.203125,4.328125,1,0,64
2126,167231,22.971666797995567,0.2222222222222222,6.988888888888889,1,0,90
2127,167327,50.766666531562805,0.125,7.958333333333333,0,0,96
2128,167387,13.645000628195703,0.1166666666666667,7.05,1,1,60
2129,167457,18.896665289998055,0.1428571428571429,7.057142857142857,1,0,70
2130,167516,18.755000039935112,0.0847457627118644,5.9491525423728815,1,1,59
2131,167578,12.293333522044122,0.14516129032258063,7.516129032258065,1,1,62
2132,167674,39.593333444558084,0.26041666666666663,7.166666666666667,0,3,96
2133,167770,54.743333250284195,0.1875,5.479166666666667,0,0,96
2134,167866,41.1583327203989,0.22916666666666663,7.697916666666667,0,2,96
2135,167962,54.86333338916302,0.15625,6.291666666666667,0,0,96
2136,168058,20.600000805221498,0.40625,8.375,0,2,96
2137,168095,4.453333497047424,0.05405405405405406,6.756756756756757,1,0,37
2138,168191,43.07333354651928,0.20833333333333337,8.104166666666666,0,0,96
2139,168287,58.926666758954525,0.02083333333333337,8.083333333333334,0,2,96
2140,168335,4.333333045244217,0.1875,7.083333333333333,1,0,48
2141,168391,10.928332179784775,0.1428571428571429,6.875,1,1,56
2142,168436,2.6949997395277023,0.24444444444444446,5.8,1,0,45
2143,168524,14.89000053703785,0.23863636363636365,8.386363636363637,1,0,88
2144,168593,3.5250004893168807,0.26086956521739135,8.91304347826087,1,2,69
2145,168689,58.788332558237016,0.0625,7.260416666666667,0,1,96
2146,168775,33.08833432197571,0.09302325581395354,6.709302325581396,1,0,86
2147,168871,42.651666451245546,0.23958333333333337,6.989583333333333,0,2,96
2148,168967,57.58666728436947,0.10416666666666663,6.645833333333333,0,1,96
2149,169009,7.301666095852852,0.0714285714285714,6.404761904761905,1,0,42
2150,169105,69.60166621208191,0.01041666666666663,6.302083333333333,0,0,96
2151,169172,25.008333548903465,0.05970149253731338,6.373134328358209,1,0,67
2152,169231,17.958333268761635,0.10169491525423724,5.813559322033898,1,0,59
2153,169265,-9.98499969765544,0.3529411764705882,7.323529411764706,1,2,34
2154,169299,-1.148333489894867,0.17647058823529416,6.323529411764706,1,0,34
2155,169395,51.726666897535324,0.15625,7.020833333333333,0,0,96
2156,169442,11.376667067408562,0.06382978723404253,6.170212765957447,1,0,47
2157,169538,49.34666687250137,0.125,8.083333333333334,0,2,96
2158,169577,9.190000057220459,0.0,6.0,1,0,39
2159,169673,71.92500066757202,0.03125,5.03125,0,0,96
2160,169769,27.731666973792017,0.35416666666666663,7.489583333333333,0,5,96
2161,169845,11.44333367049694,0.21052631578947367,8.421052631578947,1,2,76
2162,169941,58.60500019788742,0.0625,7.59375,0,0,96
2163,170037,62.43333415687084,0.10416666666666663,5.791666666666667,0,0,96
2164,170078,-13.398332715034485,0.41463414634146345,9.926829268292684,1,0,41
2165,170174,42.510000225156546,0.19791666666666663,7.75,0,4,96
2166,170270,32.41166653390974,0.22916666666666663,9.739583333333334,0,2,96
2167,170336,25.181666761636734,0.030303030303030276,6.621212121212121,1,0,66
2168,170415,25.743333131074905,0.15189873417721522,5.594936708860759,1,3,79
2169,170482,24.19333389401436,0.07462686567164178,5.880597014925373,1,1,67
2170,170522,-1.7849998623132706,0.22499999999999998,6.375,1,3,40
2171,170594,1.1566660022363067,0.29166666666666663,9.11111111111111,1,2,72
2172,170690,12.355000419542193,0.5104166666666667,7.59375,0,5,96
2173,170786,35.31999917328358,0.27083333333333337,8.1875,0,1,96
2174,170835,10.366667553782463,0.08163265306122447,6.8979591836734695,1,0,49
2175,170931,51.88166615366936,0.15625,6.927083333333333,0,1,96
2176,171027,70.81500147283077,0.01041666666666663,5.71875,0,0,96
2177,171123,55.720000613480806,0.13541666666666663,6.0625,0,2,96
2178,171197,15.290001234970987,0.22972972972972971,6.405405405405405,1,2,74
2179,171258,22.901667326688766,0.032786885245901676,5.885245901639344,1,0,61
2180,171318,27.240000009536743,0.0,5.0,1,0,60
2181,171378,7.500000059604645,0.19999999999999996,7.6,1,1,60
2182,171469,39.58000074326992,0.09890109890109888,5.604395604395604,1,0,91
2183,171543,-6.806665942072868,0.43243243243243246,8.972972972972974,1,0,74
2184,171612,22.50166667997837,0.10144927536231885,6.507246376811594,1,0,69
2185,171656,-5.768332310952246,0.2954545454545454,8.568181818181818,1,1,44
2186,171752,54.33666688203812,0.11458333333333337,6.958333333333333,0,3,96
2187,171848,37.02500033006072,0.29166666666666663,7.15625,0,3,96
2188,171895,4.753334179520607,0.21276595744680848,5.446808510638298,1,2,47
2189,171991,51.32000012695789,0.17708333333333337,6.75,0,0,96
2190,172087,57.71999904513359,0.09375,7.125,0,0,96
2191,172141,6.350000113248825,0.16666666666666663,7.777777777777778,1,1,54
2192,172235,12.441666796803474,0.3191489361702128,7.5212765957446805,1,2,94
2193,172287,15.320000022649765,0.038461538461538436,6.346153846153846,1,0,52
2194,172383,55.32833389937878,0.13541666666666663,6.322916666666667,0,2,96
2195,172445,21.321667850017548,0.09677419354838712,5.596774193548387,1,0,62
2196,172500,12.246666878461838,0.1454545454545455,6.1454545454545455,1,0,55
2197,172596,39.88166706915945,0.20833333333333337,8.552083333333334,0,1,96
2198,172692,46.82166559994221,0.19791666666666663,7.177083333333333,0,1,96
2199,172775,35.56166775524616,0.08433734939759041,5.771084337349397,1,0,83
2200,172843,30.380000218749046,0.014705882352941124,5.823529411764706,1,0,68
2201,172939,56.78833386301994,0.11458333333333337,6.260416666666667,0,3,96
2202,172978,-13.424999698996544,0.6153846153846154,5.153846153846154,1,0,39
2203,173021,13.801666378974915,0.0,5.0,1,0,43
2204,173117,41.765000156126916,0.21875,7.53125,0,4,96
2205,173193,9.635000050067902,0.2763157894736842,7.855263157894737,1,0,76
2206,173260,1.976666271686554,0.29850746268656714,8.447761194029852,1,1,67
2207,173346,17.733332842588425,0.22093023255813948,7.8604651162790695,1,0,86
2208,173379,4.904999539256096,0.030303030303030276,5.0,1,0,33
2209,173415,-5.923332534730434,0.3055555555555556,6.722222222222222,1,1,36
2210,173511,58.12000008672476,0.09375,6.8125,0,1,96
2211,173607,62.2816663980484,0.0625,6.802083333333333,0,0,96
2212,173640,3.015000343322754,0.0,7.0,1,0,33
2213,173736,65.26000119745731,0.10416666666666663,5.0625,0,0,96
2214,173783,14.768334209918976,0.04255319148936165,5.0,1,0,47
2215,173856,0.6533336192369461,0.4246575342465754,6.465753424657534,1,1,73
2216,173914,15.223333790898323,0.12068965517241381,6.172413793103448,1,1,58
2217,173987,24.685000523924828,0.15068493150684936,5.63013698630137,1,0,73
2218,174083,46.3883334165439,0.17708333333333337,7.510416666666667,0,2,96
2219,174179,44.560000851750374,0.25,6.8125,0,0,96
2220,174275,45.16000034566969,0.21875,6.9375,0,2,96
2221,174371,59.750000819563866,0.125,5.875,0,0,96
2222,174424,5.778333514928818,0.18867924528301883,7.264150943396227,1,1,53
2223,174505,31.50000061094761,0.0864197530864198,6.37037037037037,1,0,81
2224,174596,30.798334687948227,0.17582417582417587,6.208791208791209,1,0,91
2225,174686,46.026666045188904,0.0,6.355555555555555,1,0,90
2226,174738,8.705000579357147,0.13461538461538458,7.326923076923077,1,0,52
2227,174834,47.81333355605602,0.19791666666666663,6.479166666666667,0,4,96
2228,174930,42.08166688680649,0.25,6.864583333333333,0,2,96
2229,174989,9.026667207479477,0.23728813559322037,6.237288135593221,1,0,59
2230,175024,-13.141666114330292,0.37142857142857144,9.628571428571428,1,1,35
2231,175120,69.80166797339916,0.02083333333333337,5.677083333333333,0,0,96
2232,175216,59.595000579953194,0.14583333333333337,5.21875,0,1,96
2233,175312,67.77666673064232,0.02083333333333337,6.208333333333333,0,0,96
2234,175408,60.474999859929085,0.09375,6.28125,0,1,96
2235,175449,-3.8350005745887756,0.2195121951219512,9.0,1,0,41
2236,175545,56.82999982312322,0.14583333333333337,5.875,0,1,96
2237,175641,69.02500070631504,0.05208333333333337,5.28125,0,0,96
2238,175737,37.56500001903623,0.26041666666666663,7.84375,0,1,96
2239,175833,66.07666642963886,0.04166666666666663,6.270833333333333,0,0,96
2240,175877,-5.968333274126053,0.34090909090909094,7.886363636363637,1,0,44
2241,175973,48.96833370625973,0.19791666666666663,6.697916666666667,0,1,96
2242,176056,41.078334122896194,0.03614457831325302,5.36144578313253,1,0,83
2243,176152,45.629999563097954,0.1875,7.375,0,3,96
2244,176228,13.025000772438943,0.23684210526315785,7.302631578947368,1,1,76
2245,176285,22.61833268404007,0.03508771929824561,4.964912280701754,1,0,57
2246,176336,-1.008332833647728,0.21568627450980393,9.509803921568627,1,0,51
2247,176432,54.34166657924652,0.125,6.927083333333333,0,1,96
2248,176470,8.396666467189789,0.0,5.894736842105263,1,0,38
2249,176566,54.94666673243046,0.13541666666666663,6.458333333333333,0,1,96
2250,176662,71.3066675812006,0.03125,5.270833333333333,0,0,96
2251,176695,-3.7399998754262924,0.18181818181818177,7.636363636363637,1,0,33
2252,176791,47.69833276420832,0.19791666666666663,6.822916666666667,0,2,96
2253,176887,64.01333425939083,0.07291666666666663,5.979166666666667,0,0,96
2254,176983,61.628332793712616,0.0625,6.760416666666667,0,1,96
2255,177034,-5.295000404119492,0.2941176470588235,9.823529411764707,1,0,51
2256,177091,18.328334197402,0.052631578947368474,6.12280701754386,1,1,57
2257,177183,20.72333214059472,0.2282608695652174,7.543478260869565,1,1,92
2258,177279,36.173333659768105,0.30208333333333337,7.479166666666667,0,0,96
2259,177336,6.573333576321602,0.26315789473684215,6.385964912280702,1,0,57
2260,177432,64.24500097334385,0.0625,6.28125,0,0,96
2261,177528,52.193334363400936,0.14583333333333337,6.916666666666667,0,1,96
2262,177624,45.684999361634254,0.22916666666666663,6.84375,0,1,96
2263,177720,59.508332550525665,0.08333333333333337,6.822916666666667,0,0,96
2264,177816,57.911666825413704,0.15625,5.427083333333333,0,1,96
2265,177880,29.634999305009842,0.03125,4.546875,1,0,64
2266,177976,61.073332726955414,0.08333333333333337,6.541666666666667,0,0,96
2267,178072,31.706666946411133,0.34375,7.145833333333333,0,2,96
2268,178139,27.010000228881836,0.04477611940298509,6.0,1,0,67
2269,178183,12.580000400543213,0.022727272727272707,5.590909090909091,1,0,44
2270,178227,14.53333294391632,0.0,5.0,1,0,44
2271,178323,62.863331973552704,0.05208333333333337,6.916666666666667,0,0,96
2272,178362,5.3766670525074005,0.07692307692307687,6.205128205128205,1,0,39
2273,178449,34.69333291053772,0.09195402298850575,6.390804597701149,1,0,87
2274,178539,33.73999896645546,0.0444444444444444,8.266666666666667,1,0,90
2275,178635,30.130000233650208,0.32291666666666663,8.375,0,1,96
2276,178731,51.38166718184948,0.16666666666666663,6.614583333333333,0,2,96
2277,178827,56.95666715502739,0.11458333333333337,6.645833333333333,0,1,96
2278,178923,52.839999843388796,0.15625,6.5,0,1,96
2279,179010,39.95166727900505,0.08045977011494254,5.2988505747126435,1,0,87
2280,179075,14.948334440588951,0.18461538461538463,6.015384615384615,1,1,65
2281,179171,41.71333373337984,0.27083333333333337,6.541666666666667,0,1,96
2282,179267,42.979999750852585,0.19791666666666663,8.25,0,0,96
2283,179363,60.691666185855865,0.0625,7.052083333333333,0,0,96
2284,179447,43.06000109016895,0.0357142857142857,5.0,1,0,84
2285,179543,48.500000193715096,0.1875,6.9375,0,1,96
2286,179584,8.181666940450668,0.07317073170731703,5.682926829268292,1,0,41
2287,179680,52.116666331887245,0.17708333333333337,6.270833333333333,0,2,96
2288,179756,12.628334194421768,0.25,7.197368421052632,1,1,76
2289,179792,-24.163333737291396,0.6666666666666667,9.88888888888889,1,1,36
2290,179865,29.10666650533676,0.04109589041095896,6.767123287671233,1,0,73
2291,179952,22.204999721609056,0.12643678160919536,8.724137931034482,1,2,87
2292,180029,34.24166612327099,0.051948051948051965,5.675324675324675,1,0,77
2293,180100,6.656667128205299,0.22535211267605637,8.901408450704226,1,1,71
2294,180190,26.421667001210153,0.09999999999999998,8.455555555555556,1,2,90
2295,180232,5.154999345541,0.0714285714285714,7.5,1,0,42
2296,180317,14.224999278783798,0.21176470588235297,8.788235294117648,1,1,85
2297,180387,28.813333094120026,0.02857142857142858,6.485714285714286,1,0,70
2298,180427,8.791666328907013,0.07499999999999996,4.775,1,0,40
2299,180471,11.371666550636292,0.022727272727272707,6.25,1,0,44
2300,180527,19.421667337417603,0.017857142857142905,6.410714285714286,1,0,56
2301,180620,31.873333871364594,0.15053763440860213,6.688172043010753,1,0,93
2302,180716,47.928332976065576,0.17708333333333337,7.072916666666667,0,2,96
2303,180812,57.743332251906395,0.08333333333333337,7.291666666666667,0,1,96
2304,180908,44.18666571378708,0.1875,8.145833333333334,0,0,96
2305,180951,4.281666986644268,0.11627906976744184,6.813953488372093,1,2,43
2306,181047,37.083333879709244,0.3125,6.729166666666667,0,1,96
2307,181143,46.53166624903679,0.17708333333333337,7.677083333333333,0,0,96
2308,181199,13.96000000834465,0.1428571428571429,6.0,1,0,56
2309,181230,-11.253333374857903,0.3870967741935484,7.225806451612903,1,1,31
2310,181312,12.561666045337915,0.2195121951219512,8.621951219512194,1,2,82
2311,181408,63.208333522081375,0.09375,5.885416666666667,0,0,96
2312,181491,33.50666633248329,0.07228915662650603,6.530120481927711,1,0,83
2313,181534,-0.2533327452838421,0.18604651162790697,7.441860465116279,1,2,43
2314,181588,17.479999989271164,0.05555555555555558,6.0,1,0,54
2315,181684,50.013333186507225,0.15625,7.479166666666667,0,0,96
2316,181780,67.00666742026806,0.07291666666666663,5.270833333333333,0,0,96
2317,181828,8.210000976920128,0.08333333333333337,6.75,1,3,48
2318,181924,47.15166682749987,0.1875,7.052083333333333,0,2,96
2319,181993,32.13833448290825,0.02898550724637683,4.971014492753623,1,0,69
2320,182089,51.88333289325237,0.15625,6.979166666666667,0,0,96
2321,182164,-0.8500003032386303,0.3866666666666667,7.84,1,3,75
2322,182207,-6.80666630063206,0.2790697674418605,9.023255813953488,1,2,43
2323,182303,48.23499996215105,0.16666666666666663,7.46875,0,1,96
2324,182380,40.498333275318146,0.0,5.0,1,0,77
2325,182442,25.931667372584343,0.048387096774193505,4.919354838709677,1,0,62
2326,182538,55.370000064373016,0.14583333333333337,6.5625,0,0,96
2327,182634,37.49000019207597,0.26041666666666663,7.625,0,2,96
2328,182680,9.288334026932716,0.10869565217391308,5.891304347826087,1,0,46
2329,182743,25.616667360067368,0.015873015873015928,5.841269841269841,1,0,63
2330,182839,64.41500036418438,0.10416666666666663,5.15625,0,1,96
2331,182881,0.5083329677581787,0.19047619047619047,7.4523809523809526,1,0,42
2332,182977,53.151667177677155,0.125,7.114583333333333,0,2,96
2333,183013,-2.2700003534555435,0.2222222222222222,6.666666666666667,1,0,36
2334,183109,39.96999995410442,0.25,7.5625,0,1,96
2335,183205,56.24833397567272,0.15625,6.072916666666667,0,0,96
2336,183272,11.16499886289239,0.22388059701492535,6.940298507462686,1,1,67
2337,183368,55.86000047624111,0.125,6.6875,0,0,96
2338,183429,-3.1616676449775696,0.39344262295081966,7.786885245901639,1,0,61
2339,183464,-10.246667012572289,0.37142857142857144,8.0,1,0,35
2340,183560,53.34666751977056,0.16666666666666663,6.270833333333333,0,1,96
2341,183648,31.518333843909204,0.11363636363636365,6.693181818181818,1,1,88
2342,183734,6.098334829322994,0.3023255813953488,8.662790697674419,1,3,86
2343,183797,26.300000354647636,0.04761904761904767,5.142857142857143,1,0,63
2344,183833,3.5300003588199615,0.02777777777777779,7.0,1,1,36
2345,183905,23.801666289567947,0.09722222222222221,6.902777777777778,1,0,72
2346,184001,52.49000024795532,0.16666666666666663,6.5625,0,1,96
2347,184034,-1.7416661530733109,0.18181818181818177,6.212121212121212,1,0,33
2348,184130,34.395000010728836,0.30208333333333337,7.34375,0,3,96
2349,184169,6.890000104904175,0.02564102564102566,6.769230769230769,1,0,39
2350,184265,53.00166741386056,0.1875,5.739583333333333,0,2,96
2351,184302,-6.73499995470047,0.3513513513513513,6.72972972972973,1,0,37
2352,184334,-1.0816670507192612,0.15625,5.84375,1,0,32
2353,184430,71.30000084638596,0.03125,5.25,0,0,96
2354,184526,34.13333378266543,0.28125,7.666666666666667,0,5,96
2355,184622,35.23666670080274,0.30208333333333337,7.520833333333333,0,1,96
2356,184718,52.38499914109707,0.14583333333333337,6.78125,0,3,96
2357,184752,-5.888333842158318,0.2647058823529411,7.029411764705882,1,1,34
2358,184848,45.834999710321426,0.20833333333333337,7.34375,0,0,96
2359,184919,20.67333322763443,0.11267605633802813,7.154929577464789,1,1,71
2360,185014,28.36666740477085,0.2421052631578947,5.894736842105263,1,0,95
2361,185110,63.61166687309742,0.07291666666666663,6.052083333333333,0,0,96
2362,185206,38.39333378430456,0.26041666666666663,7.354166666666667,0,4,96
2363,185257,0.2616666406393051,0.27450980392156865,7.2745098039215685,1,1,51
2364,185296,7.725000083446503,0.02564102564102566,5.923076923076923,1,0,39
2365,185392,55.07499939203262,0.125,6.96875,0,0,96
2366,185488,74.35500147938728,0.01041666666666663,5.09375,0,0,96
2367,185584,56.79333309829235,0.125,6.541666666666667,0,0,96
2368,185622,-4.006665617227554,0.23684210526315785,7.526315789473684,1,1,38
2369,185667,12.641666531562805,0.06666666666666665,4.911111111111111,1,0,45
2370,185763,47.95666714012623,0.20833333333333337,6.833333333333333,0,0,96
2371,185858,38.37166701257229,0.11578947368421055,6.11578947368421,1,0,95
2372,185913,18.38833422958851,0.054545454545454564,5.8,1,0,55
2373,185951,-5.096666395664215,0.21052631578947367,9.263157894736842,1,0,38
2374,186032,40.03500093519688,0.024691358024691357,5.444444444444445,1,0,81
2375,186128,52.083333134651184,0.13541666666666663,7.479166666666667,0,0,96
2376,186211,30.83166678249836,0.1325301204819277,5.9156626506024095,1,1,83
2377,186280,24.263334184885025,0.05797101449275366,6.840579710144928,1,0,69
2378,186376,55.39833280444145,0.09375,7.635416666666667,0,0,96
2379,186472,52.96999986842275,0.13541666666666663,6.6875,0,4,96
2380,186546,27.308332443237305,0.1351351351351351,5.202702702702703,1,0,74
2381,186633,25.858333483338356,0.2068965517241379,6.149425287356322,1,0,87
2382,186687,13.758333526551723,0.09259259259259256,6.2407407407407405,1,1,54
2383,186748,19.80166657269001,0.08196721311475408,6.180327868852459,1,0,61
2384,186781,-3.89499868452549,0.303030303030303,5.0,1,0,33
2385,186877,42.74333333969116,0.23958333333333337,6.979166666666667,0,2,96
2386,186973,31.10666596889496,0.29166666666666663,8.895833333333334,0,0,96
2387,187012,7.8716670870780945,0.02564102564102566,5.82051282051282,1,0,39
2388,187091,24.936666578054428,0.12658227848101267,7.012658227848101,1,0,79
2389,187187,65.11166721582413,0.07291666666666663,5.489583333333333,0,1,96
2390,187283,36.26499968767166,0.23958333333333337,8.65625,0,1,96
2391,187353,30.355000913143158,0.042857142857142816,5.5285714285714285,1,0,70
2392,187449,47.00000020861626,0.16666666666666663,7.6875,0,1,96
2393,187505,6.308332860469818,0.1964285714285714,7.303571428571429,1,2,56
2394,187544,-15.236666494049132,0.5128205128205128,7.641025641025641,1,2,39
2395,187640,58.633333436213434,0.09375,6.729166666666667,0,1,96
2396,187709,17.76500003039837,0.1159420289855072,7.782608695652174,1,0,69
2397,187798,35.07000067830086,0.0561797752808989,7.415730337078652,1,0,89
2398,187894,54.11333368718624,0.125,7.041666666666667,0,0,96
2399,187944,14.135000318288803,0.040000000000000036,6.3,1,0,50
2400,188040,56.84333372116089,0.08333333333333337,7.104166666666667,0,2,96
2401,188084,-1.531666406430304,0.20454545454545459,8.204545454545455,1,2,44
2402,188180,57.476666793227196,0.16666666666666663,5.395833333333333,0,0,96
2403,188276,45.394999648444355,0.17708333333333337,7.53125,0,4,96
2404,188372,41.680000472813845,0.26041666666666663,6.875,0,1,96
2405,188402,-2.8616663366556168,0.19999999999999996,4.833333333333333,1,1,30
2406,188489,11.11166628357023,0.29885057471264365,7.712643678160919,1,1,87
2407,188585,31.064999557100236,0.3125,8.15625,0,1,96
2408,188681,37.593334168195724,0.32291666666666663,6.541666666666667,0,1,96
2409,188762,6.335000804625452,0.23456790123456794,9.88888888888889,1,2,81
2410,188858,64.930000603199,0.09375,5.25,0,1,96
2411,188954,42.82333415746689,0.26041666666666663,6.291666666666667,0,4,96
2412,189007,6.515000317245722,0.16981132075471694,7.188679245283019,1,2,53
2413,189080,15.248333483934402,0.17808219178082196,7.739726027397261,1,0,73
2414,189162,28.398333779536188,0.12195121951219512,6.524390243902439,1,1,82
2415,189251,28.398333564400673,0.1910112359550562,6.01123595505618,1,1,89
2416,189315,20.103333801031113,0.109375,6.25,1,0,64
2417,189411,44.08999974280596,0.16666666666666663,8.1875,0,2,96
2418,189458,4.4733332842588425,0.19148936170212771,6.723404255319149,1,0,47
2419,189491,0.1800001859664917,0.1515151515151515,5.636363636363637,1,0,33
2420,189587,49.13833396881819,0.19791666666666663,6.260416666666667,0,2,96
2421,189634,-17.066665917634964,0.5957446808510638,7.74468085106383,1,1,47
2422,189668,-3.8083324432373047,0.2941176470588235,5.4411764705882355,1,0,34
2423,189695,-7.199999451637268,0.2962962962962963,4.888888888888889,1,1,27
2424,189791,64.10166722536087,0.11458333333333337,4.864583333333333,0,1,96
2425,189837,0.4100010581314564,0.23913043478260865,6.782608695652174,1,1,46
2426,189933,38.20166679378599,0.28125,6.927083333333333,0,3,96
2427,190029,38.84333340078592,0.28125,7.104166666666667,0,2,96
2428,190119,40.51833364367485,0.06666666666666665,5.944444444444445,1,1,90
2429,190215,54.135000213980675,0.16666666666666663,6.21875,0,0,96
2430,190249,6.716666281223297,0.0,5.0,1,0,34
2431,190285,-2.891666501760483,0.2222222222222222,7.027777777777778,1,0,36
2432,190348,17.321666792035103,0.06349206349206349,7.698412698412699,1,1,63
2433,190444,43.0050001507625,0.22916666666666663,7.15625,0,2,96
2434,190492,2.858333170413971,0.14583333333333337,8.770833333333334,1,0,48
2435,190583,27.81500048097223,0.1648351648351648,7.087912087912088,1,1,91
2436,190621,-6.658332481980324,0.26315789473684215,8.81578947368421,1,0,38
2437,190717,52.183333814144135,0.13541666666666663,7.291666666666667,0,0,96
2438,190813,48.609999507665634,0.19791666666666663,6.9375,0,0,96
2439,190909,71.17833399772644,0.0,5.885416666666667,0,0,96
2440,191005,63.13833370804787,0.10416666666666663,5.572916666666667,0,0,96
2441,191061,16.82833355665207,0.0892857142857143,5.803571428571429,1,0,56
2442,191106,-3.628333806991577,0.28888888888888886,7.977777777777778,1,0,45
2443,191202,57.198333621025085,0.09375,7.072916666666667,0,0,96
2444,191268,13.963332876563072,0.19696969696969702,6.696969696969697,1,0,66
2445,191357,40.63000005483627,0.0674157303370787,6.0,1,0,89
2446,191400,13.86166650056839,0.0,5.0,1,0,43
2447,191468,32.68666695058346,0.014705882352941124,4.970588235294118,1,0,68
2448,191532,23.68500119447708,0.046875,6.140625,1,0,64
2449,191582,-1.0099997157230973,0.28,7.56,1,1,50
2450,191637,13.496666476130486,0.12727272727272732,5.818181818181818,1,1,55
2451,191733,64.80500024557114,0.04166666666666663,6.40625,0,1,96
2452,191788,12.55833400785923,0.18181818181818177,5.363636363636363,1,0,55
2453,191872,15.666667267680168,0.23809523809523814,7.809523809523809,1,0,84
2454,191938,24.665000021457672,0.015151515151515138,6.954545454545454,1,0,66
2455,192034,61.24333244562149,0.08333333333333337,6.604166666666667,0,0,96
2456,192068,5.466666325926781,0.02941176470588236,4.823529411764706,1,1,34
2457,192126,2.8916663825511932,0.2586206896551724,8.155172413793103,1,0,58
2458,192222,66.73000061511993,0.03125,6.125,0,0,96
2459,192266,12.313333988189697,0.0,5.954545454545454,1,0,44
2460,192362,49.490000173449516,0.15625,7.25,0,2,96
2461,192447,29.848334677517414,0.10588235294117643,6.788235294117647,1,1,85
2462,192543,56.79000011086464,0.125,6.25,0,2,96
2463,192639,66.4933325946331,0.03125,6.416666666666667,0,0,96
2464,192735,55.64666609466076,0.11458333333333337,6.645833333333333,0,2,96
2465,192808,19.480000466108322,0.136986301369863,7.1506849315068495,1,2,73
2466,192898,34.931667014956474,0.12222222222222223,5.9222222222222225,1,1,90
2467,192994,41.17333351075649,0.22916666666666663,7.979166666666667,0,0,96
2468,193028,4.3266671150922775,0.05882352941176472,5.352941176470588,1,0,34
2469,193068,5.889999985694885,0.050000000000000044,6.9,1,0,40
2470,193119,15.201666235923767,0.05882352941176472,5.862745098039215,1,0,51
2471,193195,32.068334981799126,0.06578947368421051,5.5394736842105265,1,0,76
2472,193291,57.27000035345554,0.125,6.25,0,1,96
2473,193387,32.91666719317436,0.30208333333333337,7.395833333333333,0,4,96
2474,193483,57.0150002092123,0.125,6.53125,0,0,96
2475,193567,31.74499875307083,0.08333333333333337,6.892857142857143,1,0,84
2476,193663,51.826666340231895,0.125,7.520833333333333,0,2,96
2477,193739,31.70499974489212,0.02631578947368418,6.828947368421052,1,0,76
2478,193821,32.7666667252779,0.1097560975609756,5.512195121951219,1,2,82
2479,193917,53.58833388984203,0.15625,6.510416666666667,0,1,96
2480,193971,20.043333530426025,0.0,5.851851851851852,1,0,54
2481,194067,63.71333181858063,0.04166666666666663,6.979166666666667,0,0,96
2482,194163,42.32833310123533,0.20833333333333337,7.510416666666667,0,4,96
2483,194259,43.26000037044287,0.26041666666666663,5.9375,0,5,96
2484,194355,61.20333378016949,0.09375,6.104166666666667,0,0,96
2485,194449,39.91166666802019,0.06382978723404253,6.627659574468085,1,2,94
2486,194545,59.336666733026505,0.10416666666666663,6.458333333333333,0,0,96
2487,194627,28.929999381303787,0.08536585365853655,7.2439024390243905,1,0,82
2488,194708,31.395000338554382,0.04938271604938271,7.37037037037037,1,0,81
2489,194769,21.86333405971527,0.08196721311475408,5.377049180327869,1,0,61
2490,194824,18.011666744947433,0.054545454545454564,5.872727272727273,1,0,55
2491,194857,3.324999898672104,0.030303030303030276,5.909090909090909,1,0,33
2492,194931,11.843333057127893,0.21621621621621623,7.918918918918919,1,1,74
2493,195027,67.66333448886871,0.03125,5.979166666666667,0,0,96
2494,195123,38.30166658293456,0.21875,8.364583333333334,0,3,96
2495,195219,62.74166688323021,0.07291666666666663,6.364583333333333,0,0,96
2496,195304,35.80833366513252,0.07058823529411762,6.364705882352941,1,0,85
2497,195366,6.251667431555688,0.25806451612903225,7.145161290322581,1,1,62
2498,195462,48.613333374261856,0.15625,7.729166666666667,0,1,96
2499,195548,34.12666618824005,0.09302325581395354,6.5813953488372094,1,0,86
2500,195592,7.558334842324257,0.15909090909090906,5.068181818181818,1,0,44
2501,195675,38.456665337085724,0.0,6.963855421686747,1,0,83
2502,195762,36.73833346366882,0.08045977011494254,6.35632183908046,1,0,87
2503,195852,46.76833379268646,0.033333333333333326,5.211111111111111,1,0,90
2504,195948,54.24666686356068,0.125,7.020833333333333,0,1,96
2505,196044,66.96833391487598,0.05208333333333337,5.760416666666667,0,0,96
2506,196080,6.960000455379486,0.0,5.666666666666667,1,0,36
2507,196176,55.208332762122154,0.13541666666666663,6.510416666666667,0,1,96
2508,196220,0.4066671282052994,0.25,6.590909090909091,1,0,44
2509,196316,54.89500020444393,0.13541666666666663,6.59375,0,1,96
2510,196357,8.930000111460686,0.04878048780487809,5.853658536585366,1,0,41
2511,196425,26.375000476837158,0.044117647058823484,6.044117647058823,1,1,68
2512,196518,35.566666804254055,0.12903225806451613,6.21505376344086,1,1,93
2513,196614,48.85833369195461,0.13541666666666663,8.010416666666666,0,2,96
2514,196646,-6.201666057109833,0.3125,6.03125,1,0,32
2515,196740,15.151667356491089,0.276595744680851,7.585106382978723,1,3,94
2516,196836,59.465000078082085,0.10416666666666663,6.21875,0,1,96
2517,196932,41.2383336937055,0.23958333333333337,7.072916666666667,0,2,96
2518,197028,61.50000020861626,0.07291666666666663,6.5625,0,0,96
2519,197063,-0.716666042804718,0.1428571428571429,6.9714285714285715,1,0,35
2520,197159,61.478333085775375,0.08333333333333337,6.385416666666667,0,0,96
2521,197255,31.53166628535837,0.26041666666666663,8.864583333333334,0,4,96
2522,197351,57.31000070273876,0.15625,5.625,0,0,96
2523,197447,36.60333328321576,0.26041666666666663,7.604166666666667,0,5,96
2524,197504,5.245000183582306,0.19298245614035092,8.473684210526315,1,0,57
2525,197586,37.456666350364685,0.024390243902439046,6.2439024390243905,1,0,82
2526,197644,2.2549999868497252,0.2586206896551724,7.293103448275862,1,3,58
2527,197700,-0.4983327016234398,0.3214285714285714,6.946428571428571,1,2,56
2528,197759,26.248332917690277,0.0,5.0,1,0,59
2529,197855,41.87333349045366,0.20833333333333337,7.291666666666667,0,6,96
2530,197951,60.426666766405106,0.08333333333333337,6.583333333333333,0,1,96
2531,198005,13.085000336170197,0.14814814814814814,5.277777777777778,1,1,54
2532,198060,17.963333263993263,0.0,6.836363636363636,1,1,55
2533,198156,58.17833325266838,0.07291666666666663,7.510416666666667,0,0,96
2534,198252,51.015000090003014,0.17708333333333337,6.40625,0,2,96
2535,198302,0.9850006997585297,0.26,7.5,1,0,50
2536,198398,59.84333361685276,0.10416666666666663,6.229166666666667,0,0,96
2537,198494,67.32833315432072,0.05208333333333337,5.760416666666667,0,0,96
2538,198533,8.1533342897892,0.05128205128205132,4.871794871794871,1,1,39
2539,198569,0.23500044643878937,0.16666666666666663,6.25,1,0,36
2540,198621,7.350000515580177,0.21153846153846156,6.115384615384615,1,0,52
2541,198717,52.93500030040741,0.19791666666666663,5.84375,0,0,96
2542,198754,7.225000321865082,0.027027027027026973,5.594594594594595,1,0,37
2543,198837,27.220000490546227,0.14457831325301207,6.578313253012048,1,0,83
2544,198871,-6.4950002282857895,0.20588235294117652,9.264705882352942,1,0,34
2545,198967,32.40333316382021,0.27083333333333337,8.166666666666666,0,4,96
2546,199021,0.5399995446205139,0.20370370370370372,9.555555555555555,1,0,54
2547,199117,53.75833292957395,0.125,7.197916666666667,0,1,96
2548,199213,58.47333414852619,0.11458333333333337,6.166666666666667,0,2,96
2549,199265,16.851666629314423,0.019230769230769273,5.75,1,2,52
2550,199361,62.49333371222019,0.0625,6.416666666666667,0,0,96
2551,199457,54.43500006571412,0.125,6.53125,0,4,96
2552,199553,65.09833386540413,0.07291666666666663,5.635416666666667,0,1,96
2553,199632,11.60499968379736,0.30379746835443033,6.569620253164557,1,2,79
2554,199699,11.094999462366104,0.17910447761194026,8.283582089552239,1,0,67
2555,199781,19.4183332324028,0.19512195121951215,7.548780487804878,1,0,82
2556,199877,40.408333039842546,0.21875,7.572916666666667,0,5,96
2557,199973,48.9483339227736,0.21875,6.135416666666667,0,1,96
2558,200033,21.11166663467884,0.050000000000000044,6.083333333333333,1,1,60
2559,200072,10.114999756217003,0.0,5.0,1,1,39
2560,200168,55.435000382363796,0.09375,6.90625,0,4,96
2561,200215,10.654999345541,0.12765957446808507,4.787234042553192,1,1,47
2562,200262,11.441666722297668,0.04255319148936165,6.617021276595745,1,0,47
2563,200358,58.004999816417694,0.08333333333333337,7.09375,0,0,96
2564,200391,-2.0333328545093536,0.1515151515151515,7.151515151515151,1,0,33
2565,200487,66.89333365857601,0.07291666666666663,5.291666666666667,0,0,96
2566,200583,62.86500076111406,0.09375,5.59375,0,1,96
2567,200679,56.6083332747221,0.08333333333333337,7.572916666666667,0,0,96
2568,200775,45.08499974012375,0.22916666666666663,6.96875,0,0,96
2569,200822,17.008333206176758,0.0,5.0,1,0,47
2570,200904,20.4349996894598,0.18292682926829273,7.5,1,0,82
2571,200993,27.1283341050148,0.1460674157303371,7.49438202247191,1,0,89
2572,201047,14.1950002014637,0.11111111111111116,5.833333333333333,1,1,54
2573,201143,43.061666920781136,0.25,6.239583333333333,0,4,96
2574,201239,66.76833418011665,0.0625,5.385416666666667,0,1,96
2575,201328,3.8883327608928084,0.348314606741573,8.370786516853933,1,3,89
2576,201424,67.35666632652283,0.01041666666666663,6.645833333333333,0,0,96
2577,201502,29.446666419506073,0.08974358974358976,6.410256410256411,1,0,78
2578,201598,66.20999985933304,0.03125,6.5,0,0,96
2579,201648,14.448333606123924,0.07999999999999996,5.42,1,0,50
2580,201744,40.741666859947145,0.19791666666666663,8.114583333333334,0,3,96
2581,201819,34.85500048100948,0.040000000000000036,5.16,1,1,75
2582,201876,10.691667541861534,0.19298245614035092,5.87719298245614,1,2,57
2583,201972,44.25833364576101,0.15625,8.510416666666666,0,3,96
2584,202068,65.10500084608793,0.08333333333333337,5.09375,0,3,96
2585,202104,6.250000432133675,0.05555555555555558,5.0,1,0,36
2586,202155,0.9983338117599487,0.21568627450980393,8.607843137254902,1,0,51
2587,202251,44.39000014960766,0.20833333333333337,7.0625,0,3,96
2588,202347,57.563332825899124,0.07291666666666663,7.479166666666667,0,0,96
2589,202443,42.235000401735306,0.30208333333333337,5.90625,0,1,96
2590,202539,58.2083333581686,0.10416666666666663,6.635416666666667,0,0,96
2591,202581,9.174999922513962,0.04761904761904767,5.928571428571429,1,0,42
2592,202677,47.566666579805315,0.17708333333333337,7.333333333333333,0,1,96
2593,202739,23.428333327174187,0.09677419354838712,4.758064516129032,1,0,62
2594,202835,50.49333377182484,0.17708333333333337,6.479166666666667,0,2,96
2595,202931,37.626667043194175,0.23958333333333337,7.583333333333333,0,5,96
2596,202988,6.273332923650742,0.1228070175438597,9.75438596491228,1,0,57
2597,203084,75.6800012588501,0.0,5.0,0,0,96
2598,203180,51.79499951656908,0.13541666666666663,7.15625,0,2,96
2599,203260,38.35833363234997,0.012499999999999956,5.7875,1,1,80
2600,203329,14.249999612569809,0.14492753623188404,8.26086956521739,1,0,69
2601,203364,1.4000003337860107,0.1428571428571429,5.6571428571428575,1,0,35
2602,203460,39.77166740503162,0.23958333333333337,7.364583333333333,0,3,96
2603,203556,45.925000578165054,0.1875,7.59375,0,0,96
2604,203627,20.20666667819023,0.05633802816901412,8.732394366197184,1,0,71
2605,203669,0.7550006806850433,0.19047619047619047,7.071428571428571,1,0,42
2606,203765,51.03333266079426,0.14583333333333337,7.291666666666667,0,1,96
2607,203826,2.4016665518283844,0.2786885245901639,7.852459016393443,1,1,61
2608,203864,9.454999804496765,0.0,5.2894736842105265,1,0,38
2609,203914,3.9250010699033737,0.18000000000000005,7.98,1,0,50
2610,203990,21.679999724030495,0.1578947368421053,6.631578947368421,1,1,76
2611,204086,60.50499989837408,0.08333333333333337,6.59375,0,1,96
2612,204144,11.910000190138817,0.2068965517241379,5.793103448275862,1,0,58
2613,204190,9.858333855867386,0.021739130434782594,7.456521739130435,1,0,46
2614,204286,55.163333371281624,0.14583333333333337,5.791666666666667,0,4,96
2615,204358,32.181667029857635,0.01388888888888884,6.236111111111111,1,0,72
2616,204435,25.491667442023754,0.1558441558441559,5.675324675324675,1,1,77
2617,204496,25.17166656255722,0.016393442622950838,5.688524590163935,1,0,61
2618,204590,44.848333820700645,0.06382978723404253,5.75531914893617,1,0,94
2619,204686,43.65166674554348,0.17708333333333337,8.114583333333334,0,2,96
2620,204738,11.043333753943443,0.15384615384615385,5.615384615384615,1,1,52
2621,204834,33.370000570081174,0.29166666666666663,7.75,0,4,96
2622,204874,7.650001049041748,0.050000000000000044,6.0,1,0,40
2623,204966,23.146667785011232,0.17391304347826086,7.913043478260869,1,2,92
2624,205054,35.60166731476784,0.125,5.6477272727272725,1,0,88
2625,205117,25.685000270605087,0.06349206349206349,5.0,1,0,63
2626,205213,57.81166723370552,0.125,6.364583333333333,0,0,96
2627,205287,17.628334164619446,0.16216216216216217,7.797297297297297,1,0,74
2628,205383,59.86499869823456,0.0625,7.28125,0,0,96
2629,205418,-0.9033326506614685,0.1428571428571429,7.085714285714285,1,0,35
2630,205514,49.14666745811701,0.14583333333333337,7.520833333333333,0,2,96
2631,205610,56.95500076189637,0.125,6.28125,0,1,96
2632,205706,53.021667405962944,0.15625,6.489583333333333,0,0,96
2633,205802,58.806666538119316,0.11458333333333337,6.395833333333333,0,0,96
2634,205839,-5.2483324110507965,0.2702702702702703,7.756756756756757,1,0,37
2635,205890,-4.726666506379843,0.3137254901960784,8.196078431372548,1,3,51
2636,205928,6.389999687671661,0.10526315789473684,4.7368421052631575,1,0,38
2637,206024,53.10500018298626,0.16666666666666663,6.21875,0,1,96
2638,206120,61.616667062044144,0.125,5.270833333333333,0,1,96
2639,206216,65.14666751027107,0.08333333333333337,5.520833333333333,0,0,96
2640,206269,18.130000710487366,0.018867924528301883,5.886792452830188,1,0,53
2641,206365,63.981667309999466,0.09375,5.302083333333333,0,1,96
2642,206461,30.66499953623861,0.29166666666666663,8.53125,0,2,96
2643,206557,57.30833315849304,0.14583333333333337,6.135416666666667,0,0,96
2644,206646,34.5100000500679,0.0898876404494382,6.943820224719101,1,0,89
2645,206742,42.96500048041344,0.23958333333333337,6.78125,0,2,96
2646,206838,61.72666661441326,0.08333333333333337,6.270833333333333,0,0,96
2647,206934,42.29999972041696,0.1875,8.25,0,2,96
2648,206993,15.974999338388443,0.0847457627118644,7.067796610169491,1,0,59
2649,207061,26.399999797344208,0.05882352941176472,6.0,1,0,68
2650,207138,29.11000046133995,0.09090909090909094,6.311688311688312,1,0,77
2651,207202,12.956666991114616,0.25,5.46875,1,0,64
2652,207281,31.346666783094406,0.12658227848101267,5.265822784810126,1,0,79
2653,207373,34.790000945329666,0.11956521739130432,6.456521739130435,1,1,92
2654,207455,34.215000092983246,0.04878048780487809,6.621951219512195,1,0,82
2655,207551,57.18833377957344,0.11458333333333337,6.572916666666667,0,0,96
2656,207636,16.961665213108063,0.19999999999999996,8.31764705882353,1,0,85
2657,207732,52.88499967753887,0.14583333333333337,6.90625,0,1,96
2658,207783,2.9016676172614098,0.2549019607843137,6.098039215686274,1,3,51
2659,207879,45.884999624453485,0.16666666666666663,7.09375,0,6,96
2660,207919,-0.31666648387908936,0.15000000000000002,8.35,1,0,40
2661,208002,22.591667271219194,0.1686746987951807,6.855421686746988,1,2,83
2662,208098,60.02500010188669,0.0625,6.96875,0,1,96
2663,208144,14.28000020980835,0.0,6.0,1,0,46
2664,208240,54.438333824276924,0.15625,6.010416666666667,0,3,96
2665,208273,-20.118332594633102,0.6060606060606061,8.878787878787879,1,0,33
2666,208369,61.52166698873043,0.10416666666666663,5.739583333333333,0,1,96
2667,208465,56.23666619416326,0.08333333333333337,7.208333333333333,0,2,96
2668,208533,31.026666671037674,0.014705882352941124,5.411764705882353,1,0,68
2669,208609,28.089999601244926,0.07894736842105265,6.7894736842105265,1,0,76
2670,208667,17.941667392849922,0.06896551724137934,6.396551724137931,1,0,58
2671,208701,2.9433334469795227,0.02941176470588236,7.0,1,0,34
2672,208764,19.935000706464052,0.09523809523809523,5.857142857142857,1,1,63
2673,208860,66.92166639864445,0.04166666666666663,6.177083333333333,0,0,96
2674,208956,20.471666930243373,0.375,8.489583333333334,0,5,96
2675,209019,20.82333268225193,0.031746031746031744,7.2063492063492065,1,0,63
2676,209095,31.283333957195282,0.06578947368421051,6.131578947368421,1,0,76
2677,209191,30.974999729543924,0.32291666666666663,7.71875,0,3,96
2678,209287,51.71166615188122,0.125,7.489583333333333,0,1,96
2679,209351,2.438334424048662,0.328125,6.671875,1,3,64
2680,209447,41.693333730101585,0.27083333333333337,6.666666666666667,0,1,96
2681,209543,45.12166674435139,0.20833333333333337,6.927083333333333,0,3,96
2682,209639,63.64999940991402,0.02083333333333337,7.375,0,0,96
2683,209729,25.59000074863434,0.19999999999999996,6.4,1,3,90
2684,209825,66.08000054955482,0.05208333333333337,6.0,0,0,96
2685,209858,5.004999741911888,0.030303030303030276,5.0,1,0,33
2686,209954,29.56333354022354,0.36458333333333337,6.854166666666667,0,4,96
2687,210002,0.8183343410491943,0.1875,6.770833333333333,1,5,48
2688,210050,-0.20166648924350739,0.27083333333333337,6.270833333333333,1,4,48
2689,210083,3.6700000762939453,0.030303030303030276,6.0,1,0,33
2690,210179,66.83500015735626,0.04166666666666663,6.09375,0,0,96
2691,210241,16.91166679561138,0.11290322580645162,6.661290322580645,1,1,62
2692,210294,5.208333402872086,0.24528301886792447,6.471698113207547,1,0,53
2693,210335,10.730000019073486,0.0,6.0,1,0,41
2694,210422,26.141666889190674,0.1954022988505747,6.264367816091954,1,1,87
2695,210518,28.281666725873947,0.38541666666666663,6.989583333333333,0,2,96
2696,210614,25.61833321209997,0.32291666666666663,8.697916666666666,0,4,96
2697,210703,27.84666659589857,0.1460674157303371,7.101123595505618,1,1,89
2698,210799,59.55166620016098,0.08333333333333337,6.864583333333333,0,0,96
2699,210873,36.67166671156883,0.0,5.256756756756757,1,1,74
2700,210969,41.85833365470171,0.27083333333333337,6.135416666666667,0,5,96
2701,211065,64.79333341121674,0.03125,6.354166666666667,0,3,96
2702,211161,59.68500038981438,0.10416666666666663,6.40625,0,0,96
2703,211257,26.536667190492153,0.375,7.895833333333333,0,1,96
2704,211318,17.76166722178459,0.1311475409836066,5.39344262295082,1,2,61
2705,211400,8.204999908804893,0.2804878048780488,8.378048780487806,1,2,82
2706,211437,4.726666837930679,0.08108108108108103,5.891891891891892,1,0,37
2707,211533,44.793333783745766,0.23958333333333337,6.291666666666667,0,3,96
2708,211578,2.8383327275514603,0.19999999999999996,6.822222222222222,1,0,45
2709,211621,10.206667721271515,0.046511627906976716,5.767441860465116,1,0,43
2710,211713,-4.666667141020298,0.3369565217391305,6.760869565217392,1,24,92
2711,211728,-19.269999086856842,0.4666666666666667,6.0,1,4,15
2712,211778,16.831666439771652,0.07999999999999996,3.94,1,1,50
2713,211874,59.65833394229412,0.10416666666666663,6.322916666666667,0,0,96
2714,211970,34.5733338445425,0.32291666666666663,6.354166666666667,0,5,96
2715,212066,49.55833379924297,0.17708333333333337,7.010416666666667,0,0,96
2716,212133,16.76833265181631,0.10447761194029848,7.895522388059701,1,1,67
2717,212207,22.88000039756298,0.14864864864864868,6.162162162162162,1,1,74
2718,212303,64.39666798710823,0.0625,5.958333333333333,0,0,96
2719,212399,58.15166714787483,0.13541666666666663,5.802083333333333,0,1,96
2720,212495,46.3116667047143,0.20833333333333337,6.364583333333333,0,5,96
2721,212591,56.705000177025795,0.11458333333333337,6.78125,0,0,96
2722,212627,-1.1016661822795868,0.16666666666666663,7.194444444444445,1,0,36
2723,212716,17.366666204296052,0.2359550561797753,7.370786516853933,1,3,89
2724,212781,27.238333493471146,0.06153846153846154,5.0,1,0,65
2725,212877,35.81166669726372,0.16666666666666663,8.864583333333334,0,9,96
2726,212973,54.90500051435083,0.11458333333333337,6.84375,0,3,96
2727,213052,35.15000006556511,0.05063291139240511,6.0,1,0,79
2728,213093,0.4033338911831379,0.1707317073170732,7.2682926829268295,1,1,41
2729,213189,48.21166711580008,0.16666666666666663,6.864583333333333,0,5,96
2730,213248,-0.49333346728235483,0.30508474576271183,8.067796610169491,1,1,59
2731,213344,33.010000138543546,0.19791666666666663,8.375,0,12,96
2732,213440,47.78166722133756,0.16666666666666663,7.302083333333333,0,3,96
2733,213505,6.84000027179718,0.23076923076923073,8.307692307692308,1,0,65
2734,213553,15.73333364725113,0.0,5.958333333333333,1,0,48
2735,213649,68.78500053286552,0.04166666666666663,5.59375,0,0,96
2736,213745,60.4233333915472,0.08333333333333337,6.541666666666667,0,1,96
2737,213792,12.550000488758087,0.04255319148936165,6.25531914893617,1,0,47
2738,213844,16.313333958387375,0.038461538461538436,5.961538461538462,1,0,52
2739,213891,10.918332949280739,0.12765957446808507,5.0,1,0,47
2740,213948,19.433333694934845,0.07017543859649122,5.43859649122807,1,0,57
2741,214032,29.501665502786636,0.09523809523809523,7.345238095238095,1,0,84
2742,214079,11.410000175237656,0.04255319148936165,6.382978723404255,1,1,47
2743,214125,9.006666824221611,0.08695652173913049,6.173913043478261,1,1,46
2744,214172,7.473332732915878,0.1063829787234043,6.723404255319149,1,1,47
2745,214268,62.486666321754456,0.05208333333333337,6.458333333333333,0,3,96
2746,214364,44.68833354115486,0.1875,7.260416666666667,0,5,96
2747,214460,46.95166679378599,0.17708333333333337,6.927083333333333,0,5,96
2748,214556,55.43833395000547,0.125,6.510416666666667,0,2,96
2749,214652,36.6066671712324,0.23958333333333337,8.270833333333334,0,3,96
2750,214711,15.139999084174633,0.05084745762711862,7.52542372881356,1,2,59
2751,214807,42.988333637826145,0.14583333333333337,8.697916666666666,0,3,96
2752,214903,59.11333403363824,0.08333333333333337,6.229166666666667,0,4,96
2753,214947,0.9566674567759037,0.15909090909090906,7.681818181818182,1,2,44
2754,214992,15.098333895206451,0.0,4.955555555555556,1,0,45
2755,215088,47.07833322882652,0.1875,7.510416666666667,0,0,96
2756,215123,1.3816667944192886,0.1428571428571429,5.628571428571429,1,0,35
2757,215219,41.69666678737849,0.21875,7.520833333333333,0,3,96
2758,215250,1.2750002592802048,0.09677419354838712,4.935483870967742,1,0,31
2759,215326,16.23333376646042,0.17105263157894735,7.7894736842105265,1,2,76
2760,215410,30.448333337903023,0.11904761904761907,6.369047619047619,1,1,84
2761,215506,52.24833405017853,0.15625,6.760416666666667,0,1,96
2762,215542,2.713334321975708,0.13888888888888884,5.444444444444445,1,0,36
2763,215638,53.94833348505199,0.10416666666666663,7.072916666666667,0,3,96
2764,215673,-1.0133328586816788,0.1428571428571429,6.4,1,2,35
2765,215730,12.600000381469727,0.1578947368421053,6.0,1,1,57
2766,215826,22.68000033404678,0.32291666666666663,9.4375,0,4,96
2767,215896,12.888333827257156,0.22857142857142854,6.957142857142857,1,0,70
2768,215992,48.715000718832016,0.17708333333333337,7.15625,0,0,96
2769,216028,-2.4250001162290573,0.2222222222222222,6.75,1,0,36
2770,216034,-22.999999821186066,1.0,5.0,1,3,6
2771,216092,10.549999415874481,0.08620689655172409,8.586206896551724,1,1,58
2772,216188,71.05333429574966,0.0,5.979166666666667,0,0,96
2773,216284,59.853333592414856,0.08333333333333337,6.791666666666667,0,0,96
2774,216380,58.20500046759844,0.125,6.09375,0,1,96
2775,216440,12.518332615494728,0.15000000000000002,7.116666666666666,1,0,60
2776,216500,20.881666630506516,0.033333333333333326,6.583333333333333,1,0,60
2777,216596,51.38166708499193,0.15625,6.489583333333333,0,4,96
2778,216651,19.07833307981491,0.0,6.890909090909091,1,0,55
2779,216747,46.16166704148054,0.19791666666666663,6.677083333333333,0,5,96
2780,216843,57.96666591241956,0.07291666666666663,7.145833333333333,0,3,96
2781,216939,63.86333355307579,0.05208333333333337,6.416666666666667,0,0,96
2782,216995,4.830000385642052,0.2321428571428571,7.392857142857143,1,0,56
2783,217071,31.066666960716248,0.07894736842105265,5.631578947368421,1,0,76
2784,217150,23.841665378771722,0.11392405063291144,7.506329113924051,1,1,79
2785,217219,19.510000631213188,0.14492753623188404,6.260869565217392,1,1,69
2786,217311,19.24333357810974,0.2282608695652174,8.065217391304348,1,0,92
2787,217393,36.45000012218952,0.03658536585365857,6.0,1,1,82
2788,217427,5.474999904632568,0.02941176470588236,4.852941176470588,1,1,34
2789,217523,49.06333402916789,0.14583333333333337,7.104166666666667,0,5,96
2790,217619,52.35166680812836,0.13541666666666663,7.177083333333333,0,1,96
2791,217674,5.418334394693375,0.1454545454545455,8.963636363636363,1,0,55
2792,217770,52.32333318050951,0.09375,7.666666666666667,0,3,96
2793,217866,41.82833309471607,0.19791666666666663,8.260416666666666,0,2,96
2794,217962,45.00500021036714,0.21875,7.03125,0,1,96
2795,218006,7.9599995613098145,0.11363636363636365,6.0,1,0,44
2796,218049,9.31333364546299,0.09302325581395354,5.255813953488372,1,0,43
2797,218087,-0.7516665607690811,0.21052631578947367,6.5,1,0,38
2798,218176,22.483333975076675,0.1685393258426966,8.067415730337078,1,0,89
2799,218265,24.909999310970306,0.1235955056179775,8.629213483146067,1,0,89
2800,218361,36.08833322580904,0.29166666666666663,7.197916666666667,0,3,96
2801,218457,58.424999594688416,0.10416666666666663,6.53125,0,0,96
2802,218553,42.210000693798065,0.26041666666666663,6.6875,0,0,96
2803,218649,42.811667546629906,0.23958333333333337,6.739583333333333,0,4,96
2804,218745,53.64333322644234,0.13541666666666663,7.041666666666667,0,1,96
2805,218799,-5.58999989926815,0.40740740740740744,7.666666666666667,1,0,54
2806,218895,31.06500020530075,0.29166666666666663,7.96875,0,5,96
2807,218938,3.0716663599014282,0.16279069767441856,6.813953488372093,1,0,43
2808,218989,13.0516676902771,0.07843137254901966,6.333333333333333,1,0,51
2809,219025,-5.67333397269249,0.2222222222222222,8.555555555555555,1,0,36
2810,219077,11.966667547821999,0.09615384615384615,6.730769230769231,1,0,52
2811,219137,2.0199994212016463,0.25,8.2,1,3,60
2812,219233,56.22833287715912,0.10416666666666663,7.010416666666667,0,1,96
2813,219329,68.9350004196167,0.02083333333333337,5.90625,0,0,96
2814,219419,33.87666715681553,0.15555555555555556,5.688888888888889,1,0,90
2815,219515,48.90666653867811,0.125,7.958333333333333,0,2,96
2816,219611,47.44833354651928,0.16666666666666663,7.697916666666667,0,1,96
2817,219668,10.846667170524597,0.21052631578947367,5.508771929824562,1,1,57
2818,219764,66.81833328306675,0.09375,4.885416666666667,0,0,96
2819,219860,50.36833382025361,0.17708333333333337,6.822916666666667,0,1,96
2820,219956,56.50666655600071,0.11458333333333337,6.583333333333333,0,2,96
2821,220052,40.36000045295805,0.22916666666666663,7.75,0,2,96
2822,220094,0.22000034153461456,0.2142857142857143,7.142857142857143,1,0,42
2823,220125,-4.946666210889816,0.16129032258064513,8.258064516129032,1,0,31
2824,220221,53.55999903380871,0.14583333333333337,6.5625,0,2,96
2825,220276,-2.750000774860382,0.2727272727272727,9.054545454545455,1,1,55
2826,220372,55.404999762773514,0.08333333333333337,7.84375,0,0,96
2827,220407,3.9983344972133636,0.05714285714285716,5.857142857142857,1,0,35
2828,220495,21.884999841451645,0.21590909090909094,6.8522727272727275,1,1,88
2829,220535,7.105000346899033,0.07499999999999996,5.775,1,0,40
2830,220596,6.158333361148834,0.21311475409836067,8.278688524590164,1,0,61
2831,220669,12.13499964773655,0.1643835616438356,8.917808219178083,1,2,73
2832,220765,49.046666875481606,0.17708333333333337,6.833333333333333,0,2,96
2833,220847,8.098333418369293,0.25609756097560976,9.012195121951219,1,2,82
2834,220943,54.23999932408333,0.14583333333333337,6.8125,0,0,96
2835,221039,50.391666889190674,0.125,7.802083333333333,0,1,96
2836,221097,13.854999214410782,0.08620689655172409,7.603448275862069,1,0,58
2837,221186,27.98000118136406,0.1797752808988764,6.404494382022472,1,0,89
2838,221282,28.90666667278856,0.30208333333333337,8.458333333333334,0,4,96
2839,221327,5.186666890978813,0.0888888888888889,8.177777777777777,1,0,45
2840,221375,-4.2066671550273895,0.375,6.958333333333333,1,0,48
2841,221471,41.16333308815956,0.19791666666666663,8.229166666666666,0,2,96
2842,221567,50.138333207927644,0.13541666666666663,7.322916666666667,0,3,96
2843,221631,16.970000445842743,0.125,6.65625,1,1,64
2844,221727,63.36000084877014,0.08333333333333337,5.75,0,0,96
2845,221823,46.58500047028065,0.23958333333333337,6.21875,0,1,96
2846,221919,55.60333286225796,0.125,6.791666666666667,0,1,96
2847,222004,39.77833363413811,0.0117647058823529,6.08235294117647,1,2,85
2848,222100,65.20333305001259,0.04166666666666663,6.479166666666667,0,0,96
2849,222157,17.681667655706406,0.10526315789473684,5.456140350877193,1,0,57
2850,222253,70.9133339971304,0.01041666666666663,5.854166666666667,0,0,96
2851,222349,54.58166705071926,0.17708333333333337,5.802083333333333,0,1,96
2852,222445,51.00833363831043,0.1875,6.260416666666667,0,2,96
2853,222541,45.87000021338463,0.23958333333333337,6.375,0,1,96
2854,222637,51.664999678730965,0.22916666666666663,5.09375,0,2,96
2855,222733,63.27000044286251,0.09375,5.75,0,0,96
2856,222829,31.43500006850809,0.34375,7.09375,0,3,96
2857,222869,-7.746666043996811,0.35,7.75,1,0,40
2858,222912,6.245000123977661,0.11627906976744184,6.348837209302325,1,0,43
2859,222953,-10.536666512489319,0.3902439024390244,8.731707317073171,1,0,41
2860,223038,18.841666638851166,0.19999999999999996,7.894117647058824,1,0,85
2861,223134,31.64499960653484,0.27083333333333337,8.53125,0,4,96
2862,223230,72.21000027656555,0.0,5.75,0,0,96
2863,223306,28.141666665673256,0.13157894736842102,5.276315789473684,1,1,76
2864,223402,60.03500044345856,0.09375,6.03125,0,2,96
2865,223498,73.49333444237709,0.01041666666666663,5.041666666666667,0,1,96
2866,223594,59.62666688859463,0.15625,4.895833333333333,0,2,96
2867,223690,67.01000075042248,0.0625,5.5,0,0,96
2868,223727,9.131667912006378,0.0,5.0,1,0,37
2869,223823,68.03833357989788,0.04166666666666663,5.822916666666667,0,0,96
2870,223879,6.779999822378159,0.2142857142857143,6.964285714285714,1,1,56
2871,223975,52.11666622757912,0.13541666666666663,7.208333333333333,0,1,96
2872,224071,62.693333838135004,0.08333333333333337,5.854166666666667,0,1,96
2873,224167,39.5016658520326,0.23958333333333337,7.239583333333333,0,5,96
2874,224263,61.51333400607109,0.09375,6.104166666666667,0,0,96
2875,224351,1.1683333814144135,0.34090909090909094,9.488636363636363,1,1,88
2876,224438,42.24166661500931,0.03448275862068961,5.64367816091954,1,0,87
2877,224474,2.366667255759239,0.16666666666666663,5.055555555555555,1,0,36
2878,224570,31.53333323355764,0.32291666666666663,7.541666666666667,0,3,96
2879,224602,2.4333329498767853,0.125,4.0625,1,0,32
2880,224694,16.88500051945448,0.2282608695652174,8.119565217391305,1,3,92
2881,224765,-5.545000433921814,0.45070422535211263,7.816901408450704,1,1,71
2882,224813,11.34000027179718,0.14583333333333337,4.75,1,0,48
2883,224850,-4.498333752155304,0.2702702702702703,7.27027027027027,1,0,37
2884,224946,32.28333342075348,0.32291666666666663,7.916666666666667,0,0,96
2885,225024,-5.466666504740715,0.46153846153846156,7.82051282051282,1,2,78
2886,225101,6.966666221618652,0.3246753246753247,7.428571428571429,1,1,77
2887,225149,-1.413333922624588,0.25,8.416666666666666,1,0,48
2888,225216,16.745000936090946,0.10447761194029848,7.746268656716418,1,1,67
2889,225312,43.913333303295076,0.1875,7.916666666666667,0,1,96
2890,225408,52.00333417952061,0.19791666666666663,5.541666666666667,0,4,96
2891,225496,13.06333446316421,0.20454545454545459,8.977272727272727,1,4,88
2892,225555,-17.771667146123946,0.5254237288135593,9.372881355932204,1,2,59
2893,225631,27.7883340716362,0.13157894736842102,5.618421052631579,1,0,76
2894,225727,54.96166744828224,0.16666666666666663,6.052083333333333,0,0,96
2895,225791,10.226666301488876,0.203125,7.625,1,0,64
2896,225877,20.78666678071022,0.16279069767441856,8.186046511627907,1,2,86
2897,225919,10.860001266002655,0.0,6.0,1,0,42
2898,226015,57.83166614174843,0.11458333333333337,6.614583333333333,0,0,96
2899,226111,42.02833364903927,0.26041666666666663,6.885416666666667,0,1,96
2900,226195,24.73166674375534,0.08333333333333337,8.630952380952381,1,2,84
2901,226262,28.541667252779007,0.05970149253731338,5.0,1,0,67
2902,226333,25.82166627049446,0.07042253521126762,6.661971830985915,1,0,71
2903,226399,15.875000327825546,0.19696969696969702,6.045454545454546,1,0,66
2904,226449,3.081666111946106,0.21999999999999997,7.3,1,0,50
2905,226511,27.274999499320984,0.032258064516129004,4.790322580645161,1,0,62
2906,226607,46.903333744965494,0.21875,6.541666666666667,0,1,96
2907,226663,8.263333663344383,0.1428571428571429,7.25,1,4,56
2908,226705,-3.9799993336200714,0.33333333333333337,6.571428571428571,1,0,42
2909,226755,2.7133344560861588,0.24,7.16,1,0,50
2910,226851,57.35833398997784,0.14583333333333337,5.760416666666667,0,1,96
2911,226897,7.078333452343941,0.19565217391304346,5.108695652173913,1,0,46
2912,226933,1.9300000071525574,0.13888888888888884,6.0,1,0,36
2913,227020,16.750000208616257,0.25287356321839083,7.517241379310345,1,0,87
2914,227116,67.92000007629395,0.04166666666666663,6.0,0,0,96
2915,227150,-1.231666475534439,0.20588235294117652,5.676470588235294,1,0,34
2916,227235,32.088333919644356,0.15294117647058825,5.517647058823529,1,0,85
2917,227331,69.11500057578087,0.02083333333333337,5.96875,0,0,96
2918,227427,63.025000259280205,0.10416666666666663,5.34375,0,1,96
2919,227523,68.87666720151901,0.02083333333333337,6.020833333333333,0,0,96
2920,227619,33.549999844282866,0.28125,7.6875,0,5,96
2921,227703,19.75833261013031,0.1785714285714286,8.083333333333334,1,0,84
2922,227735,0.9400000274181366,0.09375,6.0,1,0,32
2923,227831,54.44500043988228,0.125,7.03125,0,0,96
2924,227866,6.080000877380371,0.0,6.0,1,0,35
2925,227911,7.749999701976776,0.1333333333333333,5.733333333333333,1,0,45
2926,227967,14.334999933838844,0.1607142857142857,5.303571428571429,1,0,56
2927,228063,36.95000043325126,0.26041666666666663,7.375,0,4,96
2928,228128,13.690000778995454,0.12307692307692308,8.03076923076923,1,1,65
2929,228167,3.5816668272018433,0.10256410256410253,6.897435897435898,1,0,39
2930,228211,11.261666133999825,0.06818181818181823,5.0227272727272725,1,0,44
2931,228307,54.14666701015085,0.125,7.020833333333333,0,1,96
2932,228355,10.345000505447388,0.08333333333333337,6.5625,1,0,48
2933,228451,50.97333390265703,0.16666666666666663,6.416666666666667,0,4,96
2934,228547,69.8900001347065,0.02083333333333337,5.4375,0,1,96
2935,228605,12.601667694747448,0.15517241379310343,6.189655172413793,1,1,58
2936,228701,46.835000410676,0.22916666666666663,6.34375,0,1,96
2937,228797,48.123333655297756,0.1875,6.979166666666667,0,2,96
2938,228836,3.124999836087227,0.1282051282051282,6.538461538461538,1,0,39
2939,228901,15.234999760985374,0.10769230769230764,7.984615384615385,1,1,65
2940,228997,67.75833293795586,0.02083333333333337,6.385416666666667,0,0,96
2941,229040,8.566666975617409,0.09302325581395354,5.627906976744186,1,0,43
2942,229088,7.305000677704811,0.14583333333333337,6.6875,1,0,48
2943,229159,16.72500078380108,0.15492957746478875,7.47887323943662,1,1,71
2944,229231,11.768334597349167,0.26388888888888884,6.680555555555555,1,0,72
2945,229327,44.28333379328251,0.21875,7.104166666666667,0,1,96
2946,229376,-4.588332563638687,0.326530612244898,8.183673469387756,1,0,49
2947,229427,4.940000757575035,0.1568627450980392,7.882352941176471,1,1,51
2948,229523,53.27666679676622,0.125,7.083333333333333,0,2,96
2949,229571,9.843334302306175,0.14583333333333337,5.458333333333333,1,0,48
2950,229660,25.315000727772713,0.1685393258426966,7.112359550561798,1,1,89
2951,229756,56.59500050544739,0.14583333333333337,5.90625,0,1,96
2952,229799,1.0166671425104141,0.18604651162790697,7.5813953488372094,1,0,43
2953,229895,54.9433334171772,0.11458333333333337,7.041666666666667,0,1,96
2954,229991,61.128334149718285,0.09375,6.322916666666667,0,0,96
2955,230087,58.81000034511089,0.10416666666666663,6.1875,0,2,96
2956,230132,10.99333307147026,0.06666666666666665,5.688888888888889,1,0,45
2957,230228,51.40333294868469,0.19791666666666663,6.291666666666667,0,0,96
2958,230281,10.133333340287209,0.1132075471698113,7.2075471698113205,1,0,53
2959,230325,10.360000312328339,0.045454545454545414,6.0,1,0,44
2960,230416,36.64166708290577,0.10989010989010994,5.923076923076923,1,1,91
2961,230512,65.94166703522205,0.07291666666666663,5.614583333333333,0,0,96
2962,230559,1.9416669011116028,0.19148936170212771,8.02127659574468,1,0,47
2963,230655,60.52000082284212,0.11458333333333337,5.75,0,1,96
2964,230714,11.008333683013916,0.22033898305084743,5.508474576271187,1,1,59
2965,230810,39.79166662693024,0.23958333333333337,7.677083333333333,0,2,96
2966,230906,40.6416669851169,0.27083333333333337,6.677083333333333,0,2,96
2967,231000,32.580001190304756,0.13829787234042556,6.829787234042553,1,0,94
2968,231094,6.7349999733269215,0.36170212765957444,7.882978723404255,1,2,94
2969,231190,65.97000035643578,0.0625,5.875,0,0,96
2970,231255,17.833333790302277,0.12307692307692308,6.8,1,0,65
2971,231339,29.546667151153088,0.11904761904761907,6.380952380952381,1,2,84
2972,231386,4.093334123492241,0.19148936170212771,6.595744680851064,1,0,47
2973,231465,33.32833297550678,0.07594936708860756,5.405063291139241,1,1,79
2974,231561,56.65333354473114,0.11458333333333337,6.354166666666667,0,3,96
2975,231657,34.89500031992793,0.30208333333333337,7.09375,0,4,96
2976,231719,10.908334717154503,0.27419354838709675,5.145161290322581,1,0,62
2977,231815,67.30000041425228,0.05208333333333337,5.6875,0,0,96
2978,231911,16.92500018235296,0.41666666666666663,8.34375,0,5,96
2979,231978,1.9649993926286697,0.29850746268656714,7.746268656716418,1,3,67
2980,232074,47.60500046610832,0.25,5.59375,0,3,96
2981,232170,55.81333331763744,0.15625,5.791666666666667,0,2,96
2982,232266,69.36333367228508,0.0625,4.979166666666667,0,0,96
2983,232362,56.990000564605,0.15625,5.625,0,1,96
2984,232423,26.733333960175514,0.016393442622950838,5.081967213114754,1,0,61
2985,232519,41.92500001192093,0.1875,8.28125,0,1,96
2986,232609,2.8650002097710967,0.3555555555555555,8.633333333333333,1,3,90
2987,232667,-3.906667083501816,0.4137931034482759,7.310344827586207,1,0,58
2988,232763,53.35999999940395,0.13541666666666663,6.5625,0,3,96
2989,232802,-3.7549996972084045,0.3589743589743589,5.3076923076923075,1,0,39
2990,232898,61.56499932706356,0.07291666666666663,6.21875,0,2,96
2991,232994,47.37000015377998,0.1875,7.0625,0,2,96
2992,233090,64.78666740655899,0.09375,5.333333333333333,0,0,96
2993,233186,32.25666674878448,0.30208333333333337,7.208333333333333,0,7,96
2994,233227,2.166667655110359,0.19512195121951215,5.7560975609756095,1,1,41
2995,233323,51.94666675385088,0.16666666666666663,6.520833333333333,0,1,96
2996,233419,55.01666661351919,0.15625,5.958333333333333,0,2,96
2997,233454,-2.779999315738678,0.1428571428571429,8.057142857142857,1,0,35
2998,233524,7.271667744033039,0.24285714285714288,7.442857142857143,1,4,70
2999,233572,13.926666736602783,0.0,6.666666666666667,1,0,48
3000,233668,60.85666659474373,0.07291666666666663,6.895833333333333,0,0,96
3001,233761,45.11333340406418,0.08602150537634412,5.010752688172043,1,0,93
3002,233857,46.99666654318571,0.25,5.458333333333333,0,4,96
3003,233890,3.904999554157257,0.06060606060606055,5.0,1,0,33
3004,233986,26.821666918694973,0.34375,7.739583333333333,0,6,96
3005,234060,7.056665983051062,0.28378378378378377,7.486486486486487,1,3,74
3006,234096,-3.7083324790000916,0.2222222222222222,7.638888888888889,1,0,36
3007,234135,-17.483332574367523,0.5384615384615384,9.128205128205128,1,0,39
3008,234216,11.78833444416523,0.2098765432098766,8.604938271604938,1,2,81
3009,234312,56.16000074055046,0.13541666666666663,5.875,0,3,96
3010,234408,38.99666709359735,0.26041666666666663,7.270833333333333,0,3,96
3011,234504,59.72166723012924,0.10416666666666663,5.927083333333333,0,2,96
3012,234600,50.15666680689901,0.16666666666666663,6.833333333333333,0,1,96
3013,234696,57.92500037699938,0.125,6.09375,0,1,96
3014,234792,57.35500027239323,0.13541666666666663,6.15625,0,0,96
3015,234860,17.066666185855865,0.11764705882352944,7.882352941176471,1,0,68
3016,234909,14.344999998807907,0.04081632653061229,5.938775510204081,1,0,49
3017,234949,8.426667660474777,0.025000000000000022,6.05,1,0,40
3018,235006,17.615000754594803,0.01754385964912286,7.526315789473684,1,0,57
3019,235102,40.7383334254846,0.25,7.010416666666667,0,3,96
3020,235164,21.163334637880325,0.06451612903225812,6.161290322580645,1,0,62
3021,235260,54.0166677236557,0.17708333333333337,6.083333333333333,0,0,96
3022,235356,52.404999405145645,0.13541666666666663,7.28125,0,1,96
3023,235437,21.41500136256218,0.11111111111111116,8.703703703703704,1,0,81
3024,235533,67.12166741490364,0.05208333333333337,5.489583333333333,0,2,96
3025,235621,20.00166540592909,0.18181818181818177,8.238636363636363,1,2,88
3026,235662,7.213333249092102,0.04878048780487809,6.682926829268292,1,0,41
3027,235728,22.84499980509281,0.12121212121212122,5.2272727272727275,1,0,66
3028,235822,29.02833452820778,0.11702127659574468,8.24468085106383,1,0,94
3029,235918,53.01333339512348,0.09375,8.041666666666666,0,2,96
3030,235961,-4.721666693687439,0.3023255813953488,7.837209302325581,1,0,43
3031,236014,-9.333332636393607,0.339622641509434,9.773584905660377,1,2,53
3032,236077,11.621667057275772,0.19047619047619047,6.650793650793651,1,2,63
3033,236127,7.723333433270454,0.19999999999999996,5.6,1,0,50
3034,236172,-11.308333769440651,0.48888888888888893,7.444444444444445,1,0,45
3035,236236,7.733334273099899,0.203125,7.84375,1,2,64
3036,236332,47.146666599437594,0.13541666666666663,7.583333333333333,0,6,96
3037,236378,15.130001053214073,0.021739130434782594,4.956521739130435,1,0,46
3038,236474,48.82333329319954,0.16666666666666663,7.541666666666667,0,0,96
3039,236548,30.86499923467636,0.0,7.175675675675675,1,0,74
3040,236644,62.21000050008297,0.09375,5.625,0,3,96
3041,236740,63.01666769385338,0.07291666666666663,5.895833333333333,0,1,96
3042,236836,72.88500106334686,0.0,5.59375,0,0,96
3043,236908,-1.2416665190830827,0.3472222222222222,8.26388888888889,1,4,72
3044,237004,62.04666708409786,0.09375,5.770833333333333,0,2,96
3045,237100,49.03833357151598,0.16666666666666663,7.135416666666667,0,1,96
3046,237190,15.331667635589838,0.23333333333333328,8.322222222222223,1,2,90
3047,237268,17.53333382308483,0.1923076923076923,6.82051282051282,1,4,78
3048,237364,54.81333355605602,0.125,6.979166666666667,0,0,96
3049,237401,2.9716671109199524,0.05405405405405406,7.4324324324324325,1,0,37
3050,237467,18.85499933362007,0.0757575757575758,7.7727272727272725,1,0,66
3051,237563,56.780000305734575,0.13541666666666663,6.25,0,1,96
3052,237659,43.13333332538605,0.25,6.604166666666667,0,2,96
3053,237742,21.231668010354042,0.20481927710843373,6.710843373493976,1,1,83
3054,237792,6.041667431592941,0.09999999999999998,8.38,1,0,50
3055,237888,60.716666489839554,0.10416666666666663,5.895833333333333,0,1,96
3056,237984,32.699999815784395,0.26041666666666663,8.5625,0,3,96
3057,238033,5.658333454281092,0.1428571428571429,7.36734693877551,1,1,49
3058,238088,1.720000765286386,0.23636363636363633,8.072727272727272,1,1,55
3059,238160,25.61000047624111,0.11111111111111116,6.083333333333333,1,0,72
3060,238256,60.1133341640234,0.10416666666666663,6.229166666666667,0,0,96
3061,238308,8.455000475049019,0.13461538461538458,7.096153846153846,1,1,52
3062,238379,-2.1333339074626565,0.3380281690140845,8.901408450704226,1,2,71
3063,238424,4.210000097751617,0.11111111111111116,8.266666666666667,1,0,45
3064,238520,53.383332937955856,0.16666666666666663,6.479166666666667,0,0,96
3065,238616,55.40666723251343,0.16666666666666663,5.958333333333333,0,0,96
3066,238712,67.62000006437302,0.04166666666666663,6.0,0,0,96
3067,238787,35.466666877269745,0.013333333333333308,5.706666666666667,1,0,75
3068,238852,15.721666797995567,0.15384615384615385,6.446153846153846,1,2,65
3069,238891,-8.044999539852142,0.33333333333333337,8.384615384615385,1,0,39
3070,238956,6.886667728424072,0.19999999999999996,8.707692307692307,1,1,65
3071,238989,2.5450001507997513,0.06060606060606055,5.545454545454546,1,1,33
3072,239083,31.330000087618828,0.15957446808510634,6.638297872340425,1,1,94
3073,239148,2.011667415499687,0.29230769230769227,8.107692307692307,1,1,65
3074,239201,-4.901666581630707,0.30188679245283023,9.075471698113208,1,1,53
3075,239281,11.6899998113513,0.23750000000000004,8.175,1,2,80
3076,239377,33.665000699460506,0.33333333333333337,6.78125,0,4,96
3077,239438,-0.4666670262813568,0.39344262295081966,6.754098360655738,1,0,61
3078,239499,-1.1166663616895676,0.34426229508196726,7.737704918032787,1,1,61
3079,239533,-12.093332529067993,0.47058823529411764,6.0588235294117645,1,2,34
3080,239586,8.926666930317879,0.18867924528301883,5.9245283018867925,1,1,53
3081,239682,61.95500026643276,0.09375,6.03125,0,0,96
3082,239738,0.5099990367889404,0.2678571428571429,8.464285714285714,1,0,56
3083,239777,-7.798333019018173,0.4358974358974359,5.82051282051282,1,0,39
3084,239873,52.043333411216736,0.13541666666666663,7.041666666666667,0,2,96
3085,239945,33.42333398759365,0.02777777777777779,5.472222222222222,1,0,72
3086,240041,42.39833370503038,0.19791666666666663,7.635416666666667,0,4,96
3087,240137,63.16999959945679,0.04166666666666663,6.8125,0,1,96
3088,240175,0.6216672509908676,0.23684210526315785,5.184210526315789,1,0,38
3089,240271,53.40666643436998,0.125,7.270833333333333,0,1,96
3090,240367,56.51000066846609,0.15625,5.5,0,3,96
3091,240441,9.94500061031431,0.18918918918918914,8.95945945945946,1,2,74
3092,240490,13.88500040769577,0.04081632653061229,6.183673469387755,1,0,49
3093,240564,28.223333537578583,0.05405405405405406,6.783783783783784,1,0,74
3094,240631,18.530000537633896,0.16417910447761197,6.0,1,1,67
3095,240727,54.986667323857546,0.14583333333333337,6.208333333333333,0,2,96
3096,240780,1.8950004577636719,0.26415094339622647,7.528301886792453,1,0,53
3097,240876,47.965000592172146,0.19791666666666663,6.65625,0,2,96
3098,240972,36.23333306610584,0.26041666666666663,7.791666666666667,0,2,96
3099,241068,55.33499934151769,0.07291666666666663,7.71875,0,1,96
3100,241164,52.0233335532248,0.10416666666666663,7.041666666666667,0,6,96
3101,241260,59.00666697323322,0.10416666666666663,6.270833333333333,0,2,96
3102,241315,12.958334013819695,0.18181818181818177,4.927272727272728,1,1,55
3103,241411,64.21499913930893,0.04166666666666663,6.65625,0,0,96
3104,241506,31.188334476202726,0.10526315789473684,7.905263157894737,1,1,95
3105,241602,63.253334149718285,0.10416666666666663,5.479166666666667,0,0,96
3106,241641,-0.8399994820356369,0.2564102564102564,5.846153846153846,1,0,39
3107,241737,53.873333260416985,0.09375,6.854166666666667,0,6,96
3108,241833,37.74666555877775,0.23958333333333337,8.395833333333334,0,1,96
3109,241929,51.82000034209341,0.14583333333333337,6.8125,0,2,96
3110,241972,-21.683333069086075,0.6744186046511628,7.3023255813953485,1,4,43
3111,242027,17.15333364903927,0.09090909090909094,5.418181818181818,1,0,55
3112,242069,13.180000901222229,0.0,5.0,1,0,42
3113,242165,45.27666583657265,0.23958333333333337,6.708333333333333,0,0,96
3114,242261,42.841667383909225,0.27083333333333337,6.177083333333333,0,3,96
3115,242305,11.395000129938126,0.022727272727272707,5.931818181818182,1,0,44
3116,242401,46.76833240687847,0.13541666666666663,8.760416666666666,0,0,96
3117,242497,64.88166654109955,0.0625,6.114583333333333,0,0,96
3118,242593,54.41666762530804,0.13541666666666663,6.895833333333333,0,0,96
3119,242634,10.085000276565552,0.04878048780487809,5.048780487804878,1,0,41
3120,242730,45.04166640713811,0.20833333333333337,7.114583333333333,0,2,96
3121,242826,58.11666700989008,0.10416666666666663,6.083333333333333,0,3,96
3122,242922,57.89833319187164,0.07291666666666663,6.947916666666667,0,3,96
3123,242984,3.3350007385015488,0.29032258064516125,7.403225806451613,1,1,62
3124,243080,55.48833366855979,0.11458333333333337,6.760416666666667,0,2,96
3125,243131,16.04500062763691,0.05882352941176472,5.235294117647059,1,1,51
3126,243208,19.66166613996029,0.1558441558441559,7.3896103896103895,1,1,77
3127,243304,51.72499969601631,0.125,7.78125,0,0,96
3128,243400,59.091665387153625,0.07291666666666663,7.302083333333333,0,0,96
3129,243496,44.63666619360447,0.20833333333333337,7.458333333333333,0,1,96
3130,243540,-0.03333265706896782,0.20454545454545459,7.409090909090909,1,1,44
3131,243586,-3.653334081172943,0.28260869565217395,8.26086956521739,1,0,46
3132,243634,10.884999498724937,0.125,5.3125,1,0,48
3133,243697,29.38000053167343,0.0,5.0476190476190474,1,0,63
3134,243761,22.253333508968353,0.0625,6.15625,1,0,64
3135,243799,2.1033323407173157,0.13157894736842102,6.7368421052631575,1,0,38
3136,243864,20.096667557954788,0.09230769230769231,6.676923076923077,1,0,65
3137,243960,54.80666643381119,0.10416666666666663,7.333333333333333,0,1,96
3138,244017,15.976666882634163,0.08771929824561409,6.350877192982456,1,1,57
3139,244113,38.10666686296463,0.26041666666666663,7.458333333333333,0,2,96
3140,244187,14.620000726543367,0.09459459459459463,9.81081081081081,1,1,74
3141,244248,10.6383341178298,0.16393442622950816,7.491803278688525,1,1,61
3142,244294,-6.396666475571692,0.30434782608695654,8.695652173913043,1,2,46
3143,244390,57.451667204499245,0.11458333333333337,6.614583333333333,0,0,96
3144,244486,56.15000011026859,0.13541666666666663,6.4375,0,0,96
3145,244580,10.744999349117279,0.32978723404255317,7.819148936170213,1,1,94
3146,244667,36.52333368360996,0.10344827586206895,5.7701149425287355,1,0,87
3147,244763,45.8533334126696,0.1875,7.229166666666667,0,3,96
3148,244859,55.474999606609344,0.11458333333333337,7.03125,0,1,96
3149,244947,12.985000282526016,0.23863636363636365,8.829545454545455,1,0,88
3150,245043,54.14833356440067,0.13541666666666663,6.885416666666667,0,0,96
3151,245089,12.063333705067635,0.08695652173913049,5.043478260869565,1,0,46
3152,245137,-13.179999813437462,0.47916666666666663,8.875,1,0,48
3153,245182,15.434999942779541,0.0,5.0,1,0,45
3154,245278,57.38000038266182,0.11458333333333337,6.4375,0,1,96
3155,245311,-5.998332932591438,0.303030303030303,6.151515151515151,1,0,33
3156,245365,10.688332974910736,0.2222222222222222,4.907407407407407,1,0,54
3157,245461,47.00666644051671,0.19791666666666663,6.895833333333333,0,2,96
3158,245557,60.5766666084528,0.04166666666666663,7.458333333333333,0,1,96
3159,245608,18.928333282470703,0.019607843137254943,4.96078431372549,1,0,51
3160,245673,14.113334134221077,0.2153846153846154,6.061538461538461,1,0,65
3161,245762,36.0933343321085,0.0898876404494382,6.112359550561798,1,1,89
3162,245812,-3.151667393743992,0.21999999999999997,9.74,1,1,50
3163,245892,27.978333681821823,0.08750000000000002,6.9125,1,2,80
3164,245988,61.33666763454676,0.10416666666666663,5.833333333333333,0,1,96
3165,246074,16.336666598916054,0.22093023255813948,8.046511627906977,1,1,86
3166,246144,31.46333509683609,0.0,5.9714285714285715,1,0,70
3167,246228,24.47333426773548,0.19047619047619047,6.476190476190476,1,0,84
3168,246265,1.7050003856420517,0.16216216216216217,5.756756756756757,1,0,37
3169,246321,-8.433333322405815,0.4285714285714286,8.285714285714286,1,0,56
3170,246417,70.22666729986668,0.04166666666666663,5.333333333333333,0,0,96
3171,246469,15.106666132807732,0.05769230769230771,6.038461538461538,1,0,52
3172,246565,62.08499963581562,0.05208333333333337,6.59375,0,3,96
3173,246650,14.76500041782856,0.23529411764705888,8.08235294117647,1,1,85
3174,246741,26.678333435207605,0.08791208791208793,9.043956043956044,1,1,91
3175,246837,54.30166617035866,0.11458333333333337,6.989583333333333,0,3,96
3176,246886,-10.61833330988884,0.4897959183673469,7.204081632653061,1,1,49
3177,246923,-7.669999927282333,0.32432432432432434,7.297297297297297,1,2,37
3178,247019,61.328333739191294,0.07291666666666663,5.885416666666667,0,5,96
3179,247108,23.75333420932293,0.1797752808988764,7.325842696629214,1,1,89
3180,247204,59.02500059083104,0.11458333333333337,6.03125,0,1,96
3181,247300,44.933333575725555,0.13541666666666663,8.916666666666666,0,0,96
3182,247396,74.64000116288662,0.01041666666666663,5.0,0,0,96
3183,247492,70.12666741013527,0.01041666666666663,5.708333333333333,0,2,96
3184,247588,65.53666612505913,0.02083333333333337,6.770833333333333,0,0,96
3185,247683,40.22500071674585,0.10526315789473684,5.652631578947369,1,3,95
3186,247779,71.84333348274231,0.0,5.979166666666667,0,0,96
3187,247833,10.859999522566795,0.12962962962962965,6.333333333333333,1,2,54
3188,247866,-11.615000396966934,0.36363636363636365,8.272727272727273,1,1,33
3189,247910,-19.455000698566437,0.5454545454545454,10.295454545454545,1,0,44
3190,247951,-0.9699998646974564,0.1707317073170732,8.341463414634147,1,0,41
3191,247998,11.534999907016754,0.04255319148936165,6.829787234042553,1,0,47
3192,248075,26.0983347594738,0.1298701298701299,6.012987012987013,1,1,77
3193,248123,4.743333250284195,0.22916666666666663,5.833333333333333,1,0,48
3194,248169,0.23833274841308594,0.28260869565217395,6.543478260869565,1,0,46
3195,248246,31.855000272393227,0.07792207792207795,5.025974025974026,1,4,77
3196,248308,21.521667048335075,0.08064516129032262,5.693548387096774,1,1,62
3197,248404,53.791665986180305,0.125,7.302083333333333,0,0,96
3198,248500,27.425000361166894,0.35416666666666663,7.46875,0,6,96
3199,248596,69.55333414673805,0.02083333333333337,5.791666666666667,0,1,96
3200,248630,-14.396666631102562,0.5588235294117647,6.470588235294118,1,0,34
3201,248726,27.15833371412009,0.33333333333333337,7.947916666666667,0,6,96
3202,248765,-2.3683321475982666,0.28205128205128205,5.82051282051282,1,1,39
3203,248801,-4.044999033212662,0.19444444444444442,8.083333333333334,1,0,36
3204,248879,10.925000271759927,0.17948717948717952,9.653846153846153,1,1,78
3205,248975,56.59499907493591,0.07291666666666663,7.90625,0,0,96
3206,249014,10.811666309833527,0.0,4.897435897435898,1,0,39
3207,249082,4.868333644233644,0.32352941176470584,6.985294117647059,1,1,68
3208,249178,53.74000013526529,0.11458333333333337,7.375,0,1,96
3209,249266,33.48833341896534,0.11363636363636365,6.556818181818182,1,0,88
3210,249362,38.3233335763216,0.17708333333333337,9.479166666666666,0,1,96
3211,249394,-3.833333134651184,0.28125,4.5625,1,1,32
3212,249440,1.0966677516698837,0.17391304347826086,8.521739130434783,1,0,46
3213,249536,22.70000034570694,0.28125,9.875,0,6,96
3214,249609,20.286666369996965,0.17808219178082196,5.863013698630137,1,1,73
3215,249700,30.39000004529953,0.13186813186813184,7.252747252747253,1,0,91
3216,249734,1.171666905283928,0.1470588235294118,4.911764705882353,1,1,34
3217,249789,16.040000468492508,0.10909090909090913,5.5636363636363635,1,0,55
3218,249841,-2.1866673976182938,0.34615384615384615,7.230769230769231,1,0,52
3219,249937,52.315000623464584,0.14583333333333337,6.90625,0,1,96
3220,250033,34.661667332053185,0.32291666666666663,6.927083333333333,0,2,96
3221,250066,0.41500067710876465,0.12121212121212122,6.090909090909091,1,0,33
3222,250162,35.29666665196419,0.21875,8.708333333333334,0,3,96
3223,250218,17.203333526849747,0.0892857142857143,5.857142857142857,1,0,56
3224,250268,-2.656667083501816,0.31999999999999995,7.76,1,0,50
3225,250323,13.91000021994114,0.12727272727272732,6.0,1,0,55
3226,250419,72.77500121295452,0.03125,4.96875,0,0,96
3227,250475,10.605000726878643,0.125,7.232142857142857,1,1,56
3228,250557,38.2883340716362,0.03658536585365857,6.012195121951219,1,0,82
3229,250653,54.969999834895134,0.125,7.0,0,0,96
3230,250735,22.863334611058235,0.18292682926829273,6.926829268292683,1,0,82
3231,250771,2.6083329916000366,0.11111111111111116,6.027777777777778,1,0,36
3232,250812,10.680000007152557,0.0,6.0,1,0,41
3233,250908,53.52833379805088,0.10416666666666663,7.635416666666667,0,1,96
3234,251004,53.33500073850155,0.15625,6.40625,0,1,96
3235,251100,24.934999740682542,0.38541666666666663,7.71875,0,2,96
3236,251196,44.09666709601879,0.14583333333333337,8.833333333333334,0,1,96
3237,251276,26.713333144783974,0.11250000000000004,6.725,1,2,80
3238,251346,14.890000104904175,0.2571428571428571,5.314285714285714,1,2,70
3239,251442,47.91333310678601,0.1875,6.916666666666667,0,2,96
3240,251538,52.97499998565763,0.14583333333333337,6.90625,0,1,96
3241,251572,-21.073333114385605,0.5882352941176471,9.941176470588236,1,1,34
3242,251668,42.885000243783,0.19791666666666663,8.09375,0,0,96
3243,251727,16.678333401679993,0.10169491525423724,5.813559322033898,1,3,59
3244,251786,11.29666734393686,0.13559322033898302,6.745762711864407,1,4,59
3245,251882,63.01500025391579,0.04166666666666663,6.96875,0,0,96
3246,251925,7.860000789165497,0.06976744186046513,6.4186046511627906,1,0,43
3247,252021,64.6416671872139,0.07291666666666663,5.927083333333333,0,0,96
3248,252099,25.420000061392784,0.08974358974358976,7.3076923076923075,1,1,78
3249,252137,7.0250003933906555,0.02631578947368418,6.078947368421052,1,0,38
3250,252210,22.005001232028008,0.1095890410958904,7.273972602739726,1,0,73
3251,252306,35.768333352170885,0.25,8.447916666666666,0,1,96
3252,252402,65.91500067710876,0.05208333333333337,6.09375,0,0,96
3253,252498,65.57333233952522,0.03125,6.729166666666667,0,0,96
3254,252594,54.84999866783619,0.10416666666666663,7.25,0,1,96
3255,252690,51.80333426594734,0.15625,6.979166666666667,0,0,96
3256,252786,49.50166688114405,0.125,7.614583333333333,0,3,96
3257,252882,47.02500047162175,0.10416666666666663,8.90625,0,3,96
3258,252978,68.01500055193901,0.03125,6.03125,0,0,96
3259,253025,2.6249990016222,0.2978723404255319,5.042553191489362,1,0,47
3260,253121,39.37166680395603,0.09375,6.302083333333333,1,2,96
3261,253213,30.813334807753563,0.19565217391304346,5.8478260869565215,1,0,92
3262,253268,16.25666706264019,0.054545454545454564,6.581818181818182,1,0,55
3263,253356,20.678333497606218,0.21590909090909094,7.034090909090909,1,1,88
3264,253393,-5.401666507124901,0.2432432432432432,8.45945945945946,1,0,37
3265,253477,24.60999968647957,0.09523809523809523,8.428571428571429,1,0,84
3266,253573,51.57499885559082,0.13541666666666663,7.40625,0,1,96
3267,253638,21.681666672229767,0.06153846153846154,6.723076923076923,1,0,65
3268,253677,-17.2750001847744,0.5641025641025641,8.538461538461538,1,0,39
3269,253751,20.250000059604645,0.16216216216216217,6.891891891891892,1,0,74
3270,253802,3.0083331763744354,0.2549019607843137,6.8431372549019605,1,0,51
3271,253881,31.181667611002922,0.05063291139240511,6.974683544303797,1,0,79
3272,253919,9.793332934379578,0.0,5.0,1,0,38
3273,254015,40.926666755229235,0.1875,8.333333333333334,0,2,96
3274,254080,25.019999980926514,0.03076923076923077,6.553846153846154,1,0,65
3275,254128,5.349999859929085,0.1875,6.625,1,0,48
3276,254224,57.80666700005531,0.11458333333333337,6.395833333333333,0,1,96
3277,254257,4.72499917447567,0.030303030303030276,5.0,1,0,33
3278,254353,61.9549999833107,0.09375,5.84375,0,2,96
3279,254394,6.101667821407318,0.12195121951219512,5.390243902439025,1,1,41
3280,254490,36.74166667833924,0.26041666666666663,7.614583333333333,0,3,96
3281,254586,57.47500005364418,0.08333333333333337,7.21875,0,0,96
3282,254678,33.64833404123783,0.14130434782608692,6.076086956521739,1,2,92
3283,254740,14.75499914586544,0.09677419354838712,7.790322580645161,1,0,62
3284,254774,3.2700009047985077,0.05882352941176472,6.0,1,0,34
3285,254850,9.303333818912506,0.22368421052631582,8.657894736842104,1,2,76
3286,254906,7.866667628288269,0.1607142857142857,7.428571428571429,1,2,56
3287,254984,24.6666669100523,0.08974358974358976,7.641025641025641,1,1,78
3288,255080,41.59833320975304,0.1875,8.572916666666666,0,1,96
3289,255146,-1.4916675947606564,0.3484848484848485,8.378787878787879,1,1,66
3290,255242,35.69166672229767,0.25,7.989583333333333,0,2,96
3291,255285,-3.664999634027481,0.2093023255813954,8.720930232558139,1,3,43
3292,255332,9.313333675265312,0.1063829787234043,6.212765957446808,1,0,47
3293,255425,23.808332732878625,0.18279569892473113,7.688172043010753,1,2,93
3294,255521,53.64000053703785,0.15625,6.5625,0,0,96
3295,255592,22.396665900945663,0.18309859154929575,5.098591549295775,1,0,71
3296,255635,11.551666721701622,0.046511627906976716,5.0,1,0,43
3297,255692,15.418333873152733,0.1228070175438597,5.807017543859649,1,0,57
3298,255739,3.413332372903824,0.12765957446808507,8.76595744680851,1,0,47
3299,255822,13.723334364593029,0.27710843373493976,7.132530120481928,1,1,83
3300,255918,41.85499891638756,0.21875,7.71875,0,2,96
3301,256014,60.78333396092057,0.09375,6.166666666666667,0,1,96
3302,256110,61.05833424627781,0.13541666666666663,5.197916666666667,0,1,96
3303,256162,-0.42999908328056335,0.25,8.653846153846153,1,0,52
3304,256205,1.2533335983753204,0.11627906976744184,8.883720930232558,1,0,43
3305,256236,-8.95333369076252,0.3548387096774194,6.258064516129032,1,1,31
3306,256332,63.77999992668629,0.0625,6.1875,0,2,96
3307,256380,5.171666979789734,0.20833333333333337,6.104166666666667,1,0,48
3308,256416,1.5649998933076859,0.16666666666666663,5.416666666666667,1,0,36
3309,256512,49.268333584070206,0.1875,6.572916666666667,0,2,96
3310,256608,42.34666649997234,0.25,6.770833333333333,0,2,96
3311,256663,17.666666626930237,0.018181818181818188,6.8,1,0,55
3312,256759,68.9216675311327,0.01041666666666663,5.864583333333333,0,3,96
3313,256792,-3.9249993711709976,0.303030303030303,5.0,1,0,33
3314,256861,-3.313333109021187,0.30434782608695654,9.246376811594203,1,6,69
3315,256936,18.530000895261765,0.17333333333333334,6.8,1,2,75
3316,257010,27.496666759252548,0.08108108108108103,6.351351351351352,1,0,74
3317,257106,40.20999949332327,0.27083333333333337,6.5,0,5,96
3318,257202,35.55833279248327,0.25,8.322916666666666,0,2,96
3319,257298,55.32833355665207,0.09375,7.635416666666667,0,0,96
3320,257336,8.65333341062069,0.02631578947368418,5.0,1,0,38
3321,257367,-1.5683335661888123,0.19354838709677424,5.0,1,0,31
3322,257463,50.10000029206276,0.21875,5.8125,0,2,96
3323,257559,46.41500034928322,0.22916666666666663,6.28125,0,2,96
3324,257655,57.98166696727276,0.125,5.864583333333333,0,3,96
3325,257746,39.22500106692314,0.08791208791208793,5.967032967032967,1,0,91
3326,257842,47.53666703775525,0.1875,6.833333333333333,0,2,96
3327,257936,45.74333477020264,0.04255319148936165,5.9787234042553195,1,0,94
3328,257997,1.0183338522911072,0.29508196721311475,8.278688524590164,1,0,61
3329,258035,3.118333950638771,0.1578947368421053,5.394736842105263,1,0,38
3330,258131,36.214999824762344,0.28125,7.71875,0,1,96
3331,258227,59.46333383768797,0.09375,6.229166666666667,0,3,96
3332,258323,51.295000433921814,0.15625,6.65625,0,3,96
3333,258383,1.2850004583597183,0.35,6.65,1,1,60
3334,258460,25.93666659295559,0.11688311688311692,6.415584415584416,1,1,77
3335,258521,22.2933336943388,0.049180327868852514,5.967213114754099,1,0,61
3336,258617,43.3783338367939,0.22916666666666663,7.010416666666667,0,2,96
3337,258713,58.8133337944746,0.07291666666666663,6.854166666666667,0,2,96
3338,258809,57.9899999499321,0.10416666666666663,6.75,0,0,96
3339,258905,58.32000045478344,0.10416666666666663,6.125,0,3,96
3340,258964,19.52833381295204,0.06779661016949157,5.915254237288136,1,0,59
3341,259015,15.265000030398369,0.019607843137254943,6.529411764705882,1,0,51
3342,259111,47.82000017166138,0.16666666666666663,7.75,0,0,96
3343,259207,53.20999953150749,0.14583333333333337,6.6875,0,2,96
3344,259303,53.09166707471013,0.14583333333333337,6.739583333333333,0,1,96
3345,259374,18.05666695535183,0.18309859154929575,6.28169014084507,1,1,71
3346,259445,24.690000861883163,0.11267605633802813,6.0,1,0,71
3347,259507,16.258333414793015,0.17741935483870963,5.241935483870968,1,1,62
3348,259587,33.12166807055473,0.0625,5.9875,1,1,80
3349,259670,35.35500021278858,0.06024096385542166,6.397590361445783,1,0,83
3350,259766,43.89499924238771,0.19791666666666663,7.65625,0,2,96
3351,259837,7.018332249484956,0.2535211267605634,7.873239436619718,1,2,71
3352,259933,56.19166685640812,0.11458333333333337,6.427083333333333,0,3,96
3353,260029,61.54000052809715,0.07291666666666663,6.625,0,0,96
3354,260125,51.72333377599716,0.15625,6.666666666666667,0,3,96
3355,260221,28.561667083762586,0.35416666666666663,7.239583333333333,0,5,96
3356,260317,62.62666690349579,0.08333333333333337,6.020833333333333,0,1,96
3357,260361,6.051667168736458,0.11363636363636365,6.659090909090909,1,0,44
3358,260395,5.399999797344208,0.0,5.823529411764706,1,0,34
3359,260491,54.80666676815599,0.13541666666666663,6.708333333333333,0,1,96
3360,260579,39.64666627347469,0.05681818181818177,6.159090909090909,1,0,88
3361,260617,-4.228333797305822,0.21052631578947367,7.868421052631579,1,2,38
3362,260673,18.07500061392784,0.0357142857142857,6.482142857142857,1,0,56
3363,260739,23.116667568683624,0.09090909090909094,5.9393939393939394,1,0,66
3364,260778,7.375000774860382,0.02564102564102566,6.076923076923077,1,0,39
3365,260830,11.880000323057175,0.09615384615384615,6.6923076923076925,1,0,52
3366,260863,0.590000331401825,0.12121212121212122,5.818181818181818,1,0,33
3367,260959,43.6350006563589,0.17708333333333337,7.90625,0,3,96
3368,261055,48.77333351969719,0.17708333333333337,7.291666666666667,0,0,96
3369,261151,36.67166647315025,0.28125,7.552083333333333,0,2,96
3370,261247,62.04333367943764,0.09375,5.854166666666667,0,2,96
3371,261343,44.27166690584272,0.21875,7.302083333333333,0,1,96
3372,261439,52.03166716452688,0.13541666666666663,7.177083333333333,0,2,96
3373,261535,68.88666705787182,0.07291666666666663,4.770833333333333,0,1,96
3374,261630,38.93666614592075,0.08421052631578951,6.71578947368421,1,1,95
3375,261677,-2.0866677910089493,0.44680851063829785,4.042553191489362,1,0,47
3376,261773,52.15333327651024,0.1875,6.041666666666667,0,1,96
3377,261869,60.021667048335075,0.125,5.552083333333333,0,2,96
3378,261965,35.2616675645113,0.19791666666666663,5.114583333333333,1,1,96
3379,262061,44.261667016893625,0.1875,7.864583333333333,0,2,96
3380,262132,9.553333587944508,0.16901408450704225,8.591549295774648,1,5,71
3381,262225,29.561667195521295,0.17204301075268813,6.56989247311828,1,2,93
3382,262279,19.955001160502434,0.03703703703703709,4.944444444444445,1,1,54
3383,262375,35.68166668713093,0.36458333333333337,5.427083333333333,0,5,96
3384,262471,58.711667224764824,0.09375,6.552083333333333,0,1,96
3385,262567,53.06333336234093,0.13541666666666663,6.729166666666667,0,2,96
3386,262629,12.700000822544098,0.19354838709677424,6.290322580645161,1,1,62
3387,262725,38.53666600957513,0.26041666666666663,6.770833333333333,0,4,96
3388,262771,8.318333268165588,0.04347826086956519,7.978260869565218,1,0,46
3389,262867,41.76500030886382,0.20833333333333337,7.59375,0,3,96
3390,262963,53.01333333551884,0.15625,6.541666666666667,0,2,96
3391,262993,-1.3599994480609894,0.16666666666666663,5.0,1,0,30
3392,263037,-7.059999936260283,0.2727272727272727,9.409090909090908,1,2,44
3393,263133,54.88833291828632,0.13541666666666663,6.572916666666667,0,2,96
3394,263229,56.11000080406666,0.14583333333333337,5.8125,0,3,96
3395,263325,67.39833368360996,0.04166666666666663,5.822916666666667,0,1,96
3396,263421,41.529999896883965,0.17708333333333337,7.75,0,5,96
3397,263514,31.78999951481819,0.12903225806451613,6.838709677419355,1,1,93
3398,263570,14.90666675567627,0.1071428571428571,5.928571428571429,1,2,56
3399,263666,48.24499988555908,0.16666666666666663,7.28125,0,2,96
3400,263749,1.96499964594841,0.3975903614457831,6.397590361445783,1,8,83
3401,263793,13.233333587646484,0.022727272727272707,5.136363636363637,1,0,44
3402,263889,56.41833385825157,0.15625,5.635416666666667,0,1,96
3403,263960,30.278333842754364,0.07042253521126762,5.169014084507042,1,0,71
3404,264056,60.88166753947735,0.09375,6.052083333333333,0,1,96
3405,264104,-1.7466664016246796,0.20833333333333337,9.333333333333334,1,0,48
3406,264151,0.8383335247635841,0.276595744680851,5.8936170212765955,1,2,47
3407,264201,0.4299996495246887,0.31999999999999995,5.76,1,2,50
3408,264296,18.524999737739563,0.2421052631578947,7.7368421052631575,1,2,95
3409,264392,52.87000021710992,0.19791666666666663,5.5625,0,1,96
3410,264488,60.148333474993706,0.11458333333333337,5.947916666666667,0,1,96
3411,264584,50.38500102236867,0.1875,5.90625,0,3,96
3412,264630,11.525000810623169,0.04347826086956519,6.065217391304348,1,0,46
3413,264726,61.86500038206577,0.10416666666666663,5.53125,0,2,96
3414,264791,16.826667308807373,0.1384615384615384,6.676923076923077,1,0,65
3415,264828,-5.408333942294121,0.4054054054054054,4.675675675675675,1,0,37
3416,264875,9.889999866485596,0.06382978723404253,6.8936170212765955,1,0,47
3417,264922,-0.16666652262210846,0.19148936170212771,8.638297872340425,1,1,47
3418,265018,59.144998759031296,0.09375,6.84375,0,0,96
3419,265114,48.28333381470293,0.1875,6.791666666666667,0,1,96
3420,265172,-16.831665971316397,0.48275862068965514,10.051724137931034,1,2,58
3421,265268,56.16333359479904,0.13541666666666663,6.041666666666667,0,3,96
3422,265350,39.34166742861271,0.060975609756097615,5.036585365853658,1,0,82
3423,265446,46.78499961551279,0.14583333333333337,8.15625,0,2,96
3424,265542,52.78666700422764,0.11458333333333337,7.208333333333333,0,4,96
3425,265578,-5.673332497477531,0.2777777777777778,7.055555555555555,1,1,36
3426,265667,40.22833487391472,0.0786516853932584,5.337078651685394,1,2,89
3427,265763,55.203333891928196,0.14583333333333337,5.854166666666667,0,4,96
3428,265859,32.63500029966235,0.33333333333333337,6.59375,0,4,96
3429,265954,20.979999548755586,0.2421052631578947,7.073684210526316,1,2,95
3430,266050,46.99333400186151,0.15625,7.104166666666667,0,5,96
3431,266117,5.173334300518036,0.31343283582089554,6.955223880597015,1,1,67
3432,266213,65.22833359241486,0.10416666666666663,4.947916666666667,0,0,96
3433,266244,-13.738333031535149,0.5161290322580645,6.548387096774194,1,0,31
3434,266288,6.23833367228508,0.06818181818181823,7.659090909090909,1,0,44
3435,266384,51.71666713710874,0.16666666666666663,6.520833333333333,0,1,96
3436,266480,64.37666787207127,0.08333333333333337,5.458333333333333,0,1,96
3437,266549,26.448333024978638,0.04347826086956519,6.536231884057971,1,0,69
3438,266605,9.47166708111763,0.2321428571428571,5.553571428571429,1,0,56
3439,266701,53.591666623950005,0.125,7.052083333333333,0,1,96
3440,266797,46.91833342984319,0.21875,6.385416666666667,0,2,96
3441,266893,55.935000002384186,0.15625,6.09375,0,0,96
3442,266989,50.860000542365015,0.16666666666666663,6.5625,0,2,96
3443,267035,8.361666649580002,0.08695652173913049,6.760869565217392,1,0,46
3444,267077,0.6450006067752838,0.19047619047619047,7.357142857142857,1,0,42
3445,267173,48.4500000923872,0.09375,8.75,0,2,96
3446,267222,16.819999665021896,0.020408163265306145,5.142857142857143,1,0,49
3447,267287,28.70666716992855,0.03076923076923077,5.015384615384615,1,0,65
3448,267323,1.2600004971027374,0.13888888888888884,6.333333333333333,1,0,36
3449,267387,12.635000488720834,0.15625,7.546875,1,1,64
3450,267432,2.4450006186962128,0.06666666666666665,9.533333333333333,1,1,45
3451,267493,3.2550006099045277,0.19672131147540983,9.39344262295082,1,1,61
3452,267582,29.684999331831932,0.1123595505617978,7.651685393258427,1,0,89
3453,267628,4.56000117957592,0.17391304347826086,6.782608695652174,1,0,46
3454,267694,26.150000542402267,0.0757575757575758,5.2727272727272725,1,0,66
3455,267790,56.92000085860491,0.08333333333333337,6.4375,0,6,96
3456,267886,53.93999966979027,0.13541666666666663,7.0,0,1,96
3457,267962,21.983333251439035,0.11842105263157898,7.315789473684211,1,1,76
3458,268033,18.9283340126276,0.18309859154929575,6.014084507042254,1,1,71
3459,268129,60.38666705787182,0.15625,5.083333333333333,0,0,96
3460,268175,7.894999906420708,0.08695652173913049,6.8478260869565215,1,0,46
3461,268247,32.51000098884106,0.02777777777777779,5.75,1,0,72
3462,268327,15.393334865570068,0.22499999999999998,7.475,1,0,80
3463,268423,57.05000048875809,0.11458333333333337,6.4375,0,1,96
3464,268519,50.22166632767767,0.14583333333333337,7.239583333333333,0,1,96
3465,268591,22.298332899808884,0.16666666666666663,5.513888888888889,1,0,72
3466,268687,50.96666680276394,0.14583333333333337,7.270833333333333,0,1,96
3467,268783,60.57500007748604,0.0625,6.84375,0,1,96
3468,268879,31.976666546426713,0.28125,8.020833333333334,0,4,96
3469,268975,23.56000035163015,0.32291666666666663,8.5,0,8,96
3470,269045,10.904999232850969,0.19999999999999996,7.928571428571429,1,1,70
3471,269130,32.64833438396454,0.12941176470588234,5.658823529411765,1,0,85
3472,269168,8.258333444595337,0.0,5.394736842105263,1,1,38
3473,269264,39.10833343025297,0.1875,8.885416666666666,0,3,96
3474,269360,56.643333449959755,0.10416666666666663,6.791666666666667,0,2,96
3475,269396,-0.7666655331850052,0.19444444444444442,6.111111111111111,1,0,36
3476,269492,39.55333359539509,0.26041666666666663,6.854166666666667,0,4,96
3477,269540,16.590001046657562,0.02083333333333337,5.0,1,0,48
3478,269636,64.7700002938509,0.05208333333333337,6.25,0,0,96
3479,269696,-0.08833333849906921,0.43333333333333335,5.283333333333333,1,1,60
3480,269792,32.70833352860063,0.27083333333333337,8.010416666666666,0,4,96
3481,269888,42.103332734666765,0.20833333333333337,7.666666666666667,0,3,96
3482,269984,37.606666817329824,0.29166666666666663,6.208333333333333,0,6,96
3483,270080,49.41333356499672,0.17708333333333337,6.604166666666667,0,3,96
3484,270157,23.58166640251875,0.1558441558441559,5.987012987012987,1,2,77
3485,270253,69.43666718900204,0.04166666666666663,5.395833333333333,0,0,96
3486,270305,2.2100001499056816,0.21153846153846156,7.5,1,3,52
3487,270350,-0.03500060737133026,0.28888888888888886,5.933333333333334,1,1,45
3488,270404,1.62166628241539,0.2592592592592593,7.092592592592593,1,3,54
3489,270500,44.878333017230034,0.28125,5.697916666666667,0,1,96
3490,270554,8.810000598430634,0.14814814814814814,7.222222222222222,1,0,54
3491,270601,-6.981666564941406,0.3829787234042553,7.9361702127659575,1,0,47
3492,270668,30.041666865348816,0.02985074626865669,5.0,1,0,67
3493,270730,15.873332932591438,0.16129032258064513,5.870967741935484,1,0,62
3494,270826,48.266666650772095,0.15625,7.583333333333333,0,1,96
3495,270922,61.34500006213784,0.07291666666666663,6.46875,0,1,96
3496,271018,49.81333337724209,0.15625,6.854166666666667,0,4,96
3497,271114,32.296666994690895,0.28125,8.395833333333334,0,3,96
3498,271210,45.01000042911619,0.22916666666666663,6.625,0,1,96
3499,271306,49.95166652556509,0.20833333333333337,5.552083333333333,0,4,96
3500,271359,1.860000029206276,0.2075471698113207,8.60377358490566,1,0,53
3501,271455,58.23833405971527,0.125,5.822916666666667,0,2,96
3502,271497,3.276667430996895,0.1428571428571429,6.761904761904762,1,0,42
3503,271548,10.526667803525925,0.0980392156862745,6.1568627450980395,1,3,51
3504,271644,59.71000025328249,0.0625,7.0625,0,1,96
3505,271740,34.548333548009396,0.27083333333333337,7.510416666666667,0,6,96
3506,271836,54.47833400219679,0.15625,6.072916666666667,0,1,96
3507,271893,11.983332633972168,0.21052631578947367,5.12280701754386,1,0,57
3508,271937,4.886666387319565,0.11363636363636365,7.409090909090909,1,0,44
3509,271979,12.788333058357239,0.0,5.023809523809524,1,0,42
3510,272075,52.16500032693148,0.15625,6.03125,0,5,96
3511,272171,46.97500010486692,0.17708333333333337,7.34375,0,2,96
3512,272210,-1.1333335489034653,0.23076923076923073,6.512820512820513,1,0,39
3513,272305,44.55666680634022,0.09473684210526312,4.947368421052632,1,2,95
3514,272339,6.83166778087616,0.0,4.911764705882353,1,0,34
3515,272400,11.126667141914368,0.2622950819672131,5.344262295081967,1,0,61
3516,272445,2.561666026711464,0.1333333333333333,7.844444444444444,1,2,45
3517,272497,14.643334150314331,0.09615384615384615,5.384615384615385,1,0,52
3518,272539,6.319999873638153,0.09523809523809523,6.0,1,1,42
3519,272610,18.706666722893715,0.18309859154929575,6.197183098591549,1,0,71
3520,272701,40.78999978303909,0.06593406593406592,6.065934065934066,1,1,91
3521,272784,22.688333711586893,0.1686746987951807,7.024096385542169,1,1,83
3522,272824,9.845000267028809,0.025000000000000022,5.175,1,0,40
3523,272878,4.2983330227434635,0.16666666666666663,8.24074074074074,1,2,54
3524,272913,7.35833352804184,0.0,5.0,1,0,35
3525,272983,33.52166621387005,0.014285714285714235,5.042857142857143,1,0,70
3526,273018,-6.78666689991951,0.3142857142857143,6.8,1,1,35
3527,273114,50.63333385344595,0.16666666666666663,6.916666666666667,0,1,96
3528,273172,14.275001019239426,0.13793103448275867,6.155172413793103,1,0,58
3529,273245,4.899999707937241,0.3972602739726028,6.164383561643835,1,0,73
3530,273341,55.056667029857635,0.11458333333333337,6.583333333333333,0,2,96
3531,273404,23.32499960064888,0.04761904761904767,6.0476190476190474,1,1,63
3532,273494,29.844999997876585,0.09999999999999998,7.166666666666667,1,4,90
3533,273590,44.7816669261083,0.17708333333333337,7.677083333333333,0,2,96
3534,273670,-8.511666097678244,0.375,9.9875,1,4,80
3535,273713,12.458333760499954,0.0,5.186046511627907,1,2,43
3536,273753,-2.0433328673243523,0.275,6.05,1,1,40
3537,273838,28.1366675645113,0.15294117647058825,6.517647058823529,1,0,85
3538,273906,17.993333987891674,0.17647058823529416,5.529411764705882,1,3,68
3539,274002,25.6983333658427,0.38541666666666663,7.447916666666667,0,3,96
3540,274083,-9.099999338388443,0.3827160493827161,10.444444444444445,1,3,81
3541,274130,1.586667239665985,0.1063829787234043,8.851063829787234,1,3,47
3542,274226,55.643332958221436,0.11458333333333337,6.666666666666667,0,1,96
3543,274322,44.99666693806648,0.17708333333333337,8.020833333333334,0,1,96
3544,274369,12.045000597834587,0.1063829787234043,4.914893617021277,1,0,47
3545,274411,4.563333973288536,0.11904761904761907,6.523809523809524,1,1,42
3546,274454,1.5333336889743805,0.2325581395348837,5.395348837209302,1,3,43
3547,274529,21.801666542887688,0.1466666666666666,6.306666666666667,1,2,75
3548,274618,23.38833463191986,0.1573033707865169,7.696629213483146,1,3,89
3549,274714,32.83000008761883,0.27083333333333337,8.1875,0,2,96
3550,274796,28.380000337958336,0.13414634146341464,6.219512195121951,1,0,82
3551,274892,59.125000670552254,0.09375,5.90625,0,4,96
3552,274966,32.29500153660774,0.027027027027026973,5.95945945945946,1,0,74
3553,275040,18.346667669713497,0.1216216216216216,8.135135135135135,1,1,74
3554,275082,3.4699997007846832,0.11904761904761907,7.571428571428571,1,0,42
3555,275147,15.180000931024551,0.1384615384615384,6.6461538461538465,1,3,65
3556,275187,7.340000569820404,0.050000000000000044,6.15,1,0,40
3557,275283,34.48833353817463,0.21875,8.822916666666666,0,3,96
3558,275321,-10.79000024497509,0.42105263157894735,7.7368421052631575,1,0,38
3559,275417,31.42333326395601,0.30208333333333337,7.854166666666667,0,2,96
3560,275466,-0.05333228409290314,0.2857142857142857,6.8979591836734695,1,0,49
3561,275562,68.18000048398972,0.03125,6.0,0,0,96
3562,275604,3.796667665243149,0.11904761904761907,7.190476190476191,1,0,42
3563,275700,52.98333368450403,0.13541666666666663,6.666666666666667,0,2,96
3564,275796,52.31833380460739,0.07291666666666663,7.385416666666667,0,6,96
3565,275848,7.598334610462189,0.21153846153846156,5.326923076923077,1,2,52
3566,275880,-17.471666612662375,0.4375,10.34375,1,2,32
3567,275976,56.3666665405035,0.125,6.333333333333333,0,1,96
3568,276039,24.070000186562538,0.06349206349206349,5.333333333333333,1,0,63
3569,276135,32.10999997612089,0.26041666666666663,8.0,0,6,96
3570,276172,-5.0366672575473785,0.32432432432432434,5.945945945945946,1,1,37
3571,276207,6.951666980981827,0.05714285714285716,4.085714285714285,1,0,35
3572,276245,6.678333044052124,0.052631578947368474,5.2368421052631575,1,1,38
3573,276309,26.07833342254162,0.03125,5.921875,1,0,64
3574,276375,26.340000048279762,0.030303030303030276,6.090909090909091,1,1,66
3575,276471,38.04499965719879,0.23958333333333337,7.46875,0,4,96
3576,276567,41.6266661696136,0.0625,6.333333333333333,1,2,96
3577,276605,0.5900007551535964,0.1578947368421053,6.315789473684211,1,1,38
3578,276701,44.32000083383173,0.21875,6.75,0,3,96
3579,276797,71.2283343076706,0.02083333333333337,5.510416666666667,0,0,96
3580,276846,4.958333030343056,0.1428571428571429,7.489795918367347,1,2,49
3581,276942,49.47999981697649,0.13541666666666663,7.4375,0,3,96
3582,277009,22.786667481064796,0.08955223880597019,5.850746268656716,1,2,67
3583,277105,49.90500025451183,0.15625,7.46875,0,1,96
3584,277201,63.258334040641785,0.07291666666666663,6.072916666666667,0,0,96
3585,277281,25.011668026447296,0.13749999999999996,6.8125,1,0,80
3586,277327,12.416667342185974,0.04347826086956519,5.130434782608695,1,2,46
3587,277423,62.04499959945679,0.08333333333333337,6.28125,0,0,96
3588,277519,46.76999966800213,0.13541666666666663,8.375,0,1,96
3589,277586,21.0400008559227,0.13432835820895528,5.641791044776119,1,1,67
3590,277682,65.23666615784168,0.05208333333333337,6.083333333333333,0,1,96
3591,277778,66.24000045657158,0.02083333333333337,6.375,0,2,96
3592,277810,0.061667829751968384,0.15625,5.03125,1,0,32
3593,277906,55.35833349078894,0.08333333333333337,6.947916666666667,0,3,96
3594,277999,20.635000607930124,0.19354838709677424,7.387096774193548,1,5,93
3595,278095,63.21666704118252,0.10416666666666663,5.270833333333333,0,2,96
3596,278191,54.24166711419821,0.16666666666666663,5.802083333333333,0,2,96
3597,278287,57.01333402097225,0.11458333333333337,6.354166666666667,0,2,96
3598,278383,54.19666665792465,0.125,6.520833333333333,0,3,96
3599,278479,48.12833307683468,0.16666666666666663,7.260416666666667,0,1,96
3600,278555,31.231666833162308,0.06578947368421051,5.671052631578948,1,2,76
3601,278651,44.331667102873325,0.25,5.739583333333333,0,5,96
3602,278747,28.161666376516223,0.27083333333333337,9.239583333333334,0,4,96
3603,278843,51.4433334954083,0.16666666666666663,6.416666666666667,0,3,96
3604,278939,43.735000184737146,0.19791666666666663,7.71875,0,2,96
3605,278973,-1.9700004905462265,0.23529411764705888,4.9411764705882355,1,1,34
3606,279069,62.783333256840706,0.05208333333333337,6.479166666666667,0,1,96
3607,279165,53.001666626892984,0.14583333333333337,6.614583333333333,0,3,96
3608,279261,54.90500043705106,0.125,6.53125,0,3,96
3609,279356,9.451666246168315,0.28421052631578947,8.326315789473684,1,6,95
3610,279410,2.0083340108394623,0.2222222222222222,7.796296296296297,1,3,54
3611,279500,-1.124999993480742,0.34444444444444444,9.5,1,4,90
3612,279596,60.38833364844322,0.03125,7.760416666666667,0,0,96
3613,279650,17.57166701555252,0.09259259259259256,4.87037037037037,1,0,54
3614,279746,26.983333251439035,0.33333333333333337,8.479166666666666,0,2,96
3615,279840,25.73166685551405,0.24468085106382975,5.542553191489362,1,5,94
3616,279936,45.57833309471607,0.10416666666666663,9.510416666666666,0,1,96
3617,279979,10.596667498350143,0.023255813953488413,6.186046511627907,1,0,43
3618,280046,12.463333151303232,0.16417910447761197,7.6716417910447765,1,2,67
3619,280120,24.816666439175606,0.10810810810810811,5.945945945945946,1,3,74
3620,280160,8.949999362230301,0.0,6.3,1,0,40
3621,280256,37.181666661053896,0.22916666666666663,7.864583333333333,0,3,96
3622,280292,3.2816659808158875,0.05555555555555558,6.805555555555555,1,0,36
3623,280354,-6.308333978056908,0.3709677419354839,8.693548387096774,1,2,62
3624,280403,7.448333740234375,0.08163265306122447,8.224489795918368,1,0,49
3625,280477,25.8683338239789,0.09459459459459463,6.337837837837838,1,1,74
3626,280527,16.67666707932949,0.040000000000000036,5.08,1,0,50
3627,280623,59.57333420217037,0.11458333333333337,6.041666666666667,0,0,96
3628,280719,53.26333300769329,0.10416666666666663,7.729166666666667,0,0,96
3629,280774,16.735000170767307,0.07272727272727275,5.7272727272727275,1,1,55
3630,280818,13.498333498835564,0.022727272727272707,4.931818181818182,1,0,44
3631,280878,17.768333360552788,0.06666666666666665,6.716666666666667,1,1,60
3632,280974,51.1916666245088,0.14583333333333337,7.177083333333333,0,1,96
3633,281070,61.300000846385956,0.03125,7.5625,0,1,96
3634,281112,6.176667347550392,0.09523809523809523,6.333333333333333,1,0,42
3635,281208,50.0983327543363,0.11458333333333337,8.135416666666666,0,1,96
3636,281292,18.23166587948799,0.2857142857142857,5.845238095238095,1,0,84
3637,281388,60.76666682958603,0.03125,7.270833333333333,0,1,96
3638,281453,11.995000696741045,0.16923076923076918,7.338461538461538,1,1,65
3639,281518,11.615001231431961,0.15384615384615385,7.430769230769231,1,3,65
3640,281582,27.766667246818542,0.015625,5.375,1,1,64
3641,281678,56.970000211149454,0.15625,5.5625,0,2,96
3642,281748,15.365000784397125,0.09999999999999998,8.785714285714286,1,1,70
3643,281834,14.821666955947876,0.2558139534883721,7.662790697674419,1,0,86
3644,281888,-5.086667408235371,0.2407407407407407,10.296296296296296,1,3,54
3645,281922,6.500000178813934,0.0,5.117647058823529,1,0,34
3646,281973,9.648334056138992,0.05882352941176472,7.196078431372549,1,4,51
3647,282031,8.196667111478746,0.13793103448275867,7.896551724137931,1,3,58
3648,282078,2.2900004908442497,0.14893617021276595,8.170212765957446,1,2,47
3649,282174,47.3233339143917,0.125,8.354166666666666,0,3,96
3650,282216,10.011666893959045,0.023809523809523836,6.119047619047619,1,0,42
3651,282281,14.030000790953636,0.10769230769230764,8.4,1,0,65
3652,282377,48.53166610002518,0.16666666666666663,7.302083333333333,0,0,96
3653,282473,65.25500053167343,0.09375,5.28125,0,0,96
3654,282525,12.68833339214325,0.07692307692307687,6.480769230769231,1,1,52
3655,282572,10.596667438745499,0.08510638297872342,6.042553191489362,1,0,47
3656,282655,33.04833383858204,0.07228915662650603,6.518072289156627,1,1,83
3657,282751,59.021666798740625,0.0625,7.114583333333333,0,3,96
3658,282806,19.74500085413456,0.054545454545454564,5.072727272727272,1,0,55
3659,282900,13.260000152513385,0.19148936170212771,9.574468085106384,1,4,94
3660,282938,8.17999941110611,0.052631578947368474,4.7368421052631575,1,0,38
3661,283034,51.93833355605602,0.125,7.697916666666667,0,0,96
3662,283124,30.18166733533144,0.0888888888888889,7.988888888888889,1,1,90
3663,283200,35.47333383560181,0.013157894736842146,5.973684210526316,1,0,76
3664,283296,45.54833360668272,0.1875,7.135416666666667,0,3,96
3665,283392,54.67833377793431,0.125,6.385416666666667,0,2,96
3666,283488,44.27333348989487,0.16666666666666663,8.541666666666666,0,0,96
3667,283545,17.73333280533552,0.0,7.228070175438597,1,2,57
3668,283641,23.22000152245164,0.19791666666666663,7.75,1,3,96
3669,283737,39.62833335995674,0.1875,8.510416666666666,0,2,96
3670,283777,-0.23166613280773163,0.17500000000000004,7.375,1,1,40
3671,283826,9.781667605042458,0.12244897959183676,5.979591836734694,1,1,49
3672,283868,6.61833330988884,0.0714285714285714,6.738095238095238,1,0,42
3673,283946,8.61333367228508,0.20512820512820518,9.666666666666666,1,0,78
3674,284034,20.329999572597444,0.19318181818181823,7.295454545454546,1,3,88
3675,284121,40.723332941532135,0.04597701149425293,6.045977011494253,1,0,87
3676,284217,59.775000125169754,0.11458333333333337,5.96875,0,1,96
3677,284271,19.87999850511551,0.09259259259259256,4.0,1,0,54
3678,284318,14.17333322763443,0.0,6.085106382978723,1,0,47
3679,284374,21.078333139419556,0.0,5.910714285714286,1,1,56
3680,284470,46.21333396434784,0.23958333333333337,6.104166666666667,0,1,96
3681,284566,60.891667157411575,0.11458333333333337,5.614583333333333,0,2,96
3682,284609,-6.09500016272068,0.37209302325581395,6.488372093023256,1,2,43
3683,284697,15.288333129137754,0.19318181818181823,7.784090909090909,1,8,88
3684,284793,55.444999903440475,0.07291666666666663,7.78125,0,0,96
3685,284846,11.780001051723957,0.09433962264150941,6.339622641509434,1,2,53
3686,284900,5.604999303817749,0.2407407407407407,6.5,1,0,54
3687,284950,1.0983337461948395,0.21999999999999997,8.06,1,0,50
3688,285029,24.65833293646574,0.12658227848101267,6.1645569620253164,1,6,79
3689,285125,39.896666935645044,0.26041666666666663,6.708333333333333,0,3,96
3690,285221,22.545000239275396,0.39583333333333337,7.53125,0,5,96
3691,285317,36.51333311572671,0.26041666666666663,7.979166666666667,0,2,96
3692,285413,54.68000010307878,0.125,6.5,0,3,96
3693,285455,-0.464999177493155,0.2142857142857143,7.071428571428571,1,1,42
3694,285522,23.9466655254364,0.10447761194029848,5.223880597014926,1,1,67
3695,285607,17.48000079765916,0.18823529411764706,8.047058823529412,1,2,85
3696,285642,4.334999531507492,0.08571428571428574,4.714285714285714,1,1,35
3697,285721,29.866668209433556,0.08860759493670889,6.253164556962025,1,0,79
3698,285756,-9.391667172312737,0.34285714285714286,7.057142857142857,1,3,35
3699,285800,8.876666277647018,0.09090909090909094,5.909090909090909,1,0,44
3700,285896,59.913332998752594,0.04166666666666663,7.791666666666667,0,0,96
3701,285938,1.6633335202932358,0.16666666666666663,6.666666666666667,1,2,42
3702,285991,14.049999713897705,0.09433962264150941,6.113207547169812,1,0,53
3703,286087,44.82499986048788,0.20833333333333337,6.96875,0,2,96
3704,286130,-4.8899989211931825,0.32558139534883723,7.116279069767442,1,1,43
3705,286174,14.970000386238098,0.0,4.7727272727272725,1,0,44
3706,286260,15.12333323713392,0.2558139534883721,7.441860465116279,1,2,86
3707,286304,4.130000948905945,0.15909090909090906,6.818181818181818,1,0,44
3708,286348,1.8583339005708694,0.13636363636363635,7.795454545454546,1,2,44
3709,286403,16.363333001732826,0.018181818181818188,6.618181818181818,1,2,55
3710,286497,33.168333649635315,0.17021276595744683,5.946808510638298,1,1,94
3711,286593,48.51666738092899,0.17708333333333337,6.645833333333333,0,2,96
3712,286689,52.793333522975445,0.1875,5.916666666666667,0,1,96
3713,286785,48.76833376288414,0.19791666666666663,6.447916666666667,0,1,96
3714,286881,60.070000648498535,0.10416666666666663,5.9375,0,1,96
3715,286948,21.603333964943886,0.07462686567164178,6.776119402985074,1,2,67
3716,287044,39.86500105261803,0.13541666666666663,5.40625,1,1,96
3717,287092,12.703333750367165,0.08333333333333337,5.583333333333333,1,0,48
3718,287188,49.88166618347168,0.13541666666666663,7.864583333333333,0,0,96
3719,287225,4.556667298078537,0.08108108108108103,6.054054054054054,1,0,37
3720,287299,24.796667218208313,0.1216216216216216,6.351351351351352,1,0,74
3721,287362,8.868333250284195,0.19047619047619047,7.634920634920635,1,1,63
3722,287458,29.888333290815353,0.3125,8.260416666666666,0,0,96
3723,287512,17.1983340382576,0.03703703703703709,6.351851851851852,1,0,54
3724,287550,-7.348332196474075,0.4473684210526315,5.184210526315789,1,0,38
3725,287646,56.02499960362911,0.10416666666666663,7.03125,0,0,96
3726,287741,29.4883334338665,0.18947368421052635,6.4526315789473685,1,2,95
3727,287790,-5.908333965577185,0.326530612244898,8.428571428571429,1,2,49
3728,287879,25.31833428144455,0.2134831460674157,6.348314606741573,1,1,89
3729,287944,9.055000803433359,0.19999999999999996,7.984615384615385,1,1,65
3730,288000,13.23333266377449,0.2321428571428571,4.035714285714286,1,0,56
3731,288092,30.323333740234375,0.13043478260869568,6.760869565217392,1,5,92
3732,288147,7.9033337235450745,0.19999999999999996,5.963636363636364,1,3,55
3733,288243,59.12333291769028,0.11458333333333337,5.979166666666667,0,1,96
3734,288339,65.97333392500877,0.05208333333333337,5.854166666666667,0,1,96
3735,288415,15.508332759141922,0.1842105263157895,7.5131578947368425,1,2,76
3736,288472,1.189999520778656,0.3157894736842105,7.368421052631579,1,0,57
3737,288526,6.685000091791153,0.18518518518518523,6.944444444444445,1,1,54
3738,288601,21.060000121593475,0.17333333333333334,6.32,1,1,75
3739,288697,64.95333331823349,0.05208333333333337,6.166666666666667,0,0,96
3740,288742,12.570000171661377,0.022222222222222254,6.0,1,0,45
3741,288789,16.085000216960907,0.0,5.297872340425532,1,0,47
3742,288885,31.33666657563299,0.27083333333333337,8.520833333333334,0,3,96
3743,288976,35.891666024923325,0.08791208791208793,6.582417582417582,1,2,91
3744,289072,61.56833307445049,0.03125,6.947916666666667,0,3,96
3745,289168,55.67333394289017,0.11458333333333337,6.666666666666667,0,1,96
3746,289264,55.371666852384806,0.125,6.552083333333333,0,2,96
3747,289360,44.22833351045847,0.17708333333333337,7.447916666666667,0,5,96
3748,289456,48.04833354707807,0.17708333333333337,6.885416666666667,0,2,96
3749,289510,-9.87500033620745,0.4629629629629629,7.611111111111111,1,2,54
3750,289606,50.153333351016045,0.1875,6.354166666666667,0,2,96
3751,289702,17.898333034478128,0.44791666666666663,7.760416666666667,0,2,96
3752,289765,20.143334478139877,0.12698412698412698,5.396825396825397,1,0,63
3753,289861,61.91833320260048,0.09375,5.885416666666667,0,0,96
3754,289957,61.88666745182127,0.0625,6.020833333333333,0,3,96
3755,290053,38.421666896902025,0.19791666666666663,8.177083333333334,0,4,96
3756,290105,7.185000956058502,0.1923076923076923,6.519230769230769,1,0,52
3757,290201,55.08333382662386,0.125,6.666666666666667,0,1,96
3758,290297,40.615000519901514,0.21875,7.59375,0,3,96
3759,290393,64.53166750073433,0.04166666666666663,6.677083333333333,0,0,96
3760,290489,53.17000012751669,0.15625,6.4375,0,1,96
3761,290526,2.3149995505809784,0.1351351351351351,6.081081081081081,1,0,37
3762,290622,55.88166706264019,0.14583333333333337,5.802083333333333,0,4,96
3763,290693,11.778333693742752,0.19718309859154926,8.211267605633802,1,0,71
3764,290789,39.71333373617381,0.17708333333333337,9.166666666666666,0,2,96
3765,290827,6.510000869631767,0.10526315789473684,4.578947368421052,1,0,38
3766,290862,-6.223333641886711,0.2857142857142857,7.428571428571429,1,0,35
3767,290958,61.3566667586565,0.07291666666666663,6.708333333333333,0,0,96
3768,291054,50.0466670691967,0.14583333333333337,7.708333333333333,0,0,96
3769,291150,53.35500045120716,0.16666666666666663,6.09375,0,1,96
3770,291233,5.575000450015068,0.22891566265060237,10.228915662650602,1,2,83
3771,291329,52.99000062048435,0.15625,6.0625,0,4,96
3772,291402,10.703334599733353,0.26027397260273977,7.36986301369863,1,0,73
3773,291498,46.391667045652866,0.23958333333333337,6.239583333333333,0,1,96
3774,291531,-12.328333389014006,0.4242424242424242,7.424242424242424,1,1,33
3775,291585,17.559999898076057,0.03703703703703709,6.111111111111111,1,1,54
3776,291681,50.86166677530855,0.16666666666666663,6.739583333333333,0,1,96
3777,291764,41.111666947603226,0.012048192771084376,5.843373493975903,1,0,83
3778,291859,10.201666838489473,0.3263157894736842,8.010526315789473,1,1,95
3779,291955,56.99666677415371,0.09375,7.145833333333333,0,1,96
3780,292001,11.264999836683273,0.04347826086956519,6.065217391304348,1,1,46
3781,292097,57.390000492334366,0.13541666666666663,6.125,0,0,96
3782,292193,32.701666629873216,0.29166666666666663,8.177083333333334,0,1,96
3783,292233,-3.3566671274602413,0.275,6.25,1,2,40
3784,292268,3.918334200978279,0.02857142857142858,6.0285714285714285,1,2,35
3785,292364,73.52333343029022,0.02083333333333337,4.854166666666667,0,0,96
3786,292401,1.0733342617750168,0.18918918918918914,5.621621621621622,1,0,37
3787,292474,19.864999145269394,0.17808219178082196,6.287671232876712,1,1,73
3788,292570,61.80499970912933,0.10416666666666663,5.65625,0,1,96
3789,292615,4.501666948199272,0.11111111111111116,7.711111111111111,1,1,45
3790,292702,30.316667452454567,0.10344827586206895,6.988505747126437,1,1,87
3791,292768,17.68333362042904,0.13636363636363635,6.515151515151516,1,0,66
3792,292850,29.386667132377625,0.1097560975609756,6.390243902439025,1,1,82
3793,292946,21.988333365879953,0.375,8.510416666666666,0,3,96
3794,292980,-6.144999831914902,0.32352941176470584,6.264705882352941,1,0,34
3795,293060,1.2566676056012511,0.3375,8.725,1,2,80
3796,293110,2.4649998545646667,0.30000000000000004,5.7,1,0,50
3797,293204,34.28666651248932,0.13829787234042556,6.659574468085107,1,0,94
3798,293296,27.47666707634926,0.15217391304347827,7.586956521739131,1,1,92
3799,293355,18.899999976158142,0.05084745762711862,6.813559322033898,1,0,59
3800,293395,7.7299997210502625,0.050000000000000044,6.0,1,0,40
3801,293491,43.888333573937416,0.14583333333333337,8.822916666666666,0,1,96
3802,293576,38.499999701976776,0.08235294117647063,5.364705882352941,1,0,85
3803,293672,69.62833407521248,0.03125,5.510416666666667,0,0,96
3804,293761,-6.783332601189613,0.3932584269662921,9.730337078651685,1,4,89
3805,293857,38.74166667461395,0.20833333333333337,8.739583333333334,0,0,96
3806,293890,-7.171667322516441,0.4242424242424242,4.393939393939394,1,0,33
3807,293932,11.123332485556602,0.0714285714285714,4.380952380952381,1,0,42
3808,294028,26.563333734869957,0.3125,8.416666666666666,0,4,96
3809,294075,-8.890000202693045,0.44680851063829785,7.0212765957446805,1,1,47
3810,294171,60.34333395957947,0.04166666666666663,7.666666666666667,0,0,96
3811,294267,65.7300005108118,0.07291666666666663,5.4375,0,0,96
3812,294363,47.93666751682758,0.15625,7.708333333333333,0,1,96
3813,294459,57.10666669905186,0.08333333333333337,7.270833333333333,0,1,96
3814,294555,42.71500028669834,0.1875,8.09375,0,2,96
3815,294651,64.97666603326797,0.05208333333333337,6.395833333333333,0,0,96
3816,294719,12.358334049582481,0.22058823529411764,6.8088235294117645,1,1,68
3817,294763,11.69666700065136,0.022727272727272707,5.909090909090909,1,0,44
3818,294804,-2.9666676074266434,0.19512195121951215,9.024390243902438,1,0,41
3819,294856,14.780000865459442,0.07692307692307687,6.0,1,0,52
3820,294952,74.26500068604946,0.01041666666666663,5.03125,0,0,96
3821,295034,23.376667350530624,0.09756097560975607,8.512195121951219,1,0,82
3822,295130,64.36500069871545,0.05208333333333337,6.09375,0,1,96
3823,295226,47.050000213086605,0.14583333333333337,7.9375,0,3,96
3824,295322,47.72833407577127,0.15625,7.635416666666667,0,2,96
3825,295418,45.12833425402641,0.14583333333333337,8.760416666666666,0,1,96
3826,295479,19.728332817554474,0.06557377049180324,6.508196721311475,1,0,61
3827,295575,33.97500095143914,0.28125,8.03125,0,3,96
3828,295612,5.6916662603616714,0.08108108108108103,5.162162162162162,1,0,37
3829,295708,66.44166695326567,0.0625,5.364583333333333,0,2,96
3830,295804,54.7533332593739,0.04166666666666663,8.166666666666666,0,4,96
3831,295900,63.286667078733444,0.0625,6.270833333333333,0,1,96
3832,295996,30.936666578054428,0.19791666666666663,6.145833333333333,1,1,96
3833,296076,18.73833303153515,0.15000000000000002,8.2625,1,0,80
3834,296110,2.0999996215105057,0.1470588235294118,4.764705882352941,1,0,34
3835,296188,17.143334046006203,0.16666666666666663,7.82051282051282,1,1,78
3836,296263,20.518334805965424,0.16000000000000003,6.573333333333333,1,2,75
3837,296359,49.345000750385225,0.10416666666666663,8.34375,0,1,96
3838,296450,46.588334143161774,0.0,5.945054945054945,1,0,91
3839,296522,28.963333770632744,0.08333333333333337,5.638888888888889,1,0,72
3840,296552,-0.5899991989135742,0.09999999999999998,6.0,1,0,30
3841,296584,-1.3016668558120728,0.1875,5.28125,1,0,32
3842,296680,62.56833367049694,0.08333333333333337,5.947916666666667,0,1,96
3843,296763,28.978333987295628,0.12048192771084343,6.301204819277109,1,2,83
3844,296859,57.130000337958336,0.09375,6.625,0,2,96
3845,296953,30.21833326574415,0.13829787234042556,7.287234042553192,1,1,94
3846,296993,-5.9650003761053085,0.19999999999999996,9.975,1,1,40
3847,297089,52.47166645526886,0.125,7.552083333333333,0,1,96
3848,297185,53.671666979789734,0.07291666666666663,7.864583333333333,0,4,96
3849,297227,5.568334080278873,0.0714285714285714,6.595238095238095,1,2,42
3850,297305,13.258333832025528,0.20512820512820518,7.935897435897436,1,3,78
3851,297376,12.808333597145975,0.18309859154929575,7.619718309859155,1,3,71
3852,297423,13.101667076349258,0.06382978723404253,5.468085106382978,1,0,47
3853,297509,29.318332195281982,0.09302325581395354,7.755813953488372,1,0,86
3854,297544,3.1550006568431854,0.11428571428571432,4.714285714285714,1,1,35
3855,297612,14.181667476892471,0.22058823529411764,5.985294117647059,1,1,68
3856,297652,6.5916667729616165,0.09999999999999998,5.525,1,0,40
3857,297748,52.318332985043526,0.10416666666666663,7.822916666666667,0,1,96
3858,297829,17.418333500623703,0.16049382716049387,8.679012345679013,1,0,81
3859,297903,-7.533333384431899,0.3783783783783784,10.0,1,2,74
3860,297999,53.23999920859933,0.13541666666666663,6.875,0,1,96
3861,298095,35.506666688248515,0.21875,8.083333333333334,0,7,96
3862,298131,3.963333159685135,0.08333333333333337,5.444444444444445,1,1,36
3863,298214,30.24833358824253,0.10843373493975905,5.9397590361445785,1,2,83
3864,298295,-1.3500006198883057,0.33333333333333337,9.62962962962963,1,2,81
3865,298330,-3.301666349172592,0.2857142857142857,5.514285714285714,1,0,35
3866,298388,7.430000834167004,0.18965517241379315,7.241379310344827,1,2,58
3867,298439,6.665000862441957,0.05882352941176472,9.235294117647058,1,1,51
3868,298535,51.3750003259629,0.05208333333333337,8.21875,0,5,96
3869,298626,11.251667633652687,0.31868131868131866,6.846153846153846,1,6,91
3870,298710,25.16500026639551,0.11904761904761907,7.25,1,2,84
3871,298744,-0.42666642367839813,0.1470588235294118,6.470588235294118,1,0,34
3872,298830,38.06000152230263,0.06976744186046513,5.651162790697675,1,2,86
3873,298875,6.866667725145817,0.06666666666666665,6.844444444444444,1,2,45
3874,298967,37.720000833272934,0.05434782608695654,6.717391304347826,1,3,92
3875,299026,16.52333278954029,0.10169491525423724,6.271186440677966,1,1,59
3876,299122,56.653333619236946,0.09375,6.729166666666667,0,3,96
3877,299218,55.88833370804787,0.14583333333333337,6.072916666666667,0,0,96
3878,299262,4.731666937470436,0.18181818181818177,5.704545454545454,1,1,44
3879,299358,56.306667398661375,0.11458333333333337,6.145833333333333,0,2,96
3880,299417,19.423332899808884,0.03389830508474578,6.47457627118644,1,1,59
3881,299455,-4.594999462366104,0.21052631578947367,8.763157894736842,1,0,38
3882,299518,16.47333352267742,0.11111111111111116,6.5396825396825395,1,2,63
3883,299614,62.61166685819626,0.04166666666666663,6.427083333333333,0,4,96
3884,299710,67.00000061094761,0.02083333333333337,6.375,0,1,96
3885,299791,27.92500038444996,0.09876543209876543,6.851851851851852,1,2,81
3886,299867,26.668334528803825,0.09210526315789469,6.328947368421052,1,2,76
3887,299908,-0.313333660364151,0.1707317073170732,7.804878048780488,1,1,41
3888,299981,31.845000624656677,0.013698630136986356,6.36986301369863,1,0,73
