episode,timestep,reward,sla_violation,mean_replicas,crashes,flapping_incidents,length
0,48,-20.531667113304138,0.8333333333333334,4.166666666666667,1,0,6
1,88,-21.90666601061821,0.9090909090909091,4.7272727272727275,1,1,11
2,240,-21.930000454187393,0.7894736842105263,5.368421052631579,1,6,19
3,384,-16.033333241939545,0.6666666666666667,4.041666666666667,1,15,48
4,536,-11.486667305231094,0.5405405405405406,4.0,1,15,37
5,672,-32.65666648745537,0.8928571428571429,4.619047619047619,1,29,84
6,824,-21.16333255916834,0.8947368421052632,2.3157894736842106,1,7,19
7,864,-5.158332452178001,0.5,7.157407407407407,1,36,108
8,936,-21.465000435709953,0.8888888888888888,3.6666666666666665,1,3,9
9,1032,-23.00333385169506,1.0,3.1666666666666665,1,3,12
10,1088,-21.239999294281006,0.8571428571428572,6.0,1,2,7
11,1136,-13.419999796897173,0.6153846153846154,3.3846153846153846,1,11,39
12,1296,35.076666459441185,0.2777777777777778,7.1234567901234565,1,54,162
13,1600,55.73333378136158,0.22499999999999998,9.5,0,96,200
14,1600,66.96500037610531,0.15000000000000002,10.185,0,85,200
15,1648,83.07500064373016,0.24,6.375,0,72,200
16,1704,-21.97499990463257,1.0,3.0,1,3,7
17,1752,-19.933333821594715,0.7894736842105263,2.6315789473684212,1,4,19
18,1800,-9.879999235272408,0.5783132530120482,5.566265060240964,1,23,83
19,1872,-23.845000356435776,0.7448979591836735,4.86734693877551,1,37,98
20,1984,52.52666716277599,0.35,7.21,0,79,200
21,2008,-11.414999336004257,0.5686274509803921,3.823529411764706,1,21,51
22,2024,11.96166755259037,0.34065934065934067,5.593406593406593,1,30,91
23,2128,-10.274999752640724,0.375,5.90625,1,8,32
24,2136,67.96500021219254,0.32999999999999996,6.225,0,58,200
25,2216,-20.198334019631147,0.828125,2.421875,1,23,64
26,2232,-24.270000517368317,0.8928571428571429,3.642857142857143,1,11,28
27,2248,-20.35166721045971,0.7142857142857143,4.357142857142857,1,5,14
28,2368,-15.24000047892332,0.5666666666666667,4.6,1,8,30
29,2408,-19.128332689404488,0.75,1.9583333333333333,1,11,24
30,2416,-21.375000528991222,1.0,2.5,1,1,6
31,2704,21.01333410665393,0.16470588235294115,5.976470588235294,1,30,85
32,2808,-16.474999755620956,0.56,6.9,1,19,50
33,2936,-23.785000517964363,0.9375,4.6875,1,7,16
34,3096,-23.009999975562096,0.7830188679245282,3.9056603773584904,1,29,106
35,3344,2.8700000159442425,0.4625,4.275,1,27,80
36,3352,69.03166699409485,0.19499999999999995,8.845,0,79,200
37,3384,33.55666705965996,0.2857142857142857,7.622857142857143,1,64,175
38,3400,38.2966670319438,0.51,5.32,0,69,200
39,3736,0.1133340485394001,0.36363636363636365,3.3636363636363638,1,6,44
40,3832,87.02666667103767,0.125,8.41,0,80,200
41,3888,-13.1099997125566,0.42105263157894735,3.1578947368421053,1,4,19
42,4016,66.05833391845226,0.29500000000000004,7.085,0,68,200
43,4048,-2.086666390299797,0.33333333333333337,8.419753086419753,1,32,81
44,4128,-18.06500056385994,0.6666666666666667,4.3,1,11,30
45,4304,-17.629999816417694,0.6388888888888888,5.666666666666667,1,10,36
46,4352,-11.176666513085365,0.4642857142857143,4.0,1,5,28
47,4496,-20.591667138040066,0.8333333333333334,2.388888888888889,1,5,18
48,4536,27.583334058523178,0.45999999999999996,7.79,0,81,200
49,4616,-21.70666718110442,1.0,2.2,1,1,10
50,4696,83.55666688084602,0.07499999999999996,10.03,0,80,200
51,4768,5.42666632682085,0.41025641025641024,6.632478632478633,1,45,117
52,4792,-16.513333961367607,0.7297297297297297,2.1621621621621623,1,14,37
53,4872,-21.860000543296337,0.8636363636363636,2.727272727272727,1,9,22
54,4944,63.445000141859055,0.16500000000000004,10.185,0,86,200
55,4952,64.91833327710629,0.16500000000000004,9.875,0,76,200
56,5048,-20.921666502952576,0.9166666666666666,2.5833333333333335,1,2,12
57,5088,-20.980000488460064,0.8333333333333334,2.3333333333333335,1,9,18
58,5184,-24.08166593313217,0.8235294117647058,7.117647058823529,1,8,17
59,5440,-20.89333389699459,0.75,4.375,1,11,32
60,5648,79.1916673630476,0.21499999999999997,7.285,0,80,200
61,5800,-12.891667071729898,0.6,4.155555555555556,1,12,45
62,5904,51.60833403468132,0.30500000000000005,8.165,0,84,200
63,5992,-24.27000056952238,0.813953488372093,5.162790697674419,1,14,43
64,6056,-17.61666662245989,0.6842105263157895,3.3684210526315788,1,3,19
65,6176,16.461667597293854,0.4717948717948718,6.333333333333333,1,73,195
66,6192,30.22999968379736,0.3115942028985508,5.869565217391305,1,53,138
67,6224,-20.82166711986065,0.7241379310344828,5.413793103448276,1,10,29
68,6368,62.75833362340927,0.21499999999999997,8.885,0,90,200
69,6392,90.67166702449322,0.14,8.065,0,64,200
70,6472,28.83000022172928,0.345,10.02,0,84,200
71,6736,-11.190000474452972,0.5652173913043479,4.173913043478261,1,11,46
72,6768,-20.13333250582218,0.7446808510638299,4.76595744680851,1,14,47
73,6880,-21.113333858549595,0.8888888888888888,2.111111111111111,1,3,18
74,7096,-17.040000438690186,0.6538461538461539,5.6923076923076925,1,27,78
75,7280,-19.289999820291996,0.7391304347826086,4.173913043478261,1,7,23
76,7400,81.74833390116692,0.125,9.305,0,73,200
77,7656,64.3033339381218,0.29500000000000004,7.16,0,77,200
78,7776,37.58666706085205,0.43500000000000005,7.09,0,70,200
79,7792,34.43666681647301,0.355,9.28,0,88,200
80,7824,67.55166698992252,0.19999999999999996,8.995,0,92,200
81,7928,-1.5399998798966408,0.3787878787878788,6.363636363636363,1,24,66
82,8016,-0.27333344519138336,0.528169014084507,6.056338028169014,1,59,142
83,8064,-6.184999875724316,0.4117647058823529,5.823529411764706,1,15,51
84,8152,9.244999833405018,0.47976878612716767,6.15606936416185,1,69,173
85,8176,-19.843333836644888,0.7857142857142857,3.142857142857143,1,1,14
86,8880,53.36666688323021,0.235,10.0,0,75,200
87,9376,54.91333371400833,0.275,9.35,0,48,200
88,9392,58.288333520293236,0.24,9.095,0,77,200
89,9424,63.22333325445652,0.20999999999999996,9.56,0,68,200
90,9464,-22.89166671037674,1.0,4.454545454545454,1,1,11
91,9528,98.06666715443134,0.030000000000000027,9.7,0,62,200
92,9616,88.5083338022232,0.06499999999999995,9.875,0,85,200
93,9752,49.116667345166206,0.31999999999999995,8.83,0,64,200
94,9776,70.27333402633667,0.26,7.46,0,74,200
95,10480,74.20666666328907,0.10999999999999999,10.84,0,53,200
96,10992,73.46000051498413,0.19499999999999995,8.73,0,69,200
97,11024,63.663334026932716,0.14,10.82,0,83,200
98,11064,31.358333349227905,0.37,9.395,0,73,200
99,11128,91.77500008046627,0.09499999999999997,9.135,0,64,200
100,11216,96.01000063121319,0.08499999999999996,8.91,0,59,200
101,11232,-17.473333761096,0.5384615384615384,4.769230769230769,1,3,13
102,11352,60.31500007212162,0.19499999999999995,10.155,0,68,200
103,11360,-17.60666709393263,0.6756756756756757,3.189189189189189,1,20,37
104,11376,81.84166711568832,0.06999999999999995,10.705,0,64,200
105,12080,88.32333369553089,0.06499999999999995,10.04,0,60,200
106,12592,58.77000045776367,0.265,8.76,0,68,200
107,12624,43.72500039637089,0.30000000000000004,9.555,0,73,200
108,12816,64.82333362102509,0.18999999999999995,9.95,0,62,200
109,12832,65.75666661560535,0.15000000000000002,10.45,0,73,200
110,12952,74.72166688740253,0.11499999999999999,10.375,0,72,200
111,12960,63.31833356618881,0.245,8.675,0,65,200
112,12976,97.63999992609024,0.040000000000000036,9.66,0,57,200
113,13680,55.571667060256004,0.21499999999999997,10.495,0,58,200
114,14192,47.46500000357628,0.30000000000000004,9.495,0,64,200
115,14224,78.81833335757256,0.09999999999999998,10.115,0,71,200
116,14416,85.52666701376438,0.06000000000000005,10.51,0,72,200
117,14432,79.38666713237762,0.09999999999999998,10.3,0,66,200
118,14544,-24.168333187699318,1.0,5.071428571428571,1,4,14
119,14552,80.21333374083042,0.08999999999999997,10.67,0,68,200
120,14560,70.17666694521904,0.135,10.69,0,63,200
121,14576,66.25666683912277,0.18999999999999995,9.85,0,64,200
122,15280,85.52333392202854,0.05500000000000005,10.82,0,67,200
123,15792,77.01166695356369,0.10999999999999999,10.435,0,56,200
124,15824,71.32666663825512,0.16500000000000004,9.94,0,49,200
125,16016,49.246666833758354,0.235,10.69,0,67,200
126,16144,72.76000013947487,0.14500000000000002,9.9,0,59,200
127,16152,77.61166670918465,0.08999999999999997,10.885,0,64,200
128,16160,74.28166662156582,0.09499999999999997,10.945,0,69,200
129,16168,-22.938333347439766,0.8947368421052632,5.315789473684211,1,5,19
130,16176,71.84666652977467,0.13,10.54,0,63,200
131,16880,73.15000006556511,0.10999999999999999,10.98,0,67,200
132,17392,74.47333298623562,0.10999999999999999,11.0,0,44,200
133,17424,90.42999970912933,0.03500000000000003,10.77,0,55,200
134,17480,-20.395000524818897,0.8571428571428572,2.142857142857143,1,1,7
135,17744,71.2583331912756,0.12,10.955,0,51,200
136,17752,66.11500017344952,0.17000000000000004,10.305,0,66,200
137,17760,86.40500046312809,0.050000000000000044,10.815,0,57,200
138,17768,79.58499972522259,0.13,10.005,0,47,200
139,17776,57.920000195503235,0.17500000000000004,10.92,0,72,200
140,18480,80.04166685044765,0.08999999999999997,10.615,0,64,200
141,18664,34.24166676402092,0.02608695652173909,10.68695652173913,1,26,115
142,18992,61.344999849796295,0.16500000000000004,11.055,0,56,200
143,19080,73.50333301723003,0.14500000000000002,10.4,0,41,200
144,19352,61.909999907016754,0.15500000000000003,11.31,0,47,200
145,19360,87.84166651964188,0.020000000000000018,11.215,0,55,200
146,19368,56.631666764616966,0.18500000000000005,11.125,0,53,200
147,19376,78.04333345592022,0.10499999999999998,10.61,0,60,200
148,20080,82.85166668891907,0.04500000000000004,10.855,0,80,200
149,20264,88.42666678130627,0.030000000000000027,10.9,0,62,200
150,20592,67.96333330869675,0.14,10.82,0,63,200
151,20680,57.41166688501835,0.18999999999999995,10.945,0,73,200
152,20952,44.911666601896286,0.235,11.125,0,65,200
153,20960,49.96833337843418,0.25,10.505,0,55,200
154,20968,78.91333305090666,0.09999999999999998,10.58,0,48,200
155,20976,65.16833321750164,0.18500000000000005,10.205,0,49,200
156,21680,90.5933333337307,0.025000000000000022,10.88,0,68,200
157,21864,43.036666452884674,0.255,11.23,0,52,200
158,22192,49.16666620969772,0.21499999999999997,11.44,0,37,200
159,22280,87.9283330142498,0.030000000000000027,11.015,0,54,200
160,22552,84.24166649580002,0.04500000000000004,11.275,0,49,200
161,22560,77.85833296179771,0.08999999999999997,10.655,0,48,200
162,22568,49.29333308339119,0.22499999999999998,11.12,0,49,200
163,22576,75.54833313822746,0.10999999999999999,10.775,0,42,200
164,23280,85.66333337128162,0.040000000000000036,11.0,0,60,200
165,23464,50.11166696250439,0.25,10.435,0,58,200
166,23792,63.93166637420654,0.15500000000000003,11.125,0,54,200
167,23880,82.61999981105328,0.07499999999999996,10.68,0,59,200
168,24152,88.82166711986065,0.040000000000000036,10.795,0,62,200
169,24160,69.96000005304813,0.10499999999999998,11.25,0,63,200
170,24168,76.7583328038454,0.06499999999999995,11.375,0,65,200
171,24176,86.18999990820885,0.06999999999999995,10.35,0,57,200
172,24880,74.41333302855492,0.125,10.67,0,48,200
173,25064,93.41333335638046,0.010000000000000009,11.12,0,57,200
174,25392,63.844999834895134,0.15000000000000002,11.205,0,56,200
175,25480,66.27166646718979,0.14500000000000002,10.855,0,66,200
176,25752,79.73833325505257,0.07999999999999996,11.195,0,51,200
177,25760,82.64499931037426,0.030000000000000027,11.565,0,53,200
178,25768,67.28999948501587,0.14,10.98,0,52,200
179,25776,53.85166625678539,0.20499999999999996,10.795,0,54,200
180,26480,85.4133332669735,0.040000000000000036,11.15,0,48,200
181,26664,66.23999965190887,0.14500000000000002,11.07,0,49,200
182,26992,78.60333345085382,0.07999999999999996,10.7,0,70,200
183,27080,72.41000001132488,0.10999999999999999,11.04,0,61,200
184,27352,86.77999991178513,0.040000000000000036,11.1,0,61,200
185,27360,77.05666661262512,0.10999999999999999,10.72,0,53,200
186,27368,91.04000000655651,0.025000000000000022,11.07,0,53,200
187,27376,49.57999984920025,0.235,10.95,0,45,200
188,28080,38.9766665995121,0.29000000000000004,10.66,0,62,200
189,28264,80.65833331644535,0.08499999999999996,10.925,0,59,200
190,28592,72.33999951183796,0.10499999999999998,11.19,0,46,200
191,28680,73.00499993562698,0.12,10.635,0,60,200
192,28952,72.53499974310398,0.09999999999999998,11.175,0,57,200
193,28960,62.53333380818367,0.16000000000000003,11.0,0,55,200
194,28968,74.56833302974701,0.10499999999999998,10.955,0,51,200
195,28976,75.12333291769028,0.08999999999999997,11.15,0,60,200
196,29680,64.21500007808208,0.15500000000000003,11.205,0,59,200
197,29864,71.931666046381,0.10499999999999998,11.155,0,49,200
198,30192,79.48666653037071,0.06999999999999995,11.14,0,64,200
199,30280,92.29499939084053,0.0050000000000000044,11.385,0,42,200
200,30552,57.991666957736015,0.18000000000000005,10.945,0,66,200
201,30560,78.56166678667068,0.08499999999999996,11.005,0,56,200
202,30568,93.11999952793121,0.010000000000000009,11.19,0,44,200
203,30576,78.02166683971882,0.08499999999999996,11.185,0,58,200
204,31280,62.54500038921833,0.16500000000000004,10.875,0,70,200
205,31464,86.45333318412304,0.050000000000000044,11.21,0,41,200
206,31792,89.41666667163372,0.020000000000000018,11.17,0,60,200
207,31880,87.11666662991047,0.06000000000000005,10.96,0,41,200
208,32152,56.28666678071022,0.18500000000000005,10.96,0,68,200
209,32160,75.72666682302952,0.10999999999999999,10.84,0,61,200
210,32168,77.97666671872139,0.08999999999999997,11.02,0,55,200
211,32176,72.0966667085886,0.11499999999999999,11.08,0,67,200
212,32880,76.97333313524723,0.09999999999999998,10.79,0,49,200
213,33064,72.17999990284443,0.125,11.04,0,56,200
214,33392,82.9783331900835,0.07499999999999996,10.925,0,48,200
215,33480,83.63166667521,0.05500000000000005,11.155,0,49,200
216,33752,92.5433329641819,0.020000000000000018,11.15,0,46,200
217,33760,47.74999989569187,0.25,10.83,0,57,200
218,33768,67.6499993801117,0.13,11.4,0,35,200
219,33776,59.93833312392235,0.17000000000000004,11.285,0,41,200
220,34480,88.20999957621098,0.03500000000000003,11.19,0,37,200
221,34664,63.73166647553444,0.15500000000000003,11.185,0,52,200
222,34992,57.80666686594486,0.20499999999999996,10.81,0,53,200
223,35080,68.89833335578442,0.15000000000000002,10.835,0,46,200
224,35352,85.08999992907047,0.08499999999999996,10.44,0,46,200
225,35360,65.44333308935165,0.14500000000000002,11.12,0,49,200
226,35368,91.7583329230547,0.015000000000000013,11.195,0,42,200
227,35376,75.7366663068533,0.09499999999999997,11.14,0,49,200
228,36080,83.22499991953373,0.05500000000000005,11.145,0,50,200
229,36264,64.26166623830795,0.15000000000000002,11.155,0,43,200
230,36592,71.90499956905842,0.11499999999999999,11.025,0,47,200
231,36680,87.17333279550076,0.03500000000000003,11.27,0,39,200
232,36952,55.81999982893467,0.18500000000000005,11.22,0,61,200
233,36960,74.47333259880543,0.08499999999999996,11.36,0,41,200
234,36968,85.38499961793423,0.040000000000000036,11.085,0,52,200
235,36976,87.29666639864445,0.040000000000000036,11.14,0,52,200
236,37680,95.77499981224537,0.020000000000000018,10.725,0,52,200
237,37864,79.75166687369347,0.08999999999999997,10.915,0,52,200
238,38192,74.97166688740253,0.10999999999999999,10.945,0,52,200
239,38280,72.7949992120266,0.125,10.875,0,40,200
240,38552,67.17500005662441,0.135,11.175,0,62,200
241,38560,63.02333354949951,0.18000000000000005,10.76,0,55,200
242,38568,57.89833280444145,0.18000000000000005,11.165,0,36,200
243,38576,72.25666633248329,0.125,10.84,0,45,200
244,39280,75.89499966800213,0.09999999999999998,11.175,0,47,200
245,39464,79.0866664648056,0.08499999999999996,11.08,0,45,200
246,39792,89.47666685283184,0.05500000000000005,10.36,0,56,200
247,39880,84.1716660708189,0.06999999999999995,11.035,0,40,200
248,40152,60.86833345890045,0.17500000000000004,10.895,0,55,200
249,40160,76.29166632890701,0.09999999999999998,10.855,0,56,200
250,40168,92.53999979794025,0.040000000000000036,10.68,0,36,200
251,40176,72.34833316504955,0.14500000000000002,10.205,0,54,200
252,40880,66.71833318471909,0.14500000000000002,10.925,0,50,200
253,41064,66.90833306312561,0.16000000000000003,10.715,0,53,200
254,41392,80.94833280146122,0.07499999999999996,10.985,0,45,200
255,41480,37.63666623830795,0.28,11.2,0,50,200
256,41752,73.48166665434837,0.12,10.825,0,57,200
257,41760,81.95500019192696,0.07999999999999996,10.755,0,50,200
258,41768,87.44499963521957,0.040000000000000036,10.935,0,57,200
259,41776,94.06833308935165,0.020000000000000018,10.835,0,51,200
260,42480,94.65833342075348,0.025000000000000022,10.655,0,54,200
261,42664,72.81000027060509,0.12,10.77,0,54,200
262,42992,65.67500020563602,0.15000000000000002,10.935,0,61,200
263,43080,68.16000010073185,0.14,10.8,0,60,200
264,43352,78.10666604340076,0.09499999999999997,11.08,0,35,200
265,43360,90.87166652083397,0.03500000000000003,10.795,0,46,200
266,43368,90.82500019669533,0.05500000000000005,10.335,0,50,200
267,43376,84.47666630148888,0.06499999999999995,10.78,0,42,200
268,44080,90.13499936461449,0.03500000000000003,11.025,0,39,200
269,44264,92.55833338201046,0.050000000000000044,10.295,0,47,200
270,44592,92.50666664540768,0.03500000000000003,10.66,0,54,200
271,44680,85.42333328723907,0.05500000000000005,10.97,0,49,200
272,44952,87.10833309590816,0.06999999999999995,10.505,0,44,200
273,44960,96.50333322584629,0.025000000000000022,10.49,0,43,200
274,44968,72.5933336764574,0.125,10.7,0,56,200
275,44976,94.63666681945324,0.040000000000000036,10.24,0,44,200
276,45680,85.74666622281075,0.05500000000000005,11.05,0,42,200
277,45864,62.45333358645439,0.16000000000000003,11.18,0,57,200
278,46192,89.50000037252903,0.06999999999999995,10.35,0,38,200
279,46280,99.5783333927393,0.015000000000000013,10.355,0,45,200
280,46552,77.08166640996933,0.10499999999999998,10.855,0,42,200
281,46560,85.04833357036114,0.07999999999999996,10.445,0,47,200
282,46568,75.47833369672298,0.125,10.595,0,52,200
283,46576,84.06500001251698,0.10999999999999999,9.855,0,45,200
284,47280,69.11666631698608,0.14,10.9,0,45,200
285,47464,80.6916668266058,0.09999999999999998,10.675,0,36,200
286,47792,91.64500023424625,0.04500000000000004,10.515,0,53,200
287,47880,87.46333339810371,0.07999999999999996,10.1,0,57,200
288,48152,86.49499993026257,0.06999999999999995,10.605,0,44,200
289,48160,91.06333337724209,0.03500000000000003,10.88,0,49,200
290,48168,73.69333329796791,0.135,10.49,0,44,200
291,48176,66.72166630625725,0.14500000000000002,11.095,0,44,200
292,48880,76.80833302438259,0.08999999999999997,11.165,0,44,200
293,49064,86.54833321273327,0.07499999999999996,10.415,0,35,200
294,49392,74.25333322584629,0.11499999999999999,11.03,0,35,200
295,49480,91.14499955624342,0.040000000000000036,10.635,0,44,200
296,49752,57.984999895095825,0.20999999999999996,10.545,0,48,200
297,49760,100.6366670280695,0.010000000000000009,10.45,0,46,200
298,49768,97.23166666924953,0.015000000000000013,10.555,0,43,200
299,49776,77.29333381354809,0.10999999999999999,10.64,0,58,200
300,50480,61.47166630625725,0.18999999999999995,10.705,0,37,200
301,50664,103.27666682004929,0.015000000000000013,9.82,0,39,200
302,50992,86.19999985396862,0.07499999999999996,10.44,0,39,200
303,51080,88.75833314657211,0.06499999999999995,10.325,0,50,200
304,51352,94.1666671782732,0.015000000000000013,10.75,0,63,200
305,51360,51.685000002384186,0.25,10.275,0,57,200
306,51368,86.72999987006187,0.06000000000000005,10.53,0,55,200
307,51376,45.36166650056839,0.31499999999999995,9.925,0,43,200
308,52080,82.95666673779488,0.07999999999999996,10.57,0,48,200
309,52264,52.475000247359276,0.245,10.605,0,39,200
310,52592,98.49833366274834,0.05500000000000005,9.365,0,53,200
311,52680,89.0750002861023,0.07499999999999996,10.335,0,51,200
312,52952,84.83166645467281,0.08499999999999996,10.435,0,40,200
313,52960,85.14166744053364,0.09499999999999997,10.255,0,37,200
314,52968,46.79499952495098,0.24,11.175,0,46,200
315,52976,38.398333325982094,0.30000000000000004,10.865,0,34,200
316,53680,88.4283332824707,0.050000000000000044,10.745,0,42,200
317,53864,73.95499977469444,0.135,10.335,0,50,200
318,54192,81.2050000578165,0.08499999999999996,10.695,0,50,200
319,54280,98.57833364605904,0.06499999999999995,9.425,0,47,200
320,54552,94.18333366513252,0.05500000000000005,9.98,0,45,200
321,54560,101.71166707575321,0.03500000000000003,9.535,0,56,200
322,54568,83.46666719019413,0.13,9.28,0,52,200
323,54576,89.72666721045971,0.05500000000000005,10.42,0,55,200
324,55280,81.70000022649765,0.15000000000000002,9.3,0,47,200
325,55464,70.12666666507721,0.15500000000000003,10.6,0,44,200
326,55792,97.72000001370907,0.05500000000000005,9.57,0,43,200
327,55880,72.44999998807907,0.15000000000000002,10.23,0,45,200
328,56152,82.28166669607162,0.08499999999999996,10.765,0,40,200
329,56160,67.38166666030884,0.16500000000000004,10.705,0,46,200
330,56168,99.52166718244553,0.030000000000000027,9.835,0,50,200
331,56176,72.6183335185051,0.14500000000000002,10.355,0,54,200
332,56880,98.92833331227303,0.010000000000000009,10.565,0,50,200
333,57064,55.581666350364685,0.19999999999999996,11.005,0,43,200
334,57392,52.704999923706055,0.255,10.215,0,52,200
335,57480,87.0300003439188,0.08999999999999997,9.93,0,57,200
336,57752,76.10333354771137,0.125,10.37,0,55,200
337,57760,81.73333336412907,0.09999999999999998,10.34,0,47,200
338,57768,90.89333371818066,0.07999999999999996,9.89,0,57,200
339,57776,67.06666660308838,0.16000000000000003,10.72,0,50,200
340,58480,90.84166704118252,0.08499999999999996,9.775,0,39,200
341,58664,105.08666701614857,0.025000000000000022,9.76,0,42,200
342,58992,102.20500040054321,0.040000000000000036,9.525,0,42,200
343,59080,81.70000027120113,0.13,9.84,0,42,200
344,59352,95.05666698515415,0.06999999999999995,9.67,0,58,200
345,59360,98.57500034570694,0.03500000000000003,10.065,0,45,200
346,59368,93.36666695773602,0.050000000000000044,10.09,0,59,200
347,59376,94.41166689991951,0.06499999999999995,9.865,0,47,200
348,60080,82.81666661798954,0.125,9.64,0,40,200
349,60264,80.04166680574417,0.11499999999999999,10.405,0,35,200
350,60592,103.37166775763035,0.020000000000000018,9.655,0,69,200
351,60680,86.90833367407322,0.10499999999999998,9.815,0,41,200
352,60952,87.01333367824554,0.07999999999999996,10.22,0,53,200
353,60960,71.11499999463558,0.19499999999999995,9.405,0,52,200
354,60968,85.66500048339367,0.08999999999999997,10.245,0,56,200
355,60976,59.92500025033951,0.24,9.765,0,46,200
356,61680,99.08500076830387,0.025000000000000022,10.185,0,52,200
357,61864,92.98166726529598,0.06999999999999995,9.865,0,46,200
358,62192,81.48166680335999,0.08999999999999997,10.615,0,38,200
359,62280,99.84666694700718,0.050000000000000044,9.4,0,47,200
360,62552,81.8350006043911,0.10999999999999999,9.945,0,53,200
361,62560,106.84833386540413,0.050000000000000044,8.555,0,48,200
362,62568,85.19833320379257,0.10999999999999999,9.845,0,45,200
363,62576,102.87166687846184,0.050000000000000044,9.145,0,44,200
364,63280,86.93666699528694,0.06000000000000005,10.75,0,52,200
365,63464,87.40666703879833,0.12,9.49,0,39,200
366,63792,114.28333419561386,0.015000000000000013,8.54,0,64,200
367,63880,99.64166697859764,0.050000000000000044,9.535,0,53,200
368,64152,72.79833368957043,0.16500000000000004,9.875,0,48,200
369,64160,93.52833360433578,0.06499999999999995,9.725,0,56,200
370,64168,85.9200002104044,0.06999999999999995,10.68,0,51,200
371,64176,92.6166669279337,0.07999999999999996,9.52,0,53,200
372,64880,73.73333367705345,0.16000000000000003,9.95,0,54,200
373,65064,101.56666706502438,0.040000000000000036,9.46,0,44,200
374,65392,81.69500017166138,0.08499999999999996,10.665,0,59,200
375,65480,88.34500014781952,0.08499999999999996,9.975,0,51,200
376,65752,66.10499969124794,0.20499999999999996,9.765,0,53,200
377,65760,69.81166653335094,0.15500000000000003,10.465,0,41,200
378,65768,82.32833331823349,0.08999999999999997,10.655,0,45,200
379,65776,92.00500038266182,0.06000000000000005,10.095,0,57,200
380,66480,101.15833392739296,0.050000000000000044,9.305,0,52,200
381,66664,98.61166727542877,0.06999999999999995,9.265,0,53,200
382,66992,102.00833401083946,0.015000000000000013,9.965,0,69,200
383,67080,78.20666736364365,0.14500000000000002,9.76,0,52,200
384,67352,103.8916671872139,0.05500000000000005,8.875,0,52,200
385,67360,89.47833339869976,0.09499999999999997,9.665,0,43,200
386,67368,96.52333371341228,0.07499999999999996,9.23,0,55,200
387,67376,81.8316671103239,0.15500000000000003,9.235,0,41,200
388,68080,113.21500077843666,0.020000000000000018,8.595,0,65,200
389,68264,101.43166756629944,0.07499999999999996,8.635,0,57,200
390,68592,106.70166726410389,0.05500000000000005,8.695,0,50,200
391,68680,95.04500040411949,0.04500000000000004,10.215,0,55,200
392,68952,108.75500048696995,0.05500000000000005,8.655,0,46,200
393,68960,95.27500051259995,0.12,8.325,0,49,200
394,68968,101.50166736543179,0.07499999999999996,8.695,0,57,200
395,68976,88.93166695535183,0.09499999999999997,9.775,0,43,200
396,69680,87.42500025033951,0.09999999999999998,9.855,0,43,200
397,69864,107.69166737794876,0.06999999999999995,8.245,0,48,200
398,70192,113.84666740894318,0.0050000000000000044,8.89,0,59,200
399,70280,103.02500063180923,0.06000000000000005,8.805,0,47,200
400,70552,112.81000083684921,0.04500000000000004,8.04,0,59,200
401,70560,112.71333384513855,0.025000000000000022,8.69,0,48,200
402,70568,102.0433338880539,0.11499999999999999,7.79,0,50,200
403,70576,60.47833301126957,0.19999999999999996,10.535,0,52,200
404,71280,94.37833377718925,0.135,8.315,0,51,200
405,71464,88.16500064730644,0.14500000000000002,8.805,0,46,200
406,71792,101.17333373427391,0.06499999999999995,8.93,0,51,200
407,71880,86.14333371818066,0.09999999999999998,10.1,0,39,200
408,72152,78.37333399057388,0.16500000000000004,9.35,0,45,200
409,72160,90.18500056862831,0.125,8.955,0,44,200
410,72168,88.6216670870781,0.125,9.175,0,41,200
411,72176,73.51666703820229,0.14500000000000002,10.39,0,55,200
412,72880,95.66666682064533,0.08999999999999997,9.19,0,36,200
413,73064,107.44833356142044,0.06999999999999995,8.105,0,48,200
414,73392,84.6650003939867,0.135,9.375,0,35,200
415,73480,91.09833371639252,0.09499999999999997,9.575,0,39,200
416,73752,68.3216669857502,0.21499999999999997,9.565,0,30,200
417,73760,56.75000013411045,0.26,9.69,0,41,200
418,73768,95.47333379089832,0.10999999999999999,8.54,0,41,200
419,73776,78.77500048279762,0.15500000000000003,9.555,0,55,200
420,74480,87.5483337379992,0.18000000000000005,7.925,0,45,200
421,74664,68.7750004529953,0.18000000000000005,10.215,0,42,200
422,74992,100.6233340203762,0.06499999999999995,9.26,0,50,200
423,75080,66.88833363354206,0.19499999999999995,10.085,0,43,200
424,75352,88.58833353221416,0.09499999999999997,9.905,0,45,200
425,75360,93.32166713476181,0.13,8.545,0,47,200
426,75368,104.6416667997837,0.020000000000000018,9.535,0,52,200
427,75376,96.72333401441574,0.10999999999999999,8.54,0,54,200
428,76080,60.961666986346245,0.22499999999999998,9.775,0,51,200
429,76264,101.52833420038223,0.07499999999999996,8.765,0,45,200
430,76592,116.85833372175694,0.025000000000000022,8.225,0,51,200
431,76680,83.43500030040741,0.17500000000000004,8.565,0,36,200
432,76952,55.841666862368584,0.245,10.165,0,50,200
433,76960,92.54166658222675,0.05500000000000005,10.375,0,35,200
434,76968,91.29500029981136,0.09999999999999998,9.345,0,49,200
435,76976,97.55500012636185,0.09499999999999997,8.865,0,54,200
436,77680,96.1650007814169,0.08999999999999997,9.105,0,56,200
437,77864,118.38666734099388,0.030000000000000027,7.93,0,47,200
438,78192,91.57166719436646,0.11499999999999999,8.905,0,53,200
439,78280,106.28666746616364,0.040000000000000036,8.95,0,53,200
440,78552,85.62166698276997,0.15000000000000002,8.875,0,45,200
441,78560,78.51166722178459,0.16500000000000004,9.445,0,46,200
442,78568,102.35000041127205,0.06999999999999995,8.88,0,49,200
443,78576,105.63833409547806,0.050000000000000044,8.885,0,44,200
444,79280,79.0450007468462,0.15500000000000003,9.675,0,44,200
445,79464,106.56833416223526,0.07499999999999996,8.195,0,38,200
446,79792,103.50333373248577,0.07499999999999996,8.69,0,49,200
447,79880,92.18833376467228,0.08499999999999996,9.575,0,39,200
448,80152,98.953333735466,0.07999999999999996,9.05,0,54,200
449,80160,111.19000048935413,0.09499999999999997,7.35,0,45,200
450,80168,77.03666724264622,0.18000000000000005,9.16,0,50,200
451,80176,105.7266671359539,0.06999999999999995,8.41,0,53,200
452,80880,114.31500056385994,0.05500000000000005,7.665,0,54,200
453,81064,94.92666745185852,0.07499999999999996,9.55,0,50,200
454,81392,102.72500059008598,0.09499999999999997,8.235,0,54,200
455,81480,104.95833350718021,0.03500000000000003,9.335,0,41,200
456,81752,60.47666651010513,0.21999999999999997,10.15,0,33,200
457,81760,65.69166693091393,0.235,9.415,0,45,200
458,81768,97.08833391964436,0.11499999999999999,8.375,0,49,200
459,81776,107.2066671103239,0.07499999999999996,8.32,0,34,200
460,82480,101.91500015556812,0.10499999999999998,7.935,0,45,200
461,82664,77.02833352982998,0.135,10.355,0,42,200
462,82992,64.36500051617622,0.24,9.465,0,34,200
463,83080,104.33333387970924,0.06999999999999995,8.69,0,48,200
464,83352,112.94500043988228,0.03500000000000003,8.385,0,65,200
465,83360,109.25166687369347,0.08999999999999997,7.675,0,35,200
466,83368,67.82833342254162,0.235,9.125,0,38,200
467,83376,102.30333386361599,0.06000000000000005,9.17,0,48,200
468,84080,82.70000058412552,0.17000000000000004,8.82,0,44,200
469,84264,102.86166720092297,0.07499999999999996,8.695,0,52,200
470,84592,99.87333416938782,0.03500000000000003,10.01,0,55,200
471,84680,97.41000013053417,0.07499999999999996,9.21,0,52,200
472,84952,83.1083336174488,0.09999999999999998,10.505,0,41,200
473,84960,110.20833411812782,0.03500000000000003,8.855,0,53,200
474,84968,114.16333392262459,0.040000000000000036,8.24,0,42,200
475,84976,75.86000017821789,0.16000000000000003,9.81,0,42,200
476,85680,110.28000089526176,0.06499999999999995,8.07,0,48,200
477,85864,122.07000075280666,0.03500000000000003,7.41,0,50,200
478,86192,110.17666716873646,0.04500000000000004,8.59,0,48,200
479,86280,98.7083335518837,0.07499999999999996,9.305,0,48,200
480,86552,86.80000011622906,0.14500000000000002,8.97,0,40,200
481,86560,114.01666700839996,0.030000000000000027,8.32,0,55,200
482,86568,107.36666668951511,0.06000000000000005,8.56,0,53,200
483,86576,110.83500058948994,0.040000000000000036,8.835,0,44,200
484,87280,90.10833372175694,0.14500000000000002,8.675,0,30,200
485,87464,100.77666720747948,0.09499999999999997,8.35,0,46,200
486,87792,107.77500042319298,0.06999999999999995,8.295,0,50,200
487,87880,83.051667034626,0.15500000000000003,9.235,0,39,200
488,88152,95.66499996185303,0.10499999999999998,9.015,0,40,200
489,88160,124.6483338624239,0.030000000000000027,7.205,0,46,200
490,88168,107.10833384096622,0.07999999999999996,8.225,0,49,200
491,88176,67.1283333003521,0.21499999999999997,9.695,0,35,200
492,88784,22.326667070388794,0.07692307692307687,8.256410256410257,1,14,78
493,88880,106.9683336019516,0.09499999999999997,7.925,0,40,200
494,89064,104.35833391547203,0.07999999999999996,8.375,0,52,200
495,89392,89.85666732490063,0.135,8.83,0,42,200
496,89480,103.58833388984203,0.10499999999999998,7.745,0,58,200
497,89752,109.1500005275011,0.050000000000000044,8.64,0,51,200
498,89768,86.86333349347115,0.15500000000000003,8.54,0,51,200
499,89776,111.8583338111639,0.06499999999999995,7.895,0,45,200
500,90384,115.31166745722294,0.08999999999999997,6.895,0,51,200
501,90480,105.3266669511795,0.09499999999999997,7.78,0,59,200
502,90664,81.70833384990692,0.20499999999999996,8.045,0,45,200
503,90992,72.46833376586437,0.18500000000000005,9.755,0,51,200
504,91080,85.49333371222019,0.20499999999999996,7.64,0,48,200
505,91352,74.02833370864391,0.18000000000000005,9.545,0,40,200
506,91368,121.67333406209946,0.04500000000000004,7.31,0,50,200
507,91376,103.74833376705647,0.05500000000000005,9.155,0,44,200
508,91984,106.85166714340448,0.09999999999999998,7.675,0,50,200
509,92080,98.30500042438507,0.05500000000000005,9.615,0,56,200
510,92264,55.790000200271606,0.28500000000000003,9.48,0,38,200
511,92592,118.14333403110504,0.06000000000000005,7.22,0,45,200
512,92680,93.72500082850456,0.09999999999999998,9.345,0,47,200
513,92952,90.43500038981438,0.135,8.805,0,41,200
514,92968,91.49666726589203,0.10999999999999999,9.25,0,48,200
515,92976,121.13166733086109,0.025000000000000022,7.825,0,47,200
516,93584,86.35333396494389,0.16000000000000003,8.6,0,42,200
517,93680,71.43666677176952,0.22499999999999998,8.89,0,45,200
518,93864,108.7316674143076,0.050000000000000044,8.575,0,48,200
519,94192,87.51000075042248,0.15000000000000002,8.85,0,45,200
520,94280,120.13166764378548,0.030000000000000027,7.735,0,58,200
521,94552,101.10333363711834,0.13,7.7,0,47,200
522,94568,107.90500101447105,0.08999999999999997,8.025,0,39,200
523,94576,77.76666723191738,0.20999999999999996,8.44,0,51,200
524,95184,120.9300007969141,0.05500000000000005,7.17,0,51,200
525,95280,103.11166705191135,0.08499999999999996,8.515,0,44,200
526,95464,79.91666677594185,0.17000000000000004,9.22,0,52,200
527,95792,107.60166703164577,0.05500000000000005,8.725,0,41,200
528,95880,110.96000085771084,0.06499999999999995,8.1,0,42,200
529,96152,117.49500058591366,0.05500000000000005,7.575,0,55,200
530,96168,117.14333383738995,0.015000000000000013,8.63,0,46,200
531,96176,125.55333386361599,0.030000000000000027,7.28,0,47,200
532,96784,100.23166689276695,0.12,8.095,0,44,200
533,96880,68.86833392083645,0.22499999999999998,9.215,0,49,200
534,97064,117.85333395004272,0.05500000000000005,7.55,0,48,200
535,97392,88.85333383083344,0.15500000000000003,8.57,0,42,200
536,97480,98.94500052928925,0.07999999999999996,9.165,0,54,200
537,97752,113.3266669511795,0.05500000000000005,8.17,0,31,200
538,97768,99.59833391010761,0.12,8.135,0,45,200
539,97776,102.23333398997784,0.12,7.85,0,47,200
540,98384,122.22500053048134,0.04500000000000004,7.245,0,49,200
541,98480,84.10833375155926,0.18000000000000005,8.675,0,42,200
542,98664,81.42833398282528,0.15500000000000003,9.365,0,57,200
543,98992,104.20166704058647,0.09499999999999997,8.185,0,40,200
544,99080,56.73666660487652,0.25,10.0,0,46,200
545,99352,80.43166707456112,0.18500000000000005,8.935,0,46,200
546,99368,105.4600006043911,0.10999999999999999,7.56,0,52,200
547,99376,69.36166676878929,0.21499999999999997,9.385,0,49,200
548,99984,90.770000487566,0.135,8.73,0,42,200
549,100080,97.3316671103239,0.13,8.185,0,39,200
550,100264,110.45500089228153,0.10999999999999999,7.065,0,49,200
551,100592,85.56833419203758,0.17000000000000004,8.645,0,52,200
552,100680,104.14000066369772,0.14,7.08,0,42,200
553,100952,101.77333368360996,0.12,7.76,0,48,200
554,100968,67.45333358645439,0.25,8.69,0,41,200
555,100976,112.86166752874851,0.07999999999999996,7.555,0,50,200
556,101464,18.67499941587448,0.109375,6.046875,1,9,64
557,101584,92.25333358347416,0.10499999999999998,9.32,0,40,200
558,101680,111.72500032186508,0.06000000000000005,7.995,0,57,200
559,101864,108.67500120401382,0.030000000000000027,9.135,0,57,200
560,102192,97.53166703879833,0.12,8.305,0,45,200
561,102280,88.56333358585835,0.13,9.26,0,41,200
562,102568,120.97666743397713,0.025000000000000022,7.87,0,47,200
563,102576,109.80666719377041,0.10999999999999999,7.33,0,40,200
564,103064,114.00500056147575,0.04500000000000004,8.085,0,47,200
565,103184,73.7266666740179,0.20499999999999996,9.16,0,40,200
566,103280,116.00166764855385,0.030000000000000027,8.335,0,46,200
567,103464,81.9716669023037,0.16500000000000004,9.115,0,39,200
568,103792,126.19000039994717,0.030000000000000027,6.99,0,48,200
569,103880,101.80333422124386,0.125,7.76,0,52,200
570,104168,93.27666714787483,0.16000000000000003,7.93,0,39,200
571,104176,81.67333388328552,0.19999999999999996,8.09,0,49,200
572,104664,90.70000052452087,0.14,8.52,0,50,200
573,104784,97.19333355128765,0.10999999999999999,8.69,0,40,200
574,104880,100.58833402395248,0.13,7.805,0,54,200
575,105064,85.76000007987022,0.16500000000000004,8.73,0,49,200
576,105392,88.84666723012924,0.12,9.34,0,54,200
577,105480,103.99833376705647,0.14,7.175,0,47,200
578,105768,87.9683335274458,0.14500000000000002,8.945,0,43,200
579,105776,73.14833348989487,0.19499999999999995,9.365,0,45,200
580,106264,109.93833395838737,0.07499999999999996,7.925,0,53,200
581,106384,84.86833389103413,0.14500000000000002,9.005,0,50,200
582,106480,85.85833387076855,0.15000000000000002,9.095,0,41,200
583,106664,46.58166664838791,0.33499999999999996,9.295,0,32,200
584,106992,102.48500050604343,0.07999999999999996,8.625,0,58,200
585,107080,94.07166738808155,0.17000000000000004,7.495,0,46,200
586,107368,72.44333358108997,0.20999999999999996,9.14,0,40,200
587,107376,103.74333401024342,0.11499999999999999,7.88,0,41,200
588,107864,87.03166727721691,0.17500000000000004,8.185,0,56,200
589,107984,105.14000043272972,0.06499999999999995,8.61,0,49,200
590,108080,107.7716673463583,0.06499999999999995,8.455,0,54,200
591,108264,120.1450010240078,0.06999999999999995,6.975,0,55,200
592,108592,75.20833325386047,0.20499999999999996,9.155,0,38,200
593,108680,109.53666734695435,0.07499999999999996,8.02,0,52,200
594,108736,33.78999963402748,0.0957446808510638,7.0212765957446805,1,19,94
595,108968,109.48833377659321,0.10499999999999998,7.385,0,37,200
596,108976,105.64833404123783,0.06000000000000005,8.765,0,53,200
597,109384,34.87000149488449,0.13131313131313127,6.606060606060606,1,25,99
598,109464,76.64333362877369,0.16000000000000003,9.86,0,39,200
599,109680,111.78166773915291,0.06000000000000005,8.095,0,52,200
600,109864,111.7516670525074,0.05500000000000005,8.275,0,48,200
601,110280,126.72333414852619,0.03500000000000003,6.95,0,49,200
602,110336,118.35333366692066,0.040000000000000036,7.97,0,51,200
603,110568,70.31166687607765,0.245,8.425,0,48,200
604,110576,115.45000065863132,0.06499999999999995,7.59,0,59,200
605,110984,99.96833389997482,0.08999999999999997,8.735,0,46,200
606,111064,102.16333375871181,0.11499999999999999,7.85,0,49,200
607,111280,86.22333411872387,0.135,9.41,0,57,200
608,111464,113.21833378076553,0.06000000000000005,7.925,0,43,200
609,111880,121.39833417534828,0.015000000000000013,8.015,0,55,200
610,111936,90.10500080883503,0.125,9.075,0,49,200
611,112168,61.550000101327896,0.27,9.0,0,39,200
612,112176,83.61333398520947,0.17500000000000004,8.6,0,37,200
613,112584,101.9650003015995,0.11499999999999999,7.995,0,42,200
614,112664,59.299999967217445,0.28,9.06,0,37,200
615,112880,132.4183340370655,0.010000000000000009,6.935,0,51,200
616,113064,121.50000071525574,0.05500000000000005,6.9,0,61,200
617,113480,105.70833361148834,0.13,7.355,0,39,200
618,113536,111.91333404183388,0.05500000000000005,8.24,0,50,200
619,113768,111.00500057637691,0.135,6.435,0,44,200
620,113776,115.39000096917152,0.040000000000000036,8.22,0,41,200
621,114184,43.503333672881126,0.345,9.35,0,34,200
622,114264,79.7200005799532,0.18500000000000005,8.79,0,43,200
623,114480,97.6450005620718,0.07999999999999996,9.375,0,49,200
624,114664,97.51833394169807,0.125,8.255,0,43,200
625,115080,106.92833368480206,0.135,7.115,0,48,200
626,115136,103.18666750192642,0.125,7.63,0,41,200
627,115368,100.82833418250084,0.14500000000000002,7.265,0,46,200
628,115376,104.7316674888134,0.11499999999999999,7.465,0,49,200
629,115784,77.92666734755039,0.18999999999999995,9.01,0,53,200
630,115864,113.06666725873947,0.08499999999999996,7.27,0,48,200
631,116080,100.75833427906036,0.08499999999999996,9.005,0,52,200
632,116264,118.03500047326088,0.03500000000000003,7.905,0,42,200
633,116680,84.65833379328251,0.17500000000000004,8.315,0,58,200
634,116736,100.3533339202404,0.09999999999999998,8.57,0,36,200
635,116968,114.72833423316479,0.040000000000000036,8.165,0,56,200
636,116976,107.46666692197323,0.06999999999999995,8.38,0,56,200
637,117384,59.85666640102863,0.26,9.55,0,41,200
638,117464,95.90166671574116,0.10999999999999999,8.815,0,50,200
639,117680,55.82833342254162,0.28500000000000003,9.395,0,41,200
640,117864,83.17166711390018,0.17500000000000004,8.605,0,56,200
641,118280,109.1416674554348,0.05500000000000005,8.275,0,60,200
642,118336,104.46333365142345,0.08999999999999997,8.27,0,52,200
643,118568,121.43166790902615,0.05500000000000005,6.865,0,65,200
644,118576,89.93000070750713,0.16500000000000004,8.22,0,46,200
645,118984,91.48000049591064,0.15500000000000003,8.16,0,46,200
646,119064,61.58166663348675,0.27,8.815,0,42,200
647,119280,85.50166684389114,0.17500000000000004,8.395,0,48,200
648,119464,113.95166699588299,0.06000000000000005,7.735,0,54,200
649,119880,122.36166754364967,0.04500000000000004,7.105,0,47,200
650,119936,96.08166715502739,0.14,7.915,0,52,200
651,120168,114.71666745841503,0.06999999999999995,7.39,0,56,200
652,120176,97.36833399534225,0.12,8.405,0,45,200
653,120584,109.28500093519688,0.07999999999999996,7.815,0,52,200
654,120664,101.80666737258434,0.08999999999999997,8.35,0,53,200
655,120880,100.76500034332275,0.07999999999999996,8.865,0,55,200
656,121064,108.516667380929,0.09499999999999997,7.6,0,57,200
657,121480,121.74166740477085,0.03500000000000003,7.465,0,57,200
658,121536,104.61666690558195,0.07499999999999996,8.65,0,34,200
659,121768,66.35500012338161,0.22499999999999998,9.255,0,42,200
660,121776,106.05333435535431,0.10999999999999999,7.49,0,51,200
661,122184,80.34333343803883,0.18500000000000005,8.99,0,44,200
662,122264,110.67166724801064,0.08999999999999997,7.495,0,45,200
663,122480,64.99500028789043,0.25,9.045,0,35,200
664,122664,102.81166721880436,0.09999999999999998,8.215,0,46,200
665,123080,111.16166746616364,0.07999999999999996,7.555,0,63,200
666,123136,98.79333382844925,0.08999999999999997,8.87,0,49,200
667,123368,99.08666655421257,0.12,8.17,0,40,200
668,123376,108.62500070035458,0.08999999999999997,7.755,0,46,200
669,123784,86.81833410263062,0.19499999999999995,7.685,0,50,200
670,123864,114.4833340793848,0.040000000000000036,8.24,0,57,200
671,124080,115.03166717290878,0.04500000000000004,7.885,0,57,200
672,124264,98.12833380699158,0.10999999999999999,8.465,0,49,200
673,124680,78.98333404958248,0.19499999999999995,8.87,0,43,200
674,124736,131.97166734933853,0.025000000000000022,6.565,0,55,200
675,124968,50.775000140070915,0.28500000000000003,9.855,0,45,200
676,124976,92.70500038564205,0.135,8.415,0,55,200
677,125384,97.00166729092598,0.09999999999999998,8.815,0,56,200
678,125464,117.57500053942204,0.025000000000000022,8.115,0,48,200
679,125680,87.70000010728836,0.18500000000000005,7.89,0,42,200
680,125864,110.12166672945023,0.09499999999999997,7.315,0,55,200
681,126280,96.07000060379505,0.135,7.95,0,57,200
682,126336,119.06500099599361,0.040000000000000036,7.635,0,65,200
683,126568,95.76333358883858,0.09999999999999998,9.08,0,37,200
684,126576,93.32666720449924,0.135,8.35,0,46,200
685,126984,105.75333395600319,0.08499999999999996,8.27,0,51,200
686,127064,98.92333428561687,0.135,7.64,0,56,200
687,127280,97.77000024914742,0.125,8.19,0,55,200
688,127464,105.7450008392334,0.09499999999999997,7.755,0,45,200
689,127880,87.70333391427994,0.16000000000000003,8.39,0,52,200
690,127936,55.27500006556511,0.28,9.525,0,39,200
691,128168,103.70000086724758,0.09999999999999998,8.1,0,49,200
692,128176,95.3483339548111,0.125,8.435,0,50,200
693,128584,69.75000022351742,0.20499999999999996,9.45,0,43,200
694,128664,88.1000004708767,0.17000000000000004,8.1,0,59,200
695,128880,81.74500054121017,0.19499999999999995,8.265,0,45,200
696,129064,119.83166764676571,0.04500000000000004,7.315,0,54,200
697,129480,103.93333414196968,0.09499999999999997,8.12,0,33,200
698,129536,106.34333392977715,0.07999999999999996,8.3,0,49,200
699,129768,119.43666712939739,0.030000000000000027,7.84,0,56,200
700,129776,105.08833433687687,0.06999999999999995,8.495,0,60,200
701,130184,48.1866667419672,0.29500000000000004,10.06,0,33,200
702,130264,109.47666718065739,0.07499999999999996,7.96,0,45,200
703,130480,64.13666650652885,0.22999999999999998,9.61,0,39,200
704,130664,95.01333358883858,0.125,8.42,0,59,200
705,131080,101.15000016987324,0.09999999999999998,8.43,0,50,200
706,131136,77.57333344221115,0.19999999999999996,8.78,0,38,200
707,131368,94.53333359956741,0.08999999999999997,9.44,0,47,200
708,131376,116.99333414435387,0.05500000000000005,7.49,0,64,200
709,131784,108.60500064492226,0.09999999999999998,7.395,0,48,200
710,131864,88.10666672885418,0.14,8.8,0,43,200
711,132080,109.40833361446857,0.06999999999999995,8.105,0,56,200
712,132264,79.86333407461643,0.18999999999999995,8.63,0,41,200
713,132680,89.53333368897438,0.16500000000000004,8.36,0,46,200
714,132736,112.00166757404804,0.07999999999999996,7.435,0,52,200
715,132968,95.92333371937275,0.11499999999999999,8.63,0,49,200
716,132976,96.6033343076706,0.08999999999999997,8.99,0,64,200
717,133384,63.59000018239021,0.22999999999999998,9.51,0,43,200
718,133464,112.96833428740501,0.08499999999999996,7.355,0,62,200
719,133680,126.94166746735573,0.04500000000000004,6.655,0,52,200
720,133864,110.75166760385036,0.06999999999999995,7.945,0,70,200
721,134280,120.73833388090134,0.040000000000000036,7.505,0,61,200
722,134336,111.67666745185852,0.03500000000000003,8.71,0,51,200
723,134568,73.53500068187714,0.18000000000000005,9.735,0,46,200
724,134576,113.65666742622852,0.05500000000000005,7.81,0,54,200
725,134984,114.59333419799805,0.08499999999999996,7.25,0,52,200
726,135064,123.30333410203457,0.020000000000000018,7.55,0,55,200
727,135280,94.59833379089832,0.13,8.315,0,58,200
728,135464,89.97000041604042,0.17000000000000004,7.92,0,51,200
729,135880,83.9350003451109,0.14,9.375,0,46,200
730,135936,97.75000016391277,0.07999999999999996,9.18,0,54,200
731,136168,96.55500043928623,0.16000000000000003,7.545,0,55,200
732,136176,115.1333340704441,0.040000000000000036,8.12,0,50,200
733,136584,67.54000037908554,0.21499999999999997,9.69,0,37,200
734,136664,123.36333456635475,0.06499999999999995,6.5,0,68,200
735,136880,104.01166714727879,0.07999999999999996,8.575,0,54,200
736,137064,81.23333360254765,0.18000000000000005,8.78,0,42,200
737,137480,105.25000102818012,0.08499999999999996,8.1,0,58,200
738,137536,57.396667167544365,0.27,9.37,0,42,200
739,137768,85.27166692912579,0.17000000000000004,8.605,0,50,200
740,137776,100.6216671615839,0.08999999999999997,8.605,0,46,200
741,138184,115.67333455383778,0.04500000000000004,7.97,0,60,200
742,138264,116.0300004184246,0.03500000000000003,8.19,0,67,200
743,138480,116.8850007802248,0.05500000000000005,7.455,0,62,200
744,138664,102.56500068306923,0.12,7.395,0,59,200
745,139080,128.92833395302296,0.03500000000000003,6.635,0,60,200
746,139136,100.36000104248524,0.09999999999999998,8.31,0,59,200
747,139368,84.91833354532719,0.16000000000000003,8.825,0,45,200
748,139376,108.96000048518181,0.06999999999999995,8.16,0,54,200
749,139784,108.40000100433826,0.06000000000000005,8.46,0,49,200
750,139864,96.04666718840599,0.07999999999999996,9.46,0,56,200
751,140080,98.01166747510433,0.14500000000000002,7.615,0,47,200
752,140264,110.05333399772644,0.08499999999999996,7.58,0,69,200
753,140680,112.63666720688343,0.10999999999999999,6.73,0,47,200
754,140736,121.50500077009201,0.04500000000000004,7.365,0,58,200
755,140968,109.44333401322365,0.08999999999999997,7.61,0,58,200
756,140976,103.76333366334438,0.05500000000000005,9.2,0,59,200
757,141384,107.44000090658665,0.06000000000000005,8.4,0,61,200
758,141464,82.34166720509529,0.16500000000000004,8.935,0,55,200
759,141680,109.97833436727524,0.09999999999999998,7.115,0,60,200
760,141864,124.73333394527435,0.03500000000000003,7.19,0,50,200
761,142280,98.71333394944668,0.08999999999999997,8.9,0,66,200
762,142336,97.15000070631504,0.15000000000000002,7.83,0,52,200
763,142568,84.1850004196167,0.13,9.645,0,53,200
764,142576,113.42000086605549,0.08499999999999996,7.26,0,60,200
765,142984,103.55000031739473,0.09999999999999998,8.01,0,52,200
766,143064,41.671666249632835,0.31000000000000005,10.525,0,30,200
767,143280,92.80666717886925,0.14,8.29,0,52,200
768,143464,99.56000036001205,0.10499999999999998,8.34,0,63,200
769,143880,107.4450005441904,0.09999999999999998,7.785,0,46,200
770,143936,126.94333411753178,0.020000000000000018,7.07,0,70,200
771,144168,105.81333403289318,0.06999999999999995,8.57,0,50,200
772,144176,110.17333419620991,0.07499999999999996,7.79,0,68,200
773,144584,94.29000052809715,0.13,8.55,0,54,200
774,144664,122.44000081717968,0.03500000000000003,7.29,0,56,200
775,144880,110.21500039100647,0.08999999999999997,7.545,0,54,200
776,145064,120.71500077843666,0.04500000000000004,7.395,0,58,200
777,145480,74.4283336699009,0.17000000000000004,9.845,0,58,200
778,145536,64.06166698038578,0.26,8.935,0,49,200
779,145768,105.46500080823898,0.09999999999999998,7.725,0,73,200
780,145776,101.20500054955482,0.12,7.785,0,65,200
781,146184,64.87333351373672,0.28,8.39,0,43,200
782,146264,91.37666745483875,0.12,8.98,0,58,200
783,146480,81.98500023782253,0.15000000000000002,9.585,0,46,200
784,146664,93.16000033915043,0.12,8.88,0,42,200
785,147080,116.01666763424873,0.06000000000000005,7.51,0,66,200
786,147136,125.49166721105576,0.040000000000000036,6.745,0,67,200
787,147368,74.74166676402092,0.19999999999999996,8.995,0,49,200
788,147376,105.42500060796738,0.06000000000000005,8.775,0,71,200
789,147784,99.70500054955482,0.10499999999999998,8.415,0,53,200
790,147864,93.33666737377644,0.125,8.65,0,57,200
791,148080,84.16833402216434,0.19499999999999995,8.045,0,56,200
792,148264,118.90500083565712,0.03500000000000003,7.695,0,71,200
793,148680,117.66166758537292,0.06999999999999995,6.895,0,71,200
794,148736,83.0250005275011,0.19499999999999995,8.145,0,50,200
795,148968,113.48833386600018,0.06999999999999995,7.805,0,47,200
796,148976,121.0816675722599,0.040000000000000036,7.315,0,64,200
797,149384,124.31000059843063,0.05500000000000005,6.75,0,57,200
798,149464,82.19500042498112,0.15000000000000002,9.375,0,51,200
799,149680,125.46666768193245,0.06499999999999995,6.55,0,45,200
800,149864,109.25333419442177,0.08499999999999996,7.7,0,68,200
801,150280,104.59166742861271,0.09499999999999997,7.975,0,55,200
802,150336,118.61333382129669,0.03500000000000003,7.94,0,59,200
803,150568,117.00666698813438,0.06000000000000005,7.48,0,54,200
804,150576,117.30833354592323,0.04500000000000004,7.895,0,39,200
805,150984,112.6516675800085,0.07999999999999996,7.555,0,52,200
806,151064,95.71000070869923,0.15000000000000002,7.68,0,57,200
807,151280,84.13666747510433,0.18999999999999995,8.05,0,49,200
808,151464,92.13000039756298,0.16000000000000003,8.04,0,46,200
809,151880,100.21833404898643,0.09999999999999998,8.465,0,50,200
810,151936,81.07833386957645,0.16500000000000004,9.095,0,54,200
811,152168,112.46833372116089,0.08999999999999997,7.385,0,42,200
812,152176,88.60166737437248,0.15000000000000002,8.695,0,59,200
813,152584,113.89333428442478,0.05500000000000005,7.97,0,54,200
814,152664,118.05500108003616,0.06999999999999995,7.185,0,55,200
815,152880,73.70833392441273,0.21499999999999997,8.795,0,48,200
816,153064,100.94333386421204,0.10999999999999999,8.21,0,53,200
817,153480,102.3500004708767,0.09499999999999997,8.28,0,54,200
818,153536,66.90166711807251,0.24,9.055,0,43,200
819,153768,97.85166718065739,0.12,8.335,0,47,200
820,153776,53.093333318829536,0.30500000000000005,9.05,0,37,200
821,154184,113.65500082075596,0.05500000000000005,7.935,0,56,200
822,154264,120.13333393633366,0.050000000000000044,7.43,0,54,200
823,154480,121.16000068187714,0.03500000000000003,7.5,0,63,200
824,154664,83.20666742324829,0.16000000000000003,9.16,0,44,200
825,155080,73.13499988615513,0.24,8.445,0,43,200
826,155136,89.42500025033951,0.18000000000000005,7.905,0,41,200
827,155368,55.55666682124138,0.31000000000000005,8.59,0,43,200
828,155376,93.0333339124918,0.09499999999999997,9.38,0,63,200
829,155784,52.353333085775375,0.28,9.86,0,32,200
830,155864,108.1983339637518,0.09999999999999998,7.685,0,47,200
831,156080,103.37833416461945,0.10499999999999998,7.985,0,45,200
832,156264,66.41666704416275,0.20999999999999996,10.0,0,45,200
833,156680,112.31500080227852,0.07999999999999996,7.455,0,55,200
834,156736,107.20000052452087,0.07499999999999996,8.16,0,54,200
835,156968,84.78333383798599,0.18999999999999995,8.06,0,58,200
836,156976,114.73500083386898,0.04500000000000004,8.025,0,68,200
837,157384,110.23166742920876,0.09999999999999998,7.345,0,44,200
838,157464,111.83666725456715,0.050000000000000044,8.26,0,52,200
839,157680,113.22000080347061,0.015000000000000013,9.0,0,61,200
840,157864,108.66833348572254,0.06000000000000005,8.465,0,40,200
841,158280,60.160000309348106,0.28,8.94,0,39,200
842,158336,99.65166746079922,0.10999999999999999,8.215,0,65,200
843,158568,129.2950009405613,0.030000000000000027,6.705,0,57,200
844,158576,118.02500051259995,0.07999999999999996,6.945,0,56,200
845,158984,109.27833363413811,0.05500000000000005,8.465,0,54,200
846,159064,112.7350008636713,0.03500000000000003,8.595,0,65,200
847,159280,104.05000106990337,0.06999999999999995,8.76,0,48,200
848,159464,123.46833391487598,0.040000000000000036,7.295,0,52,200
849,159880,101.52666722238064,0.10999999999999999,8.2,0,53,200
850,159936,92.41833393275738,0.135,8.555,0,51,200
851,160168,128.17833414673805,0.030000000000000027,6.995,0,64,200
852,160176,81.0333337187767,0.17500000000000004,9.02,0,50,200
853,160584,101.39833426475525,0.12,7.715,0,51,200
854,160664,125.96166750788689,0.020000000000000018,7.405,0,51,200
855,160880,102.0316673219204,0.05500000000000005,9.625,0,41,200
856,161064,102.52666722238064,0.09499999999999997,8.47,0,41,200
857,161480,115.66500042378902,0.040000000000000036,8.115,0,52,200
858,161536,110.33500052988529,0.08499999999999996,7.905,0,43,200
859,161768,97.84000021219254,0.09999999999999998,8.76,0,47,200
860,161776,112.68333369493484,0.125,6.41,0,48,200
861,162184,72.93500082194805,0.235,8.415,0,39,200
862,162264,100.09500040113926,0.08999999999999997,8.805,0,47,200
863,162480,112.42000041902065,0.08499999999999996,7.44,0,44,200
864,162664,133.48000054061413,0.03500000000000003,6.18,0,50,200
865,163080,86.74000033736229,0.15500000000000003,8.91,0,39,200
866,163136,93.67166742682457,0.17000000000000004,7.645,0,49,200
867,163232,59.31833338737488,0.06106870229007633,7.015267175572519,1,33,131
868,163368,105.37000061571598,0.06000000000000005,8.85,0,46,200
869,163376,113.66666720807552,0.06000000000000005,7.9,0,52,200
870,163864,60.39166712760925,0.26,9.625,0,40,200
871,164080,111.07666736841202,0.04500000000000004,8.62,0,60,200
872,164264,89.36500027775764,0.17000000000000004,8.265,0,46,200
873,164680,101.22666725516319,0.125,7.72,0,51,200
874,164736,102.44666694104671,0.08499999999999996,8.5,0,51,200
875,164832,80.28833365440369,0.18000000000000005,9.005,0,45,200
876,164968,116.21333348751068,0.06499999999999995,7.64,0,49,200
877,164976,84.72500012814999,0.19499999999999995,8.175,0,43,200
878,165464,115.101667791605,0.05500000000000005,7.795,0,57,200
879,165680,108.49333404004574,0.07999999999999996,8.12,0,46,200
880,165864,101.02166731655598,0.10999999999999999,8.155,0,45,200
881,166280,108.08833372592926,0.09499999999999997,7.805,0,39,200
882,166336,116.43333387374878,0.050000000000000044,7.7,0,51,200
883,166432,103.75166746973991,0.06499999999999995,9.055,0,51,200
884,166568,85.02833397686481,0.16000000000000003,8.765,0,48,200
885,166576,115.64166736602783,0.040000000000000036,8.125,0,54,200
886,167064,112.54833410680294,0.09999999999999998,6.875,0,42,200
887,167280,97.64166730642319,0.09999999999999998,8.725,0,50,200
888,167464,88.29000015556812,0.16000000000000003,8.52,0,34,200
889,167880,93.09833401441574,0.16000000000000003,8.075,0,50,200
890,167936,101.64500042796135,0.10499999999999998,8.535,0,46,200
891,168032,98.3450005799532,0.10999999999999999,8.505,0,49,200
892,168168,101.12500014901161,0.10999999999999999,8.325,0,49,200
893,168176,123.75833417475224,0.04500000000000004,7.055,0,60,200
894,168664,113.42833390831947,0.05500000000000005,8.075,0,56,200
895,168880,118.99333399534225,0.05500000000000005,7.31,0,54,200
896,169064,67.90166713297367,0.22999999999999998,9.265,0,50,200
897,169480,95.08000035583973,0.135,8.37,0,43,200
898,169536,107.82166683673859,0.09499999999999997,7.735,0,64,200
899,169632,117.81833407282829,0.020000000000000018,8.315,0,56,200
900,169768,118.79833355545998,0.06999999999999995,7.025,0,62,200
901,169776,114.12333431839943,0.08499999999999996,7.19,0,52,200
902,170264,80.85166718065739,0.16000000000000003,9.445,0,46,200
903,170480,88.83500048518181,0.16500000000000004,8.265,0,45,200
904,170664,104.06333428621292,0.07999999999999996,8.51,0,56,200
905,171080,101.0750005543232,0.11499999999999999,8.205,0,50,200
906,171136,93.31166712939739,0.15000000000000002,8.305,0,42,200
907,171232,122.98333385586739,0.040000000000000036,7.28,0,60,200
908,171368,108.21500033140182,0.10499999999999998,7.695,0,47,200
909,171376,117.24833410978317,0.025000000000000022,8.255,0,55,200
910,171864,90.43000064790249,0.14500000000000002,8.64,0,62,200
911,172080,114.2450009137392,0.07499999999999996,7.485,0,53,200
912,172264,117.91333363950253,0.06499999999999995,7.13,0,55,200
913,172680,100.50833421945572,0.10499999999999998,8.405,0,46,200
914,172736,104.18666698038578,0.11499999999999999,7.87,0,47,200
915,172832,82.30333371460438,0.20499999999999996,8.21,0,44,200
916,172968,119.47166737914085,0.050000000000000044,7.465,0,59,200
917,172976,116.91166764497757,0.05500000000000005,7.585,0,64,200
918,173464,98.51166711747646,0.11499999999999999,8.335,0,53,200
919,173680,110.36666779220104,0.08999999999999997,7.57,0,54,200
920,173864,123.03166763484478,0.05500000000000005,7.105,0,43,200
921,174280,104.00000055134296,0.135,7.41,0,54,200
922,174336,93.61333417892456,0.15500000000000003,8.12,0,55,200
923,174432,95.69000054895878,0.17500000000000004,7.38,0,50,200
924,174568,130.18833434581757,0.050000000000000044,6.125,0,59,200
925,174576,90.0233338624239,0.18000000000000005,7.88,0,46,200
926,175064,101.20166702568531,0.13,7.825,0,50,200
927,175280,118.76166722178459,0.05500000000000005,7.225,0,56,200
928,175464,115.07500065863132,0.08499999999999996,7.215,0,58,200
929,175880,109.10333447158337,0.09499999999999997,7.49,0,64,200
930,175936,107.13166739046574,0.07499999999999996,8.365,0,57,200
931,176032,95.90000069141388,0.135,8.37,0,52,200
932,176168,110.43166752159595,0.06499999999999995,8.095,0,49,200
933,176176,106.13833397626877,0.08499999999999996,8.195,0,54,200
934,176664,112.67500081658363,0.125,6.585,0,50,200
935,176880,98.28166751563549,0.09499999999999997,8.755,0,54,200
936,177064,117.03166787326336,0.05500000000000005,7.615,0,48,200
937,177480,110.81666733324528,0.07499999999999996,8.17,0,41,200
938,177536,103.79500062763691,0.10499999999999998,8.115,0,45,200
939,177632,85.24500049650669,0.17500000000000004,8.445,0,57,200
940,177768,98.93333412706852,0.13,8.0,0,48,200
941,177776,99.61833366751671,0.10499999999999998,8.495,0,42,200
942,178264,112.4333336353302,0.06499999999999995,8.03,0,47,200
943,178480,122.16500049829483,0.06499999999999995,6.915,0,48,200
944,178664,106.68666689097881,0.08499999999999996,8.2,0,53,200
945,179080,112.00500103831291,0.06999999999999995,7.965,0,49,200
946,179136,100.05666745454073,0.13,7.87,0,49,200
947,179232,107.70333382487297,0.08499999999999996,7.97,0,52,200
948,179368,113.15666718780994,0.10499999999999998,7.06,0,45,200
949,179376,77.73166669905186,0.18999999999999995,9.175,0,38,200
950,179864,90.74833355844021,0.16500000000000004,8.045,0,48,200
951,180080,104.35666696727276,0.10499999999999998,7.99,0,44,200
952,180264,93.35833384096622,0.14,8.435,0,48,200
953,180680,122.65500012040138,0.04500000000000004,7.275,0,64,200
954,180736,93.05833405256271,0.14500000000000002,8.345,0,35,200
955,180832,54.84166671335697,0.31000000000000005,8.965,0,44,200
956,180968,119.82166750729084,0.040000000000000036,7.675,0,55,200
957,180976,111.7900006622076,0.08999999999999997,7.38,0,52,200
958,181464,107.8566674888134,0.06000000000000005,8.62,0,50,200
959,181680,78.54833371937275,0.14,10.325,0,26,200
960,181864,94.58500044047832,0.10499999999999998,9.195,0,47,200
961,182280,106.51500053703785,0.08999999999999997,8.055,0,49,200
962,182336,122.67000050842762,0.03500000000000003,7.53,0,55,200
963,182432,101.00166739523411,0.08499999999999996,8.995,0,39,200
964,182568,113.05833381414413,0.07999999999999996,7.505,0,46,200
965,182576,103.92833411693573,0.09999999999999998,8.165,0,45,200
966,183064,99.47000087797642,0.08999999999999997,8.94,0,50,200
967,183280,106.33166763186455,0.10499999999999998,7.855,0,46,200
968,183464,110.63333408534527,0.05500000000000005,8.33,0,53,200
969,183880,103.68833440542221,0.11499999999999999,7.865,0,37,200
970,183936,116.73500072956085,0.07499999999999996,7.185,0,49,200
971,184032,97.61833387613297,0.12,8.585,0,35,200
972,184168,113.85000091791153,0.06499999999999995,7.92,0,58,200
973,184176,106.04333437979221,0.11499999999999999,7.7,0,52,200
974,184664,108.28666710853577,0.07999999999999996,8.11,0,51,200
975,184880,71.49333350360394,0.24,8.57,0,41,200
976,185064,77.84833328425884,0.18500000000000005,9.215,0,35,200
977,185480,80.5000005364418,0.17500000000000004,9.18,0,40,200
978,185536,118.08833411335945,0.040000000000000036,8.105,0,49,200
979,185632,89.2883335351944,0.17000000000000004,8.135,0,48,200
980,185768,63.30833378434181,0.27,9.035,0,40,200
981,185776,105.43333418667316,0.10499999999999998,7.85,0,43,200
982,186264,94.99000050127506,0.16500000000000004,7.8,0,46,200
983,186480,125.05833408236504,0.040000000000000036,6.995,0,57,200
984,186664,92.34833380579948,0.16000000000000003,7.655,0,62,200
985,187080,119.9183335006237,0.06999999999999995,7.055,0,53,200
986,187136,78.95666748285294,0.21499999999999997,8.38,0,46,200
987,187232,89.23333372175694,0.18500000000000005,7.79,0,48,200
988,187368,96.5116670280695,0.125,8.335,0,52,200
989,187376,95.58166708052158,0.09999999999999998,9.115,0,45,200
990,187864,126.45500069856644,0.010000000000000009,7.725,0,43,200
991,188080,95.62666749954224,0.15500000000000003,7.84,0,39,200
992,188264,98.61166769266129,0.125,8.365,0,42,200
993,188680,112.08833400905132,0.06499999999999995,7.925,0,50,200
994,188736,103.11833414435387,0.12,7.655,0,51,200
995,188832,60.69166621565819,0.26,9.415,0,40,200
996,188968,90.26166723668575,0.15000000000000002,8.545,0,47,200
997,188976,135.70000064373016,0.010000000000000009,6.57,0,57,200
998,189464,94.47333392500877,0.14500000000000002,8.21,0,43,200
999,189680,119.37666721642017,0.050000000000000044,7.45,0,57,200
1000,189864,94.9533334672451,0.12,8.75,0,46,200
1001,190280,108.82500065863132,0.06999999999999995,8.325,0,47,200
1002,190336,118.38000079989433,0.05500000000000005,7.68,0,46,200
1003,190432,70.3316670358181,0.24,8.815,0,35,200
1004,190568,98.00500065088272,0.10999999999999999,8.565,0,41,200
1005,190576,102.38500045239925,0.10999999999999999,8.055,0,45,200
1006,191064,93.5266675800085,0.14,8.41,0,45,200
1007,191280,105.98000086843967,0.09499999999999997,8.04,0,49,200
1008,191464,78.69500014185905,0.18000000000000005,9.405,0,33,200
1009,191880,112.6933338791132,0.07499999999999996,7.7,0,54,200
1010,191936,93.50500050187111,0.14500000000000002,8.445,0,37,200
1011,192032,96.73166730999947,0.15000000000000002,7.645,0,49,200
1012,192168,108.38833403587341,0.09999999999999998,7.595,0,42,200
1013,192176,103.88166771829128,0.11499999999999999,7.615,0,48,200
1014,192664,81.62666694819927,0.17000000000000004,9.16,0,41,200
1015,192880,108.18333384394646,0.06499999999999995,8.48,0,57,200
1016,193064,114.4250009059906,0.06999999999999995,7.725,0,45,200
1017,193480,111.89666739106178,0.09999999999999998,7.36,0,40,200
1018,193536,130.0500006377697,0.050000000000000044,6.09,0,57,200
1019,193632,119.18333421647549,0.020000000000000018,8.15,0,57,200
1020,193768,112.58166724443436,0.09499999999999997,7.195,0,49,200
1021,193776,120.16333419084549,0.025000000000000022,8.12,0,61,200
1022,194264,122.66500049829483,0.04500000000000004,7.155,0,52,200
1023,194480,122.1266673207283,0.050000000000000044,7.3,0,62,200
1024,194664,98.39500081539154,0.17000000000000004,7.125,0,41,200
1025,195080,112.79333391785622,0.07499999999999996,7.58,0,54,200
1026,195136,106.12333360314369,0.09999999999999998,7.73,0,51,200
1027,195232,104.15166737139225,0.08999999999999997,8.275,0,50,200
1028,195368,110.89833402633667,0.08999999999999997,7.415,0,63,200
1029,195376,103.50833424925804,0.07499999999999996,8.855,0,51,200
1030,195864,114.43333388864994,0.05500000000000005,7.91,0,51,200
1031,196080,107.47166737914085,0.08999999999999997,7.975,0,51,200
1032,196264,111.11333411931992,0.06999999999999995,7.85,0,57,200
1033,196680,91.63333383202553,0.10999999999999999,9.35,0,40,200
1034,196736,129.8400005698204,0.020000000000000018,6.9,0,64,200
1035,196832,102.20166718959808,0.13,7.645,0,49,200
1036,196968,120.66666752099991,0.06499999999999995,7.03,0,51,200
1037,196976,90.1299999654293,0.15500000000000003,8.49,0,49,200
1038,197464,114.06666740775108,0.05500000000000005,7.99,0,62,200
1039,197680,103.9416670948267,0.07499999999999996,8.875,0,49,200
1040,197864,108.79666729271412,0.08999999999999997,7.72,0,47,200
1041,198280,108.95333367586136,0.06499999999999995,8.45,0,45,200
1042,198336,97.82166728377342,0.14,8.005,0,47,200
1043,198432,77.05333325266838,0.22499999999999998,8.18,0,45,200
1044,198568,103.54333327710629,0.10999999999999999,8.09,0,45,200
1045,198576,122.24166728556156,0.06499999999999995,6.655,0,57,200
1046,199064,102.77166736125946,0.08499999999999996,8.755,0,54,200
1047,199280,99.3133336007595,0.125,8.12,0,52,200
1048,199464,124.11666774749756,0.03500000000000003,7.3,0,59,200
1049,199880,118.79666738212109,0.05500000000000005,7.54,0,49,200
1050,199936,122.76666751503944,0.020000000000000018,7.78,0,58,200
1051,200032,88.44666731357574,0.18000000000000005,7.9,0,53,200
1052,200168,104.75666742026806,0.12,7.54,0,49,200
1053,200176,88.57500080764294,0.14500000000000002,8.955,0,42,200
1054,200664,126.9833342730999,0.03500000000000003,7.04,0,52,200
1055,200880,83.04000052809715,0.16500000000000004,8.94,0,61,200
1056,201064,105.06666706502438,0.07999999999999996,8.53,0,45,200
1057,201480,104.60166770219803,0.12,7.585,0,44,200
1058,201536,75.14333376288414,0.20999999999999996,9.14,0,43,200
1059,201632,119.1983337700367,0.06999999999999995,7.025,0,56,200
1060,201768,72.58166714012623,0.255,8.035,0,46,200
1061,201776,120.12000125646591,0.06000000000000005,7.23,0,54,200
1062,202264,96.2683340460062,0.16000000000000003,7.715,0,41,200
1063,202480,107.6833344399929,0.09499999999999997,7.76,0,42,200
1064,202664,119.32333435118198,0.04500000000000004,7.61,0,59,200
1065,203080,106.53000019490719,0.09499999999999997,8.04,0,48,200
1066,203136,93.62833377718925,0.135,8.525,0,50,200
1067,203232,105.04166713356972,0.10999999999999999,7.735,0,51,200
1068,203368,77.55666700005531,0.18999999999999995,9.07,0,44,200
1069,203376,94.86000043153763,0.13,8.64,0,52,200
1070,203864,121.37166774272919,0.07499999999999996,6.625,0,56,200
1071,204080,109.92333437502384,0.10999999999999999,7.28,0,50,200
1072,204264,117.50000077486038,0.04500000000000004,7.83,0,62,200
1073,204680,114.01666751503944,0.050000000000000044,8.11,0,55,200
1074,204736,116.15833428502083,0.06999999999999995,7.205,0,58,200
1075,204832,89.30000060796738,0.16500000000000004,8.31,0,57,200
1076,204968,78.30833360552788,0.22499999999999998,8.225,0,39,200
1077,204976,89.69000068306923,0.16000000000000003,8.31,0,51,200
1078,205464,85.48666724562645,0.18000000000000005,8.56,0,52,200
1079,205680,103.45666748285294,0.08999999999999997,8.38,0,66,200
1080,205864,106.47666747868061,0.07999999999999996,8.26,0,65,200
1081,206280,105.01833412051201,0.10999999999999999,7.715,0,68,200
1082,206336,99.2383341640234,0.14,7.805,0,63,200
1083,206432,102.36333453655243,0.10499999999999998,8.06,0,58,200
1084,206568,115.36666749417782,0.07499999999999996,7.39,0,49,200
1085,206576,109.00666697323322,0.08499999999999996,7.87,0,52,200
1086,207064,112.72000069916248,0.05500000000000005,8.04,0,53,200
1087,207280,108.5733345001936,0.07499999999999996,8.18,0,56,200
1088,207464,79.16833393275738,0.19499999999999995,8.705,0,52,200
1089,207880,105.22000056505203,0.08999999999999997,8.16,0,55,200
1090,207936,79.67833410203457,0.18999999999999995,8.795,0,54,200
1091,208032,89.04166708886623,0.14500000000000002,8.875,0,45,200
1092,208168,115.88166750967503,0.04500000000000004,7.915,0,54,200
1093,208176,92.86833384633064,0.10999999999999999,9.155,0,47,200
1094,208664,112.58166742324829,0.07999999999999996,7.435,0,65,200
1095,208880,69.36666725575924,0.19499999999999995,9.94,0,47,200
1096,209064,99.9200007468462,0.10999999999999999,8.25,0,58,200
1097,209480,102.3066678494215,0.08499999999999996,8.68,0,53,200
1098,209536,88.85833369195461,0.15500000000000003,8.645,0,44,200
1099,209632,134.6400004029274,0.015000000000000013,6.48,0,59,200
1100,209768,83.43999999761581,0.19499999999999995,8.19,0,48,200
1101,209776,101.83000092208385,0.09999999999999998,8.34,0,57,200
1102,210264,97.67833419144154,0.135,7.865,0,55,200
1103,210480,101.8250003606081,0.15000000000000002,7.185,0,54,200
1104,210664,115.04666766524315,0.06000000000000005,7.81,0,65,200
1105,211080,87.9950001835823,0.16500000000000004,8.385,0,55,200
1106,211136,86.17666710913181,0.17500000000000004,8.47,0,39,200
1107,211232,101.15833412110806,0.12,8.015,0,58,200
1108,211368,111.1233342885971,0.10499999999999998,7.25,0,50,200
1109,211376,135.3166676312685,0.015000000000000013,6.37,0,65,200
1110,211864,102.87333410978317,0.125,7.64,0,54,200
1111,212080,108.72166736423969,0.09499999999999997,7.705,0,52,200
1112,212264,104.46833395957947,0.12,7.595,0,51,200
1113,212680,111.39333382248878,0.06499999999999995,8.18,0,62,200
1114,212736,120.25500093400478,0.040000000000000036,7.515,0,59,200
1115,212832,98.61666752398014,0.10999999999999999,8.59,0,45,200
1116,212968,112.88000084459782,0.08999999999999997,7.38,0,57,200
1117,212976,117.7766674309969,0.04500000000000004,7.69,0,59,200
1118,213464,98.43000108003616,0.125,8.1,0,56,200
1119,213680,127.26833426952362,0.04500000000000004,6.815,0,68,200
1120,213864,71.82833367586136,0.28,7.685,0,44,200
1121,214280,114.84333437681198,0.04500000000000004,8.0,0,73,200
1122,214336,123.64833414554596,0.025000000000000022,7.625,0,60,200
1123,214432,123.25166779756546,0.020000000000000018,7.825,0,63,200
1124,214568,86.11166760325432,0.15500000000000003,8.785,0,53,200
1125,214576,116.28000076115131,0.06000000000000005,7.62,0,70,200
1126,215064,119.23500077426434,0.06999999999999995,6.855,0,57,200
1127,215280,95.85333374142647,0.125,8.45,0,51,200
1128,215464,96.44833408296108,0.135,7.985,0,48,200
1129,215880,100.000000461936,0.08999999999999997,8.82,0,62,200
1130,215936,104.8800006210804,0.08999999999999997,8.34,0,61,200
1131,216032,131.50166755914688,0.015000000000000013,6.925,0,63,200
1132,216168,119.48833365738392,0.050000000000000044,7.505,0,55,200
1133,216176,95.9866673052311,0.12,8.59,0,54,200
1134,216664,106.45166763663292,0.05500000000000005,8.845,0,57,200
1135,216880,113.33166715502739,0.06499999999999995,7.885,0,59,200
1136,217064,94.10666736960411,0.16000000000000003,7.72,0,60,200
1137,217480,81.23833368718624,0.18000000000000005,8.915,0,54,200
1138,217536,105.85666774213314,0.13,7.12,0,59,200
1139,217632,89.33500061929226,0.15000000000000002,8.595,0,59,200
1140,217768,127.38166773319244,0.025000000000000022,7.045,0,61,200
1141,217776,104.74166703224182,0.10999999999999999,7.945,0,42,200
1142,218264,105.64833423495293,0.050000000000000044,9.035,0,56,200
1143,218480,127.41500075161457,0.020000000000000018,7.305,0,59,200
1144,218664,117.91166724264622,0.025000000000000022,8.395,0,57,200
1145,219080,120.98166744410992,0.030000000000000027,7.915,0,62,200
1146,219136,116.08500057458878,0.050000000000000044,7.815,0,59,200
1147,219232,100.63000082969666,0.13,7.74,0,56,200
1148,219368,116.88333487510681,0.050000000000000044,7.7,0,52,200
1149,219376,107.79333408176899,0.07499999999999996,8.27,0,56,200
1150,219864,105.74500073492527,0.09499999999999997,7.935,0,59,200
1151,220080,96.24666726589203,0.12,8.5,0,51,200
1152,220264,97.77333416044712,0.11499999999999999,8.48,0,54,200
1153,220680,100.49000038206577,0.12,7.98,0,57,200
1154,220736,117.00666791200638,0.050000000000000044,7.78,0,58,200
1155,220832,90.08500084280968,0.135,8.895,0,56,200
1156,220968,122.713333979249,0.025000000000000022,7.67,0,58,200
1157,220976,109.51500082015991,0.07999999999999996,7.905,0,66,200
1158,221464,112.54166762530804,0.06499999999999995,7.885,0,67,200
1159,221680,110.59500093013048,0.09499999999999997,7.515,0,57,200
1160,221864,109.33666741847992,0.09999999999999998,7.51,0,56,200
1161,222280,101.22000055015087,0.12,7.89,0,55,200
1162,222336,87.52666728198528,0.135,9.1,0,56,200
1163,222432,86.11500078439713,0.17500000000000004,8.535,0,40,200
1164,222568,77.97166696190834,0.20499999999999996,8.515,0,48,200
1165,222576,111.92500078678131,0.09999999999999998,7.095,0,58,200
1166,223064,92.39333406090736,0.15000000000000002,8.18,0,50,200
1167,223280,85.74500094354153,0.17000000000000004,8.655,0,54,200
1168,223464,122.16166797280312,0.06999999999999995,6.625,0,62,200
1169,223880,109.10000097751617,0.040000000000000036,8.88,0,57,200
1170,223936,103.90833374857903,0.09499999999999997,7.985,0,59,200
1171,224032,116.81000067293644,0.030000000000000027,8.37,0,59,200
1172,224168,99.68666714429855,0.10999999999999999,8.44,0,54,200
1173,224176,116.85166737437248,0.06499999999999995,7.345,0,56,200
1174,224664,60.16500060260296,0.245,9.855,0,47,200
1175,224880,93.49666760861874,0.125,8.68,0,52,200
1176,225064,124.11333447694778,0.04500000000000004,6.95,0,52,200
1177,225480,103.02500021457672,0.13,7.605,0,49,200
1178,225536,75.2250005453825,0.18000000000000005,9.495,0,48,200
1179,225632,110.1483342051506,0.050000000000000044,8.555,0,60,200
1180,225768,121.5666670948267,0.06499999999999995,6.94,0,48,200
1181,225776,102.2633338868618,0.11499999999999999,7.82,0,57,200
1182,226264,104.61000077426434,0.08999999999999997,8.16,0,57,200
1183,226480,99.85666730999947,0.10999999999999999,8.32,0,56,200
1184,226664,99.12333420291543,0.135,7.82,0,56,200
1185,227080,103.79500107467175,0.10999999999999999,7.995,0,62,200
1186,227136,78.58000047504902,0.18000000000000005,9.24,0,47,200
1187,227232,87.99333380162716,0.14500000000000002,9.02,0,46,200
1188,227368,98.12500062584877,0.09499999999999997,8.865,0,66,200
1189,227376,129.78500074148178,0.010000000000000009,7.275,0,73,200
1190,227864,129.27666717767715,0.015000000000000013,7.15,0,59,200
1191,228080,89.33333361148834,0.17500000000000004,7.97,0,54,200
1192,228264,103.53333406150341,0.11499999999999999,7.79,0,57,200
1193,228680,110.77000091969967,0.08999999999999997,7.41,0,53,200
1194,228736,117.29666788876057,0.04500000000000004,7.87,0,70,200
1195,228832,95.35833384096622,0.14500000000000002,7.955,0,57,200
1196,228968,97.00166766345501,0.12,8.365,0,64,200
1197,228976,110.75666745007038,0.08999999999999997,7.48,0,62,200
1198,229464,103.01500090956688,0.08499999999999996,8.655,0,50,200
1199,229680,96.76000064611435,0.135,8.1,0,56,200
1200,229864,128.0250005275011,0.025000000000000022,6.945,0,70,200
1201,230280,119.03333403170109,0.06999999999999995,7.1,0,62,200
1202,230336,122.10500067472458,0.06000000000000005,6.855,0,66,200
1203,230432,127.67166766524315,0.015000000000000013,7.315,0,61,200
1204,230568,116.10166719555855,0.05500000000000005,7.675,0,62,200
1205,230576,128.2783338278532,0.010000000000000009,7.175,0,78,200
1206,231064,112.91500087082386,0.06999999999999995,7.755,0,75,200
1207,231280,102.50500103831291,0.09999999999999998,8.175,0,57,200
1208,231464,95.17666751146317,0.14500000000000002,8.05,0,50,200
1209,231880,119.96666787564754,0.06000000000000005,7.18,0,64,200
1210,231936,121.74833412468433,0.03500000000000003,7.445,0,70,200
1211,232032,121.2616676390171,0.050000000000000044,7.285,0,76,200
1212,232168,115.61166769266129,0.07999999999999996,7.135,0,63,200
1213,232176,87.18000043928623,0.15500000000000003,8.7,0,62,200
1214,232664,115.97333388030529,0.05500000000000005,7.7,0,65,200
1215,232880,106.4000007212162,0.07999999999999996,8.16,0,68,200
1216,233064,104.61333411931992,0.09999999999999998,7.91,0,68,200
1217,233480,111.07000049948692,0.07999999999999996,7.65,0,63,200
1218,233536,109.54166762530804,0.07499999999999996,8.005,0,67,200
1219,233632,121.28833436965942,0.05500000000000005,7.085,0,62,200
1220,233768,86.24666705727577,0.125,9.61,0,63,200
1221,233776,92.83833394944668,0.15500000000000003,7.955,0,72,200
1222,234264,104.3766673207283,0.07499999999999996,8.65,0,58,200
1223,234480,112.62666769325733,0.08499999999999996,7.39,0,55,200
1224,234664,99.79000103473663,0.07999999999999996,9.15,0,64,200
1225,235080,109.58666761219501,0.07999999999999996,7.87,0,65,200
1226,235136,95.14666733145714,0.13,8.44,0,59,200
1227,235232,108.64000058174133,0.10499999999999998,7.17,0,62,200
1228,235368,133.56166765093803,0.025000000000000022,6.205,0,75,200
1229,235376,107.96333403885365,0.07999999999999996,8.15,0,55,200
1230,235864,114.06833396852016,0.06499999999999995,7.745,0,71,200
1231,236080,108.85166719555855,0.10499999999999998,7.495,0,72,200
1232,236264,111.04500089585781,0.06499999999999995,8.145,0,69,200
1233,236680,104.82333406805992,0.06499999999999995,8.87,0,53,200
1234,236736,118.16666755080223,0.06000000000000005,7.36,0,70,200
1235,236832,96.29333430528641,0.12,8.54,0,61,200
1236,236968,108.53500041365623,0.08999999999999997,7.665,0,64,200
1237,236976,93.38000082969666,0.16500000000000004,7.62,0,63,200
1238,237464,90.75666710734367,0.125,8.98,0,63,200
1239,237680,87.69000016152859,0.16000000000000003,8.52,0,55,200
1240,237864,94.2450003772974,0.14,8.325,0,54,200
1241,238280,93.18000078201294,0.14,8.34,0,66,200
1242,238336,85.11166702210903,0.20499999999999996,7.795,0,47,200
1243,238432,98.50666709244251,0.08999999999999997,9.04,0,59,200
1244,238568,80.6983337700367,0.18999999999999995,8.675,0,58,200
1245,238576,100.6266673207283,0.09499999999999997,8.56,0,57,200
1246,239064,123.75833439826965,0.04500000000000004,7.115,0,71,200
1247,239280,107.62166765332222,0.09999999999999998,7.675,0,75,200
1248,239464,113.43000080436468,0.08499999999999996,7.35,0,50,200
1249,239880,121.36666809022427,0.020000000000000018,7.87,0,67,200
1250,239936,73.06833404302597,0.22499999999999998,8.615,0,53,200
1251,240032,94.39166715741158,0.125,8.575,0,48,200
1252,240168,114.45833393931389,0.06999999999999995,7.385,0,65,200
1253,240176,113.60833396017551,0.05500000000000005,7.955,0,68,200
1254,240664,122.80833429098129,0.05500000000000005,6.965,0,64,200
1255,240880,105.77833423018456,0.08499999999999996,8.045,0,78,200
1256,241064,78.65833386778831,0.16500000000000004,9.605,0,52,200
1257,241480,91.70666775107384,0.135,8.74,0,62,200
1258,241536,130.0416678339243,0.025000000000000022,6.775,0,75,200
1259,241632,106.55333422124386,0.08999999999999997,8.0,0,57,200
1260,241768,110.34333415329456,0.07999999999999996,7.7,0,58,200
1261,241776,110.28000096976757,0.04500000000000004,8.64,0,63,200
1262,242264,95.4383337199688,0.15500000000000003,7.835,0,75,200
1263,242480,114.3183341473341,0.06000000000000005,7.745,0,62,200
1264,242664,87.45666727423668,0.18000000000000005,8.02,0,56,200
1265,243080,124.11000099778175,0.030000000000000027,7.29,0,70,200
1266,243136,125.44333404302597,0.020000000000000018,7.43,0,72,200
1267,243232,89.6033339202404,0.17500000000000004,8.0,0,49,200
1268,243368,82.24833372235298,0.20499999999999996,8.045,0,53,200
1269,243376,125.31500047445297,0.050000000000000044,6.675,0,69,200
1270,243864,94.18000048398972,0.15500000000000003,7.95,0,60,200
1271,244080,100.96500058472157,0.07999999999999996,8.895,0,65,200
1272,244264,120.56333440542221,0.025000000000000022,7.79,0,71,200
1273,244680,95.59166748821735,0.14500000000000002,7.915,0,51,200
1274,244736,109.47500076889992,0.06499999999999995,8.175,0,63,200
1275,244832,101.58000074326992,0.09999999999999998,8.43,0,51,200
1276,244968,104.18833395838737,0.06499999999999995,8.945,0,54,200
1277,244976,94.15833361446857,0.15500000000000003,8.015,0,58,200
1278,245464,90.41333395242691,0.135,8.75,0,65,200
1279,245680,125.00833441317081,0.040000000000000036,6.965,0,75,200
1280,245864,82.355000436306,0.17000000000000004,8.805,0,54,200
1281,246280,96.516667380929,0.10999999999999999,8.71,0,58,200
1282,246336,78.41333371400833,0.16000000000000003,9.74,0,41,200
1283,246432,98.90500071644783,0.125,8.205,0,54,200
1284,246568,121.3116674721241,0.030000000000000027,7.795,0,59,200
1285,246576,118.54166750609875,0.050000000000000044,7.465,0,69,200
1286,247064,104.38333377242088,0.09499999999999997,8.21,0,58,200
1287,247280,112.25833410024643,0.09999999999999998,7.115,0,70,200
1288,247464,45.9299997985363,0.31499999999999995,9.93,0,44,200
1289,247880,103.72333413362503,0.06999999999999995,8.9,0,56,200
1290,247936,96.37166711688042,0.08499999999999996,9.505,0,41,200
1291,248032,95.50166752934456,0.08999999999999997,9.385,0,59,200
1292,248168,70.75333361327648,0.22999999999999998,8.69,0,55,200
1293,248176,117.08833384513855,0.04500000000000004,7.925,0,66,200
1294,248664,111.07666724920273,0.030000000000000027,8.98,0,68,200
1295,248880,122.44833427667618,0.04500000000000004,7.115,0,71,200
1296,249064,103.14000082015991,0.08499999999999996,8.58,0,74,200
1297,249480,94.666667252779,0.14,8.23,0,49,200
1298,249536,103.6816675066948,0.09499999999999997,8.275,0,61,200
1299,249632,132.11166766285896,0.030000000000000027,6.355,0,79,200
1300,249768,102.43833391368389,0.09999999999999998,8.255,0,67,200
1301,249776,110.84500062465668,0.040000000000000036,8.595,0,61,200
1302,250264,121.29000079631805,0.015000000000000013,8.07,0,61,200
1303,250480,80.96333345770836,0.18500000000000005,8.81,0,53,200
1304,250664,102.86000120639801,0.07499999999999996,8.79,0,65,200
1305,251080,100.16833379864693,0.125,7.985,0,51,200
1306,251136,104.33500078320503,0.11499999999999999,7.605,0,70,200
1307,251232,109.7550009638071,0.08999999999999997,7.455,0,82,200
1308,251368,108.60000118613243,0.07999999999999996,7.89,0,69,200
1309,251376,82.98333422839642,0.17000000000000004,8.93,0,47,200
1310,251864,76.15166737139225,0.19999999999999996,9.145,0,55,200
1311,252080,74.92166741192341,0.21999999999999997,8.665,0,49,200
1312,252264,116.51500102877617,0.05500000000000005,7.665,0,66,200
1313,252680,73.39166733622551,0.22499999999999998,8.725,0,56,200
1314,252736,122.41166773438454,0.030000000000000027,7.615,0,63,200
1315,252832,112.79000082612038,0.06000000000000005,8.04,0,53,200
1316,252968,69.47833380103111,0.21999999999999997,9.305,0,43,200
1317,252976,109.56666740775108,0.07999999999999996,7.87,0,62,200
1318,253464,100.22000047564507,0.07499999999999996,9.18,0,56,200
1319,253680,108.67500011622906,0.06499999999999995,8.475,0,67,200
1320,253864,93.67333382368088,0.15500000000000003,7.91,0,68,200
1321,254280,117.29333445429802,0.04500000000000004,7.7,0,77,200
1322,254336,112.43500089645386,0.05500000000000005,8.145,0,64,200
1323,254432,115.13833436369896,0.050000000000000044,7.895,0,74,200
1324,254568,108.45333388447762,0.09499999999999997,7.67,0,55,200
1325,254576,131.14000095427036,0.010000000000000009,6.96,0,65,200
1326,255064,106.31000082194805,0.07499999999999996,8.46,0,63,200
1327,255280,101.11000083386898,0.09499999999999997,8.55,0,44,200
1328,255464,104.48500044643879,0.12,7.515,0,61,200
1329,255880,105.46500077843666,0.08999999999999997,8.175,0,64,200
1330,255936,57.96333388984203,0.29000000000000004,9.02,0,59,200
1331,256032,82.7483339458704,0.15500000000000003,9.395,0,58,200
1332,256168,131.31833435595036,0.015000000000000013,6.905,0,73,200
1333,256176,101.62333399057388,0.10499999999999998,8.27,0,54,200
1334,256664,102.53500048816204,0.08499999999999996,8.535,0,49,200
1335,256880,123.90166810154915,0.010000000000000009,7.735,0,86,200
1336,257064,104.96500089764595,0.06999999999999995,8.655,0,68,200
1337,257480,102.30166739225388,0.14500000000000002,7.135,0,69,200
1338,257536,110.24000090360641,0.06499999999999995,8.19,0,60,200
1339,257632,94.43000081181526,0.16000000000000003,7.92,0,56,200
1340,257768,104.06333428621292,0.08499999999999996,8.48,0,60,200
1341,257776,90.09500078856945,0.13,8.985,0,63,200
1342,258264,103.84166744351387,0.10499999999999998,8.005,0,58,200
1343,258480,79.8566680252552,0.19999999999999996,8.44,0,66,200
1344,258664,113.91333383321762,0.050000000000000044,8.15,0,58,200
1345,259080,84.7316675633192,0.18999999999999995,8.035,0,65,200
1346,259136,120.23000119626522,0.03500000000000003,7.68,0,70,200
1347,259232,118.1150010228157,0.015000000000000013,8.505,0,77,200
1348,259368,122.69166798889637,0.040000000000000036,7.225,0,68,200
1349,259376,106.37500049173832,0.06999999999999995,8.535,0,60,200
1350,259432,-21.84499916434288,0.875,7.125,1,0,8
1351,259864,89.8816676735878,0.16000000000000003,8.395,0,58,200
1352,260080,97.05500110983849,0.13,8.085,0,68,200
1353,260264,101.57500027120113,0.10999999999999999,8.145,0,64,200
1354,260680,97.02833391726017,0.15000000000000002,7.805,0,62,200
1355,260736,106.71666739881039,0.10499999999999998,7.72,0,68,200
1356,260832,112.20166730880737,0.08499999999999996,7.435,0,67,200
1357,260976,120.56000100076199,0.040000000000000036,7.56,0,70,200
1358,261032,89.02833405137062,0.17500000000000004,8.105,0,65,200
1359,261464,75.7950010150671,0.22499999999999998,8.505,0,59,200
1360,261680,122.15166765451431,0.030000000000000027,7.465,0,64,200
1361,261864,104.09000088274479,0.07999999999999996,8.52,0,71,200
1362,262280,110.6583342552185,0.05500000000000005,8.345,0,63,200
1363,262336,124.04500092566013,0.020000000000000018,7.605,0,67,200
1364,262432,72.24500015377998,0.20499999999999996,9.375,0,57,200
1365,262576,106.39833372831345,0.10999999999999999,7.565,0,59,200
1366,262632,100.61333355307579,0.125,7.67,0,57,200
1367,263064,88.55833403766155,0.16500000000000004,8.375,0,51,200
1368,263280,102.31000123918056,0.135,7.35,0,65,200
1369,263464,111.57833459973335,0.06999999999999995,7.775,0,55,200
1370,263880,78.4483335018158,0.21499999999999997,8.405,0,49,200
1371,263936,116.821667522192,0.07999999999999996,6.955,0,58,200
1372,264032,71.79833355545998,0.20999999999999996,9.395,0,43,200
1373,264176,103.41666784882545,0.09999999999999998,8.11,0,63,200
1374,264232,104.18500067293644,0.07499999999999996,8.595,0,63,200
1375,264664,98.10333421826363,0.14500000000000002,7.88,0,48,200
1376,264880,96.27333396673203,0.14500000000000002,7.79,0,49,200
1377,265064,111.80500043928623,0.05500000000000005,8.205,0,67,200
1378,265480,93.60166744887829,0.16500000000000004,7.705,0,58,200
1379,265536,97.74500042200089,0.16500000000000004,7.215,0,63,200
1380,265632,89.92666721343994,0.14,8.95,0,43,200
1381,265776,129.2283347994089,0.04500000000000004,6.185,0,70,200
1382,265832,85.75166735053062,0.17000000000000004,8.635,0,58,200
1383,266264,92.57000064849854,0.15500000000000003,8.25,0,51,200
1384,266480,107.55166721343994,0.10499999999999998,7.495,0,64,200
1385,266664,61.55500094592571,0.255,9.495,0,57,200
1386,267080,82.00166735053062,0.18500000000000005,8.815,0,54,200
1387,267136,81.52000035345554,0.20499999999999996,8.28,0,41,200
1388,267232,136.48500061035156,0.010000000000000009,6.405,0,65,200
1389,267376,106.96500092744827,0.12,7.215,0,65,200
1390,267432,115.27166733145714,0.05500000000000005,7.795,0,60,200
1391,267864,113.16833412647247,0.08499999999999996,7.355,0,59,200
1392,268080,105.74833454191685,0.12,7.325,0,67,200
1393,268264,76.1183339804411,0.20999999999999996,8.825,0,53,200
1394,268680,105.30833400785923,0.08999999999999997,8.195,0,61,200
1395,268736,109.63666740059853,0.09499999999999997,7.39,0,65,200
1396,268832,94.57833421230316,0.10999999999999999,9.005,0,55,200
1397,268976,124.80833408236504,0.050000000000000044,6.785,0,67,200
1398,269032,120.18000127375126,0.06499999999999995,7.02,0,64,200
1399,269464,108.36333444714546,0.06000000000000005,8.57,0,56,200
1400,269680,120.10833424329758,0.05500000000000005,7.235,0,72,200
1401,269864,115.68166764080524,0.025000000000000022,8.545,0,51,200
1402,270280,121.73000092804432,0.04500000000000004,7.32,0,65,200
1403,270336,108.08500076830387,0.06499999999999995,8.325,0,63,200
1404,270432,106.59833399951458,0.09999999999999998,7.895,0,52,200
1405,270576,89.97000059485435,0.16500000000000004,8.25,0,55,200
1406,270632,119.22333426773548,0.04500000000000004,7.58,0,62,200
1407,271064,111.81666748225689,0.04500000000000004,8.41,0,61,200
1408,271280,114.17333394289017,0.06999999999999995,7.55,0,63,200
1409,271464,113.21833434700966,0.05500000000000005,8.165,0,65,200
1410,271880,126.15333390235901,0.04500000000000004,6.77,0,68,200
1411,271936,53.17666682600975,0.30500000000000005,9.37,0,32,200
1412,272032,94.69333374500275,0.135,8.54,0,51,200
1413,272176,101.3066671192646,0.08999999999999997,8.71,0,49,200
1414,272232,95.67500059306622,0.15500000000000003,7.815,0,59,200
1415,272664,101.91000118851662,0.13,7.62,0,56,200
1416,272880,108.70166766643524,0.11499999999999999,7.255,0,66,200
1417,273064,128.5100008621812,0.040000000000000036,6.63,0,62,200
1418,273480,123.36000058054924,0.030000000000000027,7.56,0,59,200
1419,273536,114.65000094473362,0.07499999999999996,7.41,0,61,200
1420,273632,95.3816674053669,0.12,8.695,0,59,200
1421,273776,107.93833392858505,0.07499999999999996,8.135,0,62,200
1422,273832,117.1400004029274,0.06499999999999995,7.44,0,65,200
1423,274264,97.31333436071873,0.14500000000000002,7.79,0,67,200
1424,274480,90.7400007545948,0.18999999999999995,7.56,0,64,200
1425,274664,125.70000073313713,0.030000000000000027,7.2,0,77,200
1426,275080,84.66166692972183,0.18999999999999995,8.365,0,50,200
1427,275136,134.0916678905487,0.025000000000000022,6.295,0,59,200
1428,275232,119.48500101268291,0.040000000000000036,7.845,0,53,200
1429,275376,122.36166782677174,0.06499999999999995,6.775,0,56,200
1430,275432,128.37333425879478,0.020000000000000018,7.1,0,64,200
1431,275864,106.09666705131531,0.08999999999999997,7.93,0,60,200
1432,276080,115.17166739702225,0.06499999999999995,7.675,0,48,200
1433,276264,118.40500101447105,0.03500000000000003,8.025,0,60,200
1434,276680,105.96500040590763,0.10499999999999998,7.875,0,60,200
1435,276736,75.00833369791508,0.19999999999999996,9.395,0,38,200
1436,276832,116.19833427667618,0.06999999999999995,7.415,0,55,200
1437,276976,94.18500067293644,0.18999999999999995,7.305,0,45,200
1438,277032,108.55833396315575,0.07499999999999996,8.285,0,53,200
1439,277464,110.55333413183689,0.09499999999999997,7.52,0,54,200
1440,277680,138.0766671448946,0.015000000000000013,6.07,0,68,200
1441,277864,98.426667496562,0.16500000000000004,7.27,0,61,200
1442,278280,88.6916673630476,0.15000000000000002,8.845,0,43,200
1443,278336,124.44166800379753,0.050000000000000044,6.925,0,60,200
1444,278432,119.57666705548763,0.03500000000000003,7.99,0,47,200
1445,278576,120.69000060856342,0.06999999999999995,6.99,0,64,200
1446,278632,101.01166760921478,0.10499999999999998,8.395,0,48,200
1447,279064,81.48333416879177,0.19499999999999995,8.69,0,55,200
1448,279280,122.77500082552433,0.04500000000000004,7.215,0,49,200
1449,279464,88.706667304039,0.14500000000000002,8.95,0,47,200
1450,279880,118.2550008893013,0.06999999999999995,7.185,0,64,200
1451,279936,113.56333410739899,0.10999999999999999,6.74,0,51,200
1452,280032,116.29833386838436,0.08499999999999996,7.025,0,56,200
1453,280176,119.48333388566971,0.05500000000000005,7.46,0,46,200
1454,280232,114.59833398461342,0.06499999999999995,7.565,0,55,200
1455,280664,115.05666741728783,0.06000000000000005,7.78,0,47,200
1456,280880,85.5700004696846,0.18500000000000005,8.37,0,44,200
1457,281064,109.88166753947735,0.08499999999999996,7.795,0,68,200
1458,281480,120.46333445608616,0.025000000000000022,7.94,0,56,200
1459,281536,107.3166676312685,0.08999999999999997,8.02,0,54,200
1460,281632,113.85000084340572,0.06000000000000005,7.8,0,67,200
1461,281776,93.20000056922436,0.125,8.88,0,45,200
1462,281832,107.60833394527435,0.08999999999999997,7.895,0,58,200
1463,282264,112.37166738510132,0.06499999999999995,7.945,0,64,200
1464,282480,105.40666702389717,0.08499999999999996,8.35,0,50,200
1465,282664,111.96000039577484,0.04500000000000004,8.52,0,60,200
1466,283080,101.25333411991596,0.11499999999999999,8.21,0,57,200
1467,283136,112.82166743278503,0.06999999999999995,7.915,0,60,200
1468,283232,99.14666773378849,0.12,8.23,0,45,200
1469,283376,86.86500020325184,0.15500000000000003,8.895,0,46,200
1470,283432,99.80833435058594,0.125,8.225,0,54,200
1471,283864,108.22166734933853,0.09999999999999998,7.825,0,56,200
1472,284080,86.32500025629997,0.14500000000000002,9.375,0,49,200
1473,284264,104.48000058531761,0.08999999999999997,8.28,0,53,200
1474,284680,123.94500091671944,0.050000000000000044,7.005,0,58,200
1475,284736,114.44166702032089,0.08999999999999997,7.015,0,63,200
1476,284832,99.57500110566616,0.12,8.385,0,47,200
1477,284976,120.03666740655899,0.050000000000000044,7.42,0,59,200
1478,285032,94.03500075638294,0.13,8.475,0,53,200
1479,285464,95.21500073373318,0.135,8.385,0,45,200
1480,285680,100.92666698992252,0.14500000000000002,7.39,0,56,200
1481,285864,103.10500039160252,0.10499999999999998,8.205,0,61,200
1482,286280,94.2183337956667,0.15000000000000002,8.195,0,41,200
1483,286336,104.9450004696846,0.07999999999999996,8.625,0,61,200
1484,286432,119.87333415448666,0.06000000000000005,7.16,0,60,200
1485,286576,105.26333405077457,0.11499999999999999,7.61,0,59,200
1486,286632,114.40666736662388,0.06999999999999995,7.6,0,64,200
1487,287064,80.5633336007595,0.21499999999999997,8.18,0,51,200
1488,287280,111.85500101745129,0.08499999999999996,7.635,0,70,200
1489,287464,116.82833380997181,0.06499999999999995,7.415,0,57,200
1490,287880,98.80166731774807,0.15000000000000002,7.705,0,53,200
1491,287936,111.74000120162964,0.05500000000000005,8.34,0,50,200
1492,288032,77.41000075638294,0.20999999999999996,8.76,0,52,200
1493,288176,119.02333423122764,0.08999999999999997,6.53,0,55,200
1494,288232,131.06000059843063,0.030000000000000027,6.66,0,59,200
1495,288664,104.57833442091942,0.09999999999999998,8.165,0,50,200
1496,288880,50.78333376348019,0.31499999999999995,9.53,0,32,200
1497,289064,117.7333337366581,0.07499999999999996,7.19,0,55,200
1498,289480,80.00833401083946,0.18000000000000005,9.065,0,43,200
1499,289536,70.53833369910717,0.255,8.555,0,49,200
1500,289632,123.48333418369293,0.06499999999999995,6.71,0,54,200
1501,289776,115.0083341896534,0.06000000000000005,7.745,0,58,200
1502,289832,110.86666738986969,0.07499999999999996,7.9,0,59,200
1503,290264,115.38166777789593,0.07999999999999996,7.255,0,61,200
1504,290480,99.95500084757805,0.10499999999999998,8.595,0,56,200
1505,290664,125.65666715800762,0.030000000000000027,7.24,0,61,200
1506,291080,96.79666694998741,0.14500000000000002,7.96,0,59,200
1507,291136,109.96666769683361,0.135,6.46,0,58,200
1508,291232,77.27666735649109,0.20499999999999996,8.92,0,45,200
1509,291376,124.07833425700665,0.040000000000000036,7.055,0,65,200
1510,291432,88.07666724920273,0.16000000000000003,8.71,0,42,200
1511,291864,107.00166723132133,0.07999999999999996,8.425,0,51,200
1512,292080,110.44333443045616,0.06999999999999995,8.06,0,60,200
1513,292264,121.20166723430157,0.040000000000000036,7.435,0,60,200
1514,292680,121.54666773974895,0.06499999999999995,6.88,0,65,200
1515,292736,89.98666709661484,0.15000000000000002,8.68,0,51,200
1516,292832,131.10833404958248,0.010000000000000009,7.085,0,57,200
1517,292976,113.91166812181473,0.050000000000000044,8.245,0,58,200
1518,293032,124.60500094294548,0.04500000000000004,7.035,0,66,200
1519,293464,88.78333397209644,0.17000000000000004,8.21,0,57,200
1520,293680,125.94000121951103,0.030000000000000027,7.11,0,57,200
1521,293864,113.71666736900806,0.06999999999999995,7.81,0,50,200
1522,294280,89.67166747152805,0.16500000000000004,8.305,0,51,200
1523,294336,113.13000091910362,0.05500000000000005,8.13,0,57,200
1524,294432,103.29500053822994,0.10999999999999999,8.025,0,52,200
1525,294576,83.93333378434181,0.18500000000000005,8.66,0,44,200
1526,294632,103.0183340460062,0.10999999999999999,8.015,0,47,200
1527,295064,131.70333443582058,0.025000000000000022,6.59,0,66,200
1528,295280,109.7866672873497,0.07999999999999996,7.96,0,50,200
1529,295464,112.53000074625015,0.06499999999999995,8.13,0,55,200
1530,295880,119.23500058054924,0.030000000000000027,8.025,0,61,200
1531,295936,81.91833385825157,0.20999999999999996,8.195,0,46,200
1532,296032,110.25666718184948,0.07499999999999996,8.14,0,54,200
1533,296176,104.35000044107437,0.07499999999999996,8.7,0,50,200
1534,296232,108.05333404242992,0.10499999999999998,7.52,0,46,200
1535,296664,95.57666705548763,0.125,8.65,0,40,200
1536,296880,115.6483343243599,0.07499999999999996,7.475,0,61,200
1537,297064,115.12000097334385,0.050000000000000044,8.01,0,60,200
1538,297480,111.94333451986313,0.06999999999999995,8.0,0,51,200
1539,297536,116.93166740238667,0.05500000000000005,7.735,0,54,200
1540,297632,118.30166748166084,0.08499999999999996,6.835,0,57,200
1541,297776,114.47500093281269,0.03500000000000003,8.595,0,58,200
1542,297832,114.82000076770782,0.06999999999999995,7.71,0,60,200
1543,298264,89.37333406507969,0.16500000000000004,8.24,0,49,200
1544,298480,122.25666698813438,0.04500000000000004,7.24,0,65,200
1545,298664,64.0250002592802,0.21999999999999997,10.155,0,45,200
1546,299080,107.59166744351387,0.09999999999999998,7.675,0,48,200
1547,299136,84.62833401560783,0.15500000000000003,9.215,0,55,200
1548,299232,119.21500098705292,0.06499999999999995,7.215,0,58,200
1549,299376,97.35333412885666,0.14,7.91,0,54,200
1550,299432,103.99333418905735,0.09499999999999997,8.33,0,56,200
1551,299864,127.26166734099388,0.03500000000000003,7.045,0,64,200
1552,300080,78.81000018119812,0.17000000000000004,9.51,0,41,200
1553,300264,123.71666748821735,0.05500000000000005,6.82,0,55,200
1554,300680,108.66500081121922,0.06499999999999995,8.505,0,53,200
1555,300736,117.206667765975,0.08999999999999997,6.79,0,74,200
1556,300832,127.86833402514458,0.020000000000000018,7.385,0,61,200
1557,300976,105.76833418011665,0.09499999999999997,8.045,0,57,200
1558,301032,121.28333388268948,0.06499999999999995,7.04,0,60,200
1559,301464,114.68333420157433,0.06999999999999995,7.55,0,63,200
1560,301680,121.09333443641663,0.05500000000000005,7.25,0,62,200
1561,301864,69.38833376765251,0.24,8.975,0,44,200
1562,302280,58.74166703224182,0.28500000000000003,9.235,0,39,200
1563,302336,101.068334415555,0.125,8.015,0,50,200
1564,302432,111.36833418905735,0.05500000000000005,8.465,0,51,200
1565,302576,105.34000088274479,0.135,7.26,0,56,200
1566,302632,91.92166736721992,0.135,8.785,0,46,200
1567,303064,96.64666716754436,0.14500000000000002,8.05,0,52,200
1568,303280,99.4516676068306,0.10999999999999999,8.575,0,56,200
1569,303464,98.33166748285294,0.10999999999999999,8.575,0,46,200
1570,303880,125.55000069737434,0.050000000000000044,6.84,0,54,200
1571,303936,123.6300006210804,0.010000000000000009,8.19,0,53,200
1572,304032,102.76666711270809,0.11499999999999999,8.11,0,49,200
1573,304176,87.50333398580551,0.18500000000000005,8.18,0,50,200
1574,304232,52.84833379089832,0.31999999999999995,9.125,0,41,200
1575,304664,108.06500117480755,0.08499999999999996,8.025,0,42,200
1576,304880,107.57333385944366,0.06499999999999995,8.66,0,51,200
1577,305064,108.17833356559277,0.09999999999999998,7.715,0,59,200
1578,305480,112.43333418667316,0.06499999999999995,8.12,0,56,200
1579,305536,95.73833374679089,0.12,8.795,0,49,200
1580,305632,107.90333385765553,0.07499999999999996,8.33,0,51,200
1581,305776,63.456666976213455,0.275,8.95,0,48,200
1582,305832,111.11666755378246,0.04500000000000004,8.8,0,39,200
1583,306264,104.07166734337807,0.11499999999999999,7.765,0,53,200
1584,306480,104.28500090539455,0.07999999999999996,8.625,0,50,200
1585,306664,97.23833373188972,0.09499999999999997,9.095,0,42,200
1586,307080,118.73166753351688,0.06999999999999995,6.985,0,71,200
1587,307136,103.41833385825157,0.11499999999999999,8.075,0,51,200
1588,307232,113.55666786432266,0.09499999999999997,7.18,0,67,200
1589,307376,109.69500097632408,0.05500000000000005,8.595,0,48,200
1590,307432,107.22333455085754,0.09999999999999998,7.79,0,66,200
1591,307864,112.86333432793617,0.07499999999999996,7.76,0,59,200
1592,308080,73.45666736364365,0.21999999999999997,8.95,0,44,200
1593,308264,122.73166790604591,0.03500000000000003,7.465,0,58,200
1594,308680,105.14000095427036,0.10499999999999998,7.77,0,58,200
1595,308736,108.42833410203457,0.08499999999999996,8.075,0,52,200
1596,308832,104.20833387970924,0.06000000000000005,9.095,0,58,200
1597,308976,119.70000061392784,0.03500000000000003,7.83,0,65,200
1598,309032,106.83666768670082,0.08999999999999997,8.11,0,58,200
1599,309464,109.99333450198174,0.10499999999999998,7.34,0,57,200
1600,309680,116.3350011408329,0.06499999999999995,7.575,0,59,200
1601,309864,85.71166698634624,0.17500000000000004,8.635,0,49,200
1602,310280,106.36333420872688,0.11499999999999999,7.55,0,61,200
1603,310336,100.71833415329456,0.10999999999999999,8.375,0,45,200
1604,310432,103.50833389163017,0.12,7.895,0,57,200
1605,310576,113.60500065982342,0.10499999999999998,6.795,0,55,200
1606,310632,107.14500087499619,0.06999999999999995,8.565,0,54,200
1607,311064,100.60833387076855,0.10999999999999999,8.195,0,62,200
1608,311280,97.60666683316231,0.125,8.41,0,50,200
1609,311464,102.20166751742363,0.10499999999999998,8.275,0,46,200
1610,311880,109.17333427071571,0.06999999999999995,8.24,0,54,200
1611,311936,88.6816671192646,0.19999999999999996,7.555,0,57,200
1612,312032,113.16666749119759,0.04500000000000004,8.32,0,69,200
1613,312176,113.21666719019413,0.06499999999999995,8.08,0,50,200
1614,312232,120.25833424925804,0.040000000000000036,7.745,0,60,200
1615,312664,108.30000108480453,0.08499999999999996,7.98,0,54,200
1616,312880,84.0483341217041,0.18500000000000005,8.435,0,52,200
1617,313064,105.58166697621346,0.10999999999999999,7.795,0,60,200
1618,313480,120.04500070214272,0.010000000000000009,8.535,0,51,200
1619,313536,120.9650006890297,0.040000000000000036,7.695,0,60,200
1620,313632,72.58333364129066,0.20499999999999996,9.44,0,44,200
1621,313776,85.01166711747646,0.18999999999999995,8.395,0,48,200
1622,313832,98.46500065922737,0.11499999999999999,8.505,0,49,200
1623,314264,120.89833419770002,0.040000000000000036,7.565,0,62,200
1624,314480,86.16500034928322,0.16500000000000004,8.685,0,55,200
1625,314664,77.18666760623455,0.18999999999999995,9.31,0,52,200
1626,315080,110.78500072658062,0.07999999999999996,7.755,0,57,200
1627,315136,119.875000923872,0.07499999999999996,6.825,0,56,200
1628,315232,88.31333386898041,0.18000000000000005,8.21,0,51,200
1629,315376,93.96333454549313,0.13,8.57,0,58,200
1630,315432,116.75000086426735,0.07499999999999996,7.23,0,55,200
1631,315864,118.16000045835972,0.08499999999999996,6.87,0,58,200
1632,316080,90.69166739284992,0.13,9.175,0,51,200
1633,316264,106.82666763663292,0.10499999999999998,7.69,0,58,200
1634,316680,116.98000076413155,0.08999999999999997,6.75,0,61,200
1635,316736,99.6600008904934,0.125,8.04,0,58,200
1636,316832,119.10500058531761,0.06000000000000005,7.365,0,71,200
1637,316976,126.58000104129314,0.020000000000000018,7.47,0,58,200
1638,317032,108.53500093519688,0.08999999999999997,7.845,0,58,200
1639,317464,115.7783340215683,0.050000000000000044,7.865,0,72,200
1640,317680,109.83166763186455,0.06499999999999995,8.305,0,55,200
1641,317864,129.19666770100594,0.025000000000000022,6.88,0,62,200
1642,318280,128.11333422362804,0.030000000000000027,7.04,0,59,200
1643,318336,86.93333400785923,0.17500000000000004,8.33,0,42,200
1644,318432,95.63500089943409,0.135,8.265,0,56,200
1645,318576,79.68000037968159,0.19999999999999996,8.58,0,46,200
1646,318632,64.30166725814342,0.22499999999999998,9.895,0,45,200
1647,319064,118.9966672360897,0.07499999999999996,7.0,0,58,200
1648,319280,108.83833415806293,0.06999999999999995,8.135,0,61,200
1649,319464,118.05833420157433,0.07499999999999996,7.055,0,52,200
1650,319880,128.04666785895824,0.015000000000000013,7.24,0,68,200
1651,319936,97.76000081002712,0.10999999999999999,8.64,0,52,200
1652,320032,103.18166716396809,0.08499999999999996,8.545,0,50,200
1653,320176,111.18000110983849,0.050000000000000044,8.46,0,43,200
1654,320232,94.97500056028366,0.14500000000000002,8.205,0,48,200
1655,320664,118.24833422899246,0.040000000000000036,7.895,0,62,200
1656,320880,102.14333440363407,0.12,7.97,0,54,200
1657,321064,90.82666765153408,0.16500000000000004,8.05,0,55,200
1658,321480,111.00333397090435,0.07999999999999996,7.85,0,47,200
1659,321536,116.81666705012321,0.03500000000000003,8.2,0,61,200
1660,321632,120.19833454489708,0.050000000000000044,7.385,0,66,200
1661,321776,105.1316672116518,0.06499999999999995,8.905,0,51,200
1662,321832,73.29833397269249,0.235,8.645,0,43,200
1663,322264,110.18833436071873,0.10499999999999998,7.325,0,53,200
1664,322480,116.28500056266785,0.040000000000000036,8.175,0,54,200
1665,322664,114.3966675400734,0.06499999999999995,7.84,0,61,200
1666,323080,108.17333424091339,0.09999999999999998,7.64,0,56,200
1667,323136,106.28833374381065,0.09499999999999997,8.105,0,64,200
1668,323232,121.25166741013527,0.025000000000000022,8.005,0,61,200
1669,323376,111.51166765391827,0.07999999999999996,7.615,0,62,200
1670,323432,100.10666744410992,0.07999999999999996,9.1,0,48,200
1671,323864,86.65833388268948,0.18000000000000005,8.285,0,66,200
1672,324080,120.04333406686783,0.050000000000000044,7.43,0,65,200
1673,324264,93.801667496562,0.13,8.875,0,43,200
1674,324680,107.92833411693573,0.06499999999999995,8.525,0,50,200
1675,324736,127.66333381831646,0.015000000000000013,7.43,0,62,200
1676,324832,95.94666714966297,0.14500000000000002,8.02,0,49,200
1677,324976,103.86000123620033,0.13,7.38,0,71,200
1678,325032,93.07500037550926,0.17500000000000004,7.725,0,56,200
1679,325464,121.55500082671642,0.050000000000000044,7.155,0,66,200
1680,325680,112.81166765093803,0.05500000000000005,8.245,0,61,200
1681,325864,125.84000062942505,0.04500000000000004,6.78,0,80,200
1682,326280,97.12333427369595,0.15000000000000002,7.79,0,65,200
1683,326336,142.41500040888786,0.0,5.895,0,81,200
1684,326432,114.78333428502083,0.11499999999999999,6.5,0,63,200
1685,326576,96.0883342474699,0.125,8.585,0,47,200
1686,326632,68.50166699290276,0.265,8.635,0,50,200
1687,327064,123.25666770339012,0.03500000000000003,7.45,0,69,200
1688,327280,100.23666734993458,0.14,7.54,0,58,200
1689,327464,110.79500058293343,0.050000000000000044,8.595,0,65,200
1690,327880,118.57833418250084,0.06499999999999995,7.325,0,66,200
1691,327936,99.79166762530804,0.12,8.215,0,44,200
1692,328032,107.95833472907543,0.08999999999999997,7.835,0,66,200
1693,328176,93.54500037431717,0.15000000000000002,8.265,0,58,200
1694,328232,71.77500060200691,0.22999999999999998,8.895,0,58,200
1695,328664,70.93666715919971,0.24,8.65,0,48,200
1696,328880,89.01833394169807,0.17000000000000004,8.225,0,54,200
1697,329064,85.38000102341175,0.18999999999999995,8.19,0,61,200
1698,329480,81.88000106811523,0.18000000000000005,8.82,0,52,200
1699,329536,76.76500076055527,0.20999999999999996,8.865,0,54,200
1700,329632,110.36666768789291,0.06999999999999995,8.2,0,48,200
1701,329776,92.26166722178459,0.14,8.695,0,49,200
1702,329832,112.08000047504902,0.06999999999999995,7.83,0,64,200
1703,330264,111.9300009906292,0.08499999999999996,7.56,0,66,200
1704,330480,95.39333367347717,0.16500000000000004,7.7,0,53,200
1705,330664,91.26666717231274,0.16000000000000003,8.29,0,56,200
1706,331080,126.58333432674408,0.025000000000000022,7.37,0,65,200
1707,331136,96.2333340793848,0.14,8.18,0,54,200
1708,331232,92.49500076472759,0.15500000000000003,8.265,0,56,200
1709,331376,121.61333417892456,0.04500000000000004,7.37,0,66,200
1710,331432,103.92500069737434,0.08999999999999997,8.385,0,59,200
1711,331864,111.87333449721336,0.07999999999999996,7.7,0,73,200
1712,332080,81.73333378136158,0.18999999999999995,8.75,0,53,200
1713,332264,116.44166734814644,0.04500000000000004,8.065,0,55,200
1714,332680,70.34666676819324,0.22499999999999998,9.25,0,46,200
1715,332736,106.79833434522152,0.09999999999999998,7.805,0,63,200
1716,332832,86.29333421587944,0.17500000000000004,8.54,0,53,200
1717,332976,102.41333381831646,0.10999999999999999,8.12,0,66,200
1718,333032,111.40333423018456,0.09999999999999998,7.22,0,62,200
1719,333464,127.33000108599663,0.040000000000000036,6.81,0,78,200
1720,333680,95.26000060141087,0.14500000000000002,8.13,0,50,200
1721,333864,83.88166716694832,0.235,7.375,0,60,200
1722,334280,103.25166764855385,0.15000000000000002,6.985,0,64,200
1723,334336,94.13833430409431,0.14,8.525,0,58,200
1724,334432,81.01000039279461,0.18999999999999995,8.85,0,49,200
1725,334576,84.72000095248222,0.18500000000000005,8.61,0,43,200
1726,334632,84.8583338111639,0.19499999999999995,8.285,0,49,200
1727,335064,105.10500112175941,0.10999999999999999,7.935,0,52,200
1728,335280,105.89500057697296,0.07999999999999996,8.385,0,73,200
1729,335464,123.00666764378548,0.06000000000000005,6.88,0,63,200
1730,335880,96.04500122368336,0.14,8.085,0,53,200
1731,335936,95.9650010317564,0.13,8.505,0,45,200
1732,336032,121.6150010228157,0.05500000000000005,6.885,0,63,200
1733,336176,105.48333418369293,0.09499999999999997,8.09,0,61,200
1734,336232,106.12666723132133,0.10499999999999998,7.72,0,76,200
1735,336664,120.11833447217941,0.03500000000000003,7.865,0,70,200
1736,336880,81.0083339214325,0.19999999999999996,8.525,0,55,200
1737,337064,115.4766674041748,0.050000000000000044,7.9,0,74,200
1738,337480,101.8016674220562,0.10499999999999998,8.485,0,51,200
1739,337536,106.77666749060154,0.15000000000000002,6.76,0,56,200
1740,337632,130.11500073969364,0.030000000000000027,6.855,0,70,200
1741,337776,72.18000082671642,0.25,8.31,0,48,200
1742,337832,108.46333441138268,0.09499999999999997,7.82,0,68,200
1743,338264,108.78333379328251,0.09999999999999998,7.49,0,64,200
1744,338480,116.53666761517525,0.05500000000000005,7.72,0,64,200
1745,338664,124.29666709899902,0.030000000000000027,7.39,0,74,200
1746,339080,115.02333408594131,0.06000000000000005,7.91,0,64,200
1747,339136,97.56166726350784,0.14,7.975,0,58,200
1748,339232,119.26500070095062,0.06499999999999995,7.245,0,67,200
1749,339376,105.76333449780941,0.13,7.28,0,58,200
1750,339432,98.20500083267689,0.14,7.875,0,61,200
1751,339864,103.73333367705345,0.07499999999999996,8.96,0,59,200
1752,340080,104.7666674554348,0.135,7.36,0,55,200
1753,340264,106.87500075995922,0.11499999999999999,7.425,0,62,200
1754,340680,109.98166719079018,0.06499999999999995,8.365,0,52,200
1755,340736,103.8150006532669,0.14,7.365,0,58,200
1756,340832,113.84333436191082,0.08999999999999997,7.16,0,70,200
1757,340976,109.54333378374577,0.10999999999999999,7.28,0,63,200
1758,341032,118.66333420574665,0.06499999999999995,7.13,0,60,200
1759,341464,127.49333447217941,0.03500000000000003,6.95,0,66,200
1760,341680,87.7300007045269,0.17500000000000004,8.43,0,57,200
1761,341864,108.26833464205265,0.10999999999999999,7.475,0,65,200
1762,342280,72.90666691958904,0.22999999999999998,8.89,0,49,200
1763,342336,112.72666808962822,0.06000000000000005,8.14,0,63,200
1764,342432,79.19500072300434,0.19499999999999995,8.955,0,53,200
1765,342576,128.88500073552132,0.03500000000000003,6.825,0,69,200
1766,342632,64.83333361148834,0.26,9.02,0,54,200
1767,343064,124.39500091969967,0.025000000000000022,7.545,0,73,200
1768,343280,125.73000137507915,0.05500000000000005,6.66,0,76,200
1769,343464,122.65500052273273,0.06499999999999995,6.795,0,61,200
1770,343880,102.57166731357574,0.14,7.405,0,64,200
1771,343936,124.68166747689247,0.050000000000000044,6.865,0,69,200
1772,344032,112.73000055551529,0.07999999999999996,7.62,0,64,200
1773,344176,119.80666749179363,0.03500000000000003,7.84,0,58,200
1774,344232,76.09500035643578,0.21499999999999997,8.625,0,50,200
1775,344664,104.99333387613297,0.135,7.25,0,73,200
1776,344880,110.50000098347664,0.06000000000000005,8.4,0,61,200
1777,345064,75.39166711270809,0.22999999999999998,8.485,0,51,200
1778,345480,127.50000108778477,0.040000000000000036,6.87,0,61,200
1779,345536,108.88833439350128,0.06499999999999995,8.435,0,70,200
1780,345632,123.33000108599663,0.050000000000000044,7.08,0,70,200
1781,345776,79.93000021576881,0.20499999999999996,8.61,0,46,200
1782,345832,105.04333417117596,0.08499999999999996,8.45,0,47,200
1783,346264,116.39000099897385,0.040000000000000036,8.25,0,61,200
1784,346480,103.50166727602482,0.13,7.555,0,55,200
1785,346664,110.48666712641716,0.08999999999999997,7.72,0,55,200
1786,347080,123.42833378911018,0.04500000000000004,7.235,0,64,200
1787,347136,105.27500092983246,0.08499999999999996,8.415,0,53,200
1788,347232,132.91333381831646,0.015000000000000013,6.65,0,73,200
1789,347376,118.6200009137392,0.06499999999999995,7.26,0,58,200
1790,347432,122.40500093996525,0.050000000000000044,7.155,0,62,200
1791,347864,95.76500070095062,0.10499999999999998,9.195,0,56,200
1792,348080,120.683334171772,0.06499999999999995,7.04,0,70,200
1793,348264,104.50666739046574,0.09499999999999997,8.11,0,57,200
1794,348680,110.5750010162592,0.06999999999999995,8.175,0,70,200
1795,348736,108.15333406627178,0.08499999999999996,7.91,0,67,200
1796,348832,65.39000009000301,0.28,8.49,0,46,200
1797,348976,115.16333417594433,0.09999999999999998,6.86,0,74,200
1798,349032,118.0366675555706,0.06000000000000005,7.39,0,57,200
1799,349464,126.31000074744225,0.030000000000000027,7.35,0,72,200
1800,349680,126.83500073850155,0.015000000000000013,7.425,0,71,200
1801,349864,108.96333420276642,0.08499999999999996,7.88,0,59,200
1802,350280,118.37833423912525,0.06499999999999995,7.205,0,62,200
1803,350336,120.78666749596596,0.025000000000000022,8.02,0,58,200
1804,350432,102.60333377122879,0.13,7.76,0,46,200
1805,350576,125.60333427786827,0.020000000000000018,7.55,0,72,200
1806,350632,85.84833458065987,0.17000000000000004,8.615,0,55,200
1807,351064,92.45000045001507,0.13,8.97,0,57,200
1808,351280,123.34000119566917,0.025000000000000022,7.68,0,70,200
1809,351464,98.8416670113802,0.09999999999999998,8.815,0,61,200
1810,351880,97.27833434939384,0.14500000000000002,7.895,0,53,200
1811,351936,117.0900008380413,0.05500000000000005,7.89,0,55,200
1812,352032,94.50000050663948,0.14,8.34,0,60,200
1813,352176,120.72166749835014,0.07999999999999996,6.715,0,64,200
1814,352232,83.15833428502083,0.16500000000000004,9.335,0,60,200
1815,352664,104.13333383202553,0.135,7.37,0,64,200
1816,352880,99.02666766941547,0.10999999999999999,8.53,0,57,200
1817,353064,102.25000087916851,0.11499999999999999,8.04,0,59,200
1818,353480,115.15833413600922,0.07999999999999996,7.415,0,58,200
1819,353536,97.53333416581154,0.14,8.09,0,60,200
1820,353632,97.28500093519688,0.12,8.475,0,61,200
1821,353776,96.81500032544136,0.12,8.535,0,59,200
1822,353832,114.56000067293644,0.08499999999999996,7.2,0,58,200
1823,354264,116.3266683369875,0.08499999999999996,7.09,0,71,200
1824,354480,94.36833392083645,0.18000000000000005,7.505,0,54,200
1825,354664,95.01666775345802,0.135,8.41,0,61,200
1826,355080,79.42666758596897,0.18999999999999995,9.01,0,48,200
1827,355136,114.0616673976183,0.08999999999999997,7.315,0,49,200
1828,355232,107.78333413600922,0.12,7.22,0,58,200
1829,355376,95.48833414912224,0.14,8.345,0,68,200
1830,355432,122.23500096797943,0.040000000000000036,7.515,0,71,200
1831,355864,92.48000082373619,0.16500000000000004,8.04,0,55,200
1832,356080,108.63500057160854,0.10999999999999999,7.455,0,65,200
1833,356264,91.60000076889992,0.14500000000000002,8.73,0,54,200
1834,356680,121.86000135540962,0.030000000000000027,7.56,0,72,200
1835,356736,79.20833337306976,0.20999999999999996,8.375,0,59,200
1836,356832,81.63833400607109,0.18500000000000005,8.915,0,54,200
1837,356976,94.57333382964134,0.135,8.33,0,53,200
1838,357032,121.43833450973034,0.050000000000000044,7.325,0,64,200
1839,357464,116.40833406150341,0.08499999999999996,7.025,0,67,200
1840,357680,126.155000269413,0.020000000000000018,7.545,0,67,200
1841,357864,133.83833421766758,0.015000000000000013,6.665,0,68,200
1842,358280,101.49333387613297,0.14,7.52,0,60,200
1843,358336,97.14333328604698,0.11499999999999999,8.63,0,58,200
1844,358432,86.93333378434181,0.17000000000000004,8.66,0,68,200
1845,358576,117.85333386063576,0.07499999999999996,7.22,0,63,200
1846,358632,95.62333431839943,0.13,8.48,0,56,200
1847,359064,127.67500111460686,0.025000000000000022,7.155,0,66,200
1848,359280,101.40833440423012,0.125,7.865,0,65,200
1849,359464,116.17166715860367,0.06000000000000005,7.675,0,58,200
1850,359880,108.26833434402943,0.06999999999999995,8.405,0,62,200
1851,359936,86.40833416581154,0.16000000000000003,8.885,0,58,200
1852,360032,85.936667740345,0.21999999999999997,7.3,0,58,200
1853,360176,93.13000118732452,0.14,8.4,0,51,200
1854,360232,92.35000045597553,0.14,8.73,0,49,200
1855,360664,117.49500077962875,0.06999999999999995,7.215,0,60,200
1856,360880,131.47500094771385,0.040000000000000036,6.375,0,76,200
1857,361064,105.05166730284691,0.10999999999999999,7.735,0,70,200
1858,361480,95.23833383619785,0.135,8.585,0,52,200
1859,361536,118.46666739881039,0.040000000000000036,7.78,0,83,200
1860,361632,123.92333453893661,0.04500000000000004,7.13,0,67,200
1861,361776,120.1566678583622,0.06499999999999995,7.09,0,70,200
1862,361832,65.72166721522808,0.265,8.785,0,48,200
1863,362264,120.37166714668274,0.06000000000000005,7.255,0,76,200
1864,362480,58.461666598916054,0.275,9.385,0,49,200
1865,362664,113.82833424210548,0.09499999999999997,7.235,0,60,200
1866,363080,90.14166688919067,0.17000000000000004,8.065,0,58,200
1867,363136,98.00666734576225,0.15000000000000002,7.75,0,58,200
1868,363232,104.94500072300434,0.11499999999999999,7.665,0,57,200
1869,363376,123.01000122725964,0.040000000000000036,7.47,0,65,200
1870,363432,116.19166772067547,0.07499999999999996,7.255,0,66,200
1871,363864,108.6266673207283,0.09499999999999997,7.84,0,61,200
1872,364080,105.02333402633667,0.12,7.7,0,64,200
1873,364264,135.95333436131477,0.010000000000000009,6.47,0,69,200
1874,364680,101.01166687905788,0.14500000000000002,7.375,0,75,200
1875,364736,120.2483344823122,0.06499999999999995,7.055,0,74,200
1876,364832,130.08166752755642,0.030000000000000027,6.715,0,83,200
1877,364976,70.61000044643879,0.235,9.03,0,49,200
1878,365032,93.96833404898643,0.135,8.675,0,67,200
1879,365464,108.14000070095062,0.08999999999999997,7.92,0,71,200
1880,365680,87.57500067353249,0.16500000000000004,8.595,0,59,200
1881,365864,130.97166749835014,0.020000000000000018,6.745,0,82,200
1882,366280,132.73666775226593,0.040000000000000036,6.16,0,79,200
1883,366336,130.99500086903572,0.025000000000000022,6.585,0,76,200
1884,366432,118.8916672617197,0.06499999999999995,7.105,0,79,200
1885,366576,133.54833436012268,0.015000000000000013,6.725,0,69,200
1886,366632,123.84500077366829,0.06499999999999995,6.615,0,68,200
1887,367064,104.98666715621948,0.12,7.39,0,76,200
1888,367280,127.90833407640457,0.030000000000000027,6.965,0,72,200
1889,367464,121.27666805684566,0.07499999999999996,6.67,0,74,200
1890,367880,102.26833392679691,0.10499999999999998,8.135,0,65,200
1891,367936,126.87500110268593,0.06499999999999995,6.225,0,73,200
1892,368032,95.2966680675745,0.15500000000000003,8.05,0,62,200
1893,368176,112.66000068187714,0.06499999999999995,7.95,0,64,200
1894,368232,91.9366673976183,0.16000000000000003,8.17,0,65,200
1895,368664,91.8383337110281,0.15000000000000002,8.405,0,65,200
1896,368880,117.8483345657587,0.06999999999999995,7.235,0,76,200
1897,369064,104.76333339512348,0.11499999999999999,7.76,0,78,200
1898,369480,121.75000104308128,0.05500000000000005,7.11,0,66,200
1899,369536,128.1766668856144,0.040000000000000036,6.76,0,82,200
1900,369632,106.53666754066944,0.10499999999999998,7.75,0,65,200
1901,369776,121.32166761159897,0.05500000000000005,7.135,0,76,200
1902,369832,133.6300010085106,0.015000000000000013,6.69,0,69,200
1903,370264,88.76000073552132,0.17000000000000004,8.31,0,59,200
1904,370480,78.87000076472759,0.21999999999999997,8.25,0,63,200
1905,370664,98.04833436012268,0.125,8.315,0,60,200
1906,371080,119.57500103116035,0.06999999999999995,6.945,0,68,200
1907,371136,105.22000041604042,0.10999999999999999,7.8,0,66,200
1908,371232,114.5883339047432,0.07999999999999996,7.445,0,70,200
1909,371376,123.82500059902668,0.030000000000000027,7.485,0,72,200
1910,371432,104.89500068128109,0.11499999999999999,7.605,0,65,200
1911,371864,115.86833417415619,0.09499999999999997,6.845,0,72,200
1912,372080,104.86666782200336,0.09999999999999998,8.2,0,66,200
1913,372264,129.4883341640234,0.020000000000000018,7.115,0,73,200
1914,372680,78.79000043869019,0.20999999999999996,8.61,0,54,200
1915,372736,95.8300007134676,0.15000000000000002,7.95,0,59,200
1916,372832,77.63000118732452,0.20499999999999996,8.94,0,60,200
1917,372976,108.1733341217041,0.10999999999999999,7.46,0,66,200
1918,373032,119.94166734814644,0.050000000000000044,7.525,0,81,200
1919,373464,113.75500117242336,0.09499999999999997,7.095,0,73,200
1920,373680,103.91166725754738,0.125,7.585,0,60,200
1921,373864,128.95333428680897,0.040000000000000036,6.68,0,70,200
1922,374280,128.04000049829483,0.025000000000000022,7.05,0,71,200
1923,374336,117.89666797220707,0.08999999999999997,6.82,0,64,200
1924,374432,98.58500085771084,0.10999999999999999,8.625,0,71,200
1925,374576,63.71833394467831,0.25,9.665,0,48,200
1926,374632,131.12500137090683,0.050000000000000044,6.165,0,71,200
1927,375064,120.81666785478592,0.030000000000000027,7.54,0,73,200
1928,375280,107.9350007623434,0.10999999999999999,7.275,0,71,200
1929,375464,86.07833407819271,0.19499999999999995,8.075,0,57,200
1930,375880,116.03333400189877,0.08999999999999997,6.92,0,75,200
1931,375936,94.27000060677528,0.15500000000000003,8.01,0,58,200
1932,376032,87.97333381325006,0.20499999999999996,7.64,0,53,200
1933,376176,107.08000081777573,0.08999999999999997,8.13,0,75,200
1934,376232,129.94000071287155,0.025000000000000022,6.75,0,74,200
1935,376664,66.61333374679089,0.24,9.23,0,53,200
1936,376880,109.74500072002411,0.09999999999999998,7.515,0,70,200
1937,377064,57.72000040113926,0.275,9.57,0,50,200
1938,377480,114.97000053524971,0.06999999999999995,7.53,0,66,200
1939,377536,123.2983345836401,0.020000000000000018,7.775,0,65,200
1940,377632,93.45000061392784,0.14500000000000002,8.46,0,55,200
1941,377776,104.9083347171545,0.08499999999999996,8.495,0,60,200
1942,377832,127.78333395719528,0.015000000000000013,7.46,0,60,200
1943,378264,121.86000058054924,0.03500000000000003,7.59,0,73,200
1944,378480,112.57833430171013,0.11499999999999999,6.785,0,65,200
1945,378664,70.0200001001358,0.245,8.79,0,52,200
1946,379080,92.58500044047832,0.125,8.985,0,59,200
1947,379136,80.4050001502037,0.19499999999999995,8.835,0,44,200
1948,379232,80.69833436608315,0.21499999999999997,8.165,0,53,200
1949,379376,122.26500064134598,0.04500000000000004,7.395,0,72,200
1950,379432,101.63333393633366,0.14,7.52,0,64,200
1951,379864,96.78000098466873,0.12,8.73,0,56,200
1952,380080,132.31000131368637,0.05500000000000005,5.97,0,73,200
1953,380264,119.161666944623,0.06999999999999995,7.225,0,72,200
1954,380680,112.4816672950983,0.08999999999999997,7.555,0,70,200
1955,380736,119.7750014513731,0.06000000000000005,7.245,0,60,200
1956,380832,73.55000080168247,0.255,8.16,0,65,200
1957,380976,111.11500082910061,0.06499999999999995,8.085,0,71,200
1958,381032,86.35833387076855,0.17500000000000004,8.495,0,59,200
1959,381464,119.92500087618828,0.07999999999999996,6.735,0,80,200
1960,381680,98.51166673004627,0.14,7.915,0,60,200
1961,381864,58.1300004273653,0.32499999999999996,8.22,0,47,200
1962,382280,94.88333429396152,0.15500000000000003,7.94,0,68,200
1963,382336,112.8266670703888,0.06999999999999995,7.75,0,72,200
1964,382432,87.5183343142271,0.18000000000000005,8.285,0,53,200
1965,382576,103.94333398342133,0.10499999999999998,8.03,0,79,200
1966,382632,114.61666728556156,0.08499999999999996,7.15,0,72,200
1967,383064,87.29000057280064,0.16000000000000003,8.7,0,56,200
1968,383280,117.7316672950983,0.04500000000000004,7.765,0,76,200
1969,383464,124.7850008904934,0.020000000000000018,7.695,0,75,200
1970,383880,128.7883338779211,0.030000000000000027,6.845,0,74,200
1971,383936,100.30666723847389,0.16000000000000003,7.24,0,74,200
1972,384032,76.6583343744278,0.18999999999999995,9.275,0,62,200
1973,384176,127.78000091016293,0.04500000000000004,6.6,0,68,200
1974,384232,126.13166788220406,0.03500000000000003,7.105,0,73,200
1975,384664,115.32000076770782,0.04500000000000004,8.19,0,77,200
1976,384880,111.94666753709316,0.08499999999999996,7.72,0,68,200
1977,385064,112.10000117123127,0.05500000000000005,8.22,0,77,200
1978,385480,104.95000106096268,0.08499999999999996,8.4,0,72,200
1979,385536,100.69666740298271,0.10999999999999999,8.38,0,61,200
1980,385632,104.42000083625317,0.09499999999999997,8.19,0,60,200
1981,385776,128.25166814029217,0.050000000000000044,6.415,0,78,200
1982,385832,113.65333387255669,0.06499999999999995,7.85,0,63,200
1983,386264,114.35666778683662,0.06499999999999995,7.78,0,74,200
1984,386480,106.25000086426735,0.09499999999999997,8.01,0,67,200
1985,386664,101.01833428442478,0.08999999999999997,8.915,0,66,200
1986,387080,107.5933341383934,0.11499999999999999,7.4,0,68,200
1987,387136,118.99000091850758,0.06000000000000005,7.38,0,73,200
1988,387232,81.92833384871483,0.20999999999999996,8.045,0,67,200
1989,387376,99.09666739404202,0.15000000000000002,7.6,0,57,200
1990,387432,118.76000130176544,0.06000000000000005,7.38,0,75,200
1991,387864,118.0333342552185,0.05500000000000005,7.58,0,62,200
1992,388080,120.40833443403244,0.050000000000000044,7.565,0,72,200
1993,388264,92.19666785001755,0.16000000000000003,8.29,0,61,200
1994,388680,101.26500043272972,0.13,7.785,0,54,200
1995,388736,120.55500018596649,0.06499999999999995,7.095,0,77,200
1996,388832,73.49333383142948,0.24,8.51,0,60,200
1997,388976,119.59666694700718,0.04500000000000004,7.69,0,63,200
1998,389032,116.0500001758337,0.07999999999999996,7.32,0,64,200
1999,389464,113.63333420455456,0.07999999999999996,7.52,0,64,200
2000,389680,117.63333341479301,0.04500000000000004,7.97,0,67,200
2001,389864,131.25833436846733,0.03500000000000003,6.455,0,84,200
2002,390280,132.0700004696846,0.025000000000000022,6.69,0,74,200
2003,390336,114.70666746795177,0.06999999999999995,7.6,0,61,200
2004,390432,128.15166737139225,0.03500000000000003,6.835,0,72,200
2005,390576,75.12166714668274,0.21999999999999997,8.875,0,57,200
2006,390632,121.72500082850456,0.06000000000000005,6.945,0,77,200
2007,391064,120.90833427011967,0.050000000000000044,7.295,0,72,200
2008,391280,126.4933345913887,0.015000000000000013,7.67,0,64,200
2009,391464,120.28666771948338,0.05500000000000005,7.27,0,75,200
2010,391880,106.17833399772644,0.09999999999999998,7.925,0,67,200
2011,391936,82.60166819393635,0.18999999999999995,8.545,0,58,200
2012,392032,91.66000007092953,0.14,8.73,0,52,200
2013,392176,124.13166764378548,0.030000000000000027,7.435,0,70,200
2014,392232,109.17166766524315,0.08499999999999996,7.975,0,63,200
2015,392664,97.27333369851112,0.14,8.0,0,56,200
2016,392880,101.96500070393085,0.11499999999999999,8.235,0,55,200
2017,393064,108.57500065863132,0.08999999999999997,8.055,0,49,200
2018,393480,108.87333437800407,0.07499999999999996,8.21,0,69,200
2019,393536,87.39000031352043,0.17500000000000004,8.43,0,56,200
2020,393632,111.22000077366829,0.06000000000000005,8.31,0,55,200
2021,393776,108.70166723430157,0.08499999999999996,7.975,0,72,200
2022,393832,122.81833431124687,0.025000000000000022,7.805,0,67,200
2023,394264,94.6250005364418,0.135,8.565,0,55,200
2024,394480,85.5416671782732,0.17500000000000004,8.695,0,60,200
2025,394664,85.72666719555855,0.18500000000000005,8.29,0,59,200
2026,395080,114.58166778087616,0.07499999999999996,7.615,0,66,200
2027,395136,116.45833432674408,0.05500000000000005,7.865,0,67,200
2028,395232,94.15500077605247,0.16500000000000004,7.845,0,59,200
2029,395376,111.15666778385639,0.08999999999999997,7.6,0,67,200
2030,395432,108.47500087320805,0.10499999999999998,7.455,0,52,200
2031,395864,133.0866677761078,0.0050000000000000044,6.97,0,77,200
2032,396080,82.44333399832249,0.17500000000000004,8.93,0,49,200
2033,396264,114.01833401620388,0.08999999999999997,7.115,0,78,200
2034,396680,100.20333425700665,0.125,8.0,0,55,200
2035,396736,122.85166789591312,0.025000000000000022,7.705,0,59,200
2036,396832,97.493334248662,0.13,8.24,0,51,200
2037,396976,124.53166741132736,0.030000000000000027,7.405,0,71,200
2038,397032,131.78833398222923,0.03500000000000003,6.485,0,77,200
2039,397464,107.89500094950199,0.07999999999999996,8.145,0,57,200
2040,397680,102.97333399951458,0.135,7.37,0,64,200
2041,397864,129.16000090539455,0.03500000000000003,6.72,0,64,200
2042,398280,119.28333427011967,0.05500000000000005,7.34,0,81,200
2043,398336,122.64500087499619,0.06499999999999995,6.825,0,67,200
2044,398432,78.41333386301994,0.21999999999999997,8.39,0,60,200
2045,398576,97.75833389163017,0.14,7.895,0,58,200
2046,398632,93.6816673874855,0.135,8.665,0,51,200
2047,399064,91.20000073313713,0.14500000000000002,8.67,0,64,200
2048,399280,116.51166744530201,0.06499999999999995,7.585,0,72,200
2049,399464,69.13166750967503,0.245,8.785,0,64,200
2050,399880,101.54666689038277,0.135,7.66,0,65,200
2051,399936,114.07000052928925,0.08499999999999996,7.38,0,63,200
2052,400032,96.60833433270454,0.11499999999999999,8.705,0,62,200
2053,400176,114.74500076472759,0.06499999999999995,7.755,0,66,200
2054,400232,109.32833370566368,0.10999999999999999,7.475,0,58,200
2055,400664,120.43000090122223,0.06999999999999995,6.87,0,64,200
2056,400880,118.55833448469639,0.040000000000000036,7.925,0,70,200
2057,401064,107.60000094771385,0.07499999999999996,8.34,0,65,200
