episode,timestep,reward,sla_violation,mean_replicas,crashes,flapping_incidents,length
0,48,-19.41666603833437,0.8333333333333334,1.6666666666666667,1,0,6
1,56,-21.75,0.8571428571428572,4.285714285714286,1,3,7
2,160,-23.791667319834232,0.9,3.35,1,6,20
3,216,-29.625000059604645,1.0,4.111111111111111,1,10,27
4,256,-21.70833396911621,0.8333333333333334,6.416666666666667,1,1,12
5,296,-1.208332747220993,0.21621621621621623,3.054054054054054,1,11,37
6,304,-20.04166667163372,0.7272727272727273,4.454545454545454,1,2,11
7,472,-11.58333320915699,0.39622641509433965,5.471698113207547,1,23,53
8,520,-22.791667252779007,1.0,5.166666666666667,1,3,6
9,592,-29.333333924412727,0.5945945945945945,7.405405405405405,1,33,74
10,640,-20.916667327284813,1.0,1.6666666666666667,1,1,6
11,1208,-7.333332750946283,0.352112676056338,7.211267605633803,1,24,71
12,1600,11.416666854172945,0.495,6.31,0,74,200
13,1600,43.24999996647239,0.28,7.59,0,75,200
14,1656,63.79166715964675,0.16500000000000004,8.125,0,71,200
15,1736,-18.041666135191917,0.6,2.5,1,2,10
16,1800,26.04166727885604,0.1968911917098446,8.699481865284975,1,78,193
17,1896,-17.083332661539316,0.55,4.3,1,5,20
18,1896,67.4999999217689,0.06000000000000005,9.6,0,81,200
19,1904,16.95833357796073,0.47,7.085,0,60,200
20,1920,-10.08333420753479,0.4382022471910112,6.359550561797753,1,33,89
21,2064,-26.95833334326744,0.9047619047619048,3.9523809523809526,1,11,21
22,2120,26.83333369344473,0.36,7.76,0,73,200
23,2240,-25.375000655651093,1.0,2.590909090909091,1,6,22
24,2400,-14.375000793486834,0.6166666666666667,3.15,1,19,60
25,2984,13.833332996815443,0.18918918918918914,9.513513513513514,1,55,148
26,3016,-38.66666605696082,0.8701298701298701,4.7272727272727275,1,27,77
27,3120,23.583332791924477,0.2210526315789474,8.705263157894738,1,71,190
28,3192,-3.7083327881991863,0.48765432098765427,5.438271604938271,1,60,162
29,3200,71.58333338052034,0.16000000000000003,6.71,0,81,200
30,3312,-14.374999977648258,0.4054054054054054,8.027027027027026,1,8,37
31,3416,-17.54166652262211,0.5945945945945945,6.1891891891891895,1,6,37
32,3488,-14.749999549239874,0.5,3.5454545454545454,1,5,22
33,3504,55.416666980832815,0.125,9.85,0,75,200
34,3608,-24.374999344348907,0.9230769230769231,5.3076923076923075,1,5,13
35,3720,36.75000051036477,0.265,8.97,0,71,200
36,3760,-16.333332657814026,0.5,4.470588235294118,1,14,34
37,3784,-11.416667252779007,0.43243243243243246,6.621621621621622,1,26,74
38,3840,45.75000023841858,0.35,5.07,0,84,200
39,3848,-25.20833334326744,0.9375,7.0625,1,3,16
40,3984,-12.708333909511566,0.4642857142857143,4.035714285714286,1,6,28
41,4120,-7.749999761581421,0.40909090909090906,6.613636363636363,1,31,88
42,4304,-17.83333410322666,0.4782608695652174,7.130434782608695,1,6,23
43,4320,3.541667055338621,0.2921348314606742,5.921348314606742,1,35,89
44,4344,-20.29166741669178,0.5571428571428572,6.785714285714286,1,23,70
45,4568,-20.41666716337204,0.6774193548387097,4.580645161290323,1,9,31
46,4584,61.83333332836628,0.20999999999999996,7.04,0,75,200
47,4672,-24.166666641831398,0.9230769230769231,4.923076923076923,1,5,13
48,4728,-7.916667431592941,0.41509433962264153,5.622641509433962,1,13,53
49,4800,78.79166678711772,0.050000000000000044,9.385,0,66,200
50,5440,67.37500014901161,0.14500000000000002,8.595,0,64,200
51,5448,51.70833358541131,0.17500000000000004,9.215,0,73,200
52,5528,-19.999999400228262,0.9,2.4,1,0,10
53,5584,39.875000230968,0.19499999999999995,9.855,0,78,200
54,5760,-20.83333397656679,0.6206896551724138,4.827586206896552,1,12,29
55,5912,10.29166729003191,0.38129496402877694,6.76978417266187,1,33,139
56,5944,48.50000009685755,0.265,7.08,0,79,200
57,6184,26.833333503454924,0.25,9.62,0,86,200
58,6272,18.999999903142452,0.375,8.16,0,76,200
59,6328,13.9166667945683,0.42000000000000004,7.87,0,73,200
60,6896,2.5833329558372498,0.37323943661971826,6.492957746478873,1,56,142
61,7040,26.333333659917116,0.31000000000000005,8.96,0,74,200
62,7064,58.66666720435023,0.10810810810810811,6.52972972972973,1,72,185
63,7160,-28.29166692122817,0.5855855855855856,7.306306306306307,1,41,111
64,7200,-9.291666772216558,0.3913043478260869,7.869565217391305,1,69,161
65,7544,39.45833308249712,0.235,8.765,0,81,200
66,7784,30.291667342185974,0.22499999999999998,10.165,0,80,200
67,7928,64.83333398401737,0.125,8.66,0,76,200
68,8128,-16.95833334326744,0.52,5.24,1,7,25
69,8192,-11.625000536441803,0.4444444444444444,7.444444444444445,1,23,81
70,8496,32.5833334736526,0.265,9.05,0,78,200
71,8640,60.75000013038516,0.17500000000000004,8.79,0,62,200
72,8664,51.08333383128047,0.235,8.45,0,63,200
73,8712,-20.4583327062428,1.0,1.8333333333333333,1,0,6
74,8760,36.250000201165676,0.345,7.77,0,60,200
75,8800,63.6666667573154,0.17000000000000004,8.14,0,69,200
76,8920,-11.249999478459358,0.3846153846153846,3.4615384615384617,1,7,26
77,9296,-5.666667357087135,0.17021276595744683,9.27659574468085,1,13,47
78,9384,59.41666641458869,0.14,8.77,0,79,200
79,9728,60.20833380147815,0.12,8.915,0,83,200
80,9792,66.33333317190409,0.20999999999999996,7.28,0,62,200
81,10096,63.58333346247673,0.13,8.93,0,72,200
82,10104,-15.958333253860474,0.4358974358974359,6.128205128205129,1,16,39
83,10192,-32.541667088866234,0.5229885057471264,9.040229885057471,1,60,174
84,10240,53.333333883434534,0.21999999999999997,7.76,0,76,200
85,10360,37.87500033155084,0.235,9.555,0,71,200
86,10664,-7.583334274590015,0.41509433962264153,5.471698113207547,1,13,53
87,10896,47.708333514630795,0.21999999999999997,8.015,0,83,200
88,10984,61.95833322778344,0.14,9.125,0,68,200
89,11328,41.83333379775286,0.235,9.32,0,67,200
90,11696,44.20833380892873,0.28,8.135,0,64,200
91,11704,38.499999947845936,0.26,8.58,0,76,200
92,11792,63.62500050291419,0.125,9.045,0,72,200
93,11960,38.29166701063514,0.28500000000000003,8.485,0,68,200
94,12000,-20.79166668653488,1.0,3.8,1,0,5
95,12264,50.333333883434534,0.18999999999999995,9.26,0,69,200
96,12496,13.875000234693289,0.41000000000000003,8.295,0,70,200
97,12584,52.916666992008686,0.17500000000000004,9.85,0,60,200
98,12928,37.08333354443312,0.22499999999999998,9.95,0,70,200
99,13296,46.2500002682209,0.17500000000000004,9.75,0,75,200
100,13304,43.166666861623526,0.18999999999999995,10.9,0,56,200
101,13392,25.33333360403776,0.265,10.34,0,71,200
102,13600,12.7083335891366,0.39,9.575,0,59,200
103,13864,49.541666619479656,0.18999999999999995,9.715,0,63,200
104,14096,47.95833348855376,0.18999999999999995,10.085,0,60,200
105,14184,32.66666675359011,0.255,10.9,0,51,200
106,14528,40.04166700318456,0.21999999999999997,9.655,0,71,200
107,14896,59.87500035762787,0.07999999999999996,10.755,0,69,200
108,14904,63.41666682809591,0.06499999999999995,10.57,0,71,200
109,14992,62.7500001527369,0.11499999999999999,9.75,0,66,200
110,15200,60.20833356305957,0.11499999999999999,10.115,0,65,200
111,15464,79.62500008195639,0.06000000000000005,9.585,0,57,200
112,15696,68.66666693240404,0.07999999999999996,9.88,0,66,200
113,15744,-22.04166668653488,1.0,4.166666666666667,1,2,6
114,15784,59.20833333209157,0.125,10.595,0,55,200
115,16128,55.54166694357991,0.14500000000000002,9.895,0,66,200
116,16496,76.54166701436043,0.08499999999999996,8.875,0,65,200
117,16504,46.875000067055225,0.17000000000000004,9.975,0,72,200
118,16592,57.91666651889682,0.16500000000000004,9.67,0,57,200
119,16800,56.041666839271784,0.14500000000000002,10.375,0,57,200
120,17064,46.16666695103049,0.18500000000000005,10.72,0,55,200
121,17344,47.000000204890966,0.22499999999999998,8.94,0,67,200
122,17384,60.00000051781535,0.12,10.26,0,61,200
123,17728,48.625000186264515,0.19499999999999995,10.905,0,43,200
124,18096,61.58333409950137,0.135,10.91,0,41,200
125,18104,70.66666693612933,0.07999999999999996,10.66,0,49,200
126,18192,65.58333384990692,0.07499999999999996,10.55,0,63,200
127,18216,-3.583332546055317,0.3680555555555556,10.180555555555555,1,27,144
128,18400,75.45833386853337,0.03500000000000003,10.985,0,52,200
129,18944,55.33333392068744,0.07999999999999996,11.0,0,74,200
130,18984,47.08333384618163,0.16500000000000004,10.31,0,68,200
131,19112,17.16666781157255,0.20231213872832365,10.867052023121387,1,45,173
132,19696,55.12500033900142,0.135,10.905,0,54,200
133,19704,80.66666689142585,0.020000000000000018,10.96,0,48,200
134,19792,81.79166703671217,0.025000000000000022,10.885,0,45,200
135,19816,65.79166655987501,0.08499999999999996,10.885,0,53,200
136,20000,63.5833335891366,0.05500000000000005,10.91,0,69,200
137,20544,54.04166704043746,0.14,10.915,0,54,200
138,20584,48.50000009685755,0.15000000000000002,10.74,0,64,200
139,20712,67.50000077113509,0.10499999999999998,11.04,0,39,200
140,21296,25.87500051409006,0.29000000000000004,10.635,0,55,200
141,21304,64.58333346247673,0.10999999999999999,10.85,0,46,200
142,21392,72.12500048056245,0.07499999999999996,10.605,0,49,200
143,21416,30.25000060722232,0.28,10.59,0,51,200
144,21600,56.25000026077032,0.15000000000000002,11.13,0,42,200
145,22144,71.00000023841858,0.07499999999999996,10.74,0,49,200
146,22184,70.66666691377759,0.050000000000000044,11.32,0,50,200
147,22312,85.54166684672236,0.030000000000000027,10.555,0,41,200
148,22896,60.95833336934447,0.135,11.165,0,38,200
149,22904,72.12500074133277,0.06499999999999995,11.085,0,45,200
150,22992,77.66666693612933,0.04500000000000004,10.54,0,51,200
151,23016,63.75000052154064,0.09999999999999998,10.95,0,50,200
152,23200,52.25000041723251,0.15500000000000003,11.07,0,49,200
153,23744,38.83333346247673,0.22999999999999998,10.94,0,48,200
154,23784,57.250000443309546,0.135,10.77,0,52,200
155,23912,63.54166663438082,0.13,11.275,0,33,200
156,24496,58.04166688397527,0.14,10.735,0,49,200
157,24504,78.25000034272671,0.06000000000000005,11.37,0,30,200
158,24592,35.08333355560899,0.255,11.21,0,41,200
159,24616,73.95833375304937,0.06499999999999995,11.105,0,41,200
160,24800,66.00000064074993,0.08499999999999996,11.04,0,50,200
161,25344,71.70833368971944,0.06499999999999995,10.955,0,48,200
162,25384,47.33333355560899,0.20999999999999996,11.36,0,32,200
163,25512,74.79166715219617,0.06000000000000005,11.125,0,41,200
164,26096,86.04166702926159,0.030000000000000027,11.035,0,32,200
165,26104,64.00000010430813,0.15000000000000002,10.68,0,34,200
166,26192,73.00000002980232,0.07999999999999996,10.8,0,42,200
167,26216,81.70833344385028,0.040000000000000036,11.135,0,35,200
168,26400,85.75000021606684,0.03500000000000003,10.53,0,39,200
169,26944,26.8333337046206,0.31499999999999995,11.18,0,34,200
170,26984,77.75000061094761,0.03500000000000003,11.19,0,44,200
171,27112,88.75000010430813,0.025000000000000022,11.19,0,26,200
172,27696,83.29166682437062,0.06000000000000005,11.305,0,21,200
173,27704,79.70833359658718,0.06999999999999995,11.315,0,24,200
174,27792,82.00000050663948,0.04500000000000004,11.04,0,34,200
175,27816,89.70833393186331,0.030000000000000027,10.955,0,26,200
176,28000,77.75000045448542,0.04500000000000004,11.37,0,37,200
177,28544,49.95833368971944,0.18999999999999995,11.465,0,33,200
178,28584,54.33333354815841,0.18500000000000005,11.3,0,29,200
179,28712,44.08333369344473,0.20999999999999996,11.39,0,38,200
180,29296,82.33333364501595,0.03500000000000003,11.3,0,33,200
181,29304,57.750000175088644,0.15500000000000003,11.01,0,39,200
182,29392,62.83333360031247,0.15500000000000003,10.88,0,31,200
183,29416,80.04166684672236,0.05500000000000005,11.215,0,31,200
184,29600,82.29166699200869,0.040000000000000036,11.005,0,36,200
185,30144,72.5833335109055,0.10999999999999999,11.15,0,25,200
186,30184,78.62500020116568,0.050000000000000044,10.725,0,44,200
187,30312,75.37500008195639,0.08499999999999996,10.935,0,33,200
188,30896,60.7916668727994,0.16500000000000004,11.245,0,25,200
189,30904,76.58333356678486,0.09499999999999997,10.67,0,31,200
190,30992,84.16666705906391,0.05500000000000005,10.6,0,33,200
191,31016,49.37500021234155,0.21499999999999997,11.055,0,31,200
192,31200,75.75000060722232,0.08999999999999997,11.31,0,24,200
193,31744,60.083333645015955,0.14500000000000002,11.27,0,34,200
194,31784,79.83333372324705,0.040000000000000036,11.18,0,38,200
195,31912,93.66666644066572,0.030000000000000027,10.9,0,19,200
196,32496,85.33333327621222,0.05500000000000005,10.88,0,26,200
197,32504,56.29166689515114,0.19999999999999996,11.305,0,19,200
198,32592,63.91666701436043,0.14,10.21,0,46,200
199,32616,85.45833378657699,0.030000000000000027,10.925,0,35,200
200,32800,86.66666676849127,0.025000000000000022,11.08,0,32,200
201,33344,72.54166703671217,0.09999999999999998,11.275,0,27,200
202,33384,68.70833375677466,0.12,11.135,0,29,200
203,33512,67.50000006332994,0.13,11.34,0,24,200
204,34096,86.00000001490116,0.06499999999999995,11.1,0,17,200
205,34104,91.9166671037674,0.015000000000000013,11.53,0,18,200
206,34192,86.50000055134296,0.030000000000000027,10.98,0,32,200
207,34216,48.16666690632701,0.245,11.38,0,16,200
208,34400,72.70833393186331,0.09999999999999998,11.015,0,31,200
209,34944,75.66666692495346,0.06499999999999995,11.08,0,38,200
210,34984,92.49999995157123,0.020000000000000018,11.22,0,20,200
211,35112,60.166666865348816,0.15000000000000002,11.08,0,35,200
212,35696,65.54166647046804,0.13,11.095,0,32,200
213,35704,67.0833335891366,0.14,10.67,0,32,200
214,35792,88.58333383873105,0.025000000000000022,11.21,0,26,200
215,35816,79.0416667573154,0.07999999999999996,10.495,0,35,200
216,36000,79.83333376422524,0.10999999999999999,10.22,0,26,200
217,36544,92.95833368226886,0.0050000000000000044,10.625,0,35,200
218,36584,53.58333387225866,0.18999999999999995,10.91,0,35,200
219,36712,71.37500038743019,0.09999999999999998,11.535,0,25,200
220,37296,57.8750000372529,0.19499999999999995,11.535,0,14,200
221,37304,68.25000026077032,0.135,11.01,0,26,200
222,37392,86.70833346620202,0.03500000000000003,11.255,0,25,200
223,37416,74.58333342522383,0.10499999999999998,11.33,0,20,200
224,37600,67.62500013783574,0.135,11.145,0,25,200
225,37616,24.374999430030584,0.11504424778761058,10.43362831858407,1,13,113
226,38144,67.83333354443312,0.14,11.54,0,16,200
227,38184,90.04166662320495,0.040000000000000036,10.615,0,27,200
228,38896,78.04166699573398,0.09499999999999997,11.335,0,17,200
229,38904,88.00000039115548,0.03500000000000003,11.04,0,26,200
230,38992,84.250000115484,0.06999999999999995,11.19,0,17,200
231,39016,95.91666732728481,0.020000000000000018,10.87,0,19,200
232,39200,73.83333345130086,0.12,11.12,0,19,200
233,39216,88.0416667945683,0.05500000000000005,10.675,0,24,200
234,39744,75.00000021234155,0.10499999999999998,11.46,0,17,200
235,39784,75.33333368599415,0.09499999999999997,11.24,0,24,200
236,40496,77.5416669845581,0.07999999999999996,11.215,0,26,200
237,40504,73.70833327621222,0.135,10.535,0,23,200
238,40592,72.87500048428774,0.10999999999999999,11.295,0,22,200
239,40616,60.00000014156103,0.14500000000000002,11.34,0,33,200
240,40800,91.16666680201888,0.030000000000000027,10.9,0,24,200
241,40816,49.25000040605664,0.21999999999999997,11.67,0,19,200
242,41344,76.5000002682209,0.08499999999999996,10.92,0,31,200
243,41384,52.791667360812426,0.18999999999999995,10.765,0,39,200
244,42096,90.1666670627892,0.030000000000000027,10.78,0,28,200
245,42104,86.08333320170641,0.06499999999999995,10.91,0,20,200
246,42192,85.12500027567148,0.06000000000000005,11.325,0,17,200
247,42216,84.41666685789824,0.06999999999999995,11.53,0,11,200
248,42400,85.41666680201888,0.030000000000000027,11.17,0,31,200
249,42416,77.00000018626451,0.09999999999999998,10.92,0,24,200
250,42560,35.125000193715096,0.11184210526315785,11.585526315789474,1,13,152
251,42984,83.54166715592146,0.06499999999999995,11.395,0,17,200
252,43696,92.7916668318212,0.040000000000000036,10.585,0,22,200
253,43704,60.7916668318212,0.17000000000000004,11.425,0,20,200
254,43792,52.54166701063514,0.22499999999999998,11.275,0,17,200
255,43816,72.625000808388,0.14,11.025,0,15,200
256,44000,84.20833368971944,0.06499999999999995,10.415,0,32,200
257,44016,83.8333333991468,0.07999999999999996,10.82,0,20,200
258,44160,77.16666680574417,0.06999999999999995,11.62,0,24,200
259,44584,82.7083335109055,0.07499999999999996,11.315,0,16,200
260,45296,85.95833359658718,0.05500000000000005,11.345,0,17,200
261,45304,95.1666669882834,0.020000000000000018,10.78,0,22,200
262,45392,69.3333337828517,0.10999999999999999,11.0,0,34,200
263,45416,81.37499982491136,0.10499999999999998,10.575,0,19,200
264,45600,91.375000230968,0.040000000000000036,11.355,0,12,200
265,45616,78.9166668318212,0.09999999999999998,11.47,0,11,200
266,45760,58.625000420957804,0.15000000000000002,11.205,0,36,200
267,46184,92.33333344757557,0.025000000000000022,10.94,0,23,200
268,46896,75.37499991431832,0.10999999999999999,10.875,0,24,200
269,46904,87.08333406969905,0.03500000000000003,11.33,0,23,200
270,46992,95.20833358168602,0.020000000000000018,10.895,0,20,200
271,47016,72.66666707769036,0.10999999999999999,11.2,0,24,200
272,47200,81.5000000745058,0.08999999999999997,11.04,0,17,200
273,47216,85.37500032037497,0.06499999999999995,10.875,0,22,200
274,47360,76.87500036135316,0.10999999999999999,11.175,0,16,200
275,47784,64.50000005587935,0.17000000000000004,11.52,0,11,200
276,48496,53.20833357796073,0.22499999999999998,11.075,0,19,200
277,48504,90.91666662320495,0.025000000000000022,11.11,0,23,200
278,48592,32.83333342522383,0.33499999999999996,10.7,0,22,200
279,48616,92.41666696220636,0.03500000000000003,10.93,0,19,200
280,48800,86.50000039488077,0.06499999999999995,11.16,0,15,200
281,48816,89.9583334736526,0.025000000000000022,11.585,0,17,200
282,48960,67.45833354070783,0.14500000000000002,11.525,0,15,200
283,49384,81.79166655614972,0.08999999999999997,10.705,0,22,200
284,50096,78.79166707023978,0.10999999999999999,10.945,0,16,200
285,50104,68.75000002980232,0.15000000000000002,11.31,0,14,200
286,50192,87.87499987706542,0.06999999999999995,10.815,0,16,200
287,50216,57.24999997764826,0.22499999999999998,10.95,0,13,200
288,50400,74.83333365619183,0.125,11.06,0,16,200
289,50416,62.5000001527369,0.19999999999999996,11.04,0,11,200
290,50560,77.45833348482847,0.09999999999999998,11.345,0,16,200
291,50984,80.37500051781535,0.08499999999999996,11.115,0,20,200
292,51696,80.75000000745058,0.08999999999999997,11.07,0,18,200
293,51704,88.08333306014538,0.07499999999999996,10.73,0,15,200
294,51792,87.33333381637931,0.050000000000000044,11.3,0,17,200
295,51816,74.7083337455988,0.14,10.775,0,15,200
296,52000,93.4583334363997,0.040000000000000036,11.225,0,10,200
297,52016,94.6666667573154,0.03500000000000003,10.84,0,16,200
298,52160,71.33333364501595,0.135,11.24,0,16,200
299,52584,72.50000008940697,0.135,11.34,0,12,200
300,53296,75.08333361148834,0.11499999999999999,11.39,0,14,200
301,53304,56.87499991804361,0.22999999999999998,10.695,0,16,200
302,53392,90.58333336934447,0.03500000000000003,11.45,0,14,200
303,53416,87.79166691750288,0.05500000000000005,10.825,0,22,200
304,53600,96.0000003091991,0.015000000000000013,11.16,0,16,200
305,53616,91.66666704043746,0.03500000000000003,11.2,0,16,200
306,53760,73.16666663810611,0.135,11.08,0,15,200
307,54184,78.12499982863665,0.10999999999999999,11.505,0,8,200
308,54896,82.75000050291419,0.06499999999999995,11.19,0,22,200
309,54904,84.24999912083149,0.08999999999999997,10.41,0,22,200
310,54992,78.79166701436043,0.10999999999999999,11.185,0,12,200
311,55016,88.08333323150873,0.06499999999999995,11.45,0,7,200
312,55200,99.3333333954215,0.03500000000000003,10.46,0,13,200
313,55216,53.625000204890966,0.19999999999999996,11.205,0,26,200
314,55360,83.20833356678486,0.05500000000000005,11.315,0,23,200
315,55784,92.00000016018748,0.05500000000000005,10.86,0,13,200
316,56496,74.20833333954215,0.14,11.195,0,9,200
317,56504,76.29166666045785,0.11499999999999999,11.725,0,6,200
318,56592,95.95833333954215,0.07499999999999996,10.025,0,11,200
319,56616,93.00000036135316,0.07499999999999996,9.66,0,23,200
320,56800,86.0416669882834,0.06999999999999995,11.275,0,12,200
321,56816,102.37500074133277,0.010000000000000009,10.275,0,20,200
322,56960,72.37499999254942,0.16000000000000003,10.755,0,12,200
323,57384,100.79166651144624,0.040000000000000036,9.925,0,17,200
324,58096,81.74999998882413,0.09499999999999997,10.59,0,22,200
325,58104,98.04166638478637,0.020000000000000018,10.735,0,17,200
326,58192,66.1666667945683,0.17000000000000004,11.32,0,11,200
327,58216,79.00000023841858,0.07999999999999996,11.22,0,23,200
328,58400,98.20833359658718,0.030000000000000027,10.595,0,15,200
329,58416,96.75000014528632,0.04500000000000004,10.71,0,10,200
330,58560,101.49999979138374,0.020000000000000018,10.68,0,11,200
331,58984,67.5833328217268,0.17500000000000004,10.85,0,14,200
332,59696,102.20833325758576,0.025000000000000022,10.175,0,16,200
333,59704,48.791666865348816,0.25,11.365,0,13,200
334,59792,74.91666687652469,0.135,10.69,0,18,200
335,59816,93.04166658222675,0.04500000000000004,11.215,0,9,200
336,60000,91.95833375304937,0.040000000000000036,11.345,0,11,200
337,60016,88.66666655987501,0.06999999999999995,11.08,0,10,200
338,60160,102.37500041723251,0.010000000000000009,10.635,0,14,200
339,60584,62.37500041350722,0.19999999999999996,10.935,0,13,200
340,61296,93.2916667945683,0.04500000000000004,11.005,0,12,200
341,61304,92.54166628047824,0.06000000000000005,10.255,0,20,200
342,61392,89.0416670255363,0.10999999999999999,9.955,0,12,200
343,61416,81.8333328217268,0.135,10.1,0,14,200
344,61600,87.66666659340262,0.07999999999999996,11.14,0,7,200
345,61616,96.75000035390258,0.040000000000000036,10.95,0,8,200
346,61760,89.0416665636003,0.07499999999999996,10.495,0,17,200
347,62184,103.66666685789824,0.0050000000000000044,10.78,0,11,200
348,62896,83.62500022351742,0.12,10.545,0,9,200
349,62904,101.08333342894912,0.030000000000000027,10.49,0,11,200
350,62992,76.41666773706675,0.135,10.93,0,11,200
351,63016,92.49999963119626,0.09499999999999997,9.18,0,24,200
352,63200,95.37499988824129,0.050000000000000044,10.935,0,7,200
353,63216,76.45833349227905,0.135,10.865,0,12,200
354,63360,103.58333340287209,0.06000000000000005,8.87,0,21,200
355,63784,100.4583336673677,0.04500000000000004,9.785,0,18,200
356,64496,72.45833336189389,0.14,10.985,0,16,200
357,64504,113.87500035762787,0.0050000000000000044,9.555,0,11,200
358,64592,85.87499936297536,0.08999999999999997,10.995,0,9,200
359,64616,90.33333341032267,0.08999999999999997,10.22,0,13,200
360,64800,92.04166674241424,0.06499999999999995,10.555,0,14,200
361,64816,57.291666854172945,0.245,10.705,0,9,200
362,64960,90.70833321660757,0.07499999999999996,10.835,0,8,200
363,65384,104.87500006332994,0.025000000000000022,10.215,0,10,200
364,66096,75.29166677221656,0.14,11.005,0,10,200
365,66104,83.87500013411045,0.125,10.155,0,13,200
366,66192,92.75000000372529,0.06499999999999995,10.35,0,16,200
367,66216,86.62499989569187,0.08499999999999996,10.905,0,11,200
368,66400,94.04166678339243,0.05500000000000005,10.735,0,11,200
369,66416,97.33333323150873,0.025000000000000022,11.12,0,10,200
370,66560,72.95833345502615,0.17000000000000004,10.145,0,17,200
371,66984,83.20833354443312,0.09999999999999998,11.015,0,10,200
372,67696,95.79166678711772,0.04500000000000004,10.405,0,17,200
373,67704,76.62500008940697,0.13,11.085,0,10,200
374,67792,81.95833418518305,0.10999999999999999,10.745,0,13,200
375,67816,88.66666708514094,0.09499999999999997,10.42,0,11,200
376,68000,101.25000002607703,0.030000000000000027,10.29,0,14,200
377,68016,100.83333359286189,0.04500000000000004,10.22,0,10,200
378,68160,79.41666670516133,0.08999999999999997,11.71,0,10,200
379,68584,80.33333355560899,0.135,10.4,0,12,200
380,69296,95.58333346620202,0.030000000000000027,11.39,0,7,200
381,69304,50.416666727513075,0.28,10.81,0,7,200
382,69392,85.54166651517153,0.10499999999999998,10.435,0,13,200
383,69416,72.74999997019768,0.15000000000000002,10.95,0,12,200
384,69600,106.62500016018748,0.05500000000000005,8.265,0,27,200
385,69616,106.95833361521363,0.03500000000000003,9.305,0,17,200
386,69760,75.20833349227905,0.14,10.775,0,14,200
387,70184,106.04166663065553,0.04500000000000004,9.115,0,18,200
388,70896,109.91666638478637,0.025000000000000022,8.89,0,22,200
389,70904,92.70833363384008,0.06999999999999995,10.295,0,15,200
390,70992,85.37500022351742,0.08499999999999996,10.695,0,17,200
391,71016,107.58333321288228,0.015000000000000013,9.95,0,13,200
392,71200,94.66666689887643,0.06000000000000005,10.42,0,13,200
393,71216,104.75000007078052,0.010000000000000009,10.17,0,17,200
394,71360,97.25000012293458,0.020000000000000018,11.25,0,10,200
395,71784,111.8749998100102,0.05500000000000005,8.235,0,17,200
396,72496,86.62500002980232,0.09499999999999997,10.425,0,15,200
397,72504,79.37499993294477,0.11499999999999999,11.055,0,11,200
398,72592,108.79166676476598,0.025000000000000022,9.145,0,20,200
399,72616,110.37500014156103,0.03500000000000003,8.715,0,20,200
400,72760,79.45833456888795,0.0461538461538461,9.605128205128205,1,17,195
401,72816,67.25000005215406,0.18000000000000005,11.37,0,4,200
402,72960,98.79166641831398,0.09499999999999997,9.385,0,8,200
403,73384,71.74999985098839,0.17000000000000004,10.47,0,14,200
404,74096,79.5833336301148,0.14500000000000002,10.13,0,14,200
405,74104,77.25000029429793,0.125,10.83,0,15,200
406,74192,85.04166681319475,0.12,10.075,0,14,200
407,74216,105.87500001862645,0.020000000000000018,10.155,0,11,200
408,74360,102.83333373442292,0.05500000000000005,9.62,0,12,200
409,74416,99.83333346992731,0.06000000000000005,9.92,0,11,200
410,74560,85.66666663438082,0.10499999999999998,10.66,0,9,200
411,74984,106.16666671261191,0.015000000000000013,10.12,0,13,200
412,75696,113.70833339169621,0.020000000000000018,9.095,0,13,200
413,75704,95.04166708141565,0.06499999999999995,10.075,0,16,200
414,75792,111.50000025331974,0.020000000000000018,9.18,0,16,200
415,75816,100.87500005960464,0.030000000000000027,10.515,0,11,200
416,75960,95.16666693985462,0.05500000000000005,10.6,0,11,200
417,76016,111.54166659712791,0.040000000000000036,8.635,0,17,200
418,76160,103.00000005960464,0.025000000000000022,10.26,0,13,200
419,76584,109.91666664928198,0.015000000000000013,9.97,0,8,200
420,77296,83.16666709631681,0.135,10.12,0,11,200
421,77304,93.58333334326744,0.08499999999999996,10.31,0,7,200
422,77392,96.83333333954215,0.06999999999999995,10.1,0,10,200
423,77416,110.04166676849127,0.010000000000000009,9.835,0,12,200
424,77560,78.6250000745058,0.16000000000000003,9.945,0,13,200
425,77616,99.58333379402757,0.010000000000000009,10.67,0,19,200
426,77760,73.95833329483867,0.135,11.285,0,10,200
427,78184,84.62500016763806,0.09999999999999998,10.605,0,14,200
428,78896,87.54166668653488,0.06499999999999995,11.515,0,7,200
429,78904,82.41666646301746,0.09499999999999997,11.11,0,12,200
430,78992,97.45833360031247,0.06000000000000005,10.205,0,11,200
431,79016,95.91666659712791,0.09499999999999997,9.25,0,16,200
432,79160,107.45833314955235,0.03500000000000003,9.005,0,21,200
433,79216,80.41666689515114,0.125,10.15,0,20,200
434,79360,92.41666642576456,0.08499999999999996,9.67,0,20,200
435,79784,108.8333331644535,0.030000000000000027,9.26,0,16,200
436,80496,55.62499998137355,0.27,10.125,0,12,200
437,80504,108.62499990314245,0.04500000000000004,9.285,0,10,200
438,80592,95.04166695475578,0.08999999999999997,9.355,0,18,200
439,80616,95.83333345875144,0.09999999999999998,8.9,0,20,200
440,80760,115.0416666790843,0.025000000000000022,8.395,0,20,200
441,80816,103.04166686534882,0.050000000000000044,9.775,0,11,200
442,80960,100.74999951943755,0.06499999999999995,9.75,0,10,200
443,81384,84.58333359658718,0.08999999999999997,11.27,0,7,200
444,82096,71.79166673496366,0.15500000000000003,11.185,0,8,200
445,82104,81.37499982491136,0.13,10.395,0,12,200
446,82192,101.75000027567148,0.030000000000000027,9.87,0,20,200
447,82216,73.00000001117587,0.16000000000000003,10.56,0,14,200
448,82360,90.4583332799375,0.06999999999999995,10.925,0,9,200
449,82416,108.66666710749269,0.020000000000000018,9.58,0,15,200
450,82560,90.58333307132125,0.050000000000000044,10.91,0,17,200
451,82984,86.16666704416275,0.10999999999999999,10.12,0,15,200
452,83696,69.58333352580667,0.18000000000000005,10.43,0,15,200
453,83704,110.99999954923987,0.020000000000000018,9.6,0,10,200
454,83792,88.5000002682209,0.10499999999999998,10.26,0,10,200
455,83816,96.9583337046206,0.06499999999999995,10.265,0,9,200
456,83960,76.20833354443312,0.135,10.775,0,14,200
457,84016,79.12499986961484,0.135,10.305,0,16,200
458,84160,68.04166703671217,0.19499999999999995,10.015,0,19,200
459,84584,92.54166673496366,0.08999999999999997,9.955,0,13,200
460,85296,86.04166642203927,0.07999999999999996,11.035,0,12,200
461,85304,108.54166613519192,0.020000000000000018,9.535,0,16,200
462,85392,83.9583333954215,0.13,10.085,0,12,200
463,85416,120.04166702181101,0.015000000000000013,8.275,0,16,200
464,85560,81.08333376422524,0.12,10.55,0,14,200
465,85616,80.58333338052034,0.135,9.95,0,19,200
466,85760,93.08333358168602,0.10499999999999998,9.23,0,18,200
467,86184,62.33333359286189,0.18000000000000005,11.36,0,14,200
468,86896,83.54166671261191,0.13,10.195,0,11,200
469,86904,99.08333337679505,0.06499999999999995,9.59,0,16,200
470,86992,81.45833298563957,0.15000000000000002,10.445,0,3,200
471,87016,104.45833390578628,0.050000000000000044,9.425,0,14,200
472,87160,89.50000003352761,0.07999999999999996,10.44,0,15,200
473,87216,103.45833365991712,0.05500000000000005,9.545,0,12,200
474,87360,104.00000013038516,0.03500000000000003,9.84,0,14,200
475,87784,101.62500022351742,0.025000000000000022,10.545,0,11,200
476,88496,91.45833330973983,0.07999999999999996,10.145,0,16,200
477,88504,100.33333356678486,0.05500000000000005,9.8,0,14,200
478,88592,92.0833334736526,0.08999999999999997,10.13,0,11,200
479,88616,97.12499970942736,0.08499999999999996,9.825,0,8,200
480,88760,96.33333333581686,0.030000000000000027,10.4,0,22,200
481,88816,100.79166668653488,0.020000000000000018,11.005,0,7,200
482,88960,91.79166662693024,0.08499999999999996,10.045,0,15,200
483,89384,98.16666685417295,0.06000000000000005,10.18,0,10,200
484,90096,99.58333326503634,0.07999999999999996,9.17,0,16,200
485,90104,99.41666702926159,0.030000000000000027,10.87,0,8,200
486,90192,74.54166650027037,0.17000000000000004,10.435,0,9,200
487,90216,80.74999977648258,0.11499999999999999,10.59,0,16,200
488,90360,105.70833429694176,0.040000000000000036,9.635,0,12,200
489,90416,84.83333353698254,0.14500000000000002,9.62,0,12,200
490,90560,52.75000033900142,0.24,11.01,0,15,200
491,90984,107.41666642203927,0.020000000000000018,9.73,0,15,200
492,91696,95.29166590422392,0.10999999999999999,8.545,0,23,200
493,91704,83.04166676476598,0.135,10.135,0,11,200
494,91792,101.41666632518172,0.08499999999999996,8.77,0,17,200
495,91816,91.62500016018748,0.08999999999999997,9.885,0,16,200
496,91960,77.62499998137355,0.15500000000000003,10.005,0,16,200
497,92016,64.45833338424563,0.21999999999999997,9.965,0,17,200
498,92160,110.29166665673256,0.03500000000000003,8.845,0,18,200
499,92584,101.16666611656547,0.06499999999999995,9.4,0,15,200
500,93296,91.91666743531823,0.11499999999999999,9.49,0,12,200
501,93304,66.83333359286189,0.20999999999999996,10.46,0,8,200
502,93392,79.66666701436043,0.16500000000000004,9.94,0,9,200
503,93416,65.04166636243463,0.21499999999999997,9.655,0,23,200
504,93560,69.25000026077032,0.17000000000000004,10.83,0,13,200
505,93616,83.20833364501595,0.135,10.235,0,9,200
506,93760,105.66666720435023,0.015000000000000013,10.42,0,9,200
507,94184,114.1666666418314,0.030000000000000027,8.68,0,15,200
508,94896,95.20833336189389,0.07999999999999996,9.695,0,16,200
509,94904,82.41666631773114,0.135,10.09,0,13,200
510,94992,88.2916667535901,0.125,9.145,0,21,200
511,95016,109.66666670888662,0.03500000000000003,9.4,0,10,200
512,95160,81.70833317562938,0.17000000000000004,9.395,0,12,200
513,95216,96.12500032037497,0.05500000000000005,10.365,0,13,200
514,95360,80.45833363756537,0.15500000000000003,9.785,0,14,200
515,95784,107.75000046566129,0.03500000000000003,9.15,0,18,200
516,96496,97.33333308249712,0.09499999999999997,9.5,0,9,200
517,96504,102.33333334699273,0.03500000000000003,10.28,0,10,200
518,96592,87.91666654497385,0.08999999999999997,10.33,0,16,200
519,96616,95.08333346992731,0.10999999999999999,9.59,0,6,200
520,96760,109.79166672378778,0.030000000000000027,9.325,0,13,200
521,96816,83.6666667535901,0.15000000000000002,9.82,0,9,200
522,96960,98.5416666418314,0.07499999999999996,9.775,0,10,200
523,97384,108.25000048801303,0.040000000000000036,9.69,0,6,200
524,98096,82.12500036880374,0.13,10.365,0,11,200
525,98104,89.33333330228925,0.135,9.08,0,16,200
526,98192,97.54166699200869,0.06999999999999995,10.015,0,10,200
527,98216,106.33333384990692,0.06499999999999995,8.78,0,15,200
528,98360,126.20833337679505,0.0050000000000000044,8.195,0,9,200
529,98416,58.58333348110318,0.235,10.67,0,11,200
530,98560,76.41666717454791,0.15500000000000003,10.63,0,8,200
531,98984,106.08333341404796,0.040000000000000036,9.77,0,9,200
532,99696,80.16666660830379,0.15000000000000002,10.36,0,7,200
533,99704,113.45833364874125,0.050000000000000044,8.765,0,7,200
534,99792,96.25000000372529,0.08499999999999996,9.75,0,11,200
535,99816,87.29166656732559,0.16500000000000004,8.905,0,11,200
536,99960,108.95833386853337,0.03500000000000003,9.365,0,12,200
537,100016,99.79166677594185,0.06000000000000005,9.865,0,12,200
538,100160,93.2500003091991,0.09499999999999997,10.05,0,8,200
539,100584,67.7916664853692,0.22499999999999998,9.745,0,12,200
540,101296,126.4166662953794,0.0,8.11,0,12,200
541,101304,90.5416667535901,0.09499999999999997,10.495,0,6,200
542,101392,90.08333303779364,0.10499999999999998,9.65,0,17,200
543,101416,81.12499978393316,0.16000000000000003,9.645,0,13,200
544,101560,92.54166683927178,0.11499999999999999,9.175,0,16,200
545,101616,107.41666623950005,0.08999999999999997,8.59,0,6,200
546,101760,101.87500077486038,0.050000000000000044,9.855,0,12,200
547,102184,94.12500022724271,0.10999999999999999,9.465,0,10,200
548,102896,117.83333380892873,0.03500000000000003,8.36,0,11,200
549,102904,101.70833367109299,0.06000000000000005,9.755,0,10,200
550,102992,105.08333400264382,0.06999999999999995,9.17,0,9,200
551,103016,112.08333329483867,0.05500000000000005,8.21,0,17,200
552,103160,81.95833354443312,0.16500000000000004,9.425,0,13,200
553,103216,101.45833373442292,0.06499999999999995,9.545,0,12,200
554,103360,117.66666617617011,0.050000000000000044,8.02,0,11,200
555,103784,118.49999955669045,0.025000000000000022,8.16,0,17,200
556,104496,69.83333328738809,0.21999999999999997,9.56,0,13,200
557,104504,54.70833325013518,0.26,10.895,0,5,200
558,104592,65.33333333954215,0.21999999999999997,9.8,0,18,200
559,104616,82.37499983236194,0.16500000000000004,9.735,0,7,200
560,104760,63.70833311229944,0.24,10.055,0,9,200
561,104816,91.87499997392297,0.12,9.555,0,9,200
562,104960,76.87499979510903,0.16000000000000003,10.035,0,15,200
563,105384,90.79166655614972,0.12,9.745,0,8,200
564,106096,96.83333372324705,0.09999999999999998,9.5,0,8,200
565,106104,72.91666630282998,0.19999999999999996,9.79,0,11,200
566,106192,76.4999999590218,0.16000000000000003,10.44,0,9,200
567,106216,87.75000042840838,0.10999999999999999,9.81,0,17,200
568,106360,91.04166632145643,0.11499999999999999,9.355,0,16,200
569,106416,59.0000001527369,0.21499999999999997,11.4,0,6,200
570,106560,113.83333358168602,0.06499999999999995,7.76,0,17,200
571,106984,64.87499985471368,0.24,10.095,0,6,200
572,107696,83.37500014156103,0.18500000000000005,8.835,0,12,200
573,107704,76.37499969825149,0.20499999999999996,9.375,0,9,200
574,107792,112.3750000409782,0.050000000000000044,8.835,0,8,200
575,107816,108.66666634753346,0.040000000000000036,9.34,0,11,200
576,107960,108.79166626557708,0.04500000000000004,9.265,0,10,200
577,108016,114.29166709259152,0.025000000000000022,9.145,0,9,200
578,108160,107.04166707769036,0.040000000000000036,9.715,0,8,200
579,108584,90.79166715592146,0.12,9.505,0,12,200
580,109296,71.79166616126895,0.19999999999999996,9.925,0,11,200
581,109304,86.91666692867875,0.13,10.15,0,5,200
582,109392,114.37500003352761,0.015000000000000013,9.195,0,12,200
583,109416,95.79166669026017,0.135,8.305,0,16,200
584,109560,92.29166689887643,0.125,9.505,0,7,200
585,109616,106.54166628420353,0.03500000000000003,9.715,0,11,200
586,109744,-26.625,1.0,9.9375,1,0,16
587,109760,64.91666646674275,0.235,9.79,0,13,200
588,110184,95.79166667535901,0.10499999999999998,9.385,0,10,200
589,110896,109.08333367481828,0.07999999999999996,8.15,0,14,200
590,110904,108.41666734963655,0.03500000000000003,9.67,0,8,200
591,110992,90.37499977648258,0.16500000000000004,8.655,0,9,200
592,111016,86.2083332836628,0.09999999999999998,10.415,0,14,200
593,111160,101.12500016018748,0.10499999999999998,8.565,0,13,200
594,111344,107.33333376795053,0.06999999999999995,8.6,0,14,200
595,111360,89.95833413302898,0.17500000000000004,8.585,0,7,200
596,111784,92.04166705533862,0.10999999999999999,9.595,0,12,200
597,112496,110.0000003054738,0.05500000000000005,8.94,0,9,200
598,112504,52.1666665263474,0.28,10.6,0,7,200
599,112592,99.5416666790843,0.08999999999999997,9.295,0,10,200
600,112616,114.95833345875144,0.03500000000000003,8.585,0,13,200
601,112760,97.50000047683716,0.135,8.4,0,11,200
602,112944,110.79166615009308,0.030000000000000027,9.325,0,11,200
603,112960,89.95833304896951,0.09999999999999998,10.085,0,12,200
604,113384,83.58333368971944,0.11499999999999999,10.73,0,8,200
605,114096,91.75000059604645,0.125,9.15,0,14,200
606,114104,99.50000010058284,0.09499999999999997,9.12,0,11,200
607,114192,111.12500012293458,0.040000000000000036,8.805,0,15,200
608,114216,87.20833312347531,0.15000000000000002,9.335,0,10,200
609,114360,78.16666692495346,0.18500000000000005,9.7,0,8,200
610,114544,96.58333311975002,0.07499999999999996,9.95,0,11,200
611,114560,104.0000004582107,0.03500000000000003,10.08,0,10,200
612,114984,97.91666691377759,0.12,8.95,0,7,200
613,115696,77.41666708886623,0.17000000000000004,10.09,0,9,200
614,115704,107.79166566580534,0.06000000000000005,9.205,0,7,200
615,115792,107.83333268761635,0.05500000000000005,9.32,0,7,200
616,115816,109.25000063329935,0.050000000000000044,9.09,0,10,200
617,115960,107.75000043958426,0.03500000000000003,9.75,0,8,200
618,116144,99.04166632890701,0.08499999999999996,9.535,0,9,200
619,116160,86.62500005960464,0.14,9.525,0,12,200
620,116584,99.0833335518837,0.07999999999999996,9.47,0,12,200
621,117296,83.66666654124856,0.14500000000000002,9.88,0,10,200
622,117304,102.66666739061475,0.06499999999999995,9.28,0,14,200
623,117392,77.16666681692004,0.15500000000000003,10.42,0,10,200
624,117416,90.04166687652469,0.08499999999999996,10.495,0,11,200
625,117560,60.79166712611914,0.25,9.925,0,13,200
626,117744,114.91666711866856,0.03500000000000003,8.53,0,14,200
627,117760,109.99999959394336,0.025000000000000022,9.72,0,8,200
628,118184,74.54166686534882,0.18000000000000005,10.015,0,12,200
629,118896,62.749999798834324,0.25,9.93,0,9,200
630,118904,95.66666736081243,0.08999999999999997,9.64,0,12,200
631,118992,110.9166659899056,0.06499999999999995,8.77,0,6,200
632,119016,95.50000037625432,0.10499999999999998,9.54,0,8,200
633,119160,97.37500012293458,0.08499999999999996,9.675,0,10,200
634,119344,88.91666688770056,0.09999999999999998,9.79,0,19,200
635,119360,80.1666662581265,0.15500000000000003,9.58,0,18,200
636,119784,99.75000008568168,0.14500000000000002,8.07,0,8,200
637,120496,91.58333365246654,0.09499999999999997,9.89,0,14,200
638,120504,103.41666703671217,0.07999999999999996,9.25,0,7,200
639,120592,92.87500012665987,0.09999999999999998,9.615,0,14,200
640,120616,90.49999994039536,0.12,9.42,0,14,200
641,120760,96.04166650027037,0.11499999999999999,9.055,0,11,200
642,120944,70.95833340659738,0.19499999999999995,9.965,0,14,200
643,120960,82.20833326131105,0.16000000000000003,9.515,0,13,200
644,121384,103.08333364874125,0.040000000000000036,9.89,0,13,200
645,122096,111.70833345875144,0.050000000000000044,8.795,0,10,200
646,122104,122.1666660271585,0.015000000000000013,8.14,0,14,200
647,122192,95.37499986216426,0.08999999999999997,9.975,0,7,200
648,122216,83.00000016391277,0.15000000000000002,9.96,0,8,200
649,122360,114.58333307504654,0.025000000000000022,9.11,0,9,200
650,122544,113.08333330601454,0.05500000000000005,8.57,0,9,200
651,122560,115.70833411067724,0.05500000000000005,8.015,0,13,200
652,122984,104.16666635870934,0.05500000000000005,9.46,0,12,200
653,123696,124.95833318307996,0.010000000000000009,8.225,0,9,200
654,123704,109.62500058859587,0.030000000000000027,9.525,0,10,200
655,123792,103.33333287015557,0.09499999999999997,8.72,0,10,200
656,123816,110.91666678339243,0.05500000000000005,8.77,0,10,200
657,123960,104.41666638851166,0.07499999999999996,8.83,0,14,200
658,124144,103.2916666008532,0.08499999999999996,8.785,0,13,200
659,124160,96.04166713729501,0.10499999999999998,9.595,0,6,200
660,124584,81.75000014156103,0.15500000000000003,9.93,0,9,200
661,125296,106.29166666418314,0.05500000000000005,9.385,0,9,200
662,125304,117.41666739434004,0.020000000000000018,9.25,0,3,200
663,125392,104.25000008940697,0.08999999999999997,8.85,0,8,200
664,125416,96.95833300799131,0.08999999999999997,9.725,0,8,200
665,125560,100.91666669026017,0.07999999999999996,9.55,0,7,200
666,125744,105.62499988824129,0.09499999999999997,8.445,0,10,200
667,125760,102.12499991431832,0.06999999999999995,9.405,0,11,200
668,126184,83.5833332054317,0.17000000000000004,9.53,0,6,200
669,126896,112.04166677594185,0.03500000000000003,8.755,0,16,200
670,126904,103.08333313837647,0.06000000000000005,9.53,0,11,200
671,126992,103.87500040605664,0.06499999999999995,9.315,0,11,200
672,127016,111.00000086054206,0.030000000000000027,9.66,0,5,200
673,127160,109.7499998062849,0.040000000000000036,8.67,0,20,200
674,127344,81.25000068172812,0.18000000000000005,9.39,0,9,200
675,127360,112.41666712611914,0.025000000000000022,9.49,0,7,200
676,127784,107.95833356305957,0.06000000000000005,8.945,0,11,200
677,128496,96.08333349600434,0.11499999999999999,9.05,0,11,200
678,128504,81.8333333954215,0.16500000000000004,9.32,0,15,200
679,128592,62.79166657105088,0.22499999999999998,10.345,0,12,200
680,128616,107.62500007078052,0.015000000000000013,10.125,0,10,200
681,128760,125.12500062584877,0.020000000000000018,7.905,0,10,200
682,128944,109.95833257585764,0.06999999999999995,8.165,0,16,200
683,128960,102.0000003837049,0.07499999999999996,9.54,0,7,200
684,129384,82.87500036507845,0.14500000000000002,9.675,0,15,200
685,130096,90.66666673868895,0.09999999999999998,10.0,0,12,200
686,130104,103.08333345875144,0.08999999999999997,8.81,0,11,200
687,130192,89.04166727513075,0.135,9.115,0,16,200
688,130216,69.62500007078052,0.18000000000000005,10.245,0,18,200
689,130360,86.37500017508864,0.11499999999999999,9.855,0,17,200
690,130544,112.83333329856396,0.07999999999999996,7.7,0,14,200
691,130560,74.58333308622241,0.19999999999999996,9.11,0,19,200
692,130984,97.3750003837049,0.07999999999999996,9.795,0,10,200
693,131696,102.62499955669045,0.08999999999999997,8.805,0,12,200
694,131704,82.20833349972963,0.16500000000000004,9.335,0,14,200
695,131792,99.7916671037674,0.09999999999999998,9.205,0,7,200
696,131816,106.83333410695195,0.07499999999999996,8.9,0,8,200
697,131960,111.29166711494327,0.030000000000000027,9.145,0,13,200
698,132144,110.08333320915699,0.05500000000000005,8.75,0,12,200
699,132160,98.04166662320495,0.06999999999999995,9.655,0,15,200
700,132584,110.66666732728481,0.030000000000000027,9.16,0,14,200
701,133296,115.54166727885604,0.04500000000000004,8.575,0,8,200
702,133304,87.41666656732559,0.135,9.67,0,10,200
703,133392,82.70833282545209,0.17000000000000004,9.455,0,9,200
704,133416,110.4999999590218,0.06499999999999995,8.28,0,15,200
705,133560,114.08333403989673,0.040000000000000036,8.75,0,10,200
706,133744,91.16666638106108,0.13,8.98,0,16,200
707,133760,87.16666688024998,0.14500000000000002,9.46,0,10,200
708,134184,107.00000016018748,0.07499999999999996,8.76,0,10,200
709,134896,128.12499861046672,0.0,8.265,0,6,200
710,134904,113.37500027194619,0.040000000000000036,8.415,0,17,200
711,134992,87.83333375677466,0.14,9.26,0,14,200
712,135016,109.91666640341282,0.06499999999999995,8.89,0,6,200
713,135160,110.70833341032267,0.06000000000000005,8.855,0,7,200
714,135344,103.54166677594185,0.050000000000000044,9.775,0,10,200
715,135360,88.45833371207118,0.09999999999999998,10.805,0,3,200
716,135784,111.04166612774134,0.050000000000000044,9.055,0,7,200
717,136496,95.58333353325725,0.08999999999999997,9.65,0,12,200
718,136504,106.2500004246831,0.07999999999999996,8.73,0,10,200
719,136592,113.08333372324705,0.04500000000000004,8.51,0,14,200
720,136616,97.2083334736526,0.05500000000000005,10.535,0,8,200
721,136760,90.95833333581686,0.12,9.425,0,13,200
722,136944,111.45833404362202,0.06000000000000005,8.645,0,9,200
723,136960,100.12500018626451,0.06499999999999995,9.885,0,9,200
724,137384,113.83333357051015,0.09499999999999997,7.34,0,12,200
725,138096,91.9583336636424,0.135,9.005,0,12,200
726,138104,95.70833371207118,0.06499999999999995,10.355,0,10,200
727,138192,72.83333362266421,0.21499999999999997,9.56,0,9,200
728,138216,105.54166705533862,0.09999999999999998,8.215,0,12,200
729,138360,104.50000018626451,0.08499999999999996,8.28,0,19,200
730,138544,109.29166651144624,0.06999999999999995,8.485,0,12,200
731,138560,97.54166685789824,0.14,8.335,0,10,200
732,138984,91.58333329111338,0.13,9.53,0,6,200
733,139696,103.00000010430813,0.050000000000000044,9.9,0,9,200
734,139704,96.41666676104069,0.09999999999999998,9.49,0,9,200
735,139792,75.54166666790843,0.16500000000000004,9.895,0,18,200
736,139816,87.24999981373549,0.17000000000000004,9.03,0,7,200
737,139960,93.54166646301746,0.135,8.575,0,16,200
738,140144,111.4583333209157,0.06499999999999995,8.585,0,8,200
739,140160,100.79166669026017,0.08499999999999996,9.265,0,10,200
740,140584,109.04166630655527,0.08499999999999996,8.275,0,10,200
741,141296,78.45833381637931,0.15500000000000003,10.265,0,10,200
742,141304,113.29166646301746,0.040000000000000036,9.085,0,6,200
743,141392,120.04166668280959,0.040000000000000036,8.335,0,5,200
744,141416,111.29166646674275,0.04500000000000004,9.145,0,7,200
745,141560,108.20833329483867,0.09999999999999998,8.075,0,9,200
746,141744,93.74999999627471,0.09999999999999998,9.63,0,12,200
747,141760,69.1666665263474,0.19999999999999996,10.42,0,8,200
748,142184,116.79166730493307,0.020000000000000018,8.965,0,9,200
749,142568,30.249999295920134,0.26530612244897955,8.53061224489796,1,11,147
750,142896,106.0833329744637,0.08999999999999997,8.21,0,15,200
751,142904,97.20833402499557,0.125,9.095,0,4,200
752,143016,104.79166719689965,0.05500000000000005,9.325,0,13,200
753,143160,110.3333332464099,0.06000000000000005,8.9,0,7,200
754,143344,124.16666668280959,0.015000000000000013,8.2,0,9,200
755,143360,106.33333285525441,0.040000000000000036,9.56,0,12,200
756,143784,80.25000013411045,0.16500000000000004,9.75,0,11,200
757,144168,111.99999941140413,0.040000000000000036,8.88,0,12,200
758,144496,114.54166650772095,0.06999999999999995,7.975,0,10,200
759,144504,117.66666658595204,0.05500000000000005,7.84,0,12,200
760,144616,100.04166696593165,0.06999999999999995,9.775,0,9,200
761,144760,104.00000005587935,0.07999999999999996,9.3,0,5,200
762,144944,105.0416668727994,0.040000000000000036,9.835,0,10,200
763,144960,105.54166665673256,0.06000000000000005,9.175,0,12,200
764,145384,100.66666628420353,0.08999999999999997,9.04,0,12,200
765,145768,120.79166665673256,0.04500000000000004,7.885,0,9,200
766,146096,111.33333325386047,0.08499999999999996,7.7,0,15,200
767,146104,110.74999989569187,0.04500000000000004,9.27,0,6,200
768,146216,87.75000021606684,0.15500000000000003,9.45,0,5,200
769,146360,72.58333334699273,0.19999999999999996,9.95,0,9,200
770,146544,107.6249996908009,0.050000000000000044,9.405,0,8,200
771,146560,49.41666658222675,0.26,10.87,0,16,200
772,146984,107.00000123307109,0.07999999999999996,8.7,0,9,200
773,147368,107.87500022351742,0.05500000000000005,9.255,0,8,200
774,147696,111.45833323150873,0.04500000000000004,8.765,0,13,200
775,147704,104.79166650027037,0.06999999999999995,9.325,0,7,200
776,147816,86.45833373814821,0.125,9.845,0,13,200
777,147960,104.33333354815841,0.09499999999999997,8.9,0,5,200
778,148144,116.4166663363576,0.07999999999999996,7.69,0,7,200
779,148160,89.58333273977041,0.17500000000000004,8.57,0,8,200
780,148584,79.62500051781535,0.14500000000000002,10.245,0,12,200
781,148968,124.04166638478637,0.04500000000000004,7.615,0,7,200
782,149296,88.87500020116568,0.135,9.615,0,8,200
783,149304,121.5416657589376,0.030000000000000027,8.095,0,10,200
784,149416,103.54166747257113,0.08499999999999996,8.695,0,14,200
785,149560,100.66666689887643,0.11499999999999999,8.62,0,9,200
786,149744,91.8333334736526,0.10499999999999998,9.86,0,10,200
787,149760,100.75000020489097,0.04500000000000004,10.29,0,9,200
788,150184,109.66666624322534,0.06499999999999995,8.8,0,8,200
789,150568,108.62500003352761,0.09499999999999997,8.085,0,10,200
790,150896,61.49999991431832,0.25,9.54,0,18,200
791,150904,67.83333362266421,0.20499999999999996,10.52,0,7,200
792,151016,118.2083330117166,0.010000000000000009,8.855,0,12,200
793,151160,93.95833362266421,0.09499999999999997,10.025,0,7,200
794,151344,93.54166626185179,0.10499999999999998,9.715,0,9,200
795,151360,100.49999967962503,0.07999999999999996,9.48,0,9,200
796,151784,107.83333333209157,0.06000000000000005,9.26,0,6,200
797,152168,86.12500001862645,0.15500000000000003,9.045,0,15,200
798,152496,92.12499943003058,0.15000000000000002,8.745,0,10,200
799,152504,66.62500008195639,0.21999999999999997,9.885,0,14,200
800,152616,106.74999960511923,0.07999999999999996,8.73,0,9,200
801,152760,99.04166620224714,0.11499999999999999,9.055,0,5,200
802,152944,115.04166616499424,0.050000000000000044,8.455,0,9,200
803,152960,116.41666628420353,0.015000000000000013,9.01,0,11,200
804,153384,128.20833376795053,0.0050000000000000044,7.955,0,9,200
805,153768,120.24999978393316,0.08499999999999996,6.87,0,11,200
806,154096,99.58333319425583,0.08499999999999996,9.47,0,9,200
807,154104,78.45833326131105,0.18999999999999995,9.425,0,10,200
808,154216,110.08333349227905,0.08499999999999996,8.57,0,3,200
809,154360,84.25000030174851,0.13,10.05,0,12,200
810,154544,106.24999987706542,0.06499999999999995,9.27,0,7,200
811,154560,75.0833335146308,0.16000000000000003,10.55,0,10,200
812,154984,97.0000000745058,0.11499999999999999,8.76,0,14,200
813,155368,128.29166664928198,0.040000000000000036,7.285,0,6,200
814,155696,91.29166680201888,0.09499999999999997,10.465,0,5,200
815,155704,107.25000011175871,0.08999999999999997,8.37,0,10,200
816,155816,94.66666664928198,0.09499999999999997,9.82,0,9,200
817,155960,122.1666668727994,0.015000000000000013,8.5,0,8,200
818,156144,90.37499962747097,0.10999999999999999,9.975,0,9,200
819,156160,102.00000064820051,0.08499999999999996,9.3,0,7,200
820,156584,88.750000230968,0.16000000000000003,9.15,0,6,200
821,156968,114.5833333954215,0.025000000000000022,9.35,0,5,200
822,157296,98.62499986588955,0.18500000000000005,7.365,0,6,200
823,157304,83.04166681692004,0.11499999999999999,10.375,0,15,200
824,157416,84.3750004209578,0.10999999999999999,10.815,0,7,200
825,157560,84.66666638851166,0.13,10.48,0,4,200
826,157744,92.45833351835608,0.09499999999999997,10.325,0,5,200
827,157760,113.50000027567148,0.03500000000000003,9.18,0,6,200
828,158184,77.37499985843897,0.15500000000000003,10.695,0,5,200
829,158568,48.16666664555669,0.30000000000000004,10.0,0,17,200
830,158896,108.37499988079071,0.030000000000000027,9.795,0,8,200
831,158904,94.499999538064,0.125,9.18,0,8,200
832,159016,99.91666639596224,0.06999999999999995,9.67,0,11,200
833,159160,116.70833367109299,0.040000000000000036,8.495,0,9,200
834,159344,115.83333315700293,0.050000000000000044,8.54,0,6,200
835,159360,112.08333276957273,0.06000000000000005,8.51,0,10,200
836,159784,103.24999991059303,0.06000000000000005,9.93,0,4,200
837,160168,107.91666746884584,0.06000000000000005,9.13,0,8,200
838,160496,104.99999940022826,0.10499999999999998,8.46,0,7,200
839,160504,113.124999884516,0.09499999999999997,7.785,0,6,200
840,160616,84.70833370089531,0.125,9.995,0,14,200
841,160760,71.12499962374568,0.235,8.865,0,16,200
842,160944,104.37500048056245,0.07999999999999996,9.255,0,5,200
843,160960,119.74999997019768,0.03500000000000003,8.43,0,6,200
844,161384,123.29166720062494,0.020000000000000018,8.365,0,6,200
845,161768,107.37500061839819,0.09499999999999997,8.355,0,8,200
846,162096,103.41666661575437,0.040000000000000036,9.91,0,12,200
847,162104,82.12500017881393,0.14,10.245,0,9,200
848,162216,84.25000012293458,0.16000000000000003,9.39,0,11,200
849,162360,102.00000011175871,0.08999999999999997,9.24,0,6,200
850,162544,99.37500045076013,0.09999999999999998,9.315,0,6,200
851,162560,97.70833345130086,0.11499999999999999,9.035,0,8,200
852,162984,74.50000005215406,0.17000000000000004,10.32,0,11,200
853,163368,92.45833404734731,0.125,9.545,0,6,200
854,163696,109.08333323150873,0.030000000000000027,9.77,0,7,200
855,163704,101.20833399891853,0.08499999999999996,9.635,0,3,200
856,163816,97.25000002235174,0.09999999999999998,9.33,0,10,200
857,163960,99.66666642948985,0.07499999999999996,9.64,0,10,200
858,164144,84.33333332836628,0.125,10.22,0,11,200
859,164160,109.70833322405815,0.04500000000000004,9.215,0,9,200
860,164584,109.04166692122817,0.05500000000000005,9.115,0,8,200
861,164968,103.37499933317304,0.06000000000000005,9.735,0,7,200
862,165296,81.9999995417893,0.18500000000000005,9.42,0,5,200
863,165304,91.87499988824129,0.12,9.495,0,10,200
864,165416,94.29166646674275,0.16000000000000003,8.245,0,10,200
865,165560,88.66666666418314,0.15000000000000002,9.16,0,10,200
866,165744,116.33333403617144,0.030000000000000027,8.78,0,9,200
867,165760,102.91666734963655,0.08999999999999997,8.95,0,9,200
868,166184,87.16666713729501,0.14,9.7,0,8,200
869,166568,110.41666688770056,0.06499999999999995,8.71,0,8,200
870,166896,79.41666666045785,0.21999999999999997,8.59,0,10,200
871,166904,82.7083341293037,0.20499999999999996,8.555,0,10,200
872,167016,99.95833284780383,0.07499999999999996,9.365,0,14,200
873,167160,112.9166667945683,0.03500000000000003,9.25,0,6,200
874,167344,98.50000006705523,0.125,8.88,0,5,200
875,167360,108.08333319798112,0.07499999999999996,8.69,0,9,200
876,167784,87.5416668690741,0.14,9.535,0,10,200
877,168168,111.83333429321647,0.040000000000000036,9.14,0,8,200
878,168496,78.24999982118607,0.14500000000000002,10.59,0,9,200
879,168504,109.91666500642896,0.06999999999999995,8.77,0,6,200
880,168616,127.7916664108634,0.04500000000000004,7.045,0,9,200
881,168760,94.4583326280117,0.14,8.705,0,10,200
882,168944,97.62500091269612,0.12,8.925,0,8,200
883,168960,102.91666646674275,0.06000000000000005,9.43,0,13,200
884,169384,110.20833250135183,0.06999999999999995,8.615,0,8,200
885,169768,116.5833339355886,0.06499999999999995,7.97,0,8,200
886,170096,120.2916666790843,0.03500000000000003,8.305,0,7,200
887,170104,50.24999997764826,0.30000000000000004,10.23,0,9,200
888,170216,110.91666672751307,0.04500000000000004,8.83,0,13,200
889,170360,94.25000017508864,0.08999999999999997,9.99,0,9,200
890,170544,106.87499924004078,0.06499999999999995,9.075,0,9,200
891,170560,105.91666565090418,0.07999999999999996,8.89,0,8,200
892,170984,103.7083333954215,0.07999999999999996,9.035,0,10,200
893,171056,15.749999970197678,0.17741935483870963,4.741935483870968,1,6,62
894,171368,107.83333317190409,0.07999999999999996,8.72,0,7,200
895,171696,83.70833300799131,0.17500000000000004,9.335,0,7,200
896,171704,114.08333349600434,0.03500000000000003,8.99,0,8,200
897,171816,90.16666644066572,0.17500000000000004,8.32,0,11,200
898,171960,84.54166634380817,0.17000000000000004,9.175,0,10,200
899,172144,117.08333292230964,0.030000000000000027,8.81,0,7,200
900,172584,107.33333341777325,0.050000000000000044,9.38,0,9,200
901,172656,109.70833403617144,0.06499999999999995,8.855,0,7,200
902,172968,112.75000039488077,0.08999999999999997,7.89,0,7,200
903,173296,97.91666685417295,0.06999999999999995,10.15,0,7,200
904,173304,107.62499998509884,0.07499999999999996,8.625,0,11,200
905,173416,102.5833336263895,0.08499999999999996,9.11,0,9,200
906,173560,126.49999875947833,0.030000000000000027,7.44,0,11,200
907,173744,72.16666690260172,0.22499999999999998,9.34,0,10,200
908,174184,111.50000020489097,0.07499999999999996,8.4,0,7,200
909,174256,104.16666742414236,0.08999999999999997,8.74,0,10,200
910,174568,124.87500085681677,0.040000000000000036,7.695,0,6,200
911,174896,120.99999947845936,0.020000000000000018,8.52,0,8,200
912,174904,123.25000075250864,0.020000000000000018,8.25,0,8,200
913,175016,111.66666639968753,0.050000000000000044,8.92,0,8,200
914,175160,102.6666668690741,0.06000000000000005,9.88,0,6,200
915,175344,107.25000085681677,0.06499999999999995,8.85,0,12,200
916,175784,101.54166667163372,0.07499999999999996,9.235,0,13,200
917,175856,114.58333348110318,0.03500000000000003,8.93,0,8,200
918,176168,111.24999998137355,0.06499999999999995,8.49,0,10,200
919,176496,98.7916662581265,0.08999999999999997,9.205,0,13,200
920,176504,115.08333346620202,0.05500000000000005,8.39,0,8,200
921,176616,69.2083332464099,0.20499999999999996,10.175,0,10,200
922,176760,131.1249988079071,0.015000000000000013,7.785,0,2,200
923,176944,107.29166711494327,0.040000000000000036,9.505,0,11,200
924,177384,80.0833332426846,0.17000000000000004,10.01,0,5,200
925,177456,115.33333353698254,0.020000000000000018,9.02,0,11,200
926,177768,80.9583325907588,0.16000000000000003,9.725,0,12,200
927,178096,76.87500021606684,0.17500000000000004,9.735,0,14,200
928,178104,91.62499966472387,0.15500000000000003,8.865,0,7,200
929,178216,91.12500010058284,0.12,9.765,0,7,200
930,178360,91.37499966472387,0.125,9.735,0,5,200
931,178544,83.83333322405815,0.14500000000000002,9.68,0,13,200
932,178984,78.7916667200625,0.20499999999999996,8.785,0,14,200
933,179056,74.08333338052034,0.21499999999999997,9.53,0,7,200
934,179368,104.70833332836628,0.125,7.655,0,13,200
935,179696,76.50000090152025,0.20999999999999996,9.18,0,10,200
936,179704,63.624999538064,0.255,9.585,0,11,200
937,179816,83.33333382755518,0.12,10.58,0,9,200
938,179960,97.70833326503634,0.08999999999999997,9.755,0,6,200
939,180144,118.91666766628623,0.03500000000000003,8.23,0,11,200
940,180584,97.91666680574417,0.09499999999999997,9.25,0,12,200
941,180656,110.12499989196658,0.04500000000000004,9.345,0,6,200
942,180968,90.2083330899477,0.14500000000000002,9.215,0,8,200
943,181296,89.12500034272671,0.16000000000000003,8.925,0,9,200
944,181304,114.58333309367299,0.030000000000000027,8.93,0,10,200
945,181416,92.37499993294477,0.12,9.615,0,7,200
946,181560,115.16666739806533,0.07499999999999996,8.02,0,6,200
947,181744,107.2916668318212,0.06999999999999995,8.725,0,12,200
948,182184,83.87499989196658,0.14500000000000002,10.095,0,6,200
949,182256,85.66666679829359,0.135,9.82,0,11,200
950,182568,99.16666674986482,0.07999999999999996,9.34,0,14,200
951,182896,103.33333354070783,0.08499999999999996,9.2,0,6,200
952,182904,101.29166604578495,0.10499999999999998,9.085,0,4,200
953,183016,80.75000033900142,0.18000000000000005,9.21,0,13,200
954,183160,110.04166645184159,0.06499999999999995,8.695,0,9,200
955,183344,114.45833367854357,0.03500000000000003,8.765,0,11,200
956,183784,105.16666647419333,0.08999999999999997,8.62,0,10,200
957,183856,108.12500106543303,0.09999999999999998,8.025,0,10,200
958,184168,54.5416658744216,0.27,10.675,0,5,200
959,184496,110.08333317562938,0.05500000000000005,8.99,0,8,200
960,184504,118.75000040605664,0.050000000000000044,8.07,0,8,200
961,184616,105.58333380147815,0.125,7.79,0,9,200
962,184760,105.16666666790843,0.07999999999999996,8.92,0,9,200
963,184944,107.37500023469329,0.07499999999999996,8.475,0,14,200
964,185384,112.45833380520344,0.010000000000000009,9.845,0,7,200
965,185456,64.33333311602473,0.235,9.98,0,11,200
966,185768,108.70833296328783,0.06999999999999995,8.735,0,9,200
967,186096,94.49999913945794,0.18500000000000005,7.92,0,5,200
968,186104,98.87500058859587,0.135,8.115,0,13,200
969,186216,92.04166659340262,0.12,9.175,0,15,200
970,186360,107.8333340100944,0.07999999999999996,8.84,0,5,200
971,186544,111.7083335146308,0.09999999999999998,7.715,0,8,200
972,186984,98.58333357423544,0.09999999999999998,9.53,0,4,200
973,187056,98.74999970942736,0.135,8.31,0,10,200
974,187368,95.20833344385028,0.135,8.435,0,15,200
975,187696,103.12499951571226,0.13,7.905,0,10,200
976,187704,60.00000028312206,0.275,9.72,0,8,200
977,187816,85.50000008940697,0.14500000000000002,9.6,0,11,200
978,187960,119.1249993480742,0.08499999999999996,7.005,0,11,200
979,188144,112.00000045448542,0.05500000000000005,8.7,0,9,200
980,188584,98.08333310484886,0.06499999999999995,9.89,0,13,200
981,188656,79.70833290740848,0.16000000000000003,9.935,0,11,200
982,188968,55.750000074505806,0.28500000000000003,10.05,0,7,200
983,189296,110.8333334736526,0.06499999999999995,8.72,0,7,200
984,189304,107.33333357051015,0.050000000000000044,9.14,0,13,200
985,189416,109.04166668653488,0.125,7.375,0,9,200
986,189560,107.9999995753169,0.09999999999999998,8.16,0,8,200
987,189744,61.62499997764826,0.26,9.645,0,12,200
988,190184,98.66666599735618,0.14500000000000002,8.26,0,7,200
989,190256,97.62500040605664,0.12,8.865,0,9,200
990,190568,125.04166659340262,0.025000000000000022,8.035,0,6,200
991,190896,94.74999976530671,0.125,8.79,0,14,200
992,190904,112.08333291113377,0.04500000000000004,8.99,0,8,200
993,191016,88.75000020489097,0.14,9.45,0,9,200
994,191160,87.2499996945262,0.15500000000000003,9.33,0,8,200
995,191344,109.83333372697234,0.09999999999999998,7.94,0,8,200
996,191784,89.04166695475578,0.14500000000000002,9.235,0,10,200
997,191856,129.33333333581686,0.010000000000000009,7.82,0,7,200
998,192168,114.37500051781535,0.04500000000000004,8.715,0,8,200
999,192496,118.62499917298555,0.040000000000000036,8.205,0,10,200
1000,192504,125.95833290368319,0.04500000000000004,7.505,0,5,200
1001,192616,130.54166634008288,0.015000000000000013,7.615,0,6,200
1002,192760,84.04166672378778,0.14,9.595,0,16,200
1003,192944,99.12499964237213,0.125,8.505,0,10,200
1004,193384,101.1250000782311,0.17000000000000004,7.245,0,9,200
1005,193456,98.66666663810611,0.08999999999999997,9.28,0,12,200
1006,193768,97.08333368599415,0.09499999999999997,9.59,0,8,200
1007,194096,99.45833346620202,0.06999999999999995,9.905,0,8,200
1008,194104,126.37500021979213,0.05500000000000005,7.275,0,4,200
1009,194216,111.91666735708714,0.040000000000000036,9.37,0,4,200
1010,194360,111.25000040605664,0.03500000000000003,9.39,0,7,200
1011,194544,118.83333390578628,0.06999999999999995,7.82,0,4,200
1012,194984,93.2499998100102,0.08999999999999997,10.05,0,10,200
1013,195056,100.12499905377626,0.13,8.325,0,9,200
1014,195368,106.16666775941849,0.09499999999999997,8.56,0,7,200
1015,195696,113.4583332426846,0.07999999999999996,8.045,0,7,200
1016,195704,89.87499987706542,0.15000000000000002,8.955,0,11,200
1017,195816,96.58333348110318,0.15500000000000003,8.03,0,11,200
1018,195960,102.87500021234155,0.06499999999999995,9.255,0,14,200
1019,196144,115.62500055506825,0.06000000000000005,8.085,0,10,200
1020,196584,117.62499995157123,0.025000000000000022,8.805,0,8,200
1021,196656,87.33333330973983,0.15000000000000002,9.32,0,10,200
1022,196968,82.41666599735618,0.20499999999999996,8.83,0,6,200
1023,197296,116.4166665263474,0.09499999999999997,7.27,0,8,200
1024,197304,122.66666606068611,0.040000000000000036,7.78,0,9,200
1025,197416,71.87500025331974,0.21999999999999997,9.615,0,8,200
1026,197560,116.75000020489097,0.05500000000000005,8.25,0,7,200
1027,197744,88.5000004246831,0.14500000000000002,9.6,0,5,200
1028,198184,117.04166679829359,0.025000000000000022,8.935,0,7,200
1029,198256,82.49999941885471,0.15500000000000003,9.6,0,13,200
1030,198568,121.62500111758709,0.06499999999999995,7.485,0,6,200
1031,198896,118.33333332464099,0.04500000000000004,8.12,0,10,200
1032,198904,110.91666711866856,0.06499999999999995,8.77,0,6,200
1033,199016,103.29166723787785,0.06499999999999995,9.685,0,6,200
1034,199160,112.41666743531823,0.040000000000000036,9.13,0,7,200
1035,199344,113.0416659861803,0.08499999999999996,7.915,0,8,200
1036,199784,115.79166628047824,0.05500000000000005,8.185,0,10,200
1037,199856,107.16666716337204,0.09499999999999997,8.5,0,6,200
1038,200168,110.58333287388086,0.09499999999999997,8.03,0,7,200
1039,200496,110.29166738316417,0.07499999999999996,8.305,0,11,200
1040,200504,93.833332054317,0.13,9.26,0,6,200
1041,200616,94.08333436772227,0.13,9.29,0,5,200
1042,200760,93.91666629910469,0.125,9.19,0,9,200
1043,200944,78.70833341777325,0.17000000000000004,9.935,0,9,200
1044,201384,112.37500119581819,0.050000000000000044,8.775,0,9,200
1045,201456,100.50000001862645,0.135,8.04,0,11,200
1046,201768,110.95833318680525,0.08499999999999996,8.345,0,5,200
1047,202096,121.79166590049863,0.04500000000000004,7.945,0,6,200
1048,202104,102.20833402872086,0.11499999999999999,8.735,0,4,200
1049,202216,91.95833379775286,0.17000000000000004,8.165,0,12,200
1050,202360,109.20833361148834,0.06999999999999995,8.675,0,9,200
1051,202544,113.29166681692004,0.07999999999999996,8.125,0,6,200
1052,202984,82.16666658595204,0.20999999999999996,8.5,0,10,200
1053,203056,120.83333238214254,0.030000000000000027,8.3,0,8,200
1054,203368,104.00000112131238,0.09499999999999997,8.64,0,10,200
1055,203696,117.3749995790422,0.030000000000000027,8.475,0,12,200
1056,203704,109.87500041350722,0.09999999999999998,8.055,0,6,200
1057,203816,98.83333312347531,0.11499999999999999,8.96,0,7,200
1058,203960,105.49999952688813,0.06999999999999995,9.3,0,6,200
1059,204144,126.5416674092412,0.040000000000000036,7.555,0,5,200
1060,204584,104.04166710749269,0.07499999999999996,9.295,0,7,200
1061,204656,131.45833446085453,0.015000000000000013,7.685,0,3,200
1062,204968,129.04166678711772,0.015000000000000013,7.675,0,8,200
1063,205296,116.50000032782555,0.040000000000000036,8.28,0,13,200
1064,205304,108.8749994598329,0.09999999999999998,8.175,0,6,200
1065,205416,114.33333360403776,0.04500000000000004,8.66,0,9,200
1066,205560,111.37500034272671,0.06999999999999995,8.595,0,6,200
1067,205744,121.41666743159294,0.020000000000000018,8.65,0,5,200
1068,206184,97.95833357051015,0.08499999999999996,9.785,0,7,200
1069,206256,76.12499935552478,0.19499999999999995,9.825,0,6,200
1070,206568,103.87500089779496,0.08999999999999997,8.715,0,11,200
1071,206896,119.95833291113377,0.050000000000000044,7.745,0,11,200
1072,206904,88.62500010803342,0.15000000000000002,9.225,0,9,200
1073,207016,88.25000064074993,0.125,9.69,0,12,200
1074,207160,116.66666677221656,0.04500000000000004,8.56,0,6,200
1075,207344,99.16666718572378,0.13,8.5,0,8,200
1076,207784,95.7083335109055,0.15000000000000002,8.315,0,10,200
1077,207856,115.79166572913527,0.040000000000000036,8.845,0,5,200
1078,208168,96.7083323225379,0.13,8.915,0,6,200
1079,208496,120.2500007301569,0.040000000000000036,8.37,0,4,200
1080,208504,83.62500020116568,0.19999999999999996,8.805,0,6,200
1081,208616,123.04166659712791,0.05500000000000005,7.735,0,3,200
1082,208760,102.70833384245634,0.11499999999999999,8.255,0,11,200
1083,208944,134.41666676849127,0.010000000000000009,7.45,0,3,200
1084,209384,88.45833263546228,0.11499999999999999,10.205,0,7,200
1085,209456,107.83333323895931,0.10499999999999998,8.06,0,8,200
1086,209768,78.62499997764826,0.17000000000000004,10.125,0,6,200
1087,210096,118.08333259820938,0.06000000000000005,7.97,0,7,200
1088,210104,126.12499938905239,0.04500000000000004,7.545,0,4,200
1089,210216,112.16666626185179,0.08499999999999996,8.2,0,5,200
1090,210360,120.29166708514094,0.050000000000000044,7.945,0,7,200
1091,210544,109.62500062212348,0.07499999999999996,8.865,0,3,200
1092,210984,98.04166667535901,0.10999999999999999,8.935,0,11,200
1093,211056,104.45833277702332,0.08499999999999996,8.765,0,11,200
1094,211368,100.58333364501595,0.13,8.27,0,9,200
1095,211696,118.6666661016643,0.06000000000000005,7.9,0,7,200
1096,211704,111.74999989196658,0.06499999999999995,8.67,0,6,200
1097,211816,109.08333421871066,0.06999999999999995,8.75,0,8,200
1098,211960,107.66666593402624,0.050000000000000044,9.58,0,5,200
1099,212144,90.7916668690741,0.14,9.205,0,9,200
1100,212584,105.24999902769923,0.06499999999999995,9.45,0,6,200
1101,212656,122.91666479408741,0.050000000000000044,7.69,0,6,200
1102,212968,97.16666740551591,0.135,8.44,0,11,200
1103,213296,103.87499975785613,0.11499999999999999,8.415,0,6,200
1104,213304,117.83333272859454,0.08499999999999996,7.52,0,5,200
1105,213416,121.20833336934447,0.06999999999999995,7.355,0,7,200
1106,213560,106.74999983236194,0.09999999999999998,8.25,0,9,200
1107,213744,99.54166658967733,0.10999999999999999,9.055,0,6,200
1108,214184,95.87499992921948,0.11499999999999999,9.015,0,12,200
1109,214256,108.00000033900142,0.06999999999999995,8.94,0,7,200
1110,214568,123.00000053271651,0.04500000000000004,7.68,0,8,200
1111,214896,113.8333328589797,0.06999999999999995,8.12,0,9,200
1112,214904,131.3749991506338,0.025000000000000022,7.275,0,6,200
1113,215016,107.33333299681544,0.06999999999999995,8.84,0,10,200
1114,215160,109.41666665673256,0.040000000000000036,9.67,0,4,200
1115,215344,106.833332631737,0.06999999999999995,8.9,0,10,200
1116,215784,103.33333306759596,0.10499999999999998,8.78,0,5,200
1117,215856,131.66666713356972,0.015000000000000013,7.66,0,3,200
1118,216168,94.70833355933428,0.09999999999999998,9.815,0,7,200
1119,216496,105.45833268389106,0.050000000000000044,9.845,0,5,200
1120,216504,123.5833336673677,0.025000000000000022,8.21,0,6,200
1121,216616,99.83333306387067,0.12,8.54,0,10,200
1122,216760,111.58333449065685,0.06999999999999995,8.45,0,8,200
1123,216944,81.54166704043746,0.15000000000000002,10.255,0,6,200
1124,217384,116.45833333954215,0.08499999999999996,7.205,0,13,200
1125,217456,90.04166678339243,0.17000000000000004,8.755,0,6,200
1126,217768,93.12500000745058,0.08499999999999996,10.365,0,7,200
1127,218096,80.58333376049995,0.07185628742514971,7.173652694610778,1,9,167
1128,218096,100.75000002980232,0.14500000000000002,8.19,0,4,200
1129,218104,101.70833417773247,0.09499999999999997,8.975,0,9,200
1130,218216,109.874999653548,0.050000000000000044,9.135,0,8,200
1131,218544,105.87499966472387,0.07499999999999996,8.895,0,10,200
1132,218984,108.37499979883432,0.09499999999999997,8.235,0,8,200
1133,219056,116.04166794940829,0.04500000000000004,8.575,0,7,200
1134,219368,122.62500011920929,0.020000000000000018,8.445,0,6,200
1135,219696,93.45833370089531,0.13,8.885,0,13,200
1136,219696,109.50000039860606,0.07999999999999996,8.34,0,10,200
1137,219704,107.45833360031247,0.050000000000000044,9.485,0,7,200
1138,219816,103.66666784510016,0.135,7.96,0,6,200
1139,220144,128.37499910220504,0.015000000000000013,7.815,0,7,200
1140,220584,115.75,0.050000000000000044,8.31,0,10,200
1141,220656,102.08333319425583,0.09999999999999998,8.81,0,9,200
1142,220968,96.16666628047824,0.18000000000000005,7.72,0,7,200
1143,221296,100.16666661202908,0.10499999999999998,8.62,0,14,200
1144,221296,101.12500085681677,0.08999999999999997,9.285,0,7,200
1145,221304,84.66666696220636,0.18999999999999995,8.86,0,7,200
1146,221416,106.50000114366412,0.07999999999999996,8.82,0,8,200
1147,221744,113.20833253860474,0.08999999999999997,7.895,0,6,200
1148,222184,111.62499977648258,0.08999999999999997,7.845,0,10,200
1149,222256,85.87499925494194,0.18999999999999995,8.475,0,11,200
1150,222568,99.83333340659738,0.13,8.6,0,5,200
1151,222896,113.45833443105221,0.06000000000000005,8.525,0,7,200
1152,222896,109.25000009313226,0.050000000000000044,9.21,0,8,200
1153,222904,116.74999943748116,0.050000000000000044,8.19,0,10,200
1154,223016,112.16666676104069,0.10999999999999999,7.66,0,4,200
1155,223344,112.08333354070783,0.04500000000000004,9.17,0,5,200
1156,223784,107.95833352953196,0.10499999999999998,8.105,0,7,200
1157,223856,102.70833399519324,0.08499999999999996,9.335,0,5,200
1158,224168,123.87500061839819,0.04500000000000004,7.695,0,6,200
1159,224496,101.2916671037674,0.125,8.245,0,10,200
1160,224496,67.66666666418314,0.25,9.52,0,6,200
1161,224504,93.08333400264382,0.14500000000000002,8.99,0,6,200
1162,224616,110.12499949336052,0.10499999999999998,8.085,0,3,200
1163,224944,112.9583327844739,0.07999999999999996,8.165,0,6,200
1164,225384,131.37499959394336,0.010000000000000009,7.575,0,7,200
1165,225456,112.70833232626319,0.06000000000000005,8.615,0,7,200
1166,225768,75.24999918788671,0.20499999999999996,9.69,0,6,200
1167,226096,129.583332285285,0.03500000000000003,7.37,0,4,200
1168,226096,106.66666605696082,0.08999999999999997,8.68,0,6,200
1169,226104,84.12500061839819,0.18000000000000005,9.045,0,9,200
1170,226216,96.7499998472631,0.11499999999999999,9.39,0,4,200
1171,226544,90.95833385363221,0.16000000000000003,8.585,0,11,200
1172,226984,98.124999769032,0.13,8.625,0,8,200
1173,227056,118.74999915063381,0.06000000000000005,8.01,0,5,200
1174,227368,85.41666676104069,0.17000000000000004,8.95,0,12,200
1175,227696,109.66666718944907,0.05500000000000005,9.34,0,3,200
1176,227696,112.41666697338223,0.06000000000000005,8.71,0,6,200
1177,227704,128.66666685417295,0.050000000000000044,7.06,0,5,200
1178,227816,117.79166715592146,0.05500000000000005,8.245,0,5,200
1179,228144,92.20833273977041,0.15500000000000003,8.795,0,7,200
1180,228584,114.70833401754498,0.08499999999999996,7.775,0,7,200
1181,228656,96.3749999217689,0.135,8.595,0,10,200
1182,228968,107.04166734218597,0.125,7.915,0,4,200
1183,229296,93.08333384245634,0.14500000000000002,9.11,0,4,200
1184,229296,104.95833387598395,0.08499999999999996,8.585,0,13,200
1185,229304,84.0833335891366,0.15000000000000002,9.59,0,12,200
1186,229416,92.58333357423544,0.125,9.47,0,7,200
1187,229744,104.5833335146308,0.12,7.79,0,13,200
1188,230184,101.20833300426602,0.09499999999999997,9.035,0,9,200
1189,230256,85.83333345875144,0.17000000000000004,9.32,0,5,200
1190,230568,111.41666578873992,0.08499999999999996,8.11,0,8,200
1191,230896,91.37499887868762,0.17500000000000004,8.235,0,10,200
1192,230896,108.25000063702464,0.13,7.47,0,7,200
1193,230904,82.25000042840838,0.19999999999999996,9.03,0,5,200
1194,231016,122.62500048428774,0.015000000000000013,8.565,0,6,200
1195,231344,117.66666765511036,0.05500000000000005,8.5,0,1,200
1196,231784,69.58333351835608,0.255,9.11,0,7,200
1197,231856,96.12500066682696,0.12,9.225,0,6,200
1198,232168,95.45833383873105,0.10499999999999998,9.185,0,14,200
1199,232496,65.29166707023978,0.25,9.625,0,9,200
1200,232496,108.66666579246521,0.08999999999999997,8.2,0,10,200
1201,232504,114.83333323150873,0.050000000000000044,8.72,0,5,200
1202,232616,128.20833208411932,0.025000000000000022,7.835,0,3,200
1203,232944,101.75000048428774,0.11499999999999999,8.73,0,5,200
1204,233384,91.75000109896064,0.19499999999999995,8.07,0,4,200
1205,233456,123.37500006705523,0.025000000000000022,8.235,0,6,200
1206,233768,116.58333303406835,0.05500000000000005,8.33,0,6,200
1207,234096,74.08333341777325,0.22499999999999998,9.29,0,7,200
1208,234096,125.79166657850146,0.010000000000000009,8.365,0,5,200
1209,234104,106.54166644066572,0.09499999999999997,8.455,0,8,200
1210,234216,87.41666733846068,0.17500000000000004,8.83,0,8,200
1211,234544,127.08333360776305,0.015000000000000013,8.09,0,5,200
1212,234984,76.87500094622374,0.20499999999999996,9.495,0,6,200
1213,235056,107.70833347737789,0.07999999999999996,8.975,0,3,200
1214,235368,117.41666704788804,0.06000000000000005,8.17,0,5,200
1215,235696,117.79166642948985,0.040000000000000036,8.425,0,8,200
1216,235696,111.3333330117166,0.08999999999999997,8.18,0,5,200
1217,235704,110.83333290740848,0.07499999999999996,8.66,0,4,200
1218,235816,115.83333423361182,0.08499999999999996,7.7,0,6,200
1219,236144,107.50000041723251,0.09499999999999997,8.58,0,4,200
1220,236584,81.0416667163372,0.21999999999999997,8.155,0,14,200
1221,236656,96.45833322778344,0.135,8.705,0,8,200
1222,236968,108.16666688770056,0.07499999999999996,8.92,0,5,200
1223,237296,95.29166556149721,0.11499999999999999,9.445,0,6,200
1224,237296,98.70833284780383,0.14500000000000002,8.375,0,5,200
1225,237304,100.41666653007269,0.08499999999999996,9.13,0,13,200
1226,237416,106.99999983981252,0.07999999999999996,8.64,0,10,200
1227,237744,112.70833344385028,0.05500000000000005,8.915,0,4,200
1228,238184,103.54166661947966,0.11499999999999999,8.635,0,3,200
1229,238256,115.91666705161333,0.05500000000000005,8.23,0,9,200
1230,238568,85.16666645929217,0.17500000000000004,9.22,0,6,200
1231,238896,124.99999993667006,0.03500000000000003,7.86,0,5,200
1232,238896,103.33333382382989,0.08999999999999997,9.02,0,7,200
1233,238904,78.08333387225866,0.21499999999999997,9.11,0,6,200
1234,239016,104.08333376795053,0.09499999999999997,8.69,0,9,200
1235,239344,125.08333414420485,0.040000000000000036,7.73,0,5,200
1236,239784,129.66666688024998,0.040000000000000036,7.36,0,2,200
1237,239856,99.25000036507845,0.09999999999999998,9.33,0,6,200
1238,240168,98.87500083073974,0.16500000000000004,7.755,0,7,200
1239,240496,89.12499897927046,0.18000000000000005,8.625,0,6,200
1240,240496,105.12499916180968,0.08999999999999997,8.865,0,6,200
1241,240504,129.20833333581686,0.050000000000000044,6.995,0,5,200
1242,240616,108.33333220332861,0.07499999999999996,8.72,0,8,200
1243,240944,109.20833381637931,0.08999999999999997,8.375,0,6,200
1244,241384,64.83333313837647,0.25,9.74,0,8,200
1245,241456,119.99999969825149,0.04500000000000004,8.04,0,8,200
1246,241768,102.5833333954215,0.13,7.97,0,10,200
1247,242096,106.70833317190409,0.09999999999999998,8.135,0,11,200
1248,242096,96.91666681692004,0.12,9.13,0,6,200
1249,242104,105.29166589304805,0.10999999999999999,8.425,0,5,200
1250,242216,88.04166641458869,0.18000000000000005,8.935,0,3,200
1251,242544,117.08333229646087,0.06999999999999995,7.79,0,8,200
1252,242984,115.04166690632701,0.04500000000000004,8.755,0,6,200
1253,243056,122.87499883025885,0.08499999999999996,6.615,0,10,200
1254,243368,77.74999925866723,0.19999999999999996,9.69,0,3,200
1255,243696,114.04166777059436,0.08999999999999997,7.555,0,10,200
1256,243696,111.24999958276749,0.09999999999999998,7.89,0,6,200
1257,243704,105.66666653007269,0.06999999999999995,9.1,0,9,200
1258,243816,116.99999939277768,0.06999999999999995,7.8,0,8,200
1259,244144,116.45833353325725,0.07499999999999996,7.865,0,6,200
1260,244584,118.45833280682564,0.03500000000000003,8.645,0,5,200
1261,244656,112.04166722297668,0.06999999999999995,8.515,0,6,200
1262,244968,118.54166601598263,0.050000000000000044,7.975,0,10,200
1263,245296,122.37499959394336,0.05500000000000005,7.575,0,7,200
1264,245296,101.83333322033286,0.07999999999999996,9.26,0,10,200
1265,245304,111.29166664928198,0.07499999999999996,8.245,0,10,200
1266,245416,126.00000068545341,0.040000000000000036,7.74,0,3,200
1267,245744,108.87500058487058,0.125,7.395,0,9,200
1268,246184,106.58333389088511,0.10499999999999998,8.45,0,4,200
1269,246256,81.08333342894912,0.20999999999999996,8.93,0,5,200
1270,246568,103.04166746139526,0.10999999999999999,8.515,0,8,200
1271,246896,102.87500029802322,0.09499999999999997,8.895,0,8,200
1272,246896,121.50000099465251,0.03500000000000003,7.98,0,10,200
1273,246904,129.8750001937151,0.030000000000000027,7.335,0,6,200
1274,247016,92.12499989941716,0.16000000000000003,8.745,0,6,200
1275,247344,127.12499915063381,0.050000000000000044,7.365,0,3,200
1276,247784,122.74999841675162,0.040000000000000036,7.95,0,6,200
1277,247856,133.16666858643293,0.0050000000000000044,7.48,0,7,200
1278,248168,119.74999867379665,0.06000000000000005,7.83,0,6,200
1279,248496,104.87500059604645,0.07499999999999996,9.075,0,9,200
1280,248496,119.75000047311187,0.06000000000000005,7.95,0,4,200
1281,248504,111.08333322778344,0.10499999999999998,7.67,0,8,200
1282,248616,118.79166611284018,0.06499999999999995,7.705,0,8,200
1283,248944,108.04166726768017,0.09999999999999998,8.455,0,3,200
1284,249384,99.58333369344473,0.15500000000000003,7.91,0,7,200
1285,249456,111.12499939277768,0.08999999999999997,7.905,0,10,200
1286,249768,117.58333341404796,0.07999999999999996,7.73,0,4,200
1287,250096,106.91666682064533,0.10499999999999998,8.05,0,10,200
1288,250096,133.2083341293037,0.010000000000000009,7.355,0,7,200
1289,250104,120.70833269879222,0.05500000000000005,7.835,0,6,200
1290,250216,106.91666685789824,0.13,7.63,0,7,200
1291,250544,100.50000058487058,0.10499999999999998,9.06,0,6,200
1292,250984,115.41666659340262,0.07999999999999996,7.93,0,5,200
1293,251056,95.20833411812782,0.13,8.855,0,10,200
1294,251368,93.54166654497385,0.13,8.995,0,11,200
1295,251696,117.45833356678486,0.06000000000000005,7.985,0,8,200
1296,251696,123.95833375677466,0.05500000000000005,7.325,0,8,200
1297,251704,45.49999962374568,0.32499999999999996,10.02,0,12,200
1298,251816,97.37500014156103,0.125,8.595,0,12,200
1299,252144,98.66666505485773,0.14500000000000002,8.38,0,5,200
1300,252584,128.58333215862513,0.03500000000000003,7.13,0,10,200
1301,252656,93.29166755080223,0.125,9.565,0,4,200
1302,252968,110.33333269879222,0.08499999999999996,8.0,0,12,200
1303,253296,110.58333273231983,0.09499999999999997,8.21,0,4,200
1304,253296,98.29166644066572,0.125,8.725,0,8,200
1305,253304,100.29166621342301,0.11499999999999999,8.845,0,6,200
1306,253416,80.66666664555669,0.20999999999999996,8.68,0,10,200
1307,253744,122.16666650399566,0.05500000000000005,7.48,0,9,200
1308,254184,103.95833506807685,0.09999999999999998,8.825,0,5,200
1309,254256,107.16666682809591,0.07499999999999996,8.92,0,7,200
1310,254568,104.24999843910336,0.10499999999999998,8.31,0,11,200
1311,254896,116.12499996647239,0.06999999999999995,7.965,0,7,200
1312,254896,76.79166634753346,0.21499999999999997,9.145,0,8,200
1313,254904,129.12500047683716,0.020000000000000018,7.725,0,5,200
1314,255016,93.45833352580667,0.14,9.065,0,6,200
1315,255344,54.87499921768904,0.345,8.715,0,7,200
1316,255784,120.04166718199849,0.04500000000000004,8.095,0,7,200
1317,255856,79.04166659340262,0.21499999999999997,8.875,0,8,200
1318,256168,95.45833222568035,0.13,8.705,0,12,200
1319,256496,112.70833496749401,0.030000000000000027,9.455,0,5,200
1320,256496,117.58333338797092,0.07499999999999996,7.79,0,5,200
1321,256504,118.66666593402624,0.06999999999999995,7.72,0,6,200
1322,256616,111.12499947473407,0.07499999999999996,8.385,0,8,200
1323,256944,123.62499944120646,0.040000000000000036,7.665,0,9,200
1324,257384,125.58333425596356,0.040000000000000036,7.67,0,5,200
1325,257456,99.87499956041574,0.10999999999999999,8.715,0,11,200
1326,257768,124.62499880418181,0.030000000000000027,7.905,0,7,200
1327,258096,94.41666638851166,0.13,9.19,0,6,200
1328,258096,108.08333320170641,0.135,7.43,0,6,200
1329,258104,122.3333320915699,0.06999999999999995,7.28,0,6,200
1330,258216,101.12500047311187,0.08999999999999997,9.165,0,9,200
1331,258544,112.50000024959445,0.11499999999999999,7.38,0,6,200
1332,258984,108.87500021234155,0.08499999999999996,8.535,0,6,200
1333,259056,121.12500033900142,0.05500000000000005,7.845,0,5,200
1334,259368,118.29166597872972,0.040000000000000036,8.245,0,10,200
1335,259696,96.9583330899477,0.15000000000000002,8.045,0,12,200
1336,259696,107.70833387598395,0.09999999999999998,8.135,0,9,200
1337,259704,128.95833327248693,0.03500000000000003,7.205,0,8,200
1338,259816,119.33333295211196,0.04500000000000004,8.36,0,4,200
1339,260144,113.95833335071802,0.09999999999999998,7.385,0,9,200
1340,260584,102.70833369344473,0.14,7.895,0,7,200
1341,260656,106.9583331272006,0.08999999999999997,8.465,0,9,200
1342,260968,83.79166626185179,0.15500000000000003,9.865,0,6,200
1343,261296,114.33333413302898,0.06499999999999995,8.6,0,2,200
1344,261296,104.04166682809591,0.09999999999999998,8.335,0,13,200
1345,261304,107.12499970942736,0.10999999999999999,7.965,0,9,200
1346,261416,110.41666737943888,0.05500000000000005,9.13,0,5,200
1347,261744,118.33333203569055,0.040000000000000036,8.48,0,6,200
1348,262184,95.8333333581686,0.14500000000000002,8.36,0,11,200
1349,262256,100.58333269506693,0.10999999999999999,8.51,0,13,200
1350,262568,97.2083337046206,0.12,8.975,0,8,200
1351,262896,84.25000008195639,0.19999999999999996,8.61,0,8,200
1352,262896,93.37499929964542,0.14500000000000002,8.655,0,11,200
1353,262904,120.91666593030095,0.07499999999999996,7.33,0,6,200
1354,263016,92.41666629910469,0.17000000000000004,8.23,0,10,200
1355,263344,104.66666671261191,0.11499999999999999,8.26,0,7,200
1356,263784,85.70833326503634,0.18999999999999995,8.555,0,10,200
1357,263856,92.20833333954215,0.14,9.035,0,9,200
1358,264168,95.70833269134164,0.125,9.035,0,8,200
1359,264496,109.45833331719041,0.06499999999999995,8.585,0,12,200
1360,264496,119.33333329483867,0.06499999999999995,7.64,0,8,200
1361,264504,96.7083331644535,0.08999999999999997,9.815,0,7,200
1362,264616,100.87499937787652,0.14,8.175,0,6,200
1363,264944,95.87500073388219,0.125,9.015,0,8,200
1364,265384,113.00000091269612,0.10499999999999998,7.32,0,10,200
1365,265456,112.875001039356,0.06999999999999995,8.235,0,9,200
1366,265768,81.16666726395488,0.18999999999999995,8.98,0,12,200
1367,266096,102.33333185687661,0.14,7.94,0,7,200
1368,266096,64.79166709259152,0.25,9.625,0,10,200
1369,266104,131.0416675619781,0.03500000000000003,7.135,0,5,200
1370,266216,113.33333410322666,0.03500000000000003,8.78,0,13,200
1371,266544,104.1249999627471,0.10999999999999999,8.145,0,12,200
1372,266984,93.70833357051015,0.17500000000000004,7.835,0,12,200
1373,267056,95.95833332464099,0.135,8.645,0,10,200
1374,267368,117.7916666045785,0.06999999999999995,7.585,0,10,200
1375,267696,69.583332747221,0.245,9.23,0,9,200
1376,267696,93.4166672155261,0.16000000000000003,8.59,0,6,200
1377,267704,103.83333363756537,0.11499999999999999,8.42,0,6,200
1378,267816,118.70833368599415,0.05500000000000005,7.955,0,8,200
1379,268144,102.08333460241556,0.12,8.27,0,10,200
1380,268584,123.8750003091991,0.05500000000000005,7.575,0,4,200
1381,268656,114.95833270996809,0.06499999999999995,7.985,0,11,200
1382,268968,134.87500005960464,0.020000000000000018,7.095,0,4,200
1383,269296,94.37500030174851,0.125,9.015,0,11,200
1384,269296,91.58333369344473,0.14,9.05,0,10,200
1385,269304,114.45833348482847,0.07499999999999996,7.925,0,9,200
1386,269416,101.4583332464099,0.14,8.045,0,7,200
1387,269744,104.99999984353781,0.10499999999999998,8.34,0,9,200
1388,270184,120.99999847635627,0.025000000000000022,8.4,0,8,200
1389,270256,62.99999985098839,0.275,9.24,0,10,200
1390,270568,106.54166666045785,0.06999999999999995,8.755,0,13,200
1391,270896,126.79166806861758,0.0050000000000000044,8.365,0,5,200
1392,270896,110.91666550561786,0.08499999999999996,8.41,0,4,200
1393,270904,83.45833327621222,0.17500000000000004,8.885,0,15,200
1394,271016,106.95833336189389,0.08499999999999996,8.465,0,11,200
1395,271344,108.08333465084434,0.07999999999999996,8.63,0,8,200
1396,271784,87.87499964982271,0.15000000000000002,9.375,0,8,200
1397,271856,114.958332285285,0.08499999999999996,7.985,0,3,200
1398,272168,115.58333268016577,0.050000000000000044,8.57,0,6,200
1399,272496,74.29166673496366,0.27,8.305,0,5,200
1400,272496,104.87500094622374,0.09999999999999998,8.655,0,6,200
1401,272504,101.95833371579647,0.14500000000000002,7.625,0,11,200
1402,272616,99.62500084936619,0.10499999999999998,8.925,0,10,200
1403,272944,116.16666654497385,0.06999999999999995,8.02,0,6,200
1404,273384,111.12500032410026,0.06999999999999995,8.385,0,10,200
1405,273456,105.29166647046804,0.09999999999999998,8.065,0,15,200
1406,273768,134.37499814853072,0.010000000000000009,7.335,0,5,200
1407,274096,105.08333352208138,0.125,7.73,0,11,200
1408,274096,109.45833390578628,0.07499999999999996,8.585,0,8,200
1409,274104,101.95833318307996,0.125,8.045,0,12,200
1410,274216,120.99999998137355,0.020000000000000018,8.16,0,14,200
1411,274544,105.54166712611914,0.06000000000000005,9.415,0,8,200
1412,274984,116.12499983236194,0.08499999999999996,7.605,0,7,200
1413,275056,119.4999998472631,0.040000000000000036,8.28,0,7,200
1414,275368,71.24999921768904,0.22999999999999998,9.69,0,4,200
1415,275696,129.99999960511923,0.030000000000000027,7.32,0,6,200
1416,275696,126.74999984353781,0.040000000000000036,7.29,0,9,200
1417,275704,126.99999801814556,0.06000000000000005,7.14,0,3,200
1418,275816,114.79166654497385,0.06999999999999995,8.005,0,9,200
1419,276144,94.41666570305824,0.17500000000000004,8.35,0,2,200
1420,276584,117.62499806657434,0.03500000000000003,8.625,0,7,200
1421,276656,119.29166758805513,0.050000000000000044,7.945,0,9,200
1422,276968,110.8750008828938,0.06000000000000005,8.535,0,12,200
1423,277296,82.3333330899477,0.15000000000000002,9.74,0,13,200
1424,277296,70.37500062957406,0.275,8.595,0,6,200
1425,277304,43.45833342149854,0.345,10.085,0,7,200
1426,277416,109.37500064074993,0.05500000000000005,9.075,0,8,200
1427,277744,96.29166653007269,0.15000000000000002,8.545,0,5,200
1428,278184,87.12499955296516,0.18500000000000005,8.685,0,7,200
1429,278256,90.54166629165411,0.16500000000000004,8.695,0,8,200
1430,278568,123.29166541993618,0.025000000000000022,8.245,0,6,200
1431,278896,128.04166543111205,0.020000000000000018,7.855,0,5,200
1432,278896,93.37499962002039,0.15500000000000003,8.655,0,7,200
1433,278904,104.75000026077032,0.12,8.31,0,4,200
1434,279016,89.41666663438082,0.15000000000000002,8.95,0,12,200
1435,279344,120.54166464135051,0.07499999999999996,7.375,0,6,200
1436,279784,101.4166666790843,0.14,8.05,0,7,200
1437,279856,100.5833331681788,0.16500000000000004,7.67,0,5,200
1438,280168,120.95833415910602,0.06499999999999995,7.385,0,9,200
1439,280496,103.45833387225866,0.07999999999999996,9.005,0,11,200
1440,280496,100.25000039860606,0.09999999999999998,8.97,0,10,200
1441,280504,121.25000071153045,0.050000000000000044,7.71,0,9,200
1442,280616,87.04166696593165,0.17500000000000004,8.755,0,10,200
1443,280944,87.50000026077032,0.16500000000000004,9.12,0,7,200
1444,281384,124.2916655652225,0.025000000000000022,8.005,0,8,200
1445,281456,103.9999988116324,0.12,8.22,0,7,200
1446,281768,104.04166718572378,0.07499999999999996,8.995,0,12,200
1447,282096,103.20833415165544,0.08999999999999997,8.915,0,9,200
1448,282096,69.04166603088379,0.28,8.335,0,11,200
1449,282104,121.95833186432719,0.040000000000000036,7.985,0,7,200
1450,282216,113.91666682064533,0.06999999999999995,8.29,0,6,200
1451,282544,110.70833329111338,0.040000000000000036,9.335,0,7,200
1452,282984,106.62500040978193,0.06999999999999995,8.865,0,11,200
1453,283056,131.29166626930237,0.025000000000000022,7.285,0,6,200
1454,283368,92.04166577383876,0.16000000000000003,8.575,0,9,200
1455,283696,89.083332516253,0.135,9.41,0,11,200
1456,283696,101.62499990686774,0.13,8.445,0,4,200
1457,283704,105.87500089406967,0.125,7.515,0,13,200
1458,283816,114.45833394676447,0.08499999999999996,7.805,0,7,200
1459,284144,127.16666739806533,0.07499999999999996,6.64,0,5,200
1460,284584,112.45833279192448,0.06000000000000005,8.585,0,8,200
1461,284656,114.08333384990692,0.030000000000000027,8.87,0,12,200
1462,284968,69.12499938160181,0.245,9.105,0,12,200
1463,285296,105.20833484455943,0.14500000000000002,7.595,0,5,200
1464,285296,108.12499985471368,0.04500000000000004,9.225,0,12,200
1465,285304,100.66666689515114,0.09499999999999997,9.16,0,8,200
1466,285416,97.20833360031247,0.13,8.795,0,7,200
1467,285744,123.2499988488853,0.05500000000000005,7.71,0,3,200
1468,286184,116.41666581109166,0.05500000000000005,8.23,0,8,200
1469,286256,101.66666714847088,0.08999999999999997,9.04,0,10,200
1470,286568,102.04166596010327,0.10999999999999999,8.635,0,8,200
1471,286896,86.04166689515114,0.18000000000000005,8.755,0,10,200
1472,286896,87.37500005960464,0.16500000000000004,8.775,0,13,200
1473,286904,106.08333304151893,0.09999999999999998,8.51,0,6,200
1474,287016,61.125000573694706,0.29500000000000004,9.105,0,8,200
1475,287344,97.99999914318323,0.15000000000000002,8.22,0,7,200
1476,287784,125.62499979138374,0.020000000000000018,8.025,0,7,200
1477,287856,106.33333460614085,0.08499999999999996,8.84,0,6,200
1478,288168,99.08333425596356,0.11499999999999999,8.75,0,10,200
1479,288496,113.3750000745058,0.06499999999999995,8.355,0,8,200
1480,288496,126.2083341293037,0.06499999999999995,6.995,0,5,200
1481,288504,124.33333251997828,0.05500000000000005,7.34,0,7,200
1482,288616,110.33333341032267,0.08499999999999996,8.36,0,6,200
1483,288944,126.00000048056245,0.040000000000000036,7.32,0,10,200
1484,289384,124.70833343267441,0.025000000000000022,7.895,0,9,200
1485,289456,127.50000102072954,0.025000000000000022,7.8,0,5,200
1486,289768,85.33333434909582,0.17500000000000004,9.2,0,6,200
1487,290096,108.75000146403909,0.09999999999999998,7.95,0,10,200
1488,290096,86.24999968707561,0.15500000000000003,9.39,0,9,200
1489,290104,108.29166532307863,0.08999999999999997,8.425,0,7,200
1490,290216,108.74999967962503,0.07999999999999996,8.37,0,11,200
1491,290544,120.1250007301569,0.04500000000000004,7.965,0,9,200
1492,290984,103.24999987334013,0.06499999999999995,9.27,0,13,200
1493,291056,123.49999907240272,0.03500000000000003,8.04,0,5,200
1494,291368,70.25000089406967,0.21499999999999997,9.57,0,14,200
1495,291696,105.24999890848994,0.07999999999999996,8.91,0,9,200
1496,291696,102.1666659489274,0.10999999999999999,8.02,0,18,200
1497,291704,92.08333331719041,0.15000000000000002,8.75,0,10,200
1498,291816,130.62500032782555,0.030000000000000027,7.305,0,5,200
1499,292144,114.79166636243463,0.06000000000000005,8.245,0,9,200
1500,292584,117.74999929964542,0.08499999999999996,7.53,0,5,200
1501,292656,113.99999948963523,0.050000000000000044,8.4,0,12,200
1502,292968,124.9583324752748,0.050000000000000044,7.565,0,4,200
1503,293296,110.2916668318212,0.12,7.465,0,7,200
1504,293296,121.37499909847975,0.050000000000000044,7.755,0,8,200
1505,293304,103.87500006705523,0.09999999999999998,8.775,0,6,200
1506,293416,67.83333383500576,0.20999999999999996,10.04,0,13,200
1507,293744,104.7916671782732,0.10499999999999998,8.545,0,6,200
1508,294184,104.62500029057264,0.12,8.085,0,8,200
1509,294256,130.79166680574417,0.010000000000000009,7.585,0,8,200
1510,294568,90.79166584089398,0.16500000000000004,8.785,0,6,200
1511,294896,84.20833315327764,0.20999999999999996,8.495,0,6,200
1512,294896,91.66666728258133,0.135,8.92,0,14,200
1513,294904,93.5416661016643,0.15500000000000003,8.455,0,10,200
1514,295016,122.70833227783442,0.05500000000000005,7.595,0,6,200
1515,295344,113.24999998882413,0.10499999999999998,7.41,0,8,200
1516,295784,103.58333364129066,0.10499999999999998,8.63,0,7,200
1517,295856,70.16666653752327,0.235,9.34,0,10,200
1518,296168,103.70833327248693,0.09499999999999997,8.855,0,7,200
1519,296496,97.50000077486038,0.11499999999999999,8.82,0,12,200
1520,296496,90.08333204314113,0.17500000000000004,8.51,0,8,200
1521,296504,114.74999998509884,0.07499999999999996,7.65,0,13,200
1522,296616,87.08333342522383,0.17500000000000004,8.75,0,10,200
1523,296944,81.74999943375587,0.17000000000000004,9.51,0,10,200
1524,297384,102.45833323895931,0.050000000000000044,9.485,0,17,200
1525,297456,123.041667483747,0.050000000000000044,7.615,0,7,200
1526,297768,105.91666749119759,0.12,7.87,0,9,200
1527,298096,103.20833383873105,0.09999999999999998,8.735,0,8,200
1528,298096,105.00000003352761,0.09999999999999998,8.34,0,11,200
1529,298104,118.08333417400718,0.03500000000000003,8.57,0,7,200
1530,298216,111.91666808351874,0.10499999999999998,7.69,0,6,200
1531,298544,120.16666702926159,0.050000000000000044,7.48,0,15,200
1532,298984,99.3333337046206,0.09999999999999998,9.2,0,8,200
1533,299056,120.91666549816728,0.06999999999999995,7.45,0,6,200
1534,299368,120.75000037625432,0.07999999999999996,7.17,0,7,200
1535,299696,115.70833348855376,0.04500000000000004,8.495,0,9,200
1536,299696,138.20833258330822,0.015000000000000013,6.935,0,2,200
1537,299704,106.20833320915699,0.08499999999999996,8.675,0,9,200
1538,299816,120.20833269506693,0.06499999999999995,7.595,0,7,200
1539,300144,87.4166658706963,0.15500000000000003,9.25,0,9,200
1540,300584,124.87500020116568,0.020000000000000018,8.295,0,4,200
1541,300656,106.0833342783153,0.08999999999999997,8.81,0,5,200
1542,300968,110.25000011920929,0.08999999999999997,8.43,0,3,200
1543,301296,98.41666767001152,0.135,8.29,0,11,200
1544,301296,103.04166620969772,0.07499999999999996,9.235,0,10,200
1545,301304,74.0000005401671,0.21999999999999997,9.6,0,4,200
1546,301416,113.8333332426846,0.07999999999999996,7.88,0,9,200
1547,301744,113.8750004582107,0.06999999999999995,8.235,0,7,200
1548,302184,104.83333254978061,0.09499999999999997,8.9,0,4,200
1549,302256,116.62499889731407,0.03500000000000003,8.925,0,4,200
1550,302568,115.79166756942868,0.09999999999999998,7.465,0,4,200
1551,302896,79.74999987706542,0.21999999999999997,8.85,0,5,200
1552,302896,102.12499921768904,0.135,8.025,0,8,200
1553,302904,104.29166679829359,0.10999999999999999,8.065,0,13,200
1554,303016,112.0416668727994,0.11499999999999999,7.495,0,5,200
1555,303344,125.66666830703616,0.05500000000000005,7.18,0,7,200
1556,303784,101.7916673347354,0.13,7.945,0,12,200
1557,303856,61.16666789725423,0.29000000000000004,9.34,0,6,200
1558,304168,79.20833349600434,0.20499999999999996,8.975,0,10,200
1559,304496,101.45833371579647,0.12,8.285,0,11,200
1560,304496,126.20833335444331,0.03500000000000003,7.655,0,6,200
1561,304504,115.87500075623393,0.050000000000000044,8.595,0,5,200
1562,304616,118.00000051781535,0.06499999999999995,7.92,0,6,200
1563,304944,86.29166718944907,0.18000000000000005,8.725,0,10,200
1564,305384,83.95833291485906,0.18000000000000005,9.065,0,9,200
1565,305456,64.70833298936486,0.27,9.515,0,4,200
1566,305768,99.70833400636911,0.12,8.855,0,5,200
1567,306096,111.70833231508732,0.06000000000000005,8.615,0,9,200
1568,306096,110.45833395048976,0.05500000000000005,8.885,0,9,200
1569,306104,120.6666657961905,0.03500000000000003,8.08,0,10,200
1570,306216,97.62500059604645,0.15500000000000003,8.145,0,7,200
1571,306544,118.0000002682209,0.050000000000000044,8.22,0,7,200
1572,306984,114.79166822135448,0.06000000000000005,8.605,0,3,200
1573,307056,103.41666508466005,0.07999999999999996,9.31,0,6,200
1574,307368,128.20833190530539,0.04500000000000004,7.235,0,5,200
1575,307696,91.54166638478637,0.16500000000000004,8.755,0,5,200
1576,307696,90.54166726022959,0.14,9.175,0,10,200
1577,307704,112.24999940767884,0.07499999999999996,8.37,0,6,200
1578,307816,92.66666690632701,0.14,8.8,0,12,200
1579,308144,93.62499893829226,0.15000000000000002,8.565,0,10,200
1580,308584,94.8749999627471,0.15000000000000002,8.595,0,7,200
1581,308656,116.37499937042594,0.015000000000000013,9.015,0,11,200
1582,308968,54.7499993480742,0.29000000000000004,10.05,0,7,200
1583,309296,111.9166675619781,0.05500000000000005,8.71,0,9,200
1584,309296,77.41666721180081,0.21999999999999997,8.89,0,9,200
1585,309304,118.37500044703484,0.07499999999999996,7.335,0,11,200
1586,309416,116.04166615009308,0.08499999999999996,7.255,0,13,200
1587,309744,131.70833364129066,0.010000000000000009,7.775,0,3,200
1588,310184,114.04166556149721,0.07499999999999996,8.155,0,6,200
1589,310256,104.12499989941716,0.08499999999999996,8.925,0,9,200
1590,310568,104.12500014156103,0.14,7.725,0,7,200
1591,310896,110.50000215694308,0.10999999999999999,7.68,0,7,200
1592,310896,100.62500028312206,0.08999999999999997,8.925,0,14,200
1593,310904,122.04166517406702,0.06000000000000005,7.495,0,7,200
1594,311016,107.29166658222675,0.06499999999999995,8.785,0,13,200
1595,311344,120.99999950453639,0.04500000000000004,7.92,0,8,200
1596,311784,80.62499989569187,0.19499999999999995,8.985,0,11,200
1597,311856,114.49999947100878,0.06999999999999995,8.1,0,8,200
1598,312168,117.2916669882834,0.06999999999999995,7.825,0,7,200
1599,312496,110.50000055134296,0.125,7.32,0,7,200
1600,312496,92.62500010803342,0.125,9.285,0,10,200
1601,312504,128.87500008568168,0.015000000000000013,7.815,0,6,200
1602,312616,125.70833227038383,0.015000000000000013,8.255,0,5,200
1603,312944,106.54166720435023,0.11499999999999999,7.915,0,9,200
1604,313384,106.54166682064533,0.07499999999999996,8.995,0,7,200
1605,313456,113.9166672565043,0.05500000000000005,8.53,0,8,200
1606,313768,88.45833285525441,0.15500000000000003,8.885,0,13,200
1607,314096,67.5416666045785,0.25,9.115,0,13,200
1608,314096,92.41666630282998,0.18000000000000005,7.99,0,10,200
1609,314104,112.04166597127914,0.06499999999999995,8.395,0,10,200
1610,314216,84.95833318680525,0.19999999999999996,8.645,0,6,200
1611,314544,102.20833348482847,0.09999999999999998,8.315,0,17,200
1612,314984,104.00000119954348,0.10499999999999998,8.28,0,12,200
1613,315056,105.16666602343321,0.11499999999999999,8.14,0,8,200
1614,315368,77.5833330899477,0.18000000000000005,9.77,0,10,200
1615,315696,118.2916665636003,0.07999999999999996,7.285,0,10,200
1616,315696,124.24999975785613,0.05500000000000005,7.47,0,5,200
1617,315704,125.25000030174851,0.05500000000000005,7.41,0,4,200
1618,315816,115.45833383873105,0.06000000000000005,8.285,0,7,200
1619,316144,107.16666596010327,0.10999999999999999,8.08,0,7,200
1620,316584,101.1666666790843,0.08499999999999996,9.04,0,13,200
1621,316656,85.04166541621089,0.20499999999999996,8.575,0,5,200
1622,316968,105.12499957159162,0.12,7.905,0,10,200
1623,317296,119.04166724160314,0.05500000000000005,8.095,0,5,200
1624,317296,118.24999944120646,0.07999999999999996,7.41,0,8,200
1625,317304,109.0416668690741,0.07499999999999996,8.095,0,17,200
1626,317416,110.7500000782311,0.08999999999999997,8.01,0,9,200
1627,317744,50.95833274722099,0.33999999999999997,9.065,0,11,200
1628,318184,83.04166628420353,0.16500000000000004,9.415,0,11,200
1629,318256,128.37499968707561,0.03500000000000003,7.575,0,3,200
1630,318568,75.874999769032,0.20499999999999996,9.315,0,11,200
1631,318896,122.2916678711772,0.04500000000000004,7.765,0,8,200
1632,318896,93.25000072270632,0.17500000000000004,8.31,0,5,200
1633,318904,78.24999986961484,0.18999999999999995,9.45,0,10,200
1634,319016,111.04166560992599,0.08999999999999997,8.335,0,3,200
1635,319344,121.04166689887643,0.06499999999999995,7.315,0,10,200
1636,319784,62.291666869074106,0.26,9.445,0,14,200
1637,319856,114.87500078231096,0.07499999999999996,7.695,0,12,200
1638,320168,72.25000024959445,0.24,9.03,0,9,200
1639,320496,109.75000025331974,0.06499999999999995,8.73,0,9,200
1640,320496,84.95833376049995,0.18500000000000005,8.825,0,9,200
1641,320504,85.2916672155261,0.15500000000000003,9.505,0,9,200
1642,320616,99.00000002235174,0.135,8.4,0,8,200
1643,320944,87.66666624695063,0.17000000000000004,8.8,0,10,200
1644,321384,74.91666628792882,0.235,8.71,0,11,200
1645,321456,115.99999982491136,0.06499999999999995,8.1,0,7,200
1646,321768,119.54166667163372,0.06999999999999995,7.495,0,8,200
1647,322096,111.83333276212215,0.09499999999999997,7.58,0,12,200
1648,322096,102.79166666790843,0.13,8.245,0,5,200
1649,322104,117.87499984353781,0.050000000000000044,7.875,0,13,200
1650,322216,82.33333282545209,0.18999999999999995,9.02,0,9,200
1651,322544,80.37499972432852,0.18000000000000005,9.135,0,15,200
1652,322984,115.62499853223562,0.09499999999999997,7.485,0,6,200
1653,323056,50.33333395048976,0.31499999999999995,10.04,0,6,200
1654,323368,132.29166459664702,0.025000000000000022,7.285,0,4,200
1655,323696,109.50000022724271,0.08499999999999996,8.28,0,9,200
1656,323696,92.0833339355886,0.15000000000000002,8.57,0,13,200
1657,323704,89.9166662581265,0.17000000000000004,8.71,0,7,200
1658,323816,112.54166623577476,0.07999999999999996,7.855,0,12,200
1659,324144,103.29166669026017,0.10999999999999999,8.425,0,9,200
1660,324584,94.79166705161333,0.125,9.205,0,7,200
1661,324656,110.04166683927178,0.07999999999999996,8.455,0,7,200
1662,324968,122.16666696593165,0.05500000000000005,7.54,0,8,200
1663,325296,99.12500017508864,0.11499999999999999,8.625,0,12,200
1664,325296,126.20833419635892,0.07499999999999996,6.695,0,6,200
1665,325304,132.33333325386047,0.025000000000000022,7.28,0,4,200
1666,325416,122.95833379030228,0.030000000000000027,8.285,0,4,200
1667,325744,107.70833225548267,0.07999999999999996,8.075,0,18,200
1668,326184,85.66666663438082,0.18500000000000005,8.5,0,13,200
1669,326256,99.95833255723119,0.14500000000000002,8.045,0,8,200
1670,326568,79.25000055506825,0.22499999999999998,8.67,0,7,200
1671,326896,100.33333231136203,0.12,8.6,0,8,200
1672,326896,114.49999973550439,0.07999999999999996,7.86,0,8,200
1673,326904,116.33333360776305,0.06999999999999995,7.82,0,9,200
1674,327016,106.2500001527369,0.10499999999999998,8.07,0,11,200
1675,327344,104.66666723787785,0.12,8.14,0,7,200
1676,327784,108.66666680201888,0.10999999999999999,8.08,0,4,200
1677,327856,118.54166642203927,0.07499999999999996,7.435,0,9,200
1678,328168,114.9583327434957,0.06499999999999995,8.285,0,6,200
1679,328496,93.2916659899056,0.14500000000000002,8.605,0,12,200
1680,328496,90.08333336189389,0.17500000000000004,8.27,0,12,200
1681,328504,84.04166711121798,0.19999999999999996,8.515,0,10,200
1682,328616,112.54166632518172,0.09999999999999998,7.795,0,5,200
1683,328944,109.62500001117587,0.12,7.185,0,13,200
1684,329384,77.54166694357991,0.18999999999999995,9.595,0,9,200
1685,329456,101.24999979883432,0.09499999999999997,8.97,0,10,200
1686,329768,92.45833327621222,0.16000000000000003,8.285,0,13,200
1687,330096,120.8333337791264,0.06999999999999995,7.34,0,8,200
1688,330096,104.62499897927046,0.13,7.845,0,8,200
1689,330104,128.24999890103936,0.030000000000000027,7.35,0,9,200
1690,330216,116.12499809265137,0.07999999999999996,7.845,0,5,200
1691,330544,116.62500026077032,0.050000000000000044,8.265,0,9,200
1692,330984,117.24999932944775,0.06499999999999995,7.83,0,9,200
1693,331056,117.24999989941716,0.08499999999999996,7.41,0,8,200
1694,331368,110.33333452418447,0.09999999999999998,7.7,0,11,200
1695,331696,123.04166592285037,0.07499999999999996,7.015,0,7,200
1696,331696,121.8333336263895,0.050000000000000044,7.94,0,4,200
1697,331704,98.70833363384008,0.11499999999999999,8.675,0,12,200
1698,331816,70.625000115484,0.24,9.105,0,11,200
1699,332144,126.99999974295497,0.05500000000000005,7.02,0,7,200
1700,332584,112.20833234116435,0.04500000000000004,8.615,0,14,200
1701,332656,108.41666797921062,0.09499999999999997,8.35,0,6,200
1702,332968,92.45833396539092,0.12,9.245,0,13,200
1703,333296,108.2083330526948,0.10999999999999999,8.015,0,6,200
1704,333296,126.58333168551326,0.030000000000000027,7.85,0,4,200
1705,333304,99.29166580364108,0.11499999999999999,8.665,0,11,200
1706,333416,116.20833405852318,0.08499999999999996,7.535,0,8,200
1707,333744,84.20833317935467,0.18999999999999995,8.675,0,11,200
1708,334184,93.12499959394336,0.17000000000000004,7.965,0,13,200
1709,334256,103.41666666418314,0.10999999999999999,8.59,0,6,200
1710,334568,103.666667483747,0.13,8.02,0,7,200
1711,334896,119.54166618362069,0.07499999999999996,7.375,0,8,200
1712,334896,115.95833332836628,0.06499999999999995,7.865,0,11,200
1713,334904,105.58333393186331,0.08999999999999997,8.57,0,10,200
1714,335016,115.49999974668026,0.06999999999999995,7.74,0,12,200
1715,335344,114.29166547954082,0.07499999999999996,7.885,0,10,200
1716,335784,96.16666723787785,0.135,8.68,0,9,200
1717,335856,120.41666488349438,0.06000000000000005,7.69,0,7,200
1718,336168,66.41666695103049,0.245,9.13,0,17,200
1719,336496,119.41666686534882,0.050000000000000044,8.23,0,4,200
1720,336496,125.16666693612933,0.04500000000000004,7.72,0,3,200
1721,336504,95.50000067055225,0.135,8.7,0,10,200
1722,336616,120.74999925866723,0.040000000000000036,8.19,0,6,200
1723,336944,92.41666657105088,0.14,8.77,0,13,200
1724,337384,110.58333269879222,0.08499999999999996,8.09,0,10,200
1725,337456,120.04166631400585,0.08999999999999997,7.315,0,2,200
1726,337768,88.08333314955235,0.15500000000000003,8.99,0,12,200
1727,338096,88.87499924376607,0.19499999999999995,8.235,0,7,200
1728,338096,98.62500037252903,0.12,8.625,0,11,200
1729,338104,114.70833356305957,0.06499999999999995,8.075,0,10,200
1730,338216,127.41666717082262,0.050000000000000044,7.09,0,7,200
1731,338544,105.083332631737,0.10499999999999998,8.27,0,10,200
1732,338984,123.08333335071802,0.050000000000000044,7.73,0,5,200
1733,339056,114.04166617244482,0.040000000000000036,8.635,0,12,200
1734,339368,92.75000034272671,0.12,9.33,0,11,200
1735,339696,92.5416673719883,0.13,9.295,0,8,200
1736,339696,130.08333240449429,0.010000000000000009,7.97,0,3,200
1737,339704,102.50000014528632,0.125,7.92,0,13,200
1738,339816,73.70833354443312,0.19999999999999996,9.815,0,9,200
1739,340144,114.7500001527369,0.06999999999999995,8.13,0,7,200
1740,340584,99.16666742041707,0.125,8.44,0,11,200
1741,340656,101.7916658334434,0.14500000000000002,8.185,0,2,200
1742,340968,105.08333193510771,0.09999999999999998,8.69,0,5,200
1743,341296,107.12499938160181,0.09499999999999997,8.145,0,12,200
1744,341296,102.3333330117166,0.14,7.76,0,10,200
1745,341304,98.04166569560766,0.135,7.915,0,18,200
1746,341416,110.7083337418735,0.07499999999999996,8.195,0,12,200
1747,341744,87.4999985434115,0.19499999999999995,8.34,0,8,200
1748,342184,79.66666699945927,0.20999999999999996,8.8,0,10,200
1749,342256,106.58333363384008,0.09999999999999998,8.51,0,5,200
1750,342568,96.91666674613953,0.13,8.65,0,10,200
1751,342896,111.45833334326744,0.07499999999999996,8.165,0,11,200
1752,342896,121.16666738316417,0.06499999999999995,7.3,0,10,200
1753,342904,131.91666781902313,0.040000000000000036,6.91,0,5,200
1754,343016,110.2916669473052,0.06999999999999995,8.485,0,10,200
1755,343344,121.41666601225734,0.06499999999999995,7.63,0,4,200
1756,343784,98.16666765883565,0.13,8.62,0,8,200
1757,343856,121.5000005401671,0.07499999999999996,7.2,0,7,200
1758,344168,114.87500075995922,0.06000000000000005,8.235,0,9,200
1759,344496,117.79166681692004,0.06999999999999995,7.885,0,5,200
1760,344496,121.79166673868895,0.04500000000000004,7.585,0,12,200
1761,344504,134.75000035762787,0.020000000000000018,7.17,0,3,200
1762,344616,129.62500120326877,0.015000000000000013,7.725,0,6,200
1763,344944,112.45833353325725,0.07999999999999996,7.925,0,11,200
1764,345384,89.45833267271519,0.14500000000000002,9.065,0,12,200
1765,345456,107.70833234116435,0.09999999999999998,8.135,0,9,200
1766,345768,131.91666641831398,0.015000000000000013,7.51,0,5,200
1767,346096,76.79166595637798,0.19999999999999996,9.445,0,9,200
1768,346096,120.91666567325592,0.04500000000000004,7.69,0,12,200
1769,346104,90.70833278819919,0.15500000000000003,8.615,0,13,200
1770,346216,115.20833337306976,0.09999999999999998,7.535,0,4,200
1771,346544,81.95833365991712,0.17000000000000004,9.365,0,12,200
1772,346984,114.45833445712924,0.06499999999999995,8.225,0,8,200
1773,347056,92.83333305642009,0.15500000000000003,8.54,0,10,200
1774,347368,116.7500014975667,0.09999999999999998,7.29,0,5,200
1775,347696,121.9166669473052,0.06000000000000005,7.39,0,9,200
1776,347696,77.04166696220636,0.17000000000000004,10.315,0,6,200
1777,347704,79.29166705161333,0.19499999999999995,9.085,0,12,200
1778,347816,101.20833446830511,0.10499999999999998,8.735,0,10,200
1779,348144,127.12500178441405,0.040000000000000036,7.425,0,6,200
1780,348584,100.87500000745058,0.12,8.295,0,12,200
1781,348656,111.16666684299707,0.06999999999999995,8.26,0,12,200
1782,348968,115.20833318307996,0.06499999999999995,8.015,0,10,200
1783,349296,113.7083330899477,0.06000000000000005,8.255,0,11,200
1784,349296,111.16666711494327,0.06999999999999995,8.44,0,9,200
1785,349304,76.54166677966714,0.21499999999999997,8.815,0,14,200
1786,349416,96.45833436027169,0.14500000000000002,8.465,0,8,200
1787,349744,88.99999970197678,0.135,9.42,0,11,200
1788,350184,113.08333371579647,0.06999999999999995,8.15,0,10,200
1789,350256,97.83333332464099,0.14,8.0,0,15,200
1790,350568,109.66666636243463,0.06999999999999995,8.32,0,14,200
1791,350896,104.91666615009308,0.11499999999999999,7.99,0,11,200
1792,350896,102.91666585579515,0.13,8.05,0,8,200
1793,350904,132.20833230018616,0.015000000000000013,7.595,0,3,200
1794,351016,83.04166658222675,0.16500000000000004,9.175,0,15,200
1795,351344,106.87499940395355,0.07999999999999996,8.595,0,11,200
1796,351784,98.29166656732559,0.14500000000000002,8.185,0,9,200
1797,351856,85.58333392441273,0.17500000000000004,8.51,0,17,200
1798,352168,115.41666708141565,0.06499999999999995,8.17,0,7,200
1799,352496,111.66666648164392,0.07499999999999996,8.08,0,12,200
1800,352496,107.24999940767884,0.08999999999999997,8.31,0,11,200
1801,352504,111.70833293348551,0.08999999999999997,7.775,0,11,200
1802,352616,122.54166727513075,0.030000000000000027,8.035,0,9,200
1803,352944,128.04166634008288,0.03500000000000003,7.135,0,11,200
1804,353384,107.2500004582107,0.13,7.29,0,12,200
1805,353456,91.83333333954215,0.13,9.32,0,9,200
1806,353768,74.16666652262211,0.20999999999999996,9.34,0,12,200
1807,354096,98.4166656807065,0.14500000000000002,8.23,0,8,200
1808,354096,136.16666727513075,0.015000000000000013,6.82,0,8,200
1809,354104,101.41666814684868,0.14,8.05,0,7,200
1810,354216,107.16666689515114,0.09999999999999998,8.08,0,11,200
1811,354544,105.6666671410203,0.10499999999999998,8.14,0,11,200
1812,354984,73.45833364501595,0.19499999999999995,9.785,0,12,200
1813,355056,79.75000012293458,0.16500000000000004,9.69,0,13,200
1814,355368,113.04166651889682,0.135,6.715,0,8,200
1815,355696,118.08333316072822,0.06000000000000005,7.85,0,9,200
1816,355696,109.12499952316284,0.07999999999999996,8.325,0,11,200
1817,355704,85.45833249762654,0.15500000000000003,9.125,0,15,200
1818,355816,77.99999936297536,0.20999999999999996,9.0,0,10,200
1819,356144,102.95833247900009,0.13,8.105,0,7,200
1820,356584,107.25000137835741,0.07999999999999996,8.61,0,10,200
1821,356656,123.12499948590994,0.06000000000000005,7.305,0,8,200
1822,356968,95.45833337306976,0.13,8.885,0,9,200
1823,357296,81.95833271369338,0.24,8.045,0,6,200
1824,357296,89.41666730493307,0.18999999999999995,8.11,0,10,200
1825,357304,105.41666680574417,0.14,7.63,0,6,200
1826,357416,100.62499950453639,0.14500000000000002,8.085,0,6,200
1827,357744,114.79166657477617,0.08999999999999997,7.585,0,8,200
1828,358184,115.16666770353913,0.06000000000000005,8.14,0,10,200
1829,358256,115.7916670255363,0.07499999999999996,7.585,0,12,200
1830,358568,113.00000025331974,0.05500000000000005,8.52,0,10,200
1831,358896,120.8333338201046,0.030000000000000027,8.6,0,3,200
1832,358896,101.87499944493175,0.125,8.175,0,10,200
1833,358904,90.99999997392297,0.13,9.66,0,5,200
1834,359016,96.29166664928198,0.15500000000000003,8.305,0,7,200
1835,359344,127.20833240449429,0.05500000000000005,7.055,0,6,200
1836,359784,99.37500052899122,0.14,8.295,0,7,200
1837,359856,127.25000046938658,0.07499999999999996,6.39,0,9,200
1838,360168,119.62500100582838,0.06000000000000005,7.845,0,6,200
1839,360496,104.20833322033286,0.07999999999999996,8.855,0,12,200
1840,360496,120.95833429321647,0.04500000000000004,7.805,0,10,200
1841,360504,104.87500059977174,0.07499999999999996,9.015,0,10,200
1842,360616,123.16666738688946,0.050000000000000044,7.6,0,7,200
1843,360944,118.33333340659738,0.025000000000000022,8.48,0,12,200
1844,361384,112.12500058114529,0.03500000000000003,9.045,0,11,200
1845,361456,130.74999836087227,0.030000000000000027,7.23,0,6,200
1846,361768,125.9583337418735,0.06000000000000005,6.905,0,9,200
1847,362096,91.58333275094628,0.125,9.53,0,8,200
1848,362096,103.70833420008421,0.08999999999999997,8.915,0,8,200
1849,362104,122.12500021234155,0.030000000000000027,8.085,0,9,200
1850,362216,93.66666645556688,0.13,9.34,0,5,200
1851,362544,119.79166572913527,0.07999999999999996,7.045,0,11,200
1852,362984,81.41666667535901,0.18000000000000005,8.95,0,16,200
1853,363056,103.5416667945683,0.08999999999999997,8.755,0,11,200
1854,363368,95.33333285525441,0.14500000000000002,8.78,0,5,200
1855,363696,107.12499882280827,0.09499999999999997,8.145,0,12,200
1856,363696,95.58333360031247,0.14500000000000002,8.39,0,11,200
1857,363704,116.70833356678486,0.09999999999999998,7.415,0,3,200
1858,363816,105.54166656732559,0.08999999999999997,8.575,0,10,200
1859,364144,113.58333371207118,0.06000000000000005,8.27,0,11,200
1860,364584,89.66666646301746,0.21499999999999997,7.42,0,11,200
1861,364656,120.16666539758444,0.06000000000000005,7.78,0,6,200
1862,364968,121.58333337306976,0.05500000000000005,7.67,0,7,200
1863,365296,111.16666597500443,0.10999999999999999,7.6,0,7,200
1864,365296,103.66666747629642,0.10499999999999998,8.5,0,9,200
1865,365304,128.0833333581686,0.040000000000000036,7.37,0,5,200
1866,365416,111.54166593775153,0.07499999999999996,7.975,0,14,200
1867,365744,111.20833257585764,0.06499999999999995,8.615,0,8,200
1868,366184,112.0833332054317,0.135,7.07,0,4,200
1869,366256,110.91666610911489,0.08999999999999997,7.99,0,9,200
1870,366568,117.25000118091702,0.03500000000000003,8.49,0,10,200
1871,366896,101.79166596755385,0.135,8.065,0,8,200
1872,366896,104.66666636243463,0.11499999999999999,8.2,0,8,200
1873,366904,106.41666640713811,0.07499999999999996,8.95,0,8,200
1874,367016,118.91666577756405,0.050000000000000044,7.87,0,11,200
1875,367344,124.49999951943755,0.030000000000000027,7.98,0,6,200
1876,367784,126.08333477377892,0.03500000000000003,7.85,0,3,200
1877,367856,104.16666659712791,0.10999999999999999,8.32,0,9,200
1878,368168,116.33333404362202,0.07499999999999996,7.7,0,9,200
1879,368496,96.91666711494327,0.14500000000000002,8.35,0,9,200
1880,368496,84.87500084936619,0.16000000000000003,9.435,0,9,200
1881,368504,111.41666732355952,0.10999999999999999,7.39,0,10,200
1882,368616,105.0833338946104,0.10499999999999998,8.27,0,10,200
1883,368944,111.54166615381837,0.08999999999999997,8.035,0,7,200
1884,369384,83.20833368599415,0.17500000000000004,9.635,0,3,200
1885,369456,115.45833199098706,0.08999999999999997,7.565,0,7,200
1886,369768,114.8333335891366,0.08999999999999997,7.46,0,10,200
1887,370096,118.291667368263,0.06999999999999995,7.465,0,11,200
1888,370096,67.25000059232116,0.235,9.27,0,17,200
1889,370104,110.66666527092457,0.09499999999999997,8.2,0,4,200
1890,370216,93.2916669473052,0.14500000000000002,8.185,0,19,200
1891,370544,110.04166676849127,0.10499999999999998,7.735,0,9,200
1892,370984,107.91666749492288,0.11499999999999999,7.69,0,10,200
1893,371056,123.70833351835608,0.06000000000000005,7.415,0,5,200
1894,371368,108.95833312347531,0.07999999999999996,8.285,0,12,200
1895,371696,89.5416665636003,0.15500000000000003,9.055,0,8,200
1896,371696,113.00000090524554,0.06999999999999995,8.04,0,12,200
1897,371704,83.41666620597243,0.20499999999999996,8.59,0,8,200
1898,371816,104.29166663810611,0.09999999999999998,8.125,0,16,200
1899,372144,100.5416661016643,0.15500000000000003,7.495,0,12,200
1900,372584,73.4999994263053,0.19999999999999996,9.84,0,9,200
1901,372656,113.5416662171483,0.07499999999999996,7.975,0,10,200
1902,372968,102.37499983608723,0.10499999999999998,8.535,0,11,200
1903,373296,111.20833319425583,0.08499999999999996,8.015,0,10,200
1904,373296,106.62499954923987,0.08999999999999997,8.685,0,6,200
1905,373304,111.45833442360163,0.09499999999999997,7.865,0,8,200
1906,373416,120.66666724905372,0.06000000000000005,7.6,0,8,200
1907,373744,116.95833339169621,0.06999999999999995,7.565,0,12,200
1908,374184,93.49999976530671,0.135,8.7,0,14,200
1909,374256,97.91666726022959,0.13,8.41,0,12,200
1910,374568,82.12499987334013,0.19999999999999996,8.625,0,12,200
1911,374896,92.29166518524289,0.16000000000000003,8.545,0,9,200
1912,374896,91.04166649281979,0.14,9.295,0,7,200
1913,374904,118.33333283662796,0.10499999999999998,6.92,0,6,200
1914,375016,108.37500012293458,0.12,7.275,0,14,200
1915,375344,111.04166696593165,0.08999999999999997,7.795,0,12,200
1916,375784,105.62499995529652,0.11499999999999999,8.025,0,9,200
1917,375856,97.20833458378911,0.13,8.555,0,11,200
1918,376168,105.41666770726442,0.125,7.87,0,8,200
1919,376496,74.37500023469329,0.235,8.895,0,9,200
1920,376496,74.99999979510903,0.21999999999999997,9.3,0,7,200
1921,376504,128.33333212137222,0.040000000000000036,7.34,0,5,200
1922,376616,123.83333455398679,0.07499999999999996,6.8,0,9,200
1923,376944,95.25000017508864,0.12,9.15,0,9,200
1924,377384,104.41666588187218,0.12,8.29,0,5,200
1925,377456,96.66666503623128,0.13,8.8,0,8,200
1926,377768,117.750001039356,0.09999999999999998,7.17,0,5,200
1927,378096,121.91666574776173,0.07999999999999996,7.09,0,6,200
1928,378096,102.29166651517153,0.08999999999999997,8.665,0,15,200
1929,378104,125.50000081211329,0.05500000000000005,7.14,0,8,200
1930,378216,98.20833406224847,0.125,8.495,0,12,200
1931,378544,107.45833354815841,0.07999999999999996,8.585,0,10,200
1932,378984,110.58333211392164,0.08499999999999996,8.09,0,10,200
1933,379056,97.45833379775286,0.15000000000000002,7.865,0,14,200
1934,379368,119.66666702181101,0.040000000000000036,7.84,0,14,200
1935,379696,123.99999929964542,0.06000000000000005,7.32,0,6,200
1936,379696,107.45833320915699,0.08499999999999996,8.225,0,14,200
1937,379704,93.29166634753346,0.14,8.665,0,13,200
1938,379816,92.37500071898103,0.14500000000000002,8.835,0,10,200
1939,380144,114.00000058114529,0.08999999999999997,7.62,0,9,200
1940,380584,66.04166680946946,0.265,9.115,0,10,200
1941,380656,115.45833407342434,0.08999999999999997,7.625,0,6,200
1942,380968,110.29166700318456,0.10999999999999999,7.645,0,8,200
1943,381296,105.54166644066572,0.09499999999999997,8.755,0,5,200
1944,381296,115.83333226665854,0.10499999999999998,7.22,0,6,200
1945,381304,101.29166653379798,0.13,8.005,0,12,200
1946,381416,61.249999769032,0.265,9.51,0,13,200
1947,381744,130.29166772961617,0.030000000000000027,7.405,0,4,200
1948,382184,96.54166770726442,0.13,8.755,0,9,200
1949,382256,84.83333297818899,0.19999999999999996,8.48,0,9,200
1950,382568,99.95833376422524,0.13,8.345,0,9,200
1951,382896,119.37499965727329,0.06000000000000005,7.575,0,11,200
1952,382896,97.5416673310101,0.12,8.755,0,11,200
1953,382904,85.1249998100102,0.18000000000000005,8.745,0,12,200
1954,383016,123.08333265408874,0.030000000000000027,8.15,0,6,200
1955,383344,91.33333310112357,0.19499999999999995,7.82,0,9,200
1956,383784,93.79166690632701,0.17500000000000004,8.065,0,8,200
1957,383856,113.45833415910602,0.06000000000000005,8.585,0,6,200
1958,384168,113.1249994635582,0.04500000000000004,8.325,0,17,200
1959,384496,85.87500043213367,0.17000000000000004,8.955,0,11,200
1960,384496,99.58333368226886,0.125,8.39,0,11,200
1961,384504,116.99999974668026,0.05500000000000005,8.34,0,5,200
1962,384616,95.5416677519679,0.13,8.935,0,8,200
1963,384944,119.04166787490249,0.07999999999999996,7.495,0,5,200
1964,385384,129.87499767169356,0.040000000000000036,7.215,0,4,200
1965,385456,113.41666682437062,0.08499999999999996,7.87,0,8,200
1966,385768,91.95833384245634,0.15000000000000002,8.945,0,7,200
1967,386096,124.66666636243463,0.050000000000000044,7.3,0,9,200
1968,386096,114.33333428576589,0.06999999999999995,8.12,0,8,200
1969,386104,99.95833419263363,0.15500000000000003,7.625,0,11,200
1970,386216,96.66666593030095,0.14,8.26,0,13,200
1971,386544,75.70833237841725,0.235,8.855,0,7,200
1972,386984,114.83333346992731,0.07499999999999996,7.94,0,8,200
1973,387056,124.8333321660757,0.07499999999999996,6.68,0,9,200
1974,387368,118.37500055879354,0.06499999999999995,7.695,0,9,200
1975,387696,91.83333349227905,0.15000000000000002,8.84,0,9,200
1976,387696,110.58333406224847,0.10999999999999999,7.43,0,11,200
1977,387704,132.79166582226753,0.025000000000000022,7.165,0,5,200
1978,387816,128.75000096857548,0.03500000000000003,7.41,0,5,200
1979,388144,96.79166706651449,0.15000000000000002,8.425,0,6,200
1980,388584,119.0000003091991,0.07999999999999996,7.56,0,4,200
1981,388656,112.45833288505673,0.06999999999999995,8.165,0,11,200
1982,388968,92.79166653007269,0.12,8.905,0,18,200
1983,389296,102.16666631400585,0.09499999999999997,8.8,0,11,200
1984,389296,115.41666774451733,0.07499999999999996,7.87,0,8,200
1985,389304,104.37500048428774,0.15000000000000002,7.515,0,6,200
1986,389416,113.3333332464099,0.12,7.16,0,6,200
1987,389744,75.7916666008532,0.21999999999999997,9.025,0,10,200
1988,390184,115.70833168551326,0.08999999999999997,7.655,0,5,200
1989,390256,108.12499972432852,0.08999999999999997,8.445,0,7,200
1990,390568,109.54166573658586,0.08499999999999996,8.395,0,7,200
1991,390896,81.20833373442292,0.20499999999999996,8.795,0,9,200
1992,390896,98.79166768118739,0.17000000000000004,7.525,0,9,200
1993,390904,104.41666724160314,0.16000000000000003,7.09,0,9,200
1994,391016,82.58333348110318,0.18500000000000005,8.87,0,13,200
1995,391344,96.3750000372529,0.15500000000000003,8.055,0,11,200
1996,391784,97.62499975040555,0.15500000000000003,7.965,0,10,200
1997,391856,63.50000028312206,0.26,9.36,0,13,200
1998,392168,123.45833303406835,0.04500000000000004,7.685,0,7,200
1999,392496,113.20833333581686,0.08499999999999996,7.835,0,9,200
2000,392496,123.04166716337204,0.05500000000000005,7.435,0,8,200
2001,392504,101.49999937415123,0.10499999999999998,8.34,0,16,200
2002,392616,113.45833334699273,0.08499999999999996,7.865,0,8,200
2003,392944,70.04166647791862,0.22999999999999998,9.235,0,14,200
2004,393384,110.29166608303785,0.08999999999999997,8.185,0,7,200
2005,393456,137.37500074505806,0.015000000000000013,6.675,0,8,200
2006,393768,107.83333387970924,0.12,7.88,0,5,200
2007,394096,94.12499912455678,0.135,9.045,0,7,200
2008,394096,124.2083341255784,0.05500000000000005,7.475,0,5,200
2009,394104,83.95833430811763,0.21499999999999997,8.105,0,11,200
2010,394216,83.04166690260172,0.18500000000000005,8.695,0,15,200
2011,394544,132.37500078231096,0.025000000000000022,7.155,0,6,200
2012,394984,83.87500037997961,0.18500000000000005,8.775,0,12,200
2013,395056,100.16666667535901,0.135,8.2,0,9,200
2014,395368,117.54166799038649,0.08999999999999997,7.495,0,4,200
2015,395696,94.04166728258133,0.17000000000000004,7.915,0,12,200
2016,395696,95.54166708886623,0.10499999999999998,9.415,0,10,200
2017,395704,119.12499977275729,0.08499999999999996,6.945,0,12,200
2018,395816,84.08333356678486,0.19999999999999996,8.57,0,9,200
2019,396144,49.250000193715096,0.31000000000000005,10.05,0,10,200
2020,396584,92.45833367481828,0.16500000000000004,8.345,0,10,200
2021,396656,106.4583340138197,0.08499999999999996,8.465,0,12,200
2022,396968,81.45833355933428,0.17000000000000004,9.485,0,11,200
2023,397296,111.54166710749269,0.11499999999999999,7.315,0,9,200
2024,397296,107.9166671000421,0.08499999999999996,8.23,0,13,200
2025,397304,106.54166554287076,0.09999999999999998,8.275,0,9,200
2026,397416,84.70833263918757,0.19499999999999995,8.675,0,8,200
2027,397744,110.54166663810611,0.135,7.135,0,6,200
2028,398184,127.66666677594185,0.040000000000000036,7.24,0,8,200
2029,398256,99.70833291858435,0.09999999999999998,9.095,0,9,200
2030,398568,110.12499868497252,0.09499999999999997,8.265,0,4,200
2031,398896,104.25000039488077,0.12,8.13,0,8,200
2032,398896,92.62499979510903,0.16000000000000003,8.145,0,15,200
2033,398904,103.87499982491136,0.135,7.935,0,6,200
2034,399016,127.95833356678486,0.050000000000000044,7.265,0,3,200
2035,399344,94.16666672751307,0.14500000000000002,8.98,0,4,200
2036,399784,115.3333326280117,0.04500000000000004,8.6,0,8,200
2037,399856,104.12499878928065,0.16000000000000003,7.185,0,8,200
2038,400168,102.12499932572246,0.135,8.145,0,6,200
2039,400496,126.12499897927046,0.03500000000000003,7.605,0,7,200
2040,400496,110.04166736453772,0.09499999999999997,8.035,0,8,200
2041,400504,102.20833330601454,0.16000000000000003,7.595,0,5,200
2042,400616,88.20833262056112,0.15500000000000003,9.275,0,7,200
2043,400944,98.00000083446503,0.11499999999999999,8.94,0,9,200
2044,401384,115.04166708514094,0.06999999999999995,8.095,0,7,200
