episode,timestep,reward,sla_violation,mean_replicas,crashes,flapping_incidents,length
0,96,-23.023333072662354,0.9166666666666666,1.6666666666666667,1,4,12
1,176,-21.580000463873148,0.6818181818181819,2.727272727272727,1,8,22
2,384,-23.85333364456892,0.6944444444444444,3.5555555555555554,1,15,36
3,784,9.579999403096735,0.22448979591836737,6.36734693877551,1,29,98
4,808,-19.54333214648068,0.49504950495049505,5.603960396039604,1,38,101
5,984,-28.914999820291996,0.9545454545454546,4.2272727272727275,1,8,22
6,1312,-33.46666583791375,0.7560975609756098,4.634146341463414,1,21,41
7,1376,-20.22500055655837,0.75,1.875,1,2,8
8,1568,16.738333033397794,0.2602040816326531,7.596938775510204,1,60,196
9,1600,57.42833347339183,0.06000000000000005,9.785,0,69,200
10,1600,60.06833364162594,0.10499999999999998,7.925,0,72,200
11,1600,64.52500014565885,0.06999999999999995,8.205,0,72,200
12,1688,-19.261667132377625,0.6363636363636364,2.8181818181818183,1,2,11
13,1776,48.373333379626274,0.10999999999999999,10.1,0,64,200
14,1864,-15.046667136251926,0.5135135135135135,4.162162162162162,1,8,37
15,1880,-22.97999981790781,0.9230769230769231,2.3076923076923075,1,3,13
16,1984,42.77833336871117,0.355,5.405,0,56,200
17,2024,-21.70499987155199,0.9,2.25,1,2,20
18,2144,17.67500069644302,0.125,5.71875,1,32,96
19,2184,-19.893332678824663,0.56,3.44,1,9,25
20,2296,-26.689999781548977,0.9473684210526316,3.789473684210526,1,6,19
21,2384,64.92500017862767,0.07999999999999996,9.165,0,58,200
22,2816,-22.19500057399273,0.5,5.388888888888889,1,23,54
23,2960,21.093333086930215,0.18518518518518523,5.496296296296296,1,53,135
24,3048,11.481666259467602,0.1640625,7.9140625,1,46,128
25,3200,69.6766667086631,0.04500000000000004,8.53,0,67,200
26,3200,26.043333820067346,0.33499999999999996,6.11,0,77,200
27,3288,-15.654999571852386,0.5549999999999999,4.905,0,88,200
28,3344,-1.4033336862921715,0.31818181818181823,5.212121212121212,1,15,66
29,3360,-30.33333396166563,0.8974358974358975,3.4358974358974357,1,12,39
30,3520,-10.651667170226574,0.3448275862068966,4.586206896551724,1,4,29
31,3600,-20.466667041182518,0.625,3.5,1,11,32
32,3784,22.103333799168468,0.33999999999999997,7.61,0,65,200
33,3888,-18.81833378225565,0.6923076923076923,1.7692307692307692,1,2,13
34,3896,37.613333464600146,0.18500000000000005,7.37,0,86,200
35,3992,8.563333332538605,0.25316455696202533,3.6202531645569622,1,26,79
36,4200,-44.18666641227901,0.784,3.344,1,47,125
37,4208,-27.731667164713144,0.7,3.925,1,18,40
38,4448,-0.6466669179499149,0.2948717948717948,7.641025641025641,1,55,156
39,4536,-21.714999809861183,1.0,1.9090909090909092,1,1,11
40,4560,10.1950005274266,0.43000000000000005,5.475,0,79,200
41,5096,7.798333040438592,0.24285714285714288,4.4714285714285715,1,16,70
42,5120,13.238333801738918,0.45999999999999996,5.225,0,72,200
43,5200,47.93833337817341,0.14,7.655,0,84,200
44,5496,62.54833361227065,0.08499999999999996,8.915,0,64,200
45,5512,-12.96666715759784,0.3589743589743589,4.410256410256411,1,14,39
46,5560,-20.75166717916727,1.0,1.625,1,0,8
47,5592,72.79333353228867,0.06999999999999995,7.79,0,64,200
48,5800,49.36000041477382,0.19499999999999995,6.75,0,76,200
49,5808,58.59000018425286,0.13,8.64,0,56,200
50,5992,19.44333362020552,0.11926605504587151,5.26605504587156,1,47,109
51,6112,-10.388333794660866,0.3421052631578947,3.6052631578947367,1,12,38
52,6160,30.716667036525905,0.24,8.17,0,73,200
53,6160,-27.580000549554825,0.9523809523809523,2.857142857142857,1,9,21
54,6224,-22.603333115577698,0.8571428571428572,2.7142857142857144,1,4,14
55,6312,17.989999518729746,0.22368421052631582,6.5131578947368425,1,50,152
56,6896,-20.87333214096725,0.4794520547945206,4.383561643835616,1,35,73
57,7000,-23.561666071414948,0.9230769230769231,2.3846153846153846,1,4,13
58,7112,52.73333343397826,0.18000000000000005,8.33,0,56,200
59,7160,17.89333361107856,0.44999999999999996,4.58,0,74,200
60,7192,18.13666705414653,0.45999999999999996,5.29,0,63,200
61,7224,-5.759999845176935,0.46616541353383456,4.150375939849624,1,49,133
62,7400,62.70000031590462,0.09999999999999998,6.81,0,83,200
63,7760,41.590000534430146,0.18500000000000005,7.56,0,81,200
64,7824,47.826667023822665,0.17000000000000004,7.69,0,75,200
65,8064,-14.550000191666186,0.3853211009174312,7.26605504587156,1,38,109
66,8600,48.465000309981406,0.050000000000000044,9.585,0,84,200
67,8712,40.961667062714696,0.17500000000000004,8.215,0,78,200
68,8760,65.02166658360511,0.09499999999999997,8.335,0,63,200
69,8824,56.591666635125875,0.10499999999999998,8.215,0,74,200
70,9000,73.60833344236016,0.06499999999999995,8.675,0,55,200
71,9360,5.193333653733134,0.4,7.52,0,74,200
72,9424,62.45833342615515,0.04500000000000004,9.125,0,71,200
73,9664,55.82666696421802,0.10999999999999999,8.62,0,69,200
74,10200,51.95500019285828,0.10999999999999999,9.105,0,68,200
75,10312,64.67166674416512,0.06999999999999995,8.605,0,67,200
76,10360,74.21500017493963,0.07999999999999996,7.635,0,64,200
77,10424,79.92500028666109,0.030000000000000027,8.715,0,56,200
78,10472,-22.36499984934926,0.65,4.05,1,8,20
79,10600,67.9750002194196,0.06000000000000005,8.535,0,68,200
80,10960,53.72333333734423,0.10999999999999999,8.69,0,70,200
81,11024,49.72000005748123,0.10999999999999999,9.21,0,69,200
82,11264,73.02333342377096,0.040000000000000036,7.85,0,75,200
83,11800,50.21166667714715,0.10499999999999998,8.995,0,74,200
84,11960,64.35499995481223,0.125,6.855,0,74,200
85,12024,48.98666687682271,0.19499999999999995,7.21,0,73,200
86,12072,70.90333363227546,0.07999999999999996,7.79,0,65,200
87,12200,60.143333500251174,0.050000000000000044,9.38,0,70,200
88,12560,63.943333780393004,0.07999999999999996,8.87,0,62,200
89,12624,69.47166704945266,0.08499999999999996,8.275,0,61,200
90,12864,62.18666685279459,0.08499999999999996,8.71,0,64,200
91,13400,65.21166669949889,0.05500000000000005,9.325,0,61,200
92,13560,62.78499996289611,0.10999999999999999,8.085,0,66,200
93,13624,66.70666676387191,0.08499999999999996,8.5,0,62,200
94,13672,68.91166687943041,0.07499999999999996,8.275,0,60,200
95,13800,61.6499999165535,0.04500000000000004,9.63,0,69,200
96,14160,75.19000040367246,0.06499999999999995,9.15,0,46,200
97,14224,84.578333822079,0.015000000000000013,9.095,0,47,200
98,14464,65.15333333797753,0.09499999999999997,8.9,0,56,200
99,15000,77.26000005938113,0.030000000000000027,9.81,0,46,200
100,15160,75.0099999634549,0.05500000000000005,9.39,0,47,200
101,15224,50.55833352915943,0.12,10.055,0,58,200
102,15272,75.78999983053654,0.03500000000000003,9.87,0,46,200
103,15400,70.91833352297544,0.07499999999999996,9.215,0,49,200
104,15760,59.36666692048311,0.10999999999999999,9.25,0,56,200
105,15824,67.93000002577901,0.09499999999999997,8.88,0,53,200
106,16064,70.0166663331911,0.040000000000000036,9.91,0,50,200
107,16600,56.02499975822866,0.08499999999999996,10.005,0,59,200
108,16760,70.79666716326028,0.06000000000000005,9.76,0,49,200
109,16824,66.20500012114644,0.06000000000000005,9.345,0,59,200
110,16872,81.5016667470336,0.040000000000000036,8.245,0,56,200
111,17000,72.68000013567507,0.06499999999999995,8.73,0,56,200
112,17360,80.450000397861,0.04500000000000004,8.4,0,54,200
113,17424,69.41000003553927,0.11499999999999999,9.0,0,42,200
114,17664,75.17333315964788,0.08499999999999996,9.11,0,39,200
115,18200,67.63000050839037,0.08999999999999997,9.69,0,43,200
116,18360,61.77666677720845,0.08499999999999996,9.7,0,54,200
117,18424,70.39833353739232,0.06499999999999995,9.935,0,46,200
118,18472,68.27333349175751,0.06499999999999995,9.47,0,51,200
119,18600,67.11166641395539,0.06000000000000005,10.195,0,45,200
120,18960,86.53166695311666,0.025000000000000022,9.145,0,42,200
121,19024,67.63166681770235,0.05500000000000005,10.165,0,49,200
122,19264,76.91500040329993,0.05500000000000005,9.075,0,47,200
123,19800,57.63000006135553,0.10499999999999998,9.66,0,57,200
124,19960,81.65000021830201,0.030000000000000027,9.21,0,47,200
125,20024,80.42500025965273,0.04500000000000004,9.495,0,38,200
126,20072,51.14833345171064,0.125,10.115,0,51,200
127,20200,66.66000005044043,0.09499999999999997,9.12,0,51,200
128,20560,77.3349999235943,0.030000000000000027,9.945,0,44,200
129,20624,75.12333325389773,0.09999999999999998,9.65,0,29,200
130,20864,76.75333339441568,0.06999999999999995,9.74,0,37,200
131,21400,86.36166664958,0.040000000000000036,8.935,0,41,200
132,21560,85.40000007394701,0.03500000000000003,9.15,0,38,200
133,21624,83.86833319719881,0.06999999999999995,8.195,0,47,200
134,21672,82.17000010143965,0.030000000000000027,9.78,0,38,200
135,21800,87.31333339307457,0.025000000000000022,9.29,0,38,200
136,22160,73.44333327841014,0.08499999999999996,9.17,0,45,200
137,22224,84.65333396289498,0.050000000000000044,8.42,0,44,200
138,22464,86.64833319745958,0.03500000000000003,9.575,0,33,200
139,23000,91.6800000583753,0.025000000000000022,8.85,0,36,200
140,23160,78.64000031072646,0.030000000000000027,9.84,0,44,200
141,23224,73.64000016916543,0.06499999999999995,9.72,0,43,200
142,23272,90.86333364248276,0.08999999999999997,7.52,0,35,200
143,23400,81.72666642442346,0.025000000000000022,10.12,0,35,200
144,23760,78.70499986317009,0.050000000000000044,9.765,0,38,200
145,23824,75.696666684933,0.050000000000000044,9.43,0,47,200
146,24064,81.01166660990566,0.07999999999999996,8.485,0,43,200
147,24600,83.12833347730339,0.025000000000000022,9.395,0,44,200
148,24760,76.65833344031125,0.06999999999999995,9.485,0,36,200
149,24824,86.5616667252034,0.050000000000000044,8.485,0,43,200
150,24872,88.05000009853393,0.04500000000000004,8.85,0,37,200
151,25000,95.41166678071022,0.040000000000000036,8.245,0,36,200
152,25360,98.10333315189928,0.020000000000000018,8.66,0,32,200
153,25424,92.42666701972485,0.030000000000000027,8.98,0,34,200
154,25664,86.98000011686236,0.06499999999999995,8.73,0,34,200
155,26200,94.81333330273628,0.03500000000000003,8.42,0,37,200
156,26360,91.7716665994376,0.030000000000000027,8.425,0,42,200
157,26424,99.37166684214026,0.05500000000000005,8.365,0,23,200
158,26472,98.66333289630711,0.030000000000000027,8.78,0,26,200
159,26600,90.43166699167341,0.07499999999999996,8.335,0,30,200
160,26960,84.91333344392478,0.06499999999999995,9.2,0,32,200
161,27024,89.83333369903266,0.06499999999999995,8.45,0,35,200
162,27264,91.31166723556817,0.05500000000000005,8.725,0,30,200
163,27800,87.10833356063813,0.04500000000000004,9.365,0,31,200
164,27960,90.05666660144925,0.040000000000000036,9.31,0,31,200
165,28024,94.66833379026502,0.020000000000000018,8.675,0,39,200
166,28072,89.29500022996217,0.08499999999999996,7.965,0,35,200
167,28200,91.64999997243285,0.040000000000000036,8.73,0,35,200
168,28560,103.06166665162891,0.030000000000000027,8.125,0,29,200
169,28624,86.34666698426008,0.06000000000000005,8.95,0,33,200
170,28864,95.8766666278243,0.025000000000000022,8.83,0,33,200
171,29400,97.77666691504419,0.03500000000000003,8.2,0,34,200
172,29560,99.08999997936189,0.06999999999999995,7.74,0,27,200
173,29624,94.5850002868101,0.03500000000000003,8.475,0,36,200
174,29672,97.55833348445594,0.050000000000000044,9.005,0,20,200
175,29800,99.67166652996093,0.025000000000000022,8.395,0,32,200
176,30160,97.08666701801121,0.05500000000000005,8.71,0,21,200
177,30224,109.0433333767578,0.03500000000000003,7.46,0,29,200
178,30464,112.30833376664668,0.015000000000000013,7.595,0,29,200
179,31000,93.12999999616295,0.050000000000000044,8.4,0,34,200
180,31160,103.58833354245871,0.03500000000000003,7.625,0,32,200
181,31224,97.96500052604824,0.06499999999999995,8.775,0,16,200
182,31272,92.98500033468008,0.015000000000000013,9.675,0,30,200
183,31400,85.38666673470289,0.06499999999999995,9.43,0,29,200
184,31760,95.43666653055698,0.050000000000000044,8.98,0,24,200
185,31824,94.25833366625011,0.05500000000000005,7.985,0,35,200
186,32064,102.60000032465905,0.040000000000000036,8.22,0,23,200
187,32600,94.9666667142883,0.040000000000000036,8.92,0,28,200
188,32760,86.68000023532659,0.03500000000000003,9.48,0,36,200
189,32824,106.57833348121494,0.050000000000000044,7.385,0,27,200
190,32872,94.32499992195517,0.06499999999999995,8.235,0,29,200
191,33000,101.48166660126299,0.040000000000000036,8.425,0,25,200
192,33360,102.65666673798114,0.040000000000000036,7.66,0,34,200
193,33424,107.74500053282827,0.030000000000000027,7.605,0,29,200
194,33664,112.66166703309864,0.040000000000000036,7.285,0,23,200
195,34200,100.54333380050957,0.04500000000000004,7.94,0,32,200
196,34360,113.07166664674878,0.050000000000000044,7.345,0,18,200
197,34424,97.45499962382019,0.050000000000000044,9.135,0,20,200
198,34472,108.88999974541366,0.05500000000000005,8.04,0,14,200
199,34600,104.73666655644774,0.03500000000000003,8.38,0,23,200
200,34960,104.64333356823772,0.020000000000000018,8.21,0,31,200
201,35024,101.19333345722407,0.03500000000000003,8.87,0,21,200
202,35264,112.50333330966532,0.020000000000000018,7.88,0,21,200
203,35800,110.77833307627589,0.025000000000000022,7.745,0,24,200
204,35960,106.96166671905667,0.030000000000000027,7.975,0,23,200
205,36024,93.51166638173163,0.050000000000000044,8.275,0,38,200
206,36072,102.24500007834285,0.050000000000000044,8.235,0,22,200
207,36200,95.68166707456112,0.040000000000000036,9.175,0,24,200
208,36560,108.72666683606803,0.03500000000000003,8.29,0,16,200
209,36624,112.02833376079798,0.040000000000000036,7.505,0,22,200
210,36864,99.24000008869916,0.03500000000000003,8.88,0,25,200
211,37400,106.93166648503393,0.020000000000000018,7.945,0,28,200
212,37560,93.78833336476237,0.08999999999999997,8.645,0,19,200
213,37624,116.90666633751243,0.020000000000000018,7.51,0,19,200
214,37672,110.71166682988405,0.03500000000000003,7.555,0,24,200
215,37800,103.88500015437603,0.025000000000000022,8.055,0,31,200
216,38160,109.54333347734064,0.06499999999999995,7.16,0,21,200
217,38224,101.41333310957998,0.04500000000000004,8.06,0,28,200
218,38464,116.27166688069701,0.03500000000000003,7.255,0,21,200
219,39000,118.55999994557351,0.06999999999999995,6.63,0,12,200
220,39160,115.7316669151187,0.020000000000000018,7.315,0,26,200
221,39224,105.29666671063751,0.020000000000000018,8.71,0,22,200
222,39272,105.20833376608789,0.015000000000000013,8.825,0,23,200
223,39400,121.64166724309325,0.020000000000000018,7.225,0,17,200
224,39760,116.38000014331192,0.04500000000000004,7.53,0,12,200
225,39824,114.52166648954153,0.06000000000000005,6.565,0,21,200
226,40064,101.39000013284385,0.05500000000000005,8.64,0,19,200
227,40600,107.11000034958124,0.050000000000000044,7.53,0,26,200
228,40760,108.5216668387875,0.040000000000000036,7.825,0,21,200
229,40824,101.75666658487171,0.050000000000000044,8.41,0,22,200
230,40872,118.89833365287632,0.03500000000000003,6.905,0,19,200
231,41000,107.22500028461218,0.04500000000000004,7.575,0,26,200
232,41360,108.60333330649883,0.03500000000000003,8.24,0,18,200
233,41424,107.2016670210287,0.06999999999999995,7.015,0,28,200
234,41664,105.1100001251325,0.040000000000000036,8.64,0,16,200
235,42200,111.04666700959206,0.025000000000000022,8.32,0,17,200
236,42360,115.13833339884877,0.04500000000000004,7.505,0,14,200
237,42424,106.36666664388031,0.06499999999999995,7.72,0,20,200
238,42472,109.4166669016704,0.05500000000000005,7.48,0,23,200
239,42600,120.27666724473238,0.05500000000000005,6.73,0,13,200
240,42960,105.4283334761858,0.06499999999999995,7.865,0,19,200
241,43024,105.40333390142769,0.06000000000000005,8.09,0,18,200
242,43264,111.28666711878031,0.05500000000000005,7.33,0,21,200
243,43800,116.29999994114041,0.020000000000000018,7.29,0,22,200
244,43960,123.21833307296038,0.020000000000000018,7.205,0,16,200
245,44024,115.77833368629217,0.06000000000000005,6.875,0,17,200
246,44072,120.41666664835066,0.050000000000000044,6.91,0,14,200
247,44200,112.87500038091093,0.030000000000000027,7.905,0,19,200
248,44560,107.43000009935349,0.06999999999999995,7.14,0,22,200
249,44624,119.42999986931682,0.06000000000000005,6.69,0,15,200
250,44864,117.12666670884937,0.040000000000000036,7.24,0,16,200
251,45400,114.2050006641075,0.030000000000000027,7.965,0,17,200
252,45560,119.03333348408341,0.04500000000000004,6.62,0,19,200
253,45624,124.43333392962813,0.03500000000000003,6.47,0,16,200
254,45672,115.47666678484529,0.04500000000000004,7.48,0,14,200
255,45800,119.3700002124533,0.025000000000000022,7.11,0,19,200
256,46160,118.87166677042842,0.020000000000000018,7.525,0,17,200
257,46224,113.50833341386169,0.04500000000000004,7.385,0,21,200
258,46464,111.63166665937752,0.04500000000000004,7.405,0,23,200
259,47000,123.91000040993094,0.030000000000000027,6.84,0,15,200
260,47160,116.86500039324164,0.03500000000000003,7.695,0,11,200
261,47224,122.34166722372174,0.015000000000000013,7.375,0,15,200
262,47272,112.56500009726733,0.03500000000000003,7.755,0,19,200
263,47400,111.39833387359977,0.050000000000000044,7.505,0,19,200
264,47760,112.63333385717124,0.025000000000000022,8.69,0,10,200
265,47824,124.58999954536557,0.025000000000000022,6.87,0,17,200
266,48064,119.19999994337559,0.010000000000000009,7.59,0,19,200
267,48600,116.79333334416151,0.030000000000000027,7.76,0,13,200
268,48760,115.98000042047352,0.05500000000000005,7.17,0,17,200
269,48824,118.66500017419457,0.030000000000000027,7.365,0,19,200
270,48872,123.03166706115007,0.025000000000000022,7.105,0,15,200
271,49000,119.02166683599353,0.030000000000000027,7.525,0,15,200
272,49360,122.9016669979319,0.015000000000000013,6.955,0,20,200
273,49424,110.21166701894253,0.06499999999999995,7.945,0,10,200
274,49664,117.05500015243888,0.03500000000000003,7.155,0,19,200
275,50200,126.45333383977413,0.03500000000000003,6.8,0,9,200
276,50360,117.22833282127976,0.050000000000000044,7.445,0,12,200
277,50424,125.19333306699991,0.020000000000000018,6.95,0,16,200
278,50472,115.31333307549357,0.025000000000000022,7.82,0,18,200
279,50600,131.771666591987,0.025000000000000022,5.905,0,19,200
280,50960,120.01666654553264,0.050000000000000044,6.82,0,15,200
281,51024,128.1333338227123,0.04500000000000004,5.96,0,15,200
282,51264,117.02500024810433,0.05500000000000005,7.395,0,10,200
283,51800,129.41166620701551,0.020000000000000018,7.105,0,7,200
284,51960,126.62499994691461,0.030000000000000027,6.825,0,13,200
285,52024,120.87833343073726,0.03500000000000003,7.175,0,15,200
286,52072,119.6883331341669,0.05500000000000005,7.325,0,8,200
287,52200,127.90999996289611,0.030000000000000027,6.39,0,16,200
288,52560,123.27499979734421,0.03500000000000003,7.455,0,7,200
289,52624,110.11666693910956,0.06999999999999995,7.36,0,18,200
290,52864,122.29999969154596,0.03500000000000003,6.87,0,15,200
291,53400,112.28833329677582,0.08499999999999996,6.755,0,19,200
292,53560,131.75500079244375,0.03500000000000003,6.195,0,10,200
293,53624,123.95833237841725,0.020000000000000018,7.595,0,9,200
294,53672,120.16166712716222,0.06499999999999995,6.895,0,11,200
295,53800,123.55499967932701,0.050000000000000044,7.065,0,8,200
296,54160,127.48000011220574,0.040000000000000036,6.24,0,17,200
297,54224,126.08166705351323,0.025000000000000022,6.835,0,16,200
298,54464,126.15500021725893,0.020000000000000018,6.915,0,17,200
299,55000,131.28666601330042,0.04500000000000004,6.1,0,9,200
300,55160,135.7183334827423,0.020000000000000018,6.125,0,11,200
301,55224,124.12666644528508,0.020000000000000018,7.15,0,15,200
302,55272,130.1683340743184,0.03500000000000003,6.335,0,13,200
303,55400,132.21333350241184,0.03500000000000003,6.35,0,8,200
304,55760,126.85499954875559,0.04500000000000004,6.765,0,6,200
305,55824,123.30000026524067,0.06999999999999995,6.39,0,12,200
306,56064,134.13333408534527,0.010000000000000009,6.11,0,16,200
307,56600,111.19833318144083,0.06499999999999995,7.895,0,10,200
308,56760,128.6649997793138,0.030000000000000027,6.915,0,8,200
309,56824,133.79333341121674,0.020000000000000018,6.26,0,14,200
310,56872,128.0116667225957,0.040000000000000036,6.775,0,8,200
311,57000,129.73333372920752,0.03500000000000003,6.32,0,12,200
312,57360,118.82166719809175,0.050000000000000044,6.865,0,18,200
313,57424,121.9683335646987,0.050000000000000044,6.875,0,14,200
314,57664,122.8866662606597,0.04500000000000004,7.3,0,8,200
315,58200,125.23333356529474,0.025000000000000022,7.58,0,7,200
316,58360,126.59000015258789,0.050000000000000044,6.6,0,9,200
317,58424,127.36333378404379,0.040000000000000036,6.65,0,13,200
318,58472,138.8166669458151,0.025000000000000022,6.07,0,5,200
319,58600,122.80666639655828,0.05500000000000005,6.91,0,8,200
320,58960,131.71166661381721,0.04500000000000004,6.205,0,9,200
321,59024,124.98000026121736,0.05500000000000005,6.66,0,8,200
322,59264,129.6816663481295,0.06000000000000005,5.905,0,10,200
323,59800,129.6883333772421,0.06000000000000005,5.915,0,10,200
324,59960,136.12999989837408,0.025000000000000022,6.24,0,6,200
325,60024,131.53666539862752,0.03500000000000003,6.34,0,10,200
326,60072,117.7716668099165,0.06499999999999995,6.655,0,16,200
327,60200,126.4666673913598,0.03500000000000003,6.64,0,14,200
328,60560,123.88166725635529,0.06999999999999995,6.625,0,6,200
329,60624,114.89833357930183,0.06499999999999995,7.295,0,14,200
330,60864,124.48666681628674,0.05500000000000005,6.73,0,9,200
331,61400,137.6133343204856,0.015000000000000013,6.35,0,8,200
332,61560,124.79666750878096,0.07499999999999996,6.49,0,7,200
333,61624,136.01833426952362,0.015000000000000013,6.425,0,7,200
334,61672,124.07166657596827,0.04500000000000004,7.015,0,9,200
335,61800,123.51333367079496,0.06000000000000005,7.07,0,4,200
336,62160,129.7416671840474,0.06499999999999995,5.905,0,8,200
337,62224,130.47166661173105,0.06000000000000005,6.055,0,6,200
338,62464,126.5216661542654,0.050000000000000044,6.835,0,7,200
339,63000,146.9733331799507,0.015000000000000013,5.42,0,4,200
340,63160,132.10666678845882,0.050000000000000044,6.19,0,6,200
341,63224,131.703333966434,0.08499999999999996,5.6,0,3,200
342,63272,132.47833366692066,0.050000000000000044,6.155,0,7,200
343,63400,127.32166682183743,0.07999999999999996,6.535,0,0,200
344,63760,128.00166726857424,0.040000000000000036,6.895,0,7,200
345,63824,138.09166713058949,0.03500000000000003,5.965,0,6,200
346,64064,127.34499917924404,0.04500000000000004,6.825,0,7,200
347,64600,138.07999962568283,0.030000000000000027,6.03,0,6,200
348,64760,124.21499983221292,0.040000000000000036,7.275,0,7,200
349,64824,138.68666623532772,0.04500000000000004,5.71,0,4,200
350,64872,129.79500044882298,0.06000000000000005,6.255,0,5,200
351,65000,126.49166674911976,0.07999999999999996,6.175,0,7,200
352,65360,140.86500084400177,0.030000000000000027,5.805,0,6,200
353,65424,128.29999946802855,0.040000000000000036,7.08,0,4,200
354,65664,143.0216675316915,0.015000000000000013,5.875,0,4,200
355,66200,129.0633331676945,0.04500000000000004,6.47,0,10,200
356,66360,120.46666615828872,0.07499999999999996,6.79,0,8,200
357,66424,133.3500006645918,0.03500000000000003,6.57,0,5,200
358,66472,123.68499947246164,0.07999999999999996,6.135,0,10,200
359,66600,136.64333371818066,0.050000000000000044,5.54,0,9,200
360,66960,139.06166653335094,0.03500000000000003,5.815,0,5,200
361,67024,136.48833376169205,0.04500000000000004,5.945,0,4,200
362,67264,130.20166689157486,0.05500000000000005,6.145,0,10,200
363,67800,137.7250007390976,0.025000000000000022,6.405,0,3,200
364,67960,145.15500023961067,0.020000000000000018,5.745,0,2,200
365,68024,137.9299992620945,0.025000000000000022,6.51,0,1,200
366,68072,130.928332708776,0.08499999999999996,5.615,0,5,200
367,68200,134.53333316743374,0.050000000000000044,6.11,0,5,200
368,68560,121.07666696608067,0.125,6.25,0,0,200
369,68624,138.26833390071988,0.030000000000000027,6.005,0,5,200
370,68864,133.58499938249588,0.050000000000000044,6.285,0,4,200
371,69400,130.64000046253204,0.040000000000000036,6.6,0,7,200
372,69560,134.0066665187478,0.06999999999999995,5.59,0,5,200
373,69624,135.96500123292208,0.030000000000000027,6.195,0,5,200
374,69672,132.55833376571536,0.04500000000000004,6.395,0,4,200
375,69800,137.8283335417509,0.05500000000000005,5.615,0,4,200
376,70160,134.701666995883,0.05500000000000005,5.755,0,7,200
377,70224,134.93166589736938,0.06000000000000005,5.875,0,4,200
378,70464,131.9683339893818,0.06000000000000005,5.885,0,8,200
379,71000,140.41999920457602,0.020000000000000018,6.21,0,4,200
380,71160,143.0716668739915,0.04500000000000004,5.395,0,2,200
381,71224,139.80166685581207,0.030000000000000027,5.995,0,3,200
382,71272,148.76666705310345,0.03500000000000003,4.93,0,3,200
383,71400,136.12833373248577,0.05500000000000005,5.615,0,5,200
384,71760,139.05166713893414,0.050000000000000044,5.605,0,5,200
385,71824,141.33666613698006,0.040000000000000036,5.86,0,1,200
386,72064,134.15500025451183,0.04500000000000004,6.555,0,1,200
387,72600,126.37666615843773,0.04500000000000004,6.7,0,10,200
388,72760,140.5216668099165,0.030000000000000027,5.875,0,5,200
389,72824,134.60666569322348,0.040000000000000036,6.37,0,4,200
390,72872,136.9799994379282,0.040000000000000036,5.85,0,7,200
391,73000,137.15500009804964,0.06499999999999995,5.535,0,3,200
392,73360,119.01999980956316,0.07999999999999996,6.75,0,10,200
393,73424,138.48499933630228,0.050000000000000044,5.565,0,6,200
394,73664,138.21333342790604,0.040000000000000036,6.05,0,1,200
395,74200,143.9433332234621,0.04500000000000004,5.27,0,1,200
396,74360,137.97000016272068,0.03500000000000003,5.94,0,5,200
397,74424,144.54666654765606,0.050000000000000044,5.05,0,2,200
398,74472,131.71333396062255,0.08499999999999996,5.39,0,6,200
399,74600,133.0200006812811,0.07499999999999996,5.79,0,3,200
400,74960,135.26999999582767,0.04500000000000004,6.42,0,0,200
401,75024,134.83166709542274,0.07499999999999996,5.305,0,7,200
402,75264,134.21666775643826,0.06499999999999995,5.95,0,2,200
403,75800,132.6766666509211,0.07999999999999996,5.59,0,3,200
404,75960,138.51499965786934,0.06000000000000005,5.625,0,1,200
405,76024,141.71500059962273,0.020000000000000018,5.955,0,5,200
406,76072,132.37166768312454,0.04500000000000004,6.625,0,3,200
407,76200,129.2150008380413,0.05500000000000005,6.585,0,3,200
408,76560,136.64833316206932,0.05500000000000005,5.585,0,7,200
409,76624,123.17333306372166,0.08499999999999996,6.56,0,5,200
410,76864,148.2833335250616,0.010000000000000009,5.63,0,2,200
411,77400,119.70000104606152,0.135,5.88,0,3,200
412,77560,134.14833441376686,0.05500000000000005,6.215,0,3,200
413,77624,139.03000020235777,0.05500000000000005,5.49,0,4,200
414,77672,122.92833396792412,0.08999999999999997,6.545,0,3,200
415,77800,141.4716663658619,0.040000000000000036,5.665,0,3,200
416,78160,131.84166656434536,0.08499999999999996,5.605,0,5,200
417,78224,140.2383337020874,0.06000000000000005,5.255,0,3,200
418,78464,141.66166654229164,0.040000000000000036,5.695,0,2,200
419,79000,128.50833271443844,0.06999999999999995,6.335,0,5,200
420,79160,127.19333387166262,0.040000000000000036,7.22,0,5,200
421,79224,136.47333320230246,0.040000000000000036,6.08,0,5,200
422,79272,134.84499983489513,0.07499999999999996,5.805,0,1,200
423,79400,139.39166623353958,0.030000000000000027,6.085,0,4,200
424,79760,144.37333243340254,0.040000000000000036,5.36,0,2,200
425,79824,143.78999957442284,0.04500000000000004,5.16,0,5,200
426,80064,135.1583334878087,0.05500000000000005,5.855,0,6,200
427,80600,142.388333812356,0.020000000000000018,6.095,0,2,200
428,80760,142.33833242952824,0.03500000000000003,5.405,0,8,200
429,80824,132.84166626632214,0.05500000000000005,6.235,0,4,200
430,80872,136.79333317279816,0.06000000000000005,5.96,0,0,200
431,81000,141.80999994277954,0.050000000000000044,5.43,0,3,200
432,81360,144.01166703552008,0.030000000000000027,5.605,0,3,200
433,81424,139.99500082433224,0.040000000000000036,5.685,0,4,200
434,81664,143.34000004827976,0.025000000000000022,6.0,0,1,200
435,82200,138.56499978061765,0.05500000000000005,5.505,0,4,200
436,82360,129.24999906122684,0.06499999999999995,6.57,0,1,200
437,82424,133.82833442837,0.05500000000000005,6.155,0,4,200
438,82472,138.89333446323872,0.05500000000000005,5.69,0,3,200
439,82600,131.48333360254765,0.08499999999999996,5.72,0,4,200
440,82960,146.24000051617622,0.030000000000000027,5.34,0,3,200
441,83024,143.61333353817463,0.025000000000000022,5.66,0,4,200
442,83264,125.87166623026133,0.08999999999999997,6.325,0,3,200
443,83800,137.49833289533854,0.06000000000000005,5.675,0,3,200
444,83960,137.514999255538,0.04500000000000004,6.105,0,2,200
445,84024,149.1449993699789,0.03500000000000003,4.935,0,2,200
446,84072,133.36000016331673,0.05500000000000005,6.42,0,1,200
447,84200,135.44166742265224,0.04500000000000004,5.905,0,6,200
448,84560,142.54000034928322,0.040000000000000036,5.52,0,3,200
449,84624,138.58666594326496,0.04500000000000004,5.74,0,4,200
450,84864,140.31666654348373,0.05500000000000005,5.53,0,2,200
451,85400,127.0033335275948,0.08999999999999997,5.96,0,7,200
452,85560,137.42333403229713,0.03500000000000003,6.23,0,3,200
453,85624,143.24833285808563,0.040000000000000036,5.555,0,3,200
454,85672,146.04000096023083,0.040000000000000036,5.28,0,1,200
455,85800,145.25333359837532,0.050000000000000044,5.12,0,2,200
456,86160,132.84333336353302,0.09499999999999997,5.24,0,4,200
457,86224,131.29166745394468,0.05500000000000005,6.415,0,5,200
458,86464,137.25333286821842,0.050000000000000044,5.96,0,3,200
459,87000,141.97833283245564,0.03500000000000003,5.675,0,4,200
460,87160,141.74166509509087,0.03500000000000003,5.785,0,3,200
461,87224,136.7999990582466,0.04500000000000004,6.12,0,0,200
462,87272,143.29333397746086,0.050000000000000044,5.15,0,4,200
463,87400,141.95333455502987,0.015000000000000013,6.17,0,3,200
464,87760,140.81000140309334,0.03500000000000003,5.7,0,6,200
465,87824,146.88666667044163,0.03500000000000003,5.17,0,2,200
466,88064,141.77166752517223,0.04500000000000004,5.485,0,4,200
467,88600,132.89833243191242,0.06999999999999995,5.945,0,4,200
468,88760,149.97499945759773,0.010000000000000009,5.295,0,4,200
469,88824,140.39166815578938,0.040000000000000036,5.995,0,1,200
470,88872,146.26499998569489,0.03500000000000003,5.385,0,1,200
471,89000,140.24666695296764,0.06499999999999995,5.29,0,2,200
472,89360,137.54499964416027,0.030000000000000027,6.465,0,2,200
473,89424,132.43166701495647,0.07499999999999996,5.905,0,3,200
474,89664,139.02666702866554,0.06499999999999995,5.47,0,1,200
475,90200,135.89666656404734,0.06999999999999995,5.59,0,3,200
476,90360,145.83000074326992,0.040000000000000036,5.22,0,2,200
477,90424,139.75500024855137,0.050000000000000044,5.505,0,5,200
478,90472,141.831666842103,0.03500000000000003,5.635,0,4,200
479,90600,138.80833258479834,0.050000000000000044,5.375,0,8,200
480,90960,140.68666630983353,0.05500000000000005,5.41,0,2,200
481,91024,141.13499969244003,0.03500000000000003,5.775,0,4,200
482,91264,133.42333360016346,0.07999999999999996,5.78,0,2,200
483,91800,140.60333302617073,0.04500000000000004,5.75,0,2,200
484,91960,142.16166552901268,0.06000000000000005,5.185,0,2,200
485,92024,139.92333236243576,0.03500000000000003,6.02,0,2,200
486,92072,140.91666680574417,0.06499999999999995,5.11,0,2,200
487,92200,135.22999995201826,0.07999999999999996,5.34,0,4,200
488,92560,130.99666656553745,0.07499999999999996,6.22,0,0,200
489,92624,144.3599997907877,0.015000000000000013,6.03,0,2,200
490,92864,145.37333407998085,0.03500000000000003,5.45,0,2,200
491,93400,136.17166693508625,0.05500000000000005,5.905,0,4,200
492,93560,146.88500003516674,0.010000000000000009,5.985,0,0,200
493,93624,137.05333191156387,0.04500000000000004,6.17,0,2,200
494,93672,148.62333343923092,0.025000000000000022,5.21,0,3,200
495,93800,145.38499975204468,0.015000000000000013,6.075,0,0,200
496,94160,140.586665853858,0.050000000000000044,5.59,0,2,200
497,94224,135.9050002247095,0.06000000000000005,5.775,0,5,200
498,94464,118.7349998652935,0.10999999999999999,6.345,0,7,200
499,95000,139.6133327484131,0.040000000000000036,5.84,0,4,200
500,95160,119.48166632652283,0.13,6.055,0,4,200
501,95224,142.86333341896534,0.040000000000000036,5.51,0,3,200
502,95272,142.36333403736353,0.020000000000000018,6.17,0,2,200
503,95400,145.94999919831753,0.040000000000000036,5.31,0,0,200
504,95760,148.0600009560585,0.03500000000000003,5.1,0,2,200
505,95824,140.1749993264675,0.04500000000000004,5.835,0,1,200
506,96064,141.02000050246716,0.040000000000000036,5.79,0,2,200
507,96600,139.6333331465721,0.030000000000000027,6.26,0,1,200
508,96760,140.3533329591155,0.015000000000000013,6.29,0,5,200
509,96824,142.27833384275436,0.03500000000000003,5.795,0,1,200
510,96872,133.09333264827728,0.06999999999999995,5.96,0,3,200
511,97000,138.59166595339775,0.07499999999999996,5.155,0,3,200
512,97360,142.4500004351139,0.050000000000000044,5.46,0,1,200
513,97424,133.74333322048187,0.06499999999999995,5.99,0,3,200
514,97664,145.5899997651577,0.03500000000000003,5.4,0,1,200
515,98200,136.72333279252052,0.050000000000000044,6.02,0,3,200
516,98360,139.47833225131035,0.030000000000000027,6.125,0,4,200
517,98424,134.27833396196365,0.06000000000000005,5.975,0,3,200
518,98472,144.47833369672298,0.06000000000000005,5.045,0,0,200
519,98600,145.0483327358961,0.05500000000000005,4.925,0,2,200
520,98960,137.50333361327648,0.050000000000000044,6.05,0,1,200
521,99024,141.41000095009804,0.06000000000000005,5.4,0,0,200
522,99264,145.8916667997837,0.05500000000000005,4.975,0,0,200
523,99800,144.83333295583725,0.050000000000000044,5.15,0,1,200
524,99960,145.3266660273075,0.05500000000000005,5.02,0,1,200
525,100024,138.214999884367,0.04500000000000004,5.985,0,3,200
526,100072,151.34500163793564,0.030000000000000027,4.785,0,2,200
527,100200,146.8333326280117,0.03500000000000003,5.3,0,1,200
528,100560,140.13333374261856,0.05500000000000005,5.54,0,2,200
529,100624,139.4599995687604,0.03500000000000003,6.0,0,4,200
530,100864,138.66166603565216,0.050000000000000044,5.785,0,3,200
531,101400,138.68833276629448,0.03500000000000003,6.125,0,3,200
532,101560,136.79833349585533,0.04500000000000004,6.275,0,1,200
533,101624,143.5250004446134,0.040000000000000036,5.535,0,1,200
534,101672,146.8583328872919,0.020000000000000018,5.705,0,1,200
535,101800,135.46999983489513,0.050000000000000044,6.03,0,5,200
536,102160,139.7283333837986,0.05500000000000005,5.675,0,1,200
537,102224,141.05499935150146,0.040000000000000036,5.775,0,2,200
538,102464,130.66499996185303,0.07499999999999996,5.955,0,5,200
539,103000,138.06500025838614,0.06999999999999995,4.935,0,9,200
540,103160,138.704999640584,0.07999999999999996,5.115,0,1,200
541,103224,144.04000049829483,0.06000000000000005,4.77,0,4,200
542,103272,131.9100009277463,0.040000000000000036,6.6,0,5,200
543,103400,145.5116676390171,0.03500000000000003,5.455,0,1,200
544,103760,138.35500045120716,0.04500000000000004,6.105,0,1,200
545,103824,141.0433334261179,0.06499999999999995,5.06,0,4,200
546,104064,144.62333416938782,0.04500000000000004,5.21,0,2,200
547,104600,135.4850004464388,0.09499999999999997,5.145,0,2,200
548,104760,134.7783329486847,0.04500000000000004,6.485,0,1,200
549,104824,149.14999987185,0.03500000000000003,4.89,0,4,200
550,104872,142.47000155597925,0.04500000000000004,5.43,0,4,200
551,105000,131.8349997997284,0.06499999999999995,6.105,0,6,200
552,105360,145.2516675889492,0.04500000000000004,4.945,0,6,200
553,105424,148.6516665071249,0.015000000000000013,5.575,0,1,200
554,105664,142.0766664808616,0.040000000000000036,5.35,0,6,200
555,106200,137.65833405405283,0.06999999999999995,5.435,0,2,200
556,106360,139.67000094801188,0.040000000000000036,5.88,0,3,200
557,106424,142.77333371341228,0.03500000000000003,5.78,0,1,200
558,106472,147.78999961912632,0.020000000000000018,5.28,0,5,200
559,106600,145.881667599082,0.030000000000000027,5.515,0,1,200
560,106960,147.33166643977165,0.03500000000000003,5.155,0,3,200
561,107024,143.88833278417587,0.050000000000000044,5.255,0,2,200
562,107264,142.82666774094105,0.050000000000000044,5.35,0,2,200
563,107800,151.04833386838436,0.025000000000000022,5.165,0,0,200
564,107960,145.5149995982647,0.04500000000000004,4.995,0,4,200
565,108024,136.3633321672678,0.05500000000000005,5.96,0,3,200
566,108072,141.32666611671448,0.04500000000000004,5.65,0,2,200
567,108200,141.39166653901339,0.03500000000000003,5.875,0,2,200
568,108560,143.40333372354507,0.04500000000000004,5.54,0,1,200
569,108624,136.0116672217846,0.06499999999999995,5.785,0,2,200
570,108864,136.6399990618229,0.07999999999999996,5.55,0,0,200
571,109400,143.4700005352497,0.06000000000000005,4.89,0,4,200
572,109560,142.86333411931992,0.025000000000000022,5.96,0,2,200
573,109624,145.03166581690311,0.03500000000000003,5.515,0,1,200
574,109672,132.93333272635937,0.07499999999999996,5.9,0,3,200
575,109800,147.3199975937605,0.025000000000000022,5.49,0,2,200
576,110160,134.4416674822569,0.08499999999999996,5.365,0,4,200
577,110224,146.08500063419342,0.050000000000000044,4.905,0,3,200
578,110464,140.08499894291162,0.040000000000000036,6.045,0,1,200
579,111000,144.83833327889442,0.04500000000000004,5.165,0,3,200
580,111160,143.00333367288113,0.050000000000000044,5.3,0,2,200
581,111224,148.5366666391492,0.04500000000000004,4.72,0,3,200
582,111272,140.27666692435741,0.050000000000000044,5.74,0,1,200
583,111400,134.11666676402092,0.06499999999999995,5.92,0,4,200
584,111760,147.36333429813385,0.030000000000000027,5.18,0,4,200
585,111824,145.57333342731,0.03500000000000003,5.21,0,5,200
586,112064,141.00333306193352,0.050000000000000044,5.63,0,1,200
587,112600,146.36500039696693,0.020000000000000018,5.655,0,2,200
588,112760,140.17999966442585,0.06999999999999995,5.13,0,2,200
589,112824,133.0233319401741,0.050000000000000044,6.32,0,4,200
590,112872,144.14999997615814,0.03500000000000003,5.58,0,2,200
591,113000,153.33166702091694,0.025000000000000022,4.765,0,1,200
592,113360,147.12000034749508,0.04500000000000004,4.92,0,3,200
593,113424,149.96499994397163,0.030000000000000027,5.055,0,2,200
594,113664,140.8849994391203,0.03500000000000003,5.955,0,2,200
595,114200,144.5199996009469,0.06000000000000005,4.77,0,4,200
596,114360,139.44333416596055,0.06999999999999995,5.21,0,2,200
597,114424,151.65833334624767,0.020000000000000018,5.045,0,2,200
598,114472,151.25000116229057,0.020000000000000018,5.1,0,2,200
599,114600,145.54999996721745,0.03500000000000003,5.43,0,2,200
600,114960,149.5716650635004,0.020000000000000018,5.335,0,2,200
601,115024,135.20000010728836,0.06000000000000005,6.0,0,2,200
602,115264,139.84833389520645,0.06000000000000005,5.555,0,1,200
603,115800,146.73166567087173,0.03500000000000003,5.275,0,2,200
604,115960,147.87166668474674,0.010000000000000009,5.515,0,6,200
605,116024,137.58833329379559,0.05500000000000005,5.975,0,0,200
606,116072,140.5033336877823,0.06999999999999995,5.15,0,2,200
607,116200,142.7849995791912,0.03500000000000003,5.895,0,0,200
608,116560,146.55833338201046,0.03500000000000003,5.225,0,3,200
609,116624,129.61166551709175,0.07999999999999996,6.145,0,3,200
610,116864,136.16499941051006,0.06499999999999995,5.865,0,1,200
611,117400,145.9733330309391,0.040000000000000036,5.21,0,3,200
612,117560,144.66166661679745,0.06000000000000005,4.855,0,3,200
613,117624,137.36666718125343,0.04500000000000004,6.19,0,1,200
614,117672,119.1083340793848,0.13,5.975,0,6,200
615,117800,144.6150001436472,0.04500000000000004,5.325,0,1,200
616,118160,145.95666639506817,0.030000000000000027,5.44,0,3,200
617,118224,131.88833351433277,0.07499999999999996,6.005,0,3,200
618,118464,139.9716668576002,0.05500000000000005,5.605,0,2,200
619,119000,140.45999935269356,0.030000000000000027,5.94,0,5,200
620,119160,144.60500013828278,0.05500000000000005,5.025,0,2,200
621,119224,145.1066679507494,0.040000000000000036,5.29,0,3,200
622,119272,148.70166724920273,0.030000000000000027,5.215,0,1,200
623,119400,144.69500065594912,0.05500000000000005,4.845,0,4,200
624,119760,144.4333342164755,0.06000000000000005,4.97,0,1,200
625,119824,138.09500144422054,0.06999999999999995,5.415,0,2,200
626,120064,147.4116663634777,0.03500000000000003,5.185,0,2,200
627,120600,142.02833301573992,0.050000000000000044,5.315,0,4,200
628,120760,144.90000021457672,0.050000000000000044,5.13,0,2,200
629,120824,139.08333314955235,0.06000000000000005,5.51,0,3,200
630,120872,147.5649989247322,0.03500000000000003,5.295,0,0,200
631,121000,138.33000031113625,0.08999999999999997,4.83,0,3,200
632,121360,142.479999512434,0.03500000000000003,5.76,0,2,200
633,121424,153.26666659116745,0.020000000000000018,4.93,0,1,200
634,121664,135.22333350777626,0.07499999999999996,5.33,0,6,200
635,122200,141.58333384990692,0.06000000000000005,5.12,0,4,200
636,122360,136.31666634976864,0.06999999999999995,5.68,0,2,200
637,122424,141.06166651844978,0.06999999999999995,5.095,0,2,200
638,122472,136.39333349466324,0.06999999999999995,5.51,0,4,200
639,122600,143.58333376049995,0.040000000000000036,5.54,0,2,200
640,122960,137.07166661322117,0.05500000000000005,5.995,0,2,200
641,123024,149.3899993300438,0.03500000000000003,5.04,0,0,200
642,123264,143.008332118392,0.050000000000000044,5.405,0,1,200
643,123800,141.10166636109352,0.05500000000000005,5.545,0,1,200
644,123960,142.5283336788416,0.06499999999999995,5.045,0,2,200
645,124024,144.22500011324883,0.06000000000000005,4.935,0,2,200
646,124072,153.3016658425331,0.025000000000000022,4.795,0,1,200
647,124200,146.9899999499321,0.04500000000000004,4.95,0,2,200
648,124560,134.45166563242674,0.06999999999999995,5.815,0,3,200
649,124624,128.1099999397993,0.07499999999999996,6.27,0,6,200
650,124864,146.87833347916603,0.020000000000000018,5.705,0,1,200
651,125400,139.78000028431416,0.06000000000000005,5.61,0,0,200
652,125560,143.66499944031239,0.05500000000000005,5.055,0,3,200
653,125624,136.76833420991898,0.06499999999999995,5.705,0,2,200
654,125672,138.6400000154972,0.06999999999999995,5.4,0,1,200
655,125800,149.2416661977768,0.03500000000000003,4.855,0,3,200
656,126160,144.15333358943462,0.040000000000000036,5.42,0,2,200
657,126224,152.68000005185604,0.020000000000000018,4.98,0,1,200
658,126464,142.75666611641645,0.050000000000000044,5.2,0,4,200
659,127000,134.31666646897793,0.07499999999999996,5.74,0,2,200
660,127160,145.29333339631557,0.06000000000000005,4.91,0,1,200
661,127224,141.0349998474121,0.06000000000000005,5.235,0,3,200
662,127272,138.43166659772396,0.06499999999999995,5.605,0,1,200
663,127400,140.6283333003521,0.05500000000000005,5.375,0,4,200
664,127760,140.58500078320503,0.06499999999999995,5.145,0,4,200
665,127824,138.97833451628685,0.04500000000000004,5.825,0,3,200
666,128064,152.3250009417534,0.020000000000000018,4.905,0,3,200
667,128600,139.5883337855339,0.06999999999999995,5.315,0,1,200
668,128760,144.22833482921124,0.030000000000000027,5.645,0,3,200
669,128824,146.63833266496658,0.050000000000000044,4.985,0,1,200
670,128872,146.4983343333006,0.04500000000000004,5.165,0,1,200
671,129000,135.8633336275816,0.07499999999999996,5.57,0,3,200
672,129360,150.30833506584167,0.03500000000000003,4.865,0,2,200
673,129424,136.45833306014538,0.07999999999999996,5.225,0,5,200
674,129664,137.4599997922778,0.07499999999999996,5.37,0,2,200
675,130200,138.0016664415598,0.05500000000000005,5.755,0,3,200
676,130360,140.50500005483627,0.040000000000000036,5.865,0,1,200
677,130424,129.48500055074692,0.06499999999999995,6.225,0,7,200
678,130472,144.7283341884613,0.04500000000000004,5.165,0,3,200
679,130600,140.34333370625973,0.05500000000000005,5.57,0,2,200
680,130960,153.30666632950306,0.025000000000000022,4.63,0,4,200
681,131024,147.3699994981289,0.04500000000000004,5.04,0,1,200
682,131264,141.6633329242468,0.04500000000000004,5.51,0,4,200
683,131800,148.00000122189522,0.020000000000000018,5.46,0,2,200
684,131960,146.39333167672157,0.025000000000000022,5.54,0,3,200
685,132024,147.59666649997234,0.03500000000000003,5.14,0,3,200
686,132072,129.94999866187572,0.09499999999999997,5.4,0,8,200
687,132200,150.01166589558125,0.025000000000000022,5.005,0,4,200
688,132560,149.4733339101076,0.040000000000000036,4.88,0,1,200
689,132624,142.92166562378407,0.06000000000000005,4.885,0,5,200
690,132864,142.74500043690205,0.06999999999999995,4.635,0,4,200
691,133400,137.26833379268646,0.06999999999999995,5.435,0,3,200
692,133560,144.60666674375534,0.050000000000000044,4.99,0,4,200
693,133624,148.37000031769276,0.04500000000000004,4.56,0,6,200
694,133672,133.59000012278557,0.06000000000000005,5.82,0,8,200
695,133800,135.00833296775818,0.09999999999999998,5.075,0,1,200
696,134160,150.46000117063522,0.030000000000000027,5.07,0,1,200
697,134224,143.9733333736658,0.06000000000000005,5.0,0,2,200
698,134464,143.39500042796135,0.06499999999999995,4.875,0,3,200
699,135000,143.8966670781374,0.04500000000000004,5.26,0,4,200
700,135160,139.81999948620796,0.06999999999999995,4.98,0,6,200
701,135224,145.3166664391756,0.025000000000000022,5.68,0,2,200
702,135272,144.16666667163372,0.04500000000000004,5.38,0,1,200
703,135400,144.3850003182888,0.030000000000000027,5.685,0,2,200
704,135760,128.5500006005168,0.07499999999999996,6.09,0,8,200
705,135824,135.47000081837177,0.06000000000000005,5.91,0,4,200
706,136064,143.42833437025547,0.050000000000000044,5.165,0,4,200
707,136600,150.97999954223633,0.010000000000000009,5.37,0,2,200
708,136760,149.24500101804733,0.03500000000000003,4.965,0,2,200
709,136824,137.7599995881319,0.06000000000000005,5.79,0,2,200
710,136872,147.31166633963585,0.03500000000000003,5.185,0,3,200
711,137000,135.61833301186562,0.07999999999999996,5.105,0,7,200
712,137360,143.0816671103239,0.06499999999999995,4.705,0,6,200
713,137424,144.1033335328102,0.050000000000000044,5.18,0,2,200
714,137664,148.1066656857729,0.04500000000000004,4.93,0,1,200
715,138200,138.19333258271217,0.040000000000000036,6.2,0,2,200
716,138360,138.8700013011694,0.05500000000000005,5.76,0,2,200
717,138424,142.82666698098183,0.04500000000000004,5.41,0,3,200
718,138472,153.90500050783157,0.020000000000000018,4.815,0,1,200
719,138600,139.26666648685932,0.06000000000000005,5.71,0,0,200
720,138960,140.55666591227055,0.06499999999999995,5.17,0,4,200
721,139024,139.88166680186987,0.06499999999999995,5.215,0,4,200
722,139264,135.54833386838436,0.06999999999999995,5.495,0,5,200
723,139800,150.23833249509335,0.025000000000000022,5.195,0,1,200
724,139960,149.5299984961748,0.050000000000000044,4.59,0,2,200
725,140024,150.66999977827072,0.030000000000000027,4.92,0,2,200
726,140072,141.98666612803936,0.030000000000000027,5.92,0,3,200
727,140200,152.8366674631834,0.020000000000000018,5.02,0,1,200
728,140560,145.37499833106995,0.040000000000000036,5.475,0,0,200
729,140624,150.53833313286304,0.025000000000000022,5.195,0,0,200
730,140864,148.30666805803776,0.03500000000000003,5.05,0,3,200
731,141400,154.02833423018456,0.015000000000000013,4.985,0,0,200
732,141560,144.94999879598618,0.04500000000000004,5.04,0,4,200
733,141624,147.47333335876465,0.050000000000000044,4.79,0,2,200
734,141672,143.44833387434483,0.050000000000000044,5.255,0,2,200
735,141800,141.0866659283638,0.05500000000000005,5.23,0,6,200
736,142160,148.0433324277401,0.030000000000000027,5.33,0,1,200
737,142224,143.05833365023136,0.040000000000000036,5.735,0,0,200
738,142464,150.80333295464516,0.03500000000000003,4.79,0,2,200
739,143000,155.6350001692772,0.025000000000000022,4.515,0,1,200
740,143160,148.0833331644535,0.050000000000000044,4.61,0,4,200
741,143224,139.07333329319954,0.07999999999999996,4.97,0,3,200
742,143272,149.10500167310238,0.03500000000000003,5.115,0,0,200
743,143400,135.95666529238224,0.09499999999999997,5.17,0,1,200
744,143760,138.92000031471252,0.06499999999999995,5.25,0,6,200
745,143824,141.35833264887333,0.04500000000000004,5.645,0,3,200
746,144064,143.06999933719635,0.015000000000000013,6.12,0,4,200
747,144600,143.03499940037727,0.030000000000000027,5.805,0,2,200
748,144760,133.33499993383884,0.07499999999999996,5.775,0,4,200
749,144824,146.04666709899902,0.06000000000000005,4.84,0,0,200
750,144872,138.87499983608723,0.07499999999999996,5.145,0,3,200
751,145000,136.6283334493637,0.06999999999999995,5.735,0,1,200
752,145360,140.458333671093,0.04500000000000004,5.795,0,2,200
753,145424,138.8616669625044,0.06000000000000005,5.635,0,2,200
754,145664,142.67166669666767,0.06499999999999995,5.155,0,0,200
755,146200,139.09666714072227,0.06000000000000005,5.68,0,1,200
756,146360,146.25333392620087,0.030000000000000027,5.51,0,1,200
757,146424,142.0016660541296,0.03500000000000003,5.845,0,2,200
758,146472,133.6049995869398,0.08499999999999996,5.565,0,2,200
759,146600,146.18666650354862,0.04500000000000004,5.11,0,2,200
760,146960,143.2383338958025,0.06000000000000005,5.135,0,2,200
761,147024,147.54666817188263,0.030000000000000027,5.38,0,1,200
762,147264,138.28500024974346,0.050000000000000044,5.685,0,6,200
763,147800,146.77000015974045,0.040000000000000036,5.13,0,3,200
764,147960,148.98666667938232,0.010000000000000009,5.68,0,1,200
765,148024,135.45833353698254,0.05500000000000005,5.825,0,7,200
766,148072,131.91499986499548,0.09499999999999997,5.445,0,4,200
767,148200,132.21833303570747,0.07499999999999996,5.765,0,6,200
768,148560,138.43166644871235,0.07999999999999996,4.975,0,4,200
769,148624,146.0133332759142,0.03500000000000003,5.18,0,5,200
770,148864,145.0116652995348,0.03500000000000003,5.575,0,1,200
771,149400,152.15500028431416,0.020000000000000018,4.905,0,3,200
772,149560,148.82333326339722,0.03500000000000003,5.12,0,0,200
773,149624,146.20500054955482,0.030000000000000027,5.325,0,4,200
774,149672,143.01166658103466,0.03500000000000003,5.875,0,0,200
775,149800,140.08000096678734,0.050000000000000044,5.46,0,5,200
776,150160,147.61000028252602,0.040000000000000036,5.04,0,2,200
777,150224,136.87666527926922,0.050000000000000044,6.01,0,4,200
778,150464,144.28833483159542,0.04500000000000004,5.225,0,4,200
779,151000,154.13333323597908,0.025000000000000022,4.79,0,0,200
780,151160,143.26333428919315,0.06000000000000005,5.03,0,3,200
781,151224,145.4050006121397,0.03500000000000003,5.235,0,5,200
782,151272,143.27833460271358,0.050000000000000044,5.345,0,2,200
783,151400,134.22000089287758,0.07499999999999996,5.73,0,3,200
784,151760,150.7383339703083,0.030000000000000027,4.895,0,2,200
785,151824,137.21333301067352,0.07999999999999996,5.3,0,2,200
786,152064,135.89833386987448,0.05500000000000005,5.975,0,4,200
787,152600,149.98499919474125,0.020000000000000018,5.235,0,2,200
788,152760,142.1966668665409,0.050000000000000044,5.47,0,2,200
789,152824,137.07833325862885,0.09499999999999997,4.895,0,3,200
790,152872,146.43666733801365,0.04500000000000004,5.08,0,2,200
791,153000,145.78333267569542,0.04500000000000004,5.18,0,2,200
792,153360,139.4749992787838,0.050000000000000044,5.655,0,4,200
793,153424,140.621666431427,0.05500000000000005,5.545,0,2,200
794,153664,136.54500032961369,0.06499999999999995,5.865,0,1,200
795,154200,137.76333282887936,0.07999999999999996,5.36,0,1,200
796,154360,141.5083333402872,0.050000000000000044,5.345,0,4,200
797,154424,143.48500050604343,0.040000000000000036,5.475,0,3,200
798,154472,140.2766653597355,0.04500000000000004,5.77,0,3,200
799,154600,138.26166632771492,0.050000000000000044,5.725,0,5,200
800,154960,146.4250003695488,0.040000000000000036,5.175,0,2,200
801,155024,142.7366665005684,0.050000000000000044,5.38,0,2,200
802,155264,139.26166580617428,0.06000000000000005,5.515,0,3,200
803,155800,143.1183339357376,0.05500000000000005,5.255,0,1,200
804,155960,146.58666637539864,0.040000000000000036,5.05,0,4,200
805,156024,145.4566660374403,0.04500000000000004,4.96,0,5,200
806,156072,144.30333340168,0.040000000000000036,5.39,0,3,200
807,156200,153.19333431124687,0.015000000000000013,5.03,0,1,200
808,156560,151.27166682481766,0.025000000000000022,4.705,0,5,200
809,156624,146.29666702449322,0.040000000000000036,5.23,0,2,200
810,156864,149.9149985164404,0.040000000000000036,4.905,0,1,200
811,157400,143.9333334863186,0.05500000000000005,5.21,0,1,200
812,157560,149.4783337712288,0.020000000000000018,5.225,0,3,200
813,157624,147.06499975919724,0.04500000000000004,4.995,0,2,200
814,157672,137.7450009137392,0.06999999999999995,5.145,0,8,200
815,157800,151.91666616499424,0.020000000000000018,5.11,0,1,200
816,158160,149.55166682600975,0.03500000000000003,4.855,0,3,200
817,158224,141.45333421230316,0.050000000000000044,5.57,0,2,200
818,158464,139.7016673386097,0.05500000000000005,5.515,0,4,200
819,159000,148.0000003874302,0.040000000000000036,5.07,0,1,200
820,159160,147.5466672629118,0.040000000000000036,4.99,0,3,200
821,159224,142.53166703879833,0.050000000000000044,5.425,0,2,200
822,159272,147.8416662365198,0.040000000000000036,4.705,0,7,200
823,159400,137.00666643679142,0.06000000000000005,5.56,0,6,200
824,159760,146.27499921619892,0.025000000000000022,5.505,0,4,200
825,159824,146.52166709303856,0.020000000000000018,5.605,0,3,200
826,160064,139.0316675901413,0.05500000000000005,5.875,0,0,200
827,160600,127.07166656851768,0.09499999999999997,5.965,0,5,200
828,160760,146.698332965374,0.04500000000000004,5.015,0,2,200
829,160824,149.63500027358532,0.03500000000000003,4.785,0,4,200
830,160872,149.30333170294762,0.030000000000000027,5.06,0,3,200
831,161000,147.55666515231133,0.050000000000000044,4.9,0,1,200
832,161360,146.8433336764574,0.04500000000000004,4.91,0,4,200
833,161424,140.7300005108118,0.05500000000000005,5.46,0,3,200
834,161664,148.24499960243702,0.050000000000000044,4.845,0,0,200
835,162200,125.79666692018509,0.09499999999999997,5.98,0,7,200
836,162360,146.58499932289124,0.05500000000000005,4.785,0,3,200
837,162424,145.26833407580853,0.05500000000000005,4.865,0,3,200
838,162472,137.68333347141743,0.05500000000000005,5.84,0,3,200
839,162600,137.95999990403652,0.07999999999999996,5.19,0,3,200
840,162960,146.59333300590515,0.040000000000000036,4.94,0,6,200
841,163024,141.22166608273983,0.06000000000000005,5.425,0,1,200
842,163264,141.1866658553481,0.04500000000000004,5.65,0,3,200
843,163800,138.33166486024857,0.07499999999999996,5.395,0,1,200
844,163960,140.74666805565357,0.05500000000000005,5.5,0,2,200
845,164024,153.61333291232586,0.04500000000000004,4.28,0,1,200
846,164072,136.32666628062725,0.06499999999999995,5.5,0,6,200
847,164200,141.881665751338,0.050000000000000044,5.545,0,2,200
848,164560,140.3333329707384,0.07499999999999996,5.09,0,2,200
849,164624,155.04999887943268,0.040000000000000036,4.35,0,0,200
850,164864,140.42666636407375,0.050000000000000044,5.62,0,3,200
851,165400,141.483333081007,0.040000000000000036,5.75,0,3,200
852,165560,127.3683335930109,0.10999999999999999,5.735,0,4,200
853,165624,134.66999973356724,0.08999999999999997,5.31,0,3,200
854,165672,139.583332285285,0.05500000000000005,5.63,0,2,200
855,165800,135.3316673785448,0.08499999999999996,5.395,0,3,200
856,166160,153.41333205997944,0.030000000000000027,4.7,0,1,200
857,166224,155.55166617035866,0.025000000000000022,4.435,0,3,200
858,166464,145.44666551053524,0.04500000000000004,5.38,0,0,200
859,167000,150.34666565060616,0.04500000000000004,4.69,0,1,200
860,167160,151.25000037252903,0.020000000000000018,5.07,0,2,200
861,167224,152.64333333075047,0.020000000000000018,5.06,0,1,200
862,167272,134.04666593670845,0.05500000000000005,5.95,0,8,200
863,167400,139.23833326995373,0.05500000000000005,5.765,0,1,200
864,167760,152.1516663134098,0.03500000000000003,4.645,0,2,200
865,167824,142.02166706323624,0.06499999999999995,5.065,0,3,200
866,168064,137.2266664877534,0.07999999999999996,5.23,0,4,200
867,168600,145.25833356380463,0.050000000000000044,5.045,0,3,200
868,168760,149.9249997138977,0.040000000000000036,4.755,0,3,200
869,168824,137.86333346366882,0.05500000000000005,5.69,0,5,200
870,168872,144.4316669255495,0.03500000000000003,5.335,0,5,200
871,169000,147.09833373129368,0.03500000000000003,5.285,0,2,200
872,169360,151.51499930024147,0.040000000000000036,4.665,0,1,200
873,169424,156.4733348339796,0.010000000000000009,4.82,0,1,200
874,169664,134.0383342206478,0.09499999999999997,5.225,0,4,200
875,170200,139.62333346903324,0.05500000000000005,5.36,0,7,200
876,170360,152.374999076128,0.025000000000000022,4.905,0,1,200
877,170424,138.06333482265472,0.06000000000000005,5.6,0,4,200
878,170472,147.16666494309902,0.050000000000000044,4.9,0,2,200
879,170600,130.79833307862282,0.09999999999999998,5.525,0,3,200
880,170960,137.1766678392887,0.09999999999999998,4.72,0,4,200
881,171024,146.88000048696995,0.050000000000000044,5.01,0,0,200
882,171264,145.51166597008705,0.06499999999999995,4.615,0,3,200
883,171800,148.50499944388866,0.030000000000000027,5.145,0,2,200
884,171960,148.58999952673912,0.050000000000000044,4.71,0,2,200
885,172024,145.56333285570145,0.06499999999999995,4.67,0,3,200
886,172072,134.76666636765003,0.06499999999999995,5.8,0,5,200
887,172200,135.5433328449726,0.07499999999999996,5.48,0,5,200
888,172560,141.70666617155075,0.06000000000000005,5.2,0,3,200
889,172624,147.33833311498165,0.040000000000000036,5.195,0,1,200
890,172864,123.56166658550501,0.12,6.085,0,1,200
891,173400,128.79500018060207,0.09999999999999998,5.685,0,5,200
892,173560,151.86166583001614,0.030000000000000027,4.825,0,2,200
893,173624,152.1999994367361,0.04500000000000004,4.38,0,2,200
894,173672,144.23499873280525,0.04500000000000004,5.355,0,2,200
895,173800,136.69666685909033,0.06499999999999995,5.68,0,3,200
896,174160,143.49000026285648,0.04500000000000004,5.07,0,7,200
897,174224,143.95666621625423,0.050000000000000044,5.14,0,4,200
898,174464,149.563332721591,0.04500000000000004,4.79,0,1,200
899,175000,144.67666670680046,0.050000000000000044,5.05,0,4,200
900,175160,145.6649994701147,0.06499999999999995,4.455,0,5,200
901,175224,142.46500089764595,0.06499999999999995,5.205,0,0,200
902,175272,137.58500011265278,0.06000000000000005,5.595,0,5,200
903,175400,150.7749993056059,0.04500000000000004,4.725,0,0,200
904,175760,138.77000123262405,0.06000000000000005,5.25,0,8,200
905,175824,144.8899994045496,0.06000000000000005,4.89,0,2,200
906,176064,137.4649991840124,0.07499999999999996,5.535,0,1,200
907,176600,141.77333363890648,0.040000000000000036,5.72,0,3,200
908,176760,145.2716679275036,0.040000000000000036,5.245,0,4,200
909,176824,147.92500045895576,0.03500000000000003,5.145,0,2,200
910,176872,140.51000107824802,0.07499999999999996,5.01,0,3,200
911,177000,136.7583341151476,0.08999999999999997,5.105,0,3,200
912,177360,149.42000044882298,0.015000000000000013,5.34,0,4,200
913,177424,147.3633333146572,0.030000000000000027,5.39,0,1,200
914,177664,136.65166510641575,0.06499999999999995,5.695,0,3,200
915,178200,131.42166671156883,0.07499999999999996,5.845,0,7,200
916,178360,150.59333200752735,0.040000000000000036,4.73,0,2,200
917,178424,153.2950001657009,0.020000000000000018,4.935,0,1,200
918,178472,145.6050010472536,0.05500000000000005,5.055,0,0,200
919,178600,138.72166727483273,0.06000000000000005,5.425,0,5,200
920,178960,133.86166605353355,0.09499999999999997,5.305,0,3,200
921,179024,143.0883336365223,0.050000000000000044,5.165,0,5,200
922,179264,149.15500065684319,0.025000000000000022,5.145,0,3,200
923,179800,140.549999833107,0.05500000000000005,5.55,0,2,200
924,179960,144.08833408355713,0.04500000000000004,5.135,0,5,200
925,180024,151.38666614890099,0.03500000000000003,4.72,0,2,200
926,180072,140.50833304226398,0.06000000000000005,5.375,0,3,200
927,180200,148.46499890089035,0.04500000000000004,4.725,0,4,200
928,180560,140.51500000059605,0.07499999999999996,4.995,0,3,200
929,180624,138.04333418607712,0.07999999999999996,5.09,0,4,200
930,180864,139.10166537761688,0.05500000000000005,5.455,0,6,200
931,181400,143.6083320826292,0.05500000000000005,5.015,0,5,200
932,181560,137.6183330565691,0.07499999999999996,5.075,0,7,200
933,181624,149.4116672128439,0.015000000000000013,5.545,0,1,200
934,181672,157.6783328205347,0.020000000000000018,4.445,0,1,200
935,181800,135.6016656756401,0.06999999999999995,5.605,0,5,200
936,182160,153.35833272337914,0.025000000000000022,4.805,0,1,200
937,182224,147.21666662395,0.03500000000000003,5.23,0,2,200
938,182464,149.26666702330112,0.04500000000000004,4.54,0,5,200
939,183000,141.40666660666466,0.050000000000000044,5.35,0,5,200
940,183160,135.03166738152504,0.06999999999999995,5.515,0,7,200
941,183224,146.07499977946281,0.06000000000000005,4.725,0,3,200
942,183272,130.06666705012321,0.07499999999999996,6.22,0,4,200
943,183400,145.5400012433529,0.05500000000000005,5.04,0,1,200
944,183760,135.79166762530804,0.07499999999999996,5.665,0,2,200
945,183824,139.9583333581686,0.07499999999999996,5.165,0,1,200
946,184064,129.21333272755146,0.08999999999999997,5.96,0,4,200
947,184600,146.6349996328354,0.05500000000000005,4.755,0,3,200
948,184760,148.75500091910362,0.040000000000000036,4.995,0,1,200
949,184824,140.76666785776615,0.050000000000000044,5.56,0,4,200
950,184872,154.22999966144562,0.030000000000000027,4.47,0,2,200
951,185000,151.78166587650776,0.030000000000000027,4.765,0,3,200
952,185360,129.89000061154366,0.09499999999999997,5.58,0,6,200
953,185424,145.70666529238224,0.040000000000000036,5.47,0,0,200
954,185664,146.90166625380516,0.040000000000000036,5.065,0,3,200
955,186200,146.8100006878376,0.040000000000000036,5.16,0,2,200
956,186360,139.34999948740005,0.06499999999999995,5.22,0,5,200
957,186424,145.97166627645493,0.04500000000000004,5.155,0,2,200
958,186472,134.68166695535183,0.06999999999999995,5.545,0,7,200
959,186600,137.66833272576332,0.06000000000000005,5.585,0,5,200
960,186960,148.8549990132451,0.04500000000000004,4.845,0,1,200
961,187024,144.77166706323624,0.050000000000000044,5.125,0,3,200
962,187264,149.78999961912632,0.025000000000000022,4.98,0,5,200
963,187800,149.97833274304867,0.05500000000000005,4.355,0,3,200
964,187960,149.79833337664604,0.025000000000000022,4.985,0,5,200
965,188024,136.44666568934917,0.07999999999999996,5.11,0,7,200
966,188072,145.83166606724262,0.040000000000000036,5.125,0,4,200
967,188200,137.4800011664629,0.06499999999999995,5.55,0,4,200
968,188560,154.36499901115894,0.03500000000000003,4.545,0,0,200
969,188624,132.3299997150898,0.08499999999999996,5.46,0,7,200
970,188864,143.26666663587093,0.050000000000000044,5.02,0,7,200
971,189400,152.2683327049017,0.025000000000000022,4.745,0,4,200
972,189560,139.00000095367432,0.06000000000000005,5.58,0,3,200
973,189624,137.48499983549118,0.05500000000000005,5.655,0,6,200
974,189672,153.7283329963684,0.020000000000000018,4.895,0,1,200
975,189800,136.18666723370552,0.07999999999999996,5.14,0,7,200
976,190160,145.80999971926212,0.04500000000000004,5.04,0,4,200
977,190224,139.82833410799503,0.05500000000000005,5.465,0,5,200
978,190464,148.38000084459782,0.040000000000000036,4.98,0,2,200
979,191000,145.92500008642673,0.04500000000000004,4.755,0,8,200
980,191160,138.93000036478043,0.07999999999999996,4.98,0,4,200
981,191224,138.32333271205425,0.08499999999999996,4.88,0,4,200
982,191272,139.96333304047585,0.07999999999999996,4.79,0,5,200
983,191400,142.3899991363287,0.06999999999999995,4.8,0,5,200
984,191760,132.4116673618555,0.08499999999999996,5.695,0,4,200
985,191824,137.23000091314316,0.06499999999999995,5.52,0,5,200
986,192064,142.54333285987377,0.03500000000000003,5.6,0,5,200
987,192600,144.02333183586597,0.04500000000000004,5.39,0,2,200
988,192760,149.3900008201599,0.04500000000000004,4.59,0,4,200
989,192824,139.17666693031788,0.06999999999999995,5.23,0,4,200
990,192872,147.17166686058044,0.040000000000000036,5.065,0,3,200
991,193000,135.90833275020123,0.08999999999999997,5.045,0,5,200
992,193360,147.79166631400585,0.05500000000000005,4.615,0,3,200
993,193424,141.3383328318596,0.06499999999999995,5.075,0,4,200
994,193664,145.3250005543232,0.06499999999999995,4.575,0,4,200
995,194200,143.45999974012375,0.06000000000000005,4.92,0,4,200
996,194360,140.20499907433987,0.050000000000000044,5.325,0,7,200
997,194424,141.56666740775108,0.06000000000000005,5.26,0,3,200
998,194472,143.97166642546654,0.06000000000000005,4.825,0,5,200
999,194600,137.72500037401915,0.06499999999999995,5.445,0,5,200
1000,194960,145.11000008881092,0.04500000000000004,4.95,0,6,200
1001,195024,144.6533323675394,0.06999999999999995,4.7,0,2,200
1002,195264,140.10500007867813,0.05500000000000005,5.205,0,8,200
1003,195800,134.2833333313465,0.08999999999999997,5.06,0,8,200
1004,195960,155.31333243846893,0.030000000000000027,4.52,0,0,200
1005,196024,150.19833280146122,0.03500000000000003,4.805,0,3,200
1006,196072,140.53500068187714,0.06499999999999995,5.055,0,6,200
1007,196200,150.2049998641014,0.030000000000000027,4.935,0,3,200
1008,196560,138.1733322739601,0.06999999999999995,5.21,0,6,200
1009,196624,144.78833431005478,0.04500000000000004,4.955,0,7,200
1010,196864,141.8450005054474,0.07999999999999996,4.785,0,2,200
1011,197400,136.74999968707561,0.06000000000000005,5.64,0,6,200
1012,197560,134.86333298683167,0.07999999999999996,5.45,0,5,200
1013,197624,148.2483337968588,0.025000000000000022,5.285,0,3,200
1014,197672,148.77166524529457,0.03500000000000003,4.885,0,4,200
1015,197800,147.7133331298828,0.040000000000000036,5.06,0,2,200
1016,198160,132.08166754245758,0.08499999999999996,5.575,0,6,200
1017,198224,148.76833273470402,0.03500000000000003,5.075,0,2,200
1018,198464,140.74166622757912,0.05500000000000005,5.485,0,3,200
1019,199000,148.89500054717064,0.03500000000000003,5.085,0,1,200
1020,199160,137.73999957740307,0.04500000000000004,5.73,0,8,200
1021,199224,136.68166568875313,0.08999999999999997,5.125,0,2,200
1022,199272,135.5883340537548,0.06000000000000005,5.705,0,7,200
1023,199400,145.2883329540491,0.06499999999999995,4.685,0,3,200
1024,199760,143.3516664803028,0.050000000000000044,5.095,0,6,200
1025,199824,128.0616661310196,0.09499999999999997,5.695,0,8,200
1026,200064,144.06333220005035,0.04500000000000004,5.24,0,4,200
1027,200600,147.68833188712597,0.040000000000000036,4.985,0,3,200
1028,200760,145.006665289402,0.06499999999999995,4.69,0,3,200
1029,200824,146.7633330374956,0.03500000000000003,4.88,0,8,200
1030,200872,136.49166791141033,0.06000000000000005,5.875,0,3,200
1031,201000,149.9133334606886,0.050000000000000044,4.58,0,2,200
1032,201360,134.25166729092598,0.07999999999999996,5.395,0,6,200
1033,201424,129.42333295941353,0.10499999999999998,5.54,0,4,200
1034,201664,142.97500091791153,0.06000000000000005,4.965,0,5,200
1035,202200,149.35166527330875,0.050000000000000044,4.615,0,2,200
1036,202360,140.12666702270508,0.06499999999999995,5.2,0,4,200
1037,202424,141.0783336162567,0.05500000000000005,5.285,0,5,200
1038,202472,142.9216663390398,0.050000000000000044,4.975,0,8,200
1039,202600,130.02833431959152,0.07999999999999996,5.765,0,9,200
1040,202960,142.00666689872742,0.04500000000000004,5.29,0,7,200
1041,203024,134.31333275139332,0.07999999999999996,5.24,0,9,200
1042,203264,140.17166671156883,0.06000000000000005,5.275,0,5,200
1043,203800,153.5700000822544,0.010000000000000009,5.1,0,2,200
1044,203960,148.9766667932272,0.040000000000000036,4.9,0,2,200
1045,204024,140.05666668713093,0.07999999999999996,4.84,0,4,200
1046,204072,134.24833305180073,0.06499999999999995,5.555,0,10,200
1047,204200,143.38499964773655,0.06499999999999995,5.025,0,1,200
1048,204560,142.50333404541016,0.06499999999999995,5.06,0,2,200
1049,204624,146.65333324670792,0.04500000000000004,5.0,0,3,200
1050,204864,146.72666651010513,0.030000000000000027,5.29,0,3,200
1051,205400,148.21833316981792,0.03500000000000003,5.135,0,1,200
1052,205560,137.12500037252903,0.06999999999999995,5.295,0,6,200
1053,205624,138.33666720986366,0.06999999999999995,4.99,0,8,200
1054,205672,150.90666604042053,0.03500000000000003,4.51,0,6,200
1055,205800,144.56666599214077,0.040000000000000036,5.17,0,6,200
1056,206160,148.0866663455963,0.025000000000000022,5.05,0,7,200
1057,206224,149.57166554033756,0.025000000000000022,5.155,0,2,200
1058,206464,147.54166707396507,0.03500000000000003,4.945,0,6,200
1059,207000,144.0716671049595,0.040000000000000036,5.455,0,3,200
1060,207160,142.37999902665615,0.06499999999999995,4.98,0,4,200
1061,207224,134.32333195209503,0.09499999999999997,5.09,0,5,200
1062,207272,134.1466661542654,0.07999999999999996,5.38,0,7,200
1063,207400,155.8883320093155,0.025000000000000022,4.505,0,1,200
1064,207760,155.2916662544012,0.025000000000000022,4.585,0,1,200
1065,207824,141.70333321392536,0.07499999999999996,4.73,0,5,200
1066,208064,130.53833320736885,0.08499999999999996,5.855,0,5,200
1067,208600,145.89000034332275,0.04500000000000004,4.95,0,5,200
1068,208760,142.8733329474926,0.050000000000000044,5.21,0,5,200
1069,208824,153.12500129640102,0.025000000000000022,4.605,0,4,200
1070,208872,135.9433342218399,0.06000000000000005,5.42,0,11,200
1071,209000,150.37666575610638,0.04500000000000004,4.69,0,1,200
1072,209360,140.21333287656307,0.05500000000000005,5.27,0,7,200
1073,209424,134.34499976038933,0.08499999999999996,5.265,0,6,200
1074,209664,141.97166621685028,0.03500000000000003,5.485,0,8,200
1075,210200,134.02500019967556,0.05500000000000005,5.925,0,8,200
1076,210360,146.10166664421558,0.06499999999999995,4.555,0,3,200
1077,210424,147.04000003635883,0.05500000000000005,4.83,0,1,200
1078,210472,146.80500039458275,0.050000000000000044,4.905,0,2,200
1079,210600,146.43499936163425,0.050000000000000044,4.815,0,4,200
1080,210960,150.05500024557114,0.03500000000000003,4.815,0,3,200
1081,211024,147.47833256423473,0.050000000000000044,4.745,0,3,200
1082,211264,146.90999910235405,0.050000000000000044,4.68,0,5,200
1083,211800,140.454999640584,0.06499999999999995,4.935,0,8,200
1084,211960,141.63999898731709,0.07999999999999996,4.77,0,3,200
1085,212024,138.2333336621523,0.05500000000000005,5.33,0,10,200
1086,212072,151.17833352088928,0.020000000000000018,4.835,0,6,200
1087,212200,140.69000053405762,0.06499999999999995,4.95,0,7,200
1088,212560,150.8933338522911,0.040000000000000036,4.61,0,3,200
1089,212624,155.21666587889194,0.025000000000000022,4.51,0,2,200
1090,212864,144.4766672104597,0.05500000000000005,5.08,0,2,200
1091,213400,133.60999935865402,0.07999999999999996,5.37,0,8,200
1092,213560,146.92833258211613,0.050000000000000044,4.925,0,2,200
1093,213624,130.68833385407925,0.06999999999999995,5.825,0,10,200
1094,213672,145.29166707396507,0.03500000000000003,5.215,0,6,200
1095,213800,149.7366669178009,0.020000000000000018,5.17,0,4,200
1096,214160,137.1583334505558,0.06999999999999995,5.555,0,3,200
1097,214224,145.1316679418087,0.03500000000000003,5.515,0,2,200
1098,214464,137.6166666224599,0.050000000000000044,5.74,0,6,200
1099,215000,140.58000001311302,0.06999999999999995,5.16,0,2,200
1100,215160,139.7833346799016,0.06000000000000005,5.48,0,3,200
1101,215224,146.31000012159348,0.020000000000000018,5.76,0,2,200
1102,215272,138.88666662573814,0.06499999999999995,5.32,0,5,200
1103,215400,141.10666638612747,0.06499999999999995,5.11,0,3,200
1104,215760,152.53166715800762,0.020000000000000018,4.885,0,3,200
1105,215824,147.2466669678688,0.050000000000000044,4.87,0,2,200
1106,216064,146.65833397209644,0.03500000000000003,5.315,0,2,200
1107,216600,145.3733328729868,0.050000000000000044,5.03,0,3,200
1108,216760,141.90000140666962,0.06999999999999995,4.95,0,3,200
1109,216824,146.8683329373598,0.050000000000000044,4.925,0,2,200
1110,216872,144.25500005483627,0.06000000000000005,4.905,0,3,200
1111,217000,142.62166763842106,0.05500000000000005,5.245,0,3,200
1112,217360,141.17333352565765,0.06000000000000005,5.3,0,3,200
1113,217424,149.96833415329456,0.030000000000000027,5.015,0,3,200
1114,217664,149.8716663122177,0.03500000000000003,4.825,0,3,200
1115,218200,133.06999965757132,0.09999999999999998,5.34,0,2,200
1116,218360,143.42166723310947,0.06000000000000005,4.915,0,4,200
1117,218424,141.8150005042553,0.050000000000000044,5.265,0,6,200
1118,218472,154.64333342015743,0.020000000000000018,4.7,0,2,200
1119,218600,137.14166755974293,0.06000000000000005,5.515,0,7,200
1120,218960,143.47666589915752,0.06000000000000005,4.87,0,5,200
1121,219024,149.67333203554153,0.03500000000000003,4.97,0,2,200
1122,219264,142.24500046670437,0.07499999999999996,4.725,0,4,200
1123,219800,148.42333301901817,0.040000000000000036,4.85,0,4,200
1124,219960,147.94999960064888,0.04500000000000004,4.71,0,5,200
1125,220024,141.09333322942257,0.04500000000000004,5.75,0,2,200
1126,220072,146.07000091671944,0.06000000000000005,4.77,0,2,200
1127,220200,148.25000043213367,0.03500000000000003,4.98,0,4,200
1128,220560,143.44166518747807,0.050000000000000044,5.155,0,5,200
1129,220624,156.6916665136814,0.010000000000000009,4.675,0,3,200
1130,220864,137.94000044465065,0.05500000000000005,5.67,0,5,200
1131,221400,142.50666630268097,0.04500000000000004,5.05,0,10,200
1132,221560,149.37166579067707,0.03500000000000003,5.065,0,1,200
1133,221624,133.18666782975197,0.09499999999999997,5.41,0,3,200
1134,221672,137.44833387434483,0.05500000000000005,5.735,0,5,200
1135,221800,147.49000045657158,0.04500000000000004,4.8,0,5,200
1136,222160,137.05833284556866,0.06499999999999995,5.615,0,4,200
1137,222224,146.66999964416027,0.050000000000000044,5.04,0,0,200
1138,222464,139.5549996495247,0.050000000000000044,5.685,0,4,200
1139,223000,147.79999926686287,0.050000000000000044,4.74,0,3,200
1140,223160,142.5000001937151,0.05500000000000005,5.13,0,5,200
1141,223224,148.89999961853027,0.050000000000000044,4.65,0,2,200
1142,223272,145.0549993366003,0.07499999999999996,4.335,0,5,200
1143,223400,149.98666648566723,0.015000000000000013,5.26,0,4,200
1144,223760,133.35833451151848,0.07999999999999996,5.345,0,9,200
1145,223824,143.0666675567627,0.030000000000000027,5.56,0,7,200
1146,224064,145.6066670715809,0.05500000000000005,4.93,0,2,200
1147,224600,147.14166623353958,0.050000000000000044,4.705,0,5,200
1148,224760,148.2949997484684,0.050000000000000044,4.515,0,6,200
1149,224824,142.64500020444393,0.040000000000000036,5.535,0,4,200
1150,224872,143.9899996370077,0.07499999999999996,4.65,0,2,200
1151,225000,129.82499915361404,0.07999999999999996,5.775,0,9,200
1152,225360,137.40000002086163,0.07499999999999996,5.37,0,3,200
1153,225424,142.43333381414413,0.05500000000000005,5.06,0,6,200
1154,225664,150.78999996185303,0.040000000000000036,4.56,0,4,200
1155,226200,141.19499950110912,0.050000000000000044,5.325,0,6,200
1156,226360,152.90333276987076,0.030000000000000027,4.76,0,1,200
1157,226424,149.9699983894825,0.020000000000000018,5.28,0,2,200
1158,226472,145.7299998998642,0.050000000000000044,4.8,0,6,200
1159,226600,142.35166680812836,0.04500000000000004,5.365,0,5,200
1160,226960,137.51833353191614,0.06499999999999995,5.285,0,8,200
1161,227024,139.23000052571297,0.05500000000000005,5.64,0,3,200
1162,227264,145.89833363890648,0.030000000000000027,4.925,0,10,200
1163,227800,129.00500038266182,0.07999999999999996,6.135,0,5,200
1164,227960,144.74000097811222,0.040000000000000036,5.25,0,5,200
1165,228024,139.41666699945927,0.06499999999999995,5.44,0,2,200
1166,228072,142.4416659846902,0.050000000000000044,5.305,0,4,200
1167,228200,148.56166760623455,0.040000000000000036,4.675,0,6,200
1168,228560,149.8566661477089,0.050000000000000044,4.6,0,1,200
1169,228624,139.89833362400532,0.05500000000000005,5.405,0,5,200
1170,228864,140.5700013488531,0.07499999999999996,5.01,0,3,200
1171,229400,138.79000037908554,0.07499999999999996,5.1,0,5,200
1172,229560,153.72499899566174,0.03500000000000003,4.515,0,1,200
1173,229624,140.2149996459484,0.04500000000000004,5.685,0,4,200
1174,229672,148.82166542112827,0.030000000000000027,4.765,0,8,200
1175,229800,139.18999945372343,0.06000000000000005,5.46,0,4,200
1176,230160,148.4566658884287,0.040000000000000036,4.99,0,2,200
1177,230224,137.98999939858913,0.07499999999999996,5.31,0,3,200
1178,230464,149.11999961733818,0.025000000000000022,5.25,0,2,200
1179,231000,136.6966666728258,0.06999999999999995,5.59,0,3,200
1180,231160,139.26166659593582,0.040000000000000036,5.755,0,7,200
1181,231224,146.0566664338112,0.05500000000000005,4.99,0,1,200
1182,231272,146.44500045478344,0.04500000000000004,5.085,0,2,200
1183,231400,135.42000003904104,0.06000000000000005,5.58,0,9,200
1184,231760,145.14833268523216,0.04500000000000004,5.135,0,4,200
1185,231824,151.73833334445953,0.030000000000000027,4.865,0,1,200
1186,232064,144.12999957799911,0.05500000000000005,4.89,0,5,200
1187,232600,142.98499926924706,0.05500000000000005,4.845,0,8,200
1188,232760,149.09500002861023,0.040000000000000036,4.935,0,1,200
1189,232824,148.60666599869728,0.03500000000000003,4.9,0,5,200
1190,232872,150.74833188951015,0.03500000000000003,4.805,0,2,200
1191,233000,145.80666615068913,0.04500000000000004,5.17,0,2,200
1192,233360,136.07666517794132,0.06000000000000005,5.59,0,8,200
1193,233424,149.5833329409361,0.040000000000000036,4.82,0,2,200
1194,233664,147.7449998408556,0.030000000000000027,5.115,0,5,200
1195,234200,144.51999959349632,0.06000000000000005,5.04,0,1,200
1196,234360,133.38333298265934,0.06499999999999995,5.84,0,7,200
1197,234424,139.69666747748852,0.06000000000000005,5.35,0,5,200
1198,234472,148.69166561961174,0.040000000000000036,4.885,0,3,200
1199,234600,152.21000058948994,0.025000000000000022,4.77,0,4,200
1200,234960,144.94333279132843,0.04500000000000004,4.94,0,6,200
1201,235024,146.12833188474178,0.05500000000000005,4.955,0,1,200
1202,235264,136.08999904990196,0.07999999999999996,5.13,0,7,200
1203,235800,137.51833271980286,0.07499999999999996,5.165,0,6,200
1204,235960,131.09166711568832,0.07999999999999996,5.335,0,13,200
1205,236024,143.43499967455864,0.06000000000000005,4.755,0,7,200
1206,236072,144.8849993646145,0.04500000000000004,5.115,0,4,200
1207,236200,130.16999995708466,0.08499999999999996,5.82,0,6,200
1208,236560,147.2116672694683,0.03500000000000003,5.095,0,4,200
1209,236624,139.97666788101196,0.040000000000000036,5.92,0,3,200
1210,236864,134.07333359122276,0.10499999999999998,4.85,0,6,200
1211,237400,143.21999901533127,0.06999999999999995,4.44,0,8,200
1212,237560,146.70333345234394,0.030000000000000027,5.42,0,2,200
1213,237624,144.46833281219006,0.05500000000000005,5.105,0,1,200
1214,237672,142.15166629850864,0.06999999999999995,4.975,0,2,200
1215,237800,136.20999908447266,0.04500000000000004,5.94,0,8,200
1216,238160,138.5683340728283,0.06499999999999995,5.435,0,4,200
1217,238224,152.49666593968868,0.025000000000000022,4.87,0,2,200
1218,238464,143.76333336532116,0.06000000000000005,4.79,0,6,200
1219,239000,144.5633339434862,0.040000000000000036,5.15,0,6,200
1220,239160,146.6716664582491,0.030000000000000027,5.365,0,3,200
1221,239224,136.07999882102013,0.06499999999999995,5.43,0,8,200
1222,239272,150.19166584312916,0.03500000000000003,5.035,0,0,200
1223,239400,148.25333350896835,0.04500000000000004,4.64,0,5,200
1224,239760,149.80333356559277,0.04500000000000004,4.82,0,0,200
1225,239824,138.43000043928623,0.050000000000000044,5.49,0,9,200
1226,240064,152.8650001436472,0.015000000000000013,4.965,0,3,200
1227,240600,153.07166703045368,0.025000000000000022,4.765,0,2,200
1228,240760,130.53333275020123,0.08499999999999996,5.57,0,9,200
1229,240824,139.16333301365376,0.07999999999999996,4.97,0,4,200
1230,240872,148.5366667509079,0.04500000000000004,4.72,0,3,200
1231,241000,127.93666677176952,0.08999999999999997,5.8,0,8,200
1232,241360,141.69166767597198,0.07499999999999996,4.705,0,5,200
1233,241424,150.84333264827728,0.040000000000000036,4.55,0,4,200
1234,241664,136.14999990165234,0.06999999999999995,5.4,0,7,200
1235,242200,139.35500146448612,0.05500000000000005,5.235,0,9,200
1236,242360,142.9599991440773,0.050000000000000044,5.4,0,2,200
1237,242424,142.8233333081007,0.05500000000000005,5.15,0,4,200
1238,242472,158.1299996972084,0.020000000000000018,4.32,0,2,200
1239,242600,140.43833395838737,0.050000000000000044,5.405,0,6,200
1240,242960,148.14333271980286,0.06000000000000005,4.43,0,3,200
1241,243024,134.53833389282227,0.07999999999999996,5.225,0,8,200
1242,243264,143.944998934865,0.05500000000000005,4.935,0,5,200
1243,243800,146.2483335286379,0.025000000000000022,5.765,0,0,200
1244,243960,151.3249999731779,0.030000000000000027,4.755,0,3,200
1245,244024,149.7883326560259,0.04500000000000004,4.715,0,2,200
1246,244072,151.92166684567928,0.03500000000000003,4.495,0,4,200
1247,244200,134.1249999254942,0.08499999999999996,5.385,0,5,200
1248,244560,126.56166663765907,0.08499999999999996,5.875,0,11,200
1249,244624,140.73499982059002,0.07499999999999996,4.905,0,4,200
1250,244864,152.02499978244305,0.040000000000000036,4.635,0,1,200
1251,245400,143.87000025063753,0.04500000000000004,5.19,0,5,200
1252,245560,139.6066664904356,0.050000000000000044,5.2,0,11,200
1253,245624,150.36999960243702,0.020000000000000018,5.31,0,1,200
1254,245672,148.15999853610992,0.03500000000000003,5.07,0,3,200
1255,245800,149.63333217799664,0.030000000000000027,5.03,0,3,200
1256,246160,152.8733328729868,0.03500000000000003,4.64,0,1,200
1257,246224,145.77333329617977,0.040000000000000036,5.09,0,5,200
1258,246464,144.9099993556738,0.05500000000000005,5.04,0,2,200
1259,247000,140.90833385288715,0.050000000000000044,5.435,0,5,200
1260,247160,148.07333333790302,0.03500000000000003,5.15,0,2,200
1261,247224,144.76833344995975,0.03500000000000003,5.375,0,4,200
1262,247272,145.76333287358284,0.06000000000000005,4.79,0,2,200
1263,247400,131.73500018566847,0.08999999999999997,5.625,0,4,200
1264,247760,145.39333361387253,0.050000000000000044,4.88,0,5,200
1265,247824,134.15000021457672,0.06000000000000005,5.85,0,8,200
1266,248064,138.853334069252,0.06000000000000005,5.51,0,4,200
1267,248600,138.93833303451538,0.06000000000000005,5.195,0,8,200
1268,248760,139.17333360016346,0.07499999999999996,5.21,0,2,200
1269,248824,132.2399990260601,0.08999999999999997,5.7,0,3,200
1270,248872,147.46333177387714,0.04500000000000004,4.82,0,4,200
1271,249000,153.90166646242142,0.030000000000000027,4.525,0,2,200
1272,249360,148.25999964773655,0.050000000000000044,4.68,0,3,200
1273,249424,148.884998396039,0.050000000000000044,4.635,0,3,200
1274,249664,143.23166547715664,0.050000000000000044,5.035,0,7,200
1275,250200,135.57833352684975,0.06999999999999995,5.495,0,6,200
1276,250360,143.04666613042355,0.04500000000000004,5.59,0,1,200
1277,250424,132.97999994456768,0.08499999999999996,5.1,0,11,200
1278,250472,147.4366668537259,0.04500000000000004,4.78,0,5,200
1279,250600,141.7683345079422,0.050000000000000044,5.285,0,6,200
1280,250960,144.82166570425034,0.050000000000000044,4.915,0,6,200
1281,251024,133.64999936521053,0.08499999999999996,5.37,0,6,200
1282,251264,150.6266670525074,0.025000000000000022,4.75,0,7,200
1283,251800,136.94333240389824,0.06499999999999995,5.57,0,5,200
1284,251960,150.9583326280117,0.025000000000000022,4.775,0,6,200
1285,252024,137.21333408355713,0.06499999999999995,5.24,0,9,200
1286,252072,154.06666626036167,0.025000000000000022,4.66,0,2,200
1287,252200,134.3250000551343,0.06000000000000005,5.775,0,8,200
1288,252560,149.90499983727932,0.025000000000000022,4.875,0,6,200
1289,252624,135.36833365261555,0.09499999999999997,5.075,0,4,200
1290,252864,148.98500034213066,0.040000000000000036,4.935,0,2,200
1291,253400,139.03999930620193,0.07999999999999996,4.95,0,5,200
1292,253560,140.16833405196667,0.04500000000000004,5.585,0,6,200
1293,253624,139.4683344811201,0.07499999999999996,4.865,0,7,200
1294,253672,154.4816653728485,0.010000000000000009,4.945,0,3,200
1295,253800,140.0766662955284,0.06999999999999995,4.66,0,11,200
1296,254160,145.49833346903324,0.04500000000000004,5.015,0,5,200
1297,254224,144.1366671770811,0.05500000000000005,5.2,0,1,200
1298,254464,137.70666599273682,0.06499999999999995,5.32,0,7,200
1299,255000,133.9350002259016,0.07999999999999996,5.235,0,9,200
1300,255160,130.079999640584,0.06499999999999995,6.0,0,11,200
1301,255224,143.73166730999947,0.05500000000000005,5.185,0,2,200
1302,255272,138.46166670322418,0.050000000000000044,5.665,0,6,200
1303,255400,153.66833317279816,0.020000000000000018,4.835,0,2,200
1304,255760,147.59999944269657,0.030000000000000027,5.13,0,5,200
1305,255824,138.54333356022835,0.06000000000000005,5.51,0,5,200
1306,256064,152.55499871075153,0.030000000000000027,4.455,0,6,200
1307,256600,148.00999955832958,0.025000000000000022,5.04,0,8,200
1308,256760,145.8116683959961,0.050000000000000044,5.005,0,3,200
1309,256824,143.07500003278255,0.050000000000000044,5.235,0,4,200
1310,256872,150.58166727423668,0.020000000000000018,5.275,0,1,200
1311,257000,144.61999963223934,0.06000000000000005,4.77,0,5,200
1312,257360,131.71000017225742,0.08999999999999997,5.34,0,8,200
1313,257424,141.94499926269054,0.05500000000000005,5.055,0,7,200
1314,257664,147.76333391666412,0.04500000000000004,4.85,0,3,200
1315,258200,136.85999941825867,0.07499999999999996,5.04,0,9,200
1316,258360,147.39166498184204,0.05500000000000005,4.885,0,0,200
1317,258424,137.38166792690754,0.06999999999999995,5.455,0,4,200
1318,258472,140.39166571199894,0.050000000000000044,5.695,0,2,200
1319,258600,141.86666782200336,0.06000000000000005,5.02,0,6,200
1320,258960,146.46666662395,0.04500000000000004,4.84,0,6,200
1321,259024,149.46833224594593,0.03500000000000003,5.015,0,2,200
1322,259264,151.40833294391632,0.040000000000000036,4.475,0,4,200
1323,259800,138.074999243021,0.06499999999999995,5.175,0,8,200
1324,259960,154.88999944925308,0.010000000000000009,4.95,0,2,200
1325,260024,147.99499942362309,0.040000000000000036,4.755,0,6,200
1326,260072,136.96333265304565,0.06499999999999995,5.6,0,4,200
1327,260200,145.6383346170187,0.030000000000000027,5.375,0,5,200
1328,260560,152.56833112239838,0.040000000000000036,4.265,0,5,200
1329,260624,136.43666736781597,0.06000000000000005,5.86,0,3,200
1330,260864,147.1083324253559,0.025000000000000022,5.075,0,8,200
1331,261400,142.10499991476536,0.06499999999999995,4.635,0,9,200
1332,261560,142.98833332955837,0.06499999999999995,4.925,0,3,200
1333,261624,142.90999914705753,0.050000000000000044,4.92,0,9,200
1334,261672,139.2233335673809,0.06000000000000005,5.3,0,6,200
1335,261800,139.7300007790327,0.05500000000000005,5.55,0,4,200
1336,262160,146.60333409905434,0.050000000000000044,4.7,0,6,200
1337,262224,137.48333230614662,0.07499999999999996,5.09,0,8,200
1338,262464,144.37166602909565,0.04500000000000004,5.215,0,4,200
1339,263000,150.7116647809744,0.040000000000000036,4.705,0,2,200
1340,263160,141.18499967455864,0.04500000000000004,5.295,0,8,200
1341,263224,143.79333397746086,0.04500000000000004,5.48,0,1,200
1342,263272,141.09333337843418,0.050000000000000044,5.33,0,6,200
1343,263400,143.51833294332027,0.05500000000000005,5.195,0,2,200
1344,263760,146.72666619718075,0.03500000000000003,5.38,0,1,200
1345,263824,146.81333316862583,0.040000000000000036,4.91,0,6,200
1346,264064,133.30499973893166,0.07499999999999996,5.445,0,9,200
1347,264600,151.33166639506817,0.040000000000000036,4.345,0,6,200
1348,264760,141.77333264052868,0.06000000000000005,5.03,0,6,200
1349,264824,140.7849992364645,0.06499999999999995,5.055,0,5,200
1350,264872,138.3100003004074,0.06000000000000005,5.7,0,2,200
1351,265000,134.78833289444447,0.08499999999999996,5.105,0,8,200
1352,265360,149.12333273887634,0.03500000000000003,4.91,0,4,200
1353,265424,138.5516666173935,0.06000000000000005,5.485,0,5,200
1354,265664,143.3150009214878,0.03500000000000003,5.655,0,3,200
1355,266200,140.3183343410492,0.06499999999999995,5.075,0,6,200
1356,266360,130.03666597604752,0.09999999999999998,5.26,0,9,200
1357,266424,143.94666665792465,0.06499999999999995,4.81,0,3,200
1358,266472,147.4066676646471,0.040000000000000036,5.05,0,3,200
1359,266600,145.2016674131155,0.05500000000000005,4.795,0,5,200
1360,266960,126.8266669511795,0.10999999999999999,5.11,0,13,200
1361,267024,144.96999920904636,0.050000000000000044,5.07,0,3,200
1362,267264,138.98833361268044,0.06999999999999995,5.255,0,3,200
1363,267800,147.16833248734474,0.040000000000000036,4.925,0,5,200
1364,267960,151.95666660368443,0.03500000000000003,4.66,0,2,200
1365,268024,141.29833360016346,0.040000000000000036,5.375,0,9,200
1366,268072,130.10499981045723,0.07499999999999996,5.715,0,11,200
1367,268200,141.33666709065437,0.06499999999999995,5.08,0,4,200
1368,268560,144.6816666573286,0.03500000000000003,5.545,0,2,200
1369,268624,138.87666660547256,0.06999999999999995,5.23,0,4,200
1370,268864,142.50833281874657,0.07499999999999996,4.865,0,2,200
1371,269400,144.4950007647276,0.050000000000000044,4.845,0,7,200
1372,269560,142.16500091552734,0.04500000000000004,5.265,0,7,200
1373,269624,143.90666575729847,0.07999999999999996,4.6,0,1,200
1374,269672,138.72499921917915,0.07999999999999996,5.025,0,4,200
1375,269800,142.3533335328102,0.06000000000000005,5.21,0,2,200
1376,270160,135.59000051021576,0.06499999999999995,5.4,0,10,200
1377,270224,146.71499872207642,0.06000000000000005,4.725,0,2,200
1378,270464,141.1083328127861,0.03500000000000003,5.765,0,5,200
1379,271000,135.62500059604645,0.06999999999999995,5.475,0,6,200
1380,271160,151.0100007802248,0.030000000000000027,4.98,0,1,200
1381,271224,145.26166707277298,0.040000000000000036,5.155,0,5,200
1382,271272,135.84333476424217,0.06499999999999995,5.42,0,9,200
1383,271400,143.72499909996986,0.04500000000000004,5.055,0,7,200
1384,271760,134.66833299398422,0.06999999999999995,5.495,0,8,200
1385,271824,129.31333392858505,0.08499999999999996,5.81,0,7,200
1386,272064,144.05166682600975,0.040000000000000036,5.575,0,1,200
1387,272600,150.6816665828228,0.03500000000000003,4.615,0,5,200
1388,272760,138.72333316504955,0.06499999999999995,5.27,0,6,200
1389,272824,143.8849995136261,0.04500000000000004,5.205,0,5,200
1390,272872,143.26833444833755,0.03500000000000003,5.525,0,5,200
1391,273000,136.30333279073238,0.06000000000000005,5.6,0,7,200
1392,273360,147.23166598379612,0.05500000000000005,4.735,0,2,200
1393,273424,144.29000082612038,0.030000000000000027,5.43,0,6,200
1394,273664,147.5316666662693,0.050000000000000044,4.555,0,6,200
1395,274200,136.40333303809166,0.07999999999999996,5.15,0,6,200
1396,274360,140.21833376586437,0.06000000000000005,5.075,0,8,200
1397,274424,155.48333314061165,0.025000000000000022,4.55,0,1,200
1398,274472,138.21166618168354,0.06999999999999995,5.185,0,6,200
1399,274600,147.9749986231327,0.040000000000000036,5.055,0,2,200
1400,274960,144.5050007402897,0.050000000000000044,4.995,0,5,200
1401,275024,140.84000107645988,0.05500000000000005,5.19,0,7,200
1402,275264,132.41833325475454,0.07999999999999996,5.705,0,5,200
1403,275800,150.16166803240776,0.03500000000000003,4.915,0,2,200
1404,275960,131.6566675156355,0.07999999999999996,5.53,0,9,200
1405,276024,138.24499961733818,0.06999999999999995,5.385,0,3,200
1406,276072,135.98666706681252,0.06999999999999995,5.41,0,7,200
1407,276200,145.00500033795834,0.030000000000000027,5.325,0,7,200
1408,276560,138.61833222210407,0.08499999999999996,4.775,0,6,200
1409,276624,148.24666614830494,0.04500000000000004,4.93,0,1,200
1410,276864,143.99833232164383,0.06999999999999995,4.655,0,3,200
1411,277400,147.31833264231682,0.040000000000000036,4.655,0,8,200
1412,277560,135.72333301603794,0.06499999999999995,5.54,0,8,200
1413,277624,145.32333290576935,0.03500000000000003,5.24,0,6,200
1414,277672,151.0499987155199,0.04500000000000004,4.44,0,3,200
1415,277800,139.29000061750412,0.050000000000000044,5.64,0,5,200
1416,278160,149.46999967098236,0.04500000000000004,4.59,0,4,200
1417,278224,137.32166716456413,0.06999999999999995,5.455,0,4,200
1418,278464,150.24500012397766,0.025000000000000022,5.115,0,2,200
1419,279000,144.0833326280117,0.05500000000000005,4.76,0,8,200
1420,279160,139.2650000602007,0.06999999999999995,5.145,0,5,200
1421,279224,144.32166734337807,0.050000000000000044,5.125,0,4,200
1422,279272,144.0300009250641,0.050000000000000044,5.25,0,2,200
1423,279400,143.12666738033295,0.04500000000000004,5.23,0,6,200
1424,279760,140.86166733503342,0.050000000000000044,5.545,0,4,200
1425,279824,149.2716670334339,0.025000000000000022,5.095,0,4,200
1426,280064,155.96666653454304,0.030000000000000027,4.39,0,1,200
1427,280600,141.8466671705246,0.05500000000000005,5.26,0,4,200
1428,280760,152.2433334439993,0.03500000000000003,4.58,0,3,200
1429,280824,139.27833449840546,0.050000000000000044,5.645,0,5,200
1430,280872,131.93000002205372,0.08999999999999997,5.34,0,8,200
1431,281000,132.21999925374985,0.09999999999999998,5.31,0,4,200
1432,281360,146.073333889246,0.04500000000000004,4.94,0,5,200
1433,281424,150.56833213567734,0.03500000000000003,4.445,0,8,200
1434,281664,148.4083325266838,0.050000000000000044,4.775,0,2,200
1435,282200,152.27166578173637,0.020000000000000018,4.885,0,4,200
1436,282360,143.56666661798954,0.06000000000000005,5.14,0,1,200
1437,282424,144.76833219826221,0.03500000000000003,5.345,0,5,200
1438,282472,142.31333278119564,0.05500000000000005,5.09,0,6,200
1439,282600,140.7083324342966,0.05500000000000005,5.075,0,9,200
1440,282960,147.46666771173477,0.04500000000000004,4.84,0,4,200
1441,283024,131.5733331143856,0.08999999999999997,5.3,0,9,200
1442,283264,139.20333433151245,0.05500000000000005,5.51,0,5,200
1443,283800,134.1499993726611,0.09499999999999997,5.16,0,5,200
1444,283960,143.41666677594185,0.05500000000000005,5.11,0,3,200
1445,284024,148.51499971747398,0.04500000000000004,4.665,0,5,200
1446,284072,150.18833346664906,0.030000000000000027,4.745,0,6,200
1447,284200,128.68833343684673,0.10999999999999999,5.285,0,7,200
1448,284560,137.161666482687,0.07499999999999996,5.365,0,4,200
1449,284624,139.80000001192093,0.06499999999999995,5.34,0,3,200
1450,284864,144.00666549801826,0.06499999999999995,4.51,0,8,200
1451,285400,151.9616657793522,0.03500000000000003,4.555,0,4,200
1452,285560,145.87666730582714,0.040000000000000036,5.08,0,5,200
1453,285624,148.80833514034748,0.025000000000000022,5.075,0,5,200
1454,285672,148.57500098645687,0.04500000000000004,4.725,0,4,200
1455,285800,138.46999816596508,0.07999999999999996,5.1,0,4,200
1456,286160,152.03500080108643,0.010000000000000009,5.205,0,3,200
1457,286224,129.78000213205814,0.10499999999999998,5.25,0,8,200
1458,286464,143.57999950647354,0.050000000000000044,5.13,0,5,200
1459,287000,129.54166658222675,0.08499999999999996,5.695,0,9,200
1460,287160,139.3499999344349,0.03500000000000003,5.7,0,9,200
1461,287224,148.78166548907757,0.05500000000000005,4.495,0,3,200
1462,287272,150.10500127077103,0.010000000000000009,5.535,0,2,200
1463,287400,138.02166667580605,0.07499999999999996,5.125,0,6,200
1464,287760,140.241665199399,0.08499999999999996,4.885,0,2,200
1465,287824,153.289998665452,0.04500000000000004,4.23,0,2,200
1466,288064,143.9050000756979,0.06000000000000005,4.875,0,4,200
1467,288600,146.6433329284191,0.050000000000000044,4.58,0,8,200
1468,288760,151.7383325099945,0.020000000000000018,5.075,0,2,200
1469,288824,144.91833451390266,0.025000000000000022,5.285,0,10,200
1470,288872,150.0749994367361,0.040000000000000036,4.605,0,5,200
1471,289000,142.95500035583973,0.050000000000000044,4.815,0,11,200
1472,289360,138.38166676461697,0.07999999999999996,5.005,0,5,200
1473,289424,138.94333344697952,0.05500000000000005,5.57,0,5,200
1474,289664,142.63666570186615,0.04500000000000004,5.56,0,2,200
1475,290200,137.50500087440014,0.06499999999999995,5.295,0,8,200
1476,290360,139.66833363473415,0.05500000000000005,5.525,0,4,200
1477,290424,136.16166564822197,0.08999999999999997,4.645,0,11,200
1478,290472,139.3816670179367,0.06000000000000005,5.515,0,3,200
1479,290600,145.01333321630955,0.05500000000000005,4.82,0,5,200
1480,290960,150.54833295941353,0.050000000000000044,4.505,0,2,200
1481,291024,139.24833354353905,0.050000000000000044,5.585,0,6,200
1482,291264,142.5933339446783,0.05500000000000005,5.0,0,7,200
1483,291800,139.36000056564808,0.06000000000000005,5.13,0,9,200
1484,291960,143.04333236813545,0.050000000000000044,5.15,0,5,200
1485,292024,152.3600001335144,0.025000000000000022,4.65,0,5,200
1486,292072,134.21000038087368,0.06499999999999995,5.82,0,6,200
1487,292200,136.13666570186615,0.06999999999999995,5.62,0,4,200
1488,292560,141.9949998408556,0.05500000000000005,4.995,0,8,200
1489,292624,135.69500002264977,0.08499999999999996,5.025,0,8,200
1490,292864,140.81833405792713,0.05500000000000005,5.615,0,1,200
1491,293400,148.21499887108803,0.050000000000000044,4.725,0,3,200
1492,293560,138.04166677594185,0.08499999999999996,4.795,0,7,200
1493,293624,146.1016667187214,0.03500000000000003,5.005,0,8,200
1494,293672,143.24499979615211,0.06499999999999995,4.845,0,4,200
1495,293800,148.24333350360394,0.040000000000000036,4.85,0,4,200
1496,294160,151.6099994033575,0.03500000000000003,4.8,0,1,200
1497,294224,130.3900012075901,0.09999999999999998,5.55,0,4,200
1498,294464,149.94500026106834,0.040000000000000036,4.815,0,2,200
1499,295000,146.71166828274727,0.03500000000000003,5.155,0,5,200
1500,295160,142.8583324700594,0.06000000000000005,5.105,0,3,200
1501,295224,147.5149987488985,0.050000000000000044,4.635,0,5,200
1502,295272,144.76499862968922,0.06499999999999995,4.695,0,4,200
1503,295400,144.6933327615261,0.05500000000000005,4.76,0,6,200
1504,295760,142.63166624307632,0.050000000000000044,5.305,0,4,200
1505,295824,124.00333331525326,0.13,5.36,0,7,200
1506,296064,142.95333367586136,0.07499999999999996,4.46,0,7,200
1507,296600,143.81500047445297,0.03500000000000003,5.565,0,4,200
1508,296760,149.36333337426186,0.03500000000000003,4.85,0,4,200
1509,296824,141.13500073552132,0.050000000000000044,5.355,0,6,200
1510,296872,145.9383324086666,0.050000000000000044,4.895,0,4,200
1511,297000,138.8616667687893,0.06999999999999995,5.095,0,7,200
1512,297360,156.30499973893166,0.020000000000000018,4.605,0,1,200
1513,297424,151.90999905765057,0.050000000000000044,4.29,0,2,200
1514,297664,145.951666533947,0.05500000000000005,4.705,0,5,200
1515,298200,153.95499996840954,0.03500000000000003,4.455,0,2,200
1516,298360,135.69666595757008,0.07499999999999996,5.26,0,8,200
1517,298424,137.4900008291006,0.06499999999999995,5.43,0,6,200
1518,298472,144.66500023007393,0.05500000000000005,4.875,0,5,200
1519,298600,147.78166836500168,0.040000000000000036,5.095,0,2,200
1520,298960,148.8183322250843,0.025000000000000022,5.225,0,3,200
1521,299024,146.22333373129368,0.06000000000000005,4.55,0,5,200
1522,299264,136.88166848570108,0.07499999999999996,5.455,0,3,200
1523,299800,134.60999946296215,0.07499999999999996,5.46,0,7,200
1524,299960,149.90166634321213,0.05500000000000005,4.465,0,2,200
1525,300024,141.6733331233263,0.04500000000000004,5.51,0,5,200
1526,300072,135.86333286762238,0.06499999999999995,5.6,0,7,200
1527,300200,147.58333425223827,0.040000000000000036,4.97,0,4,200
1528,300560,140.70500014722347,0.07999999999999996,4.605,0,7,200
1529,300624,147.28166565299034,0.05500000000000005,4.765,0,2,200
1530,300864,134.58666664361954,0.08499999999999996,5.23,0,7,200
1531,301400,130.94833281636238,0.11499999999999999,5.195,0,3,200
1532,301560,151.3783333748579,0.040000000000000036,4.625,0,2,200
1533,301624,136.35666738450527,0.06499999999999995,5.65,0,5,200
1534,301672,137.5866671949625,0.07999999999999996,5.05,0,6,200
1535,301800,137.56666588783264,0.07999999999999996,5.2,0,4,200
1536,302160,145.0266663879156,0.05500000000000005,4.87,0,5,200
1537,302224,141.1783330887556,0.050000000000000044,5.315,0,7,200
1538,302464,133.84333264827728,0.08999999999999997,5.36,0,4,200
1539,303000,132.3833338022232,0.06999999999999995,5.72,0,9,200
1540,303160,149.19333371520042,0.025000000000000022,5.18,0,3,200
1541,303224,145.2383331656456,0.06000000000000005,4.595,0,6,200
1542,303272,149.57333412766457,0.030000000000000027,4.79,0,6,200
1543,303400,147.53333328664303,0.03500000000000003,5.12,0,4,200
1544,303760,137.21833266317844,0.07499999999999996,5.225,0,6,200
1545,303824,139.3500009328127,0.06000000000000005,5.46,0,4,200
1546,304064,149.70833337306976,0.040000000000000036,4.595,0,5,200
1547,304600,144.81666566431522,0.05500000000000005,4.63,0,8,200
1548,304760,142.99000024795532,0.040000000000000036,5.49,0,4,200
1549,304824,133.38833341002464,0.07499999999999996,5.225,0,13,200
1550,304872,136.1433325111866,0.06499999999999995,5.69,0,5,200
1551,305000,137.11333265900612,0.07999999999999996,5.15,0,5,200
1552,305360,138.19666799902916,0.06499999999999995,5.32,0,6,200
1553,305424,148.92166720330715,0.040000000000000036,4.675,0,5,200
1554,305664,155.20500050485134,0.025000000000000022,4.605,0,1,200
1555,306200,138.10499875247478,0.06999999999999995,5.175,0,7,200
1556,306360,133.60499942302704,0.08499999999999996,5.505,0,5,200
1557,306424,132.9216669499874,0.08499999999999996,5.395,0,7,200
1558,306472,143.10333259403706,0.06499999999999995,5.06,0,2,200
1559,306600,132.15666669607162,0.08999999999999997,5.26,0,9,200
1560,306960,146.3966676145792,0.03500000000000003,5.11,0,6,200
1561,307024,138.11499966681004,0.06999999999999995,5.475,0,2,200
1562,307264,139.81833340227604,0.06000000000000005,5.405,0,4,200
1563,307800,147.8366646617651,0.050000000000000044,4.6,0,5,200
1564,307960,139.56500037014484,0.06000000000000005,5.265,0,7,200
1565,308024,144.396667227149,0.050000000000000044,5.26,0,2,200
1566,308072,147.36333234608173,0.05500000000000005,4.64,0,4,200
1567,308200,137.8283339291811,0.050000000000000044,5.645,0,8,200
1568,308560,139.7483335584402,0.050000000000000044,5.525,0,6,200
1569,308624,135.76833254098892,0.07499999999999996,5.255,0,8,200
1570,308864,128.33666662871838,0.08499999999999996,5.86,0,9,200
1571,309400,151.2800005376339,0.04500000000000004,4.47,0,3,200
1572,309560,152.3583316653967,0.04500000000000004,4.415,0,2,200
1573,309624,132.6116677224636,0.08499999999999996,5.395,0,7,200
1574,309672,151.358332619071,0.020000000000000018,4.655,0,9,200
1575,309800,150.99666586518288,0.050000000000000044,4.3,0,4,200
1576,310160,151.80833441019058,0.020000000000000018,4.985,0,3,200
1577,310224,128.5133322328329,0.09499999999999997,5.54,0,9,200
1578,310464,136.9816673398018,0.06999999999999995,5.575,0,3,200
1579,311000,142.70166619122028,0.06000000000000005,5.005,0,5,200
1580,311160,137.43166488409042,0.06999999999999995,5.245,0,7,200
1581,311224,147.85666626691818,0.03500000000000003,5.17,0,2,200
1582,311272,139.25833249092102,0.06499999999999995,5.495,0,2,200
1583,311400,144.06666611135006,0.04500000000000004,5.32,0,3,200
1584,311760,147.05999964475632,0.06000000000000005,4.74,0,1,200
1585,311824,142.44666661322117,0.040000000000000036,5.59,0,4,200
1586,312064,138.83333395421505,0.07499999999999996,5.03,0,5,200
1587,312600,149.8933323174715,0.03500000000000003,4.61,0,7,200
1588,312760,143.17333486676216,0.050000000000000044,5.3,0,3,200
1589,312824,132.70999991893768,0.09499999999999997,5.34,0,5,200
1590,312872,152.47499887645245,0.030000000000000027,4.755,0,2,200
1591,313000,131.8316658884287,0.07499999999999996,5.575,0,10,200
1592,313360,135.11333380639553,0.10499999999999998,4.76,0,5,200
1593,313424,137.9933322072029,0.040000000000000036,5.78,0,9,200
1594,313664,134.8783331811428,0.07999999999999996,5.465,0,5,200
1595,314200,130.52000018954277,0.07999999999999996,5.67,0,9,200
1596,314360,139.55166719853878,0.04500000000000004,5.725,0,5,200
1597,314424,138.97333292663097,0.08499999999999996,4.58,0,8,200
1598,314472,139.05833335220814,0.06499999999999995,5.255,0,6,200
1599,314600,150.35500019788742,0.030000000000000027,4.755,0,6,200
1600,314960,153.7333331257105,0.010000000000000009,5.18,0,1,200
1601,315024,132.68166752159595,0.08499999999999996,5.545,0,6,200
1602,315264,148.76499834656715,0.030000000000000027,5.085,0,4,200
1603,315800,140.45166684687138,0.06499999999999995,5.005,0,7,200
1604,315960,128.27500061690807,0.09499999999999997,5.355,0,12,200
1605,316024,147.5583330243826,0.050000000000000044,4.535,0,7,200
1606,316072,141.8166665583849,0.06999999999999995,4.6,0,9,200
1607,316200,135.96000105142593,0.07999999999999996,5.28,0,5,200
1608,316560,137.40166661143303,0.07499999999999996,5.065,0,8,200
1609,316624,154.40999993681908,0.015000000000000013,4.89,0,2,200
1610,316864,149.2066664248705,0.040000000000000036,4.75,0,4,200
1611,317400,144.74833238124847,0.04500000000000004,4.805,0,9,200
1612,317560,149.42666563391685,0.04500000000000004,4.6,0,4,200
1613,317624,142.38333371281624,0.06499999999999995,4.91,0,5,200
1614,317672,140.53999988734722,0.04500000000000004,5.49,0,7,200
1615,317800,138.09333257377148,0.06499999999999995,5.63,0,2,200
1616,318160,138.34833323955536,0.06999999999999995,4.985,0,9,200
1617,318224,138.27666655182838,0.05500000000000005,5.65,0,5,200
1618,318464,148.71666760742664,0.04500000000000004,4.78,0,3,200
1619,319000,142.5816669613123,0.040000000000000036,5.605,0,3,200
1620,319160,150.0466654598713,0.030000000000000027,4.96,0,3,200
1621,319224,133.29166595637798,0.08999999999999997,5.065,0,10,200
1622,319272,146.94166669249535,0.050000000000000044,4.915,0,2,200
1623,319400,148.1716666519642,0.030000000000000027,5.215,0,3,200
1624,319760,146.73166716098785,0.040000000000000036,5.125,0,3,200
1625,319824,149.54666551947594,0.030000000000000027,4.96,0,4,200
1626,320064,126.54999984800816,0.09499999999999997,5.67,0,11,200
1627,320600,137.05166600644588,0.06999999999999995,5.545,0,3,200
1628,320760,138.37666738033295,0.07499999999999996,5.26,0,3,200
1629,320824,151.4549999088049,0.040000000000000036,4.485,0,4,200
1630,320872,145.41833333671093,0.05500000000000005,5.105,0,0,200
1631,321000,140.99000151455402,0.05500000000000005,5.04,0,9,200
1632,321360,151.23499976098537,0.025000000000000022,4.995,0,2,200
1633,321424,144.75333261489868,0.05500000000000005,4.67,0,8,200
1634,321664,143.60833282768726,0.06000000000000005,5.015,0,3,200
1635,322200,149.82499918341637,0.040000000000000036,4.815,0,2,200
1636,322360,138.45999903976917,0.07499999999999996,5.13,0,5,200
1637,322424,152.92833338677883,0.03500000000000003,4.505,0,3,200
1638,322472,150.6016676723957,0.030000000000000027,4.675,0,7,200
1639,322600,136.9383328706026,0.07499999999999996,5.195,0,7,200
1640,322960,152.17333342134953,0.025000000000000022,4.73,0,5,200
1641,323024,140.83500023186207,0.04500000000000004,5.715,0,3,200
1642,323264,148.0233329832554,0.03500000000000003,4.82,0,7,200
1643,323800,150.67666567862034,0.040000000000000036,4.81,0,1,200
1644,323960,150.96833318471909,0.025000000000000022,4.655,0,7,200
1645,324024,146.53833331167698,0.025000000000000022,5.675,0,1,200
1646,324072,136.38000018894672,0.06999999999999995,5.25,0,9,200
1647,324200,144.57833224534988,0.050000000000000044,4.865,0,7,200
1648,324560,131.33666687458754,0.09999999999999998,5.02,0,10,200
1649,324624,145.9466661810875,0.050000000000000044,4.63,0,8,200
1650,324864,138.20833475887775,0.06499999999999995,5.555,0,3,200
1651,325400,158.1016649901867,0.025000000000000022,4.285,0,1,200
1652,325560,148.17000053822994,0.03500000000000003,5.28,0,0,200
1653,325624,137.78166610747576,0.06999999999999995,5.065,0,9,200
1654,325672,149.34833377599716,0.040000000000000036,4.685,0,5,200
1655,325800,152.66166612505913,0.025000000000000022,4.615,0,5,200
1656,326160,142.98833334445953,0.06499999999999995,4.865,0,5,200
1657,326224,135.30999998748302,0.08499999999999996,4.86,0,10,200
1658,326464,138.62833331525326,0.050000000000000044,5.675,0,5,200
1659,327000,149.39333310723305,0.040000000000000036,4.73,0,3,200
1660,327160,135.4033347517252,0.050000000000000044,6.08,0,6,200
1661,327224,147.09166634082794,0.05500000000000005,4.795,0,2,200
1662,327272,145.8100001513958,0.04500000000000004,5.13,0,3,200
1663,327400,150.03999996185303,0.03500000000000003,4.62,0,6,200
1664,327760,130.00666789710522,0.08499999999999996,5.56,0,10,200
1665,327824,136.38833272457123,0.05500000000000005,5.675,0,8,200
1666,328064,146.52999898791313,0.030000000000000027,5.34,0,4,200
1667,328600,139.39500005543232,0.06000000000000005,5.205,0,8,200
1668,328760,146.68499925732613,0.03500000000000003,4.965,0,7,200
1669,328824,137.52166658639908,0.07499999999999996,5.125,0,7,200
1670,328872,150.0766662657261,0.030000000000000027,4.75,0,6,200
1671,329000,151.56999838352203,0.040000000000000036,4.56,0,3,200
1672,329360,134.28333295881748,0.07499999999999996,5.78,0,3,200
1673,329424,145.7149999588728,0.06999999999999995,4.155,0,8,200
1674,329664,148.19499923288822,0.040000000000000036,4.785,0,6,200
1675,330200,151.5216661989689,0.03500000000000003,4.585,0,4,200
1676,330360,132.08166629076004,0.07999999999999996,5.605,0,8,200
1677,330424,141.6733331978321,0.05500000000000005,4.97,0,9,200
1678,330472,139.8033344000578,0.06999999999999995,5.12,0,4,200
1679,330600,142.16666701436043,0.04500000000000004,5.5,0,4,200
1680,330960,146.04333433508873,0.050000000000000044,5.03,0,2,200
1681,331024,133.91000022739172,0.06499999999999995,5.73,0,8,200
1682,331264,150.60333324968815,0.04500000000000004,4.52,0,3,200
1683,331800,130.80166728794575,0.09499999999999997,5.425,0,7,200
1684,331960,132.75833325088024,0.07499999999999996,5.765,0,6,200
1685,332024,140.72166654467583,0.06000000000000005,5.035,0,7,200
1686,332072,143.19166760146618,0.050000000000000044,4.795,0,10,200
1687,332200,141.5616669356823,0.04500000000000004,5.395,0,5,200
1688,332560,149.85166682302952,0.050000000000000044,4.525,0,3,200
1689,332624,142.98999992012978,0.06999999999999995,4.68,0,5,200
1690,332864,139.50000002980232,0.08499999999999996,4.56,0,7,200
1691,333400,144.22666473686695,0.05500000000000005,5.08,0,3,200
1692,333560,149.64166548848152,0.040000000000000036,4.705,0,4,200
1693,333624,141.47000040113926,0.040000000000000036,5.1,0,13,200
1694,333672,141.686666816473,0.06000000000000005,5.11,0,5,200
1695,333800,131.59333305805922,0.09999999999999998,5.36,0,4,200
1696,334160,145.6366646438837,0.040000000000000036,4.96,0,7,200
1697,334224,150.44166518747807,0.03500000000000003,4.645,0,5,200
1698,334464,139.5266674309969,0.05500000000000005,5.47,0,5,200
1699,335000,137.43666626513004,0.06999999999999995,5.44,0,4,200
1700,335160,149.9366666674614,0.03500000000000003,4.84,0,3,200
1701,335224,137.263332426548,0.08499999999999996,5.18,0,3,200
1702,335272,133.7250002771616,0.07999999999999996,5.325,0,9,200
1703,335400,142.67333315312862,0.040000000000000036,5.18,0,9,200
1704,335760,148.14833296835423,0.04500000000000004,4.685,0,5,200
1705,335824,149.6016672551632,0.03500000000000003,4.915,0,3,200
1706,336064,146.58166535198689,0.04500000000000004,4.765,0,7,200
1707,336600,142.85333301126957,0.06000000000000005,5.03,0,4,200
1708,336760,147.46000057458878,0.020000000000000018,5.31,0,6,200
1709,336824,135.6316668242216,0.07499999999999996,5.185,0,9,200
1710,336872,143.95333370566368,0.050000000000000044,5.27,0,2,200
1711,337000,153.3616665005684,0.030000000000000027,4.435,0,5,200
1712,337360,142.45666672289371,0.07499999999999996,4.93,0,1,200
1713,337424,132.34333358705044,0.08499999999999996,5.69,0,4,200
1714,337664,144.96500109136105,0.04500000000000004,5.145,0,4,200
1715,338200,155.85833409428596,0.020000000000000018,4.715,0,0,200
1716,338360,140.32166746258736,0.07999999999999996,5.005,0,2,200
1717,338424,139.85666730999947,0.04500000000000004,5.71,0,5,200
1718,338472,144.9966688901186,0.04500000000000004,5.14,0,4,200
1719,338600,146.4249995648861,0.050000000000000044,4.875,0,3,200
1720,338960,129.01833240687847,0.09999999999999998,5.585,0,6,200
1721,339024,142.15666611492634,0.06000000000000005,4.99,0,6,200
1722,339264,145.95500135421753,0.040000000000000036,5.205,0,3,200
1723,339800,150.0233332514763,0.025000000000000022,5.18,0,2,200
1724,339960,143.99833254516125,0.050000000000000044,5.165,0,4,200
1725,340024,153.83833192288876,0.025000000000000022,4.655,0,3,200
1726,340072,133.1933329552412,0.08499999999999996,5.36,0,6,200
1727,340200,139.82499915361404,0.05500000000000005,5.595,0,3,200
1728,340560,135.46500124037266,0.06999999999999995,5.685,0,4,200
1729,340624,143.7316671460867,0.050000000000000044,5.245,0,3,200
1730,340864,135.80166621506214,0.07999999999999996,5.245,0,6,200
1731,341400,147.40499874949455,0.06000000000000005,4.455,0,4,200
1732,341560,145.66999892890453,0.06499999999999995,4.59,0,4,200
1733,341624,138.2299995869398,0.07999999999999996,5.04,0,5,200
1734,341672,153.1666678339243,0.025000000000000022,4.78,0,2,200
1735,341800,144.66666574776173,0.06000000000000005,4.69,0,6,200
1736,342160,145.69000005722046,0.04500000000000004,5.01,0,4,200
1737,342224,143.35666777193546,0.03500000000000003,5.56,0,5,200
1738,342464,134.32000014185905,0.09499999999999997,5.04,0,6,200
1739,343000,141.36666509509087,0.050000000000000044,5.68,0,1,200
1740,343160,144.33000054955482,0.05500000000000005,4.86,0,6,200
1741,343224,154.8633335083723,0.020000000000000018,4.85,0,0,200
1742,343272,142.00833354890347,0.06999999999999995,4.745,0,6,200
1743,343400,151.41999930143356,0.030000000000000027,4.83,0,3,200
1744,343760,137.27166689932346,0.07499999999999996,5.065,0,8,200
1745,343824,141.48166544735432,0.06499999999999995,5.125,0,3,200
1746,344064,142.48833325505257,0.06999999999999995,4.865,0,4,200
1747,344600,152.3550008237362,0.040000000000000036,4.515,0,2,200
1748,344760,145.13500042259693,0.05500000000000005,4.785,0,5,200
1749,344824,150.49500034749508,0.030000000000000027,4.695,0,6,200
1750,344872,149.0033333748579,0.040000000000000036,4.76,0,4,200
1751,345000,144.2516683191061,0.04500000000000004,5.305,0,3,200
1752,345360,145.93333396315575,0.040000000000000036,5.15,0,4,200
1753,345424,145.51499918103218,0.050000000000000044,4.965,0,4,200
1754,345664,137.82666723430157,0.06999999999999995,5.32,0,5,200
1755,346200,153.32833327353,0.025000000000000022,4.565,0,5,200
1756,346360,132.24499934911728,0.08999999999999997,5.295,0,8,200
1757,346424,154.44333408772945,0.025000000000000022,4.52,0,3,200
1758,346472,136.92500061541796,0.07499999999999996,4.995,0,9,200
1759,346600,145.561665892601,0.050000000000000044,5.095,0,2,200
1760,346960,148.87166678905487,0.05500000000000005,4.255,0,6,200
1761,347024,134.101666867733,0.07999999999999996,5.575,0,4,200
1762,347264,139.02333411574364,0.06499999999999995,5.03,0,9,200
1763,347800,144.69666688144207,0.05500000000000005,4.93,0,4,200
1764,347960,134.67166639864445,0.07999999999999996,5.275,0,8,200
1765,348024,145.82999914884567,0.050000000000000044,5.07,0,2,200
1766,348072,147.0833331644535,0.05500000000000005,4.67,0,4,200
1767,348200,145.35666613280773,0.06999999999999995,4.09,0,9,200
1768,348560,156.23500096797943,0.015000000000000013,4.515,0,4,200
1769,348624,144.2616667151451,0.06999999999999995,4.315,0,8,200
1770,348864,146.73500029742718,0.040000000000000036,5.085,0,4,200
1771,349400,141.90500067174435,0.04500000000000004,5.295,0,7,200
1772,349560,142.52000035345554,0.05500000000000005,5.01,0,7,200
1773,349624,138.49666775763035,0.06499999999999995,5.5,0,3,200
1774,349672,143.7449977695942,0.06000000000000005,5.085,0,2,200
1775,349800,118.11166627705097,0.13,5.965,0,9,200
1776,350160,136.99333356320858,0.06000000000000005,5.75,0,4,200
1777,350224,135.08166712522507,0.06999999999999995,5.695,0,5,200
1778,350464,154.93166571855545,0.025000000000000022,4.585,0,2,200
1779,351000,130.67166844010353,0.10499999999999998,5.035,0,9,200
1780,351160,145.35999976098537,0.050000000000000044,4.86,0,5,200
1781,351224,145.06499952077866,0.06499999999999995,4.515,0,6,200
1782,351272,147.23166644573212,0.040000000000000036,5.005,0,4,200
1783,351400,145.2983331978321,0.05500000000000005,4.925,0,3,200
1784,351760,147.45833191275597,0.06499999999999995,4.415,0,3,200
1785,351824,145.12833385169506,0.03500000000000003,5.015,0,9,200
1786,352064,136.51166696846485,0.07999999999999996,5.215,0,5,200
1787,352600,142.0883321389556,0.07999999999999996,4.625,0,4,200
1788,352760,140.86333334445953,0.07499999999999996,4.79,0,5,200
1789,352824,144.72166593372822,0.04500000000000004,5.305,0,2,200
1790,352872,144.1099988669157,0.06499999999999995,4.62,0,6,200
1791,353000,127.48333448171616,0.11499999999999999,5.15,0,10,200
1792,353360,147.13166576623917,0.05500000000000005,4.585,0,4,200
1793,353424,136.43499992787838,0.06499999999999995,5.205,0,11,200
1794,353664,155.84999823570251,0.010000000000000009,4.5,0,7,200
1795,354200,145.07833284139633,0.050000000000000044,4.895,0,5,200
1796,354360,148.21333268284798,0.030000000000000027,5.21,0,3,200
1797,354424,151.44333308935165,0.025000000000000022,4.79,0,5,200
1798,354472,138.46666721999645,0.050000000000000044,5.86,0,3,200
1799,354600,145.28166635334492,0.050000000000000044,4.765,0,7,200
1800,354960,143.6616656333208,0.04500000000000004,5.365,0,3,200
1801,355024,149.30666691064835,0.040000000000000036,4.72,0,4,200
1802,355264,149.3900010585785,0.03500000000000003,4.71,0,6,200
1803,355800,131.44500021636486,0.07999999999999996,5.475,0,10,200
1804,355960,141.7366655319929,0.06499999999999995,4.93,0,6,200
1805,356024,143.78166694939137,0.06999999999999995,4.855,0,1,200
1806,356072,150.68333330750465,0.025000000000000022,4.82,0,6,200
1807,356200,145.18000102043152,0.05500000000000005,4.8,0,5,200
1808,356560,143.77166639268398,0.040000000000000036,5.245,0,6,200
1809,356624,147.06999996304512,0.03500000000000003,4.92,0,7,200
1810,356864,147.7683343887329,0.050000000000000044,4.745,0,3,200
1811,357400,147.20666621625423,0.03500000000000003,4.93,0,7,200
1812,357560,143.90333384275436,0.050000000000000044,5.33,0,1,200
1813,357624,144.74833269417286,0.050000000000000044,5.045,0,4,200
1814,357672,134.81666566431522,0.07499999999999996,5.56,0,5,200
1815,357800,142.1450007110834,0.04500000000000004,5.565,0,2,200
1816,358160,136.52333360910416,0.07499999999999996,5.3,0,6,200
1817,358224,148.16499944031239,0.040000000000000036,4.665,0,7,200
1818,358464,139.21166671067476,0.06499999999999995,5.275,0,5,200
1819,359000,128.09333343803883,0.10999999999999999,5.39,0,7,200
1820,359160,144.40833355486393,0.06000000000000005,4.715,0,6,200
1821,359224,134.86499986052513,0.08999999999999997,4.995,0,7,200
1822,359272,153.72833393514156,0.025000000000000022,4.775,0,1,200
1823,359400,140.89000056684017,0.06000000000000005,4.95,0,9,200
1824,359760,147.64833261072636,0.05500000000000005,4.625,0,3,200
1825,359824,133.46833349764347,0.07999999999999996,5.585,0,5,200
1826,360064,147.59833355247974,0.05500000000000005,4.625,0,3,200
1827,360600,143.71999888122082,0.050000000000000044,5.31,0,2,200
1828,360760,137.12166537344456,0.09499999999999997,4.765,0,6,200
1829,360824,141.609998524189,0.050000000000000044,5.16,0,8,200
1830,360872,146.50333265960217,0.03500000000000003,5.21,0,4,200
1831,361000,142.88666546344757,0.06000000000000005,5.11,0,3,200
1832,361360,147.64333464205265,0.030000000000000027,5.24,0,3,200
1833,361424,152.65833368897438,0.030000000000000027,4.715,0,2,200
1834,361664,146.75499999523163,0.040000000000000036,5.115,0,3,200
1835,362200,139.68499951064587,0.050000000000000044,5.595,0,5,200
1836,362360,145.7000007033348,0.040000000000000036,5.19,0,4,200
1837,362424,140.37000006437302,0.06000000000000005,5.28,0,5,200
1838,362472,142.0700000077486,0.06999999999999995,4.8,0,5,200
1839,362600,144.88499927520752,0.05500000000000005,4.995,0,3,200
1840,362960,146.28666625916958,0.05500000000000005,4.84,0,2,200
1841,363024,132.5899994149804,0.08999999999999997,5.52,0,4,200
1842,363264,133.18999914824963,0.07999999999999996,5.64,0,5,200
1843,363800,147.75166529417038,0.04500000000000004,4.945,0,2,200
1844,363960,137.25833374261856,0.07999999999999996,5.255,0,3,200
1845,364024,138.51166632771492,0.06999999999999995,5.305,0,4,200
1846,364072,133.63833349198103,0.09499999999999997,5.375,0,2,200
1847,364200,139.32333347201347,0.07499999999999996,4.91,0,6,200
1848,364560,147.71666613221169,0.050000000000000044,4.78,0,3,200
1849,364624,136.94833385944366,0.06999999999999995,5.435,0,5,200
1850,364864,147.7766666561365,0.05500000000000005,4.78,0,1,200
1851,365400,141.50166641175747,0.06000000000000005,4.975,0,7,200
1852,365560,149.66666667163372,0.03500000000000003,4.87,0,3,200
1853,365624,149.63999898731709,0.04500000000000004,4.56,0,4,200
1854,365672,149.34833319485188,0.015000000000000013,5.225,0,6,200
1855,365800,144.05166657269,0.050000000000000044,4.795,0,9,200
1856,366160,148.93166610598564,0.03500000000000003,4.765,0,6,200
1857,366224,144.57999941706657,0.050000000000000044,4.59,0,11,200
1858,366464,146.69666734337807,0.050000000000000044,4.78,0,4,200
1859,367000,145.50666500627995,0.050000000000000044,4.78,0,7,200
1860,367160,153.46166747808456,0.03500000000000003,4.435,0,3,200
1861,367224,147.70999874174595,0.030000000000000027,5.13,0,5,200
1862,367272,144.75166568160057,0.04500000000000004,5.185,0,4,200
1863,367400,136.7733335196972,0.06499999999999995,5.21,0,10,200
1864,367760,155.01666466891766,0.020000000000000018,4.51,0,5,200
1865,367824,130.23500050604343,0.07999999999999996,5.475,0,12,200
1866,368064,145.63666559755802,0.06000000000000005,4.63,0,5,200
1867,368600,144.34000051021576,0.06499999999999995,4.65,0,5,200
1868,368760,128.91333244740963,0.10999999999999999,5.21,0,7,200
1869,368824,135.06333258748055,0.06499999999999995,5.72,0,6,200
1870,368872,149.2866652905941,0.030000000000000027,4.9,0,5,200
1871,369000,139.60499921441078,0.06499999999999995,5.055,0,7,200
1872,369360,147.01666669547558,0.050000000000000044,4.78,0,4,200
1873,369424,137.18333362042904,0.06499999999999995,5.6,0,4,200
1874,369664,147.92833258211613,0.040000000000000036,4.505,0,10,200
1875,370200,147.54833289980888,0.040000000000000036,5.015,0,3,200
1876,370360,140.57000102102757,0.05500000000000005,5.25,0,7,200
1877,370424,151.3333324342966,0.04500000000000004,4.49,0,2,200
1878,370472,145.12000015377998,0.050000000000000044,4.86,0,6,200
1879,370600,148.93999990820885,0.05500000000000005,4.35,0,5,200
1880,370960,139.91166749596596,0.07499999999999996,4.945,0,5,200
1881,371024,149.04333302378654,0.020000000000000018,5.12,0,6,200
1882,371264,148.69499817490578,0.050000000000000044,4.395,0,7,200
1883,371800,144.59333266317844,0.06999999999999995,4.37,0,7,200
1884,371960,154.2133331298828,0.020000000000000018,4.58,0,5,200
1885,372024,139.5733349174261,0.06999999999999995,5.0,0,7,200
1886,372072,140.85000006854534,0.06000000000000005,5.07,0,7,200
1887,372200,143.51666541397572,0.06999999999999995,4.87,0,2,200
1888,372560,137.44166493415833,0.06499999999999995,5.575,0,4,200
1889,372624,146.6566652134061,0.040000000000000036,5.05,0,4,200
1890,372864,141.78000023961067,0.050000000000000044,5.19,0,7,200
1891,373400,143.54333364963531,0.06499999999999995,4.97,0,2,200
1892,373560,148.58166585862637,0.050000000000000044,4.375,0,7,200
1893,373624,134.66333435475826,0.07499999999999996,5.45,0,7,200
1894,373672,151.74333354830742,0.030000000000000027,4.79,0,3,200
1895,373800,146.81999921798706,0.050000000000000044,4.86,0,3,200
1896,374160,142.51500016450882,0.06000000000000005,4.845,0,7,200
1897,374224,136.50333352386951,0.07999999999999996,5.03,0,8,200
1898,374464,140.6999989449978,0.07999999999999996,4.86,0,3,200
1899,375000,148.1400000602007,0.05500000000000005,4.44,0,5,200
1900,375160,152.1799999177456,0.03500000000000003,4.59,0,3,200
1901,375224,147.6199998408556,0.030000000000000027,5.19,0,4,200
1902,375272,147.99833312630653,0.025000000000000022,5.285,0,4,200
1903,375400,150.33833391964436,0.020000000000000018,5.315,0,1,200
1904,375760,144.40833163261414,0.025000000000000022,5.885,0,1,200
1905,375824,134.6116664558649,0.06999999999999995,5.575,0,7,200
1906,376064,141.3016682267189,0.06000000000000005,5.155,0,5,200
1907,376600,136.63499854505062,0.08499999999999996,5.025,0,6,200
1908,376760,149.19666665792465,0.03500000000000003,4.9,0,3,200
1909,376824,137.71833369135857,0.06999999999999995,5.285,0,6,200
1910,376872,149.57000043988228,0.03500000000000003,4.98,0,2,200
1911,377000,148.9299996048212,0.04500000000000004,4.74,0,3,200
1912,377360,137.9533332362771,0.08999999999999997,4.73,0,6,200
1913,377424,145.43333226442337,0.06499999999999995,4.82,0,1,200
1914,377664,139.40333347022533,0.07499999999999996,4.79,0,8,200
1915,378200,147.64666743576527,0.050000000000000044,4.66,0,4,200
1916,378360,149.95666779577732,0.04500000000000004,4.78,0,1,200
1917,378424,137.79500024020672,0.050000000000000044,5.805,0,5,200
1918,378472,143.86333417892456,0.050000000000000044,5.0,0,6,200
1919,378600,139.59166750311852,0.06999999999999995,5.215,0,3,200
1920,378960,146.70999971032143,0.025000000000000022,4.89,0,11,200
1921,379024,139.94000025838614,0.06000000000000005,5.19,0,7,200
1922,379264,156.46833282709122,0.010000000000000009,4.805,0,1,200
1923,379800,142.611666187644,0.06499999999999995,4.735,0,7,200
1924,379960,144.99333310127258,0.04500000000000004,5.15,0,3,200
1925,380024,144.5283329039812,0.03500000000000003,5.045,0,10,200
1926,380072,150.9166669100523,0.04500000000000004,4.6,0,2,200
1927,380200,150.83666603267193,0.030000000000000027,4.78,0,4,200
1928,380560,138.80833289027214,0.06499999999999995,5.555,0,2,200
1929,380624,139.50999996066093,0.06000000000000005,5.49,0,3,200
1930,380864,137.39333283901215,0.06499999999999995,5.42,0,6,200
1931,381400,137.8383331000805,0.06499999999999995,5.435,0,5,200
1932,381560,139.02999947965145,0.08999999999999997,4.59,0,6,200
1933,381624,141.90666644275188,0.04500000000000004,5.02,0,11,200
1934,381672,139.56166671216488,0.04500000000000004,5.545,0,8,200
1935,381800,146.59500013291836,0.04500000000000004,4.755,0,7,200
1936,382160,154.26333232223988,0.020000000000000018,4.79,0,2,200
1937,382224,133.85166649520397,0.06999999999999995,5.545,0,8,200
1938,382464,139.90333230793476,0.08499999999999996,4.64,0,6,200
1939,383000,128.13833345472813,0.11499999999999999,5.345,0,5,200
1940,383160,147.26666650176048,0.03500000000000003,5.17,0,3,200
1941,383224,141.4233323186636,0.05500000000000005,5.18,0,6,200
1942,383272,151.68333357572556,0.03500000000000003,4.61,0,3,200
1943,383400,138.56166633963585,0.05500000000000005,5.725,0,3,200
1944,383760,140.48000042140484,0.06999999999999995,5.19,0,2,200
1945,383824,128.8516659885645,0.08999999999999997,5.515,0,11,200
1946,384064,146.19999976456165,0.03500000000000003,5.04,0,7,200
1947,384600,149.11666563153267,0.030000000000000027,5.02,0,4,200
1948,384760,133.47499941289425,0.09499999999999997,5.355,0,3,200
1949,384824,142.01333330571651,0.06999999999999995,4.73,0,6,200
1950,384872,144.34333387762308,0.06999999999999995,4.61,0,4,200
1951,385000,131.00333274900913,0.09999999999999998,5.48,0,4,200
1952,385360,145.17166602611542,0.040000000000000036,4.885,0,9,200
1953,385424,144.11500027775764,0.07499999999999996,4.275,0,7,200
1954,385664,148.5333337932825,0.04500000000000004,4.76,0,3,200
1955,386200,150.57499977946281,0.03500000000000003,4.755,0,3,200
1956,386360,138.2666652649641,0.07999999999999996,4.96,0,6,200
1957,386424,140.83166800439358,0.05500000000000005,5.425,0,4,200
1958,386472,147.5199989527464,0.050000000000000044,4.65,0,5,200
1959,386600,143.58999906480312,0.04500000000000004,5.04,0,8,200
1960,386960,154.30333290994167,0.010000000000000009,5.06,0,1,200
1961,387024,136.54499979317188,0.07499999999999996,5.475,0,3,200
1962,387264,139.57999961078167,0.050000000000000044,5.73,0,3,200
1963,387800,140.00666618347168,0.05500000000000005,5.41,0,5,200
1964,387960,135.7500009983778,0.06999999999999995,5.46,0,6,200
1965,388024,135.87333361804485,0.06999999999999995,5.33,0,8,200
1966,388072,145.85833258926868,0.050000000000000044,5.015,0,2,200
1967,388200,131.0066654831171,0.08999999999999997,5.41,0,8,200
1968,388560,153.39333273470402,0.020000000000000018,4.88,0,2,200
1969,388624,138.53833283483982,0.06499999999999995,5.225,0,7,200
1970,388864,145.16666574776173,0.06000000000000005,4.57,0,6,200
1971,389400,142.73833234608173,0.07499999999999996,4.685,0,4,200
1972,389560,146.36166535317898,0.040000000000000036,5.185,0,2,200
1973,389624,136.96833346784115,0.05500000000000005,5.735,0,6,200
1974,389672,153.86666643619537,0.030000000000000027,4.57,0,2,200
1975,389800,137.4999991580844,0.07999999999999996,5.16,0,4,200
1976,390160,144.59999929368496,0.04500000000000004,5.16,0,4,200
1977,390224,142.9016658216715,0.04500000000000004,5.245,0,6,200
1978,390464,145.1316668689251,0.06000000000000005,4.645,0,5,200
1979,391000,148.26833240687847,0.04500000000000004,4.775,0,3,200
1980,391160,143.27499951422215,0.03500000000000003,5.775,0,1,200
1981,391224,148.46499946713448,0.040000000000000036,4.725,0,6,200
1982,391272,143.34666502475739,0.05500000000000005,5.17,0,3,200
1983,391400,140.46833363175392,0.07499999999999996,4.685,0,8,200
1984,391760,143.87999926507473,0.04500000000000004,5.28,0,4,200
1985,391824,141.32500010728836,0.04500000000000004,5.085,0,11,200
1986,392064,142.55833314359188,0.06000000000000005,4.865,0,7,200
1987,392600,139.1549987345934,0.07499999999999996,4.815,0,8,200
1988,392760,140.7149991840124,0.05500000000000005,5.265,0,6,200
1989,392824,133.31000028550625,0.07499999999999996,5.64,0,6,200
1990,392872,133.9816670268774,0.09499999999999997,5.155,0,5,200
1991,393000,142.49666599929333,0.05500000000000005,5.38,0,1,200
1992,393360,154.71833264827728,0.025000000000000022,4.595,0,2,200
1993,393424,136.03833281248808,0.07999999999999996,5.135,0,6,200
1994,393664,148.9966662377119,0.040000000000000036,4.96,0,1,200
1995,394200,140.67999996244907,0.06999999999999995,5.13,0,3,200
1996,394360,141.26500014960766,0.05500000000000005,5.355,0,4,200
1997,394424,136.17166681587696,0.07999999999999996,4.885,0,11,200
1998,394472,141.4333345592022,0.04500000000000004,5.63,0,3,200
1999,394600,131.11833360791206,0.09499999999999997,5.435,0,6,200
2000,394960,145.534999653697,0.04500000000000004,4.875,0,7,200
2001,395024,141.7050003260374,0.06499999999999995,4.875,0,6,200
2002,395264,140.2466661632061,0.04500000000000004,5.5,0,7,200
2003,395800,139.70999993383884,0.06000000000000005,5.16,0,8,200
2004,395960,144.2783331722021,0.050000000000000044,5.015,0,5,200
2005,396024,137.23166701197624,0.06000000000000005,5.545,0,6,200
2006,396072,132.01500131189823,0.08499999999999996,5.595,0,6,200
2007,396200,155.13000026345253,0.015000000000000013,4.74,0,2,200
2008,396560,152.79833163321018,0.025000000000000022,4.835,0,1,200
2009,396624,145.70833268761635,0.050000000000000044,4.865,0,5,200
2010,396864,134.3516672104597,0.07999999999999996,5.185,0,9,200
2011,397400,143.3333351612091,0.040000000000000036,5.21,0,8,200
2012,397560,134.57999943196774,0.06000000000000005,5.94,0,5,200
2013,397624,135.88666652143002,0.050000000000000044,5.89,0,7,200
2014,397672,148.94333316385746,0.025000000000000022,5.36,0,1,200
2015,397800,137.43499919772148,0.07499999999999996,5.115,0,7,200
2016,398160,144.67500123381615,0.030000000000000027,5.535,0,4,200
2017,398224,145.73999935388565,0.06000000000000005,4.83,0,2,200
2018,398464,155.00666554272175,0.03500000000000003,4.24,0,3,200
2019,399000,140.75666554272175,0.06000000000000005,5.05,0,8,200
2020,399160,142.2083333581686,0.040000000000000036,5.495,0,5,200
2021,399224,147.80666744709015,0.03500000000000003,4.99,0,5,200
2022,399272,135.98833341896534,0.06499999999999995,5.465,0,8,200
2023,399400,146.5733329206705,0.06000000000000005,4.64,0,3,200
2024,399760,144.3800000399351,0.040000000000000036,5.31,0,4,200
2025,399824,140.08166548609734,0.07499999999999996,5.125,0,2,200
2026,400064,141.0833334326744,0.07499999999999996,4.73,0,6,200
2027,400600,128.83499988168478,0.07999999999999996,5.955,0,8,200
2028,400760,143.5066663622856,0.05500000000000005,4.93,0,6,200
2029,400824,146.28666552901268,0.030000000000000027,5.47,0,2,200
2030,400872,150.95833346247673,0.03500000000000003,4.745,0,3,200
2031,401000,138.36666683852673,0.06000000000000005,5.59,0,3,200
2032,401360,146.40333251655102,0.05500000000000005,4.7,0,4,200
