episode,timestep,reward,sla_violation,mean_replicas,crashes,flapping_incidents,length
0,88,-21.671665877103806,0.8181818181818181,3.3636363636363638,1,2,11
1,88,-23.219999819993973,0.9090909090909091,2.727272727272727,1,4,11
2,112,-23.78166715800762,0.8571428571428572,3.9285714285714284,1,5,14
3,248,-28.511667169630527,0.935483870967742,3.7096774193548385,1,8,31
4,288,-23.835000552237034,0.8636363636363636,2.590909090909091,1,6,22
5,336,-11.853333750739694,0.40476190476190477,4.0476190476190474,1,14,42
6,464,-33.71333376318216,0.8297872340425532,3.3617021276595747,1,21,47
7,504,-35.83500025048852,0.7936507936507937,3.6666666666666665,1,27,63
8,520,-22.51999932527542,0.8571428571428572,4.285714285714286,1,3,7
9,768,6.131667046807706,0.32291666666666663,7.802083333333333,0,37,96
10,768,27.465000361204147,0.23958333333333337,5.96875,0,29,96
11,856,26.158333657309413,0.17708333333333337,6.572916666666667,0,36,96
12,880,-23.50499914586544,1.0,3.2142857142857144,1,2,14
13,992,-23.416666336357594,0.576271186440678,4.6440677966101696,1,26,59
14,1016,13.576666795648634,0.25,7.270833333333333,0,41,96
15,1024,-24.43166638445109,0.5538461538461539,4.630769230769231,1,29,65
16,1056,21.92333318013698,0.08333333333333337,9.729166666666666,0,37,96
17,1104,15.996666713617742,0.32291666666666663,7.583333333333333,0,24,96
18,1104,-30.333334036171436,0.9642857142857143,3.0714285714285716,1,12,28
19,1208,-22.998333871364594,0.7692307692307692,4.076923076923077,1,4,13
20,1304,-24.12166704982519,0.8,3.64,1,7,25
21,1528,-23.005000486969948,0.475,7.575,1,14,40
22,1536,-6.601666957139969,0.46875,7.322916666666667,0,39,96
23,1624,15.280000305734575,0.23958333333333337,8.375,0,32,96
24,1656,-26.68000027164817,0.575,5.775,1,31,80
25,1736,-19.09500052034855,0.6428571428571428,2.7857142857142856,1,4,14
26,1760,18.94833329692483,0.13541666666666663,9.885416666666666,0,34,96
27,1792,33.01666679698974,0.07291666666666663,9.895833333333334,0,21,96
28,1800,-25.988333832472563,1.0,2.9444444444444446,1,4,18
29,1824,-18.97999979555607,0.6979166666666667,4.875,0,39,96
30,1848,-23.81333314627409,1.0,2.2857142857142856,1,3,14
31,1936,-22.541667126119137,0.9090909090909091,2.272727272727273,1,3,11
32,1952,-24.71166585572064,0.6981132075471699,3.4150943396226414,1,17,53
33,2072,37.39000025391579,0.0625,7.125,0,33,96
34,2096,-11.488332716748118,0.3571428571428571,5.690476190476191,1,11,42
35,2272,-29.09500063955784,0.6428571428571428,5.089285714285714,1,24,56
36,2304,13.301666910760105,0.3125,6.677083333333333,0,36,96
37,2464,-23.451667234301567,0.8,4.25,1,4,20
38,2560,10.99833359848708,0.25,8.510416666666666,0,36,96
39,2568,1.385000104084611,0.28125,10.40625,0,35,96
40,2704,20.4316668510437,0.16666666666666663,8.114583333333334,0,39,96
41,2720,-12.015000060200691,0.6979166666666667,4.34375,0,33,96
42,2800,-18.09499986190349,0.4,4.5,1,14,30
43,2840,32.46999997086823,0.0,9.9375,0,33,96
44,2864,-2.1466665491461754,0.5,6.666666666666667,0,32,96
45,2912,-27.978333681821823,0.875,4.708333333333333,1,9,24
46,2928,-21.208332997746766,0.5777777777777777,3.977777777777778,1,17,45
47,2952,-18.965000287629664,0.47540983606557374,4.475409836065574,1,28,61
48,3016,-21.938333824276924,0.8461538461538461,3.1538461538461537,1,3,13
49,3040,-16.084999442100525,0.6145833333333333,5.59375,0,43,96
50,3064,-21.20333383977413,0.6060606060606061,4.0606060606060606,1,13,33
51,3176,-6.81000043451786,0.30508474576271183,5.898305084745763,1,18,59
52,3232,-22.683332577347755,1.0,2.857142857142857,1,2,7
53,3272,-7.1083325538784266,0.27450980392156865,5.1568627450980395,1,17,51
54,3320,-26.895000495016575,0.90625,3.09375,1,7,32
55,3512,-29.251666456460953,0.6774193548387097,5.919354838709677,1,17,62
56,3600,-21.25499986857176,0.7428571428571429,3.6857142857142855,1,6,35
57,3608,-0.8533331761136651,0.42708333333333337,7.458333333333333,0,37,96
58,3648,-17.66999908629805,0.46808510638297873,4.851063829787234,1,18,47
59,3696,17.640000226907432,0.26041666666666663,6.3125,0,40,96
60,3720,38.45999994967133,0.03125,7.5625,0,31,96
61,3792,-10.188332669436932,0.3857142857142857,5.642857142857143,1,24,70
62,3808,-7.488333011046052,0.6145833333333333,4.552083333333333,0,36,96
63,3984,-23.39166570454836,0.5952380952380952,5.309523809523809,1,15,42
64,4008,-23.493333712220192,0.7037037037037037,5.185185185185185,1,8,27
65,4104,-36.08500052616,0.7777777777777778,4.428571428571429,1,24,63
66,4144,-22.70833307504654,0.6071428571428572,4.803571428571429,1,17,56
67,4192,-17.08666656166315,0.34782608695652173,4.869565217391305,1,10,23
68,4280,-1.221666157245636,0.5208333333333333,5.697916666666667,0,32,96
69,4376,-5.626666417345405,0.6145833333333333,4.229166666666667,0,37,96
70,4488,7.24500036239624,0.375,7.15625,0,32,96
71,4576,-15.331666533835232,0.4,4.12,1,8,25
72,4576,18.24166672769934,0.22916666666666663,8.239583333333334,0,31,96
73,4752,22.010000048205256,0.11458333333333337,9.1875,0,36,96
74,4832,-13.871666525490582,0.3023255813953488,5.465116279069767,1,18,43
75,4872,33.48499991744757,0.09375,7.71875,0,30,96
76,4912,14.71166689042002,0.16666666666666663,8.927083333333334,0,43,96
77,4928,-25.80166707932949,0.5543478260869565,6.4021739130434785,1,32,92
78,5048,-24.15500045195222,0.7272727272727273,5.318181818181818,1,7,22
79,5048,25.750000244006515,0.0625,8.9375,0,39,96
80,5344,32.721667025238276,0.125,7.302083333333333,0,30,96
81,5344,3.063333358615637,0.47916666666666663,6.229166666666667,0,30,96
82,5520,20.36333349905908,0.15625,9.541666666666666,0,31,96
83,5568,-25.97166594862938,0.7857142857142857,3.4642857142857144,1,12,28
84,5600,30.141666422598064,0.10416666666666663,8.739583333333334,0,27,96
85,5632,-23.861667215824127,0.8571428571428572,2.642857142857143,1,6,14
86,5680,-1.3049994558095932,0.42708333333333337,5.84375,0,45,96
87,5696,19.431666737422347,0.1875,8.239583333333334,0,33,96
88,5816,17.616666920483112,0.23958333333333337,7.145833333333333,0,37,96
89,5816,21.07833361811936,0.1875,8.197916666666666,0,32,96
90,5856,-19.25666569545865,0.5,4.214285714285714,1,11,28
91,6048,-21.08166689891368,0.5,6.215909090909091,1,30,88
92,6336,35.535000023432076,0.0625,8.59375,0,26,96
93,6368,-10.269999761134386,0.5625,6.625,0,34,96
94,6448,14.12166688311845,0.25,9.177083333333334,0,29,96
95,6464,37.491666715592146,0.01041666666666663,8.614583333333334,0,33,96
96,6584,25.725000037811697,0.15625,8.21875,0,29,96
97,6584,30.283333878032863,0.15625,6.854166666666667,0,32,96
98,6624,19.943333345465362,0.22916666666666663,7.479166666666667,0,35,96
99,6704,-21.320000514388084,1.0,1.8,1,0,10
100,6816,11.750000272877514,0.3125,7.0,0,35,96
101,6872,-20.758333832025528,0.8571428571428572,2.4285714285714284,1,1,7
102,6936,-19.696665801107883,0.5517241379310345,4.896551724137931,1,9,29
103,7000,-15.200000531971455,0.34328358208955223,6.895522388059701,1,28,67
104,7056,-28.334999608807266,0.728813559322034,3.711864406779661,1,20,59
105,7104,7.960000172257423,0.28125,8.1875,0,38,96
106,7136,9.505000468343496,0.38541666666666663,6.21875,0,33,96
107,7168,-9.644999749958515,0.29729729729729726,5.594594594594595,1,10,37
108,7200,-24.113333076238632,1.0,4.0,1,3,8
109,7216,20.26999991480261,0.08333333333333337,10.375,0,35,96
110,7352,17.761666755191982,0.21875,7.552083333333333,0,37,96
111,7352,-20.11666718311608,0.5806451612903225,4.193548387096774,1,10,31
112,7672,-16.633333519101143,0.5079365079365079,6.031746031746032,1,15,63
113,7704,5.184999915771186,0.34375,7.90625,0,36,96
114,7768,6.6366669265553355,0.3125,8.208333333333334,0,37,96
115,7824,14.831666707992554,0.28125,7.614583333333333,0,30,96
116,7968,41.400000180117786,0.02083333333333337,7.625,0,30,96
117,7984,20.30833349004388,0.16666666666666663,8.197916666666666,0,39,96
118,8032,-22.948332592844963,1.0,3.625,1,2,8
119,8120,8.20000013988465,0.34375,8.4375,0,29,96
120,8120,46.09833334945142,0.03125,6.635416666666667,0,26,96
121,8232,-30.061667129397392,0.7068965517241379,5.706896551724138,1,18,58
122,8440,7.465000188909471,0.4375,6.09375,0,31,96
123,8472,20.21166682243347,0.22916666666666663,7.052083333333333,0,36,96
124,8592,2.126666909083724,0.48958333333333337,6.895833333333333,0,25,96
125,8752,9.191666825674474,0.35416666666666663,7.427083333333333,0,32,96
126,8800,38.40333351679146,0.09375,6.979166666666667,0,28,96
127,8888,6.78500010818243,0.39583333333333337,6.90625,0,33,96
128,8888,-14.884999661706388,0.47916666666666663,9.71875,0,36,96
129,8928,-18.523333705961704,0.5952380952380952,4.0476190476190474,1,11,42
130,9000,18.596666615456343,0.3125,7.833333333333333,0,21,96
131,9208,15.286666831932962,0.3125,9.020833333333334,0,21,96
132,9240,16.583333655260503,0.28125,7.666666666666667,0,31,96
133,9520,24.128333527594805,0.14583333333333337,7.947916666666667,0,37,96
134,9568,21.108333649113774,0.23958333333333337,7.135416666666667,0,31,96
135,9656,27.35333343874663,0.03125,9.854166666666666,0,36,96
136,9656,-0.4949996843934059,0.4375,7.28125,0,36,96
137,9696,42.02833345066756,0.0625,7.697916666666667,0,22,96
138,9768,9.795000075362623,0.3125,8.28125,0,32,96
139,9976,27.521666599437594,0.07291666666666663,8.927083333333334,0,35,96
140,10008,23.3466666508466,0.10416666666666663,9.770833333333334,0,33,96
141,10040,-16.921666491776705,0.47058823529411764,5.852941176470588,1,8,34
142,10152,-22.155000433325768,0.7777777777777778,4.166666666666667,1,4,18
143,10288,48.78000019863248,0.0,8.375,0,16,96
144,10336,-4.125000023283064,0.41666666666666663,9.71875,0,27,96
145,10424,7.470000228844583,0.33333333333333337,8.625,0,28,96
146,10424,12.488333343528211,0.21875,9.572916666666666,0,35,96
147,10464,23.101666836999357,0.125,8.302083333333334,0,38,96
148,10664,-15.998333778232336,0.5333333333333333,3.7666666666666666,1,8,30
149,10744,-1.1733332769945264,0.40625,8.395833333333334,0,34,96
150,10808,23.281666746363044,0.13541666666666663,9.302083333333334,0,30,96
151,10816,-21.62333247065544,0.7777777777777778,4.888888888888889,1,2,9
152,10920,5.271666863933206,0.35416666666666663,8.802083333333334,0,29,96
153,11024,-25.426666513085365,1.0,3.076923076923077,1,5,13
154,11056,19.870000280439854,0.15625,8.125,0,40,96
155,11104,22.575000435113907,0.20833333333333337,7.59375,0,30,96
156,11192,7.11499996855855,0.29166666666666663,9.34375,0,33,96
157,11232,18.845000006258488,0.17708333333333337,9.09375,0,32,96
158,11432,2.586666817776859,0.35416666666666663,9.020833333333334,0,31,96
159,11520,-20.18999984115362,0.7272727272727273,3.272727272727273,1,2,11
160,11576,2.994999948889017,0.38541666666666663,7.34375,0,36,96
161,11584,20.38999968301505,0.15625,9.5,0,31,96
162,11792,35.09333325736225,0.08333333333333337,8.416666666666666,0,27,96
163,11824,-0.8716668207198381,0.39583333333333337,9.322916666666666,0,28,96
164,11872,34.56166682764888,0.08333333333333337,8.239583333333334,0,29,96
165,11960,24.836666667833924,0.125,9.895833333333334,0,26,96
166,12000,31.8916668985039,0.08333333333333337,8.239583333333334,0,33,96
167,12288,26.438333337195218,0.04166666666666663,10.135416666666666,0,35,96
168,12344,26.653333575464785,0.07291666666666663,9.979166666666666,0,32,96
169,12352,31.795000195503235,0.13541666666666663,7.65625,0,27,96
170,12560,22.1483335159719,0.14583333333333337,9.197916666666666,0,31,96
171,12592,31.79166658781469,0.07291666666666663,9.239583333333334,0,26,96
172,12640,27.481666455976665,0.10416666666666663,10.302083333333334,0,22,96
173,12728,26.61000009905547,0.10416666666666663,9.1875,0,30,96
174,12768,32.35666657797992,0.125,8.520833333333334,0,23,96
175,13056,11.318333866074681,0.26041666666666663,9.697916666666666,0,28,96
176,13112,21.754999816417694,0.13541666666666663,10.09375,0,27,96
177,13120,34.35833324212581,0.0625,10.010416666666666,0,20,96
178,13280,-20.624999813735485,0.6,3.45,1,7,20
179,13328,28.88333315961063,0.01041666666666663,10.104166666666666,0,34,96
180,13360,31.86666668392718,0.08333333333333337,9.833333333333334,0,22,96
181,13408,22.13833320979029,0.07291666666666663,10.385416666666666,0,35,96
182,13496,35.88833332899958,0.01041666666666663,9.510416666666666,0,31,96
183,13536,39.03166664857417,0.08333333333333337,7.927083333333333,0,22,96
184,13824,19.91833315603435,0.16666666666666663,10.697916666666666,0,21,96
185,13880,24.409999961964786,0.10416666666666663,10.6875,0,24,96
186,14048,16.32333343848586,0.21875,9.979166666666666,0,25,96
187,14096,27.62833312805742,0.09375,10.697916666666666,0,19,96
188,14128,27.641666484996676,0.08333333333333337,10.364583333333334,0,23,96
189,14176,32.70833338983357,0.08333333333333337,9.322916666666666,0,25,96
190,14264,17.424999898299575,0.125,10.90625,0,30,96
191,14304,10.638333505019546,0.32291666666666663,8.822916666666666,0,27,96
192,14592,39.931666540913284,0.05208333333333337,8.739583333333334,0,20,96
193,14648,28.334999978542328,0.03125,10.21875,0,34,96
194,14688,-20.163333103060722,0.6666666666666667,4.666666666666667,1,2,12
195,14816,30.405000031925738,0.05208333333333337,9.84375,0,28,96
196,14864,0.16000032145529985,0.30208333333333337,9.875,0,37,96
197,14896,32.966666468419135,0.0,10.395833333333334,0,27,96
198,14944,33.41166656743735,0.04166666666666663,9.489583333333334,0,26,96
199,15032,17.14999995753169,0.25,9.1875,0,25,96
200,15072,35.86499991919845,0.05208333333333337,9.84375,0,20,96
201,15416,27.819999907165766,0.05208333333333337,10.1875,0,30,96
202,15456,34.8333335891366,0.03125,9.604166666666666,0,28,96
203,15584,30.76000012923032,0.08333333333333337,9.4375,0,26,96
204,15632,36.98166676796973,0.02083333333333337,7.927083333333333,0,34,96
205,15664,39.646666714921594,0.07291666666666663,9.583333333333334,0,12,96
206,15712,-3.9300000304356217,0.36458333333333337,10.1875,0,33,96
207,15800,13.08166687656194,0.25,9.989583333333334,0,24,96
208,15840,32.923333319835365,0.125,8.104166666666666,0,24,96
209,16184,29.995000114664435,0.16666666666666663,7.78125,0,26,96
210,16224,29.390000006183982,0.07291666666666663,10.3125,0,24,96
211,16352,31.716666418127716,0.02083333333333337,10.583333333333334,0,24,96
212,16400,29.644999959506094,0.11458333333333337,10.09375,0,18,96
213,16432,23.05499986279756,0.0625,10.40625,0,36,96
214,16480,18.305000115185976,0.15625,9.59375,0,32,96
215,16568,32.64000009652227,0.03125,9.75,0,29,96
216,16608,26.751666615717113,0.1875,8.489583333333334,0,23,96
217,16952,27.048333489336073,0.09375,10.322916666666666,0,25,96
218,16992,15.509999932721257,0.21875,9.875,0,26,96
219,17120,27.19666652660817,0.15625,9.333333333333334,0,22,96
220,17168,18.23999998345971,0.22916666666666663,10.0,0,20,96
221,17200,35.946666376665235,0.03125,10.833333333333334,0,16,96
222,17248,27.161666737869382,0.13541666666666663,8.989583333333334,0,29,96
223,17336,28.759999841451645,0.09375,11.25,0,17,96
224,17376,23.723333462141454,0.125,10.229166666666666,0,26,96
225,17720,24.050000172108412,0.15625,10.125,0,20,96
226,17760,38.46500001195818,0.09375,9.59375,0,11,96
227,17888,36.4799998505041,0.02083333333333337,10.9375,0,19,96
228,17936,9.416666539385915,0.29166666666666663,10.270833333333334,0,23,96
229,17968,26.376666645519435,0.05208333333333337,10.645833333333334,0,28,96
230,18016,6.7066665655002,0.29166666666666663,10.270833333333334,0,25,96
231,18104,28.461666638031602,0.10416666666666663,10.927083333333334,0,17,96
232,18144,26.984999886713922,0.11458333333333337,10.53125,0,19,96
233,18488,32.49833338148892,0.125,9.947916666666666,0,15,96
234,18528,26.519999847747386,0.15625,10.25,0,17,96
235,18656,15.021666740998626,0.22916666666666663,9.489583333333334,0,27,96
236,18704,11.64499975554645,0.26041666666666663,10.40625,0,20,96
237,18736,26.0550001533702,0.11458333333333337,9.71875,0,26,96
238,18784,39.610000115819275,0.01041666666666663,10.8125,0,16,96
239,18872,36.21833327319473,0.08333333333333337,9.947916666666666,0,14,96
240,18912,27.433333235792816,0.04166666666666663,10.416666666666666,0,31,96
241,19256,34.48333347123116,0.08333333333333337,9.979166666666666,0,16,96
242,19296,33.28999983146787,0.0625,9.6875,0,23,96
243,19424,24.3466664981097,0.03125,11.145833333333334,0,31,96
244,19472,25.30166646465659,0.125,11.239583333333334,0,15,96
245,19504,28.998333442024887,0.10416666666666663,9.697916666666666,0,24,96
246,19552,30.368333390913904,0.09375,10.260416666666666,0,22,96
247,19640,36.29333318769932,0.0625,10.854166666666666,0,11,96
248,19680,25.055000010877848,0.0625,10.78125,0,28,96
249,20024,6.515000009909272,0.28125,10.71875,0,26,96
250,20064,35.89833312481642,0.0,10.697916666666666,0,21,96
251,20192,22.894999887794256,0.125,10.46875,0,25,96
252,20240,30.018333247862756,0.03125,10.697916666666666,0,25,96
253,20272,27.749999884516,0.0625,10.5,0,27,96
254,20320,30.624999853782356,0.04166666666666663,10.46875,0,24,96
255,20408,37.25499975308776,0.01041666666666663,10.96875,0,16,96
256,20448,37.34666658937931,0.05208333333333337,10.708333333333334,0,13,96
257,20792,41.040000000968575,0.0,9.8125,0,20,96
258,20832,31.41999977361411,0.0625,10.5625,0,21,96
259,20960,32.59333298262209,0.03125,11.291666666666666,0,18,96
260,21008,32.878333400934935,0.05208333333333337,10.572916666666666,0,21,96
261,21040,36.83666635490954,0.01041666666666663,10.395833333333334,0,21,96
262,21088,35.47999993059784,0.05208333333333337,10.3125,0,18,96
263,21176,36.08833327610046,0.03125,10.635416666666666,0,18,96
264,21216,38.121666461229324,0.01041666666666663,10.927083333333334,0,16,96
265,21560,41.31499981228262,0.0,11.03125,0,13,96
266,21600,27.043333279900253,0.125,10.166666666666666,0,21,96
267,21728,30.80166680831462,0.09375,10.489583333333334,0,16,96
268,21776,21.344999900087714,0.1875,10.46875,0,18,96
269,21808,26.506666414439678,0.11458333333333337,10.958333333333334,0,18,96
270,21856,39.803333416581154,0.01041666666666663,10.166666666666666,0,19,96
271,21944,44.594999987632036,0.01041666666666663,10.15625,0,11,96
272,21984,25.586666751652956,0.13541666666666663,10.833333333333334,0,17,96
273,22328,36.05333330202848,0.0625,10.479166666666666,0,15,96
274,22368,26.26166650094092,0.13541666666666663,10.677083333333334,0,18,96
275,22496,38.59833320975304,0.04166666666666663,10.510416666666666,0,13,96
276,22504,24.305000375024974,0.0,10.978021978021978,1,4,91
277,22576,33.03166684322059,0.03125,10.114583333333334,0,27,96
278,22624,44.028333485126495,0.02083333333333337,9.947916666666666,0,13,96
279,22712,32.20666647795588,0.09375,10.895833333333334,0,13,96
280,22752,34.74999975319952,0.0,10.6875,0,25,96
281,23096,37.50999975204468,0.02083333333333337,10.5625,0,18,96
282,23136,41.13999986927956,0.01041666666666663,10.6875,0,13,96
283,23264,29.691666427999735,0.08333333333333337,10.552083333333334,0,20,96
284,23272,22.823333297856152,0.13541666666666663,10.479166666666666,0,25,96
285,23344,31.52166642062366,0.05208333333333337,11.177083333333334,0,19,96
286,23392,33.73666658438742,0.04166666666666663,10.645833333333334,0,20,96
287,23480,1.1433330550789833,0.39583333333333337,10.854166666666666,0,15,96
288,23520,31.378333315253258,0.125,10.635416666666666,0,12,96
289,23864,37.4549995213747,0.05208333333333337,11.28125,0,6,96
290,23904,21.471666729077697,0.15625,10.364583333333334,0,23,96
291,24032,37.06666660774499,0.03125,10.270833333333334,0,18,96
292,24040,27.16333319991827,0.0625,10.979166666666666,0,23,96
293,24112,14.73833311535418,0.25,11.135416666666666,0,14,96
294,24160,37.6899996753782,0.03125,11.1875,0,12,96
295,24248,42.989999699406326,0.02083333333333337,10.5,0,10,96
296,24288,30.546666755340993,0.09375,10.708333333333334,0,19,96
297,24632,32.36833314690739,0.05208333333333337,11.385416666666666,0,16,96
298,24672,40.39666664227843,0.02083333333333337,10.708333333333334,0,14,96
299,24800,36.82333318237215,0.03125,11.166666666666666,0,12,96
300,24808,39.08333339355886,0.0,10.916666666666666,0,16,96
301,24880,31.23666656948626,0.125,10.270833333333334,0,13,96
302,24928,37.08333351742476,0.02083333333333337,10.729166666666666,0,16,96
303,25016,39.153333293274045,0.03125,10.354166666666666,0,15,96
304,25056,39.5616663293913,0.01041666666666663,10.864583333333334,0,14,96
305,25400,24.70333306118846,0.17708333333333337,10.854166666666666,0,12,96
306,25440,49.37333325762302,0.0,9.541666666666666,0,8,96
307,25568,33.896666589193046,0.0625,10.520833333333334,0,18,96
308,25576,40.26833332423121,0.02083333333333337,10.760416666666666,0,12,96
309,25648,27.558333340100944,0.10416666666666663,10.572916666666666,0,20,96
310,25696,36.778333271853626,0.07291666666666663,10.260416666666666,0,14,96
311,25784,36.473333227448165,0.07291666666666663,10.604166666666666,0,11,96
312,25824,26.83999989554286,0.16666666666666663,11.1875,0,9,96
313,26168,35.02333312295377,0.08333333333333337,10.729166666666666,0,12,96
314,26208,35.46999980136752,0.03125,11.1875,0,14,96
315,26336,38.289999718777835,0.04166666666666663,11.0,0,9,96
316,26344,42.983332842588425,0.03125,11.541666666666666,0,1,96
317,26416,34.01999975182116,0.07291666666666663,11.1875,0,13,96
318,26464,23.868333103135228,0.20833333333333337,9.947916666666666,0,14,96
319,26552,43.8416663473472,0.03125,10.677083333333334,0,5,96
320,26592,34.40666660480201,0.08333333333333337,10.645833333333334,0,13,96
321,26936,37.17999999038875,0.0625,10.8125,0,9,96
322,26976,40.5516664236784,0.04166666666666663,10.864583333333334,0,9,96
323,27104,31.289999920874834,0.05208333333333337,10.875,0,21,96
324,27112,39.99166646320373,0.02083333333333337,10.802083333333334,0,11,96
325,27184,43.18999986257404,0.01041666666666663,10.1875,0,12,96
326,27232,33.476666391827166,0.08333333333333337,10.958333333333334,0,12,96
327,27320,44.61666632909328,0.0,10.583333333333334,0,9,96
328,27360,32.576666542328894,0.07291666666666663,11.020833333333334,0,15,96
329,27704,17.56666667573154,0.26041666666666663,10.645833333333334,0,13,96
330,27744,46.114999796263874,0.0,10.28125,0,11,96
331,27872,30.388333035632968,0.10416666666666663,11.322916666666666,0,10,96
332,27880,45.895000075921416,0.0,10.53125,0,8,96
333,27952,34.20333309378475,0.08333333333333337,11.229166666666666,0,11,96
334,28000,45.109999815933406,0.01041666666666663,10.5625,0,9,96
335,28088,45.99333312455565,0.01041666666666663,10.666666666666666,0,5,96
336,28128,36.79666650481522,0.04166666666666663,10.395833333333334,0,17,96
337,28472,37.92166661750525,0.02083333333333337,10.614583333333334,0,17,96
338,28512,41.934999854303896,0.03125,10.59375,0,10,96
339,28640,42.68499989621341,0.0,9.59375,0,19,96
340,28648,18.796666416339576,0.23958333333333337,10.833333333333334,0,13,96
341,28720,42.65499956253916,0.01041666666666663,10.96875,0,8,96
342,28768,41.829999623820186,0.02083333333333337,11.25,0,6,96
343,28856,22.434999872930348,0.1875,11.34375,0,12,96
344,28896,39.720000034198165,0.02083333333333337,10.5625,0,14,96
345,29240,48.25333326961845,0.0,9.416666666666666,0,12,96
346,29280,27.168333249166608,0.15625,10.197916666666666,0,16,96
347,29408,44.699999830685556,0.04166666666666663,10.0,0,7,96
348,29416,12.138333166949451,0.27083333333333337,11.135416666666666,0,15,96
349,29488,42.06333308387548,0.01041666666666663,10.229166666666666,0,15,96
350,29536,39.320000007748604,0.05208333333333337,10.125,0,16,96
351,29624,34.886666231788695,0.07291666666666663,11.020833333333334,0,10,96
352,29664,39.009999910369515,0.0625,10.4375,0,10,96
353,30008,41.08333327528089,0.04166666666666663,10.291666666666666,0,10,96
354,30048,22.843332927674055,0.20833333333333337,11.354166666666666,0,7,96
355,30176,36.77666660118848,0.07291666666666663,10.708333333333334,0,11,96
356,30184,40.67666657269001,0.05208333333333337,10.583333333333334,0,8,96
357,30256,41.72166643384844,0.02083333333333337,10.802083333333334,0,11,96
358,30304,37.90999969560653,0.05208333333333337,10.625,0,12,96
359,30392,46.974999787285924,0.03125,10.09375,0,5,96
360,30432,44.76333325449377,0.04166666666666663,10.041666666666666,0,7,96
361,30776,43.66833320539445,0.03125,10.635416666666666,0,7,96
362,30816,38.93666653521359,0.03125,11.208333333333334,0,9,96
363,30944,39.59333290811628,0.03125,10.979166666666666,0,10,96
364,30952,38.909999777562916,0.04166666666666663,11.3125,0,7,96
365,31024,39.596666504628956,0.04166666666666663,9.833333333333334,0,15,96
366,31072,37.43499999400228,0.07291666666666663,9.71875,0,16,96
367,31160,44.614999974146485,0.01041666666666663,10.34375,0,11,96
368,31200,40.84999992698431,0.04166666666666663,10.375,0,12,96
369,31544,41.949999717995524,0.05208333333333337,10.9375,0,4,96
370,31584,38.5083330553025,0.03125,11.072916666666666,0,11,96
371,31712,36.34499970264733,0.0625,10.90625,0,10,96
372,31720,40.376666384749115,0.07291666666666663,10.708333333333334,0,6,96
373,31792,38.78333312179893,0.07291666666666663,10.666666666666666,0,7,96
374,31840,38.1133332895115,0.03125,10.666666666666666,0,15,96
375,31928,48.58499963209033,0.02083333333333337,10.46875,0,1,96
376,31968,40.08999965060502,0.07291666666666663,10.375,0,7,96
377,32312,37.419999634847045,0.08333333333333337,11.0,0,7,96
378,32352,40.41333323717117,0.07291666666666663,10.791666666666666,0,6,96
379,32480,38.55666632577777,0.08333333333333337,10.333333333333334,0,8,96
380,32488,37.18333309702575,0.07291666666666663,10.854166666666666,0,8,96
381,32560,37.51499982830137,0.07291666666666663,10.53125,0,10,96
382,32608,50.51500004157424,0.03125,9.09375,0,5,96
383,32696,34.49999981094152,0.09375,10.4375,0,12,96
384,32736,46.426666853018105,0.0,9.520833333333334,0,14,96
385,33080,39.93499985896051,0.05208333333333337,11.03125,0,7,96
386,33120,20.36499984562397,0.27083333333333337,11.09375,0,4,96
387,33248,33.82999976258725,0.125,10.8125,0,6,96
388,33256,44.039999548345804,0.03125,10.8125,0,4,96
389,33328,44.51333342026919,0.05208333333333337,9.854166666666666,0,7,96
390,33376,40.75833333749324,0.10416666666666663,9.322916666666666,0,9,96
391,33464,41.02833333425224,0.07291666666666663,10.197916666666666,0,7,96
392,33504,45.62999972049147,0.0,11.25,0,4,96
393,33848,20.711666526272893,0.25,10.739583333333334,0,9,96
394,33888,36.96000008098781,0.11458333333333337,10.8125,0,4,96
395,34016,16.98333282582462,0.27083333333333337,11.479166666666666,0,6,96
396,34024,47.54666662681848,0.02083333333333337,10.270833333333334,0,5,96
397,34096,48.55000008549541,0.01041666666666663,9.8125,0,8,96
398,34144,45.419999736361206,0.01041666666666663,10.5,0,9,96
399,34232,35.316666439175606,0.10416666666666663,10.770833333333334,0,8,96
400,34272,43.51666668429971,0.0,10.270833333333334,0,14,96
401,34616,42.56333323009312,0.04166666666666663,11.041666666666666,0,5,96
402,34656,43.74166684690863,0.02083333333333337,10.364583333333334,0,11,96
403,34784,42.01333341933787,0.05208333333333337,10.291666666666666,0,9,96
404,34792,38.553333352319896,0.08333333333333337,9.979166666666666,0,12,96
405,34864,36.79499947838485,0.07291666666666663,11.59375,0,4,96
406,34912,38.53000005800277,0.0625,10.375,0,11,96
407,35000,34.38166669104248,0.09375,11.052083333333334,0,9,96
408,35040,28.09333318658173,0.13541666666666663,11.104166666666666,0,11,96
409,35384,45.814999939873815,0.02083333333333337,9.96875,0,8,96
410,35424,28.936666548252106,0.21875,10.395833333333334,0,2,96
411,35552,38.936666490510106,0.03125,11.020833333333334,0,12,96
412,35560,27.946666572242975,0.17708333333333337,10.895833333333334,0,6,96
413,35632,42.748333444818854,0.03125,10.072916666666666,0,12,96
414,35680,45.518333269283175,0.03125,9.885416666666666,0,9,96
415,35768,41.9566665077582,0.01041666666666663,10.270833333333334,0,14,96
416,35808,47.29166641738266,0.0,11.052083333333334,0,4,96
417,36152,39.40166686382145,0.0625,9.677083333333334,0,15,96
418,36192,26.631666609086096,0.1875,10.739583333333334,0,9,96
419,36320,33.92833308596164,0.125,10.760416666666666,0,7,96
420,36328,30.731666496023536,0.16666666666666663,10.552083333333334,0,6,96
421,36400,23.384999846108258,0.19791666666666663,10.28125,0,16,96
422,36448,45.71833292488009,0.01041666666666663,11.010416666666666,0,5,96
423,36536,42.273332928307354,0.05208333333333337,10.666666666666666,0,5,96
424,36576,41.56833341252059,0.04166666666666663,10.072916666666666,0,11,96
425,36920,47.11166626866907,0.0,10.552083333333334,0,6,96
426,36960,20.90166644565761,0.25,10.989583333333334,0,8,96
427,37088,33.2033332772553,0.125,10.416666666666666,0,9,96
428,37096,40.019999677315354,0.07291666666666663,10.5625,0,8,96
429,37168,32.153333343565464,0.125,10.666666666666666,0,10,96
430,37216,44.64333318732679,0.02083333333333337,10.604166666666666,0,6,96
431,37304,38.18166665639728,0.10416666666666663,10.489583333333334,0,5,96
432,37344,40.32666688784957,0.07291666666666663,10.083333333333334,0,10,96
433,37688,26.295000003650784,0.16666666666666663,10.71875,0,13,96
434,37728,49.34500006493181,0.02083333333333337,9.84375,0,4,96
435,37856,33.95666672941297,0.16666666666666663,9.520833333333334,0,8,96
436,37864,46.763333522714674,0.03125,10.041666666666666,0,6,96
437,37936,27.194999733008444,0.16666666666666663,10.65625,0,12,96
438,37984,53.46666647493839,0.02083333333333337,9.083333333333334,0,3,96
439,38072,45.349999899975955,0.07291666666666663,8.875,0,9,96
440,38112,50.53000019490719,0.03125,9.9375,0,0,96
441,38456,44.35666662361473,0.03125,10.458333333333334,0,9,96
442,38496,53.525000295601785,0.01041666666666663,8.65625,0,9,96
443,38624,49.433333503082395,0.02083333333333337,9.791666666666666,0,5,96
444,38632,35.276666556485,0.10416666666666663,11.208333333333334,0,5,96
445,38704,37.29833348561078,0.10416666666666663,10.572916666666666,0,5,96
446,38752,18.711666488088667,0.25,11.427083333333334,0,8,96
447,38840,45.67333322670311,0.01041666666666663,10.791666666666666,0,5,96
448,38880,52.253333343192935,0.03125,8.979166666666666,0,4,96
449,39224,46.61999999452382,0.02083333333333337,10.0,0,8,96
450,39264,43.46500027086586,0.08333333333333337,9.40625,0,8,96
451,39392,49.021666714921594,0.0,10.177083333333334,0,7,96
452,39400,45.78999973833561,0.07291666666666663,9.8125,0,3,96
453,39472,44.36666672024876,0.02083333333333337,10.520833333333334,0,9,96
454,39520,45.98833308275789,0.05208333333333337,10.197916666666666,0,3,96
455,39608,37.17166627757251,0.07291666666666663,11.614583333333334,0,4,96
456,39648,48.48999997973442,0.01041666666666663,10.6875,0,2,96
457,39992,53.683333351276815,0.03125,8.229166666666666,0,6,96
458,40032,24.971666494384408,0.19791666666666663,11.114583333333334,0,8,96
459,40160,50.52499998640269,0.02083333333333337,9.09375,0,9,96
460,40168,37.74333318416029,0.0625,10.354166666666666,0,14,96
461,40240,39.833333345130086,0.0625,10.541666666666666,0,8,96
462,40288,47.52333336509764,0.03125,9.791666666666666,0,6,96
463,40376,46.68666653428227,0.01041666666666663,10.458333333333334,0,7,96
464,40416,49.67499970365316,0.01041666666666663,9.90625,0,6,96
465,40760,43.383333317004144,0.04166666666666663,10.229166666666666,0,9,96
466,40800,45.36666632723063,0.02083333333333337,10.833333333333334,0,5,96
467,40928,47.4599999114871,0.03125,10.1875,0,3,96
468,40936,46.551666610874236,0.01041666666666663,10.864583333333334,0,6,96
469,41008,19.058333311229944,0.26041666666666663,10.260416666666666,0,13,96
470,41056,50.05500045325607,0.01041666666666663,9.46875,0,8,96
471,41144,47.349999787285924,0.05208333333333337,9.6875,0,5,96
472,41184,41.31666657794267,0.04166666666666663,10.583333333333334,0,9,96
473,41528,41.11999982595444,0.05208333333333337,11.0625,0,6,96
474,41568,50.10666666738689,0.0,10.333333333333334,0,4,96
475,41696,45.34999984316528,0.0625,9.875,0,6,96
476,41704,54.25000020861626,0.04166666666666663,7.75,0,8,96
477,41776,43.553333170711994,0.08333333333333337,9.729166666666666,0,6,96
478,41824,47.089999807067215,0.02083333333333337,10.375,0,6,96
479,41912,32.28333328478038,0.14583333333333337,11.104166666666666,0,5,96
480,41952,45.763333457522094,0.03125,10.229166666666666,0,7,96
481,42296,49.36833302676678,0.02083333333333337,10.322916666666666,0,1,96
482,42336,30.843333668075502,0.1875,10.291666666666666,0,6,96
483,42464,45.47500006854534,0.04166666666666663,9.65625,0,9,96
484,42472,41.33833327051252,0.13541666666666663,9.260416666666666,0,4,96
485,42544,39.241666508838534,0.07291666666666663,10.927083333333334,0,5,96
486,42592,46.69333318807185,0.03125,10.479166666666666,0,5,96
487,42680,40.523333293385804,0.08333333333333337,10.416666666666666,0,6,96
488,42720,37.996666541323066,0.10416666666666663,10.583333333333334,0,6,96
489,43064,43.584999839775264,0.0625,10.46875,0,4,96
490,43104,45.38666661735624,0.09375,9.458333333333334,0,2,96
491,43232,37.55166659317911,0.125,9.614583333333334,0,10,96
492,43240,47.403333358466625,0.01041666666666663,10.729166666666666,0,3,96
493,43312,51.47166682686657,0.02083333333333337,9.739583333333334,0,3,96
494,43360,52.13000025507063,0.02083333333333337,9.25,0,5,96
495,43448,48.711666903458536,0.03125,9.739583333333334,0,6,96
496,43488,47.72999983653426,0.01041666666666663,10.5625,0,4,96
497,43832,34.60166670382023,0.14583333333333337,10.427083333333334,0,6,96
498,43872,54.30166661646217,0.02083333333333337,8.489583333333334,0,7,96
499,44000,41.526666559278965,0.0625,10.333333333333334,0,7,96
500,44008,45.33166669961065,0.04166666666666663,10.052083333333334,0,8,96
501,44080,38.058333145454526,0.11458333333333337,10.385416666666666,0,5,96
502,44128,37.23333329986781,0.09375,10.479166666666666,0,8,96
503,44216,51.41666685696691,0.02083333333333337,9.020833333333334,0,8,96
504,44256,41.58833321835846,0.04166666666666663,11.322916666666666,0,4,96
505,44600,52.6500003375113,0.03125,8.8125,0,7,96
506,44640,47.799999750219285,0.0625,9.5625,0,3,96
507,44768,41.240000118501484,0.0625,10.5,0,7,96
508,44776,41.603333381935954,0.0625,10.979166666666666,0,3,96
509,44848,46.88666673377156,0.0625,8.645833333333334,0,9,96
510,44896,45.043333204463124,0.04166666666666663,10.229166666666666,0,7,96
511,44984,43.03999990131706,0.0625,10.8125,0,2,96
512,45024,39.02499973308295,0.05208333333333337,10.28125,0,14,96
513,45368,38.98999985586852,0.125,9.8125,0,6,96
514,45408,47.23833339847624,0.02083333333333337,10.010416666666666,0,7,96
515,45536,51.07000006735325,0.03125,10.0625,0,0,96
516,45544,41.371666662395,0.125,9.677083333333334,0,2,96
517,45616,37.873333434574306,0.125,10.291666666666666,0,5,96
518,45664,36.981666943989694,0.15625,9.364583333333334,0,7,96
519,45752,46.87333340384066,0.04166666666666663,10.166666666666666,0,4,96
520,45792,45.70833321567625,0.04166666666666663,9.447916666666666,0,11,96
521,46136,37.003333366476,0.13541666666666663,10.354166666666666,0,4,96
522,46176,41.13333318289369,0.09375,10.416666666666666,0,3,96
523,46304,46.954999916255474,0.05208333333333337,10.03125,0,2,96
524,46312,39.631666764616966,0.08333333333333337,10.052083333333334,0,10,96
525,46384,44.934999973513186,0.02083333333333337,10.78125,0,7,96
526,46432,56.64999960362911,0.0,8.6875,0,5,96
527,46520,50.276666732504964,0.04166666666666663,9.208333333333334,0,4,96
528,46560,44.84166646562517,0.04166666666666663,10.489583333333334,0,5,96
529,46904,45.611666698008776,0.08333333333333337,9.302083333333334,0,4,96
530,46944,49.113333106040955,0.02083333333333337,10.479166666666666,0,1,96
531,47072,35.11999997776002,0.15625,9.8125,0,7,96
532,47080,34.678333120420575,0.14583333333333337,10.197916666666666,0,7,96
533,47152,43.29999975580722,0.07291666666666663,10.25,0,5,96
534,47200,39.26000021584332,0.14583333333333337,9.5625,0,4,96
535,47288,53.03833330050111,0.02083333333333337,9.572916666666666,0,2,96
536,47328,47.57500001788139,0.02083333333333337,10.46875,0,2,96
537,47672,50.92166678793728,0.01041666666666663,9.927083333333334,0,4,96
538,47712,38.87166670151055,0.08333333333333337,10.614583333333334,0,7,96
539,47840,51.17000002693385,0.01041666666666663,9.75,0,5,96
540,47848,47.01333358325064,0.0,10.104166666666666,0,12,96
541,47920,50.99166655074805,0.0,10.364583333333334,0,3,96
542,47968,59.25666697975248,0.0,8.395833333333334,0,2,96
543,48056,52.33333364315331,0.02083333333333337,9.104166666666666,0,6,96
544,48096,47.2283333344385,0.03125,10.260416666666666,0,5,96
545,48440,48.254999939352274,0.0625,8.96875,0,5,96
546,48480,48.403333622030914,0.0625,9.229166666666666,0,4,96
547,48608,49.83333341404796,0.05208333333333337,9.041666666666666,0,4,96
548,48616,42.44666683021933,0.04166666666666663,10.895833333333334,0,7,96
549,48688,46.49166676029563,0.08333333333333337,9.114583333333334,0,6,96
550,48736,38.74833329766989,0.10416666666666663,9.447916666666666,0,12,96
551,48824,3.8716664547100663,0.45833333333333337,10.677083333333334,0,5,96
552,48864,47.59333337843418,0.03125,10.666666666666666,0,0,96
553,49208,54.90666681434959,0.0,9.020833333333334,0,5,96
554,49248,35.47666650265455,0.15625,10.645833333333334,0,1,96
555,49376,52.24166649393737,0.02083333333333337,9.239583333333334,0,5,96
556,49384,43.94833334349096,0.05208333333333337,9.947916666666666,0,8,96
557,49456,49.43166653718799,0.03125,9.864583333333334,0,4,96
558,49504,31.906666290946305,0.15625,11.145833333333334,0,4,96
559,49592,43.08499992825091,0.05208333333333337,10.03125,0,8,96
560,49632,43.09666657168418,0.05208333333333337,10.520833333333334,0,5,96
561,49976,42.78333307709545,0.125,9.041666666666666,0,5,96
562,50016,53.28833354264498,0.03125,9.197916666666666,0,2,96
563,50144,47.408333293162286,0.04166666666666663,9.885416666666666,0,4,96
564,50152,29.97333320789039,0.17708333333333337,10.666666666666666,0,6,96
565,50224,41.011666717007756,0.09375,9.989583333333334,0,6,96
566,50272,49.000000222586095,0.03125,9.9375,0,4,96
567,50360,49.08833306282759,0.04166666666666663,9.947916666666666,0,3,96
568,50400,55.28833324369043,0.0,9.635416666666666,0,2,96
569,50744,39.94166654255241,0.08333333333333337,10.739583333333334,0,4,96
570,50784,42.53333375789225,0.09375,9.229166666666666,0,9,96
571,50912,46.40499985218048,0.04166666666666663,9.53125,0,8,96
572,50920,43.29999989178032,0.08333333333333337,10.3125,0,2,96
573,50992,40.48666647076607,0.08333333333333337,11.083333333333334,0,1,96
574,51040,50.310000165365636,0.01041666666666663,10.125,0,2,96
575,51128,43.33333337120712,0.05208333333333337,10.354166666666666,0,6,96
576,51168,25.804999832995236,0.23958333333333337,10.15625,0,8,96
577,51512,49.83833336085081,0.04166666666666663,8.947916666666666,0,6,96
578,51552,33.46333316620439,0.1875,10.041666666666666,0,3,96
579,51680,41.64666689094156,0.125,9.583333333333334,0,3,96
580,51688,45.75333309173584,0.03125,10.979166666666666,0,2,96
581,51760,48.23500025924295,0.03125,9.84375,0,4,96
582,51808,50.0383330648765,0.02083333333333337,9.947916666666666,0,5,96
583,51896,39.6549998819828,0.14583333333333337,9.28125,0,4,96
584,51936,46.155000073835254,0.0625,9.84375,0,5,96
585,52280,49.188333234749734,0.02083333333333337,10.447916666666666,0,2,96
586,52320,52.78000002261251,0.04166666666666663,8.5,0,5,96
587,52448,37.32166643161327,0.13541666666666663,9.927083333333334,0,7,96
588,52456,45.026666548103094,0.03125,10.333333333333334,0,7,96
589,52528,46.90500026755035,0.03125,10.15625,0,5,96
590,52576,51.361666730605066,0.03125,9.177083333333334,0,5,96
591,52664,17.818333053030074,0.28125,11.322916666666666,0,5,96
592,52704,49.52000012807548,0.04166666666666663,9.0625,0,7,96
593,53048,52.038333509117365,0.03125,9.197916666666666,0,3,96
594,53088,54.22333368845284,0.01041666666666663,8.166666666666666,0,11,96
595,53216,53.861667128279805,0.02083333333333337,8.614583333333334,0,6,96
596,53224,46.33499993663281,0.04166666666666663,10.03125,0,6,96
597,53296,48.21166658401489,0.03125,10.302083333333334,0,2,96
598,53344,40.864999843761325,0.09375,10.21875,0,4,96
599,53432,40.24833353608847,0.13541666666666663,9.697916666666666,0,3,96
600,53472,50.4066664762795,0.03125,9.145833333333334,0,6,96
601,53816,48.89333344902843,0.08333333333333337,8.291666666666666,0,6,96
602,53856,37.10333323478699,0.15625,10.229166666666666,0,2,96
603,53984,47.851666442118585,0.04166666666666663,9.989583333333334,0,4,96
604,53992,48.70666651055217,0.05208333333333337,9.083333333333334,0,6,96
605,54064,27.35999985039234,0.23958333333333337,10.5,0,3,96
606,54112,53.846666938625276,0.02083333333333337,8.770833333333334,0,5,96
607,54200,44.68166703823954,0.05208333333333337,10.614583333333334,0,4,96
608,54240,51.03499983251095,0.03125,9.90625,0,1,96
609,54584,43.39666648209095,0.09375,9.895833333333334,0,3,96
610,54624,52.255000200122595,0.05208333333333337,8.78125,0,3,96
611,54752,53.43999981880188,0.03125,9.25,0,1,96
612,54760,53.01166673190892,0.01041666666666663,9.239583333333334,0,6,96
613,54832,48.45000000856817,0.03125,9.8125,0,5,96
614,54880,45.998333224095404,0.03125,10.322916666666666,0,7,96
615,54968,53.64833331108093,0.01041666666666663,9.135416666666666,0,6,96
616,55008,39.01999989338219,0.08333333333333337,9.9375,0,12,96
617,55352,45.87666629254818,0.10416666666666663,8.958333333333334,0,3,96
618,55392,58.24333298858255,0.01041666666666663,8.291666666666666,0,3,96
619,55520,45.003333715721965,0.10416666666666663,8.729166666666666,0,7,96
620,55528,44.74666640162468,0.05208333333333337,10.958333333333334,0,0,96
621,55600,53.50000005122274,0.0,9.5625,0,5,96
622,55648,52.756666731089354,0.02083333333333337,8.958333333333334,0,6,96
623,55736,51.51500001549721,0.02083333333333337,9.53125,0,4,96
624,55776,53.50499986484647,0.05208333333333337,8.40625,0,3,96
625,56120,51.924999579787254,0.02083333333333337,10.09375,0,0,96
626,56160,50.57500010356307,0.03125,8.96875,0,7,96
627,56288,48.796666741371155,0.04166666666666663,10.083333333333334,0,2,96
628,56296,49.2833333350718,0.03125,9.916666666666666,0,3,96
629,56368,58.60833344608545,0.08333333333333337,6.260416666666667,0,4,96
630,56416,44.94833320379257,0.08333333333333337,9.885416666666666,0,2,96
631,56504,55.401667192578316,0.01041666666666663,8.989583333333334,0,4,96
632,56544,56.00999983306974,0.02083333333333337,8.75,0,2,96
633,56888,51.57833323534578,0.04166666666666663,9.260416666666666,0,2,96
634,56928,26.61166644655168,0.22916666666666663,9.739583333333334,0,10,96
635,57056,56.29500013496727,0.01041666666666663,8.84375,0,3,96
636,57064,37.88333307392895,0.10416666666666663,10.291666666666666,0,7,96
637,57136,55.29000011365861,0.01041666666666663,9.0625,0,3,96
638,57184,48.94833333324641,0.02083333333333337,10.385416666666666,0,4,96
639,57272,50.295000076293945,0.03125,9.71875,0,3,96
640,57312,52.58500003069639,0.04166666666666663,8.96875,0,3,96
641,57656,56.46499986201525,0.01041666666666663,8.28125,0,6,96
642,57696,47.63166668731719,0.0,10.302083333333334,0,8,96
643,57824,45.61333318799734,0.07291666666666663,9.291666666666666,0,6,96
644,57832,46.065000030212104,0.07291666666666663,9.15625,0,8,96
645,57904,55.438332974910736,0.03125,8.135416666666666,0,6,96
646,57952,43.118333382532,0.0625,10.447916666666666,0,4,96
647,58040,39.22333345096558,0.17708333333333337,8.416666666666666,0,6,96
648,58080,56.04999982472509,0.0,9.0625,0,3,96
649,58424,57.47666636761278,0.0,8.208333333333334,0,6,96
650,58464,51.84166680276394,0.0625,8.864583333333334,0,2,96
651,58592,51.798333181999624,0.0,10.197916666666666,0,2,96
652,58600,54.703333779238164,0.0,9.604166666666666,0,2,96
653,58672,37.17000006418675,0.14583333333333337,9.875,0,4,96
654,58720,60.35666623711586,0.02083333333333337,7.645833333333333,0,2,96
655,58808,44.3600002117455,0.10416666666666663,9.375,0,4,96
656,58848,55.34000037610531,0.03125,8.875,0,1,96
657,59192,52.803333412855864,0.04166666666666663,8.666666666666666,0,4,96
658,59232,13.644999702461064,0.35416666666666663,10.53125,0,6,96
659,59360,41.14999993797392,0.13541666666666663,9.25,0,5,96
660,59368,53.62999994959682,0.05208333333333337,8.375,0,4,96
661,59440,46.18166648875922,0.11458333333333337,8.364583333333334,0,6,96
662,59488,43.99999993853271,0.09375,9.5625,0,5,96
663,59576,54.17000038642436,0.0,8.9375,0,6,96
664,59616,57.841667268425226,0.0,8.614583333333334,0,4,96
665,59960,53.396666708402336,0.01041666666666663,9.208333333333334,0,5,96
666,60000,49.043333436362445,0.08333333333333337,8.666666666666666,0,4,96
667,60128,55.01000011526048,0.02083333333333337,8.5625,0,4,96
668,60136,52.38833339046687,0.04166666666666663,8.635416666666666,0,6,96
669,60208,61.14833350479603,0.01041666666666663,7.947916666666667,0,2,96
670,60256,42.14166657999158,0.125,9.239583333333334,0,5,96
671,60344,58.56833354290575,0.0,8.385416666666666,0,3,96
672,60384,45.005000243894756,0.07291666666666663,9.59375,0,5,96
673,60728,46.78000008966774,0.08333333333333337,8.875,0,7,96
674,60768,53.99333345890045,0.03125,9.291666666666666,0,0,96
675,60896,54.101666752249,0.0625,7.927083333333333,0,5,96
676,60904,27.64333351328969,0.26041666666666663,9.666666666666666,0,3,96
677,60976,55.08499987795949,0.04166666666666663,8.40625,0,2,96
678,61024,58.391666524112225,0.0625,7.052083333333333,0,4,96
679,61112,53.06333354767412,0.02083333333333337,9.166666666666666,0,4,96
680,61152,60.49333346262574,0.01041666666666663,7.979166666666667,0,2,96
681,61496,3.636666781269014,0.47916666666666663,9.645833333333334,0,8,96
682,61536,16.22166640497744,0.36458333333333337,9.489583333333334,0,7,96
683,61664,47.04333308991045,0.04166666666666663,10.104166666666666,0,3,96
684,61672,46.491666689515114,0.07291666666666663,9.927083333333334,0,1,96
685,61744,66.69166697561741,0.0,6.989583333333333,0,1,96
686,61792,38.59666659682989,0.15625,9.520833333333334,0,3,96
687,61880,45.40166659466922,0.05208333333333337,10.052083333333334,0,5,96
688,61920,49.32166663464159,0.02083333333333337,10.177083333333334,0,3,96
689,62264,36.62333303876221,0.125,10.229166666666666,0,6,96
690,62304,57.86666692700237,0.02083333333333337,8.270833333333334,0,3,96
691,62432,50.17499970924109,0.02083333333333337,10.21875,0,2,96
692,62440,44.3933330681175,0.09375,8.979166666666666,0,6,96
693,62512,57.755000211298466,0.03125,7.34375,0,6,96
694,62560,48.453333414159715,0.07291666666666663,8.916666666666666,0,5,96
695,62648,41.60333360545337,0.10416666666666663,9.854166666666666,0,4,96
696,62688,54.424999970942736,0.05208333333333337,7.96875,0,5,96
697,63032,44.97333351429552,0.10416666666666663,9.104166666666666,0,5,96
698,63072,34.24833304900676,0.19791666666666663,9.197916666666666,0,6,96
699,63200,41.100000015459955,0.11458333333333337,10.0625,0,2,96
700,63208,51.34333367086947,0.03125,9.041666666666666,0,7,96
701,63280,46.88500016089529,0.08333333333333337,9.15625,0,4,96
702,63328,42.99666666146368,0.09375,10.083333333333334,0,2,96
703,63416,57.97500017937273,0.02083333333333337,8.34375,0,2,96
704,63456,46.62500007357448,0.05208333333333337,9.96875,0,4,96
705,63800,58.06333330646157,0.03125,8.041666666666666,0,2,96
706,63840,42.74999993201345,0.09375,10.1875,0,2,96
707,63968,57.0583335198462,0.04166666666666663,7.822916666666667,0,3,96
708,63976,25.56666654255241,0.23958333333333337,10.770833333333334,0,3,96
709,64048,53.91499963961542,0.01041666666666663,9.15625,0,4,96
710,64096,51.28833365626633,0.02083333333333337,9.447916666666666,0,4,96
711,64184,60.26833334565163,0.02083333333333337,7.510416666666667,0,4,96
712,64224,38.29833350609988,0.13541666666666663,10.135416666666666,0,4,96
713,64568,46.68333312124014,0.08333333333333337,9.604166666666666,0,2,96
714,64608,47.05333344452083,0.10416666666666663,7.979166666666667,0,8,96
715,64736,52.9133333992213,0.04166666666666663,8.104166666666666,0,8,96
716,64744,-2.8583332849666476,0.5104166666666667,10.239583333333334,0,9,96
717,64816,52.248333550058305,0.05208333333333337,8.322916666666666,0,6,96
718,64864,58.97999999579042,0.0,8.3125,0,3,96
719,64952,46.38666685298085,0.11458333333333337,8.833333333333334,0,2,96
720,64992,65.24666641652584,0.0,7.083333333333333,0,1,96
721,65336,52.82000016979873,0.04166666666666663,8.625,0,4,96
722,65376,55.0200001001358,0.03125,8.5625,0,3,96
723,65504,49.355000217445195,0.0625,9.21875,0,4,96
724,65512,44.238333514891565,0.08333333333333337,9.760416666666666,0,4,96
725,65584,39.403333097696304,0.11458333333333337,10.541666666666666,0,2,96
726,65632,42.365000024437904,0.125,9.65625,0,1,96
727,65720,55.12166702747345,0.05208333333333337,8.302083333333334,0,2,96
728,65760,58.07666680589318,0.01041666666666663,8.270833333333334,0,4,96
729,66104,45.08000019658357,0.13541666666666663,8.25,0,4,96
730,66144,49.386667147278786,0.10416666666666663,8.583333333333334,0,1,96
731,66272,41.371666653081775,0.10416666666666663,9.802083333333334,0,6,96
732,66280,52.043333269655704,0.01041666666666663,9.791666666666666,0,3,96
733,66352,52.94499983359128,0.01041666666666663,9.65625,0,3,96
734,66400,56.546666879206896,0.03125,8.020833333333334,0,4,96
735,66488,56.69000007864088,0.01041666666666663,8.125,0,7,96
736,66528,42.76333264168352,0.14583333333333337,9.291666666666666,0,2,96
737,66872,56.3966667689383,0.03125,8.208333333333334,0,3,96
738,66912,35.37499960511923,0.20833333333333337,9.34375,0,2,96
739,67040,32.76833336427808,0.1875,9.885416666666666,0,6,96
740,67048,60.118333659134805,0.01041666666666663,8.010416666666666,0,3,96
741,67120,42.308333213441074,0.125,9.697916666666666,0,2,96
742,67168,47.120000060647726,0.11458333333333337,8.6875,0,2,96
743,67256,47.67833365872502,0.09375,8.697916666666666,0,4,96
744,67296,38.176666690036654,0.10416666666666663,9.770833333333334,0,9,96
745,67640,53.75499989744276,0.03125,8.84375,0,4,96
746,67680,48.21666673570871,0.05208333333333337,9.583333333333334,0,3,96
747,67808,60.05000023543835,0.0,8.375,0,1,96
748,67816,42.19499987270683,0.11458333333333337,9.78125,0,3,96
749,67888,57.296666637063026,0.03125,8.270833333333334,0,2,96
750,67936,48.404999922029674,0.07291666666666663,9.34375,0,3,96
751,68024,24.528333275578916,0.26041666666666663,10.635416666666666,0,3,96
752,68064,54.596666783094406,0.04166666666666663,8.833333333333334,0,1,96
753,68408,55.115000060759485,0.02083333333333337,8.09375,0,8,96
754,68448,53.38999996241182,0.05208333333333337,8.25,0,5,96
755,68576,50.3566666720435,0.03125,9.833333333333334,0,3,96
756,68584,57.12666633538902,0.02083333333333337,8.458333333333334,0,3,96
757,68656,56.318333208560944,0.0,9.072916666666666,0,2,96
758,68704,2.3549995915964246,0.44791666666666663,11.34375,0,4,96
759,68792,54.2016664352268,0.02083333333333337,8.989583333333334,0,4,96
760,68832,46.42333335336298,0.125,8.416666666666666,0,3,96
761,69176,43.62666656728834,0.15625,8.395833333333334,0,3,96
762,69216,56.67500037327409,0.04166666666666663,7.59375,0,6,96
763,69344,57.76833374425769,0.02083333333333337,7.822916666666667,0,6,96
764,69352,44.27666681911796,0.08333333333333337,10.020833333333334,0,3,96
765,69424,58.1050001680851,0.02083333333333337,8.59375,0,0,96
766,69472,54.02166695334017,0.0,9.239583333333334,0,6,96
767,69560,55.05166663881391,0.03125,8.427083333333334,0,4,96
768,69600,51.29500006046146,0.03125,9.15625,0,6,96
769,69944,26.109999713487923,0.23958333333333337,10.5,0,4,96
770,69984,49.94333343207836,0.0625,9.104166666666666,0,3,96
771,70112,57.36000004038215,0.01041666666666663,8.3125,0,4,96
772,70120,34.01500023435801,0.17708333333333337,9.90625,0,5,96
773,70192,60.95333292335272,0.02083333333333337,7.229166666666667,0,5,96
774,70240,48.43833330925554,0.0625,9.572916666666666,0,2,96
775,70328,50.94333357270807,0.07291666666666663,8.166666666666666,0,6,96
776,70368,46.94166655000299,0.05208333333333337,10.052083333333334,0,4,96
777,70712,34.45000012591481,0.20833333333333337,9.0625,0,5,96
778,70752,57.39333349093795,0.01041666666666663,7.916666666666667,0,8,96
779,70880,55.45166696887463,0.02083333333333337,8.739583333333334,0,4,96
780,70888,62.04333390947431,0.03125,7.104166666666667,0,2,96
781,70960,38.66833373066038,0.15625,9.510416666666666,0,3,96
782,71008,48.404999936930835,0.05208333333333337,9.53125,0,4,96
783,71096,44.11833341419697,0.09375,10.010416666666666,0,1,96
784,71136,47.52499997988343,0.11458333333333337,8.40625,0,4,96
785,71480,57.56833282113075,0.01041666666666663,8.322916666666666,0,4,96
786,71520,49.730000142008066,0.02083333333333337,9.6875,0,7,96
787,71648,50.27166680153459,0.0625,9.177083333333334,0,2,96
788,71656,48.26166698615998,0.03125,10.177083333333334,0,4,96
789,71728,39.29500014241785,0.16666666666666663,9.15625,0,3,96
790,71776,46.898333243094385,0.08333333333333337,8.822916666666666,0,7,96
791,71864,48.76333327405155,0.04166666666666663,8.916666666666666,0,8,96
792,71904,65.18833321332932,0.0,7.072916666666667,0,2,96
793,72248,54.21500018890947,0.01041666666666663,8.96875,0,5,96
794,72288,42.3216667752713,0.13541666666666663,9.052083333333334,0,4,96
795,72416,46.00333318114281,0.08333333333333337,9.666666666666666,0,3,96
796,72424,40.075000090524554,0.16666666666666663,8.53125,0,6,96
797,72496,43.54666672460735,0.15625,8.145833333333334,0,5,96
798,72544,48.066666699014604,0.08333333333333337,8.833333333333334,0,4,96
799,72632,57.26166651304811,0.02083333333333337,8.364583333333334,0,3,96
800,72672,50.16666720993817,0.02083333333333337,10.083333333333334,0,4,96
801,73016,54.56000031903386,0.04166666666666663,7.75,0,8,96
802,73056,10.9249999076128,0.36458333333333337,10.84375,0,7,96
803,73184,55.30666672065854,0.04166666666666663,7.645833333333333,0,8,96
804,73192,46.783333480358124,0.13541666666666663,8.041666666666666,0,4,96
805,73264,44.33999974094331,0.07291666666666663,10.25,0,3,96
806,73312,51.791666633449495,0.07291666666666663,8.427083333333334,0,3,96
807,73400,62.240000389516354,0.01041666666666663,7.5,0,3,96
808,73440,53.23333290219307,0.0625,8.479166666666666,0,2,96
809,73784,53.22499995585531,0.0,9.96875,0,1,96
810,73824,51.010000213980675,0.0625,9.0,0,1,96
811,73952,50.87833323236555,0.04166666666666663,9.572916666666666,0,2,96
812,73960,60.913333758711815,0.03125,7.291666666666667,0,3,96
813,74032,40.10333360917866,0.14583333333333337,9.041666666666666,0,7,96
814,74080,66.27499996125698,0.0,6.90625,0,2,96
815,74168,46.72333301138133,0.125,8.354166666666666,0,4,96
816,74208,56.74833338614553,0.02083333333333337,8.447916666666666,0,2,96
817,74552,29.748333266936243,0.26041666666666663,9.010416666666666,0,5,96
818,74592,52.67500028666109,0.04166666666666663,8.46875,0,7,96
819,74720,52.53499992843717,0.0625,8.34375,0,4,96
820,74728,59.74333327263594,0.01041666666666663,8.354166666666666,0,1,96
821,74800,46.543333566747606,0.125,8.229166666666666,0,5,96
822,74848,51.129999831318855,0.0625,9.1875,0,1,96
823,74936,42.8266662042588,0.125,9.395833333333334,0,2,96
824,74976,50.148333511315286,0.07291666666666663,8.447916666666666,0,4,96
825,75320,52.37166656460613,0.03125,9.302083333333334,0,3,96
826,75360,51.47166666761041,0.08333333333333337,8.052083333333334,0,4,96
827,75488,50.90499988477677,0.0625,8.90625,0,3,96
828,75496,51.88499985542148,0.07291666666666663,7.96875,0,5,96
829,75568,45.19166650529951,0.08333333333333337,9.927083333333334,0,2,96
830,75616,53.329999974928796,0.04166666666666663,8.875,0,2,96
831,75704,50.0950001180172,0.13541666666666663,7.03125,0,5,96
832,75744,20.721666553989053,0.32291666666666663,9.552083333333334,0,7,96
833,76088,54.71833333000541,0.04166666666666663,8.322916666666666,0,4,96
834,76128,51.40833322238177,0.08333333333333337,8.260416666666666,0,3,96
835,76256,46.98333351127803,0.08333333333333337,9.479166666666666,0,3,96
836,76264,54.54833398759365,0.05208333333333337,8.385416666666666,0,2,96
837,76336,53.80333331879228,0.07291666666666663,8.291666666666666,0,2,96
838,76384,55.38166686799377,0.03125,8.739583333333334,0,2,96
839,76472,59.643333464860916,0.01041666666666663,7.854166666666667,0,4,96
840,76512,59.00666720047593,0.0,8.395833333333334,0,4,96
841,76856,52.65666722133756,0.08333333333333337,8.083333333333334,0,2,96
842,76896,41.78666684497148,0.11458333333333337,9.770833333333334,0,4,96
843,77024,28.250000181607902,0.22916666666666663,9.6875,0,8,96
844,77032,34.396666483953595,0.22916666666666663,8.583333333333334,0,5,96
845,77104,47.42833349015564,0.07291666666666663,9.072916666666666,0,5,96
846,77152,45.35166688635945,0.14583333333333337,8.052083333333334,0,4,96
847,77240,58.95666627958417,0.03125,7.458333333333333,0,5,96
848,77280,43.24166693817824,0.13541666666666663,8.739583333333334,0,6,96
849,77624,43.4916668664664,0.11458333333333337,8.802083333333334,0,8,96
850,77664,56.35999979451299,0.04166666666666663,8.1875,0,3,96
851,77792,60.19666687399149,0.0,7.270833333333333,0,10,96
852,77800,25.575000427663326,0.30208333333333337,9.28125,0,4,96
853,77872,49.41000027395785,0.01041666666666663,10.4375,0,4,96
854,77920,40.46000026818365,0.15625,9.125,0,4,96
855,78008,50.323333411477506,0.05208333333333337,8.979166666666666,0,5,96
856,78048,54.87333357241005,0.02083333333333337,8.666666666666666,0,4,96
857,78392,53.29999991413206,0.0625,8.5625,0,2,96
858,78432,56.72666680812836,0.01041666666666663,8.208333333333334,0,6,96
859,78560,59.991666957736015,0.04166666666666663,6.864583333333333,0,5,96
860,78568,15.463333315216005,0.36458333333333337,10.666666666666666,0,2,96
861,78640,56.30666705965996,0.02083333333333337,8.895833333333334,0,1,96
862,78688,48.328333337791264,0.05208333333333337,9.510416666666666,0,6,96
863,78776,44.358332864008844,0.13541666666666663,8.885416666666666,0,3,96
864,78816,59.27666623145342,0.04166666666666663,7.583333333333333,0,2,96
865,79160,56.783333130180836,0.0625,7.604166666666667,0,2,96
866,79200,49.82999995350838,0.11458333333333337,8.4375,0,1,96
867,79328,53.44833374675363,0.04166666666666663,9.010416666666666,0,2,96
868,79336,40.30500011984259,0.13541666666666663,9.15625,0,8,96
869,79408,39.0950001180172,0.19791666666666663,8.40625,0,4,96
870,79456,44.65166626870632,0.15625,8.552083333333334,0,1,96
871,79544,52.37166682537645,0.0625,8.677083333333334,0,3,96
872,79584,46.9616666585207,0.125,8.677083333333334,0,2,96
873,79928,44.55166684743017,0.15625,8.489583333333334,0,3,96
874,79968,40.018333500251174,0.16666666666666663,8.385416666666666,0,7,96
875,80096,48.19833391904831,0.125,8.322916666666666,0,1,96
876,80104,51.986667128279805,0.04166666666666663,8.708333333333334,0,5,96
877,80176,29.778333634138107,0.26041666666666663,9.760416666666666,0,1,96
878,80224,58.58166665956378,0.01041666666666663,8.114583333333334,0,4,96
879,80312,50.968333691358566,0.0625,9.197916666666666,0,1,96
880,80352,58.25666703283787,0.04166666666666663,7.395833333333333,0,4,96
881,80696,40.23833333235234,0.17708333333333337,8.447916666666666,0,6,96
882,80736,53.11833353806287,0.0625,8.010416666666666,0,5,96
883,80864,32.790000243112445,0.23958333333333337,9.0625,0,4,96
884,80872,43.45166683103889,0.10416666666666663,9.302083333333334,0,6,96
885,80944,30.33333346899599,0.21875,10.104166666666666,0,4,96
886,80992,46.25166665390134,0.13541666666666663,8.302083333333334,0,4,96
887,81080,56.72666657343507,0.07291666666666663,7.270833333333333,0,4,96
888,81120,65.79333318769932,0.0,6.791666666666667,0,4,96
889,81464,46.82499995455146,0.11458333333333337,8.21875,0,5,96
890,81504,26.34500032197684,0.27083333333333337,9.28125,0,6,96
891,81632,35.66833339538425,0.16666666666666663,10.197916666666666,0,3,96
892,81640,64.13833303749561,0.02083333333333337,6.635416666666667,0,4,96
893,81712,61.28666675463319,0.0,8.020833333333334,0,2,96
894,81760,54.4716669768095,0.05208333333333337,8.114583333333334,0,4,96
895,81848,53.42999994754791,0.05208333333333337,8.6875,0,2,96
896,81888,50.48666676785797,0.11458333333333337,7.833333333333333,0,3,96
897,82232,45.70500016864389,0.13541666666666663,8.40625,0,3,96
898,82272,44.90666668768972,0.125,8.458333333333334,0,6,96
899,82400,39.433333648368716,0.1875,8.666666666666666,0,4,96
900,82408,56.03500036895275,0.02083333333333337,8.40625,0,4,96
901,82480,40.25500042643398,0.15625,9.09375,0,5,96
902,82528,57.25833356380463,0.0625,7.822916666666667,0,0,96
903,82616,62.029999911785126,0.03125,7.125,0,3,96
904,82656,51.63833342399448,0.05208333333333337,8.260416666666666,0,8,96
905,83000,56.81500001903623,0.01041666666666663,9.03125,0,2,96
906,83040,43.75833344459534,0.14583333333333337,8.822916666666666,0,2,96
907,83168,56.28500031679869,0.0625,7.34375,0,5,96
908,83176,46.64999965392053,0.07291666666666663,9.5,0,4,96
909,83248,56.361666575074196,0.0625,7.302083333333333,0,5,96
910,83296,40.50333324726671,0.14583333333333337,9.104166666666666,0,5,96
911,83384,17.42499985359609,0.34375,10.03125,0,5,96
912,83424,44.27500016987324,0.125,9.21875,0,2,96
913,83768,63.49833342432976,0.0625,6.260416666666667,0,1,96
914,83808,40.8250001501292,0.15625,8.90625,0,4,96
915,83936,44.84666710253805,0.17708333333333337,7.770833333333333,0,3,96
916,83944,52.92333337571472,0.08333333333333337,7.416666666666667,0,6,96
917,84016,51.37000004108995,0.04166666666666663,9.1875,0,3,96
918,84064,47.414999946020544,0.08333333333333337,9.40625,0,3,96
919,84152,45.30166650470346,0.125,8.614583333333334,0,4,96
920,84192,52.053332737647,0.07291666666666663,7.604166666666667,0,9,96
921,84536,61.27333342283964,0.02083333333333337,7.354166666666667,0,3,96
922,84576,58.020000372081995,0.03125,7.625,0,6,96
923,84704,30.553333503194153,0.1875,9.916666666666666,0,9,96
924,84712,45.85000030044466,0.11458333333333337,8.3125,0,7,96
925,84784,57.238333731889725,0.03125,8.260416666666666,0,2,96
926,84832,58.90833368897438,0.03125,7.572916666666667,0,6,96
927,84920,55.209999818354845,0.03125,8.75,0,3,96
928,84960,52.94500042498112,0.08333333333333337,8.15625,0,2,96
929,85304,47.198333530686796,0.14583333333333337,7.447916666666667,0,6,96
930,85344,53.783333393745124,0.02083333333333337,9.041666666666666,0,4,96
931,85472,50.97000010963529,0.08333333333333337,8.4375,0,3,96
932,85480,55.57666709180921,0.01041666666666663,8.583333333333334,0,5,96
933,85552,48.85166657716036,0.125,7.802083333333333,0,4,96
934,85600,47.2483336571604,0.07291666666666663,9.385416666666666,0,4,96
935,85688,52.110000227577984,0.03125,8.75,0,8,96
936,85728,43.12333314772695,0.14583333333333337,8.729166666666666,0,4,96
937,86072,63.67333336174488,0.02083333333333337,7.104166666666667,0,1,96
938,86112,40.61499972548336,0.1875,8.40625,0,3,96
939,86240,44.67499992996454,0.08333333333333337,10.09375,0,3,96
940,86248,57.70500036329031,0.03125,7.96875,0,4,96
941,86320,59.436666294932365,0.05208333333333337,6.395833333333333,0,7,96
942,86368,35.71333300229162,0.22916666666666663,8.729166666666666,0,4,96
943,86456,44.316666833125055,0.19791666666666663,7.208333333333333,0,4,96
944,86496,39.663333184085786,0.19791666666666663,8.291666666666666,0,4,96
945,86840,46.53166655357927,0.07291666666666663,9.802083333333334,0,2,96
946,86880,52.35666722711176,0.03125,9.145833333333334,0,4,96
947,87008,54.551666140556335,0.07291666666666663,7.489583333333333,0,4,96
948,87016,50.556666946969926,0.09375,8.083333333333334,0,4,96
949,87088,58.396667156368494,0.01041666666666663,8.333333333333334,0,3,96
950,87136,41.506667039357126,0.13541666666666663,9.520833333333334,0,3,96
951,87224,59.18000039458275,0.02083333333333337,7.75,0,4,96
952,87264,52.456666711717844,0.07291666666666663,8.270833333333334,0,3,96
953,87608,58.10833287239075,0.03125,7.822916666666667,0,5,96
954,87648,46.503333303146064,0.0625,9.979166666666666,0,3,96
955,87776,45.21666691172868,0.0625,9.458333333333334,0,8,96
956,87784,48.98333330266178,0.0625,9.229166666666666,0,5,96
957,87856,57.48166689276695,0.01041666666666663,7.989583333333333,0,6,96
958,87904,50.35333331581205,0.07291666666666663,8.416666666666666,0,6,96
959,87992,41.398333257995546,0.17708333333333337,8.197916666666666,0,4,96
960,88032,55.02166694402695,0.03125,8.302083333333334,0,5,96
961,88376,55.160000160336494,0.04166666666666663,8.6875,0,1,96
962,88416,60.688333213329315,0.0,8.197916666666666,0,3,96
963,88544,54.02166672423482,0.04166666666666663,8.114583333333334,0,6,96
964,88552,44.023333449847996,0.15625,8.229166666666666,0,4,96
965,88624,32.341666541062295,0.20833333333333337,9.989583333333334,0,3,96
966,88672,52.18666623532772,0.09375,8.020833333333334,0,2,96
967,88760,48.09333342965692,0.0625,9.291666666666666,0,4,96
968,88800,42.151666674762964,0.10416666666666663,9.614583333333334,0,5,96
969,89144,60.62666617333889,0.03125,7.333333333333333,0,3,96
970,89184,46.351666173897684,0.08333333333333337,9.802083333333334,0,1,96
971,89312,54.48999998625368,0.01041666666666663,9.125,0,5,96
972,89320,51.228333385661244,0.05208333333333337,8.697916666666666,0,5,96
973,89392,46.635000333189964,0.125,8.46875,0,3,96
974,89440,50.47666662931442,0.0625,8.833333333333334,0,5,96
975,89528,55.03500043600798,0.03125,8.34375,0,5,96
976,89568,56.93166675232351,0.0,8.677083333333334,0,4,96
977,89912,55.156666605733335,0.04166666666666663,8.270833333333334,0,4,96
978,89952,29.581666765734553,0.23958333333333337,9.427083333333334,0,5,96
979,90080,49.10333340521902,0.125,7.604166666666667,0,5,96
980,90088,55.44499987363815,0.0625,7.53125,0,5,96
981,90160,40.66166623402387,0.17708333333333337,8.427083333333334,0,6,96
982,90208,55.7933331951499,0.07291666666666663,7.416666666666667,0,4,96
983,90296,20.668333356268704,0.30208333333333337,9.885416666666666,0,8,96
984,90336,62.443333595991135,0.0,7.854166666666667,0,2,96
985,90680,42.303333590738475,0.11458333333333337,9.729166666666666,0,4,96
986,90720,52.790000800043344,0.07291666666666663,8.1875,0,4,96
987,90848,51.28166706021875,0.13541666666666663,7.239583333333333,0,2,96
988,90856,57.06000057514757,0.04166666666666663,7.875,0,3,96
989,90928,52.276666968129575,0.08333333333333337,7.395833333333333,0,8,96
990,90976,44.234999663196504,0.125,8.96875,0,3,96
991,91064,51.68000014871359,0.10416666666666663,7.3125,0,6,96
992,91104,59.76499977707863,0.02083333333333337,8.40625,0,0,96
993,91448,61.686666771769524,0.03125,7.458333333333333,0,1,96
994,91488,62.41999991238117,0.02083333333333337,6.9375,0,5,96
995,91616,53.86666642129421,0.08333333333333337,7.145833333333333,0,7,96
996,91624,54.94833332207054,0.03125,8.760416666666666,0,3,96
997,91696,53.92833349108696,0.08333333333333337,7.635416666666667,0,3,96
998,91744,45.31333314161748,0.10416666666666663,8.916666666666666,0,6,96
999,91832,60.360000517219305,0.0,8.1875,0,3,96
1000,91872,59.15500023961067,0.03125,7.46875,0,4,96
1001,92216,32.42833314836025,0.25,8.760416666666666,0,3,96
1002,92256,49.81333331763744,0.09375,8.854166666666666,0,1,96
1003,92384,44.41166679468006,0.11458333333333337,9.302083333333334,0,3,96
1004,92392,37.75166705530137,0.17708333333333337,8.677083333333334,0,8,96
1005,92464,52.64333323016763,0.0625,7.854166666666667,0,7,96
1006,92512,42.938333390280604,0.13541666666666663,9.135416666666666,0,3,96
1007,92600,46.53000039048493,0.11458333333333337,8.5,0,5,96
1008,92640,39.774999908171594,0.1875,8.78125,0,3,96
1009,92984,46.90333348419517,0.11458333333333337,8.291666666666666,0,6,96
1010,93024,38.00666669663042,0.19791666666666663,8.895833333333334,0,2,96
1011,93152,53.24499953445047,0.09375,7.59375,0,3,96
1012,93160,23.87666650302708,0.27083333333333337,9.895833333333334,0,7,96
1013,93232,64.64833351969719,0.03125,6.822916666666667,0,1,96
1014,93280,55.72333316504955,0.04166666666666663,8.541666666666666,0,2,96
1015,93368,43.3200002014637,0.14583333333333337,9.3125,0,0,96
1016,93408,50.06666714604944,0.07291666666666663,8.895833333333334,0,2,96
1017,93752,39.166666915640235,0.16666666666666663,8.770833333333334,0,7,96
1018,93792,57.42999962717295,0.0625,6.8125,0,6,96
1019,93920,44.6733336513862,0.16666666666666663,7.354166666666667,0,6,96
1020,93928,57.491666711866856,0.05208333333333337,7.677083333333333,0,3,96
1021,94000,57.36833357065916,0.0625,7.635416666666667,0,2,96
1022,94048,48.803332790732384,0.08333333333333337,8.791666666666666,0,3,96
1023,94136,61.41333308815956,0.03125,7.416666666666667,0,2,96
1024,94176,43.91333360783756,0.1875,7.666666666666667,0,3,96
1025,94520,43.19666721299291,0.08333333333333337,10.458333333333334,0,2,96
1026,94560,42.54499991890043,0.17708333333333337,8.40625,0,2,96
1027,94688,63.77500003576279,0.05208333333333337,6.53125,0,0,96
1028,94696,62.246666714549065,0.02083333333333337,7.520833333333333,0,1,96
1029,94768,62.310000240802765,0.02083333333333337,7.25,0,2,96
1030,94816,62.633334159851074,0.0625,6.416666666666667,0,1,96
1031,94904,51.79833375569433,0.07291666666666663,8.572916666666666,0,2,96
1032,94944,18.46833313908428,0.35416666666666663,9.822916666666666,0,5,96
1033,95288,67.40000027418137,0.02083333333333337,6.375,0,1,96
1034,95328,55.218333318829536,0.08333333333333337,7.447916666666667,0,2,96
1035,95456,57.36999975144863,0.03125,8.3125,0,1,96
1036,95464,60.57166650518775,0.02083333333333337,7.614583333333333,0,3,96
1037,95536,56.8400000333786,0.04166666666666663,7.75,0,5,96
1038,95584,53.87833347823471,0.09375,7.322916666666667,0,5,96
1039,95672,52.42333369329572,0.11458333333333337,7.291666666666667,0,3,96
1040,95712,55.12500030454248,0.05208333333333337,8.40625,0,2,96
1041,96056,2.7649996746331453,0.46875,10.71875,0,4,96
1042,96096,61.09500032663345,0.03125,7.78125,0,0,96
1043,96224,55.57333378493786,0.04166666666666663,8.416666666666666,0,2,96
1044,96232,54.11666664481163,0.08333333333333337,7.708333333333333,0,3,96
1045,96304,44.78166627790779,0.13541666666666663,8.177083333333334,0,7,96
1046,96352,41.33500027563423,0.11458333333333337,9.65625,0,5,96
1047,96440,43.600000134669244,0.15625,8.375,0,3,96
1048,96480,42.58833330497146,0.19791666666666663,7.447916666666667,0,5,96
1049,96824,50.33166698273271,0.10416666666666663,8.052083333333334,0,3,96
1050,96864,57.23333349637687,0.0,9.104166666666666,0,2,96
1051,96992,59.853333711624146,0.0625,7.354166666666667,0,0,96
1052,97000,45.08833353873342,0.10416666666666663,9.322916666666666,0,3,96
1053,97072,55.8850000789389,0.02083333333333337,8.90625,0,2,96
1054,97120,36.57166707422584,0.21875,8.364583333333334,0,5,96
1055,97208,56.801666632294655,0.01041666666666663,8.739583333333334,0,2,96
1056,97248,44.64333320315927,0.14583333333333337,8.604166666666666,0,3,96
1057,97592,68.36666706204414,0.01041666666666663,6.520833333333333,0,0,96
1058,97632,60.47333290427923,0.03125,7.729166666666667,0,1,96
1059,97760,59.21833384037018,0.0625,7.385416666666667,0,1,96
1060,97768,45.0400001173839,0.10416666666666663,9.375,0,2,96
1061,97840,52.89000008162111,0.07291666666666663,7.875,0,6,96
1062,97888,57.40333220362663,0.0625,7.666666666666667,0,1,96
1063,97976,40.55333275254816,0.1875,8.416666666666666,0,4,96
1064,98016,54.03500032797456,0.0625,8.15625,0,3,96
1065,98360,61.074999526143074,0.01041666666666663,7.90625,0,2,96
1066,98400,56.45833392441273,0.09375,7.260416666666667,0,0,96
1067,98528,56.053333438932896,0.03125,8.604166666666666,0,2,96
1068,98536,54.78666706196964,0.0625,7.645833333333333,0,5,96
1069,98608,49.80166663881391,0.03125,9.552083333333334,0,6,96
1070,98656,56.120000454597175,0.0625,7.125,0,5,96
1071,98744,58.69000004604459,0.0,8.5625,0,3,96
1072,98784,62.963333398103714,0.04166666666666663,6.479166666666667,0,3,96
1073,99128,63.598334453999996,0.01041666666666663,7.197916666666667,0,4,96
1074,99168,51.55833352264017,0.09375,8.135416666666666,0,2,96
1075,99296,39.670000506564975,0.17708333333333337,8.75,0,4,96
1076,99304,58.05500002857298,0.03125,8.21875,0,1,96
1077,99376,52.04333385080099,0.14583333333333337,6.729166666666667,0,3,96
1078,99424,58.26999992132187,0.08333333333333337,7.0,0,1,96
1079,99512,47.76833326276392,0.11458333333333337,8.385416666666666,0,3,96
1080,99552,53.686666794121265,0.08333333333333337,7.895833333333333,0,2,96
1081,99896,50.766667146235704,0.11458333333333337,7.958333333333333,0,2,96
1082,99936,57.25333345588297,0.05208333333333337,7.416666666666667,0,4,96
1083,100064,41.68666657619178,0.13541666666666663,8.833333333333334,0,7,96
1084,100072,60.98666584864259,0.04166666666666663,7.020833333333333,0,3,96
1085,100144,44.83999985270202,0.11458333333333337,8.875,0,4,96
1086,100192,58.05833252426237,0.03125,8.072916666666666,0,2,96
1087,100280,49.77666707802564,0.05208333333333337,9.520833333333334,0,3,96
1088,100320,60.771666184067726,0.0625,7.052083333333333,0,1,96
1089,100664,55.93000058084726,0.08333333333333337,7.5625,0,2,96
1090,100704,38.8316670935601,0.17708333333333337,8.927083333333334,0,4,96
1091,100832,46.001666471362114,0.08333333333333337,9.989583333333334,0,1,96
1092,100840,61.74000056087971,0.04166666666666663,6.875,0,3,96
1093,100912,60.82500000298023,0.02083333333333337,7.28125,0,3,96
1094,100960,51.95333328843117,0.0625,8.854166666666666,0,2,96
1095,101048,47.175000950694084,0.14583333333333337,8.15625,0,2,96
1096,101088,66.33333364129066,0.0,7.041666666666667,0,1,96
1097,101432,53.22833391558379,0.07291666666666663,8.135416666666666,0,3,96
1098,101472,61.94000008702278,0.03125,6.875,0,4,96
1099,101600,57.32833406608552,0.04166666666666663,7.822916666666667,0,2,96
1100,101608,53.56666750460863,0.07291666666666663,8.020833333333334,0,3,96
1101,101680,61.2916669100523,0.04166666666666663,7.302083333333333,0,1,96
1102,101728,46.37500001862645,0.16666666666666663,7.90625,0,1,96
1103,101816,55.76666650176048,0.10416666666666663,7.208333333333333,0,1,96
1104,101856,55.83833328448236,0.01041666666666663,8.822916666666666,0,4,96
1105,102200,51.80166651960462,0.09375,7.927083333333333,0,4,96
1106,102240,51.909999787807465,0.10416666666666663,7.75,0,4,96
1107,102368,40.19333319738507,0.15625,9.354166666666666,0,3,96
1108,102376,51.74333392083645,0.09375,8.416666666666666,0,1,96
1109,102448,55.53666641842574,0.04166666666666663,8.145833333333334,0,4,96
1110,102496,62.52166637033224,0.0,7.864583333333333,0,2,96
1111,102584,39.84166690520942,0.17708333333333337,8.864583333333334,0,4,96
1112,102624,53.680000266991556,0.10416666666666663,6.875,0,5,96
1113,102968,61.58500028401613,0.02083333333333337,7.40625,0,3,96
1114,103008,65.47333358228207,0.01041666666666663,6.479166666666667,0,4,96
1115,103136,52.27000023331493,0.08333333333333337,8.0,0,4,96
1116,103144,51.216666772030294,0.04166666666666663,8.833333333333334,0,4,96
1117,103216,38.44166669156402,0.21875,8.052083333333334,0,4,96
1118,103264,54.62000047322363,0.125,6.8125,0,1,96
1119,103352,33.928333608433604,0.20833333333333337,9.385416666666666,0,4,96
1120,103392,54.18499997910112,0.05208333333333337,8.53125,0,3,96
1121,103736,62.62000032141805,0.01041666666666663,7.6875,0,1,96
1122,103776,43.855000532232225,0.11458333333333337,9.65625,0,2,96
1123,103904,41.603333070874214,0.20833333333333337,7.979166666666667,0,0,96
1124,103912,58.73000008612871,0.04166666666666663,7.625,0,3,96
1125,103984,50.6466666162014,0.11458333333333337,8.020833333333334,0,2,96
1126,104032,49.113333409652114,0.09375,8.791666666666666,0,3,96
1127,104120,51.38166643679142,0.08333333333333337,8.489583333333334,0,2,96
1128,104160,34.00500015448779,0.20833333333333337,9.21875,0,6,96
1129,104504,51.37000013049692,0.09375,7.9375,0,3,96
1130,104544,28.146666556596756,0.3125,8.395833333333334,0,4,96
1131,104672,67.71833373606205,0.03125,6.135416666666667,0,0,96
1132,104680,54.04333337396383,0.0625,8.354166666666666,0,2,96
1133,104752,43.378333657979965,0.16666666666666663,8.447916666666666,0,2,96
1134,104800,54.561666830442846,0.07291666666666663,7.114583333333333,0,7,96
1135,104888,59.055000469088554,0.07291666666666663,7.03125,0,1,96
1136,104928,45.690000287257135,0.14583333333333337,8.4375,0,2,96
1137,105272,66.75166653096676,0.0,6.989583333333333,0,1,96
1138,105312,55.06666646897793,0.09375,7.395833333333333,0,1,96
1139,105440,50.223333925008774,0.14583333333333337,7.479166666666667,0,1,96
1140,105448,33.7833329802379,0.21875,9.291666666666666,0,3,96
1141,105520,57.11666664853692,0.05208333333333337,7.770833333333333,0,3,96
1142,105568,52.370000447146595,0.07291666666666663,7.75,0,6,96
1143,105656,57.655000016093254,0.07291666666666663,7.53125,0,0,96
1144,105696,65.50666663050652,0.03125,6.270833333333333,0,2,96
1145,106040,38.87166627403349,0.1875,8.552083333333334,0,5,96
1146,106080,48.87666679825634,0.10416666666666663,8.208333333333334,0,5,96
1147,106208,43.89333326648921,0.13541666666666663,8.854166666666666,0,4,96
1148,106216,32.563333726488054,0.25,8.916666666666666,0,3,96
1149,106288,68.08333377540112,0.0,6.666666666666667,0,1,96
1150,106336,49.99833330512047,0.09375,7.947916666666667,0,7,96
1151,106424,68.01166599988937,0.0,6.489583333333333,0,2,96
1152,106464,61.94000080227852,0.08333333333333337,5.9375,0,2,96
1153,106808,59.396666415035725,0.05208333333333337,7.083333333333333,0,3,96
1154,106848,60.42500016093254,0.09375,6.03125,0,3,96
1155,106976,51.61833343561739,0.07291666666666663,8.635416666666666,0,3,96
1156,106984,48.331666520796716,0.125,7.864583333333333,0,4,96
1157,107056,61.21666674967855,0.04166666666666663,7.020833333333333,0,2,96
1158,107104,51.08333446085453,0.10416666666666663,8.291666666666666,0,1,96
1159,107192,62.67166717723012,0.0,7.489583333333333,0,4,96
1160,107232,56.87166652455926,0.07291666666666663,7.239583333333333,0,3,96
1161,107576,37.66999990399927,0.15625,9.875,0,3,96
1162,107616,58.826666749082506,0.04166666666666663,7.395833333333333,0,4,96
1163,107744,46.123333126306534,0.14583333333333337,8.229166666666666,0,3,96
1164,107752,48.17333374544978,0.08333333333333337,8.854166666666666,0,5,96
1165,107824,49.77166675031185,0.11458333333333337,7.989583333333333,0,3,96
1166,107872,52.1283342577517,0.11458333333333337,7.322916666666667,0,4,96
1167,107960,69.8150005787611,0.02083333333333337,5.65625,0,1,96
1168,108000,61.036667201668024,0.05208333333333337,6.958333333333333,0,2,96
1169,108344,59.40333357825875,0.0625,6.854166666666667,0,4,96
1170,108384,50.52499947603792,0.09375,8.40625,0,3,96
1171,108512,61.67666611727327,0.04166666666666663,6.895833333333333,0,2,96
1172,108520,43.175000024959445,0.15625,8.28125,0,4,96
1173,108592,50.23833323456347,0.07291666666666663,8.260416666666666,0,8,96
1174,108640,53.3933333074674,0.03125,9.354166666666666,0,2,96
1175,108728,50.790000698529184,0.10416666666666663,8.25,0,1,96
1176,108768,35.76666666381061,0.19791666666666663,9.083333333333334,0,4,96
1177,109112,53.30000066012144,0.07291666666666663,8.5,0,2,96
1178,109152,50.553333095274866,0.09375,8.229166666666666,0,3,96
1179,109280,50.18666681274772,0.08333333333333337,7.958333333333333,0,7,96
1180,109288,27.676666445098817,0.29166666666666663,9.208333333333334,0,3,96
1181,109360,47.3333328217268,0.09375,9.104166666666666,0,2,96
1182,109408,44.92166632413864,0.17708333333333337,7.989583333333333,0,1,96
1183,109496,37.546666643582284,0.20833333333333337,8.333333333333334,0,4,96
1184,109536,61.28166684508324,0.02083333333333337,7.302083333333333,0,5,96
1185,109880,50.378333389759064,0.125,7.635416666666667,0,3,96
1186,109920,52.38499983306974,0.10416666666666663,7.90625,0,1,96
1187,110048,27.663333071395755,0.30208333333333337,8.791666666666666,0,3,96
1188,110056,47.52333318348974,0.125,8.416666666666666,0,2,96
1189,110128,41.63000011071563,0.11458333333333337,9.5625,0,5,96
1190,110176,50.443333274684846,0.11458333333333337,8.041666666666666,0,2,96
1191,110264,56.98333294689655,0.08333333333333337,7.104166666666667,0,3,96
1192,110304,65.59666748344898,0.02083333333333337,6.770833333333333,0,1,96
1193,110648,55.9599994039163,0.03125,7.9375,0,7,96
1194,110688,69.39666721224785,0.01041666666666663,5.833333333333333,0,2,96
1195,110816,37.26999959163368,0.19791666666666663,9.0625,0,3,96
1196,110824,65.37000054121017,0.0,7.5625,0,0,96
1197,110896,50.625000259839,0.09375,8.59375,0,1,96
1198,110944,57.131666868925095,0.07291666666666663,7.489583333333333,0,1,96
1199,111032,46.85333282034844,0.13541666666666663,7.979166666666667,0,5,96
1200,111072,42.929999641142786,0.15625,8.6875,0,2,96
1201,111416,68.55000013113022,0.02083333333333337,6.125,0,0,96
1202,111456,39.926667279563844,0.1875,8.458333333333334,0,4,96
1203,111584,51.14666665252298,0.10416666666666663,7.520833333333333,0,5,96
1204,111592,48.40166695415974,0.10416666666666663,8.427083333333334,0,4,96
1205,111664,43.02500016056001,0.125,8.96875,0,5,96
1206,111712,62.343332916498184,0.01041666666666663,7.916666666666667,0,0,96
1207,111800,48.066666102968156,0.10416666666666663,8.770833333333334,0,2,96
1208,111840,32.53833372704685,0.22916666666666663,9.447916666666666,0,4,96
1209,112184,48.57833383232355,0.14583333333333337,7.447916666666667,0,4,96
1210,112224,52.56333376467228,0.09375,7.729166666666667,0,3,96
1211,112352,62.73833468556404,0.02083333333333337,7.760416666666667,0,0,96
1212,112360,56.51166604459286,0.07291666666666663,7.552083333333333,0,1,96
1213,112432,59.23333340883255,0.11458333333333337,6.041666666666667,0,0,96
1214,112480,61.64666656777263,0.03125,7.020833333333333,0,3,96
1215,112568,59.57500049751252,0.02083333333333337,7.90625,0,3,96
1216,112608,58.74500019848347,0.07291666666666663,6.78125,0,3,96
1217,112952,59.47499984130263,0.04166666666666663,6.84375,0,6,96
1218,112992,48.493333539925516,0.13541666666666663,7.791666666666667,0,2,96
1219,113120,59.01499979197979,0.01041666666666663,8.65625,0,0,96
1220,113128,51.150000057183206,0.0625,8.875,0,4,96
1221,113200,55.41833338141441,0.09375,7.135416666666667,0,3,96
1222,113248,64.9283330142498,0.03125,6.447916666666667,0,2,96
1223,113336,56.80000018235296,0.05208333333333337,8.0,0,2,96
1224,113376,53.77166695892811,0.08333333333333337,8.052083333333334,0,2,96
1225,113720,58.3866661041975,0.05208333333333337,7.770833333333333,0,1,96
1226,113760,54.32666709180921,0.09375,7.770833333333333,0,1,96
1227,113888,56.41333304345608,0.09375,6.854166666666667,0,3,96
1228,113896,54.56500032451004,0.07291666666666663,7.78125,0,3,96
1229,113968,61.01833349466324,0.04166666666666663,7.197916666666667,0,2,96
1230,114016,49.24499984737486,0.16666666666666663,6.78125,0,4,96
1231,114104,44.72333316039294,0.13541666666666663,8.604166666666666,0,3,96
1232,114144,41.64500056859106,0.19791666666666663,8.09375,0,3,96
1233,114488,38.33999966084957,0.22916666666666663,8.4375,0,1,96
1234,114528,47.30000056978315,0.125,8.375,0,3,96
1235,114656,46.498333281837404,0.11458333333333337,8.697916666666666,0,3,96
1236,114664,50.48166613932699,0.14583333333333337,7.239583333333333,0,2,96
1237,114736,54.924999848008156,0.05208333333333337,8.34375,0,1,96
1238,114784,47.06833279132843,0.125,8.822916666666666,0,0,96
1239,114872,49.156666993163526,0.07291666666666663,8.895833333333334,0,4,96
1240,114912,28.429999857209623,0.3125,8.3125,0,4,96
1241,115256,57.886667028069496,0.07291666666666663,7.208333333333333,0,1,96
1242,115296,44.903333134017885,0.10416666666666663,9.416666666666666,0,2,96
1243,115424,47.03333368059248,0.17708333333333337,7.041666666666667,0,4,96
1244,115432,48.53166670259088,0.13541666666666663,7.927083333333333,0,2,96
1245,115504,24.141666646115482,0.32291666666666663,9.114583333333334,0,4,96
1246,115552,51.173333674669266,0.05208333333333337,9.541666666666666,0,1,96
1247,115640,52.0250002508983,0.0625,8.59375,0,2,96
1248,115680,65.5783331245184,0.01041666666666663,7.072916666666667,0,1,96
1249,116024,53.340000331401825,0.09375,7.625,0,3,96
1250,116064,44.98333392012864,0.10416666666666663,8.854166666666666,0,6,96
1251,116192,54.74666725844145,0.10416666666666663,7.458333333333333,0,1,96
1252,116200,48.73999997228384,0.13541666666666663,7.625,0,3,96
1253,116272,59.66500025987625,0.02083333333333337,8.28125,0,0,96
1254,116320,58.53500060737133,0.04166666666666663,7.71875,0,2,96
1255,116408,56.87833366449922,0.0625,7.697916666666667,0,2,96
1256,116448,40.23333346657455,0.17708333333333337,8.416666666666666,0,5,96
1257,116792,52.790000583045185,0.13541666666666663,6.5,0,5,96
1258,116832,61.7816668599844,0.01041666666666663,7.239583333333333,0,5,96
1259,116960,48.42166705429554,0.09375,9.239583333333334,0,1,96
1260,116968,35.089999741874635,0.20833333333333337,9.125,0,3,96
1261,117040,50.62666693981737,0.09375,8.583333333333334,0,2,96
1262,117088,57.47000027447939,0.0625,7.25,0,3,96
1263,117176,46.43833316769451,0.07291666666666663,9.760416666666666,0,3,96
1264,117216,42.154999865219,0.10416666666666663,9.84375,0,4,96
1265,117560,30.939999533817172,0.29166666666666663,8.25,0,4,96
1266,117600,44.93333341833204,0.125,8.854166666666666,0,3,96
1267,117728,51.626666775904596,0.07291666666666663,8.645833333333334,0,2,96
1268,117736,30.821666359901428,0.28125,8.927083333333334,0,1,96
1269,117808,60.913333624601364,0.0625,6.916666666666667,0,0,96
1270,117856,47.72333352919668,0.16666666666666663,7.354166666666667,0,2,96
1271,117944,45.583333510905504,0.16666666666666663,7.666666666666667,0,3,96
1272,117984,56.33833323419094,0.10416666666666663,6.697916666666667,0,3,96
1273,118328,64.51833355426788,0.03125,6.947916666666667,0,0,96
1274,118368,56.33333367109299,0.07291666666666663,7.604166666666667,0,1,96
1275,118496,49.5933333626017,0.07291666666666663,9.166666666666666,0,2,96
1276,118504,50.701666701585054,0.0625,8.427083333333334,0,6,96
1277,118576,59.07500061299652,0.0625,7.03125,0,2,96
1278,118624,62.183332934975624,0.02083333333333337,7.479166666666667,0,1,96
1279,118712,49.51499996241182,0.08333333333333337,8.46875,0,4,96
1280,118752,45.24166690465063,0.14583333333333337,8.677083333333334,0,1,96
1281,119096,52.72500047739595,0.11458333333333337,7.59375,0,1,96
1282,119136,52.23833391722292,0.10416666666666663,7.572916666666667,0,3,96
1283,119264,63.556667387485504,0.02083333333333337,7.270833333333333,0,1,96
1284,119272,52.12833345588297,0.0625,8.572916666666666,0,3,96
1285,119344,56.985000655055046,0.0625,7.59375,0,2,96
1286,119392,64.97166788578033,0.0,7.614583333333333,0,0,96
1287,119480,62.96333296597004,0.02083333333333337,7.416666666666667,0,1,96
1288,119520,54.42166673950851,0.05208333333333337,8.489583333333334,0,2,96
1289,119864,58.06666685640812,0.0625,7.270833333333333,0,3,96
1290,119904,57.033333919011056,0.08333333333333337,7.041666666666667,0,2,96
1291,120032,51.34166610054672,0.05208333333333337,9.239583333333334,0,3,96
1292,120040,39.74500074144453,0.17708333333333337,9.09375,0,2,96
1293,120112,60.51500019431114,0.04166666666666663,6.96875,0,3,96
1294,120160,52.141666672192514,0.08333333333333337,7.989583333333333,0,4,96
1295,120248,52.76833348348737,0.04166666666666663,8.947916666666666,0,3,96
1296,120288,55.239999905228615,0.02083333333333337,9.0,0,1,96
1297,120632,47.883332467637956,0.125,8.354166666666666,0,2,96
1298,120672,40.14666611608118,0.19791666666666663,8.395833333333334,0,3,96
1299,120800,56.95666680019349,0.02083333333333337,8.020833333333334,0,5,96
1300,120808,60.33166693150997,0.03125,7.239583333333333,0,5,96
1301,120880,41.228333986364305,0.1875,8.572916666666666,0,2,96
1302,120928,48.63166685402393,0.125,7.989583333333333,0,3,96
1303,121016,41.31499999668449,0.14583333333333337,9.21875,0,4,96
1304,121056,33.818333274684846,0.27083333333333337,8.260416666666666,0,2,96
1305,121400,59.94000010937452,0.03125,7.875,0,2,96
1306,121440,61.05333364661783,0.02083333333333337,7.729166666666667,0,2,96
1307,121568,53.55500016268343,0.0625,8.21875,0,5,96
1308,121576,51.906666464172304,0.09375,8.333333333333334,0,1,96
1309,121648,41.82500025629997,0.1875,8.53125,0,1,96
1310,121696,49.948333382606506,0.11458333333333337,7.635416666666667,0,5,96
1311,121784,48.27333306521177,0.11458333333333337,8.291666666666666,0,3,96
1312,121824,52.598333079367876,0.08333333333333337,8.135416666666666,0,2,96
1313,122168,44.34166672825813,0.125,9.677083333333334,0,0,96
1314,122208,39.96499993093312,0.125,10.03125,0,4,96
1315,122336,54.24999989569187,0.11458333333333337,7.0625,0,3,96
1316,122344,47.644999742507935,0.125,8.59375,0,1,96
1317,122416,40.38000028394163,0.13541666666666663,9.0625,0,8,96
1318,122464,67.05000093579292,0.01041666666666663,6.8125,0,0,96
1319,122552,54.246667004190385,0.07291666666666663,7.770833333333333,0,4,96
1320,122592,69.33166702091694,0.01041666666666663,5.927083333333333,0,2,96
1321,122936,55.40833345707506,0.01041666666666663,8.822916666666666,0,5,96
1322,122976,56.381666872650385,0.05208333333333337,7.739583333333333,0,4,96
1323,123104,47.25999993085861,0.125,8.5625,0,2,96
1324,123112,60.61333382129669,0.02083333333333337,8.229166666666666,0,0,96
1325,123184,55.67166629433632,0.02083333333333337,9.302083333333334,0,0,96
1326,123232,47.37500026356429,0.14583333333333337,7.46875,0,6,96
1327,123320,68.45000013709068,0.02083333333333337,6.125,0,0,96
1328,123360,57.3750002970919,0.04166666666666663,7.78125,0,4,96
1329,123704,68.71000020205975,0.0,5.875,0,4,96
1330,123744,49.01166620012373,0.10416666666666663,8.302083333333334,0,4,96
1331,123872,54.64833395835012,0.04166666666666663,8.822916666666666,0,2,96
1332,123880,56.87833374738693,0.07291666666666663,7.010416666666667,0,3,96
1333,123952,62.86499933898449,0.04166666666666663,6.53125,0,3,96
1334,124000,29.966666800901294,0.25,9.520833333333334,0,4,96
1335,124088,65.7250003516674,0.01041666666666663,6.90625,0,1,96
1336,124128,51.52000016346574,0.07291666666666663,8.75,0,2,96
1337,124472,46.03666653390974,0.15625,8.020833333333334,0,2,96
1338,124512,51.33666662033647,0.07291666666666663,8.708333333333334,0,3,96
1339,124640,55.24333362560719,0.05208333333333337,8.041666666666666,0,3,96
1340,124648,34.111667103134096,0.21875,9.489583333333334,0,2,96
1341,124720,57.26666663587093,0.0625,7.208333333333333,0,3,96
1342,124768,54.759999468922615,0.10416666666666663,7.4375,0,1,96
1343,124856,61.73500055074692,0.03125,7.46875,0,0,96
1344,124896,65.6133333593607,0.02083333333333337,6.166666666666667,0,4,96
1345,125240,59.21666585560888,0.03125,7.833333333333333,0,2,96
1346,125280,51.26666632294655,0.09375,8.145833333333334,0,2,96
1347,125408,50.868333615362644,0.08333333333333337,8.697916666666666,0,2,96
1348,125416,60.84333309531212,0.0,8.604166666666666,0,0,96
1349,125488,39.46166662033647,0.11458333333333337,10.677083333333334,0,2,96
1350,125536,45.89000021573156,0.14583333333333337,8.5625,0,1,96
1351,125624,56.93000028189272,0.05208333333333337,7.6875,0,4,96
1352,125664,45.99666644539684,0.10416666666666663,9.395833333333334,0,2,96
1353,126008,50.73500014003366,0.13541666666666663,7.28125,0,2,96
1354,126048,67.48333260416985,0.02083333333333337,6.479166666666667,0,0,96
1355,126176,56.323333538137376,0.03125,8.104166666666666,0,4,96
1356,126184,45.13500025868416,0.16666666666666663,8.21875,0,0,96
1357,126256,50.08000012394041,0.07291666666666663,9.1875,0,1,96
1358,126304,50.301666505634785,0.08333333333333337,8.677083333333334,0,2,96
1359,126392,52.235000035725534,0.10416666666666663,7.71875,0,3,96
1360,126432,45.66833347734064,0.16666666666666663,8.010416666666666,0,2,96
1361,126776,63.258333165198565,0.02083333333333337,7.135416666666667,0,2,96
1362,126816,58.41499997675419,0.03125,8.09375,0,1,96
1363,126944,53.450000297278166,0.09375,7.5625,0,4,96
1364,126952,56.6866667419672,0.0625,7.708333333333333,0,2,96
1365,127024,57.8600002899766,0.05208333333333337,7.625,0,3,96
1366,127072,64.94333291053772,0.01041666666666663,7.041666666666667,0,2,96
1367,127160,59.4333335114643,0.02083333333333337,7.791666666666667,0,4,96
1368,127200,60.27333379443735,0.05208333333333337,6.916666666666667,0,2,96
1369,127544,39.27000011317432,0.17708333333333337,9.0,0,4,96
1370,127584,44.58666608389467,0.125,9.208333333333334,0,2,96
1371,127712,64.46833361685276,0.04166666666666663,6.697916666666667,0,0,96
1372,127720,60.83500000834465,0.04166666666666663,7.03125,0,3,96
1373,127792,32.10666704084724,0.21875,9.708333333333334,0,3,96
1374,127840,55.6700000083074,0.07291666666666663,7.3125,0,4,96
1375,127928,45.3133333241567,0.13541666666666663,8.291666666666666,0,5,96
1376,127968,61.27166737988591,0.08333333333333337,6.114583333333333,0,2,96
1377,128312,50.415000460110605,0.09375,8.46875,0,3,96
1378,128352,61.55833289027214,0.05208333333333337,6.947916666666667,0,1,96
1379,128480,62.48666688799858,0.03125,7.145833333333333,0,2,96
1380,128488,63.97833353281021,0.0,7.822916666666667,0,0,96
1381,128560,42.43333310447633,0.14583333333333337,8.791666666666666,0,5,96
1382,128608,51.61833371128887,0.08333333333333337,8.010416666666666,0,4,96
1383,128696,56.114999926649034,0.03125,8.53125,0,2,96
1384,128736,56.75166650861502,0.03125,7.614583333333333,0,8,96
1385,129080,54.67833338305354,0.0625,7.697916666666667,0,5,96
1386,129120,52.65333346184343,0.03125,9.166666666666666,0,2,96
1387,129248,35.63833325263113,0.22916666666666663,8.697916666666666,0,3,96
1388,129256,48.01000004820526,0.09375,8.75,0,4,96
1389,129328,53.750000276602805,0.07291666666666663,7.625,0,6,96
1390,129376,58.691666587255895,0.04166666666666663,7.489583333333333,0,3,96
1391,129464,48.73000018950552,0.14583333333333337,7.6875,0,2,96
1392,129504,48.01666643097997,0.14583333333333337,7.645833333333333,0,3,96
1393,129848,44.46666677668691,0.14583333333333337,8.708333333333334,0,2,96
1394,129888,63.5833335518837,0.01041666666666663,7.229166666666667,0,2,96
1395,130016,57.35166607797146,0.09375,6.802083333333333,0,2,96
1396,130024,63.44333302974701,0.03125,6.604166666666667,0,3,96
1397,130096,49.54333304613829,0.0625,9.416666666666666,0,2,96
1398,130144,51.321667117998004,0.05208333333333337,8.739583333333334,0,4,96
1399,130232,41.59166663698852,0.15625,8.802083333333334,0,4,96
1400,130272,58.35166688263416,0.0625,7.114583333333333,0,4,96
1401,130616,59.80999991297722,0.0625,6.875,0,3,96
1402,130656,50.13333347439766,0.125,7.979166666666667,0,1,96
1403,130784,67.26333330571651,0.02083333333333337,6.416666666666667,0,1,96
1404,130792,42.73499985039234,0.16666666666666663,8.34375,0,4,96
1405,130864,52.52666708827019,0.07291666666666663,8.458333333333334,0,2,96
1406,130912,55.47666697110981,0.11458333333333337,6.395833333333333,0,4,96
1407,131000,70.4950003772974,0.02083333333333337,5.71875,0,0,96
1408,131040,60.874999947845936,0.02083333333333337,7.59375,0,3,96
1409,131384,58.27666673716158,0.05208333333333337,7.333333333333333,0,3,96
1410,131424,55.77333330735564,0.09375,6.854166666666667,0,4,96
1411,131552,50.0283338110894,0.07291666666666663,8.885416666666666,0,3,96
1412,131560,61.986666321754456,0.03125,7.645833333333333,0,0,96
1413,131632,69.49333372712135,0.01041666666666663,5.791666666666667,0,3,96
1414,131680,60.60500006377697,0.03125,7.59375,0,1,96
1415,131768,51.410000196658075,0.03125,9.125,0,6,96
1416,131808,45.18666638247669,0.10416666666666663,9.020833333333334,0,4,96
1417,132152,50.168333432637155,0.09375,8.697916666666666,0,2,96
1418,132192,43.15833351388574,0.17708333333333337,8.010416666666666,0,3,96
1419,132320,50.27666651364416,0.08333333333333337,8.520833333333334,0,3,96
1420,132328,56.70166702475399,0.03125,8.239583333333334,0,4,96
1421,132400,50.45333344116807,0.125,7.041666666666667,0,6,96
1422,132448,32.42833328153938,0.26041666666666663,8.385416666666666,0,6,96
1423,132536,59.8866671808064,0.04166666666666663,7.520833333333333,0,2,96
1424,132576,62.76333383470774,0.02083333333333337,7.166666666666667,0,2,96
1425,132920,63.19666646420956,0.05208333333333337,6.208333333333333,0,4,96
1426,132960,54.3333331560716,0.09375,7.416666666666667,0,3,96
1427,133088,68.64166754484177,0.02083333333333337,6.052083333333333,0,1,96
1428,133096,60.23333279043436,0.01041666666666663,7.916666666666667,0,3,96
1429,133168,45.7600000500679,0.13541666666666663,8.375,0,4,96
1430,133216,54.286667220294476,0.08333333333333337,8.020833333333334,0,1,96
1431,133304,56.14333320315927,0.04166666666666663,8.104166666666666,0,4,96
1432,133344,64.73166632652283,0.02083333333333337,7.052083333333333,0,0,96
1433,133688,66.52000015228987,0.01041666666666663,6.5,0,2,96
1434,133728,52.21000007353723,0.0625,8.4375,0,4,96
1435,133856,41.54833366628736,0.16666666666666663,8.822916666666666,0,2,96
1436,133864,48.805000407621264,0.11458333333333337,7.90625,0,5,96
1437,133936,65.02833369374275,0.02083333333333337,6.760416666666667,0,1,96
1438,133984,49.52333380188793,0.08333333333333337,8.791666666666666,0,3,96
1439,134072,61.55833423882723,0.02083333333333337,7.572916666666667,0,2,96
1440,134112,58.18833369668573,0.01041666666666663,8.510416666666666,0,2,96
1441,134456,55.363333514891565,0.04166666666666663,8.166666666666666,0,4,96
1442,134496,49.515000498853624,0.07291666666666663,8.78125,0,5,96
1443,134624,35.6149994796142,0.23958333333333337,8.34375,0,3,96
1444,134632,54.38166658580303,0.02083333333333337,9.177083333333334,0,2,96
1445,134704,49.39500073250383,0.15625,7.09375,0,3,96
1446,134752,53.75500019546598,0.08333333333333337,7.90625,0,2,96
1447,134840,40.88833330385387,0.19791666666666663,7.697916666666667,0,6,96
1448,134880,46.98000015318394,0.125,8.625,0,2,96
1449,135224,58.54833348095417,0.09375,6.510416666666667,0,2,96
1450,135264,38.40499972458929,0.20833333333333337,8.65625,0,2,96
1451,135392,50.94999984558672,0.08333333333333337,8.125,0,5,96
1452,135400,63.43000045418739,0.03125,6.9375,0,1,96
1453,135472,60.698333606123924,0.01041666666666663,8.010416666666666,0,1,96
1454,135520,51.026666812598705,0.10416666666666663,7.708333333333333,0,5,96
1455,135608,61.86833244562149,0.05208333333333337,6.822916666666667,0,2,96
1456,135648,48.82833335455507,0.11458333333333337,8.260416666666666,0,2,96
1457,135992,44.92333342600614,0.08333333333333337,9.604166666666666,0,5,96
1458,136032,56.01333437860012,0.08333333333333337,6.979166666666667,0,5,96
1459,136160,49.06666631158441,0.11458333333333337,8.020833333333334,0,3,96
1460,136168,41.16333339270204,0.125,9.729166666666666,0,2,96
1461,136240,54.40833338256925,0.10416666666666663,7.260416666666667,0,2,96
1462,136288,50.00166647788137,0.15625,6.927083333333333,0,3,96
1463,136376,61.0833335518837,0.03125,7.354166666666667,0,2,96
1464,136416,60.24000030755997,0.04166666666666663,7.4375,0,2,96
1465,136760,53.08999992813915,0.07291666666666663,8.125,0,4,96
1466,136800,58.71833368297666,0.02083333333333337,8.197916666666666,0,2,96
1467,136928,44.946666872128844,0.11458333333333337,8.395833333333334,0,7,96
1468,136936,50.71000013500452,0.13541666666666663,7.5625,0,2,96
1469,137008,66.28833428770304,0.03125,6.010416666666667,0,3,96
1470,137056,44.18000028189272,0.16666666666666663,8.0,0,3,96
1471,137144,54.15333326160908,0.07291666666666663,7.791666666666667,0,4,96
1472,137184,47.20166654046625,0.14583333333333337,8.114583333333334,0,2,96
1473,137528,38.45833363663405,0.17708333333333337,8.947916666666666,0,4,96
1474,137568,35.580000317655504,0.20833333333333337,9.0625,0,4,96
1475,137696,63.008333042263985,0.0625,6.385416666666667,0,1,96
1476,137704,61.04666654765606,0.03125,7.583333333333333,0,1,96
1477,137776,63.73499968647957,0.03125,6.71875,0,1,96
1478,137824,60.8699995726347,0.0625,7.0,0,1,96
1479,137912,55.04833330959082,0.08333333333333337,7.635416666666667,0,2,96
1480,137952,53.594999990426004,0.08333333333333337,7.71875,0,4,96
1481,138296,54.85166688635945,0.09375,7.177083333333333,0,3,96
1482,138336,60.483333453536034,0.02083333333333337,7.729166666666667,0,2,96
1483,138464,35.04000049829483,0.19791666666666663,9.5,0,3,96
1484,138472,60.35166722536087,0.01041666666666663,8.489583333333334,0,0,96
1485,138544,39.8750003259629,0.125,9.84375,0,4,96
1486,138592,41.731666962616146,0.15625,8.677083333333334,0,4,96
1487,138680,62.243334107100964,0.05208333333333337,6.479166666666667,0,3,96
1488,138720,52.11000048369169,0.10416666666666663,7.75,0,2,96
1489,139064,61.65333278477192,0.02083333333333337,7.729166666666667,0,1,96
1490,139104,40.00499994214624,0.16666666666666663,8.96875,0,4,96
1491,139232,58.38166721817106,0.03125,7.864583333333333,0,3,96
1492,139240,53.84333408251405,0.05208333333333337,8.729166666666666,0,2,96
1493,139312,64.1350003099069,0.04166666666666663,6.40625,0,2,96
1494,139360,48.56666658818722,0.11458333333333337,7.833333333333333,0,5,96
1495,139448,57.63833311200142,0.02083333333333337,8.572916666666666,0,1,96
1496,139488,57.0083334594965,0.0625,7.760416666666667,0,1,96
1497,139832,61.91499975696206,0.02083333333333337,7.46875,0,2,96
1498,139872,61.34333312511444,0.03125,7.229166666666667,0,2,96
1499,140000,61.54333317652345,0.0625,6.666666666666667,0,1,96
1500,140008,49.87500010058284,0.11458333333333337,7.65625,0,5,96
1501,140080,55.18500075303018,0.03125,8.21875,0,6,96
1502,140128,55.55000039935112,0.05208333333333337,8.5,0,1,96
1503,140216,39.13333283364773,0.23958333333333337,8.041666666666666,0,1,96
1504,140256,54.30166664626449,0.07291666666666663,8.052083333333334,0,3,96
1505,140600,67.22500033676624,0.03125,6.15625,0,1,96
1506,140640,63.19166772067547,0.01041666666666663,7.614583333333333,0,1,96
1507,140768,33.80666653625667,0.20833333333333337,9.520833333333334,0,4,96
1508,140776,50.583333507180214,0.07291666666666663,8.666666666666666,0,4,96
1509,140848,55.5966672366485,0.0625,7.958333333333333,0,2,96
1510,140896,42.97499968763441,0.16666666666666663,8.46875,0,2,96
1511,140984,52.53333309292793,0.09375,8.041666666666666,0,2,96
1512,141024,39.125000171363354,0.14583333333333337,9.78125,0,3,96
1513,141368,58.46166693419218,0.08333333333333337,6.739583333333333,0,3,96
1514,141408,58.504999324679375,0.07291666666666663,7.21875,0,1,96
1515,141536,69.33833391964436,0.01041666666666663,5.885416666666667,0,2,96
1516,141544,56.051666802726686,0.07291666666666663,7.677083333333333,0,2,96
1517,141616,49.12833360489458,0.125,7.947916666666667,0,3,96
1518,141664,57.05000083800405,0.08333333333333337,6.5,0,4,96
1519,141752,61.36499956250191,0.05208333333333337,6.84375,0,1,96
1520,141792,70.2866663634777,0.0,6.270833333333333,0,0,96
1521,142136,57.74999960511923,0.05208333333333337,7.6875,0,3,96
1522,142176,45.63833323586732,0.11458333333333337,8.697916666666666,0,6,96
1523,142304,65.72333315014839,0.04166666666666663,6.416666666666667,0,0,96
1524,142312,37.07666696421802,0.15625,9.833333333333334,0,4,96
1525,142384,58.3133337944746,0.03125,8.166666666666666,0,1,96
1526,142432,68.39500010758638,0.01041666666666663,6.15625,0,2,96
1527,142520,33.003332815133035,0.27083333333333337,8.229166666666666,0,3,96
1528,142560,66.57333189249039,0.01041666666666663,6.916666666666667,0,0,96
1529,142904,40.65500002913177,0.13541666666666663,9.59375,0,4,96
1530,142944,40.571666470728815,0.1875,8.364583333333334,0,3,96
1531,143072,59.47166616469622,0.04166666666666663,7.302083333333333,0,3,96
1532,143080,50.203333645127714,0.11458333333333337,7.729166666666667,0,4,96
1533,143152,53.10166676249355,0.07291666666666663,7.739583333333333,0,6,96
1534,143200,45.04333348572254,0.17708333333333337,7.541666666666667,0,4,96
1535,143288,54.240000907331705,0.11458333333333337,6.8125,0,4,96
1536,143328,53.55000004079193,0.0625,8.125,0,3,96
1537,143672,47.82166690379381,0.13541666666666663,7.864583333333333,0,4,96
1538,143712,57.17333320528269,0.05208333333333337,7.604166666666667,0,3,96
1539,143840,58.71499992068857,0.04166666666666663,7.71875,0,3,96
1540,143848,67.72999981045723,0.03125,6.1875,0,0,96
1541,143920,61.940000529401004,0.05208333333333337,6.1875,0,5,96
1542,143968,58.59666667878628,0.05208333333333337,7.208333333333333,0,3,96
1543,144056,42.62500024493784,0.16666666666666663,8.34375,0,4,96
1544,144096,64.04333351552486,0.02083333333333337,6.916666666666667,0,1,96
1545,144440,51.57333268132061,0.10416666666666663,7.604166666666667,0,5,96
1546,144480,62.52666664123535,0.04166666666666663,6.645833333333333,0,2,96
1547,144608,53.88499978836626,0.10416666666666663,7.34375,0,2,96
1548,144616,50.04500015731901,0.09375,8.21875,0,5,96
1549,144688,55.70000006258488,0.0625,7.75,0,3,96
1550,144736,62.288333371281624,0.03125,7.197916666666667,0,0,96
1551,144824,69.11166704446077,0.0,6.114583333333333,0,2,96
1552,144864,60.60166744142771,0.05208333333333337,7.052083333333333,0,2,96
1553,145208,52.90166700538248,0.0625,8.614583333333334,0,3,96
1554,145248,65.47666682675481,0.02083333333333337,6.520833333333333,0,2,96
1555,145376,52.986666343174875,0.0625,8.395833333333334,0,2,96
1556,145384,52.81499958690256,0.07291666666666663,8.15625,0,3,96
1557,145456,61.59999971091747,0.05208333333333337,6.875,0,1,96
1558,145504,48.33333347644657,0.10416666666666663,8.854166666666666,0,2,96
1559,145536,5.21500127017498,0.27380952380952384,9.464285714285714,1,1,84
1560,145592,40.106666847132146,0.1875,8.020833333333334,0,6,96
1561,145976,60.226667165756226,0.08333333333333337,6.395833333333333,0,2,96
1562,146016,51.57999988552183,0.07291666666666663,8.375,0,4,96
1563,146144,42.44999995082617,0.17708333333333337,7.9375,0,5,96
1564,146152,44.635000452399254,0.14583333333333337,8.34375,0,4,96
1565,146224,62.250000059604645,0.04166666666666663,6.875,0,2,96
1566,146272,50.11999991443008,0.07291666666666663,9.0,0,3,96
1567,146304,39.07666654698551,0.19791666666666663,8.270833333333334,0,5,96
1568,146360,60.04000014439225,0.0625,6.8125,0,3,96
1569,146744,53.25166670139879,0.07291666666666663,8.114583333333334,0,3,96
1570,146784,55.06833311077207,0.11458333333333337,6.697916666666667,0,3,96
1571,146912,47.35499980580062,0.125,8.09375,0,4,96
1572,146920,19.481666867621243,0.33333333333333337,9.427083333333334,0,8,96
1573,146992,39.4400005703792,0.17708333333333337,9.0,0,4,96
1574,147040,53.561667293310165,0.10416666666666663,7.677083333333333,0,1,96
1575,147072,57.975000627338886,0.04166666666666663,7.40625,0,6,96
1576,147128,56.96166642662138,0.08333333333333337,6.989583333333333,0,3,96
1577,147512,67.66166663169861,0.0,6.927083333333333,0,0,96
1578,147552,50.57833391427994,0.125,7.510416666666667,0,3,96
1579,147680,63.91166578233242,0.02083333333333337,7.114583333333333,0,1,96
1580,147688,44.861666957847774,0.125,8.802083333333334,0,4,96
1581,147760,43.40333311911672,0.13541666666666663,8.979166666666666,0,3,96
1582,147808,68.17499969154596,0.01041666666666663,6.21875,0,2,96
1583,147840,55.19666610658169,0.04166666666666663,8.708333333333334,0,0,96
1584,147896,61.731666564941406,0.01041666666666663,7.802083333333333,0,2,96
1585,148280,58.268333330750465,0.07291666666666663,6.760416666666667,0,3,96
1586,148320,67.25999954342842,0.02083333333333337,6.5,0,0,96
1587,148448,52.97000008728355,0.0625,8.4375,0,3,96
1588,148456,45.71333393454552,0.14583333333333337,8.729166666666666,0,0,96
1589,148528,58.02666628360748,0.04166666666666663,7.833333333333333,0,2,96
1590,148576,67.87500040233135,0.0,6.59375,0,1,96
1591,148608,44.04166711680591,0.15625,8.489583333333334,0,3,96
1592,148664,62.86499974131584,0.0,7.96875,0,1,96
1593,149048,38.40833332296461,0.1875,8.947916666666666,0,2,96
1594,149088,58.936667412519455,0.0625,7.333333333333333,0,1,96
1595,149216,48.33333333581686,0.13541666666666663,7.666666666666667,0,4,96
1596,149224,49.559999741613865,0.11458333333333337,7.9375,0,3,96
1597,149296,45.529999918304384,0.13541666666666663,8.5,0,3,96
1598,149344,58.1166672334075,0.03125,8.020833333333334,0,3,96
1599,149376,50.07000074442476,0.11458333333333337,7.8125,0,4,96
1600,149432,63.48666629195213,0.0,7.895833333333333,0,0,96
1601,149816,55.57833352871239,0.05208333333333337,7.760416666666667,0,4,96
1602,149856,60.25666708406061,0.02083333333333337,7.958333333333333,0,2,96
1603,149984,48.721667668782175,0.10416666666666663,8.302083333333334,0,4,96
1604,149992,59.036666135303676,0.05208333333333337,7.145833333333333,0,3,96
1605,150064,35.633333531208336,0.1875,9.354166666666666,0,6,96
1606,150112,44.56999938096851,0.14583333333333337,8.4375,0,3,96
1607,150144,54.755000478588045,0.0625,8.21875,0,2,96
1608,150200,55.90833356976509,0.04166666666666663,7.885416666666667,0,4,96
1609,150584,41.13333318289369,0.19791666666666663,8.104166666666666,0,3,96
1610,150624,63.96499989926815,0.03125,6.90625,0,1,96
1611,150752,54.14166729897261,0.10416666666666663,7.364583333333333,0,2,96
1612,150760,45.76500007323921,0.11458333333333337,8.78125,0,4,96
1613,150832,49.88500014599413,0.07291666666666663,9.15625,0,2,96
1614,150880,56.548333529382944,0.03125,8.447916666666666,0,2,96
1615,150912,66.32500043138862,0.01041666666666663,6.46875,0,3,96
1616,150968,41.495000422000885,0.16666666666666663,8.96875,0,2,96
1617,151352,53.219999878667295,0.09375,7.5,0,4,96
1618,151392,42.06166747864336,0.1875,8.114583333333334,0,3,96
1619,151520,61.07333363592625,0.05208333333333337,6.729166666666667,0,3,96
1620,151528,61.48666674643755,0.05208333333333337,6.333333333333333,0,4,96
1621,151600,69.71166647970676,0.01041666666666663,6.114583333333333,0,1,96
1622,151648,46.06166707724333,0.11458333333333337,8.677083333333334,0,4,96
1623,151680,61.97999995946884,0.02083333333333337,7.375,0,2,96
1624,151736,51.06666713487357,0.09375,8.020833333333334,0,3,96
1625,152120,39.48666646145284,0.15625,9.020833333333334,0,6,96
1626,152160,60.29833284392953,0.03125,7.322916666666667,0,3,96
1627,152288,58.29499991890043,0.07291666666666663,7.09375,0,2,96
1628,152296,65.29166734218597,0.01041666666666663,7.302083333333333,0,0,96
1629,152368,56.079999587498605,0.05208333333333337,8.0,0,3,96
1630,152416,46.21666686888784,0.13541666666666663,8.270833333333334,0,3,96
1631,152448,44.05666675046086,0.14583333333333337,8.645833333333334,0,3,96
1632,152504,57.39166640397161,0.0625,7.239583333333333,0,4,96
1633,152888,64.00499987602234,0.03125,6.78125,0,2,96
1634,152928,45.628333545289934,0.11458333333333337,9.197916666666666,0,2,96
1635,153056,46.2300004279241,0.10416666666666663,9.1875,0,2,96
1636,153064,44.005000157281756,0.15625,8.34375,0,3,96
1637,153136,56.94166684150696,0.05208333333333337,7.989583333333333,0,2,96
1638,153184,61.561666533350945,0.03125,7.427083333333333,0,1,96
1639,153216,58.60333378612995,0.04166666666666663,7.916666666666667,0,1,96
1640,153272,59.81833379715681,0.01041666666666663,7.885416666666667,0,4,96
1641,153656,52.2233332823962,0.05208333333333337,8.854166666666666,0,3,96
1642,153696,56.08666736539453,0.04166666666666663,8.208333333333334,0,3,96
1643,153824,58.98999999463558,0.0625,7.0,0,3,96
1644,153832,57.338333651423454,0.07291666666666663,7.510416666666667,0,1,96
1645,153904,54.584999858401716,0.0625,7.84375,0,4,96
1646,153952,55.40666773915291,0.07291666666666663,7.958333333333333,0,1,96
1647,153984,63.94333313405514,0.02083333333333337,6.791666666666667,0,2,96
1648,154040,62.088333420455456,0.02083333333333337,7.260416666666667,0,3,96
1649,154424,48.29666688200086,0.17708333333333337,7.020833333333333,0,2,96
1650,154464,45.895000523887575,0.11458333333333337,9.03125,0,2,96
1651,154592,56.3266666373238,0.09375,6.895833333333333,0,3,96
1652,154600,51.236666817218065,0.07291666666666663,8.895833333333334,0,2,96
1653,154672,58.90666662808508,0.0625,7.020833333333333,0,3,96
1654,154720,64.49666687007993,0.01041666666666663,6.958333333333333,0,3,96
1655,154752,63.55166728422046,0.01041666666666663,7.052083333333333,0,3,96
1656,154808,66.1816665828228,0.05208333333333337,5.927083333333333,0,1,96
1657,155192,58.55166660901159,0.02083333333333337,8.489583333333334,0,1,96
1658,155232,56.09833328425884,0.04166666666666663,8.510416666666666,0,1,96
1659,155360,70.33666662871838,0.0,5.895833333333333,0,2,96
1660,155368,52.58166690170765,0.14583333333333337,6.739583333333333,0,2,96
1661,155440,46.65499990340322,0.125,8.65625,0,2,96
1662,155488,37.963333702646196,0.21875,8.479166666666666,0,2,96
1663,155520,56.96500054001808,0.0625,7.53125,0,3,96
1664,155576,52.030000895261765,0.09375,8.5625,0,0,96
1665,155960,66.25499995797873,0.02083333333333337,6.40625,0,2,96
1666,156000,57.375000074505806,0.03125,8.40625,0,1,96
1667,156128,50.39666633307934,0.125,7.958333333333333,0,1,96
1668,156136,13.44999969471246,0.36458333333333337,10.375,0,6,96
1669,156208,60.65833352506161,0.04166666666666663,7.510416666666667,0,1,96
1670,156256,65.97499985992908,0.04166666666666663,6.15625,0,1,96
1671,156288,64.67166550457478,0.0,7.489583333333333,0,1,96
1672,156344,65.9216666072607,0.02083333333333337,6.677083333333333,0,1,96
1673,156728,52.6849996894598,0.10416666666666663,7.59375,0,3,96
1674,156768,59.28500027116388,0.07291666666666663,6.65625,0,4,96
1675,156896,38.99999974202365,0.13541666666666663,9.5,0,7,96
1676,156904,49.60833330824971,0.13541666666666663,7.197916666666667,0,5,96
1677,156976,51.91333338432014,0.07291666666666663,8.104166666666666,0,6,96
1678,157024,68.23333352804184,0.0,6.354166666666667,0,2,96
1679,157056,59.52666573878378,0.05208333333333337,7.208333333333333,0,2,96
1680,157112,54.70666715502739,0.05208333333333337,8.708333333333334,0,1,96
1681,157496,55.86333267390728,0.0625,7.791666666666667,0,3,96
1682,157536,51.02666688617319,0.07291666666666663,8.708333333333334,0,3,96
1683,157664,58.45000020414591,0.05208333333333337,7.25,0,4,96
1684,157672,47.85666698589921,0.14583333333333337,7.833333333333333,0,2,96
1685,157744,54.671665981411934,0.08333333333333337,7.864583333333333,0,1,96
1686,157792,52.73499961197376,0.05208333333333337,8.65625,0,3,96
1687,157824,62.811666399240494,0.03125,6.927083333333333,0,3,96
1688,157880,40.93833319377154,0.15625,8.822916666666666,0,6,96
1689,158264,46.55333371274173,0.10416666666666663,8.416666666666666,0,6,96
1690,158304,57.56333388388157,0.02083333333333337,8.354166666666666,0,3,96
1691,158432,47.608333519659936,0.15625,7.635416666666667,0,3,96
1692,158440,49.970000489614904,0.0625,8.875,0,5,96
1693,158512,68.71333339810371,0.02083333333333337,6.104166666666667,0,0,96
1694,158560,68.35999965667725,0.0,6.8125,0,0,96
1695,158592,66.1316666007042,0.0,7.302083333333333,0,0,96
1696,158648,62.45499972999096,0.07291666666666663,6.21875,0,1,96
1697,159032,59.586666888557374,0.07291666666666663,6.708333333333333,0,2,96
1698,159072,47.159999965690076,0.14583333333333337,7.5625,0,5,96
1699,159200,54.33000003453344,0.10416666666666663,6.875,0,4,96
1700,159208,51.19833314418793,0.11458333333333337,7.760416666666667,0,3,96
1701,159280,65.92499929666519,0.03125,6.40625,0,1,96
1702,159328,55.04666714370251,0.08333333333333337,7.270833333333333,0,4,96
1703,159360,55.146666339598596,0.05208333333333337,8.333333333333334,0,2,96
1704,159416,66.48833276331425,0.03125,6.197916666666667,0,1,96
1705,159800,62.78833324369043,0.02083333333333337,7.260416666666667,0,2,96
1706,159840,64.27499939501286,0.04166666666666663,6.40625,0,1,96
1707,159968,49.1000003349036,0.05208333333333337,9.4375,0,4,96
1708,159976,63.301667131483555,0.02083333333333337,6.677083333333333,0,5,96
1709,160048,52.60166623350233,0.09375,8.114583333333334,0,2,96
1710,160096,53.35666604992002,0.09375,7.708333333333333,0,2,96
1711,160128,27.063332906924188,0.30208333333333337,8.916666666666666,0,3,96
1712,160184,58.960000410676,0.02083333333333337,8.1875,0,2,96
1713,160568,55.24000034388155,0.07291666666666663,7.5625,0,2,96
1714,160608,59.09833371639252,0.04166666666666663,7.822916666666667,0,1,96
1715,160736,61.45666712895036,0.0625,6.333333333333333,0,4,96
1716,160744,48.5216664141044,0.10416666666666663,8.739583333333334,0,2,96
1717,160816,63.02166606485844,0.02083333333333337,7.427083333333333,0,1,96
1718,160864,54.92833362519741,0.125,6.635416666666667,0,3,96
1719,160896,51.570000431500375,0.10416666666666663,7.875,0,2,96
1720,160952,65.96166722476482,0.0,7.302083333333333,0,1,96
1721,161336,68.88000014424324,0.01041666666666663,6.4375,0,0,96
1722,161376,51.10499982535839,0.07291666666666663,8.65625,0,2,96
1723,161504,38.85166671033949,0.1875,8.802083333333334,0,3,96
1724,161512,53.76499958336353,0.0625,8.59375,0,1,96
1725,161584,54.62499961256981,0.08333333333333337,7.53125,0,2,96
1726,161632,47.640000379644334,0.09375,9.125,0,2,96
1727,161664,62.18499996140599,0.03125,7.40625,0,1,96
1728,161720,36.011666438542306,0.20833333333333337,8.864583333333334,0,5,96
1729,162104,50.43500024732202,0.08333333333333337,8.84375,0,2,96
1730,162144,64.07833331078291,0.04166666666666663,6.260416666666667,0,3,96
1731,162272,56.07666643708944,0.0625,7.708333333333333,0,2,96
1732,162280,58.569999888539314,0.04166666666666663,7.3125,0,4,96
1733,162352,53.40333328396082,0.08333333333333337,7.979166666666667,0,2,96
1734,162400,57.05500012636185,0.07291666666666663,7.21875,0,3,96
1735,162432,58.02000003308058,0.01041666666666663,8.625,0,2,96
1736,162488,61.34500025212765,0.03125,6.96875,0,5,96
1737,162872,53.475000626407564,0.125,7.03125,0,2,96
1738,162912,52.5383336879313,0.10416666666666663,7.447916666666667,0,4,96
1739,163040,62.95000012218952,0.0625,6.3125,0,1,96
1740,163048,52.97500089276582,0.0625,8.34375,0,4,96
1741,163120,62.49666640162468,0.02083333333333337,7.583333333333333,0,0,96
1742,163168,42.96500038262457,0.125,9.21875,0,5,96
1743,163200,59.54499986767769,0.04166666666666663,7.59375,0,1,96
1744,163256,57.20666582882404,0.08333333333333337,6.645833333333333,0,5,96
1745,163640,49.26833354588598,0.13541666666666663,7.822916666666667,0,2,96
1746,163680,52.60833352338523,0.09375,7.697916666666667,0,3,96
1747,163808,47.836665905080736,0.13541666666666663,8.145833333333334,0,2,96
1748,163816,31.12166656088084,0.26041666666666663,8.864583333333334,0,4,96
1749,163888,54.298333062790334,0.07291666666666663,7.760416666666667,0,4,96
1750,163936,54.21500030811876,0.10416666666666663,7.40625,0,2,96
1751,163968,58.33999992907047,0.0625,7.4375,0,1,96
1752,164024,47.786666840314865,0.10416666666666663,8.458333333333334,0,5,96
1753,164408,59.873333498835564,0.0625,7.104166666666667,0,1,96
1754,164448,51.488334342837334,0.10416666666666663,8.072916666666666,0,2,96
1755,164576,32.04000018071383,0.23958333333333337,9.0,0,5,96
1756,164584,61.449999555945396,0.02083333333333337,7.625,0,1,96
1757,164656,48.44500004127622,0.10416666666666663,8.40625,0,4,96
1758,164704,64.74833344575018,0.03125,6.260416666666667,0,3,96
1759,164736,56.77166706323624,0.0625,7.927083333333333,0,1,96
1760,164792,62.78166723251343,0.0,8.177083333333334,0,0,96
1761,165176,50.21166675910354,0.08333333333333337,8.364583333333334,0,4,96
1762,165216,48.213333521038294,0.08333333333333337,9.166666666666666,0,2,96
1763,165344,64.76833269000053,0.02083333333333337,7.010416666666667,0,0,96
1764,165352,55.93166697025299,0.09375,7.052083333333333,0,2,96
1765,165424,56.575000539422035,0.04166666666666663,8.59375,0,0,96
1766,165472,69.10666637122631,0.01041666666666663,6.145833333333333,0,1,96
1767,165504,62.991667091846466,0.05208333333333337,6.489583333333333,0,2,96
1768,165560,63.581667080521584,0.02083333333333337,7.177083333333333,0,2,96
1769,165944,44.62666651420295,0.14583333333333337,8.145833333333334,0,6,96
1770,165984,46.94166678003967,0.08333333333333337,9.052083333333334,0,5,96
1771,166112,62.58833312988281,0.02083333333333337,6.885416666666667,0,4,96
1772,166120,56.685000277124345,0.07291666666666663,7.46875,0,2,96
1773,166192,47.17666694894433,0.125,8.333333333333334,0,3,96
1774,166240,64.97166627645493,0.03125,6.739583333333333,0,0,96
1775,166272,45.47500026319176,0.04166666666666663,10.46875,0,5,96
1776,166328,59.270000166259706,0.0625,6.8125,0,3,96
1777,166712,66.31666642427444,0.0,7.395833333333333,0,0,96
1778,166752,58.93666635453701,0.08333333333333337,6.895833333333333,0,1,96
1779,166880,46.28333362098783,0.13541666666666663,8.229166666666666,0,3,96
1780,166888,62.058332934975624,0.05208333333333337,6.322916666666667,0,4,96
1781,166960,53.230000330135226,0.05208333333333337,8.5,0,4,96
1782,167008,46.03666684683412,0.14583333333333337,7.895833333333333,0,4,96
1783,167040,55.273333004675806,0.07291666666666663,7.854166666666667,0,2,96
1784,167096,61.979999512434006,0.04166666666666663,6.875,0,2,96
1785,167480,51.058333069086075,0.10416666666666663,7.822916666666667,0,3,96
1786,167520,70.46000055968761,0.0,5.8125,0,3,96
1787,167648,69.58833268284798,0.0,6.447916666666667,0,0,96
1788,167656,58.501666254363954,0.0625,7.114583333333333,0,3,96
1789,167728,42.781666649505496,0.13541666666666663,8.927083333333334,0,4,96
1790,167776,55.163333751261234,0.04166666666666663,8.604166666666666,0,2,96
1791,167808,61.70666667819023,0.01041666666666663,7.833333333333333,0,2,96
1792,167864,54.626666895113885,0.04166666666666663,8.708333333333334,0,2,96
1793,168248,56.003333788365126,0.08333333333333337,7.041666666666667,0,4,96
1794,168288,66.40833294391632,0.01041666666666663,6.760416666666667,0,2,96
1795,168416,55.968332789838314,0.05208333333333337,8.260416666666666,0,2,96
1796,168424,67.7499999254942,0.02083333333333337,5.9375,0,3,96
1797,168496,64.8583337329328,0.02083333333333337,6.572916666666667,0,3,96
1798,168544,50.40166710317135,0.125,7.677083333333333,0,2,96
1799,168576,54.73833305295557,0.03125,8.635416666666666,0,4,96
1800,168632,56.2466670460999,0.0625,7.645833333333333,0,2,96
1801,169016,57.55333349108696,0.10416666666666663,6.791666666666667,0,1,96
1802,169056,59.694999516010284,0.0625,7.09375,0,1,96
1803,169184,39.71833357773721,0.1875,8.447916666666666,0,4,96
1804,169192,54.40333326160908,0.10416666666666663,7.354166666666667,0,2,96
1805,169264,45.498333423398435,0.125,8.572916666666666,0,4,96
1806,169312,64.21166671812534,0.05208333333333337,6.302083333333333,0,1,96
1807,169344,41.05166686233133,0.15625,9.114583333333334,0,3,96
1808,169400,57.62166726589203,0.04166666666666663,8.302083333333334,0,1,96
1809,169784,55.218333542346954,0.05208333333333337,8.260416666666666,0,3,96
1810,169824,44.94500015489757,0.125,8.71875,0,4,96
1811,169952,55.74833334144205,0.05208333333333337,8.010416666666666,0,3,96
1812,169960,56.481666192412376,0.0625,7.802083333333333,0,1,96
1813,170032,55.02166699524969,0.05208333333333337,8.239583333333334,0,4,96
1814,170080,54.74500053282827,0.10416666666666663,7.34375,0,1,96
1815,170112,46.43500033020973,0.15625,7.90625,0,2,96
1816,170168,68.60999998450279,0.0,6.125,0,3,96
1817,170552,60.18999972194433,0.03125,7.375,0,3,96
1818,170592,58.88333361502737,0.09375,6.166666666666667,0,4,96
1819,170720,58.22666699066758,0.07291666666666663,6.833333333333333,0,3,96
1820,170728,52.71833235677332,0.11458333333333337,7.510416666666667,0,2,96
1821,170800,42.28166682552546,0.16666666666666663,8.427083333333334,0,4,96
1822,170848,48.49166720919311,0.0625,9.364583333333334,0,4,96
1823,170880,48.141666293144226,0.11458333333333337,8.677083333333334,0,1,96
1824,170936,15.903333289548755,0.375,9.666666666666666,0,5,96
1825,171320,56.96833309531212,0.07291666666666663,7.635416666666667,0,1,96
1826,171360,58.11166614294052,0.08333333333333337,6.864583333333333,0,2,96
1827,171488,58.0233334666118,0.07291666666666663,7.166666666666667,0,2,96
1828,171496,48.36833322700113,0.13541666666666663,7.635416666666667,0,3,96
1829,171568,59.363333843648434,0.02083333333333337,8.354166666666666,0,1,96
1830,171616,61.76833405345678,0.02083333333333337,7.697916666666667,0,2,96
1831,171648,47.92833352740854,0.13541666666666663,8.197916666666666,0,2,96
1832,171704,47.283333376049995,0.13541666666666663,8.416666666666666,0,1,96
1833,172088,45.253333828411996,0.15625,8.416666666666666,0,2,96
1834,172128,49.513333171606064,0.15625,7.291666666666667,0,1,96
1835,172256,58.05166689213365,0.09375,6.677083333333333,0,2,96
1836,172264,50.930000117979944,0.07291666666666663,8.5,0,4,96
1837,172336,63.50666691362858,0.02083333333333337,7.208333333333333,0,1,96
1838,172384,51.895000798627734,0.07291666666666663,8.59375,0,3,96
1839,172416,50.801666885614395,0.10416666666666663,7.677083333333333,0,4,96
1840,172472,35.41833399608731,0.21875,8.947916666666666,0,4,96
1841,172856,55.52833268046379,0.07291666666666663,8.010416666666666,0,1,96
1842,172896,66.95833387970924,0.03125,6.385416666666667,0,0,96
1843,173024,53.8933330392465,0.10416666666666663,7.229166666666667,0,3,96
1844,173032,48.968332952819765,0.08333333333333337,9.197916666666666,0,2,96
1845,173104,51.303333333693445,0.08333333333333337,8.604166666666666,0,2,96
1846,173152,39.85499948263168,0.17708333333333337,9.09375,0,2,96
1847,173184,60.883333653211594,0.03125,7.416666666666667,0,2,96
1848,173240,59.45666612684727,0.05208333333333337,7.395833333333333,0,1,96
1849,173624,59.91999992728233,0.03125,8.0,0,0,96
1850,173664,62.89500054717064,0.07291666666666663,6.03125,0,2,96
1851,173792,48.56833396665752,0.125,7.822916666666667,0,4,96
1852,173800,58.63166654109955,0.01041666666666663,7.927083333333333,0,6,96
1853,173872,50.57333326339722,0.09375,8.416666666666666,0,2,96
1854,173920,45.56333292834461,0.125,8.729166666666666,0,4,96
1855,173952,53.598333559930325,0.0625,8.260416666666666,0,3,96
1856,174008,35.02833358105272,0.20833333333333337,9.447916666666666,0,3,96
1857,174392,41.75999950431287,0.14583333333333337,9.0,0,4,96
1858,174432,49.500000468455255,0.09375,8.6875,0,3,96
1859,174560,60.63166641443968,0.02083333333333337,7.864583333333333,0,2,96
1860,174568,46.111666306853294,0.10416666666666663,9.302083333333334,0,2,96
1861,174640,38.868333699181676,0.17708333333333337,8.947916666666666,0,4,96
1862,174688,60.12666646298021,0.05208333333333337,7.145833333333333,0,2,96
1863,174720,58.438333094120026,0.03125,8.197916666666666,0,1,96
1864,174776,57.97333428263664,0.02083333333333337,8.604166666666666,0,1,96
1865,175160,57.843333408236504,0.09375,6.791666666666667,0,1,96
1866,175200,47.19166730996221,0.125,8.302083333333334,0,3,96
1867,175328,61.33666720986366,0.0625,6.520833333333333,0,2,96
1868,175336,46.606666705571115,0.13541666666666663,7.958333333333333,0,4,96
1869,175408,53.77166647370905,0.07291666666666663,8.239583333333334,0,2,96
1870,175456,60.82833378016949,0.02083333333333337,7.760416666666667,0,1,96
1871,175488,54.04500028397888,0.04166666666666663,8.46875,0,5,96
1872,175544,65.24833393096924,0.0,7.010416666666667,0,3,96
1873,175928,61.75666639581323,0.04166666666666663,7.020833333333333,0,2,96
1874,175968,36.36000025924295,0.21875,8.625,0,4,96
1875,176096,58.12166687101126,0.05208333333333337,7.489583333333333,0,3,96
1876,176104,55.44666646420956,0.07291666666666663,7.770833333333333,0,1,96
1877,176176,46.571666825562716,0.16666666666666663,7.552083333333333,0,2,96
1878,176224,43.56333341356367,0.15625,8.354166666666666,0,4,96
1879,176256,35.6850002091378,0.21875,8.84375,0,4,96
1880,176312,44.55833309143782,0.15625,7.947916666666667,0,5,96
1881,176696,43.45166651066393,0.13541666666666663,8.427083333333334,0,6,96
1882,176736,56.999999589286745,0.05208333333333337,7.9375,0,2,96
1883,176864,53.15999949723482,0.10416666666666663,7.1875,0,4,96
1884,176872,34.713333528488874,0.23958333333333337,7.979166666666667,0,7,96
1885,176944,53.0666668266058,0.08333333333333337,7.645833333333333,0,5,96
1886,176992,58.34166642278433,0.02083333333333337,8.114583333333334,0,3,96
1887,177024,30.943332872353494,0.29166666666666663,8.104166666666666,0,4,96
1888,177080,60.03000020980835,0.0625,6.625,0,4,96
1889,177464,56.68333358224481,0.03125,8.416666666666666,0,2,96
1890,177504,62.389999747276306,0.05208333333333337,6.4375,0,3,96
1891,177632,59.969999581575394,0.03125,8.0625,0,0,96
1892,177640,41.47166635747999,0.15625,9.052083333333334,0,3,96
1893,177712,42.10666720382869,0.15625,9.020833333333334,0,3,96
1894,177760,59.28833309467882,0.04166666666666663,7.447916666666667,0,3,96
1895,177792,59.823333125561476,0.05208333333333337,6.791666666666667,0,4,96
1896,177848,61.75666669663042,0.04166666666666663,7.020833333333333,0,2,96
1897,178232,54.32000028248876,0.05208333333333337,8.4375,0,2,96
1898,178272,56.205000683665276,0.07291666666666663,7.65625,0,1,96
1899,178400,53.951666831970215,0.08333333333333337,7.614583333333333,0,4,96
1900,178408,50.473333761096,0.13541666666666663,7.354166666666667,0,3,96
1901,178480,66.53333337605,0.01041666666666663,6.354166666666667,0,3,96
1902,178528,58.340000316500664,0.09375,6.5625,0,2,96
1903,178560,24.393332577310503,0.34375,8.854166666666666,0,2,96
1904,178616,58.721667528152466,0.04166666666666663,8.177083333333334,0,0,96
1905,179000,58.43833329156041,0.03125,7.885416666666667,0,3,96
1906,179040,48.65499999281019,0.125,7.84375,0,3,96
1907,179168,62.89500029757619,0.05208333333333337,6.53125,0,2,96
1908,179176,61.773333579301834,0.02083333333333337,7.354166666666667,0,3,96
1909,179248,50.546667165122926,0.09375,8.270833333333334,0,3,96
1910,179296,49.580000564455986,0.08333333333333337,8.75,0,2,96
1911,179328,37.77166691236198,0.16666666666666663,9.052083333333334,0,6,96
1912,179384,66.14666655659676,0.02083333333333337,6.583333333333333,0,1,96
1913,179768,66.25333352386951,0.02083333333333337,6.541666666666667,0,1,96
1914,179808,39.67666657920927,0.14583333333333337,9.708333333333334,0,3,96
1915,179936,53.223333805799484,0.10416666666666663,7.416666666666667,0,2,96
1916,179944,41.73166676238179,0.14583333333333337,8.802083333333334,0,5,96
1917,180016,40.803333250805736,0.125,9.729166666666666,0,5,96
1918,180064,62.90999983251095,0.02083333333333337,7.3125,0,2,96
1919,180096,66.61999990046024,0.02083333333333337,6.625,0,0,96
1920,180152,50.44166675955057,0.09375,8.239583333333334,0,3,96
1921,180536,63.57000018656254,0.05208333333333337,6.5,0,1,96
1922,180576,64.33333332836628,0.04166666666666663,6.354166666666667,0,1,96
1923,180704,57.493333525024354,0.05208333333333337,7.854166666666667,0,2,96
1924,180712,62.54833294823766,0.02083333333333337,7.260416666666667,0,2,96
1925,180784,52.060000262223184,0.07291666666666663,8.3125,0,3,96
1926,180832,57.95666675269604,0.04166666666666663,7.958333333333333,0,2,96
1927,180864,61.10166694223881,0.0625,6.552083333333333,0,3,96
1928,180920,56.02166731655598,0.10416666666666663,6.989583333333333,0,1,96
1929,181304,41.49000020138919,0.13541666666666663,9.0,0,5,96
1930,181344,44.658333633095026,0.13541666666666663,8.447916666666666,0,4,96
1931,181472,49.785000181756914,0.10416666666666663,8.28125,0,3,96
1932,181480,57.97166556119919,0.07291666666666663,7.614583333333333,0,0,96
1933,181552,49.725000253878534,0.10416666666666663,7.65625,0,5,96
1934,181600,60.96833337843418,0.05208333333333337,6.947916666666667,0,2,96
1935,181632,60.49666656926274,0.0625,6.833333333333333,0,2,96
1936,181688,48.505000001750886,0.09375,9.03125,0,2,96
1937,182072,60.223333805799484,0.03125,7.666666666666667,0,2,96
1938,182112,41.37833338137716,0.23958333333333337,7.197916666666667,0,2,96
1939,182240,55.4033335512504,0.09375,7.229166666666667,0,2,96
1940,182248,48.18000020738691,0.13541666666666663,8.0,0,2,96
1941,182320,61.16000039875507,0.07291666666666663,6.625,0,1,96
1942,182368,56.51499979197979,0.0625,7.84375,0,1,96
1943,182400,57.7133334716782,0.04166666666666663,7.541666666666667,0,4,96
1944,182456,59.78666676580906,0.08333333333333337,6.708333333333333,0,1,96
1945,182840,57.3183334833011,0.05208333333333337,7.760416666666667,0,2,96
1946,182880,39.27833398338407,0.1875,9.010416666666666,0,2,96
1947,183008,52.00000012572855,0.08333333333333337,8.1875,0,3,96
1948,183016,49.08166711777449,0.10416666666666663,8.302083333333334,0,4,96
1949,183088,67.18999998271465,0.04166666666666663,5.875,0,1,96
1950,183136,49.646666809916496,0.09375,8.895833333333334,0,1,96
1951,183168,49.77500014659017,0.11458333333333337,7.96875,0,3,96
1952,183224,56.14500005543232,0.09375,6.59375,0,5,96
1953,183608,64.26166604831815,0.0,7.364583333333333,0,2,96
1954,183648,47.74833289440721,0.13541666666666663,7.697916666666667,0,5,96
1955,183776,62.045000322163105,0.04166666666666663,6.46875,0,5,96
1956,183784,55.758333212696016,0.07291666666666663,7.760416666666667,0,2,96
1957,183856,47.31499931868166,0.125,8.46875,0,2,96
1958,183904,46.43166656792164,0.17708333333333337,7.552083333333333,0,1,96
1959,183936,63.635000482201576,0.02083333333333337,7.28125,0,1,96
1960,183992,58.2266658609733,0.04166666666666663,7.645833333333333,0,2,96
1961,184376,43.28833314683288,0.11458333333333337,9.635416666666666,0,3,96
1962,184416,41.54166675917804,0.14583333333333337,9.052083333333334,0,4,96
1963,184544,64.0000010728836,0.0,7.875,0,0,96
1964,184552,46.41000024788082,0.10416666666666663,9.0,0,3,96
1965,184624,71.76333376765251,0.01041666666666663,5.729166666666667,0,0,96
1966,184672,62.111667051911354,0.05208333333333337,6.864583333333333,0,1,96
1967,184704,57.683333188295364,0.03125,7.791666666666667,0,4,96
1968,184760,43.27500021457672,0.1875,8.09375,0,1,96
1969,185144,21.858333302661777,0.32291666666666663,9.510416666666666,0,5,96
1970,185184,57.511667277663946,0.11458333333333337,6.177083333333333,0,3,96
1971,185312,60.45999992545694,0.07291666666666663,6.6875,0,1,96
1972,185320,64.60999937355518,0.04166666666666663,6.4375,0,2,96
1973,185392,66.1433333158493,0.01041666666666663,6.979166666666667,0,0,96
1974,185440,51.678333062678576,0.125,7.260416666666667,0,3,96
1975,185472,47.13000046368688,0.11458333333333337,8.5625,0,4,96
1976,185528,56.41000059898943,0.03125,8.4375,0,2,96
1977,185912,15.530000256374478,0.38541666666666663,9.5,0,6,96
1978,185952,51.11333385761827,0.13541666666666663,6.979166666666667,0,4,96
1979,186080,50.98999974038452,0.08333333333333337,7.9375,0,6,96
1980,186088,49.816665968857706,0.09375,8.458333333333334,0,3,96
1981,186160,55.32333334442228,0.08333333333333337,7.291666666666667,0,3,96
1982,186208,64.41333247721195,0.02083333333333337,6.916666666666667,0,2,96
1983,186240,43.579999840818346,0.17708333333333337,8.125,0,2,96
1984,186296,62.366666570305824,0.05208333333333337,6.770833333333333,0,1,96
1985,186680,60.48000068962574,0.01041666666666663,7.6875,0,4,96
1986,186720,29.423332980833948,0.28125,8.979166666666666,0,3,96
1987,186848,43.619999980553985,0.14583333333333337,8.4375,0,5,96
1988,186856,53.37166717648506,0.08333333333333337,8.177083333333334,0,1,96
1989,186928,50.99166665505618,0.10416666666666663,7.489583333333333,0,6,96
1990,186976,54.87833324074745,0.0625,8.072916666666666,0,2,96
1991,187008,44.846666753292084,0.14583333333333337,8.833333333333334,0,1,96
1992,187064,50.286666844040155,0.11458333333333337,7.458333333333333,0,5,96
1993,187448,54.63500026613474,0.10416666666666663,6.90625,0,4,96
1994,187488,36.10500026214868,0.1875,8.96875,0,6,96
1995,187616,63.62333411723375,0.0,7.541666666666667,0,2,96
1996,187624,40.6266663139686,0.15625,9.145833333333334,0,3,96
1997,187696,60.87499976158142,0.0625,6.84375,0,1,96
1998,187744,56.09166668355465,0.09375,6.802083333333333,0,4,96
1999,187776,46.156666717492044,0.14583333333333337,8.145833333333334,0,3,96
2000,187832,50.75833297800273,0.08333333333333337,8.572916666666666,0,3,96
2001,188216,45.82166588958353,0.125,8.864583333333334,0,3,96
2002,188256,45.33166681881994,0.16666666666666663,7.489583333333333,0,5,96
2003,188384,41.53666682355106,0.13541666666666663,9.333333333333334,0,4,96
2004,188392,64.68833239376545,0.01041666666666663,7.322916666666667,0,1,96
2005,188464,55.31166696548462,0.07291666666666663,7.864583333333333,0,2,96
2006,188512,55.38166709244251,0.0625,7.927083333333333,0,3,96
2007,188544,63.89833368360996,0.05208333333333337,6.072916666666667,0,3,96
2008,188600,39.3599993204698,0.22916666666666663,7.875,0,3,96
2009,188984,60.108334109187126,0.09375,6.135416666666667,0,2,96
2010,189024,50.18833316117525,0.10416666666666663,7.947916666666667,0,4,96
2011,189152,56.621666765771806,0.09375,6.864583333333333,0,3,96
2012,189160,50.1466667605564,0.10416666666666663,7.833333333333333,0,4,96
2013,189232,49.473333690315485,0.09375,8.166666666666666,0,4,96
2014,189280,33.30999947153032,0.25,8.25,0,6,96
2015,189312,56.061666212044656,0.0625,7.927083333333333,0,2,96
2016,189368,57.004999718628824,0.0625,7.65625,0,2,96
2017,189752,57.15166740119457,0.04166666666666663,7.364583333333333,0,6,96
2018,189792,51.85499917715788,0.08333333333333337,8.28125,0,3,96
2019,189920,44.58499945234507,0.16666666666666663,7.53125,0,6,96
2020,189928,51.71333394944668,0.14583333333333337,6.604166666666667,0,4,96
2021,190000,51.4566670274362,0.0625,8.833333333333334,0,3,96
2022,190048,62.033333111554384,0.05208333333333337,6.666666666666667,0,2,96
2023,190080,46.201667598448694,0.15625,8.114583333333334,0,2,96
2024,190136,36.68166670203209,0.20833333333333337,9.052083333333334,0,2,96
2025,190520,72.3433340638876,0.0,5.541666666666667,0,2,96
2026,190560,35.486666358076036,0.19791666666666663,9.458333333333334,0,3,96
2027,190688,59.923333033919334,0.0625,6.979166666666667,0,2,96
2028,190696,59.10500030964613,0.05208333333333337,7.15625,0,3,96
2029,190768,61.840000501833856,0.05208333333333337,6.625,0,2,96
2030,190816,52.36166636273265,0.11458333333333337,7.177083333333333,0,4,96
2031,190848,58.90166725218296,0.03125,8.114583333333334,0,1,96
2032,190904,65.40333324670792,0.03125,6.291666666666667,0,3,96
2033,191288,55.55500039830804,0.0625,8.09375,0,2,96
2034,191328,69.57500022649765,0.02083333333333337,5.96875,0,0,96
2035,191456,62.03499984741211,0.04166666666666663,6.78125,0,3,96
2036,191464,50.975000253878534,0.10416666666666663,8.15625,0,2,96
2037,191536,37.336666686460376,0.15625,9.708333333333334,0,6,96
2038,191584,48.08166714012623,0.125,7.927083333333333,0,4,96
2039,191616,46.578333294950426,0.13541666666666663,8.322916666666666,0,2,96
2040,191672,49.980000436306,0.14583333333333337,7.4375,0,1,96
2041,192056,49.350000503472984,0.125,7.5,0,5,96
2042,192096,65.50166672468185,0.0,7.427083333333333,0,0,96
2043,192224,50.53666714485735,0.09375,8.395833333333334,0,2,96
2044,192232,61.539999812841415,0.03125,7.25,0,2,96
2045,192304,54.81166687607765,0.11458333333333337,6.802083333333333,0,2,96
2046,192352,55.51500059571117,0.03125,8.28125,0,4,96
2047,192384,51.20500069856644,0.07291666666666663,8.78125,0,2,96
2048,192440,23.0416662376374,0.33333333333333337,9.114583333333334,0,4,96
2049,192824,52.60500008519739,0.125,7.15625,0,2,96
2050,192864,48.64000017102808,0.11458333333333337,8.125,0,3,96
2051,192992,51.966666146181524,0.08333333333333337,8.083333333333334,0,5,96
2052,193000,50.36833383049816,0.14583333333333337,7.072916666666667,0,4,96
2053,193072,62.644999638199806,0.02083333333333337,7.34375,0,1,96
2054,193120,58.2283335365355,0.05208333333333337,7.572916666666667,0,2,96
2055,193152,54.59000002592802,0.08333333333333337,7.4375,0,4,96
2056,193208,60.90666687488556,0.01041666666666663,8.083333333333334,0,2,96
2057,193592,51.368333131074905,0.15625,6.822916666666667,0,2,96
2058,193632,65.81333337724209,0.01041666666666663,6.854166666666667,0,1,96
2059,193760,63.09833310544491,0.05208333333333337,6.697916666666667,0,1,96
2060,193768,54.20333353430033,0.08333333333333337,7.791666666666667,0,2,96
2061,193840,59.15500096976757,0.02083333333333337,8.15625,0,2,96
2062,193888,66.97499991953373,0.01041666666666663,6.71875,0,1,96
2063,193920,56.32500046491623,0.05208333333333337,7.84375,0,3,96
2064,193976,48.808332986198366,0.125,8.197916666666666,0,2,96
2065,194360,62.918333135545254,0.01041666666666663,7.260416666666667,0,4,96
2066,194400,45.92999965324998,0.15625,7.8125,0,4,96
2067,194528,51.81666754838079,0.07291666666666663,8.645833333333334,0,2,96
2068,194536,63.28666638582945,0.04166666666666663,6.645833333333333,0,2,96
2069,194608,49.06333319004625,0.13541666666666663,7.604166666666667,0,3,96
2070,194656,58.18000068422407,0.07291666666666663,7.0,0,2,96
2071,194688,48.033332913182676,0.13541666666666663,7.916666666666667,0,4,96
2072,194744,66.20500046014786,0.02083333333333337,6.78125,0,0,96
2073,195128,56.978333063423634,0.07291666666666663,7.260416666666667,0,3,96
2074,195168,64.49666699767113,0.03125,6.833333333333333,0,1,96
2075,195296,55.09666672255844,0.07291666666666663,7.458333333333333,0,5,96
2076,195304,57.816666692495346,0.07291666666666663,6.895833333333333,0,3,96
2077,195376,64.81000063568354,0.0,7.125,0,3,96
2078,195424,64.74166648741812,0.02083333333333337,6.864583333333333,0,1,96
2079,195456,48.39999972935766,0.13541666666666663,7.9375,0,2,96
2080,195512,46.45333391427994,0.11458333333333337,8.979166666666666,0,2,96
2081,195896,37.69166638981551,0.1875,8.927083333333334,0,5,96
2082,195936,48.15666623413563,0.11458333333333337,8.645833333333334,0,1,96
2083,196064,53.51166669279337,0.11458333333333337,7.114583333333333,0,3,96
2084,196072,61.960000596009195,0.04166666666666663,6.9375,0,2,96
2085,196144,67.01000035181642,0.01041666666666663,6.375,0,2,96
2086,196192,36.59666683804244,0.19791666666666663,8.833333333333334,0,5,96
2087,196224,64.59666727483273,0.04166666666666663,6.520833333333333,0,1,96
2088,196280,54.15500022470951,0.08333333333333337,7.46875,0,3,96
2089,196664,59.35666700080037,0.0625,6.895833333333333,0,3,96
2090,196704,31.638333042152226,0.26041666666666663,8.572916666666666,0,5,96
2091,196832,52.356667041778564,0.08333333333333337,8.083333333333334,0,3,96
2092,196840,43.4216672796756,0.13541666666666663,8.927083333333334,0,4,96
2093,196912,58.38000025507063,0.03125,8.25,0,1,96
2094,196960,59.52166686952114,0.03125,8.052083333333334,0,1,96
2095,196992,54.61166649311781,0.03125,8.239583333333334,0,6,96
2096,197048,48.00333369150758,0.14583333333333337,7.541666666666667,0,3,96
2097,197432,64.51999968290329,0.01041666666666663,7.375,0,0,96
2098,197472,49.183333492837846,0.11458333333333337,8.104166666666666,0,4,96
2099,197600,52.981666535139084,0.07291666666666663,7.989583333333333,0,4,96
2100,197608,55.95166669040918,0.07291666666666663,7.614583333333333,0,3,96
2101,197680,48.03333311434835,0.11458333333333337,8.416666666666666,0,3,96
2102,197728,60.163333758711815,0.02083333333333337,8.041666666666666,0,1,96
2103,197760,52.8183338297531,0.11458333333333337,7.260416666666667,0,3,96
2104,197816,59.85833352804184,0.03125,8.072916666666666,0,0,96
2105,198200,67.15666681528091,0.02083333333333337,6.520833333333333,0,0,96
2106,198240,65.2449995726347,0.02083333333333337,6.84375,0,1,96
2107,198368,62.279999922961,0.05208333333333337,6.25,0,4,96
2108,198376,53.13333338405937,0.0625,8.291666666666666,0,5,96
2109,198448,46.79833304416388,0.11458333333333337,8.510416666666666,0,5,96
2110,198496,42.376666439697146,0.14583333333333337,8.770833333333334,0,4,96
2111,198528,54.01666709780693,0.07291666666666663,8.020833333333334,0,2,96
2112,198584,52.91000040527433,0.07291666666666663,7.75,0,6,96
2113,198968,59.81333351880312,0.05208333333333337,7.104166666666667,0,3,96
2114,199008,28.11333322059363,0.23958333333333337,9.854166666666666,0,5,96
2115,199136,53.981667331419885,0.08333333333333337,7.802083333333333,0,3,96
2116,199144,48.80833376105875,0.09375,8.760416666666666,0,3,96
2117,199216,45.360000169835985,0.14583333333333337,8.375,0,3,96
2118,199264,60.573332980275154,0.05208333333333337,7.104166666666667,0,2,96
2119,199296,62.21333409845829,0.01041666666666663,7.979166666666667,0,0,96
2120,199352,36.614999547600746,0.20833333333333337,8.59375,0,4,96
2121,199736,66.21166676282883,0.04166666666666663,6.052083333333333,0,2,96
2122,199776,45.358334000222385,0.14583333333333337,8.135416666666666,0,4,96
2123,199904,55.51500076055527,0.04166666666666663,8.65625,0,1,96
2124,199912,64.88333389163017,0.05208333333333337,5.791666666666667,0,3,96
2125,199984,40.43500044755638,0.17708333333333337,8.59375,0,4,96
2126,200032,46.781666699796915,0.15625,7.552083333333333,0,3,96
2127,200064,65.04333324730396,0.0,7.291666666666667,0,1,96
2128,200120,51.29666610062122,0.10416666666666663,7.895833333333333,0,2,96
2129,200504,47.248333513736725,0.10416666666666663,8.947916666666666,0,2,96
2130,200544,58.84999946411699,0.04166666666666663,7.8125,0,2,96
2131,200672,53.608333736658096,0.08333333333333337,8.135416666666666,0,1,96
2132,200680,58.33833362907171,0.04166666666666663,7.885416666666667,0,2,96
2133,200752,52.746666870079935,0.11458333333333337,7.145833333333333,0,4,96
2134,200800,60.748333275318146,0.0625,6.635416666666667,0,3,96
2135,200832,60.53666612505913,0.07291666666666663,6.708333333333333,0,1,96
2136,200888,49.915000713430345,0.11458333333333337,7.78125,0,4,96
2137,201272,55.458333149552345,0.09375,6.822916666666667,0,4,96
2138,201312,45.19000016897917,0.16666666666666663,7.75,0,3,96
2139,201440,56.14500032365322,0.07291666666666663,7.34375,0,4,96
2140,201448,61.35333350300789,0.0,7.979166666666667,0,2,96
2141,201520,48.26000019907951,0.125,8.3125,0,1,96
2142,201568,56.17500028014183,0.04166666666666663,8.09375,0,2,96
2143,201600,61.8933339715004,0.03125,7.604166666666667,0,0,96
2144,201656,42.73166680149734,0.14583333333333337,8.427083333333334,0,6,96
2145,202040,45.45999975781888,0.15625,8.0,0,3,96
2146,202080,52.501665777526796,0.09375,7.927083333333333,0,2,96
2147,202208,69.30500009655952,0.0,6.21875,0,1,96
2148,202216,29.120000019669533,0.3125,8.5,0,2,96
2149,202288,48.71833352744579,0.125,7.947916666666667,0,2,96
2150,202336,59.81333275139332,0.03125,7.354166666666667,0,5,96
2151,202368,61.31166675686836,0.04166666666666663,7.114583333333333,0,2,96
2152,202424,46.49833344295621,0.15625,7.697916666666667,0,3,96
2153,202808,55.868333518505096,0.07291666666666663,7.385416666666667,0,4,96
2154,202848,62.2133334428072,0.05208333333333337,6.791666666666667,0,1,96
2155,202976,53.46000064909458,0.09375,8.0625,0,1,96
2156,202984,63.111667186021805,0.01041666666666663,7.802083333333333,0,0,96
2157,203056,36.11666669603437,0.25,8.395833333333334,0,1,96
2158,203104,58.22333337366581,0.04166666666666663,7.354166666666667,0,4,96
2159,203136,37.42166609875858,0.20833333333333337,8.302083333333334,0,5,96
2160,203192,62.22499990090728,0.03125,6.59375,0,5,96
2161,203576,47.808333680033684,0.13541666666666663,8.260416666666666,0,1,96
2162,203616,59.89833281934261,0.05208333333333337,7.447916666666667,0,1,96
2163,203744,52.22666697856039,0.10416666666666663,7.958333333333333,0,2,96
2164,203752,56.4583336263895,0.0625,7.510416666666667,0,4,96
2165,203824,53.82166719250381,0.09375,7.239583333333333,0,4,96
2166,203872,66.0833328589797,0.02083333333333337,6.479166666666667,0,2,96
2167,203904,30.73999996483326,0.29166666666666663,8.625,0,1,96
2168,203960,55.94666685909033,0.07291666666666663,7.395833333333333,0,4,96
2169,204344,25.939999980852008,0.29166666666666663,9.4375,0,3,96
2170,204384,43.583333543501794,0.125,9.541666666666666,0,2,96
2171,204512,53.606667041778564,0.0625,8.333333333333334,0,3,96
2172,204520,33.00666617508978,0.22916666666666663,9.145833333333334,0,4,96
2173,204592,48.85666703339666,0.10416666666666663,8.145833333333334,0,3,96
2174,204640,46.70166695769876,0.11458333333333337,8.614583333333334,0,3,96
2175,204672,42.948333099484444,0.15625,8.760416666666666,0,2,96
2176,204728,62.996667593717575,0.01041666666666663,7.708333333333333,0,1,96
2177,205112,47.870000562630594,0.07291666666666663,9.1875,0,5,96
2178,205152,45.583333439193666,0.13541666666666663,8.416666666666666,0,3,96
2179,205280,66.57333305478096,0.01041666666666663,6.604166666666667,0,1,96
2180,205288,64.5466656088829,0.02083333333333337,6.895833333333333,0,2,96
2181,205360,55.66000001132488,0.07291666666666663,7.6875,0,1,96
2182,205408,58.80666695535183,0.05208333333333337,7.458333333333333,0,2,96
2183,205440,52.78833376523107,0.0625,8.635416666666666,0,2,96
2184,205496,63.38333322107792,0.0,7.479166666666667,0,3,96
2185,205880,29.001667039468884,0.23958333333333337,9.989583333333334,0,4,96
2186,205920,58.24499985575676,0.0625,7.21875,0,2,96
2187,206048,65.28833373636007,0.01041666666666663,6.947916666666667,0,1,96
2188,206056,60.20833326037973,0.04166666666666663,7.322916666666667,0,2,96
2189,206128,49.15333360247314,0.10416666666666663,8.354166666666666,0,4,96
2190,206176,67.34333355724812,0.0,6.666666666666667,0,2,96
2191,206208,30.873333169147372,0.23958333333333337,9.166666666666666,0,5,96
2192,206264,46.033334008418024,0.11458333333333337,8.854166666666666,0,2,96
2193,206648,56.75166616216302,0.05208333333333337,7.864583333333333,0,3,96
2194,206688,31.92499969061464,0.27083333333333337,8.84375,0,2,96
2195,206816,59.14500054717064,0.04166666666666663,7.53125,0,2,96
2196,206824,57.78333308454603,0.04166666666666663,7.916666666666667,0,3,96
2197,206896,52.193333610892296,0.08333333333333337,7.979166666666667,0,4,96
2198,206944,54.63500063121319,0.14583333333333337,6.28125,0,2,96
2199,206976,37.21666670870036,0.15625,9.895833333333334,0,3,96
2200,207032,61.79666669666767,0.02083333333333337,7.270833333333333,0,4,96
2201,207416,58.12499966099858,0.0625,7.09375,0,4,96
2202,207456,40.42499991413206,0.1875,8.78125,0,2,96
2203,207584,61.52166762948036,0.05208333333333337,6.802083333333333,0,2,96
2204,207592,54.173333533108234,0.08333333333333337,7.291666666666667,0,4,96
2205,207664,60.53333345800638,0.04166666666666663,7.291666666666667,0,2,96
2206,207712,43.005000276491046,0.125,9.15625,0,4,96
2207,207744,50.60833295062184,0.09375,8.260416666666666,0,3,96
2208,207800,66.24666590988636,0.01041666666666663,6.958333333333333,0,1,96
2209,208184,61.40166664123535,0.0625,6.489583333333333,0,3,96
2210,208224,67.60166662931442,0.01041666666666663,6.239583333333333,0,3,96
2211,208352,48.5616672700271,0.10416666666666663,8.677083333333334,0,2,96
2212,208360,52.923333077691495,0.05208333333333337,8.541666666666666,0,4,96
2213,208432,60.39000026136637,0.04166666666666663,7.0,0,3,96
2214,208480,58.021667048335075,0.04166666666666663,7.989583333333333,0,1,96
2215,208512,61.12333324551582,0.02083333333333337,7.604166666666667,0,2,96
2216,208568,56.88000014424324,0.08333333333333337,7.125,0,2,96
2217,208952,68.02833366394043,0.03125,5.822916666666667,0,1,96
2218,208992,61.59333324432373,0.01041666666666663,8.229166666666666,0,0,96
2219,209120,63.55166681110859,0.01041666666666663,7.489583333333333,0,1,96
2220,209128,59.6583334421739,0.08333333333333337,6.510416666666667,0,2,96
2221,209200,47.23166678007692,0.14583333333333337,7.989583333333333,0,2,96
2222,209248,47.35333330091089,0.11458333333333337,8.729166666666666,0,2,96
2223,209280,52.54333258327097,0.09375,8.104166666666666,0,2,96
2224,209336,60.02333326637745,0.03125,7.791666666666667,0,1,96
2225,209720,59.41333348304033,0.07291666666666663,6.416666666666667,0,4,96
2226,209760,56.29166726768017,0.05208333333333337,7.927083333333333,0,3,96
2227,209888,62.00833327323198,0.02083333333333337,7.510416666666667,0,2,96
2228,209896,59.734999626874924,0.03125,7.90625,0,1,96
2229,209968,24.68166689388454,0.3125,9.114583333333334,0,4,96
2230,210016,43.775000183843076,0.13541666666666663,8.71875,0,5,96
2231,210048,54.03833388444036,0.07291666666666663,8.135416666666666,0,2,96
2232,210104,51.1116669178009,0.08333333333333337,8.614583333333334,0,2,96
2233,210488,62.41666693240404,0.02083333333333337,7.208333333333333,0,2,96
2234,210528,53.19166660960764,0.09375,7.739583333333333,0,2,96
2235,210656,53.39500032365322,0.04166666666666663,8.78125,0,3,96
2236,210664,67.52833341062069,0.01041666666666663,6.510416666666667,0,1,96
2237,210736,53.97166711091995,0.10416666666666663,7.239583333333333,0,3,96
2238,210784,59.223333552479744,0.05208333333333337,7.416666666666667,0,1,96
2239,210816,52.50999999046326,0.09375,7.875,0,3,96
2240,210872,51.058332804590464,0.10416666666666663,7.572916666666667,0,5,96
2241,211256,46.993333242833614,0.11458333333333337,8.291666666666666,0,6,96
2242,211296,50.76500058174133,0.09375,8.40625,0,2,96
2243,211424,60.57166626304388,0.03125,7.364583333333333,0,3,96
2244,211432,50.76666621025652,0.09375,8.145833333333334,0,4,96
2245,211504,59.013333700597286,0.03125,7.729166666666667,0,4,96
2246,211552,36.936666740104556,0.19791666666666663,8.770833333333334,0,6,96
2247,211584,56.11833395063877,0.08333333333333337,7.572916666666667,0,1,96
2248,211640,67.07500092685223,0.03125,6.03125,0,2,96
2249,212024,63.386666625738144,0.01041666666666663,7.708333333333333,0,0,96
2250,212064,50.62499971687794,0.09375,8.28125,0,4,96
2251,212192,64.11999951303005,0.02083333333333337,6.875,0,3,96
2252,212200,63.17666719481349,0.05208333333333337,5.958333333333333,0,4,96
2253,212272,65.20833323895931,0.01041666666666663,7.010416666666667,0,1,96
2254,212320,50.75166664272547,0.08333333333333337,7.927083333333333,0,6,96
2255,212352,62.23833320196718,0.04166666666666663,6.760416666666667,0,2,96
2256,212408,55.463333047926426,0.05208333333333337,7.791666666666667,0,5,96
2257,212792,47.92499988898635,0.14583333333333337,7.28125,0,6,96
2258,212832,40.614999941550195,0.1875,8.46875,0,3,96
2259,212960,65.83666707575321,0.02083333333333337,6.645833333333333,0,1,96
2260,212968,31.571666381321847,0.28125,8.552083333333334,0,2,96
2261,213040,30.1433330392465,0.28125,8.979166666666666,0,2,96
2262,213088,57.228333339095116,0.07291666666666663,6.885416666666667,0,5,96
2263,213120,42.00833397265524,0.17708333333333337,8.260416666666666,0,4,96
2264,213176,56.16333354264498,0.0625,7.666666666666667,0,3,96
2265,213560,37.45000037085265,0.19791666666666663,8.9375,0,3,96
2266,213600,53.47500033676624,0.11458333333333337,7.53125,0,0,96
2267,213728,36.096666691824794,0.22916666666666663,8.395833333333334,0,4,96
2268,213736,40.80166679434478,0.1875,7.989583333333333,0,6,96
2269,213808,63.90833278000355,0.01041666666666663,7.447916666666667,0,1,96
2270,213856,56.38333364576101,0.05208333333333337,7.666666666666667,0,4,96
2271,213888,41.540000355802476,0.1875,8.5,0,2,96
2272,213944,62.74833306670189,0.04166666666666663,6.635416666666667,0,3,96
2273,214328,47.84333326574415,0.125,8.104166666666666,0,3,96
2274,214368,46.605000547133386,0.14583333333333337,7.53125,0,6,96
2275,214496,56.9783331155777,0.07291666666666663,7.635416666666667,0,1,96
2276,214504,64.44666550308466,0.02083333333333337,6.895833333333333,0,2,96
2277,214576,44.886666998267174,0.125,9.208333333333334,0,2,96
2278,214624,50.33833366539329,0.125,7.447916666666667,0,4,96
2279,214656,64.99666703492403,0.03125,6.458333333333333,0,2,96
2280,214712,35.00166683178395,0.1875,9.177083333333334,0,7,96
2281,215096,57.88500019907951,0.09375,6.90625,0,1,96
2282,215136,64.15500023961067,0.01041666666666663,7.53125,0,0,96
2283,215264,56.643332451581955,0.08333333333333337,7.354166666666667,0,2,96
2284,215272,59.00666690245271,0.07291666666666663,6.833333333333333,0,2,96
2285,215344,51.91833332832903,0.08333333333333337,8.197916666666666,0,3,96
2286,215392,50.92000006791204,0.125,7.375,0,3,96
2287,215424,54.10666635632515,0.07291666666666663,7.895833333333333,0,3,96
2288,215480,60.07999983429909,0.03125,7.75,0,1,96
2289,215864,54.724999986588955,0.10416666666666663,7.03125,0,3,96
2290,215904,67.4300000667572,0.01041666666666663,5.875,0,5,96
2291,216032,42.61666703503579,0.14583333333333337,8.833333333333334,0,4,96
2292,216040,62.566666066646576,0.0,7.770833333333333,0,2,96
2293,216112,53.08500003069639,0.08333333333333337,8.09375,0,2,96
2294,216160,46.2266668593511,0.125,8.708333333333334,0,3,96
2295,216192,57.458333402872086,0.10416666666666663,6.635416666666667,0,1,96
2296,216248,51.90166712552309,0.11458333333333337,7.489583333333333,0,3,96
2297,216632,55.818333610892296,0.09375,7.322916666666667,0,1,96
2298,216672,54.769999876618385,0.07291666666666663,7.75,0,3,96
2299,216800,63.123333521187305,0.03125,6.604166666666667,0,3,96
2300,216808,45.8633328974247,0.17708333333333337,7.354166666666667,0,3,96
2301,216880,29.713333012536168,0.26041666666666663,9.166666666666666,0,4,96
2302,216928,66.35166666656733,0.01041666666666663,6.552083333333333,0,3,96
2303,216960,40.03166693262756,0.19791666666666663,8.302083333333334,0,3,96
2304,217016,57.49333373364061,0.0625,7.541666666666667,0,2,96
2305,217400,59.803334064781666,0.09375,5.791666666666667,0,4,96
2306,217440,59.416666984558105,0.05208333333333337,7.458333333333333,0,1,96
2307,217568,47.31833371054381,0.13541666666666663,7.947916666666667,0,4,96
2308,217576,67.42333297431469,0.01041666666666663,6.354166666666667,0,2,96
2309,217648,57.24166612327099,0.03125,8.489583333333334,0,1,96
2310,217696,54.17166661377996,0.0625,8.114583333333334,0,4,96
2311,217728,53.37666607648134,0.09375,7.458333333333333,0,4,96
2312,217784,62.026666298508644,0.03125,7.395833333333333,0,1,96
2313,218168,65.42833331227303,0.0,7.447916666666667,0,0,96
2314,218208,49.5749998902902,0.09375,8.59375,0,3,96
2315,218336,47.73500052001327,0.125,8.03125,0,5,96
2316,218344,49.14000000059605,0.0625,9.625,0,2,96
2317,218416,63.24333259090781,0.03125,6.791666666666667,0,2,96
2318,218464,43.343333206139505,0.14583333333333337,8.666666666666666,0,4,96
2319,218496,65.3316661119461,0.0,6.989583333333333,0,3,96
2320,218552,57.431666932068765,0.07291666666666663,7.052083333333333,0,3,96
2321,218936,57.59000037610531,0.07291666666666663,7.4375,0,0,96
2322,218976,38.96333326213062,0.20833333333333337,8.041666666666666,0,5,96
2323,219104,55.35666640102863,0.09375,7.395833333333333,0,1,96
2324,219112,50.94500028248876,0.08333333333333337,8.53125,0,3,96
2325,219184,62.91333334054798,0.01041666666666663,7.416666666666667,0,2,96
2326,219232,68.19999967515469,0.01041666666666663,6.25,0,1,96
2327,219264,56.97500011976808,0.07291666666666663,7.21875,0,3,96
2328,219320,63.204999938607216,0.0,7.71875,0,1,96
2329,219704,62.658332914114,0.03125,7.322916666666667,0,0,96
2330,219744,40.889999902807176,0.20833333333333337,7.75,0,3,96
2331,219872,42.93166649993509,0.16666666666666663,8.177083333333334,0,4,96
2332,219880,49.85499998088926,0.11458333333333337,7.71875,0,4,96
2333,219952,59.69833369553089,0.04166666666666663,6.947916666666667,0,6,96
2334,220000,53.23000008612871,0.08333333333333337,7.9375,0,3,96
2335,220032,58.818333461880684,0.07291666666666663,7.072916666666667,0,1,96
2336,220088,54.72999998088926,0.09375,7.4375,0,2,96
2337,220472,60.24500088393688,0.03125,7.78125,0,1,96
2338,220512,69.78999990224838,0.01041666666666663,6.1875,0,0,96
2339,220640,61.306666657328606,0.03125,7.520833333333333,0,1,96
2340,220648,56.98333375900984,0.07291666666666663,7.166666666666667,0,3,96
2341,220720,47.07166677713394,0.16666666666666663,6.864583333333333,0,6,96
2342,220768,57.16833373904228,0.07291666666666663,6.947916666666667,0,3,96
2343,220800,64.46000099182129,0.02083333333333337,7.0625,0,1,96
2344,220856,57.12999994214624,0.07291666666666663,7.4375,0,2,96
2345,221240,53.653333402238786,0.05208333333333337,8.229166666666666,0,5,96
2346,221280,61.22833342850208,0.0,8.197916666666666,0,1,96
2347,221408,48.941666973754764,0.10416666666666663,7.927083333333333,0,6,96
2348,221416,36.284999824129045,0.20833333333333337,8.90625,0,4,96
2349,221488,55.506666279397905,0.09375,7.333333333333333,0,2,96
2350,221536,45.924999952316284,0.125,9.03125,0,1,96
2351,221568,55.248332649469376,0.09375,7.197916666666667,0,3,96
2352,221624,49.919999450445175,0.07291666666666663,9.0625,0,2,96
2353,222008,60.55999939888716,0.04166666666666663,7.25,0,3,96
2354,222048,62.32833431661129,0.02083333333333337,7.635416666666667,0,1,96
2355,222176,47.908333531580865,0.15625,7.135416666666667,0,4,96
2356,222184,62.17166596651077,0.04166666666666663,6.927083333333333,0,2,96
2357,222256,33.901666830293834,0.23958333333333337,8.927083333333334,0,3,96
2358,222304,62.31166687980294,0.04166666666666663,6.614583333333333,0,4,96
2359,222336,44.62666679918766,0.17708333333333337,7.708333333333333,0,2,96
2360,222392,65.20666682720184,0.02083333333333337,6.895833333333333,0,0,96
2361,222776,34.60666620545089,0.26041666666666663,8.270833333333334,0,3,96
2362,222816,62.05499966442585,0.03125,7.40625,0,1,96
2363,222944,66.13666673004627,0.03125,6.333333333333333,0,1,96
2364,222952,53.968333408236504,0.07291666666666663,8.322916666666666,0,1,96
2365,223024,38.301666787825525,0.20833333333333337,8.739583333333334,0,2,96
2366,223072,50.31666666921228,0.08333333333333337,8.583333333333334,0,4,96
2367,223104,56.4616671949625,0.07291666666666663,7.614583333333333,0,1,96
2368,223160,61.63166679441929,0.01041666666666663,7.552083333333333,0,3,96
2369,223544,44.328333414159715,0.16666666666666663,8.197916666666666,0,2,96
2370,223584,51.36166672408581,0.125,7.302083333333333,0,3,96
2371,223712,65.0683334171772,0.02083333333333337,6.322916666666667,0,5,96
2372,223720,49.89000043924898,0.125,7.8125,0,3,96
2373,223792,60.37333284970373,0.01041666666666663,8.291666666666666,0,1,96
2374,223840,30.42333339806646,0.22916666666666663,9.916666666666666,0,3,96
2375,223872,55.48333362489939,0.08333333333333337,6.854166666666667,0,5,96
2376,223928,45.331666014157236,0.13541666666666663,8.614583333333334,0,3,96
2377,224312,29.15833364147693,0.22916666666666663,9.697916666666666,0,6,96
2378,224352,65.22166649997234,0.05208333333333337,5.989583333333333,0,2,96
2379,224480,66.79666738957167,0.01041666666666663,6.020833333333333,0,6,96
2380,224488,62.73999993503094,0.02083333333333337,6.9375,0,3,96
2381,224560,64.65166608989239,0.01041666666666663,7.302083333333333,0,1,96
2382,224608,43.933332464657724,0.16666666666666663,8.104166666666666,0,3,96
2383,224640,56.38333339989185,0.05208333333333337,8.229166666666666,0,1,96
2384,224696,52.796666495501995,0.125,6.958333333333333,0,4,96
2385,225080,47.966666302643716,0.13541666666666663,7.958333333333333,0,3,96
2386,225120,58.18999995291233,0.05208333333333337,8.0,0,0,96
2387,225248,61.07000011205673,0.02083333333333337,7.9375,0,0,96
2388,225256,59.53833283483982,0.04166666666666663,7.697916666666667,0,1,96
2389,225328,58.534999907016754,0.05208333333333337,7.90625,0,0,96
2390,225376,59.20500023663044,0.0625,7.21875,0,1,96
2391,225408,62.115000400692225,0.04166666666666663,6.78125,0,3,96
2392,225464,62.05333434045315,0.04166666666666663,6.979166666666667,0,1,96
2393,225848,63.269999563694,0.04166666666666663,6.5625,0,2,96
2394,225888,43.820000178180635,0.13541666666666663,8.9375,0,3,96
2395,226016,43.38166681583971,0.17708333333333337,8.177083333333334,0,2,96
2396,226024,60.910000294446945,0.0625,6.8125,0,1,96
2397,226096,57.5183336623013,0.08333333333333337,6.885416666666667,0,2,96
2398,226144,61.21000035852194,0.01041666666666663,7.8125,0,3,96
2399,226176,52.913333401083946,0.0625,8.729166666666666,0,1,96
2400,226232,59.983334094285965,0.03125,7.854166666666667,0,1,96
2401,226616,64.74166677892208,0.04166666666666663,6.239583333333333,0,2,96
2402,226656,71.48833382129669,0.0,5.885416666666667,0,0,96
2403,226784,55.783333010040224,0.0625,7.979166666666667,0,2,96
2404,226792,50.25833400245756,0.09375,8.572916666666666,0,2,96
2405,226864,46.35999997612089,0.125,8.6875,0,2,96
2406,226912,37.70833358820528,0.20833333333333337,8.572916666666666,0,3,96
2407,226944,63.33666601032019,0.02083333333333337,7.020833333333333,0,3,96
2408,227000,49.3249996220693,0.09375,8.59375,0,3,96
2409,227384,62.48666702583432,0.04166666666666663,6.833333333333333,0,2,96
2410,227424,50.04999975860119,0.125,8.0,0,1,96
2411,227552,52.24833357334137,0.09375,7.947916666666667,0,2,96
2412,227560,63.06666696071625,0.02083333333333337,7.583333333333333,0,0,96
2413,227632,53.33333396911621,0.0625,8.916666666666666,0,0,96
2414,227680,58.34166720509529,0.08333333333333337,7.114583333333333,0,0,96
2415,227712,42.011666752398014,0.16666666666666663,8.364583333333334,0,4,96
2416,227768,34.24499951209873,0.26041666666666663,8.40625,0,3,96
2417,228152,62.43333287537098,0.03125,7.041666666666667,0,2,96
2418,228192,56.99833324551582,0.09375,6.635416666666667,0,4,96
2419,228320,51.30666679888964,0.11458333333333337,7.458333333333333,0,4,96
2420,228328,57.70000021532178,0.05208333333333337,7.5,0,4,96
2421,228400,55.371666733175516,0.07291666666666663,7.864583333333333,0,2,96
2422,228448,48.69000045955181,0.125,8.4375,0,1,96
2423,228480,56.50833333283663,0.0625,7.197916666666667,0,6,96
2424,228536,62.714999467134476,0.02083333333333337,6.96875,0,3,96
2425,228920,69.20166718959808,0.01041666666666663,6.177083333333333,0,0,96
2426,228960,65.21333368122578,0.0,7.229166666666667,0,1,96
2427,229088,61.47499991953373,0.04166666666666663,6.96875,0,3,96
2428,229096,54.543333906680346,0.125,6.666666666666667,0,2,96
2429,229168,61.6616667881608,0.02083333333333337,7.552083333333333,0,2,96
2430,229216,35.55833291169256,0.21875,8.885416666666666,0,3,96
2431,229248,52.22000019904226,0.10416666666666663,7.3125,0,5,96
2432,229304,25.68499959819019,0.33333333333333337,8.65625,0,3,96
2433,229688,57.89999946579337,0.08333333333333337,6.875,0,2,96
2434,229728,54.97666614409536,0.08333333333333337,7.645833333333333,0,2,96
2435,229856,55.22166723757982,0.11458333333333337,6.489583333333333,0,4,96
2436,229864,60.94333337247372,0.07291666666666663,6.541666666666667,0,1,96
2437,229936,33.96166648436338,0.19791666666666663,9.552083333333334,0,6,96
2438,229984,46.00833334028721,0.125,8.635416666666666,0,3,96
2439,230016,53.870000436902046,0.07291666666666663,8.5,0,0,96
2440,230072,65.53333367407322,0.04166666666666663,5.729166666666667,0,4,96
2441,230456,61.751666612923145,0.02083333333333337,6.864583333333333,0,5,96
2442,230496,67.88500048965216,0.01041666666666663,6.15625,0,3,96
2443,230624,55.39833328779787,0.10416666666666663,6.822916666666667,0,3,96
2444,230632,54.90333373006433,0.11458333333333337,6.604166666666667,0,4,96
2445,230704,62.24833281338215,0.03125,7.135416666666667,0,2,96
2446,230752,60.24666718393564,0.04166666666666663,7.208333333333333,0,3,96
2447,230784,61.889999225735664,0.04166666666666663,7.25,0,1,96
2448,230840,59.963333800435066,0.05208333333333337,7.229166666666667,0,1,96
2449,231224,43.723333737812936,0.11458333333333337,9.479166666666666,0,3,96
2450,231264,46.596667311154306,0.14583333333333337,8.020833333333334,0,3,96
2451,231392,67.8283335827291,0.02083333333333337,5.885416666666667,0,3,96
2452,231400,61.23999960720539,0.02083333333333337,7.25,0,4,96
2453,231472,38.20333349518478,0.1875,8.916666666666666,0,4,96
2454,231520,54.87666694819927,0.05208333333333337,8.458333333333334,0,1,96
2455,231552,46.315000168047845,0.15625,7.65625,0,4,96
2456,231608,44.624999961815774,0.14583333333333337,8.28125,0,4,96
2457,231992,64.80666629970074,0.01041666666666663,7.145833333333333,0,1,96
2458,232032,48.46333367284387,0.10416666666666663,8.854166666666666,0,2,96
2459,232160,61.95499945431948,0.02083333333333337,7.34375,0,3,96
2460,232168,58.333333536982536,0.05208333333333337,7.354166666666667,0,4,96
2461,232240,53.04666689410806,0.10416666666666663,7.520833333333333,0,3,96
2462,232288,55.383333161473274,0.07291666666666663,7.916666666666667,0,1,96
2463,232320,52.753333535045385,0.09375,7.479166666666667,0,4,96
2464,232376,57.071666691452265,0.04166666666666663,7.927083333333333,0,3,96
2465,232760,61.07666730880737,0.04166666666666663,7.520833333333333,0,0,96
2466,232800,50.72666654642671,0.08333333333333337,8.645833333333334,0,2,96
2467,232928,64.770000256598,0.02083333333333337,6.5625,0,4,96
2468,232936,49.008333433419466,0.14583333333333337,7.322916666666667,0,3,96
2469,233008,58.86833353340626,0.0625,7.010416666666667,0,3,96
2470,233056,57.76333331223577,0.0625,7.541666666666667,0,2,96
2471,233088,57.12500013411045,0.10416666666666663,6.65625,0,2,96
2472,233144,56.33333358168602,0.08333333333333337,7.291666666666667,0,2,96
2473,233528,61.9183339625597,0.01041666666666663,7.885416666666667,0,2,96
2474,233568,61.13166683912277,0.07291666666666663,6.614583333333333,0,0,96
2475,233696,57.095000377856195,0.05208333333333337,7.46875,0,4,96
2476,233704,47.97500039637089,0.11458333333333337,8.40625,0,3,96
2477,233776,36.44833323266357,0.22916666666666663,8.260416666666666,0,5,96
2478,233824,58.320000380277634,0.03125,7.9375,0,2,96
2479,233856,55.81666698586196,0.09375,6.958333333333333,0,3,96
2480,233912,51.39666715916246,0.125,7.520833333333333,0,2,96
2481,234296,62.960000321269035,0.03125,7.0625,0,1,96
2482,234336,57.26166704297066,0.07291666666666663,7.302083333333333,0,1,96
2483,234464,56.92499998211861,0.08333333333333337,7.40625,0,0,96
2484,234472,43.90166712459177,0.16666666666666663,8.052083333333334,0,3,96
2485,234544,64.93333373963833,0.04166666666666663,6.354166666666667,0,1,96
2486,234592,53.38666624482721,0.08333333333333337,8.145833333333334,0,2,96
2487,234624,41.688333383761346,0.16666666666666663,8.322916666666666,0,5,96
2488,234680,44.73333294503391,0.15625,7.979166666666667,0,4,96
2489,235064,64.78833305835724,0.0,7.385416666666667,0,0,96
2490,235104,44.80666659492999,0.08333333333333337,9.708333333333334,0,4,96
2491,235232,66.55833329260349,0.01041666666666663,6.260416666666667,0,3,96
2492,235240,56.94499999284744,0.0625,7.34375,0,2,96
2493,235312,56.7533330982551,0.05208333333333337,7.979166666666667,0,2,96
2494,235360,65.2016669139266,0.02083333333333337,6.302083333333333,0,4,96
2495,235392,27.293333625420928,0.27083333333333337,9.166666666666666,0,7,96
2496,235448,62.848333705216646,0.0625,6.260416666666667,0,2,96
2497,235832,60.33833359181881,0.0625,7.010416666666667,0,1,96
2498,235872,50.54666671529412,0.125,7.395833333333333,0,4,96
2499,236000,57.48000024911016,0.07291666666666663,6.625,0,6,96
2500,236008,60.35166697204113,0.05208333333333337,7.114583333333333,0,2,96
2501,236080,54.36666648089886,0.0625,8.395833333333334,0,1,96
2502,236128,52.00333298742771,0.10416666666666663,8.104166666666666,0,1,96
2503,236160,35.82166618760675,0.22916666666666663,8.677083333333334,0,3,96
2504,236216,55.04499959945679,0.07291666666666663,8.03125,0,1,96
2505,236600,36.43833301123232,0.20833333333333337,8.822916666666666,0,4,96
2506,236640,45.60333355050534,0.07291666666666663,9.229166666666666,0,7,96
2507,236768,54.57000037562102,0.04166666666666663,8.4375,0,4,96
2508,236776,44.978333986364305,0.15625,8.135416666666666,0,4,96
2509,236848,32.35166636761278,0.25,9.052083333333334,0,3,96
2510,236896,35.60499969124794,0.19791666666666663,9.40625,0,3,96
2511,236928,50.70499932765961,0.10416666666666663,8.09375,0,3,96
2512,236984,60.16500002890825,0.04166666666666663,7.46875,0,2,96
2513,237368,50.79833387210965,0.125,7.572916666666667,0,2,96
2514,237408,68.443333491683,0.02083333333333337,6.041666666666667,0,1,96
2515,237536,63.896666660904884,0.04166666666666663,6.583333333333333,0,1,96
2516,237544,61.855000138282776,0.04166666666666663,6.78125,0,4,96
2517,237616,59.23333282768726,0.03125,8.041666666666666,0,1,96
2518,237664,26.28666682075709,0.29166666666666663,8.958333333333334,0,6,96
2519,237696,48.469999976456165,0.11458333333333337,8.0625,0,4,96
2520,237752,64.0316669344902,0.02083333333333337,7.427083333333333,0,0,96
2521,238136,62.30500018596649,0.02083333333333337,7.78125,0,0,96
2522,238176,31.799999682232738,0.25,8.9375,0,4,96
2523,238304,45.85166692733765,0.11458333333333337,9.114583333333334,0,1,96
2524,238312,35.13500007148832,0.21875,9.03125,0,3,96
2525,238384,67.64999960362911,0.02083333333333337,6.3125,0,0,96
2526,238432,65.51499968767166,0.02083333333333337,6.71875,0,0,96
2527,238464,50.24333263095468,0.13541666666666663,7.604166666666667,0,2,96
2528,238520,53.9533339291811,0.09375,7.416666666666667,0,3,96
2529,238904,31.553333095274866,0.26041666666666663,8.729166666666666,0,5,96
2530,238944,63.1616667881608,0.03125,6.427083333333333,0,4,96
2531,239072,23.70999977644533,0.34375,8.8125,0,4,96
2532,239080,69.83666676282883,0.01041666666666663,6.145833333333333,0,0,96
2533,239152,37.22166675981134,0.15625,9.927083333333334,0,3,96
2534,239200,42.65500012040138,0.17708333333333337,8.40625,0,2,96
2535,239232,54.84833341091871,0.09375,7.260416666666667,0,3,96
2536,239288,64.5399991646409,0.03125,6.625,0,2,96
2537,239672,66.91166608035564,0.02083333333333337,6.427083333333333,0,1,96
2538,239712,44.94833318050951,0.15625,8.072916666666666,0,3,96
2539,239840,43.43166658561677,0.15625,8.239583333333334,0,6,96
2540,239848,58.97666530683637,0.0625,7.333333333333333,0,2,96
2541,239920,51.383333317004144,0.11458333333333337,7.229166666666667,0,6,96
2542,239968,61.336666494607925,0.03125,7.270833333333333,0,3,96
2543,240000,35.931666870601475,0.1875,9.177083333333334,0,5,96
2544,240056,50.39000051468611,0.0625,8.9375,0,4,96
2545,240440,63.214999951422215,0.01041666666666663,7.34375,0,3,96
2546,240480,65.2549998164177,0.02083333333333337,6.09375,0,6,96
2547,240608,52.61500046402216,0.09375,7.90625,0,2,96
2548,240616,18.818333555944264,0.34375,9.760416666666666,0,6,96
2549,240688,47.0050000725314,0.17708333333333337,6.71875,0,5,96
2550,240736,53.920000195503235,0.09375,7.5625,0,2,96
2551,240768,51.37666680291295,0.14583333333333337,6.895833333333333,0,3,96
2552,240824,38.94166623055935,0.20833333333333337,8.614583333333334,0,1,96
2553,241208,63.34666699171066,0.02083333333333337,7.395833333333333,0,0,96
2554,241248,61.2650004029274,0.08333333333333337,6.03125,0,3,96
2555,241376,45.44333322159946,0.11458333333333337,8.729166666666666,0,5,96
2556,241384,58.300000846385956,0.04166666666666663,8.125,0,0,96
2557,241456,67.70333296060562,0.01041666666666663,6.229166666666667,0,3,96
2558,241504,54.573333367705345,0.10416666666666663,6.979166666666667,0,4,96
2559,241536,51.445000431500375,0.10416666666666663,7.59375,0,4,96
2560,241592,47.07333331461996,0.16666666666666663,7.104166666666667,0,4,96
2561,241976,58.9649997651577,0.0625,6.90625,0,3,96
2562,242016,55.171667009592056,0.0625,8.552083333333334,0,0,96
2563,242144,44.66333263274282,0.15625,8.354166666666666,0,2,96
2564,242152,54.20500030275434,0.09375,7.21875,0,3,96
2565,242224,40.70833337493241,0.13541666666666663,9.385416666666666,0,5,96
2566,242272,60.79166769981384,0.03125,7.927083333333333,0,0,96
2567,242304,64.5466672256589,0.03125,6.333333333333333,0,4,96
2568,242360,63.17500011995435,0.04166666666666663,6.65625,0,2,96
2569,242744,64.77500039339066,0.04166666666666663,6.34375,0,1,96
2570,242784,40.03999949153513,0.17708333333333337,8.875,0,3,96
2571,242912,39.09499979671091,0.19791666666666663,8.65625,0,2,96
2572,242920,48.01666735764593,0.125,8.208333333333334,0,2,96
2573,242992,55.60499972105026,0.03125,8.78125,0,1,96
2574,243040,56.65833306312561,0.07291666666666663,7.072916666666667,0,4,96
2575,243072,62.206667482852936,0.02083333333333337,7.770833333333333,0,0,96
2576,243128,56.13833358883858,0.09375,7.135416666666667,0,1,96
2577,243512,52.75833389908075,0.13541666666666663,6.572916666666667,0,4,96
2578,243552,53.70166626572609,0.05208333333333337,8.427083333333334,0,3,96
2579,243680,63.063333220779896,0.01041666666666663,7.479166666666667,0,2,96
2580,243688,47.68333395477384,0.11458333333333337,8.104166666666666,0,5,96
2581,243760,58.26666689570993,0.04166666666666663,7.520833333333333,0,4,96
2582,243808,54.771666831336915,0.0625,7.739583333333333,0,4,96
2583,243840,70.51166662573814,0.0,6.114583333333333,0,0,96
2584,243896,34.733333602547646,0.23958333333333337,8.916666666666666,0,2,96
2585,244280,67.56333212554455,0.01041666666666663,6.729166666666667,0,0,96
2586,244320,65.43500044196844,0.01041666666666663,6.84375,0,2,96
2587,244448,60.34500032663345,0.07291666666666663,6.78125,0,0,96
2588,244456,38.00000010058284,0.13541666666666663,10.0,0,5,96
2589,244528,49.59833278786391,0.11458333333333337,8.072916666666666,0,3,96
2590,244576,62.32666549086571,0.05208333333333337,7.020833333333333,0,0,96
2591,244608,44.741666353307664,0.16666666666666663,8.052083333333334,0,2,96
2592,244664,51.663333505392075,0.14583333333333337,6.916666666666667,0,2,96
2593,245048,47.431666946969926,0.1875,6.739583333333333,0,3,96
2594,245088,59.38833313062787,0.05208333333333337,7.447916666666667,0,2,96
2595,245216,66.05833362415433,0.03125,6.260416666666667,0,2,96
2596,245224,44.405000052414834,0.15625,8.21875,0,3,96
2597,245296,61.708333909511566,0.07291666666666663,6.322916666666667,0,2,96
2598,245344,48.71666717529297,0.11458333333333337,7.958333333333333,0,6,96
2599,245376,50.25333402212709,0.125,7.729166666666667,0,2,96
2600,245432,51.76666708290577,0.13541666666666663,7.083333333333333,0,2,96
2601,245816,50.86000033374876,0.08333333333333337,8.5625,0,2,96
2602,245856,60.40499995648861,0.0625,6.71875,0,3,96
2603,245984,29.936666985042393,0.25,9.145833333333334,0,6,96
2604,245992,47.39999937172979,0.11458333333333337,8.5,0,3,96
2605,246064,67.85499985516071,0.01041666666666663,6.28125,0,2,96
2606,246112,61.19333328306675,0.0625,6.479166666666667,0,3,96
2607,246144,57.47500040009618,0.04166666666666663,8.15625,0,2,96
2608,246200,62.59166698530316,0.05208333333333337,6.427083333333333,0,3,96
2609,246584,51.660000077448785,0.09375,8.0625,0,3,96
2610,246624,45.35166660603136,0.14583333333333337,8.427083333333334,0,2,96
2611,246752,49.031666435301304,0.14583333333333337,7.114583333333333,0,5,96
2612,246760,55.860000542365015,0.08333333333333337,7.4375,0,2,96
2613,246832,59.85500010009855,0.07291666666666663,6.78125,0,1,96
2614,246880,55.26000036299229,0.09375,7.3125,0,1,96
2615,246912,58.254999697208405,0.04166666666666663,8.15625,0,1,96
2616,246968,45.223333744332194,0.16666666666666663,7.791666666666667,0,3,96
2617,247352,52.51499943435192,0.125,7.46875,0,1,96
2618,247392,53.66333337780088,0.11458333333333337,7.041666666666667,0,3,96
2619,247520,55.36833390593529,0.0625,8.322916666666666,0,0,96
2620,247528,61.51500026881695,0.03125,7.59375,0,0,96
2621,247600,53.58666652441025,0.11458333333333337,7.583333333333333,0,0,96
2622,247648,66.11999942362309,0.01041666666666663,6.625,0,2,96
2623,247680,42.031666902825236,0.125,9.427083333333334,0,4,96
2624,247736,52.92500048875809,0.07291666666666663,8.65625,0,1,96
2625,248120,18.376666731201112,0.38541666666666663,9.083333333333334,0,3,96
2626,248160,62.48333401232958,0.01041666666666663,7.666666666666667,0,2,96
2627,248288,35.76499987207353,0.22916666666666663,8.53125,0,4,96
2628,248296,63.120000556111336,0.05208333333333337,6.25,0,3,96
2629,248368,48.32333331461996,0.13541666666666663,7.229166666666667,0,7,96
2630,248416,62.458333283662796,0.07291666666666663,6.260416666666667,0,1,96
2631,248448,65.75999864935875,0.03125,6.75,0,0,96
2632,248504,54.7800005748868,0.10416666666666663,7.0,0,4,96
2633,248888,53.529999539256096,0.125,7.0625,0,1,96
2634,248928,52.970000732690096,0.13541666666666663,6.3125,0,5,96
2635,249056,55.936667441390455,0.11458333333333337,6.333333333333333,0,4,96
2636,249064,64.41333330050111,0.04166666666666663,6.041666666666667,0,4,96
2637,249136,58.34833336248994,0.08333333333333337,6.635416666666667,0,4,96
2638,249184,49.75666728615761,0.15625,7.208333333333333,0,1,96
2639,249216,53.6416674554348,0.07291666666666663,8.302083333333334,0,1,96
2640,249272,53.81833280995488,0.10416666666666663,7.072916666666667,0,4,96
2641,249656,59.93166662752628,0.07291666666666663,6.614583333333333,0,2,96
2642,249696,59.28166699409485,0.10416666666666663,6.239583333333333,0,1,96
2643,249824,43.41500066034496,0.13541666666666663,8.90625,0,4,96
2644,249832,62.19333292916417,0.04166666666666663,6.979166666666667,0,2,96
2645,249904,57.589999943971634,0.09375,6.5,0,3,96
2646,249952,55.77999949455261,0.07291666666666663,7.5,0,3,96
2647,249984,61.589999720454216,0.04166666666666663,6.8125,0,3,96
2648,250040,46.785000181756914,0.13541666666666663,7.84375,0,5,96
2649,250424,60.468333318829536,0.04166666666666663,7.322916666666667,0,2,96
2650,250464,65.08499978482723,0.02083333333333337,6.78125,0,1,96
2651,250592,59.97666718065739,0.05208333333333337,7.395833333333333,0,1,96
2652,250600,58.97500056773424,0.11458333333333337,5.90625,0,2,96
2653,250672,62.44499942660332,0.03125,7.03125,0,2,96
2654,250720,41.04999923706055,0.23958333333333337,7.625,0,0,96
2655,250752,54.19666673243046,0.11458333333333337,6.958333333333333,0,3,96
2656,250808,30.651666907593608,0.22916666666666663,9.427083333333334,0,5,96
2657,251192,58.37833288311958,0.0625,7.760416666666667,0,0,96
2658,251232,61.99333357810974,0.01041666666666663,7.604166666666667,0,3,96
2659,251360,56.070000529289246,0.11458333333333337,6.6875,0,2,96
2660,251368,36.76833365019411,0.22916666666666663,8.385416666666666,0,4,96
2661,251440,36.768332473002374,0.23958333333333337,8.135416666666666,0,4,96
2662,251488,27.69166628830135,0.30208333333333337,8.864583333333334,0,3,96
2663,251520,45.03500065859407,0.14583333333333337,8.21875,0,4,96
2664,251576,55.13499955832958,0.10416666666666663,7.15625,0,2,96
2665,251960,58.113332614302635,0.07291666666666663,7.229166666666667,0,1,96
2666,252000,53.748332559131086,0.0625,8.197916666666666,0,3,96
2667,252128,57.818333350121975,0.09375,6.635416666666667,0,2,96
2668,252136,45.615000194869936,0.14583333333333337,8.03125,0,5,96
2669,252208,40.630000218749046,0.16666666666666663,9.1875,0,2,96
2670,252256,49.091666298918426,0.10416666666666663,7.989583333333333,0,6,96
2671,252288,54.029999420046806,0.09375,7.6875,0,2,96
2672,252344,54.046665764413774,0.07291666666666663,8.208333333333334,0,2,96
2673,252728,9.090000052936375,0.46875,9.0625,0,5,96
2674,252768,50.289999476633966,0.14583333333333337,7.3125,0,2,96
2675,252896,54.36166699230671,0.11458333333333337,6.927083333333333,0,3,96
2676,252904,51.12833376880735,0.10416666666666663,7.322916666666667,0,7,96
2677,252976,58.63666707649827,0.08333333333333337,6.208333333333333,0,5,96
2678,253024,62.47999942302704,0.05208333333333337,6.625,0,2,96
2679,253056,46.42500029504299,0.11458333333333337,8.90625,0,2,96
2680,253112,57.47833304107189,0.04166666666666663,8.135416666666666,0,1,96
2681,253496,50.99333273526281,0.07291666666666663,8.541666666666666,0,4,96
2682,253536,61.123334139585495,0.03125,7.729166666666667,0,0,96
2683,253664,57.92333395779133,0.04166666666666663,8.291666666666666,0,0,96
2684,253672,54.89166740234941,0.0625,8.302083333333334,0,1,96
2685,253744,26.3833327870816,0.3125,8.916666666666666,0,4,96
2686,253792,57.63999953866005,0.0625,7.875,0,0,96
2687,253824,51.590000233612955,0.11458333333333337,7.75,0,2,96
2688,253880,54.656666949391365,0.09375,7.458333333333333,0,1,96
2689,254264,50.81833274662495,0.10416666666666663,8.260416666666666,0,1,96
2690,254304,47.8100004857406,0.16666666666666663,7.5,0,2,96
2691,254432,59.05666621029377,0.0625,6.958333333333333,0,3,96
2692,254440,50.84166692569852,0.125,6.802083333333333,0,7,96
2693,254512,67.63833296298981,0.02083333333333337,6.197916666666667,0,1,96
2694,254560,62.12333282828331,0.02083333333333337,7.666666666666667,0,0,96
2695,254592,55.5133339650929,0.10416666666666663,6.729166666666667,0,4,96
2696,254648,45.78500023856759,0.14583333333333337,8.15625,0,3,96
2697,255032,62.416665859520435,0.03125,7.083333333333333,0,2,96
2698,255072,64.3866661041975,0.02083333333333337,7.020833333333333,0,1,96
2699,255200,60.41166612505913,0.08333333333333337,6.739583333333333,0,0,96
2700,255208,55.724999777041376,0.04166666666666663,8.40625,0,3,96
2701,255280,62.14833390712738,0.02083333333333337,7.760416666666667,0,0,96
2702,255328,16.481666763313115,0.40625,8.552083333333334,0,6,96
2703,255360,50.335000194609165,0.10416666666666663,7.71875,0,5,96
2704,255416,49.19166702032089,0.13541666666666663,8.114583333333334,0,0,96
2705,255800,41.886667443439364,0.14583333333333337,9.208333333333334,0,3,96
2706,255840,55.311667318455875,0.10416666666666663,7.052083333333333,0,3,96
2707,255968,53.003333187662065,0.07291666666666663,8.291666666666666,0,3,96
2708,255976,38.95999923162162,0.22916666666666663,7.9375,0,3,96
2709,256048,57.83333360776305,0.05208333333333337,7.416666666666667,0,4,96
2710,256096,65.53333254158497,0.02083333333333337,6.729166666666667,0,2,96
2711,256128,61.398333601653576,0.0625,6.135416666666667,0,4,96
2712,256184,66.6066666841507,0.03125,6.083333333333333,0,2,96
2713,256568,48.91333344578743,0.13541666666666663,7.729166666666667,0,3,96
2714,256608,58.065000385046005,0.09375,7.03125,0,0,96
2715,256736,45.54333361890167,0.13541666666666663,8.604166666666666,0,3,96
2716,256744,50.025000280700624,0.125,7.84375,0,2,96
2717,256816,55.54166708514094,0.09375,6.989583333333333,0,4,96
2718,256864,65.37166649103165,0.0,7.489583333333333,0,0,96
2719,256896,36.71166635211557,0.25,8.114583333333334,0,2,96
2720,256952,56.6916672475636,0.05208333333333337,8.114583333333334,0,2,96
2721,257336,49.538333795033395,0.16666666666666663,6.447916666666667,0,5,96
2722,257376,55.65166701376438,0.11458333333333337,6.177083333333333,0,6,96
2723,257504,41.03000005707145,0.15625,8.5625,0,8,96
2724,257512,44.52000021934509,0.17708333333333337,7.875,0,3,96
2725,257584,60.28999978303909,0.05208333333333337,7.125,0,2,96
2726,257632,46.066667209379375,0.125,8.333333333333334,0,5,96
2727,257664,63.56166681647301,0.03125,6.739583333333333,0,1,96
2728,257720,54.30000115931034,0.11458333333333337,7.0,0,2,96
2729,258104,59.80333283543587,0.02083333333333337,8.354166666666666,0,0,96
2730,258144,57.66833285149187,0.07291666666666663,7.260416666666667,0,2,96
2731,258272,53.970000609755516,0.07291666666666663,8.4375,0,1,96
2732,258280,66.91833285987377,0.01041666666666663,6.197916666666667,0,4,96
2733,258352,45.41500026639551,0.13541666666666663,8.59375,0,3,96
2734,258400,31.096665812656283,0.28125,8.333333333333334,0,5,96
2735,258432,63.20166667923331,0.01041666666666663,7.364583333333333,0,2,96
2736,258488,61.17000010609627,0.03125,7.75,0,0,96
2737,258872,64.66499947011471,0.03125,6.40625,0,3,96
2738,258912,70.49333418905735,0.02083333333333337,5.479166666666667,0,1,96
2739,259040,65.08666589856148,0.02083333333333337,6.520833333333333,0,2,96
2740,259048,69.2733325958252,0.0,6.541666666666667,0,0,96
2741,259120,71.12500008940697,0.0,5.96875,0,0,96
2742,259168,37.92666587140411,0.22916666666666663,8.020833333333334,0,4,96
2743,259200,57.0533337444067,0.10416666666666663,6.791666666666667,0,1,96
2744,259256,64.44333380460739,0.0625,6.104166666666667,0,0,96
2745,259640,60.068332612514496,0.0625,6.760416666666667,0,4,96
2746,259680,54.10166697576642,0.10416666666666663,7.302083333333333,0,2,96
2747,259808,56.479999259114265,0.05208333333333337,7.25,0,6,96
2748,259816,58.53333308454603,0.0625,7.416666666666667,0,1,96
2749,259888,58.753334283828735,0.04166666666666663,8.104166666666666,0,0,96
2750,259936,58.73499967157841,0.0625,7.40625,0,1,96
2751,259968,67.81333374977112,0.01041666666666663,6.541666666666667,0,0,96
2752,260024,67.60500022768974,0.03125,5.90625,0,1,96
2753,260408,53.29333335813135,0.09375,7.791666666666667,0,2,96
2754,260448,54.561667159199715,0.0625,8.427083333333334,0,1,96
2755,260576,45.969999734312296,0.15625,7.25,0,8,96
2756,260584,57.749999575316906,0.04166666666666663,7.875,0,3,96
2757,260656,53.443333089351654,0.09375,7.979166666666667,0,1,96
2758,260704,53.4099993146956,0.09375,7.5,0,4,96
2759,260736,17.823332963511348,0.375,9.354166666666666,0,4,96
2760,260792,43.36333297006786,0.14583333333333337,8.729166666666666,0,4,96
2761,261176,62.083332389593124,0.03125,7.541666666666667,0,0,96
2762,261216,55.768333196640015,0.11458333333333337,6.635416666666667,0,2,96
2763,261344,64.5366670936346,0.07291666666666663,5.895833333333333,0,0,96
2764,261352,68.43000030517578,0.01041666666666663,5.875,0,3,96
2765,261424,47.31499997433275,0.125,8.46875,0,3,96
2766,261472,43.83833315130323,0.15625,8.510416666666666,0,4,96
2767,261504,47.388333577662706,0.10416666666666663,8.760416666666666,0,3,96
2768,261560,60.201667092740536,0.05208333333333337,7.177083333333333,0,2,96
2769,261944,53.371666453778744,0.11458333333333337,6.989583333333333,0,3,96
2770,261984,63.51000073552132,0.02083333333333337,7.375,0,0,96
2771,262112,56.42833361681551,0.03125,8.635416666666666,0,2,96
2772,262120,49.46333272662014,0.11458333333333337,7.979166666666667,0,4,96
2773,262192,57.450000151991844,0.08333333333333337,7.125,0,1,96
2774,262240,34.61666668858379,0.22916666666666663,8.520833333333334,0,5,96
2775,262272,54.76000015344471,0.08333333333333337,7.5,0,3,96
2776,262328,58.50000009685755,0.08333333333333337,6.5,0,4,96
2777,262712,65.62166726589203,0.05208333333333337,5.989583333333333,0,1,96
2778,262752,63.45000024139881,0.05208333333333337,6.0625,0,3,96
2779,262880,62.71166720986366,0.01041666666666663,7.552083333333333,0,2,96
2780,262888,43.433333449065685,0.1875,7.291666666666667,0,6,96
2781,262960,38.5300004100427,0.22916666666666663,8.125,0,2,96
2782,263008,36.918333534151316,0.22916666666666663,8.322916666666666,0,3,96
2783,263040,54.170000061392784,0.13541666666666663,6.5,0,2,96
2784,263096,55.82833360135555,0.09375,7.010416666666667,0,4,96
2785,263480,55.561666533350945,0.10416666666666663,6.802083333333333,0,3,96
2786,263520,66.27999891340733,0.01041666666666663,6.875,0,1,96
2787,263648,67.28833398222923,0.03125,5.885416666666667,0,2,96
2788,263656,37.35166686587036,0.19791666666666663,8.989583333333334,0,3,96
2789,263728,30.914999870583415,0.26041666666666663,8.96875,0,4,96
2790,263776,46.344999581575394,0.17708333333333337,7.09375,0,4,96
2791,263808,57.823333501815796,0.08333333333333337,6.729166666666667,0,4,96
2792,263864,44.15666700899601,0.15625,8.270833333333334,0,4,96
2793,264248,39.37666696216911,0.17708333333333337,8.833333333333334,0,4,96
2794,264288,65.40500065684319,0.03125,6.15625,0,3,96
2795,264416,65.31666707992554,0.01041666666666663,7.333333333333333,0,0,96
2796,264424,64.45333380252123,0.0625,5.854166666666667,0,2,96
2797,264496,59.30333325266838,0.07291666666666663,6.791666666666667,0,2,96
2798,264544,41.20833349507302,0.1875,8.072916666666666,0,5,96
2799,264576,49.95666635688394,0.125,7.958333333333333,0,2,96
2800,264632,32.340000367723405,0.23958333333333337,9.0625,0,5,96
2801,265016,62.33166638761759,0.02083333333333337,7.239583333333333,0,2,96
2802,265056,62.905000284314156,0.02083333333333337,7.09375,0,3,96
2803,265184,44.96166647132486,0.17708333333333337,7.677083333333333,0,3,96
2804,265192,57.56833329796791,0.08333333333333337,7.135416666666667,0,1,96
2805,265264,58.893333464860916,0.02083333333333337,7.916666666666667,0,3,96
2806,265312,57.16999979969114,0.09375,7.0625,0,1,96
2807,265344,56.03333370387554,0.05208333333333337,8.291666666666666,0,2,96
2808,265400,51.44333343207836,0.11458333333333337,7.666666666666667,0,2,96
2809,265784,58.04833394289017,0.10416666666666663,6.510416666666667,0,1,96
2810,265824,66.29499891400337,0.01041666666666663,6.65625,0,3,96
2811,265952,48.776666722260416,0.13541666666666663,7.583333333333333,0,4,96
2812,265960,45.366665995679796,0.14583333333333337,8.583333333333334,0,2,96
2813,266032,37.05833288189024,0.26041666666666663,7.885416666666667,0,2,96
2814,266080,61.65500025451183,0.02083333333333337,7.46875,0,2,96
2815,266112,63.290000796318054,0.04166666666666663,6.6875,0,2,96
2816,266168,38.00000008940697,0.20833333333333337,8.6875,0,2,96
2817,266552,62.27499993145466,0.07291666666666663,6.28125,0,1,96
2818,266592,50.03000020515174,0.125,7.375,0,5,96
2819,266720,54.18166591133922,0.0625,8.052083333333334,0,4,96
2820,266728,50.245000425726175,0.14583333333333337,6.96875,0,4,96
2821,266800,65.26666706800461,0.0625,5.958333333333333,0,0,96
2822,266848,65.08833236992359,0.01041666666666663,7.135416666666667,0,1,96
2823,266880,61.50999976694584,0.02083333333333337,7.6875,0,1,96
2824,266936,65.82000048458576,0.04166666666666663,6.1875,0,1,96
2825,267320,60.5399998575449,0.0625,6.625,0,4,96
2826,267360,21.043333034031093,0.34375,9.104166666666666,0,5,96
2827,267488,54.9983334839344,0.09375,7.260416666666667,0,2,96
2828,267496,35.12333370745182,0.22916666666666663,9.041666666666666,0,2,96
2829,267568,61.776667065918446,0.05208333333333337,6.458333333333333,0,4,96
2830,267616,72.11000049114227,0.0,5.875,0,0,96
2831,267648,58.52333381772041,0.09375,6.854166666666667,0,0,96
2832,267704,37.47166658099741,0.21875,7.802083333333333,0,6,96
2833,268088,54.33833362162113,0.11458333333333337,7.072916666666667,0,1,96
2834,268128,52.373333275318146,0.11458333333333337,7.604166666666667,0,2,96
2835,268256,61.99000022187829,0.07291666666666663,6.1875,0,2,96
2836,268264,69.80999973416328,0.01041666666666663,6.125,0,0,96
2837,268336,60.806667014956474,0.07291666666666663,6.708333333333333,0,1,96
2838,268384,42.03833319153637,0.1875,8.072916666666666,0,3,96
2839,268416,58.86666676402092,0.05208333333333337,7.270833333333333,0,3,96
2840,268472,64.071667060256,0.04166666666666663,6.614583333333333,0,1,96
2841,268856,18.366666755639017,0.33333333333333337,10.520833333333334,0,3,96
2842,268896,56.08333351369947,0.10416666666666663,6.791666666666667,0,2,96
2843,269024,61.663333892822266,0.07291666666666663,6.166666666666667,0,2,96
2844,269032,52.3783321864903,0.125,7.385416666666667,0,2,96
2845,269104,61.291666865348816,0.03125,7.677083333333333,0,0,96
2846,269152,57.95333278179169,0.05208333333333337,7.916666666666667,0,0,96
2847,269184,53.12500049825758,0.10416666666666663,7.34375,0,4,96
2848,269240,56.96999970078468,0.09375,6.75,0,3,96
2849,269624,63.5466667637229,0.05208333333333337,6.270833333333333,0,2,96
2850,269664,58.12166690826416,0.09375,6.614583333333333,0,2,96
2851,269792,55.900000508874655,0.10416666666666663,6.5,0,5,96
2852,269800,65.29666692763567,0.04166666666666663,6.145833333333333,0,2,96
2853,269872,38.34500016923994,0.21875,8.46875,0,2,96
2854,269920,64.97833274304867,0.01041666666666663,7.135416666666667,0,1,96
2855,269952,44.65500073041767,0.1875,6.84375,0,7,96
2856,270008,61.951666463166475,0.05208333333333337,6.552083333333333,0,3,96
2857,270392,52.42333236988634,0.11458333333333337,7.604166666666667,0,2,96
2858,270432,61.366666957736015,0.05208333333333337,6.833333333333333,0,2,96
2859,270560,63.38166631758213,0.01041666666666663,7.489583333333333,0,1,96
2860,270568,57.38833331968635,0.0625,7.260416666666667,0,4,96
2861,270640,51.735000379383564,0.125,6.71875,0,6,96
2862,270688,65.71666714549065,0.03125,6.458333333333333,0,1,96
2863,270720,69.97666716575623,0.01041666666666663,5.708333333333333,0,2,96
2864,270776,38.88333345763385,0.17708333333333337,8.791666666666666,0,5,96
2865,271160,56.8616664595902,0.08333333333333337,6.614583333333333,0,6,96
2866,271200,48.038333653472364,0.11458333333333337,8.447916666666666,0,3,96
2867,271328,47.596666572615504,0.14583333333333337,7.833333333333333,0,3,96
2868,271336,50.67833316978067,0.125,7.572916666666667,0,3,96
2869,271408,46.94500062521547,0.125,8.53125,0,3,96
2870,271456,52.2566667413339,0.11458333333333337,7.583333333333333,0,2,96
2871,271488,51.2250000750646,0.10416666666666663,7.84375,0,2,96
2872,271544,56.275000668130815,0.0625,7.90625,0,2,96
2873,271928,56.80500067770481,0.04166666666666663,8.28125,0,1,96
2874,271968,55.67333326395601,0.07291666666666663,7.291666666666667,0,5,96
2875,272096,53.8166667772457,0.11458333333333337,7.083333333333333,0,3,96
2876,272104,46.143333584070206,0.14583333333333337,8.041666666666666,0,4,96
2877,272176,41.699999957345426,0.17708333333333337,8.4375,0,4,96
2878,272224,47.475000439211726,0.14583333333333337,7.71875,0,4,96
2879,272256,56.924999713897705,0.09375,6.96875,0,1,96
2880,272312,50.039999729953706,0.125,7.625,0,3,96
2881,272696,60.65166682749987,0.04166666666666663,7.177083333333333,0,3,96
2882,272736,60.82500021159649,0.03125,7.65625,0,1,96
2883,272864,56.43000019248575,0.07291666666666663,7.25,0,3,96
2884,272872,63.98666623234749,0.02083333333333337,7.333333333333333,0,0,96
2885,272944,48.04833310004324,0.09375,8.635416666666666,0,5,96
2886,272992,67.81000013649464,0.02083333333333337,6.0625,0,2,96
2887,273024,61.526666447520256,0.0625,6.520833333333333,0,2,96
2888,273080,52.29833409562707,0.09375,8.197916666666666,0,2,96
2889,273464,43.589999503456056,0.19791666666666663,7.6875,0,2,96
2890,273504,59.62166568636894,0.07291666666666663,6.927083333333333,0,2,96
2891,273632,60.10666644573212,0.0625,6.833333333333333,0,3,96
2892,273640,61.55500030517578,0.0625,6.46875,0,2,96
2893,273712,63.47333252429962,0.03125,7.166666666666667,0,0,96
2894,273760,41.19999987911433,0.1875,8.25,0,4,96
2895,273792,50.056666321121156,0.125,7.583333333333333,0,3,96
2896,273848,53.54333272576332,0.08333333333333337,8.104166666666666,0,1,96
2897,274232,46.72333310358226,0.125,8.354166666666666,0,4,96
2898,274272,46.651666603051126,0.14583333333333337,7.927083333333333,0,4,96
2899,274400,18.649999974295497,0.35416666666666663,9.375,0,6,96
2900,274408,64.33166658878326,0.05208333333333337,6.364583333333333,0,0,96
2901,274480,55.20333348121494,0.09375,6.791666666666667,0,6,96
2902,274528,56.77999971061945,0.0625,7.4375,0,4,96
2903,274560,71.83166731894016,0.01041666666666663,5.677083333333333,0,0,96
2904,274616,61.251666501164436,0.03125,7.489583333333333,0,1,96
2905,275000,65.48833376169205,0.04166666666666663,6.072916666666667,0,1,96
2906,275040,65.9083341062069,0.04166666666666663,5.947916666666667,0,3,96
2907,275168,43.059999864548445,0.1875,7.5,0,6,96
2908,275176,56.32166659832001,0.08333333333333337,7.239583333333333,0,2,96
2909,275248,61.25333283096552,0.03125,7.416666666666667,0,2,96
2910,275296,63.96833272278309,0.02083333333333337,6.885416666666667,0,3,96
2911,275328,54.32166701555252,0.125,6.739583333333333,0,2,96
2912,275384,40.39000014960766,0.1875,8.5625,0,2,96
2913,275768,41.74833398219198,0.17708333333333337,8.697916666666666,0,2,96
2914,275808,40.476665950380266,0.20833333333333337,8.333333333333334,0,2,96
2915,275936,58.473333440721035,0.08333333333333337,6.229166666666667,0,6,96
2916,275944,45.57000049110502,0.16666666666666663,8.0625,0,2,96
2917,276016,52.01499895751476,0.10416666666666663,7.96875,0,2,96
2918,276064,66.53166715800762,0.03125,5.677083333333333,0,5,96
2919,276096,65.648333709687,0.03125,6.385416666666667,0,1,96
2920,276152,56.9316666200757,0.08333333333333337,6.989583333333333,0,4,96
2921,276536,51.9699996476993,0.14583333333333337,6.9375,0,2,96
2922,276576,63.47999967634678,0.04166666666666663,6.8125,0,0,96
2923,276704,68.3300003260374,0.0,6.5625,0,1,96
2924,276712,52.1799999512732,0.10416666666666663,7.3125,0,5,96
2925,276784,57.704999819397926,0.0625,7.21875,0,3,96
2926,276832,68.98833353817463,0.01041666666666663,6.072916666666667,0,1,96
2927,276864,67.30999973416328,0.01041666666666663,6.625,0,0,96
2928,276920,61.95999927818775,0.05208333333333337,6.9375,0,1,96
2929,277304,38.921667044982314,0.15625,9.302083333333334,0,5,96
2930,277344,58.04333348572254,0.08333333333333337,6.604166666666667,0,4,96
2931,277472,56.16166710853577,0.07291666666666663,6.552083333333333,0,8,96
2932,277480,60.44333343859762,0.0625,6.291666666666667,0,5,96
2933,277552,53.86666713654995,0.13541666666666663,6.708333333333333,0,2,96
2934,277600,67.5783333927393,0.02083333333333337,6.072916666666667,0,2,96
2935,277632,62.015000886283815,0.0625,6.46875,0,2,96
2936,277688,57.48833325505257,0.07291666666666663,7.322916666666667,0,2,96
2937,278072,50.89833305682987,0.13541666666666663,6.760416666666667,0,6,96
2938,278112,58.72833322733641,0.05208333333333337,7.572916666666667,0,2,96
2939,278240,60.83666644990444,0.04166666666666663,7.333333333333333,0,1,96
2940,278248,65.36833383888006,0.03125,6.385416666666667,0,2,96
2941,278320,48.933333452790976,0.10416666666666663,7.979166666666667,0,5,96
2942,278368,45.823333389125764,0.16666666666666663,7.541666666666667,0,4,96
2943,278400,64.66833347827196,0.04166666666666663,6.322916666666667,0,2,96
2944,278456,49.390000361949205,0.15625,6.9375,0,4,96
2945,278840,27.034999443218112,0.33333333333333337,8.03125,0,6,96
2946,278880,59.62000015377998,0.08333333333333337,6.375,0,2,96
2947,279008,37.61666641291231,0.20833333333333337,8.395833333333334,0,6,96
2948,279016,40.93500079866499,0.1875,8.59375,0,2,96
2949,279088,53.64666735287756,0.09375,7.333333333333333,0,4,96
2950,279136,60.05666685849428,0.03125,7.645833333333333,0,2,96
2951,279168,62.21333280950785,0.02083333333333337,7.354166666666667,0,2,96
2952,279224,60.90833306312561,0.05208333333333337,7.385416666666667,0,0,96
2953,279608,68.80166639387608,0.02083333333333337,6.052083333333333,0,0,96
2954,279648,61.03833381831646,0.0625,6.510416666666667,0,3,96
2955,279776,64.82499966025352,0.03125,6.90625,0,0,96
2956,279784,63.33333268761635,0.01041666666666663,7.166666666666667,0,3,96
2957,279856,60.708332631736994,0.05208333333333337,7.010416666666667,0,2,96
2958,279904,51.82666688319296,0.10416666666666663,7.770833333333333,0,3,96
2959,279936,21.991666303947568,0.33333333333333337,9.114583333333334,0,6,96
2960,279992,65.38166676461697,0.02083333333333337,6.739583333333333,0,1,96
2961,280376,53.70833294838667,0.05208333333333337,8.510416666666666,0,3,96
2962,280416,48.38999969419092,0.14583333333333337,7.5,0,4,96
2963,280544,56.49500024691224,0.05208333333333337,8.09375,0,2,96
2964,280552,32.721666435711086,0.26041666666666663,8.302083333333334,0,5,96
2965,280624,68.65666687488556,0.03125,5.895833333333333,0,0,96
2966,280672,44.783332790248096,0.15625,8.229166666666666,0,4,96
2967,280704,56.51833245810121,0.0625,7.510416666666667,0,4,96
2968,280760,61.341666519641876,0.04166666666666663,6.927083333333333,0,3,96
2969,281144,67.1599996984005,0.0,6.6875,0,2,96
2970,281184,60.076665446162224,0.05208333333333337,7.458333333333333,0,1,96
2971,281312,43.184999144636095,0.1875,8.09375,0,2,96
2972,281320,55.33499936759472,0.07291666666666663,7.59375,0,2,96
2973,281392,61.5816658064723,0.05208333333333337,6.864583333333333,0,2,96
2974,281440,28.271667185239494,0.29166666666666663,8.614583333333334,0,6,96
2975,281472,55.311667278409004,0.0625,8.177083333333334,0,1,96
2976,281528,33.618333742022514,0.20833333333333337,9.947916666666666,0,2,96
2977,281912,39.70833226200193,0.20833333333333337,8.072916666666666,0,4,96
2978,281952,70.89166739583015,0.01041666666666663,5.739583333333333,0,1,96
2979,282080,57.65333314239979,0.08333333333333337,7.166666666666667,0,1,96
2980,282088,56.149999246001244,0.07291666666666663,7.75,0,1,96
2981,282160,50.089999369345605,0.11458333333333337,8.1875,0,2,96
2982,282208,52.27666610479355,0.10416666666666663,7.583333333333333,0,4,96
2983,282240,48.94833347853273,0.07291666666666663,8.322916666666666,0,9,96
2984,282296,53.719999766908586,0.08333333333333337,8.0,0,2,96
2985,282680,62.40166678279638,0.01041666666666663,7.489583333333333,0,2,96
2986,282720,57.32166616618633,0.05208333333333337,8.052083333333334,0,1,96
2987,282848,46.766666299663484,0.16666666666666663,7.208333333333333,0,4,96
2988,282856,54.065000370144844,0.09375,7.71875,0,1,96
2989,282928,62.998333528637886,0.03125,7.072916666666667,0,2,96
2990,282976,69.47333362698555,0.02083333333333337,5.791666666666667,0,1,96
2991,283008,47.47166657447815,0.14583333333333337,8.114583333333334,0,1,96
2992,283064,66.96500024199486,0.03125,6.34375,0,0,96
2993,283448,70.64166700839996,0.01041666666666663,5.927083333333333,0,0,96
2994,283488,56.27999867498875,0.08333333333333337,7.5,0,2,96
2995,283616,37.543333671055734,0.1875,8.854166666666666,0,4,96
2996,283624,70.22333377599716,0.01041666666666663,5.979166666666667,0,0,96
2997,283696,54.478333938866854,0.09375,6.822916666666667,0,6,96
2998,283744,57.313333198428154,0.08333333333333337,7.229166666666667,0,1,96
2999,283776,54.20999974012375,0.09375,7.0625,0,6,96
3000,283832,64.19833391904831,0.04166666666666663,6.260416666666667,0,3,96
3001,284216,49.640000108629465,0.125,7.625,0,4,96
3002,284256,60.30833399295807,0.0625,6.322916666666667,0,5,96
3003,284384,33.273333008401096,0.26041666666666663,8.104166666666666,0,5,96
3004,284392,54.60333380103111,0.14583333333333337,6.541666666666667,0,0,96
3005,284464,55.2449995726347,0.08333333333333337,7.40625,0,2,96
3006,284512,59.51499970257282,0.05208333333333337,7.15625,0,3,96
3007,284544,54.560000602155924,0.0625,8.1875,0,2,96
3008,284600,70.77500027418137,0.01041666666666663,5.96875,0,0,96
3009,284984,65.52666586637497,0.01041666666666663,7.208333333333333,0,0,96
3010,285024,21.423332825303078,0.375,9.041666666666666,0,1,96
3011,285152,48.97999957203865,0.16666666666666663,6.5625,0,6,96
3012,285160,52.531667224131525,0.11458333333333337,7.239583333333333,0,3,96
3013,285232,59.38000115007162,0.10416666666666663,6.125,0,2,96
3014,285280,60.95166689902544,0.0625,6.239583333333333,0,4,96
3015,285312,67.55833375453949,0.05208333333333337,5.760416666666667,0,0,96
3016,285368,49.448333501815796,0.16666666666666663,7.072916666666667,0,1,96
3017,285752,58.79333283752203,0.03125,7.541666666666667,0,5,96
3018,285792,41.51166650466621,0.15625,9.052083333333334,0,3,96
3019,285920,66.35333283245564,0.01041666666666663,6.791666666666667,0,1,96
3020,285928,61.66166731715202,0.0625,6.364583333333333,0,2,96
3021,286000,44.76499980222434,0.15625,8.03125,0,4,96
3022,286048,55.75166606903076,0.125,6.802083333333333,0,0,96
3023,286080,62.66666613519192,0.04166666666666663,6.958333333333333,0,1,96
3024,286136,54.19833266735077,0.10416666666666663,7.260416666666667,0,2,96
3025,286520,51.17333254870027,0.11458333333333337,7.354166666666667,0,5,96
3026,286560,47.04833323787898,0.14583333333333337,7.572916666666667,0,6,96
3027,286688,65.48499958217144,0.02083333333333337,6.71875,0,1,96
3028,286696,48.42000012099743,0.13541666666666663,7.1875,0,6,96
3029,286768,49.25000033155084,0.14583333333333337,7.25,0,3,96
3030,286816,64.16666591912508,0.02083333333333337,6.958333333333333,0,2,96
3031,286848,67.69833406060934,0.01041666666666663,6.385416666666667,0,2,96
3032,286904,50.641667218878865,0.13541666666666663,7.239583333333333,0,4,96
3033,287288,63.95999939739704,0.03125,6.9375,0,1,96
3034,287328,61.179999858140945,0.04166666666666663,6.9375,0,4,96
3035,287456,62.43666635453701,0.02083333333333337,7.020833333333333,0,3,96
3036,287464,61.516666889190674,0.07291666666666663,6.395833333333333,0,1,96
3037,287536,64.30666683614254,0.03125,6.583333333333333,0,3,96
3038,287584,65.68499954044819,0.02083333333333337,6.53125,0,2,96
3039,287616,43.891666716896,0.1875,8.052083333333334,0,2,96
3040,287672,62.85833325982094,0.03125,7.072916666666667,0,1,96
3041,288056,50.30500001087785,0.10416666666666663,8.03125,0,3,96
3042,288096,65.66499960422516,0.02083333333333337,6.46875,0,3,96
3043,288224,59.223332941532135,0.07291666666666663,6.604166666666667,0,5,96
3044,288232,69.1416678801179,0.03125,5.489583333333333,0,2,96
3045,288304,59.0633330643177,0.03125,8.041666666666666,0,1,96
3046,288352,47.30333388596773,0.17708333333333337,7.041666666666667,0,3,96
3047,288384,49.03999996185303,0.15625,7.3125,0,2,96
3048,288440,48.91833274718374,0.125,8.260416666666666,0,2,96
3049,288824,62.125000432133675,0.0625,6.28125,0,2,96
3050,288864,39.85166687425226,0.15625,9.239583333333334,0,4,96
3051,288992,36.02000027708709,0.23958333333333337,8.0,0,5,96
3052,289000,59.37500023469329,0.08333333333333337,6.34375,0,3,96
3053,289072,66.49833355098963,0.03125,6.072916666666667,0,2,96
3054,289120,58.49166643619537,0.0625,7.677083333333333,0,0,96
3055,289152,45.58499929960817,0.15625,8.28125,0,2,96
3056,289208,66.6133327037096,0.02083333333333337,6.416666666666667,0,1,96
3057,289592,59.226665899157524,0.05208333333333337,7.583333333333333,0,1,96
3058,289632,55.09500007331371,0.08333333333333337,7.28125,0,4,96
3059,289760,65.09333251416683,0.02083333333333337,6.916666666666667,0,1,96
3060,289768,52.723333299160004,0.07291666666666663,8.541666666666666,0,1,96
3061,289840,43.345000381581485,0.16666666666666663,8.15625,0,4,96
3062,289888,58.57166716456413,0.09375,6.739583333333333,0,1,96
3063,289920,58.223333314061165,0.10416666666666663,6.354166666666667,0,2,96
3064,289976,61.960000455379486,0.07291666666666663,6.1875,0,2,96
3065,290360,42.99166642036289,0.16666666666666663,8.302083333333334,0,4,96
3066,290400,67.09833362698555,0.04166666666666663,6.010416666666667,0,0,96
3067,290528,62.35500007867813,0.07291666666666663,6.09375,0,2,96
3068,290536,54.18000000715256,0.125,6.9375,0,2,96
3069,290608,48.42999964207411,0.11458333333333337,7.9375,0,5,96
3070,290656,62.575000643730164,0.07291666666666663,5.90625,0,2,96
3071,290688,54.623332887887955,0.11458333333333337,6.791666666666667,0,3,96
3072,290744,36.11999962385744,0.27083333333333337,7.625,0,3,96
3073,291128,53.928332805633545,0.13541666666666663,6.760416666666667,0,1,96
3074,291168,59.48500022199005,0.05208333333333337,6.78125,0,6,96
3075,291296,59.004999226890504,0.0625,7.15625,0,2,96
3076,291304,52.17666657269001,0.09375,7.958333333333333,0,2,96
3077,291376,54.54666700121015,0.125,6.895833333333333,0,1,96
3078,291424,59.423333168029785,0.08333333333333337,6.666666666666667,0,1,96
3079,291456,54.42500002682209,0.125,6.96875,0,1,96
3080,291512,68.29166577756405,0.0,6.552083333333333,0,1,96
3081,291896,47.43333338946104,0.125,8.354166666666666,0,3,96
3082,291936,58.16999976336956,0.09375,6.6875,0,2,96
3083,292064,39.26999941468239,0.22916666666666663,8.125,0,2,96
3084,292072,58.30166681110859,0.05208333333333337,7.677083333333333,0,2,96
3085,292144,35.65166690759361,0.22916666666666663,8.239583333333334,0,6,96
3086,292192,41.18666658177972,0.20833333333333337,7.395833333333333,0,5,96
3087,292224,49.494999919086695,0.14583333333333337,7.28125,0,4,96
3088,292280,54.826666850596666,0.07291666666666663,7.458333333333333,0,5,96
3089,292664,60.43999995663762,0.05208333333333337,6.5625,0,3,96
3090,292704,47.38333268277347,0.09375,8.916666666666666,0,5,96
3091,292832,65.30166698992252,0.04166666666666663,6.302083333333333,0,1,96
3092,292840,66.93333324790001,0.01041666666666663,6.291666666666667,0,2,96
3093,292912,43.41833311971277,0.15625,8.322916666666666,0,5,96
3094,292960,62.694999262690544,0.03125,6.78125,0,3,96
3095,292992,41.158332648687065,0.1875,8.197916666666666,0,4,96
3096,293048,50.53833319246769,0.14583333333333337,7.510416666666667,0,1,96
3097,293432,32.700000203214586,0.25,8.875,0,3,96
3098,293472,62.968333441764116,0.03125,6.947916666666667,0,2,96
3099,293600,64.8983334749937,0.03125,6.635416666666667,0,1,96
3100,293608,52.403333351016045,0.14583333333333337,6.916666666666667,0,2,96
3101,293680,43.501666247844696,0.19791666666666663,7.302083333333333,0,5,96
3102,293728,61.81333266198635,0.05208333333333337,6.979166666666667,0,0,96
3103,293760,44.5083343219012,0.15625,8.322916666666666,0,3,96
3104,293816,57.39666669070721,0.07291666666666663,7.583333333333333,0,1,96
3105,294200,64.41499884426594,0.02083333333333337,7.09375,0,1,96
3106,294240,62.103332221508026,0.04166666666666663,6.979166666666667,0,2,96
3107,294368,64.09166692197323,0.07291666666666663,5.739583333333333,0,2,96
3108,294376,59.64499919116497,0.04166666666666663,7.15625,0,4,96
3109,294448,33.14666721876711,0.22916666666666663,8.833333333333334,0,6,96
3110,294496,43.67166617885232,0.1875,7.864583333333333,0,3,96
3111,294528,62.341666519641876,0.05208333333333337,6.739583333333333,0,1,96
3112,294584,38.62666696961969,0.17708333333333337,9.020833333333334,0,4,96
3113,294968,57.296666607260704,0.0625,7.458333333333333,0,2,96
3114,295008,56.70333330333233,0.09375,6.666666666666667,0,4,96
3115,295136,47.19499991834164,0.14583333333333337,8.15625,0,1,96
3116,295144,51.2533339029178,0.14583333333333337,6.791666666666667,0,4,96
3117,295216,40.103333024308085,0.19791666666666663,8.229166666666666,0,4,96
3118,295264,52.175000122748315,0.10416666666666663,7.21875,0,6,96
3119,295296,47.25833213329315,0.17708333333333337,7.447916666666667,0,2,96
3120,295352,56.468332942575216,0.05208333333333337,7.822916666666667,0,4,96
3121,295736,67.28833368420601,0.04166666666666663,5.760416666666667,0,1,96
3122,295776,50.35999887343496,0.125,7.625,0,4,96
3123,295904,35.6466666078195,0.25,7.958333333333333,0,4,96
3124,295912,61.76666656509042,0.04166666666666663,6.708333333333333,0,4,96
3125,295984,64.54166655242443,0.02083333333333337,6.427083333333333,0,5,96
3126,296032,32.813333234749734,0.27083333333333337,8.166666666666666,0,4,96
3127,296064,57.894998863339424,0.05208333333333337,7.84375,0,1,96
3128,296120,33.42499999888241,0.22916666666666663,8.53125,0,7,96
3129,296504,64.11500009894371,0.04166666666666663,6.53125,0,1,96
3130,296544,54.043333396315575,0.13541666666666663,6.666666666666667,0,2,96
3131,296672,50.99999890103936,0.11458333333333337,7.625,0,3,96
3132,296680,46.76666649337858,0.13541666666666663,8.083333333333334,0,3,96
3133,296752,34.84000010602176,0.25,8.25,0,4,96
3134,296800,68.99166633188725,0.0,6.427083333333333,0,1,96
3135,296832,49.64333327766508,0.125,7.541666666666667,0,5,96
3136,296888,65.17500014603138,0.02083333333333337,6.71875,0,1,96
3137,297272,64.11499989032745,0.03125,6.46875,0,4,96
3138,297312,51.018333330750465,0.13541666666666663,7.197916666666667,0,3,96
3139,297440,54.67000006791204,0.11458333333333337,6.625,0,4,96
3140,297448,59.52833390235901,0.05208333333333337,7.260416666666667,0,1,96
3141,297520,55.94166661798954,0.10416666666666663,6.927083333333333,0,2,96
3142,297568,60.88166683912277,0.05208333333333337,6.927083333333333,0,2,96
3143,297600,53.17666710074991,0.08333333333333337,7.958333333333333,0,3,96
3144,297656,43.611666708253324,0.17708333333333337,7.489583333333333,0,6,96
3145,298040,40.68166674673557,0.16666666666666663,9.052083333333334,0,3,96
3146,298080,53.138333096168935,0.11458333333333337,6.947916666666667,0,5,96
3147,298208,42.69166602846235,0.1875,7.802083333333333,0,4,96
3148,298216,46.72499886807054,0.15625,7.71875,0,4,96
3149,298288,52.83000042196363,0.125,7.0625,0,2,96
3150,298336,60.369998678565025,0.04166666666666663,7.625,0,1,96
3151,298368,56.48166660964489,0.08333333333333337,7.177083333333333,0,2,96
3152,298424,47.68666671216488,0.17708333333333337,6.833333333333333,0,4,96
3153,298808,45.565000131726265,0.13541666666666663,7.90625,0,6,96
3154,298848,66.05499939620495,0.01041666666666663,6.84375,0,1,96
3155,298976,57.55000013485551,0.05208333333333337,7.6875,0,3,96
3156,298984,68.5350005030632,0.03125,5.96875,0,0,96
3157,299056,48.82999970763922,0.125,8.0,0,3,96
3158,299104,52.95666641741991,0.11458333333333337,7.020833333333333,0,5,96
3159,299136,46.30166649725288,0.13541666666666663,7.739583333333333,0,6,96
3160,299192,63.91666643321514,0.04166666666666663,6.583333333333333,0,1,96
3161,299576,52.865000266581774,0.13541666666666663,6.90625,0,2,96
3162,299616,69.3516671359539,0.02083333333333337,5.677083333333333,0,2,96
3163,299744,52.03000006079674,0.09375,7.75,0,4,96
3164,299752,43.96333345770836,0.16666666666666663,8.604166666666666,0,1,96
3165,299824,52.39333326742053,0.13541666666666663,6.854166666666667,0,4,96
3166,299872,54.251665998250246,0.08333333333333337,7.302083333333333,0,6,96
3167,299904,47.346666261553764,0.13541666666666663,8.333333333333334,0,2,96
3168,299960,50.96666647493839,0.10416666666666663,8.333333333333334,0,1,96
3169,300344,48.478333339095116,0.14583333333333337,7.385416666666667,0,4,96
3170,300384,54.60666710883379,0.0625,8.020833333333334,0,4,96
3171,300512,60.97333423793316,0.09375,5.916666666666667,0,2,96
3172,300520,61.829999811947346,0.04166666666666663,6.6875,0,4,96
3173,300592,69.72666749358177,0.02083333333333337,5.770833333333333,0,1,96
3174,300640,55.601665577851236,0.10416666666666663,7.302083333333333,0,1,96
3175,300672,57.94999962951988,0.04166666666666663,8.0,0,2,96
3176,300728,58.023332223296165,0.0625,7.166666666666667,0,3,96
3177,301112,63.860000878572464,0.07291666666666663,5.875,0,2,96
3178,301152,59.614999905228615,0.07291666666666663,6.46875,0,3,96
3179,301280,56.836666852235794,0.0625,7.395833333333333,0,4,96
3180,301288,57.65833277255297,0.07291666666666663,7.072916666666667,0,3,96
3181,301360,56.09666599985212,0.07291666666666663,7.583333333333333,0,2,96
3182,301408,51.435000634752214,0.13541666666666663,6.78125,0,5,96
3183,301440,25.824999681673944,0.30208333333333337,9.53125,0,2,96
3184,301496,62.163332998752594,0.02083333333333337,7.541666666666667,0,2,96
3185,301880,54.168333634734154,0.10416666666666663,7.510416666666667,0,1,96
3186,301920,61.17500016093254,0.0625,6.65625,0,2,96
3187,302048,58.44333318248391,0.07291666666666663,6.791666666666667,0,3,96
3188,302056,64.70666614174843,0.03125,6.895833333333333,0,0,96
3189,302128,66.67499904334545,0.0,7.03125,0,1,96
3190,302176,63.40499909222126,0.02083333333333337,7.21875,0,1,96
3191,302208,54.6099999435246,0.0625,8.0625,0,3,96
3192,302264,64.76166713237762,0.01041666666666663,7.427083333333333,0,0,96
3193,302648,62.999999679625034,0.04166666666666663,6.5,0,4,96
3194,302688,52.59333302080631,0.08333333333333337,7.916666666666667,0,4,96
3195,302816,55.08666629251093,0.09375,7.083333333333333,0,3,96
3196,302824,58.65333345532417,0.07291666666666663,6.791666666666667,0,3,96
3197,302896,36.61166582163423,0.25,8.177083333333334,0,2,96
3198,302944,52.92833367642015,0.09375,7.635416666666667,0,4,96
3199,302976,63.57666639983654,0.03125,6.895833333333333,0,1,96
3200,303032,54.92333266790956,0.09375,6.979166666666667,0,4,96
3201,303416,56.39500020444393,0.125,6.21875,0,3,96
3202,303456,57.02500008046627,0.05208333333333337,7.59375,0,4,96
3203,303584,61.485000029206276,0.05208333333333337,6.96875,0,2,96
3204,303592,56.05666644871235,0.07291666666666663,8.020833333333334,0,0,96
3205,303664,52.040000579319894,0.08333333333333337,8.375,0,2,96
3206,303712,67.43500052392483,0.04166666666666663,5.78125,0,1,96
3207,303744,63.29500004649162,0.05208333333333337,6.40625,0,1,96
3208,303800,43.12333354353905,0.1875,7.791666666666667,0,4,96
3209,304184,40.5683330129832,0.21875,7.572916666666667,0,4,96
3210,304224,54.0550006441772,0.11458333333333337,6.71875,0,4,96
3211,304352,50.75500003993511,0.10416666666666663,8.15625,0,1,96
3212,304360,49.19000023137778,0.14583333333333337,7.25,0,4,96
3213,304432,53.976666948758066,0.10416666666666663,7.395833333333333,0,2,96
3214,304480,29.715000106021762,0.30208333333333337,8.28125,0,4,96
3215,304512,62.81833276152611,0.03125,7.260416666666667,0,0,96
3216,304568,46.96333353873342,0.14583333333333337,7.916666666666667,0,3,96
3217,304952,69.04166635870934,0.01041666666666663,6.364583333333333,0,0,96
3218,304992,67.27499896287918,0.01041666666666663,6.71875,0,0,96
3219,305120,66.84166702628136,0.04166666666666663,5.864583333333333,0,1,96
3220,305128,61.211666122078896,0.03125,6.802083333333333,0,6,96
3221,305200,63.359999775886536,0.02083333333333337,7.125,0,2,96
3222,305248,62.870000801980495,0.08333333333333337,5.75,0,2,96
3223,305280,63.55166597664356,0.01041666666666663,7.489583333333333,0,1,96
3224,305336,65.43166695535183,0.04166666666666663,6.177083333333333,0,1,96
3225,305720,47.86666715797037,0.16666666666666663,7.270833333333333,0,2,96
3226,305760,39.90999997686595,0.1875,8.5625,0,4,96
3227,305888,55.153333528898656,0.0625,7.854166666666667,0,4,96
3228,305896,62.26500053703785,0.07291666666666663,6.09375,0,2,96
3229,305968,63.121665984392166,0.04166666666666663,6.864583333333333,0,1,96
3230,306016,37.49333339743316,0.15625,9.666666666666666,0,5,96
3231,306048,70.52500051259995,0.02083333333333337,5.78125,0,0,96
3232,306104,56.40500019490719,0.11458333333333337,6.84375,0,0,96
3233,306488,57.86500026285648,0.0625,7.40625,0,1,96
3234,306528,61.41833436489105,0.02083333333333337,7.635416666666667,0,1,96
3235,306656,53.339999726973474,0.07291666666666663,7.9375,0,4,96
3236,306664,42.23833303153515,0.1875,8.385416666666666,0,1,96
3237,306736,35.20666613988578,0.22916666666666663,8.583333333333334,0,4,96
3238,306784,45.34166652336717,0.17708333333333337,6.802083333333333,0,7,96
3239,306816,49.64166632946581,0.09375,8.302083333333334,0,4,96
3240,306872,28.896665791980922,0.30208333333333337,8.708333333333334,0,3,96
3241,307256,39.81499965302646,0.21875,7.65625,0,4,96
3242,307296,54.01500014960766,0.08333333333333337,8.09375,0,1,96
3243,307424,48.406666240654886,0.125,8.270833333333334,0,2,96
3244,307432,54.21666657924652,0.08333333333333337,7.583333333333333,0,3,96
3245,307504,58.04166589677334,0.05208333333333337,7.802083333333333,0,1,96
3246,307552,25.77833332773298,0.3125,8.947916666666666,0,5,96
3247,307584,64.26833285391331,0.03125,6.697916666666667,0,1,96
3248,307640,59.299999222159386,0.0625,7.1875,0,1,96
3249,308024,65.55999840795994,0.01041666666666663,6.9375,0,1,96
3250,308064,72.69166742265224,0.01041666666666663,5.489583333333333,0,0,96
3251,308192,69.51000049710274,0.03125,5.625,0,0,96
3252,308200,64.58833175897598,0.03125,6.947916666666667,0,0,96
3253,308272,15.353333054110408,0.40625,9.291666666666666,0,4,96
3254,308320,36.379999278113246,0.23958333333333337,8.375,0,3,96
3255,308352,62.11999996006489,0.08333333333333337,6.1875,0,0,96
3256,308408,57.681667152792215,0.04166666666666663,8.052083333333334,0,2,96
3257,308792,61.17166520655155,0.0625,6.864583333333333,0,1,96
3258,308832,59.8616674169898,0.07291666666666663,6.552083333333333,0,3,96
3259,308960,52.53333407640457,0.15625,6.666666666666667,0,1,96
3260,308968,66.00500062853098,0.04166666666666663,5.90625,0,2,96
3261,309040,57.77500010188669,0.07291666666666663,7.03125,0,4,96
3262,309088,47.531667090021074,0.125,8.114583333333334,0,4,96
3263,309120,59.30166714545339,0.05208333333333337,7.489583333333333,0,1,96
3264,309176,63.67333207279444,0.03125,6.791666666666667,0,2,96
3265,309560,65.97999973595142,0.0,6.9375,0,2,96
3266,309600,64.08333292603493,0.04166666666666663,6.291666666666667,0,3,96
3267,309728,38.48000044003129,0.19791666666666663,8.8125,0,3,96
3268,309736,57.11333353817463,0.05208333333333337,7.729166666666667,0,2,96
3269,309808,41.890000618994236,0.16666666666666663,8.6875,0,3,96
3270,309856,55.12333218753338,0.08333333333333337,7.729166666666667,0,1,96
3271,309888,64.42333313822746,0.01041666666666663,7.104166666666667,0,2,96
3272,309944,53.75666640885174,0.08333333333333337,7.645833333333333,0,4,96
3273,310328,57.42166659235954,0.07291666666666663,7.364583333333333,0,2,96
3274,310368,52.55000011622906,0.07291666666666663,8.5625,0,1,96
3275,310496,63.643332466483116,0.03125,6.604166666666667,0,4,96
3276,310504,61.699999675154686,0.03125,7.25,0,2,96
3277,310576,45.1133336937055,0.17708333333333337,7.479166666666667,0,4,96
3278,310624,55.56333363056183,0.09375,6.854166666666667,0,5,96
3279,310656,58.186666182242334,0.05208333333333337,7.395833333333333,0,3,96
3280,310712,61.426667273044586,0.09375,5.958333333333333,0,1,96
3281,311096,65.52166764065623,0.03125,6.427083333333333,0,1,96
3282,311136,61.02333225309849,0.04166666666666663,7.291666666666667,0,1,96
3283,311264,46.84666646271944,0.14583333333333337,7.770833333333333,0,4,96
3284,311272,33.60166609939188,0.28125,8.239583333333334,0,2,96
3285,311344,55.53666605055332,0.08333333333333337,7.583333333333333,0,2,96
3286,311392,40.026666208170354,0.20833333333333337,8.083333333333334,0,4,96
3287,311424,36.401667094789445,0.22916666666666663,8.739583333333334,0,2,96
3288,311480,55.68500009924173,0.11458333333333337,6.53125,0,4,96
3289,311864,51.19500001426786,0.10416666666666663,7.90625,0,3,96
3290,311904,66.71333325561136,0.02083333333333337,6.166666666666667,0,2,96
3291,312032,57.24666601419449,0.07291666666666663,7.645833333333333,0,0,96
3292,312040,52.06000028550625,0.13541666666666663,6.875,0,3,96
3293,312112,51.400000259280205,0.13541666666666663,6.875,0,5,96
3294,312160,62.56833401322365,0.05208333333333337,6.760416666666667,0,0,96
3295,312192,61.22333334386349,0.05208333333333337,6.604166666666667,0,3,96
3296,312248,59.196666315197945,0.05208333333333337,7.333333333333333,0,2,96
3297,312632,58.23000030219555,0.10416666666666663,6.125,0,3,96
3298,312672,54.489999283105135,0.10416666666666663,7.375,0,2,96
3299,312800,55.698333367705345,0.0625,7.947916666666667,0,1,96
3300,312808,57.456666625104845,0.0625,7.395833333333333,0,3,96
3301,312880,37.66999944206327,0.23958333333333337,7.9375,0,3,96
3302,312928,55.33499988913536,0.08333333333333337,7.65625,0,1,96
3303,312960,44.52666658163071,0.15625,8.333333333333334,0,3,96
3304,313016,64.56666627526283,0.04166666666666663,6.145833333333333,0,2,96
3305,313400,44.92833314836025,0.15625,8.135416666666666,0,3,96
3306,313440,66.97166712582111,0.02083333333333337,6.552083333333333,0,0,96
3307,313568,44.17666650842875,0.14583333333333337,8.333333333333334,0,4,96
3308,313576,61.48166696727276,0.07291666666666663,6.177083333333333,0,3,96
3309,313648,61.10333354771137,0.07291666666666663,6.416666666666667,0,1,96
3310,313696,67.11666616797447,0.02083333333333337,6.395833333333333,0,0,96
3311,313728,64.59000028669834,0.03125,6.5625,0,1,96
3312,313784,59.17333246767521,0.0625,7.291666666666667,0,1,96
3313,314168,50.79000025242567,0.11458333333333337,7.625,0,3,96
3314,314208,59.07833348214626,0.08333333333333337,6.822916666666667,0,1,96
3315,314336,33.741666353307664,0.23958333333333337,8.677083333333334,0,3,96
3316,314344,66.36166703701019,0.05208333333333337,5.802083333333333,0,1,96
3317,314416,55.38333257287741,0.0625,7.666666666666667,0,4,96
3318,314464,51.79833340551704,0.10416666666666663,7.260416666666667,0,6,96
3319,314496,29.846666623838246,0.25,8.708333333333334,0,9,96
3320,314552,68.64833289384842,0.01041666666666663,6.385416666666667,0,0,96
3321,314936,60.18166680634022,0.08333333333333337,6.302083333333333,0,2,96
3322,314976,60.99999997019768,0.0625,6.75,0,2,96
3323,315104,48.28666691854596,0.16666666666666663,6.958333333333333,0,3,96
3324,315112,66.50666738301516,0.04166666666666663,5.770833333333333,0,2,96
3325,315184,48.82500043511391,0.16666666666666663,6.71875,0,4,96
3326,315232,59.376665998250246,0.0625,7.145833333333333,0,2,96
3327,315264,70.21166649460793,0.0,6.177083333333333,0,0,96
3328,315320,55.53833258152008,0.07291666666666663,7.697916666666667,0,1,96
3329,315704,45.04166689142585,0.14583333333333337,8.427083333333334,0,3,96
3330,315744,67.21666677296162,0.03125,5.958333333333333,0,1,96
3331,315872,42.43166680447757,0.19791666666666663,7.739583333333333,0,3,96
3332,315880,66.08833354711533,0.03125,6.135416666666667,0,2,96
3333,315952,60.37166613340378,0.04166666666666663,7.489583333333333,0,2,96
3334,316000,48.333333409391344,0.14583333333333337,7.791666666666667,0,2,96
3335,316032,51.71166633814573,0.13541666666666663,7.114583333333333,0,3,96
3336,316088,55.69666686654091,0.10416666666666663,6.895833333333333,0,3,96
3337,316472,54.06499963160604,0.09375,7.21875,0,4,96
3338,316512,42.33166635688394,0.15625,8.552083333333334,0,4,96
3339,316640,66.43833412230015,0.04166666666666663,6.010416666666667,0,1,96
3340,316648,44.31666624546051,0.14583333333333337,8.895833333333334,0,1,96
3341,316720,45.668333179317415,0.14583333333333337,8.385416666666666,0,2,96
3342,316768,66.39500041306019,0.03125,6.21875,0,1,96
3343,316800,66.8916663825512,0.03125,6.302083333333333,0,0,96
3344,316856,52.85666551068425,0.11458333333333337,7.333333333333333,0,3,96
3345,317240,35.5816670274362,0.23958333333333337,8.489583333333334,0,3,96
3346,317280,65.49500019848347,0.03125,6.28125,0,2,96
3347,317408,49.6083338400349,0.14583333333333337,7.197916666666667,0,4,96
3348,317416,61.390000477433205,0.09375,6.0,0,1,96
3349,317488,41.53999972343445,0.1875,8.1875,0,4,96
3350,317536,59.56833428144455,0.10416666666666663,6.197916666666667,0,1,96
3351,317568,58.78999984264374,0.07291666666666663,7.0,0,2,96
3352,317624,15.515000624582171,0.375,9.90625,0,5,96
3353,318008,58.02999970316887,0.07291666666666663,7.5625,0,0,96
3354,318048,62.648332953453064,0.03125,7.010416666666667,0,2,96
3355,318176,62.435000509023666,0.08333333333333337,5.90625,0,1,96
3356,318184,56.24500031769276,0.09375,7.09375,0,1,96
3357,318256,45.61666641011834,0.15625,8.083333333333334,0,3,96
3358,318304,48.99499987065792,0.14583333333333337,7.28125,0,3,96
3359,318336,54.345000848174095,0.08333333333333337,7.65625,0,2,96
3360,318392,54.35166561603546,0.08333333333333337,7.864583333333333,0,2,96
3361,318776,55.61666642781347,0.07291666666666663,7.520833333333333,0,3,96
3362,318816,40.906666743569076,0.16666666666666663,8.395833333333334,0,6,96
3363,318944,52.116666719317436,0.13541666666666663,7.020833333333333,0,3,96
3364,318952,51.37000039499253,0.07291666666666663,8.3125,0,5,96
3365,319024,47.67999990936369,0.08333333333333337,8.8125,0,5,96
3366,319072,70.0349999666214,0.0,6.15625,0,0,96
3367,319104,56.49666677415371,0.08333333333333337,7.083333333333333,0,3,96
3368,319160,64.44999997317791,0.03125,6.5,0,3,96
3369,319544,66.89166619535536,0.01041666666666663,6.302083333333333,0,3,96
3370,319584,54.38166671991348,0.08333333333333337,7.989583333333333,0,1,96
3371,319712,60.02833327651024,0.03125,7.322916666666667,0,3,96
3372,319720,46.28333342447877,0.17708333333333337,7.166666666666667,0,5,96
3373,319792,44.49166702479124,0.16666666666666663,7.864583333333333,0,4,96
3374,319840,60.418332904577255,0.0625,7.197916666666667,0,0,96
3375,319872,40.08666631113738,0.1875,8.208333333333334,0,5,96
3376,319928,63.943333864212036,0.04166666666666663,6.791666666666667,0,0,96
3377,320312,51.72333358600736,0.14583333333333337,6.791666666666667,0,3,96
3378,320352,53.220000345259905,0.13541666666666663,6.8125,0,2,96
3379,320480,55.376666761003435,0.0625,7.583333333333333,0,4,96
3380,320488,53.19000003486872,0.13541666666666663,6.6875,0,3,96
3381,320560,57.613332852721214,0.07291666666666663,6.916666666666667,0,3,96
3382,320608,67.8149983882904,0.0,6.96875,0,0,96
3383,320640,56.92833286896348,0.07291666666666663,7.135416666666667,0,4,96
3384,320696,60.244999915361404,0.07291666666666663,6.65625,0,1,96
3385,321080,58.94833295792341,0.04166666666666663,7.197916666666667,0,5,96
3386,321120,42.89833329524845,0.14583333333333337,8.510416666666666,0,5,96
3387,321248,62.98666585981846,0.02083333333333337,7.145833333333333,0,1,96
3388,321256,52.261666676960886,0.10416666666666663,7.614583333333333,0,4,96
3389,321328,41.73333382606506,0.20833333333333337,7.604166666666667,0,4,96
3390,321376,56.521666541695595,0.09375,6.739583333333333,0,4,96
3391,321408,64.35166627168655,0.01041666666666663,7.302083333333333,0,0,96
3392,321464,38.77333316579461,0.19791666666666663,8.229166666666666,0,6,96
3393,321848,62.23333244025707,0.03125,7.229166666666667,0,2,96
3394,321888,43.01833360642195,0.13541666666666663,9.135416666666666,0,2,96
3395,322016,46.753333397209644,0.16666666666666663,7.291666666666667,0,4,96
3396,322024,54.68333338852972,0.10416666666666663,6.666666666666667,0,5,96
3397,322096,43.01999947428703,0.14583333333333337,9.0,0,3,96
3398,322144,45.95999925490469,0.16666666666666663,7.75,0,3,96
3399,322176,47.064999997615814,0.125,8.53125,0,1,96
3400,322232,63.57666756212711,0.07291666666666663,5.770833333333333,0,3,96
3401,322616,61.26666632294655,0.07291666666666663,6.583333333333333,0,0,96
3402,322656,45.806666880846024,0.16666666666666663,7.583333333333333,0,4,96
3403,322784,61.73999980092049,0.04166666666666663,6.5625,0,4,96
3404,322792,19.873333430849016,0.34375,9.854166666666666,0,3,96
3405,322864,55.71500010788441,0.08333333333333337,7.15625,0,3,96
3406,322912,60.11833329498768,0.07291666666666663,6.760416666666667,0,1,96
3407,322944,53.29666589200497,0.125,7.208333333333333,0,1,96
3408,323000,35.14333314355463,0.25,8.479166666666666,0,3,96
3409,323384,71.16666686534882,0.0,6.083333333333333,0,0,96
3410,323424,58.91166679561138,0.0625,7.114583333333333,0,2,96
3411,323552,48.165000594221056,0.11458333333333337,8.21875,0,4,96
3412,323560,44.121666393242776,0.1875,7.239583333333333,0,5,96
3413,323632,-0.16166667826473713,0.5208333333333333,10.447916666666666,0,4,96
3414,323680,31.506665772758424,0.29166666666666663,8.395833333333334,0,2,96
3415,323712,46.99499968346208,0.14583333333333337,8.03125,0,2,96
3416,323768,61.58666634559631,0.02083333333333337,7.145833333333333,0,4,96
3417,324152,49.32666615303606,0.14583333333333337,7.270833333333333,0,4,96
3418,324192,63.694999665021896,0.04166666666666663,6.40625,0,2,96
3419,324320,60.558333680033684,0.08333333333333337,6.197916666666667,0,2,96
3420,324328,48.61500035971403,0.17708333333333337,6.71875,0,3,96
3421,324400,59.9916668087244,0.03125,7.927083333333333,0,1,96
3422,324448,60.2750000692904,0.07291666666666663,6.46875,0,2,96
3423,324480,57.67333360016346,0.05208333333333337,7.854166666666667,0,1,96
3424,324536,64.06000083684921,0.02083333333333337,7.3125,0,0,96
3425,324920,54.643333963118494,0.08333333333333337,7.729166666666667,0,2,96
3426,324960,51.449999526143074,0.11458333333333337,8.0,0,0,96
3427,325088,60.28333328664303,0.05208333333333337,6.854166666666667,0,3,96
3428,325096,66.43666640669107,0.0,6.708333333333333,0,2,96
3429,325168,44.38666746392846,0.17708333333333337,7.583333333333333,0,4,96
3430,325216,54.69999922066927,0.11458333333333337,7.0,0,2,96
3431,325248,67.54166746139526,0.02083333333333337,6.302083333333333,0,1,96
3432,325304,62.66833372414112,0.04166666666666663,7.010416666666667,0,1,96
3433,325688,47.94833282288164,0.14583333333333337,7.822916666666667,0,2,96
3434,325728,57.38166677951813,0.09375,6.739583333333333,0,3,96
3435,325856,42.706666707992554,0.15625,8.958333333333334,0,2,96
3436,325864,67.88666693866253,0.03125,6.020833333333333,0,1,96
3437,325936,42.72166707273573,0.15625,8.489583333333334,0,5,96
3438,325984,58.333333536982536,0.05208333333333337,7.604166666666667,0,1,96
3439,326016,60.61833367869258,0.0625,6.260416666666667,0,5,96
3440,326072,40.084999872371554,0.19791666666666663,7.96875,0,5,96
3441,326456,43.501667386852205,0.1875,7.927083333333333,0,3,96
3442,326496,48.329999996349216,0.13541666666666663,7.6875,0,4,96
3443,326624,56.47833298146725,0.07291666666666663,7.635416666666667,0,1,96
3444,326632,62.02333366125822,0.05208333333333337,6.291666666666667,0,5,96
3445,326704,41.681666067801416,0.16666666666666663,8.552083333333334,0,4,96
3446,326752,62.10333366319537,0.0625,6.479166666666667,0,1,96
3447,326784,46.746666393242776,0.14583333333333337,8.020833333333334,0,3,96
3448,326840,65.53333315253258,0.01041666666666663,7.104166666666667,0,0,96
3449,327224,60.90666615962982,0.04166666666666663,7.395833333333333,0,0,96
3450,327264,51.26333240326494,0.10416666666666663,7.791666666666667,0,3,96
3451,327392,59.11500014271587,0.05208333333333337,7.03125,0,4,96
3452,327400,71.11833381652832,0.0,5.947916666666667,0,0,96
3453,327472,63.56333376467228,0.04166666666666663,6.354166666666667,0,3,96
3454,327520,46.32499918341637,0.15625,7.96875,0,2,96
3455,327552,49.505000330507755,0.09375,8.15625,0,6,96
3456,327608,56.978332832455635,0.07291666666666663,7.135416666666667,0,3,96
3457,327992,46.43333358224481,0.125,8.041666666666666,0,5,96
3458,328032,46.83666591346264,0.15625,8.083333333333334,0,1,96
3459,328160,54.84166673477739,0.09375,7.177083333333333,0,4,96
3460,328168,60.36000068485737,0.09375,5.875,0,3,96
3461,328240,49.786667230539024,0.13541666666666663,6.958333333333333,0,5,96
3462,328288,33.62000021152198,0.25,8.375,0,5,96
3463,328320,43.1983328377828,0.17708333333333337,8.385416666666666,0,2,96
3464,328376,51.701667573302984,0.09375,7.864583333333333,0,4,96
3465,328760,58.111666202545166,0.09375,6.739583333333333,0,1,96
3466,328800,58.22166633605957,0.05208333333333337,7.989583333333333,0,0,96
3467,328928,49.95166633184999,0.125,7.677083333333333,0,3,96
3468,328936,51.32333270367235,0.10416666666666663,8.041666666666666,0,2,96
3469,329008,53.07333316560835,0.11458333333333337,7.166666666666667,0,3,96
3470,329056,54.486666987650096,0.09375,7.270833333333333,0,3,96
3471,329088,36.169999870471656,0.20833333333333337,8.4375,0,6,96
3472,329144,56.086666598916054,0.08333333333333337,7.020833333333333,0,5,96
3473,329528,60.554999745450914,0.03125,7.21875,0,4,96
3474,329568,55.341666421853006,0.08333333333333337,7.052083333333333,0,5,96
3475,329696,65.45166645944118,0.03125,6.239583333333333,0,3,96
3476,329704,48.60666601359844,0.15625,7.583333333333333,0,1,96
3477,329776,61.80166682600975,0.05208333333333337,6.239583333333333,0,4,96
3478,329824,68.52499908208847,0.0,6.71875,0,0,96
3479,329856,61.67000065743923,0.0625,6.5625,0,2,96
3480,329912,68.7616673707962,0.03125,5.677083333333333,0,1,96
3481,330296,50.26833255589008,0.14583333333333337,6.947916666666667,0,4,96
3482,330336,62.79833351075649,0.05208333333333337,6.447916666666667,0,2,96
3483,330464,61.10833242535591,0.04166666666666663,7.385416666666667,0,0,96
3484,330472,57.62999946530908,0.08333333333333337,7.0625,0,2,96
3485,330544,57.115000266581774,0.07291666666666663,7.21875,0,3,96
3486,330592,53.16999949514866,0.11458333333333337,7.625,0,1,96
3487,330624,43.86333323549479,0.14583333333333337,8.416666666666666,0,4,96
3488,330680,54.11000082548708,0.125,6.625,0,3,96
3489,331064,60.23499967157841,0.04166666666666663,7.53125,0,1,96
3490,331104,21.5266665071249,0.35416666666666663,9.145833333333334,0,4,96
3491,331232,56.840000078082085,0.09375,7.125,0,1,96
3492,331240,57.25499926507473,0.08333333333333337,7.15625,0,1,96
3493,331312,59.79666654765606,0.08333333333333337,6.333333333333333,0,3,96
3494,331360,63.63166683912277,0.05208333333333337,6.239583333333333,0,2,96
3495,331392,53.34999941941351,0.07291666666666663,8.25,0,2,96
3496,331448,53.555000111460686,0.11458333333333337,6.84375,0,4,96
3497,331832,44.09333268459886,0.20833333333333337,7.354166666666667,0,2,96
3498,331872,63.48166659474373,0.04166666666666663,6.489583333333333,0,2,96
3499,332000,48.89499989151955,0.15625,6.96875,0,5,96
3500,332008,44.669999486766756,0.17708333333333337,7.9375,0,2,96
3501,332080,60.291665986180305,0.05208333333333337,7.302083333333333,0,1,96
3502,332128,64.29000043869019,0.02083333333333337,6.4375,0,4,96
3503,332160,67.30166681110859,0.02083333333333337,6.239583333333333,0,1,96
3504,332216,40.30666639562696,0.22916666666666663,7.770833333333333,0,2,96
3505,332600,46.27833317220211,0.125,8.447916666666666,0,3,96
3506,332640,59.3233338445425,0.08333333333333337,6.416666666666667,0,3,96
3507,332768,46.69833342637867,0.11458333333333337,8.510416666666666,0,5,96
3508,332776,63.43666569143534,0.04166666666666663,6.645833333333333,0,2,96
3509,332848,53.70333397388458,0.10416666666666663,6.979166666666667,0,4,96
3510,332896,50.831665605306625,0.13541666666666663,7.677083333333333,0,0,96
3511,332928,51.42000016570091,0.11458333333333337,7.25,0,5,96
3512,332984,56.55166681483388,0.11458333333333337,6.427083333333333,0,2,96
3513,333368,58.92833261564374,0.05208333333333337,7.197916666666667,0,4,96
3514,333408,55.986667200922966,0.10416666666666663,6.708333333333333,0,3,96
3515,333536,67.48500026017427,0.01041666666666663,6.34375,0,2,96
3516,333544,46.07833403348923,0.13541666666666663,8.510416666666666,0,2,96
3517,333616,24.115000209771097,0.33333333333333337,9.03125,0,3,96
3518,333664,44.18000014126301,0.14583333333333337,8.6875,0,2,96
3519,333696,58.5283338278532,0.05208333333333337,7.697916666666667,0,1,96
3520,333752,51.10833314713091,0.10416666666666663,7.947916666666667,0,2,96
3521,334136,66.56833343207836,0.01041666666666663,6.822916666666667,0,1,96
3522,334176,58.451666820794344,0.09375,6.489583333333333,0,2,96
3523,334304,64.50833312422037,0.02083333333333337,6.760416666666667,0,2,96
3524,334312,47.07833322044462,0.125,7.885416666666667,0,6,96
3525,334384,55.6166665405035,0.0625,8.208333333333334,0,1,96
3526,334432,63.91999979317188,0.02083333333333337,7.0625,0,1,96
3527,334464,66.6449983716011,0.01041666666666663,6.96875,0,0,96
3528,334520,47.03499981760979,0.13541666666666663,7.65625,0,6,96
3529,334904,56.54166575148702,0.07291666666666663,7.364583333333333,0,2,96
3530,334944,65.14333254098892,0.02083333333333337,6.979166666666667,0,0,96
3531,335072,64.52333219349384,0.02083333333333337,7.041666666666667,0,1,96
3532,335080,53.936666909605265,0.08333333333333337,7.645833333333333,0,4,96
3533,335152,69.3766673207283,0.01041666666666663,6.145833333333333,0,0,96
3534,335200,61.283333756029606,0.03125,7.354166666666667,0,2,96
3535,335232,45.5466665988788,0.11458333333333337,8.958333333333334,0,3,96
3536,335288,43.03500052448362,0.15625,8.65625,0,3,96
3537,335672,61.19333417713642,0.07291666666666663,6.354166666666667,0,2,96
3538,335712,46.99666677415371,0.14583333333333337,7.958333333333333,0,3,96
3539,335840,47.43166640214622,0.14583333333333337,7.739583333333333,0,4,96
3540,335848,43.80333342310041,0.16666666666666663,7.791666666666667,0,6,96
3541,335920,60.578332260251045,0.05208333333333337,7.197916666666667,0,1,96
3542,335968,45.33500063419342,0.17708333333333337,7.53125,0,3,96
3543,336000,65.50333324074745,0.01041666666666663,6.541666666666667,0,4,96
3544,336056,52.191666688770056,0.09375,7.364583333333333,0,7,96
3545,336440,49.95333316922188,0.11458333333333337,7.604166666666667,0,5,96
3546,336480,56.91666682064533,0.10416666666666663,6.458333333333333,0,3,96
3547,336608,38.968333325348794,0.20833333333333337,8.572916666666666,0,2,96
3548,336616,52.035000435076654,0.08333333333333337,8.15625,0,3,96
3549,336688,57.356666922569275,0.11458333333333337,6.458333333333333,0,1,96
3550,336736,38.958333051763475,0.19791666666666663,8.572916666666666,0,3,96
3551,336768,49.443333367817104,0.125,7.791666666666667,0,4,96
3552,336824,44.05666687246412,0.14583333333333337,8.645833333333334,0,3,96
3553,337208,57.955000162124634,0.0625,7.21875,0,3,96
3554,337248,59.16666705906391,0.0625,6.958333333333333,0,3,96
3555,337376,58.70666518807411,0.07291666666666663,7.333333333333333,0,0,96
3556,337384,43.38333288487047,0.16666666666666663,8.354166666666666,0,3,96
3557,337456,65.46999925374985,0.01041666666666663,7.1875,0,0,96
3558,337504,42.63499959465116,0.1875,8.03125,0,2,96
3559,337536,56.76666635274887,0.08333333333333337,7.333333333333333,0,1,96
3560,337592,58.15999972820282,0.0625,7.0,0,4,96
3561,337976,46.58333314862102,0.125,7.854166666666667,0,7,96
3562,338016,47.940000120550394,0.14583333333333337,7.5,0,3,96
3563,338144,53.41166565474123,0.08333333333333337,8.114583333333334,0,2,96
3564,338152,59.96166694536805,0.09375,5.802083333333333,0,4,96
3565,338224,55.703333124518394,0.07291666666666663,7.479166666666667,0,4,96
3566,338272,38.53499941341579,0.21875,8.03125,0,4,96
3567,338304,44.785000315867364,0.16666666666666663,8.21875,0,2,96
3568,338360,19.973333014175296,0.36458333333333337,9.229166666666666,0,3,96
3569,338744,62.54000000655651,0.03125,6.9375,0,3,96
3570,338784,42.38499997090548,0.17708333333333337,8.15625,0,4,96
3571,338912,60.81999967992306,0.03125,7.3125,0,3,96
3572,338920,56.16500074416399,0.07291666666666663,7.46875,0,3,96
3573,338992,49.78666695859283,0.10416666666666663,7.958333333333333,0,5,96
3574,339040,55.868333786726,0.10416666666666663,6.760416666666667,0,3,96
3575,339072,46.69333346839994,0.10416666666666663,9.104166666666666,0,2,96
3576,339128,64.58166693150997,0.03125,6.489583333333333,0,2,96
3577,339512,57.316666424274445,0.07291666666666663,7.020833333333333,0,4,96
3578,339552,44.55999991297722,0.16666666666666663,7.8125,0,4,96
3579,339680,56.15000043064356,0.10416666666666663,6.5625,0,4,96
3580,339688,71.27833372354507,0.0,6.010416666666667,0,0,96
3581,339760,30.983332991600037,0.28125,8.729166666666666,0,2,96
3582,339808,60.878333270549774,0.0625,6.885416666666667,0,0,96
3583,339840,56.08166541159153,0.09375,7.052083333333333,0,2,96
3584,339896,45.80499992053956,0.13541666666666663,7.71875,0,8,96
3585,340280,70.89166694879532,0.0,6.052083333333333,0,0,96
3586,340320,61.31333390623331,0.05208333333333337,6.479166666666667,0,5,96
3587,340448,49.880000565201044,0.15625,7.0,0,2,96
3588,340456,61.511666879057884,0.0625,6.677083333333333,0,1,96
3589,340528,49.76666595414281,0.09375,8.395833333333334,0,3,96
3590,340576,43.05333363916725,0.19791666666666663,7.354166666666667,0,5,96
3591,340608,67.51999999582767,0.01041666666666663,6.25,0,1,96
3592,340664,51.40999960899353,0.15625,6.9375,0,1,96
3593,341048,51.048333913087845,0.11458333333333337,7.510416666666667,0,4,96
3594,341088,21.7066660951823,0.36458333333333337,8.708333333333334,0,4,96
3595,341216,45.46666682418436,0.14583333333333337,8.020833333333334,0,5,96
3596,341224,64.37833295017481,0.02083333333333337,6.510416666666667,0,4,96
3597,341296,55.31333330646157,0.08333333333333337,7.291666666666667,0,3,96
3598,341344,46.88666647672653,0.14583333333333337,7.833333333333333,0,3,96
3599,341376,64.85833337903023,0.04166666666666663,6.072916666666667,0,2,96
3600,341432,55.88499937951565,0.07291666666666663,7.71875,0,1,96
3601,341816,49.73166688438505,0.14583333333333337,6.802083333333333,0,5,96
3602,341856,53.70499946177006,0.10416666666666663,7.53125,0,2,96
3603,341984,53.5466670691967,0.08333333333333337,8.020833333333334,0,2,96
3604,341992,57.00499999895692,0.08333333333333337,6.53125,0,6,96
3605,342064,50.84833290427923,0.11458333333333337,7.447916666666667,0,4,96
3606,342112,72.05833439528942,0.02083333333333337,5.197916666666667,0,1,96
3607,342144,61.961665600538254,0.04166666666666663,6.989583333333333,0,1,96
3608,342200,59.95833224058151,0.04166666666666663,7.197916666666667,0,4,96
3609,342584,22.763332946226,0.33333333333333337,9.166666666666666,0,4,96
3610,342624,65.65499913692474,0.01041666666666663,6.84375,0,2,96
3611,342752,52.99333322700113,0.08333333333333337,7.791666666666667,0,4,96
3612,342760,58.76499876379967,0.08333333333333337,7.03125,0,0,96
3613,342832,63.84500076249242,0.07291666666666663,5.71875,0,2,96
3614,342880,49.91833299398422,0.125,7.510416666666667,0,4,96
3615,342912,66.63333220779896,0.0,7.104166666666667,0,1,96
3616,342968,42.69500049110502,0.19791666666666663,7.46875,0,4,96
3617,343352,64.31666670739651,0.04166666666666663,6.020833333333333,0,4,96
3618,343392,47.421666119247675,0.14583333333333337,7.989583333333333,0,2,96
3619,343520,43.348333097063005,0.16666666666666663,8.385416666666666,0,2,96
3620,343528,54.84666587412357,0.10416666666666663,7.020833333333333,0,2,96
3621,343600,58.42500048875809,0.07291666666666663,6.59375,0,5,96
3622,343648,66.02000093460083,0.05208333333333337,5.75,0,2,96
3623,343680,56.87999963760376,0.0625,7.5625,0,3,96
3624,343736,47.79333327617496,0.125,7.604166666666667,0,6,96
3625,344120,46.830000534653664,0.125,8.0,0,7,96
3626,344160,53.68333338201046,0.09375,7.416666666666667,0,3,96
3627,344288,55.44666549935937,0.08333333333333337,7.270833333333333,0,3,96
3628,344296,59.22500082477927,0.09375,5.78125,0,5,96
3629,344368,25.850000529550016,0.27083333333333337,9.5625,0,6,96
3630,344416,24.080000100657344,0.34375,8.4375,0,4,96
3631,344448,27.21666630078107,0.26041666666666663,9.333333333333334,0,7,96
3632,344504,49.82166640460491,0.13541666666666663,7.052083333333333,0,5,96
3633,344888,46.9099996984005,0.16666666666666663,7.5625,0,1,96
3634,344928,46.6133331656456,0.13541666666666663,8.041666666666666,0,5,96
3635,345056,52.09833339974284,0.125,6.822916666666667,0,4,96
3636,345064,48.506666763685644,0.125,7.645833333333333,0,6,96
3637,345136,50.78666566964239,0.13541666666666663,7.145833333333333,0,3,96
3638,345184,61.93499939143658,0.04166666666666663,7.03125,0,1,96
3639,345216,44.11000025179237,0.16666666666666663,7.4375,0,6,96
3640,345272,54.35833331942558,0.09375,7.072916666666667,0,4,96
3641,345656,40.598333394154906,0.16666666666666663,8.322916666666666,0,7,96
3642,345696,52.20500035956502,0.13541666666666663,6.28125,0,7,96
3643,345824,48.806666165590286,0.10416666666666663,8.270833333333334,0,4,96
3644,345832,54.44166600704193,0.08333333333333337,7.739583333333333,0,2,96
3645,345904,62.54833327233791,0.03125,7.010416666666667,0,1,96
3646,345952,52.576665446162224,0.125,7.395833333333333,0,2,96
3647,345984,56.57833322882652,0.07291666666666663,7.510416666666667,0,1,96
3648,346040,50.32499974966049,0.11458333333333337,7.90625,0,2,96
3649,346424,39.843333340249956,0.20833333333333337,8.104166666666666,0,3,96
3650,346464,37.79833342786878,0.21875,8.447916666666666,0,2,96
3651,346592,55.028333976864815,0.125,6.447916666666667,0,3,96
3652,346600,52.53166721761227,0.10416666666666663,7.364583333333333,0,4,96
3653,346672,46.52000028081238,0.16666666666666663,7.1875,0,5,96
3654,346720,58.28666566312313,0.05208333333333337,7.458333333333333,0,3,96
3655,346752,47.611666798591614,0.125,8.052083333333334,0,4,96
3656,346808,47.04500049352646,0.13541666666666663,8.28125,0,2,96
3657,347192,64.0433324277401,0.03125,6.604166666666667,0,3,96
3658,347232,48.26666630804539,0.16666666666666663,7.458333333333333,0,1,96
3659,347360,62.18333399295807,0.07291666666666663,5.979166666666667,0,3,96
3660,347368,60.036667220294476,0.07291666666666663,6.520833333333333,0,3,96
3661,347440,59.934999749064445,0.0625,6.96875,0,1,96
3662,347488,30.608332908712327,0.29166666666666663,8.385416666666666,0,3,96
3663,347520,47.308333575725555,0.125,8.197916666666666,0,3,96
3664,347576,68.5983330309391,0.01041666666666663,6.322916666666667,0,0,96
3665,347960,62.67833250761032,0.03125,6.760416666666667,0,4,96
3666,348000,36.524999178014696,0.26041666666666663,7.90625,0,2,96
3667,348128,37.21500010788441,0.23958333333333337,8.46875,0,1,96
3668,348136,48.158332988619804,0.14583333333333337,7.885416666666667,0,1,96
3669,348208,57.53833378851414,0.07291666666666663,7.510416666666667,0,1,96
3670,348256,64.25333329290152,0.02083333333333337,6.854166666666667,0,2,96
3671,348288,58.84833359718323,0.04166666666666663,7.760416666666667,0,1,96
3672,348344,52.05166684836149,0.10416666666666663,7.052083333333333,0,7,96
3673,348728,55.66499948501587,0.0625,7.90625,0,3,96
3674,348768,49.258332937955856,0.11458333333333337,7.697916666666667,0,6,96
3675,348896,62.44999939203262,0.03125,7.3125,0,0,96
3676,348904,60.31500047445297,0.0625,6.59375,0,3,96
3677,348976,63.26999992132187,0.02083333333333337,7.1875,0,1,96
3678,349024,60.855000510811806,0.0625,6.53125,0,3,96
3679,349056,40.7866671634838,0.21875,6.958333333333333,0,8,96
3680,349112,45.94333289563656,0.13541666666666663,8.416666666666666,0,2,96
3681,349496,44.31499913986772,0.14583333333333337,8.28125,0,5,96
3682,349536,53.59333246201277,0.07291666666666663,7.854166666666667,0,3,96
3683,349664,32.43166676722467,0.21875,8.927083333333334,0,8,96
3684,349672,52.711667098104954,0.125,6.614583333333333,0,6,96
3685,349744,54.03833343088627,0.10416666666666663,7.385416666666667,0,2,96
3686,349792,41.36333348508924,0.17708333333333337,8.104166666666666,0,6,96
3687,349824,47.21499906480312,0.13541666666666663,8.21875,0,3,96
3688,349880,69.90166710317135,0.01041666666666663,5.927083333333333,0,1,96
3689,350264,56.120000422000885,0.11458333333333337,6.5,0,3,96
3690,350304,25.61666612327099,0.33333333333333337,8.895833333333334,0,2,96
3691,350432,27.368333145976067,0.30208333333333337,9.072916666666666,0,2,96
3692,350440,50.68666625022888,0.125,7.083333333333333,0,5,96
3693,350512,53.00500015169382,0.0625,7.84375,0,6,96
3694,350560,48.13333324249834,0.13541666666666663,8.041666666666666,0,2,96
3695,350592,53.645000017248094,0.10416666666666663,7.40625,0,2,96
3696,350648,56.89333342015743,0.10416666666666663,6.541666666666667,0,3,96
3697,351032,51.406666464172304,0.125,7.270833333333333,0,3,96
3698,351072,58.215000092983246,0.09375,6.34375,0,4,96
3699,351200,57.50000060349703,0.11458333333333337,6.1875,0,2,96
3700,351208,53.23999960720539,0.11458333333333337,7.1875,0,2,96
3701,351280,51.118332758545876,0.10416666666666663,7.197916666666667,0,7,96
3702,351328,55.22333354130387,0.11458333333333337,6.666666666666667,0,3,96
3703,351360,49.95333278551698,0.11458333333333337,7.791666666666667,0,4,96
3704,351416,56.148334107361734,0.09375,6.760416666666667,0,4,96
3705,351800,45.97666759043932,0.16666666666666663,7.458333333333333,0,4,96
3706,351840,62.74833387136459,0.01041666666666663,7.697916666666667,0,1,96
3707,351968,59.6583336442709,0.08333333333333337,6.135416666666667,0,4,96
3708,351976,57.373333498835564,0.0625,7.354166666666667,0,3,96
3709,352048,61.91333292424679,0.0625,6.354166666666667,0,2,96
3710,352096,57.343333184719086,0.0625,6.854166666666667,0,6,96
3711,352128,61.7799990773201,0.03125,7.0625,0,3,96
3712,352184,60.80666697025299,0.05208333333333337,6.833333333333333,0,2,96
3713,352568,57.37999999895692,0.08333333333333337,6.5625,0,4,96
3714,352608,40.6766672283411,0.19791666666666663,7.770833333333333,0,5,96
3715,352736,56.27333319187164,0.05208333333333337,7.666666666666667,0,3,96
3716,352744,70.80000101029873,0.01041666666666663,5.5625,0,2,96
3717,352816,58.1699990844354,0.0625,7.125,0,3,96
3718,352864,54.44333319365978,0.08333333333333337,7.666666666666667,0,2,96
3719,352896,60.60666672885418,0.07291666666666663,6.333333333333333,0,2,96
3720,352952,50.9450002014637,0.13541666666666663,7.09375,0,4,96
3721,353336,55.876667350530624,0.11458333333333337,6.395833333333333,0,3,96
3722,353376,51.97833295818418,0.11458333333333337,7.635416666666667,0,2,96
3723,353504,52.01666622888297,0.07291666666666663,7.895833333333333,0,6,96
3724,353512,48.92166647315025,0.11458333333333337,7.802083333333333,0,6,96
3725,353584,31.57833400554955,0.21875,9.447916666666666,0,7,96
3726,353632,37.12666670884937,0.16666666666666663,9.395833333333334,0,5,96
3727,353664,57.224999502301216,0.07291666666666663,7.40625,0,1,96
3728,353720,56.578332886099815,0.08333333333333337,7.322916666666667,0,1,96
3729,354104,55.83999973535538,0.05208333333333337,7.8125,0,4,96
3730,354144,51.33499914314598,0.11458333333333337,7.40625,0,4,96
3731,354272,62.174998968839645,0.04166666666666663,6.96875,0,2,96
3732,354280,60.79166689515114,0.03125,7.239583333333333,0,4,96
3733,354352,36.17833326756954,0.17708333333333337,9.885416666666666,0,2,96
3734,354400,58.6550000756979,0.07291666666666663,7.15625,0,1,96
3735,354432,54.9200001982972,0.0625,7.125,0,9,96
3736,354488,46.27833263576031,0.17708333333333337,7.072916666666667,0,5,96
3737,354872,45.41666702833027,0.16666666666666663,7.270833333333333,0,6,96
3738,354912,64.06833256781101,0.02083333333333337,7.135416666666667,0,1,96
3739,355040,49.31833356618881,0.10416666666666663,8.635416666666666,0,1,96
3740,355048,63.32999989390373,0.05208333333333337,6.25,0,2,96
3741,355120,54.04833408072591,0.10416666666666663,7.385416666666667,0,2,96
3742,355168,64.23999984562397,0.02083333333333337,6.9375,0,2,96
3743,355200,38.92166648618877,0.20833333333333337,8.177083333333334,0,4,96
3744,355256,61.52333338931203,0.04166666666666663,6.791666666666667,0,3,96
3745,355640,44.713333413004875,0.125,8.791666666666666,0,3,96
3746,355680,51.40333279967308,0.09375,8.229166666666666,0,1,96
3747,355808,43.47333309426904,0.16666666666666663,7.666666666666667,0,7,96
3748,355816,39.485000303946435,0.19791666666666663,8.09375,0,6,96
3749,355888,36.156666956841946,0.19791666666666663,8.895833333333334,0,6,96
3750,355936,57.655000016093254,0.08333333333333337,6.46875,0,6,96
3751,355968,61.60500009357929,0.05208333333333337,6.78125,0,2,96
3752,356024,63.35166563093662,0.02083333333333337,6.989583333333333,0,3,96
3753,356408,50.03499987721443,0.09375,8.65625,0,1,96
3754,356448,56.4766671359539,0.0625,7.208333333333333,0,6,96
3755,356576,64.70166647434235,0.03125,6.177083333333333,0,4,96
3756,356584,39.92500024847686,0.19791666666666663,8.40625,0,3,96
3757,356656,65.8066665455699,0.02083333333333337,6.458333333333333,0,2,96
3758,356704,70.53500044345856,0.01041666666666663,5.71875,0,1,96
3759,356736,52.783332518301904,0.08333333333333337,7.979166666666667,0,3,96
3760,356792,66.2716662734747,0.0,6.927083333333333,0,1,96
3761,357176,56.39833303447813,0.07291666666666663,7.447916666666667,0,3,96
3762,357216,57.723333455622196,0.09375,6.479166666666667,0,3,96
3763,357344,37.986666358076036,0.20833333333333337,8.208333333333334,0,5,96
3764,357352,55.01333365961909,0.11458333333333337,6.604166666666667,0,4,96
3765,357424,64.88833323121071,0.03125,6.385416666666667,0,1,96
3766,357472,54.46000023186207,0.09375,7.6875,0,1,96
3767,357504,52.503332323394716,0.09375,7.854166666666667,0,3,96
3768,357560,50.638332813978195,0.10416666666666663,8.385416666666666,0,1,96
3769,357944,69.63000063598156,0.01041666666666663,5.6875,0,1,96
3770,357984,52.84666559100151,0.09375,8.145833333333334,0,0,96
3771,358112,49.64333388581872,0.125,7.541666666666667,0,4,96
3772,358120,66.7483324110508,0.02083333333333337,6.572916666666667,0,0,96
3773,358192,59.2250000089407,0.0625,7.15625,0,1,96
3774,358240,67.04999846220016,0.01041666666666663,6.875,0,0,96
3775,358272,48.37166677415371,0.13541666666666663,7.802083333333333,0,4,96
3776,358328,63.13833396136761,0.01041666666666663,7.322916666666667,0,3,96
3777,358712,67.26000067591667,0.02083333333333337,6.3125,0,1,96
3778,358752,40.64166687428951,0.20833333333333337,7.927083333333333,0,3,96
3779,358880,69.90666717290878,0.02083333333333337,5.520833333333333,0,2,96
3780,358888,41.64000036474317,0.19791666666666663,7.75,0,5,96
3781,358960,65.21833319962025,0.04166666666666663,6.260416666666667,0,1,96
3782,359008,45.72999998088926,0.17708333333333337,7.4375,0,3,96
3783,359040,57.184999480843544,0.0625,7.28125,0,4,96
3784,359096,36.19333334919065,0.22916666666666663,8.354166666666666,0,5,96
3785,359480,61.08500050008297,0.05208333333333337,6.90625,0,1,96
3786,359520,34.14333339687437,0.25,8.541666666666666,0,3,96
3787,359648,62.591667369008064,0.07291666666666663,5.739583333333333,0,4,96
3788,359656,59.06166649516672,0.0625,6.864583333333333,0,3,96
3789,359728,64.65499943494797,0.02083333333333337,6.78125,0,2,96
3790,359776,57.99833303689957,0.0625,7.322916666666667,0,2,96
3791,359808,62.20166741218418,0.0625,6.239583333333333,0,3,96
3792,359864,49.24333406239748,0.11458333333333337,8.166666666666666,0,3,96
3793,360248,72.13500040769577,0.0,5.84375,0,0,96
3794,360288,66.79333460330963,0.0625,5.354166666666667,0,2,96
3795,360416,49.675000451505184,0.125,6.96875,0,8,96
3796,360424,55.55499893426895,0.07291666666666663,7.96875,0,1,96
3797,360496,57.54333348199725,0.09375,6.166666666666667,0,5,96
3798,360544,34.67499996628612,0.1875,9.59375,0,5,96
3799,360576,59.681666892021894,0.09375,6.302083333333333,0,1,96
3800,360632,46.42833329550922,0.13541666666666663,8.010416666666666,0,6,96
3801,361016,56.639999753795564,0.07291666666666663,7.25,0,3,96
3802,361056,54.78166703879833,0.10416666666666663,7.177083333333333,0,1,96
3803,361184,61.729999765753746,0.02083333333333337,7.25,0,4,96
3804,361192,56.92333302553743,0.0625,7.416666666666667,0,4,96
3805,361264,64.28999948501587,0.03125,6.875,0,0,96
3806,361312,40.794999233447015,0.1875,8.40625,0,3,96
3807,361344,71.75333425402641,0.01041666666666663,5.416666666666667,0,1,96
3808,361400,52.68499897420406,0.09375,8.09375,0,1,96
3809,361784,61.65499949455261,0.04166666666666663,6.71875,0,4,96
3810,361824,55.95666653290391,0.09375,6.895833333333333,0,3,96
3811,361952,61.429999846965075,0.04166666666666663,7.0625,0,2,96
3812,361960,57.63666695728898,0.04166666666666663,7.333333333333333,0,6,96
3813,362032,45.88166656251997,0.17708333333333337,7.427083333333333,0,3,96
3814,362080,42.049999243579805,0.17708333333333337,8.4375,0,3,96
3815,362112,61.79333409667015,0.05208333333333337,6.604166666666667,0,3,96
3816,362168,47.02666673436761,0.14583333333333337,7.895833333333333,0,3,96
3817,362552,63.928332477808,0.03125,6.822916666666667,0,1,96
3818,362592,51.128333694301546,0.14583333333333337,7.072916666666667,0,2,96
3819,362720,52.041666597127914,0.09375,7.489583333333333,0,6,96
3820,362728,61.73333393689245,0.08333333333333337,5.979166666666667,0,2,96
3821,362800,64.00833414494991,0.05208333333333337,6.135416666666667,0,2,96
3822,362848,63.33833400905132,0.05208333333333337,5.947916666666667,0,4,96
3823,362880,58.613332111388445,0.0625,7.354166666666667,0,2,96
3824,362936,63.09666787087917,0.07291666666666663,5.895833333333333,0,2,96
3825,363320,52.82166727539152,0.10416666666666663,7.364583333333333,0,4,96
3826,363360,43.2216658629477,0.16666666666666663,8.364583333333334,0,2,96
3827,363488,47.524999431334436,0.14583333333333337,7.78125,0,3,96
3828,363496,52.16166680958122,0.10416666666666663,7.364583333333333,0,4,96
3829,363568,53.659999161958694,0.125,7.3125,0,0,96
3830,363616,28.189999990165234,0.28125,8.75,0,6,96
3831,363648,49.52833233773708,0.125,7.947916666666667,0,2,96
3832,363704,61.83666689693928,0.02083333333333337,7.395833333333333,0,3,96
3833,364088,25.313333337195218,0.32291666666666663,8.666666666666666,0,6,96
3834,364128,49.601666322909296,0.10416666666666663,7.864583333333333,0,6,96
3835,364256,56.60000040754676,0.08333333333333337,7.0625,0,3,96
3836,364264,49.379999971948564,0.13541666666666663,7.6875,0,2,96
3837,364336,48.92166709061712,0.14583333333333337,7.177083333333333,0,4,96
3838,364384,43.15999986231327,0.21875,7.25,0,2,96
3839,364416,53.59166678786278,0.09375,7.489583333333333,0,3,96
3840,364472,47.35499954968691,0.14583333333333337,7.46875,0,5,96
3841,364856,64.59666654095054,0.04166666666666663,6.020833333333333,0,3,96
3842,364896,55.963333923369646,0.10416666666666663,6.854166666666667,0,2,96
3843,365024,67.9666678160429,0.05208333333333337,5.395833333333333,0,1,96
3844,365032,66.85166727006435,0.02083333333333337,6.302083333333333,0,2,96
3845,365104,64.61999954283237,0.02083333333333337,6.8125,0,3,96
3846,365152,55.56333301961422,0.0625,8.104166666666666,0,1,96
3847,365184,53.72333401441574,0.07291666666666663,8.229166666666666,0,2,96
3848,365240,64.931666508317,0.04166666666666663,6.177083333333333,0,2,96
3849,365624,51.351666173897684,0.11458333333333337,7.489583333333333,0,4,96
3850,365664,25.96499958820641,0.3125,8.59375,0,6,96
3851,365792,58.851666539907455,0.05208333333333337,7.864583333333333,0,0,96
3852,365800,49.26666624844074,0.13541666666666663,7.145833333333333,0,5,96
3853,365872,64.47499975562096,0.02083333333333337,6.53125,0,4,96
3854,365920,59.295000076293945,0.05208333333333337,6.71875,0,6,96
3855,365952,61.03166726231575,0.0625,6.114583333333333,0,5,96
3856,366008,68.38666751980782,0.04166666666666663,5.395833333333333,0,2,96
3857,366392,66.36833345890045,0.03125,6.010416666666667,0,3,96
3858,366432,74.09333507716656,0.01041666666666663,4.979166666666667,0,0,96
3859,366560,68.32833333313465,0.02083333333333337,6.072916666666667,0,1,96
3860,366568,52.43500034511089,0.08333333333333337,7.84375,0,4,96
3861,366640,69.34500055015087,0.0,5.78125,0,3,96
3862,366688,55.436666924506426,0.11458333333333337,6.583333333333333,0,2,96
3863,366720,60.033333614468575,0.09375,6.104166666666667,0,3,96
3864,366776,60.71833298355341,0.02083333333333337,7.260416666666667,0,6,96
3865,367160,54.71666568890214,0.11458333333333337,6.895833333333333,0,2,96
3866,367200,64.43000036478043,0.05208333333333337,6.125,0,2,96
3867,367328,50.333333753049374,0.13541666666666663,6.791666666666667,0,6,96
3868,367336,52.974999628029764,0.10416666666666663,7.21875,0,5,96
3869,367408,40.51499936636537,0.17708333333333337,8.78125,0,4,96
3870,367456,44.29666690528393,0.14583333333333337,8.520833333333334,0,4,96
3871,367488,57.96500116586685,0.11458333333333337,6.15625,0,1,96
3872,367544,55.011666940525174,0.0625,7.802083333333333,0,4,96
3873,367928,56.789999932050705,0.0625,7.625,0,2,96
3874,367968,49.299999698996544,0.14583333333333337,7.125,0,4,96
3875,368096,53.17500038817525,0.14583333333333337,6.40625,0,3,96
3876,368104,53.559999853372574,0.07291666666666663,8.0,0,3,96
3877,368176,61.98999981582165,0.04166666666666663,6.625,0,3,96
3878,368224,67.37166687846184,0.02083333333333337,6.052083333333333,0,2,96
3879,368256,58.85666773468256,0.0625,6.895833333333333,0,3,96
3880,368312,54.95999974384904,0.10416666666666663,6.8125,0,3,96
3881,368696,67.35000002384186,0.01041666666666663,6.25,0,3,96
3882,368736,52.50999957229942,0.11458333333333337,7.0625,0,4,96
3883,368864,47.6316667413339,0.1875,6.864583333333333,0,2,96
3884,368872,58.37666665017605,0.07291666666666663,6.895833333333333,0,3,96
3885,368944,47.145000129938126,0.13541666666666663,8.28125,0,2,96
3886,368992,64.45499910414219,0.02083333333333337,6.53125,0,4,96
3887,369024,67.4316663146019,0.02083333333333337,6.239583333333333,0,2,96
3888,369080,46.11166701372713,0.13541666666666663,8.489583333333334,0,3,96
3889,369464,41.743333286605775,0.1875,8.291666666666666,0,3,96
3890,369504,43.861665872856975,0.17708333333333337,7.927083333333333,0,4,96
3891,369632,47.609999067150056,0.14583333333333337,7.5,0,5,96
3892,369640,44.810000363737345,0.1875,7.125,0,5,96
3893,369712,65.32833349704742,0.03125,6.447916666666667,0,2,96
3894,369760,54.15833378955722,0.125,6.447916666666667,0,3,96
3895,369792,57.18833391368389,0.10416666666666663,6.635416666666667,0,2,96
3896,369848,33.83166631869972,0.21875,9.177083333333334,0,4,96
3897,370232,57.51666663587093,0.07291666666666663,7.145833333333333,0,3,96
3898,370272,52.55666676629335,0.09375,7.520833333333333,0,5,96
3899,370400,62.4700001180172,0.03125,6.625,0,4,96
3900,370408,40.773333507589996,0.19791666666666663,7.791666666666667,0,4,96
3901,370480,66.57333306968212,0.02083333333333337,6.416666666666667,0,2,96
3902,370528,61.40999859571457,0.05208333333333337,7.25,0,0,96
3903,370560,56.67833395302296,0.11458333333333337,6.385416666666667,0,2,96
3904,370616,51.1116676107049,0.15625,6.052083333333333,0,7,96
3905,371000,70.61000061035156,0.0,5.6875,0,3,96
3906,371040,67.99833439290524,0.03125,6.010416666666667,0,1,96
3907,371168,47.71166696306318,0.14583333333333337,7.489583333333333,0,4,96
3908,371176,72.68833449482918,0.02083333333333337,5.197916666666667,0,0,96
3909,371248,28.756666528061032,0.30208333333333337,8.208333333333334,0,6,96
3910,371296,57.19833429157734,0.13541666666666663,5.885416666666667,0,2,96
3911,371328,41.606666922569275,0.17708333333333337,8.333333333333334,0,3,96
3912,371384,61.87000095099211,0.09375,5.6875,0,2,96
3913,371768,60.16666720807552,0.08333333333333337,6.145833333333333,0,3,96
3914,371808,59.46500024199486,0.09375,6.21875,0,2,96
3915,371936,48.27666637953371,0.11458333333333337,7.958333333333333,0,6,96
3916,371944,39.28166716173291,0.21875,7.739583333333333,0,5,96
3917,372016,60.725000753998756,0.0625,6.78125,0,1,96
3918,372064,62.920000180602074,0.08333333333333337,5.75,0,1,96
3919,372096,22.16333311330527,0.36458333333333337,8.354166666666666,0,5,96
3920,372152,39.634999975562096,0.14583333333333337,9.46875,0,4,96
3921,372536,51.31499899085611,0.10416666666666663,7.90625,0,3,96
3922,372576,48.82499985396862,0.14583333333333337,7.78125,0,2,96
3923,372704,54.23666654527187,0.09375,7.770833333333333,0,1,96
3924,372712,64.96333350241184,0.05208333333333337,6.041666666666667,0,2,96
3925,372784,61.8050007969141,0.07291666666666663,6.21875,0,1,96
3926,372832,50.12000025808811,0.13541666666666663,7.75,0,1,96
3927,372864,57.54000023752451,0.07291666666666663,6.75,0,6,96
3928,372920,31.198333462700248,0.23958333333333337,8.760416666666666,0,8,96
3929,373304,34.88500010408461,0.20833333333333337,8.65625,0,8,96
3930,373344,54.94333317875862,0.10416666666666663,6.854166666666667,0,4,96
3931,373472,58.45333434641361,0.08333333333333337,6.291666666666667,0,5,96
3932,373480,60.26166732609272,0.0625,6.677083333333333,0,3,96
3933,373552,50.16333235800266,0.09375,8.354166666666666,0,3,96
3934,373600,54.955000415444374,0.125,6.53125,0,3,96
3935,373632,42.57666643615812,0.15625,8.833333333333334,0,3,96
3936,373688,62.32166646420956,0.0625,6.052083333333333,0,4,96
3937,374072,57.52000032737851,0.10416666666666663,6.1875,0,3,96
3938,374112,38.87666647788137,0.22916666666666663,7.770833333333333,0,4,96
3939,374240,43.80999897420406,0.16666666666666663,8.375,0,2,96
3940,374248,57.97333414852619,0.0625,6.791666666666667,0,5,96
3941,374320,64.50166615843773,0.03125,6.427083333333333,0,3,96
3942,374368,52.574998930096626,0.11458333333333337,7.40625,0,3,96
3943,374400,57.130000323057175,0.05208333333333337,8.0,0,1,96
3944,374456,28.99333357345313,0.26041666666666663,9.104166666666666,0,5,96
3945,374840,17.59166675247252,0.35416666666666663,9.302083333333334,0,8,96
3946,374880,55.741667076945305,0.125,6.427083333333333,0,2,96
3947,375008,70.13166680932045,0.01041666666666663,5.739583333333333,0,2,96
3948,375016,64.43000023066998,0.03125,6.375,0,3,96
3949,375088,49.336666747927666,0.125,8.145833333333334,0,1,96
3950,375136,68.8666680008173,0.05208333333333337,5.208333333333333,0,1,96
3951,375168,63.606666162610054,0.03125,6.645833333333333,0,2,96
3952,375224,60.53666711598635,0.08333333333333337,6.395833333333333,0,1,96
3953,375608,64.35999917238951,0.02083333333333337,6.6875,0,3,96
3954,375648,53.800000614486635,0.10416666666666663,7.0625,0,4,96
3955,375776,52.37333217263222,0.13541666666666663,7.416666666666667,0,0,96
3956,375784,40.803333974443376,0.20833333333333337,7.354166666666667,0,6,96
3957,375856,43.72999968659133,0.14583333333333337,8.125,0,7,96
3958,375904,47.66333328559995,0.14583333333333337,7.791666666666667,0,2,96
3959,375936,50.788333270698786,0.10416666666666663,7.260416666666667,0,9,96
3960,375992,49.491665623150766,0.13541666666666663,7.802083333333333,0,2,96
3961,376376,51.554999861866236,0.08333333333333337,8.46875,0,2,96
3962,376416,60.62833400070667,0.08333333333333337,6.135416666666667,0,3,96
3963,376544,40.20666713267565,0.21875,7.770833333333333,0,3,96
3964,376552,56.356665841303766,0.09375,7.020833333333333,0,2,96
3965,376624,65.71666733920574,0.04166666666666663,5.958333333333333,0,3,96
3966,376672,50.831666469573975,0.09375,8.302083333333334,0,2,96
3967,376704,41.753333151340485,0.17708333333333337,8.479166666666666,0,2,96
3968,376760,46.616665586829185,0.14583333333333337,7.958333333333333,0,3,96
3969,377144,50.696666583418846,0.13541666666666663,6.833333333333333,0,5,96
3970,377184,61.50666639953852,0.04166666666666663,6.645833333333333,0,4,96
3971,377312,66.17333403229713,0.04166666666666663,5.479166666666667,0,5,96
3972,377320,58.15333345532417,0.08333333333333337,6.916666666666667,0,2,96
3973,377392,61.88999855518341,0.02083333333333337,7.625,0,2,96
3974,377440,52.11166639626026,0.10416666666666663,7.802083333333333,0,2,96
3975,377472,64.97499980032444,0.03125,6.40625,0,1,96
3976,377528,44.93000002857298,0.17708333333333337,7.75,0,3,96
3977,377912,30.43000031542033,0.3125,7.9375,0,3,96
3978,377952,46.47166698332876,0.16666666666666663,7.302083333333333,0,4,96
3979,378080,32.44333332963288,0.22916666666666663,8.979166666666666,0,6,96
3980,378088,41.03500021994114,0.17708333333333337,8.53125,0,3,96
3981,378160,67.54500080645084,0.04166666666666663,5.59375,0,2,96
3982,378208,57.51499992609024,0.0625,7.59375,0,1,96
3983,378240,46.67666696663946,0.15625,7.208333333333333,0,7,96
3984,378296,56.776667181402445,0.08333333333333337,7.145833333333333,0,2,96
3985,378680,58.02333330363035,0.08333333333333337,6.291666666666667,0,5,96
3986,378720,56.2250006115064,0.10416666666666663,6.78125,0,2,96
3987,378848,60.72666671127081,0.05208333333333337,6.770833333333333,0,4,96
3988,378856,50.941666475497186,0.125,7.614583333333333,0,2,96
3989,378928,36.2549994206056,0.20833333333333337,8.59375,0,6,96
3990,378976,53.36166714783758,0.15625,5.802083333333333,0,4,96
3991,379008,56.56000021845102,0.0625,7.375,0,5,96
3992,379064,35.30500033032149,0.25,7.78125,0,6,96
3993,379448,44.65500075276941,0.1875,7.40625,0,2,96
3994,379488,58.55666698515415,0.08333333333333337,6.520833333333333,0,3,96
3995,379616,66.54833316802979,0.03125,6.197916666666667,0,0,96
3996,379624,65.0083329230547,0.01041666666666663,7.135416666666667,0,1,96
3997,379696,24.30666634812951,0.30208333333333337,9.145833333333334,0,8,96
3998,379744,66.46333457529545,0.05208333333333337,5.604166666666667,0,2,96
3999,379776,50.61833263095468,0.09375,8.260416666666666,0,4,96
4000,379832,59.9899998344481,0.07291666666666663,6.375,0,3,96
4001,380216,27.34000021684915,0.27083333333333337,9.0625,0,7,96
4002,380256,55.07166628539562,0.10416666666666663,7.114583333333333,0,2,96
4003,380384,54.79166615661234,0.11458333333333337,6.989583333333333,0,2,96
4004,380392,67.071666858159,0.03125,5.802083333333333,0,2,96
4005,380464,42.57499986886978,0.17708333333333337,8.09375,0,4,96
4006,380512,51.753333523869514,0.125,6.854166666666667,0,5,96
4007,380544,51.210000053048134,0.14583333333333337,7.375,0,1,96
4008,380600,47.24499931931496,0.19791666666666663,7.21875,0,0,96
4009,380984,59.74166690558195,0.09375,5.927083333333333,0,4,96
4010,381024,44.3849993981421,0.16666666666666663,7.96875,0,3,96
4011,381152,54.57166665792465,0.10416666666666663,7.114583333333333,0,3,96
4012,381160,50.275000501424074,0.13541666666666663,7.15625,0,3,96
4013,381232,54.8083329051733,0.08333333333333337,7.447916666666667,0,3,96
4014,381280,61.535000945441425,0.08333333333333337,5.71875,0,3,96
4015,381312,67.45333336293697,0.02083333333333337,5.979166666666667,0,3,96
4016,381368,38.36333342269063,0.17708333333333337,8.354166666666666,0,8,96
4017,381752,56.40999989584088,0.10416666666666663,6.8125,0,2,96
4018,381792,48.70166718959808,0.125,8.239583333333334,0,1,96
4019,381920,56.31500121951103,0.11458333333333337,6.84375,0,1,96
4020,381928,54.593333169817924,0.125,6.854166666666667,0,1,96
4021,382000,54.288333520293236,0.11458333333333337,6.635416666666667,0,5,96
4022,382048,58.501666098833084,0.07291666666666663,7.239583333333333,0,0,96
4023,382080,70.3600007891655,0.02083333333333337,5.5625,0,1,96
4024,382136,40.24499955307692,0.19791666666666663,7.90625,0,6,96
4025,382520,64.22500026226044,0.03125,6.40625,0,4,96
4026,382560,41.89666626509279,0.16666666666666663,8.333333333333334,0,5,96
4027,382688,62.249998822808266,0.04166666666666663,7.125,0,1,96
4028,382696,58.304999470710754,0.07291666666666663,6.84375,0,4,96
4029,382768,43.003333093598485,0.16666666666666663,8.354166666666666,0,4,96
4030,382816,56.79666691273451,0.04166666666666663,8.020833333333334,0,3,96
4031,382848,58.47166728973389,0.05208333333333337,7.364583333333333,0,3,96
4032,382904,62.89666725695133,0.0625,6.458333333333333,0,1,96
4033,383288,59.5400003939867,0.05208333333333337,6.9375,0,5,96
4034,383328,45.73000017832965,0.16666666666666663,7.25,0,6,96
4035,383456,54.31999958213419,0.07291666666666663,7.8125,0,4,96
4036,383464,65.41666752099991,0.0625,5.708333333333333,0,1,96
4037,383536,57.045000210404396,0.07291666666666663,7.46875,0,1,96
4038,383584,54.68333322554827,0.11458333333333337,6.479166666666667,0,4,96
4039,383616,61.701667100191116,0.0625,6.489583333333333,0,2,96
4040,383672,69.34000036120415,0.02083333333333337,5.75,0,1,96
4041,384056,39.41499989386648,0.19791666666666663,8.21875,0,5,96
4042,384096,51.771666660904884,0.13541666666666663,6.927083333333333,0,4,96
4043,384224,35.036665707826614,0.28125,7.895833333333333,0,2,96
4044,384232,32.786666995845735,0.28125,8.208333333333334,0,3,96
4045,384304,55.615000266581774,0.10416666666666663,6.71875,0,4,96
4046,384352,51.65000055730343,0.0625,7.875,0,9,96
4047,384384,65.47833283245564,0.01041666666666663,7.072916666666667,0,1,96
4048,384440,43.401667011901736,0.20833333333333337,7.302083333333333,0,3,96
4049,384824,71.4383336007595,0.0,5.822916666666667,0,1,96
4050,384864,64.62000036239624,0.03125,6.4375,0,3,96
4051,384992,46.031666837632656,0.11458333333333337,8.864583333333334,0,4,96
4052,385000,56.81833267211914,0.08333333333333337,7.197916666666667,0,2,96
4053,385072,55.46166666503996,0.0625,8.177083333333334,0,2,96
4054,385120,54.97999984677881,0.08333333333333337,7.5625,0,3,96
4055,385152,52.40000045672059,0.14583333333333337,6.4375,0,3,96
4056,385208,50.21166694816202,0.10416666666666663,7.802083333333333,0,6,96
4057,385592,63.59166683256626,0.05208333333333337,6.364583333333333,0,1,96
4058,385632,49.25833275076002,0.11458333333333337,7.822916666666667,0,5,96
4059,385760,46.153332982212305,0.16666666666666663,7.791666666666667,0,2,96
4060,385768,64.94666557013988,0.01041666666666663,6.895833333333333,0,2,96
4061,385840,53.47666712477803,0.10416666666666663,6.833333333333333,0,6,96
4062,385888,46.52166732028127,0.17708333333333337,6.989583333333333,0,4,96
4063,385920,55.563333958387375,0.10416666666666663,6.604166666666667,0,5,96
4064,385976,56.25666568335146,0.08333333333333337,7.270833333333333,0,3,96
4065,386360,43.16833361145109,0.17708333333333337,7.697916666666667,0,5,96
4066,386400,47.27000024076551,0.13541666666666663,7.6875,0,6,96
4067,386528,63.886666148900986,0.03125,6.770833333333333,0,2,96
4068,386536,43.593333340249956,0.16666666666666663,7.979166666666667,0,4,96
4069,386608,63.25333392620087,0.04166666666666663,6.541666666666667,0,3,96
4070,386656,64.38500056415796,0.04166666666666663,6.15625,0,3,96
4071,386688,49.601666539907455,0.13541666666666663,7.927083333333333,0,1,96
4072,386744,62.57666678726673,0.04166666666666663,6.833333333333333,0,1,96
4073,387128,56.545000702142715,0.125,5.71875,0,5,96
4074,387168,65.13666667044163,0.0,7.395833333333333,0,1,96
4075,387296,40.436666826717556,0.21875,7.520833333333333,0,4,96
4076,387304,67.94333365559578,0.03125,5.916666666666667,0,1,96
4077,387376,64.87166783213615,0.07291666666666663,5.489583333333333,0,2,96
4078,387424,66.37666702270508,0.04166666666666663,5.708333333333333,0,3,96
4079,387456,51.70166616141796,0.14583333333333337,7.177083333333333,0,1,96
4080,387512,47.023332983255386,0.13541666666666663,8.479166666666666,0,1,96
4081,387896,54.48666612803936,0.10416666666666663,6.958333333333333,0,5,96
4082,387936,52.273334078490734,0.11458333333333337,6.541666666666667,0,7,96
4083,388064,63.42333344370127,0.05208333333333337,6.229166666666667,0,2,96
4084,388072,61.943333595991135,0.08333333333333337,5.916666666666667,0,2,96
4085,388144,51.54666665196419,0.125,7.520833333333333,0,1,96
4086,388192,52.386666998267174,0.08333333333333337,8.020833333333334,0,3,96
4087,388224,60.4800000526011,0.05208333333333337,6.75,0,4,96
4088,388280,60.81166769564152,0.05208333333333337,6.864583333333333,0,3,96
4089,388664,40.3716669594869,0.19791666666666663,8.364583333333334,0,3,96
4090,388704,63.19833295047283,0.04166666666666663,6.260416666666667,0,5,96
4091,388832,22.10166604630649,0.35416666666666663,9.052083333333334,0,4,96
4092,388840,33.6833327608183,0.23958333333333337,8.541666666666666,0,6,96
4093,388912,67.72666668891907,0.03125,6.083333333333333,0,0,96
4094,388960,63.70833317935467,0.04166666666666663,6.697916666666667,0,1,96
4095,388992,62.49333330988884,0.0625,6.229166666666667,0,2,96
4096,389048,58.4333335114643,0.0625,7.416666666666667,0,2,96
4097,389432,54.28499984741211,0.09375,7.53125,0,2,96
4098,389472,63.89166630804539,0.04166666666666663,6.614583333333333,0,1,96
4099,389600,61.6483331695199,0.03125,6.822916666666667,0,5,96
4100,389608,40.98666678182781,0.17708333333333337,8.270833333333334,0,6,96
4101,389680,53.45000002440065,0.10416666666666663,7.5625,0,2,96
4102,389728,55.0433340286836,0.13541666666666663,6.291666666666667,0,2,96
4103,389760,61.46666693687439,0.0625,6.020833333333333,0,6,96
4104,389816,34.50999952014536,0.26041666666666663,8.4375,0,2,96
4105,390200,56.77166748698801,0.11458333333333337,6.614583333333333,0,1,96
4106,390240,49.4749990105629,0.10416666666666663,8.34375,0,3,96
4107,390368,61.38333308696747,0.04166666666666663,6.916666666666667,0,3,96
4108,390376,41.94333335570991,0.19791666666666663,7.604166666666667,0,5,96
4109,390448,66.90166701376438,0.03125,5.864583333333333,0,3,96
4110,390496,38.12333371862769,0.16666666666666663,9.104166666666666,0,6,96
4111,390528,65.00666680932045,0.05208333333333337,6.145833333333333,0,1,96
4112,390584,57.860000014305115,0.08333333333333337,6.4375,0,5,96
4113,390968,47.93666679318994,0.08333333333333337,9.145833333333334,0,3,96
4114,391008,63.82833322882652,0.01041666666666663,7.197916666666667,0,2,96
4115,391136,45.23666689544916,0.15625,7.145833333333333,0,8,96
4116,391144,52.48000002279878,0.09375,7.5,0,5,96
4117,391216,51.243333033286035,0.10416666666666663,7.479166666666667,0,5,96
4118,391264,54.61666644271463,0.07291666666666663,7.833333333333333,0,3,96
4119,391296,66.04500079154968,0.05208333333333337,5.84375,0,1,96
4120,391352,65.20999971032143,0.02083333333333337,6.4375,0,2,96
4121,391736,64.49500072747469,0.0625,5.84375,0,2,96
4122,391776,62.02833407372236,0.05208333333333337,6.072916666666667,0,5,96
4123,391904,60.38666667044163,0.0625,6.645833333333333,0,3,96
4124,391912,57.27000005543232,0.09375,6.5,0,4,96
4125,391984,54.09666595607996,0.09375,7.708333333333333,0,2,96
4126,392032,61.073333099484444,0.0625,6.229166666666667,0,5,96
4127,392064,37.28999974485487,0.19791666666666663,8.6875,0,6,96
4128,392120,62.451666697859764,0.03125,7.239583333333333,0,1,96
4129,392504,47.56666660308838,0.13541666666666663,8.333333333333334,0,1,96
4130,392544,35.23666684515774,0.1875,8.833333333333334,0,9,96
4131,392672,52.62999951839447,0.07291666666666663,8.125,0,4,96
4132,392680,55.80833342298865,0.05208333333333337,7.510416666666667,0,7,96
4133,392752,61.51166703179479,0.0625,6.364583333333333,0,3,96
4134,392800,57.47833399474621,0.11458333333333337,6.260416666666667,0,2,96
4135,392832,57.42333383485675,0.08333333333333337,6.854166666666667,0,3,96
4136,392888,66.78333301097155,0.01041666666666663,6.479166666666667,0,2,96
4137,393272,56.071666572242975,0.10416666666666663,6.302083333333333,0,5,96
4138,393312,58.21833295375109,0.09375,6.385416666666667,0,4,96
4139,393440,55.781665459275246,0.07291666666666663,7.614583333333333,0,2,96
4140,393448,65.69166660308838,0.03125,6.177083333333333,0,2,96
4141,393520,52.25999981816858,0.10416666666666663,7.6875,0,3,96
4142,393568,15.5849999319762,0.41666666666666663,8.84375,0,4,96
4143,393600,53.876667528413236,0.14583333333333337,6.208333333333333,0,3,96
4144,393656,47.863332278095186,0.13541666666666663,8.354166666666666,0,2,96
4145,394040,55.975000247359276,0.11458333333333337,6.21875,0,5,96
4146,394080,29.453332549892366,0.3125,8.291666666666666,0,3,96
4147,394208,42.591666302643716,0.17708333333333337,8.052083333333334,0,5,96
4148,394216,52.32833321392536,0.09375,8.072916666666666,0,1,96
4149,394288,63.874999579042196,0.02083333333333337,6.90625,0,2,96
4150,394336,57.22000016272068,0.09375,6.6875,0,2,96
4151,394368,33.670000061392784,0.26041666666666663,8.375,0,4,96
4152,394424,52.53666646685451,0.11458333333333337,7.208333333333333,0,4,96
4153,394808,59.63333344459534,0.10416666666666663,6.041666666666667,0,2,96
4154,394848,48.12666711490601,0.14583333333333337,7.395833333333333,0,3,96
4155,394976,57.053333058953285,0.05208333333333337,7.604166666666667,0,3,96
4156,394984,65.21833270788193,0.02083333333333337,6.697916666666667,0,2,96
4157,395056,48.68500012811273,0.15625,7.03125,0,5,96
4158,395104,54.86333288252354,0.08333333333333337,7.541666666666667,0,4,96
4159,395136,42.9766665911302,0.17708333333333337,8.145833333333334,0,3,96
4160,395192,42.918332843109965,0.14583333333333337,7.947916666666667,0,9,96
4161,395576,32.79000001307577,0.25,8.8125,0,4,96
4162,395616,55.68333359062672,0.13541666666666663,6.229166666666667,0,1,96
4163,395744,61.25499922409654,0.03125,7.40625,0,2,96
4164,395752,48.85166638717055,0.13541666666666663,7.614583333333333,0,4,96
4165,395824,49.68666670098901,0.14583333333333337,6.770833333333333,0,6,96
4166,395872,57.839999875985086,0.07291666666666663,7.0625,0,3,96
4167,395904,55.66166637837887,0.08333333333333337,6.739583333333333,0,7,96
4168,395960,43.848332977853715,0.17708333333333337,7.697916666666667,0,4,96
4169,396344,58.36666692048311,0.10416666666666663,6.208333333333333,0,3,96
4170,396384,61.585000202059746,0.0625,6.46875,0,3,96
4171,396512,45.75833410676569,0.19791666666666663,6.947916666666667,0,4,96
4172,396520,49.63833356555551,0.15625,6.635416666666667,0,4,96
4173,396592,56.776666432619095,0.09375,6.833333333333333,0,3,96
4174,396640,61.920000679790974,0.0625,6.4375,0,2,96
4175,396672,54.91833312716335,0.08333333333333337,6.760416666666667,0,8,96
4176,396728,58.02999996766448,0.05208333333333337,7.3125,0,4,96
4177,397112,46.70000073220581,0.1875,6.5625,0,6,96
4178,397152,41.586666903458536,0.19791666666666663,8.020833333333334,0,3,96
4179,397280,64.10999946296215,0.02083333333333337,6.9375,0,2,96
4180,397288,53.11166697740555,0.125,7.114583333333333,0,2,96
4181,397360,61.881667360663414,0.0625,6.427083333333333,0,2,96
4182,397408,62.48666647076607,0.03125,7.020833333333333,0,3,96
4183,397440,45.74666649103165,0.14583333333333337,8.333333333333334,0,2,96
4184,397496,51.30666609760374,0.10416666666666663,7.520833333333333,0,4,96
4185,397880,45.7616663640365,0.16666666666666663,7.864583333333333,0,3,96
4186,397920,63.75499950349331,0.02083333333333337,6.84375,0,3,96
4187,398048,53.81166700925678,0.05208333333333337,8.427083333333334,0,4,96
4188,398056,66.94666600227356,0.02083333333333337,6.458333333333333,0,0,96
4189,398128,48.58666676282883,0.15625,6.958333333333333,0,5,96
4190,398176,52.33333296328783,0.07291666666666663,8.166666666666666,0,4,96
4191,398208,70.00000037252903,0.0,5.75,0,4,96
4192,398264,59.31166632473469,0.05208333333333337,7.239583333333333,0,2,96
4193,398648,68.26000028848648,0.03125,5.9375,0,0,96
4194,398688,57.3199999993667,0.08333333333333337,6.9375,0,2,96
4195,398816,53.32333393394947,0.125,7.166666666666667,0,1,96
4196,398824,59.911667324602604,0.08333333333333337,5.739583333333333,0,6,96
4197,398896,59.320001024752855,0.0625,6.625,0,5,96
4198,398944,57.64499921351671,0.05208333333333337,7.90625,0,2,96
4199,398976,60.343333929777145,0.09375,6.354166666666667,0,1,96
4200,399032,22.603332919999957,0.34375,8.666666666666666,0,6,96
4201,399416,56.898332855664194,0.07291666666666663,7.072916666666667,0,4,96
4202,399456,52.54499975498766,0.10416666666666663,7.46875,0,3,96
4203,399584,36.286666634492576,0.19791666666666663,8.708333333333334,0,8,96
4204,399592,52.155000790953636,0.14583333333333337,6.46875,0,3,96
4205,399664,61.05833335220814,0.0625,6.760416666666667,0,2,96
4206,399712,69.88000011444092,0.02083333333333337,5.9375,0,0,96
4207,399744,52.140000022016466,0.11458333333333337,6.875,0,6,96
4208,399800,51.023333481512964,0.10416666666666663,7.541666666666667,0,4,96
4209,400184,59.94500035699457,0.07291666666666663,6.65625,0,2,96
4210,400224,54.906666497699916,0.07291666666666663,7.270833333333333,0,6,96
4211,400352,60.44666628539562,0.05208333333333337,6.833333333333333,0,3,96
4212,400360,49.685000776313245,0.13541666666666663,6.90625,0,6,96
4213,400432,64.92666673660278,0.01041666666666663,6.645833333333333,0,4,96
4214,400480,63.11833357810974,0.02083333333333337,6.822916666666667,0,4,96
4215,400512,62.736666560173035,0.04166666666666663,7.083333333333333,0,0,96
4216,400568,56.65833389759064,0.10416666666666663,6.697916666666667,0,2,96
4217,400952,37.69499886687845,0.23958333333333337,8.09375,0,2,96
4218,400992,41.383332437835634,0.20833333333333337,7.979166666666667,0,2,96
4219,401120,52.82833291590214,0.125,6.885416666666667,0,4,96
4220,401128,42.92000029142946,0.1875,7.6875,0,5,96
4221,401200,60.978333085775375,0.04166666666666663,6.822916666666667,0,4,96
4222,401248,53.49166702385992,0.10416666666666663,6.864583333333333,0,6,96
4223,401280,57.03666643798351,0.10416666666666663,6.520833333333333,0,3,96
4224,401336,51.25666653737426,0.11458333333333337,7.520833333333333,0,4,96
