episode,timestep,reward,sla_violation,mean_replicas,crashes,flapping_incidents,length
0,48,-20.281665831804276,0.8333333333333334,3.1666666666666665,1,0,6
1,88,-18.148332748562098,0.7272727272727273,2.090909090909091,1,0,11
2,88,-21.948333337903023,0.9090909090909091,3.727272727272727,1,1,11
3,112,-23.344999246299267,0.8571428571428572,3.2142857142857144,1,4,14
4,160,-21.981667190790176,1.0,5.166666666666667,1,1,6
5,256,-24.313333734869957,0.8095238095238095,4.095238095238095,1,6,21
6,736,-10.208333626389503,0.3913043478260869,6.380434782608695,1,32,92
7,864,-22.406666533090174,0.631578947368421,4.157894736842105,1,24,76
8,928,-49.20666687190533,0.7844827586206897,3.913793103448276,1,47,116
9,936,-18.345000445842743,0.6666666666666667,3.0,1,0,9
10,1016,-21.98500045761466,0.6285714285714286,4.2,1,11,35
11,1032,-7.763332785107195,0.39449541284403666,5.963302752293578,1,39,109
12,1256,-14.606667071580887,0.5365853658536586,3.1707317073170733,1,11,41
13,1256,-18.193333224393427,0.6428571428571428,3.5,1,5,28
14,1336,20.6683333190158,0.16025641025641024,7.660256410256411,1,53,156
15,1528,-21.944999776780605,0.6470588235294117,5.205882352941177,1,9,34
16,1584,-12.551665662787855,0.4444444444444444,7.197530864197531,1,17,81
17,1600,-0.7249999735504389,0.28500000000000003,9.075,0,96,200
18,1600,19.00666686706245,0.22999999999999998,8.92,0,85,200
19,1648,47.07500021532178,0.24,6.375,0,72,200
20,1704,-22.630000576376915,0.8461538461538461,3.230769230769231,1,3,13
21,1832,-20.18499980866909,0.625,2.4375,1,6,16
22,1896,-32.25833373889327,1.0,2.4838709677419355,1,13,31
23,1904,13.265000156126916,0.11267605633802813,5.028169014084507,1,20,71
24,1944,-36.9566656909883,0.9534883720930233,3.302325581395349,1,18,43
25,2024,-24.496665745973587,0.8,3.8666666666666667,1,7,15
26,2048,-26.053332522511482,0.8421052631578947,3.8947368421052633,1,8,19
27,2064,-25.18333373963833,0.8,3.3333333333333335,1,7,15
28,2128,-20.576667346060276,0.4852941176470589,5.617647058823529,1,27,68
29,2232,-24.206665828824043,0.8461538461538461,3.5384615384615383,1,5,13
30,2256,-13.570000417530537,0.2692307692307693,6.0,1,8,26
31,2288,2.834999809972942,0.3584905660377359,5.716981132075472,1,55,159
32,2376,-23.626665852963924,0.9090909090909091,3.090909090909091,1,4,11
33,2440,-22.183333821594715,0.875,1.75,1,3,8
34,2536,-23.95333305373788,0.631578947368421,5.894736842105263,1,11,38
35,2688,9.271667242981493,0.15662650602409633,5.120481927710843,1,29,83
36,2856,26.185000146739185,0.16000000000000003,10.215,0,78,200
37,2960,-22.793333176523447,1.0,2.0,1,2,13
38,2976,-13.701666504144669,0.4722222222222222,4.194444444444445,1,8,36
39,3096,-24.47666646540165,0.8823529411764706,4.470588235294118,1,4,17
40,3128,25.92500033415854,0.375,5.895,0,69,200
41,3384,-14.729999978095293,0.5,3.0,1,11,36
42,3432,50.418333425186574,0.06000000000000005,9.725,0,77,200
43,3520,-5.253333958797157,0.42405063291139244,5.025316455696203,1,61,158
44,3616,-24.08666717633605,1.0,2.3333333333333335,1,4,12
45,3664,55.506666634231806,0.09499999999999997,7.87,0,83,200
46,3744,-16.8033340126276,0.6444444444444444,4.311111111111111,1,6,45
47,3848,-21.92833387851715,0.8461538461538461,2.230769230769231,1,3,13
48,3936,-22.11166574060917,0.6764705882352942,4.088235294117647,1,10,34
49,3976,-22.23833318799734,0.75,3.6875,1,5,16
50,4040,45.34666705317795,0.22999999999999998,7.18,0,67,200
51,4048,-23.01499918103218,0.8888888888888888,4.333333333333333,1,3,9
52,4136,49.36833355482668,0.17500000000000004,7.355,0,73,200
53,4152,-20.134999345988035,0.6153846153846154,2.5384615384615383,1,5,13
54,4272,-24.14833325892687,0.8275862068965517,2.8620689655172415,1,8,29
55,4296,-20.269999861717224,0.7222222222222222,3.3333333333333335,1,3,18
56,4496,-26.03166577219963,0.8,5.08,1,7,25
57,4576,18.808333355933428,0.24,8.915,0,82,200
58,4728,11.276667281985283,0.33999999999999997,8.41,0,69,200
59,4768,-6.509999428875744,0.20588235294117652,3.5294117647058822,1,11,34
60,4768,3.6149995531886816,0.2596153846153846,6.028846153846154,1,36,104
61,4856,-26.060000471770763,1.0,2.625,1,5,16
62,5032,41.21999989449978,0.14,9.21,0,71,200
63,5216,68.31000019796193,0.040000000000000036,8.64,0,72,200
64,5312,-11.176666870713234,0.3157894736842105,5.964912280701754,1,20,57
65,5360,-17.5999997491017,0.41463414634146345,4.829268292682927,1,18,41
66,5736,59.65166672039777,0.06999999999999995,9.115,0,70,200
67,5768,-28.623332624323666,0.8235294117647058,3.0980392156862746,1,15,51
68,5784,0.2333335941657424,0.2816901408450704,3.5211267605633805,1,29,71
69,5872,25.47833372466266,0.265,7.655,0,79,200
70,5880,-0.826666614972055,0.3309352517985612,7.539568345323741,1,41,139
71,6016,-19.858333930373192,0.5882352941176471,5.235294117647059,1,4,17
72,6016,-1.6716661928221583,0.21590909090909094,7.238636363636363,1,34,88
73,6040,-24.050000548362732,0.9047619047619048,2.5714285714285716,1,5,21
74,6160,-36.98166708648205,0.9361702127659575,4.617021276595745,1,15,47
75,6176,14.026667319238186,0.35,7.33,0,76,200
76,6200,-23.090000547468662,0.6956521739130435,3.130434782608696,1,10,23
77,6288,-19.80333387851715,0.6875,2.375,1,4,16
78,6368,14.905000018887222,0.235,8.895,0,89,200
79,6424,-22.618332505226135,1.0,5.0,1,1,7
80,6808,-10.311665722168982,0.375,5.270833333333333,1,12,48
81,7280,-17.153332218527794,0.4915254237288136,4.406779661016949,1,23,59
82,7336,1.006667167879641,0.355,8.59,0,78,200
83,7368,52.28666700422764,0.08499999999999996,9.64,0,70,200
84,7472,-21.683333925902843,0.8461538461538461,2.923076923076923,1,3,13
85,7616,46.67333349771798,0.14,8.96,0,68,200
86,7624,-3.8816663809120655,0.3652694610778443,7.083832335329341,1,54,167
87,7640,46.60166708752513,0.135,8.365,0,78,200
88,7688,-21.654999874532223,1.0,3.0,1,0,9
89,7776,44.798333431594074,0.07999999999999996,9.635,0,84,200
90,7800,30.318333364091814,0.16500000000000004,9.065,0,89,200
91,7928,-17.989999692887068,0.543859649122807,4.2105263157894735,1,19,57
92,8008,-27.183333829045296,0.5604395604395604,6.417582417582418,1,33,91
93,8120,-14.350000653415918,0.44999999999999996,5.3,1,19,60
94,8184,-19.520000509917736,0.75,3.0,1,0,8
95,8184,-11.566665741614997,0.39583333333333337,4.208333333333333,1,17,48
96,8936,38.37666664272547,0.15000000000000002,10.03,0,66,200
97,8984,-21.114999167621136,1.0,1.5,1,1,6
98,9224,33.45833344757557,0.28,8.585,0,51,200
99,9288,89.94000035338104,0.03500000000000003,6.75,0,65,200
100,9376,50.17666658293456,0.07999999999999996,9.58,0,74,200
101,9528,49.13666696101427,0.14500000000000002,9.34,0,60,200
102,9608,-27.096666410565376,0.75,4.6,1,13,40
103,9608,38.380000048317015,0.10999999999999999,10.11,0,80,200
104,9688,-23.52500044181943,0.9,1.5,1,5,10
105,9784,55.03833380993456,0.135,8.015,0,71,200
106,9784,30.498333615250885,0.19999999999999996,10.145,0,61,200
107,10584,69.9583329576999,0.030000000000000027,10.265,0,50,200
108,10824,66.90833337046206,0.07499999999999996,8.765,0,61,200
109,10928,-23.108332589268684,0.9230769230769231,3.6153846153846154,1,2,13
110,10976,53.4600001629442,0.13,8.85,0,64,200
111,11080,-21.59333249926567,0.5263157894736843,3.8947368421052633,1,11,19
112,11128,80.33166681043804,0.0,9.265,0,59,200
113,11208,29.038333472795784,0.22999999999999998,9.335,0,64,200
114,11288,52.775000378489494,0.125,9.795,0,56,200
115,11384,70.76666646450758,0.010000000000000009,10.36,0,55,200
116,11384,43.94666686281562,0.14500000000000002,8.8,0,74,200
117,12184,44.6716665616259,0.13,9.865,0,63,200
118,12576,42.44333347771317,0.16000000000000003,9.56,0,63,200
119,12680,54.03333371505141,0.14,8.69,0,63,200
120,12728,51.533333082683384,0.04500000000000004,10.43,0,71,200
121,12808,31.704999872483313,0.15500000000000003,10.305,0,71,200
122,12888,27.57166690006852,0.245,10.045,0,54,200
123,12984,60.23833317216486,0.10999999999999999,9.665,0,49,200
124,12984,44.088333369232714,0.125,9.995,0,65,200
125,13784,67.29833293892443,0.040000000000000036,10.655,0,46,200
126,14176,60.26833333354443,0.08499999999999996,10.295,0,51,200
127,14280,54.55166661553085,0.06999999999999995,10.735,0,56,200
128,14328,57.03166669886559,0.07499999999999996,10.285,0,56,200
129,14408,43.488333337940276,0.135,10.535,0,59,200
130,14480,-24.369999259710312,1.0,3.3333333333333335,1,4,9
131,14488,50.81333355978131,0.07999999999999996,10.28,0,66,200
132,14584,51.56499986536801,0.09999999999999998,10.215,0,60,200
133,14584,55.46166605595499,0.03500000000000003,10.915,0,63,200
134,15384,59.14666651934385,0.05500000000000005,10.78,0,56,200
135,15776,73.17499973066151,0.015000000000000013,10.695,0,45,200
136,15880,66.91499952878803,0.0050000000000000044,10.755,0,56,200
137,15928,43.24833342991769,0.14,10.445,0,55,200
138,15992,-21.611666556447744,0.75,3.125,1,3,8
139,16080,60.14333288464695,0.09499999999999997,10.37,0,47,200
140,16088,55.50666641443968,0.050000000000000044,10.78,0,61,200
141,16184,59.601666213944554,0.04500000000000004,10.705,0,57,200
142,16184,49.98999979440123,0.14,10.41,0,46,200
143,16248,-18.488332577049732,0.65,2.95,1,5,20
144,16984,66.46833323594183,0.03500000000000003,10.715,0,51,200
145,17376,76.16166595648974,0.015000000000000013,11.185,0,35,200
146,17480,60.310000291094184,0.06499999999999995,10.17,0,58,200
147,17592,76.41666624415666,0.0050000000000000044,10.99,0,41,200
148,17680,67.59999976400286,0.015000000000000013,10.59,0,58,200
149,17784,70.43999985512346,0.0,10.86,0,53,200
150,17784,63.43333300668746,0.07999999999999996,10.43,0,44,200
151,17848,72.80499975569546,0.06000000000000005,10.455,0,36,200
152,18584,75.533332914114,0.015000000000000013,10.73,0,43,200
153,18976,71.23833300359547,0.015000000000000013,11.225,0,43,200
154,19080,77.61999931931496,0.015000000000000013,10.98,0,34,200
155,19192,50.896666733548045,0.09999999999999998,10.93,0,51,200
156,19280,60.12333303503692,0.06999999999999995,10.91,0,48,200
157,19384,58.4283332535997,0.11499999999999999,10.385,0,42,200
158,19384,66.61833303328604,0.09999999999999998,10.895,0,29,200
159,19448,76.6216662991792,0.020000000000000018,10.645,0,38,200
160,19520,-14.441665902733803,0.4117647058823529,4.294117647058823,1,1,17
161,20184,64.02499955985695,0.020000000000000018,10.935,0,53,200
162,20576,47.379999935626984,0.14500000000000002,10.56,0,47,200
163,20680,66.28666610363871,0.050000000000000044,10.75,0,46,200
164,20792,72.7549996143207,0.03500000000000003,10.605,0,41,200
165,20880,57.33333279564977,0.07999999999999996,11.24,0,40,200
166,20984,77.51333322189748,0.0050000000000000044,10.58,0,44,200
167,21048,72.41666599083692,0.020000000000000018,11.08,0,41,200
168,21120,80.60833298135549,0.020000000000000018,10.805,0,31,200
169,21784,71.9949996182695,0.010000000000000009,10.875,0,49,200
170,22176,42.53166609350592,0.21999999999999997,11.125,0,22,200
171,22280,64.64166638907045,0.09499999999999997,10.915,0,32,200
172,22392,56.238332740962505,0.11499999999999999,11.045,0,36,200
173,22480,60.73666637111455,0.125,11.14,0,24,200
174,22584,52.169999414123595,0.14,10.8,0,39,200
175,22648,82.30166606698185,0.0050000000000000044,11.185,0,30,200
176,22720,75.42333279084414,0.025000000000000022,11.0,0,33,200
177,23384,57.11999943386763,0.13,10.65,0,35,200
178,23776,62.04499982018024,0.06499999999999995,10.695,0,50,200
179,23880,75.1416663788259,0.0050000000000000044,11.125,0,42,200
180,23992,83.57666669040918,0.015000000000000013,10.33,0,36,200
181,24080,59.26500018220395,0.09499999999999997,10.845,0,43,200
182,24184,61.49166658055037,0.07999999999999996,10.945,0,40,200
183,24248,59.693332959897816,0.05500000000000005,10.73,0,56,200
184,24320,73.85166648216546,0.030000000000000027,10.765,0,40,200
185,24984,70.01833291724324,0.06000000000000005,10.985,0,34,200
186,25376,82.91833261866122,0.0,11.585,0,23,200
187,25480,65.69166593346745,0.08499999999999996,11.275,0,27,200
188,25592,76.3566664448008,0.015000000000000013,10.96,0,41,200
189,25680,85.13333324994892,0.0050000000000000044,11.21,0,25,200
190,25784,80.1999996388331,0.03500000000000003,10.98,0,27,200
191,25848,69.57833256665617,0.07499999999999996,11.495,0,22,200
192,25920,57.898333040997386,0.13,11.015,0,31,200
193,26584,58.91499971598387,0.09999999999999998,11.445,0,33,200
194,26976,43.259999862872064,0.16000000000000003,10.8,0,44,200
195,27080,80.48999966681004,0.020000000000000018,11.34,0,27,200
196,27192,66.79333285242319,0.07499999999999996,11.21,0,29,200
197,27280,84.24833294562995,0.0050000000000000044,10.775,0,34,200
198,27384,74.54499942623079,0.030000000000000027,11.445,0,30,200
199,27448,78.5983326593414,0.03500000000000003,11.375,0,23,200
200,27520,66.25499965623021,0.10499999999999998,11.355,0,19,200
201,28184,55.003333068452775,0.10999999999999999,11.3,0,35,200
202,28576,62.289999363943934,0.13,11.22,0,19,200
203,28680,75.11166632827371,0.020000000000000018,11.035,0,37,200
204,28792,49.08833329193294,0.17500000000000004,11.225,0,26,200
205,28880,65.39499930944294,0.07999999999999996,11.325,0,30,200
206,28984,73.09166630450636,0.03500000000000003,10.975,0,35,200
207,29048,76.41833269502968,0.050000000000000044,11.105,0,24,200
208,29120,83.50999940279871,0.0050000000000000044,11.25,0,25,200
209,29784,65.46833310928196,0.10999999999999999,11.135,0,25,200
210,30176,83.78499994147569,0.030000000000000027,11.385,0,19,200
211,30280,90.01499964948744,0.0,11.235,0,20,200
212,30392,80.93833265732974,0.025000000000000022,11.495,0,21,200
213,30480,75.74166619591415,0.05500000000000005,11.185,0,24,200
214,30568,-18.00666716694832,0.4545454545454546,3.6363636363636362,1,3,11
215,30584,66.60833271220326,0.09999999999999998,11.405,0,19,200
216,30648,76.1733326073736,0.05500000000000005,11.66,0,15,200
217,30720,74.02166649978608,0.05500000000000005,11.065,0,28,200
218,31384,78.05166658386588,0.0,11.335,0,38,200
219,31776,65.20166632067412,0.09499999999999997,11.245,0,27,200
220,31880,81.83499958645552,0.020000000000000018,11.355,0,23,200
221,31992,90.10999952070415,0.0,11.43,0,16,200
222,32168,82.00166654773057,0.0050000000000000044,11.305,0,28,200
223,32184,93.6499994667247,0.0,11.46,0,11,200
224,32248,65.03499971795827,0.09999999999999998,11.355,0,25,200
225,32320,88.37333305180073,0.0,10.91,0,24,200
226,32984,90.33499958831817,0.0,11.205,0,17,200
227,33376,88.41333262529224,0.0050000000000000044,11.57,0,16,200
228,33480,89.29499979969114,0.0,11.025,0,26,200
229,33592,68.12166621722281,0.10499999999999998,10.945,0,25,200
230,33768,88.69666592031717,0.020000000000000018,11.56,0,10,200
231,33784,83.5516663454473,0.015000000000000013,10.915,0,28,200
232,33848,93.37499921023846,0.0,11.595,0,10,200
233,33920,65.19833274558187,0.13,11.165,0,17,200
234,34584,80.53499920386821,0.050000000000000044,11.595,0,12,200
235,34976,89.90833267197013,0.015000000000000013,11.255,0,15,200
236,35080,89.67499940935522,0.0,11.415,0,17,200
237,35192,89.36499954015017,0.0,11.385,0,18,200
238,35368,89.10833289567381,0.015000000000000013,11.465,0,15,200
239,35384,77.22333285305649,0.07499999999999996,11.42,0,14,200
240,35448,87.56333271972835,0.0050000000000000044,11.39,0,20,200
241,35520,87.07833282090724,0.015000000000000013,11.345,0,17,200
242,36184,90.71833253651857,0.0050000000000000044,11.585,0,10,200
243,36576,92.09833278041333,0.0,11.435,0,11,200
244,36680,71.6383324926719,0.07999999999999996,11.555,0,14,200
245,36792,91.60833232756704,0.0,11.615,0,9,200
246,36968,82.46333274897188,0.025000000000000022,11.36,0,22,200
247,36984,88.4033326935023,0.0050000000000000044,11.54,0,15,200
248,37048,87.45333291403949,0.0,11.39,0,23,200
249,37120,88.77166573982686,0.015000000000000013,11.725,0,8,200
250,37784,93.12499953620136,0.0,11.505,0,12,200
251,38176,74.78999944590032,0.06499999999999995,11.58,0,19,200
252,38280,88.52166631817818,0.0,11.395,0,20,200
253,38392,87.70333298947662,0.0050000000000000044,11.45,0,19,200
254,38568,93.36333266086876,0.0,11.63,0,10,200
255,38584,89.75666605867445,0.010000000000000009,11.56,0,12,200
256,38648,87.06999937165529,0.010000000000000009,11.61,0,13,200
257,38720,93.53333272505552,0.0,11.6,0,9,200
258,39384,90.77666638139635,0.0,11.53,0,15,200
259,39776,93.58333282265812,0.0,11.15,0,14,200
260,39880,74.12999992631376,0.09499999999999997,11.34,0,12,200
261,39992,72.15833280421793,0.07499999999999996,11.465,0,21,200
262,40168,94.65666613262147,0.0050000000000000044,11.32,0,9,200
263,40184,95.45333268865943,0.0,11.66,0,5,200
264,40248,86.78499972168356,0.030000000000000027,11.235,0,18,200
265,40320,92.161666222848,0.015000000000000013,11.455,0,7,200
266,40984,92.25166578404605,0.010000000000000009,11.785,0,4,200
267,41376,83.76666618976742,0.040000000000000036,11.44,0,12,200
268,41480,87.2533328551799,0.025000000000000022,11.18,0,17,200
269,41592,86.44833316653967,0.020000000000000018,11.525,0,16,200
270,41768,83.01166646461934,0.050000000000000044,11.245,0,14,200
271,41784,77.08499919809401,0.07499999999999996,11.715,0,8,200
272,41848,90.63166626356542,0.0,11.545,0,13,200
273,41920,95.34666584711522,0.0,11.71,0,5,200
274,42584,90.33833305630833,0.0050000000000000044,11.495,0,15,200
275,42976,89.63999944832176,0.0,11.52,0,17,200
276,43080,95.48833267018199,0.0050000000000000044,11.645,0,4,200
277,43192,90.34499951824546,0.0050000000000000044,11.415,0,15,200
278,43368,90.89166598021984,0.040000000000000036,11.605,0,0,200
279,43384,96.36499921791255,0.0,11.745,0,2,200
280,43448,86.50833308044821,0.050000000000000044,11.105,0,10,200
281,43520,93.28333276882768,0.0,11.48,0,12,200
282,44184,94.24166614562273,0.0050000000000000044,11.545,0,8,200
283,44576,91.58666601404548,0.025000000000000022,11.59,0,4,200
284,44680,93.78666619304568,0.0,11.5,0,11,200
285,44792,96.67833255045116,0.0050000000000000044,11.555,0,2,200
286,44968,94.31166584417224,0.0,11.695,0,6,200
287,44984,94.91666593775153,0.0,11.47,0,9,200
288,45048,93.27499969955534,0.0,11.475,0,12,200
289,45120,87.37166631780565,0.025000000000000022,11.335,0,12,200
290,45784,90.13333276566118,0.020000000000000018,11.24,0,13,200
291,46176,93.37666618078947,0.0050000000000000044,11.62,0,9,200
292,46280,93.45499943010509,0.015000000000000013,11.655,0,3,200
293,46392,92.20166629552841,0.0,11.635,0,11,200
294,46568,77.10333270952106,0.09499999999999997,11.6,0,4,200
295,46584,94.78499942552298,0.0,11.505,0,9,200
296,46648,78.28666630759835,0.08999999999999997,11.38,0,8,200
297,46720,73.6116661792621,0.10499999999999998,11.515,0,9,200
298,47384,95.04166602902114,0.0,11.695,0,5,200
299,47776,76.45999947655946,0.07499999999999996,11.7,0,10,200
300,47880,86.46166640520096,0.050000000000000044,11.635,0,6,200
301,47992,95.46666648611426,0.0050000000000000044,11.32,0,11,200
302,48168,96.90499959047884,0.0,11.475,0,6,200
303,48184,95.53666629362851,0.0,11.32,0,10,200
304,48248,92.97166620846838,0.010000000000000009,11.695,0,6,200
305,48320,93.01999949850142,0.0050000000000000044,11.37,0,12,200
306,48984,94.0699994424358,0.0,11.58,0,8,200
307,49376,87.49999944400042,0.050000000000000044,11.73,0,2,200
308,49480,95.38666610047221,0.0,11.68,0,5,200
309,49592,90.72333291731775,0.020000000000000018,11.45,0,8,200
310,49768,93.23333273269236,0.0050000000000000044,11.63,0,7,200
311,49784,94.39666628371924,0.0050000000000000044,11.53,0,8,200
312,49848,96.94999938551337,0.0,11.52,0,5,200
313,49920,85.14833297487348,0.04500000000000004,11.585,0,7,200
314,50584,93.50333292409778,0.025000000000000022,11.6,0,4,200
315,50976,95.68833263032138,0.0,11.765,0,3,200
316,51080,64.57833310496062,0.15000000000000002,11.195,0,12,200
317,51192,94.12333289068192,0.0050000000000000044,11.6,0,7,200
318,51368,88.19166611973196,0.040000000000000036,11.635,0,6,200
319,51384,83.81833314523101,0.06000000000000005,11.525,0,7,200
320,51448,89.80999937653542,0.04500000000000004,11.61,0,2,200
321,51520,82.28166615124792,0.07999999999999996,11.605,0,4,200
322,52184,95.32833272218704,0.0,11.645,0,4,200
323,52576,84.46999944839627,0.04500000000000004,11.46,0,10,200
324,52680,93.90666671749204,0.025000000000000022,11.23,0,7,200
325,52792,98.70999981928617,0.0,11.16,0,9,200
326,52968,94.29666657932103,0.030000000000000027,11.14,0,5,200
327,52984,100.52666615974158,0.0,11.41,0,2,200
328,53048,81.89999944996089,0.07999999999999996,11.37,0,6,200
329,53120,97.82999939937145,0.0,11.46,0,5,200
330,53784,91.88999940268695,0.030000000000000027,11.61,0,3,200
331,54176,96.97833314165473,0.0,11.585,0,5,200
332,54280,96.80833284184337,0.0050000000000000044,11.555,0,5,200
333,54392,97.56999936699867,0.0,11.7,0,1,200
334,54568,95.31166602671146,0.010000000000000009,11.725,0,1,200
335,54584,98.26333283353597,0.0,11.54,0,4,200
336,54648,92.64666585624218,0.025000000000000022,11.8,0,0,200
337,54720,97.19999965280294,0.010000000000000009,11.04,0,8,200
338,55384,91.65666596032679,0.010000000000000009,11.74,0,7,200
339,55776,82.63499966263771,0.07999999999999996,11.385,0,5,200
340,55880,89.30499935429543,0.040000000000000036,11.505,0,5,200
341,55992,90.11999921500683,0.040000000000000036,11.64,0,2,200
342,56168,79.14333307463676,0.08499999999999996,11.69,0,6,200
343,56184,89.69666599202901,0.04500000000000004,11.56,0,3,200
344,56248,100.05166634730995,0.0,11.425,0,2,200
345,56320,97.563332837075,0.0,11.63,0,4,200
346,56984,97.1733327191323,0.0,11.72,0,2,200
347,57376,79.8749997196719,0.07499999999999996,11.595,0,9,200
348,57480,98.00999953504652,0.0,11.49,0,6,200
349,57592,82.35833267401904,0.07499999999999996,11.645,0,3,200
350,57768,96.72833294514567,0.010000000000000009,11.465,0,4,200
351,57784,100.97166628297418,0.0,11.305,0,2,200
352,57848,98.15499948617071,0.010000000000000009,11.445,0,2,200
353,57920,90.38166617043316,0.05500000000000005,11.245,0,3,200
354,58584,84.0133329378441,0.07999999999999996,11.27,0,4,200
355,58976,95.42333299200982,0.020000000000000018,11.45,0,4,200
356,59080,89.33499932475388,0.06000000000000005,11.175,0,3,200
357,59192,94.99333271197975,0.015000000000000013,11.75,0,2,200
358,59368,81.21166616491973,0.07499999999999996,11.755,0,4,200
359,59384,97.98666594084352,0.0,11.77,0,1,200
360,59448,95.58166630007327,0.0050000000000000044,11.635,0,6,200
361,59520,95.99333286937326,0.0050000000000000044,11.6,0,6,200
362,60184,81.92666608095169,0.07999999999999996,11.65,0,1,200
363,60576,86.74833282455802,0.05500000000000005,11.585,0,4,200
364,60680,98.5616663666442,0.0,11.185,0,7,200
365,60792,98.99166624061763,0.0,11.575,0,2,200
366,60968,98.55499961134046,0.0050000000000000044,11.055,0,10,200
367,60984,99.26833289861679,0.0,11.705,0,0,200
368,61048,93.11333300359547,0.030000000000000027,11.54,0,3,200
369,61120,98.42666639667004,0.010000000000000009,11.26,0,5,200
370,61784,99.44833289086819,0.0050000000000000044,11.645,0,0,200
371,62176,98.7849997151643,0.0,11.355,0,8,200
372,62280,98.7916660644114,0.0,11.635,0,1,200
373,62392,98.95499989576638,0.0050000000000000044,11.385,0,4,200
374,62568,97.26666614226997,0.0,11.71,0,2,200
375,62584,99.2166660875082,0.0,11.71,0,0,200
376,62648,95.02333292271942,0.030000000000000027,11.3,0,2,200
377,62720,89.2616662895307,0.050000000000000044,11.725,0,1,200
378,63384,98.62166634108871,0.0,11.575,0,3,200
379,63776,85.09499953035265,0.06999999999999995,11.445,0,4,200
380,63880,101.92499953508377,0.0,11.385,0,0,200
381,63992,99.15499958395958,0.0,11.715,0,0,200
382,64168,84.90833271108568,0.06999999999999995,11.405,0,4,200
383,64184,99.62833287473768,0.015000000000000013,11.105,0,2,200
384,64248,89.85666624736041,0.04500000000000004,11.59,0,3,200
385,64320,84.15833345521241,0.07999999999999996,11.285,0,5,200
386,64984,98.33166628703475,0.0,11.545,0,4,200
387,65376,98.49666626751423,0.0,11.71,0,0,200
388,65480,100.94666636362672,0.0,11.53,0,1,200
389,65592,90.05166633985937,0.04500000000000004,11.395,0,4,200
390,65768,93.11333274841309,0.030000000000000027,11.72,0,0,200
391,65784,97.09833266865462,0.0,11.675,0,3,200
392,65848,100.81166677176952,0.0,11.455,0,1,200
393,65920,86.73666609823704,0.06000000000000005,11.65,0,2,200
394,66584,87.06833278294653,0.06499999999999995,11.375,0,2,200
395,66976,84.62499965634197,0.07499999999999996,11.295,0,4,200
396,67080,87.34499961789697,0.05500000000000005,11.625,0,2,200
397,67192,93.71833278890699,0.040000000000000036,11.285,0,2,200
398,67368,89.62999948021024,0.050000000000000044,11.64,0,1,200
399,67384,98.678332939744,0.0,11.825,0,0,200
400,67448,100.2366663068533,0.0,11.56,0,0,200
401,67520,101.50833293702453,0.0,11.345,0,2,200
402,68184,94.52833272330463,0.025000000000000022,11.435,0,3,200
403,68576,98.97166632767767,0.015000000000000013,11.275,0,2,200
404,68680,97.59666629508138,0.015000000000000013,11.59,0,1,200
405,68792,99.61833301186562,0.0,11.645,0,0,200
406,68968,101.13666617125273,0.0,11.44,0,2,200
407,68984,101.2733328556642,0.0,11.39,0,2,200
408,69048,98.80166626814753,0.0,11.545,0,4,200
409,69120,102.338333055377,0.0,11.375,0,1,200
410,69784,102.32999990694225,0.0,11.22,0,3,200
411,70176,89.79999946057796,0.050000000000000044,11.67,0,0,200
412,70280,95.34499960299581,0.020000000000000018,11.715,0,1,200
413,70392,98.7349996920675,0.015000000000000013,11.295,0,3,200
414,70568,99.5083329975605,0.0,11.795,0,0,200
415,70584,101.87999951001257,0.0,11.28,0,2,200
416,70648,99.10833302605897,0.010000000000000009,11.225,0,5,200
417,70720,103.28166661318392,0.0,10.915,0,5,200
418,71384,84.91833293251693,0.06999999999999995,11.585,0,3,200
419,71776,97.70666625164449,0.030000000000000027,10.9,0,4,200
420,71880,94.68999993614852,0.03500000000000003,11.1,0,5,200
421,71992,102.54166652075946,0.0,11.365,0,2,200
422,72168,100.2316664820537,0.0,11.635,0,1,200
423,72184,98.7166665000841,0.0,11.65,0,2,200
424,72248,91.7233326388523,0.040000000000000036,11.6,0,2,200
425,72320,84.45166648551822,0.06000000000000005,11.605,0,6,200
426,72984,99.24833294935524,0.0,11.405,0,5,200
427,73376,93.80999990273267,0.040000000000000036,11.28,0,4,200
428,73480,91.79666609223932,0.04500000000000004,11.35,0,3,200
429,73592,100.92999954521656,0.0,11.55,0,0,200
430,73768,97.85166633781046,0.0050000000000000044,11.785,0,1,200
431,73784,91.32999980449677,0.04500000000000004,11.34,0,5,200
432,73848,99.74166628532112,0.0,11.515,0,2,200
433,73920,97.91166648827493,0.0050000000000000044,11.575,0,4,200
434,74584,99.32833310961723,0.020000000000000018,11.195,0,1,200
435,74976,101.18166714441031,0.0050000000000000044,11.005,0,6,200
436,75080,90.83499973360449,0.04500000000000004,11.415,0,5,200
437,75192,96.38833326753229,0.025000000000000022,11.345,0,2,200
438,75368,84.5716663300991,0.08499999999999996,11.425,0,1,200
439,75384,97.80833312869072,0.030000000000000027,11.105,0,1,200
440,75448,103.76833323389292,0.0050000000000000044,11.015,0,1,200
441,75520,98.31666659843177,0.025000000000000022,10.99,0,4,200
442,76184,104.42166721727699,0.015000000000000013,10.405,0,4,200
443,76576,94.46666694339365,0.03500000000000003,11.38,0,2,200
444,76680,96.27666681166738,0.03500000000000003,10.96,0,6,200
445,76792,97.54333311971277,0.030000000000000027,11.15,0,2,200
446,76968,102.43166695255786,0.0,11.125,0,4,200
447,76984,103.18499963916838,0.0,10.965,0,5,200
448,77048,102.92833255138248,0.0,11.225,0,2,200
449,77120,97.28833297174424,0.0,11.615,0,6,200
450,77784,101.72833326365799,0.0,11.375,0,2,200
451,78176,93.78333302214742,0.040000000000000036,11.27,0,3,200
452,78280,102.28833331819624,0.0,11.135,0,5,200
453,78392,101.00666658580303,0.0,11.59,0,1,200
454,78568,99.29333323426545,0.0050000000000000044,11.45,0,4,200
455,78584,86.67999935150146,0.07999999999999996,11.25,0,1,200
456,78648,98.94166631158441,0.0,11.695,0,1,200
457,78720,101.34833326097578,0.020000000000000018,10.745,0,4,200
458,79384,107.10333347693086,0.0050000000000000044,10.67,0,1,200
459,79776,107.76166670676321,0.0,10.615,0,2,200
460,79880,91.83833323977888,0.040000000000000036,11.255,0,7,200
461,79992,99.98333281837404,0.0,11.24,0,6,200
462,80168,96.09833297040313,0.020000000000000018,11.345,0,3,200
463,80184,103.73499981220812,0.0,11.115,0,2,200
464,80248,99.32833274453878,0.015000000000000013,11.195,0,4,200
465,80320,92.59999957680702,0.030000000000000027,11.79,0,2,200
466,80984,99.91666670702398,0.0,11.41,0,5,200
467,81376,100.02999967336655,0.0,11.79,0,0,200
468,81480,95.41666594799608,0.040000000000000036,11.05,0,4,200
469,81592,100.33166647143662,0.0,11.455,0,4,200
470,81768,102.17333279550076,0.0050000000000000044,11.24,0,1,200
471,81784,95.16666611842811,0.0050000000000000044,11.77,0,4,200
472,81848,85.81833283603191,0.07499999999999996,11.525,0,1,200
473,81920,100.00499985273927,0.0,11.715,0,1,200
474,82584,100.90333359129727,0.0,11.42,0,3,200
475,82976,103.51833330281079,0.020000000000000018,10.505,0,4,200
476,83080,89.32166663557291,0.06499999999999995,11.365,0,1,200
477,83192,103.36333291232586,0.0,11.36,0,0,200
478,83368,69.88833298441023,0.14,11.465,0,4,200
479,83384,97.40166688617319,0.03500000000000003,11.005,0,2,200
480,83448,90.22833308577538,0.06000000000000005,11.435,0,0,200
481,83520,100.8766665905714,0.020000000000000018,11.02,0,2,200
482,84184,92.75333274714649,0.03500000000000003,11.3,0,4,200
483,84576,84.03833273705095,0.08499999999999996,11.315,0,2,200
484,84680,101.85166633781046,0.015000000000000013,11.035,0,1,200
485,84792,70.01666589826345,0.17500000000000004,10.84,0,2,200
486,84968,103.96333328541368,0.020000000000000018,10.7,0,1,200
487,84984,99.2049995213747,0.0,11.835,0,0,200
488,85048,104.64333328418434,0.0,10.97,0,3,200
489,85120,89.98166667576879,0.06999999999999995,10.885,0,3,200
490,85784,103.92333402112126,0.010000000000000009,10.91,0,2,200
491,86176,107.31500048190355,0.0,10.725,0,2,200
492,86280,92.17499957140535,0.03500000000000003,11.565,0,2,200
493,86392,100.47833312209696,0.030000000000000027,10.565,0,5,200
494,86568,99.31499942298979,0.0,11.685,0,1,200
495,86584,100.04333337955177,0.030000000000000027,10.76,0,4,200
496,86648,101.82666649576277,0.020000000000000018,10.87,0,2,200
497,86720,95.39499966613948,0.040000000000000036,11.205,0,2,200
498,87384,94.49333345051855,0.050000000000000044,10.94,0,2,200
499,87776,91.61333324760199,0.050000000000000044,11.36,0,2,200
500,87880,111.97166621685028,0.0,10.285,0,0,200
501,87992,96.51999941002578,0.025000000000000022,11.31,0,3,200
502,88168,106.95833314862102,0.0,10.775,0,2,200
503,88184,100.41499957442284,0.0,11.655,0,0,200
504,88248,102.45666685886681,0.0,11.32,0,3,200
505,88320,92.82499994710088,0.040000000000000036,11.475,0,2,200
506,88984,107.21999984048307,0.0050000000000000044,10.53,0,4,200
507,89376,100.08333364501595,0.015000000000000013,11.3,0,1,200
508,89480,108.11999957915395,0.010000000000000009,10.17,0,6,200
509,89592,102.61999982967973,0.020000000000000018,10.74,0,1,200
510,89768,103.9466656576842,0.0,11.11,0,3,200
511,89784,90.19666672404855,0.06000000000000005,11.17,0,3,200
512,89848,104.97666630148888,0.0,10.99,0,1,200
513,89920,102.63333284854889,0.010000000000000009,11.06,0,1,200
514,90584,108.30000075511634,0.0,10.53,0,4,200
515,90976,104.04500028770417,0.0,11.115,0,3,200
516,91080,106.03500156849623,0.010000000000000009,10.785,0,1,200
517,91192,95.97999940626323,0.025000000000000022,11.49,0,2,200
518,91368,105.40999983251095,0.0,11.13,0,0,200
519,91384,103.23499940149486,0.05500000000000005,9.795,0,3,200
520,91448,102.66666655242443,0.0050000000000000044,11.23,0,1,200
521,91520,112.71166683733463,0.0,10.075,0,2,200
522,92184,108.09499996714294,0.0,10.605,0,3,200
523,92576,105.47999982535839,0.0,11.01,0,0,200
524,92680,96.21166635211557,0.025000000000000022,11.515,0,1,200
525,92792,108.13999990280718,0.0,10.65,0,3,200
526,92968,89.48666594270617,0.07999999999999996,10.54,0,6,200
527,92984,103.51333382632583,0.020000000000000018,10.7,0,2,200
528,93048,96.41833297908306,0.030000000000000027,11.405,0,0,200
529,93120,97.38166697882116,0.025000000000000022,11.095,0,5,200
530,93784,106.30500064324588,0.0,10.905,0,2,200
531,94176,99.61833283305168,0.07999999999999996,9.755,0,0,200
532,94280,76.77499993797392,0.14,10.935,0,1,200
533,94392,101.78166630771011,0.010000000000000009,11.155,0,2,200
534,94568,101.80666700471193,0.015000000000000013,10.96,0,4,200
535,94584,109.85166617389768,0.0,10.525,0,1,200
536,94648,110.54333290830255,0.015000000000000013,10.1,0,1,200
537,94720,114.15833395719528,0.015000000000000013,9.605,0,1,200
538,95384,79.40166687779129,0.12,10.855,0,5,200
539,95776,89.57333292067051,0.05500000000000005,11.6,0,0,200
540,95880,94.4133330900222,0.06499999999999995,10.67,0,3,200
541,95992,108.19666753523052,0.0,10.51,0,4,200
542,96168,101.34333359077573,0.03500000000000003,10.58,0,2,200
543,96184,118.64833455812186,0.0,9.485,0,2,200
544,96248,111.70333287864923,0.0,10.28,0,1,200
545,96320,101.30333325080574,0.06499999999999995,9.83,0,3,200
546,96984,105.41666655987501,0.0,11.08,0,1,200
547,97376,117.9599988264963,0.010000000000000009,9.24,0,3,200
548,97480,92.92166635766625,0.07499999999999996,10.165,0,10,200
549,97592,108.1349992370233,0.0,10.785,0,1,200
550,97768,68.42666640039533,0.17000000000000004,11.29,0,1,200
551,97784,111.40333364717662,0.0050000000000000044,10.01,0,3,200
552,97848,89.76499968580902,0.06999999999999995,11.055,0,4,200
553,97920,84.98166646715254,0.09499999999999997,10.975,0,2,200
554,98584,101.20999982114881,0.025000000000000022,10.89,0,1,200
555,98976,103.32833357807249,0.040000000000000036,10.205,0,3,200
556,99080,110.24333295039833,0.020000000000000018,9.92,0,2,200
557,99192,108.26666728965938,0.015000000000000013,10.27,0,3,200
558,99368,106.25166676938534,0.0,10.855,0,1,200
559,99384,106.60499967820942,0.0,10.845,0,3,200
560,99448,113.44666539784521,0.0,10.18,0,1,200
561,99520,102.71166688855737,0.010000000000000009,10.945,0,2,200
562,100184,79.77666654717177,0.125,10.9,0,3,200
563,100576,111.78666695021093,0.015000000000000013,9.55,0,7,200
564,100680,87.05333359446377,0.12,10.07,0,4,200
565,100792,112.8233329039067,0.03500000000000003,9.08,0,3,200
566,100968,112.5966669274494,0.0,10.09,0,2,200
567,100984,105.2350002862513,0.03500000000000003,10.095,0,3,200
568,101048,121.62833258882165,0.0,9.125,0,2,200
569,101120,103.3483335673809,0.0,11.255,0,1,200
570,101784,105.00500000268221,0.020000000000000018,10.635,0,1,200
571,102176,105.80833427142352,0.010000000000000009,10.595,0,3,200
572,102280,108.48166694119573,0.0,10.735,0,1,200
573,102392,107.27000054717064,0.05500000000000005,9.51,0,1,200
574,102568,115.53000123612583,0.03500000000000003,8.88,0,3,200
575,102584,105.83999979496002,0.025000000000000022,10.41,0,0,200
576,102648,99.88666713889688,0.025000000000000022,10.99,0,3,200
577,102720,92.83666566386819,0.06999999999999995,10.72,0,2,200
578,103384,118.35833335574716,0.0,9.455,0,2,200
579,103776,100.06833423580974,0.06000000000000005,10.055,0,4,200
580,103880,100.15333245508373,0.08499999999999996,9.5,0,2,200
581,103992,112.55333310365677,0.010000000000000009,10.07,0,0,200
582,104168,117.63833454996347,0.015000000000000013,9.155,0,3,200
583,104184,115.43999962415546,0.0,9.78,0,2,200
584,104248,110.1083337366581,0.020000000000000018,10.115,0,0,200
585,104320,109.97000034432858,0.010000000000000009,10.23,0,3,200
586,104984,106.97666699718684,0.025000000000000022,10.09,0,3,200
587,105376,93.96500012278557,0.06999999999999995,10.665,0,1,200
588,105480,117.13500044401735,0.010000000000000009,9.225,0,3,200
589,105592,100.8650001520291,0.05500000000000005,9.795,0,6,200
590,105768,113.34500036761165,0.0,9.945,0,3,200
591,105784,113.41666641831398,0.015000000000000013,9.73,0,2,200
592,105848,91.33333249296993,0.10499999999999998,9.98,0,3,200
593,105920,113.57666605245322,0.0,9.73,0,6,200
594,106584,102.26500077079982,0.025000000000000022,10.635,0,4,200
595,106976,103.42333333846182,0.04500000000000004,10.1,0,1,200
596,107080,85.33333316259086,0.08999999999999997,10.91,0,4,200
597,107192,94.78499919641763,0.08499999999999996,9.945,0,5,200
598,107368,111.6466663358733,0.0,9.88,0,6,200
599,107384,108.79500062577426,0.050000000000000044,9.225,0,4,200
600,107448,110.85499944444746,0.0,10.425,0,1,200
601,107520,110.29999862611294,0.025000000000000022,9.96,0,0,200
602,108184,110.06000000517815,0.015000000000000013,9.96,0,4,200
603,108576,84.04666569735855,0.09999999999999998,11.11,0,2,200
604,108680,90.28166599478573,0.09999999999999998,10.315,0,2,200
605,108792,89.11833395715803,0.12,9.815,0,5,200
606,108968,117.85333320405334,0.0,9.47,0,3,200
607,108984,101.74499995168298,0.03500000000000003,10.605,0,2,200
608,109048,109.14833333250135,0.0050000000000000044,10.535,0,1,200
609,109120,101.60833238717169,0.040000000000000036,10.505,0,2,200
610,109784,104.30666661262512,0.06999999999999995,9.37,0,2,200
611,110176,111.0649986518547,0.05500000000000005,9.045,0,2,200
612,110280,117.34666708484292,0.04500000000000004,8.41,0,3,200
613,110392,118.50166463013738,0.0,9.595,0,1,200
614,110568,99.6800001244992,0.030000000000000027,10.8,0,4,200
615,110584,101.83333294745535,0.05500000000000005,9.95,0,3,200
616,110648,107.97000080998987,0.025000000000000022,9.99,0,4,200
617,110720,106.5933336019516,0.020000000000000018,10.37,0,1,200
618,111384,94.18666682951152,0.08499999999999996,10.18,0,4,200
619,111776,99.34000015258789,0.07499999999999996,9.78,0,2,200
620,111880,113.43666768725961,0.020000000000000018,9.4,0,4,200
621,111992,119.01666637416929,0.0050000000000000044,9.19,0,3,200
622,112168,105.17166668735445,0.08499999999999996,8.785,0,4,200
623,112184,116.58833319600672,0.050000000000000044,8.345,0,3,200
624,112248,116.2850006883964,0.0,9.765,0,1,200
625,112320,97.52999962028116,0.06499999999999995,10.26,0,3,200
626,112984,108.77833434101194,0.040000000000000036,9.665,0,3,200
627,113376,98.73333321511745,0.08499999999999996,9.83,0,1,200
628,113480,120.23666754364967,0.0,9.4,0,1,200
629,113592,123.11333415377885,0.010000000000000009,8.48,0,4,200
630,113768,102.4533340325579,0.03500000000000003,10.4,0,3,200
631,113784,111.07833376154304,0.020000000000000018,9.875,0,2,200
632,113848,114.05500070657581,0.030000000000000027,9.195,0,3,200
633,113920,98.59000022523105,0.03500000000000003,10.83,0,4,200
634,114584,96.5966670261696,0.09499999999999997,9.49,0,6,200
635,114976,114.12333366461098,0.010000000000000009,9.29,0,8,200
636,115080,99.90500052645802,0.06499999999999995,9.885,0,6,200
637,115192,100.3066655350849,0.07999999999999996,9.64,0,3,200
638,115368,117.773332439363,0.0,9.68,0,1,200
639,115384,106.4649999095127,0.050000000000000044,9.615,0,2,200
640,115448,112.93999940063804,0.0,10.08,0,3,200
641,115520,109.45166711881757,0.040000000000000036,9.445,0,2,200
642,116184,118.04000009596348,0.015000000000000013,9.15,0,2,200
643,116576,74.24333302676678,0.17000000000000004,10.43,0,3,200
644,116680,107.45166701078415,0.040000000000000036,9.895,0,1,200
645,116792,125.72166553791612,0.025000000000000022,8.035,0,1,200
646,116968,113.33333362452686,0.04500000000000004,9.02,0,2,200
647,116984,114.12666602432728,0.015000000000000013,9.49,0,4,200
648,117048,108.58500111661851,0.04500000000000004,9.375,0,4,200
649,117120,102.4933330565691,0.050000000000000044,10.25,0,0,200
650,117784,106.13500018417835,0.06999999999999995,9.135,0,4,200
651,118176,122.22666697017848,0.0,8.83,0,4,200
652,118280,87.45666646119207,0.09999999999999998,10.75,0,2,200
653,118392,91.50333323143423,0.135,9.11,0,5,200
654,118568,108.43999829888344,0.030000000000000027,10.05,0,1,200
655,118584,89.12833284400403,0.09499999999999997,10.415,0,4,200
656,118648,115.57166675385088,0.030000000000000027,8.995,0,2,200
657,118720,120.87999942805618,0.010000000000000009,8.85,0,3,200
658,119384,106.08499976806343,0.07499999999999996,9.045,0,3,200
659,119776,89.21333401370794,0.14,9.23,0,5,200
660,119880,114.1883311457932,0.04500000000000004,8.915,0,1,200
661,119992,121.99000133946538,0.015000000000000013,8.49,0,4,200
662,120168,103.06666652671993,0.06000000000000005,9.67,0,4,200
663,120184,114.64500079210848,0.020000000000000018,9.345,0,3,200
664,120248,98.8016667123884,0.04500000000000004,10.375,0,7,200
665,120320,114.43333427794278,0.0050000000000000044,9.59,0,5,200
666,120984,103.08333475980908,0.040000000000000036,10.1,0,5,200
667,121376,115.5849984837696,0.020000000000000018,9.195,0,4,200
668,121480,104.68499988969415,0.08499999999999996,8.865,0,5,200
669,121592,119.50000053830445,0.010000000000000009,8.94,0,4,200
670,121768,100.10833356808871,0.04500000000000004,10.475,0,3,200
671,121784,123.91833265032619,0.0050000000000000044,8.645,0,3,200
672,121848,111.03999998327345,0.050000000000000044,9.0,0,3,200
673,121920,122.60166800022125,0.0050000000000000044,8.995,0,0,200
674,122584,116.19833370856941,0.0050000000000000044,9.485,0,4,200
675,122976,110.0933334864676,0.03500000000000003,9.53,0,3,200
676,123080,107.66000050865114,0.050000000000000044,9.45,0,3,200
677,123192,107.52499955426902,0.06000000000000005,9.165,0,4,200
678,123368,110.34666684549302,0.04500000000000004,8.95,0,7,200
679,123384,115.50166738405824,0.020000000000000018,9.295,0,2,200
680,123448,109.39333453308791,0.015000000000000013,10.22,0,2,200
681,123520,102.40833279397339,0.07999999999999996,9.425,0,3,200
682,124184,85.93000067584217,0.16000000000000003,9.33,0,3,200
683,124576,116.93833218794316,0.0,9.455,0,4,200
684,124680,76.55833197105676,0.19499999999999995,9.545,0,5,200
685,124792,103.92833330482244,0.08499999999999996,9.005,0,3,200
686,124968,114.67333436012268,0.020000000000000018,9.53,0,1,200
687,124984,100.43500163778663,0.10999999999999999,8.745,0,4,200
688,125048,124.6266671270132,0.0050000000000000044,8.71,0,1,200
689,125120,113.19333259668201,0.025000000000000022,9.35,0,3,200
690,125784,113.80166741739959,0.06000000000000005,8.425,0,4,200
691,126176,126.32000166550279,0.0050000000000000044,8.4,0,3,200
692,126280,124.42666766047478,0.015000000000000013,8.38,0,3,200
693,126392,122.90166719257832,0.025000000000000022,8.365,0,1,200
694,126568,90.45000062230974,0.11499999999999999,9.78,0,5,200
695,126584,116.90333427116275,0.020000000000000018,8.87,0,6,200
696,126648,102.84999968018383,0.06000000000000005,9.75,0,4,200
697,126720,103.50500002410263,0.07499999999999996,9.105,0,6,200
698,127384,123.74166657682508,0.030000000000000027,8.095,0,3,200
699,127776,111.63333354797214,0.040000000000000036,8.93,0,7,200
700,127880,128.10999973118305,0.0050000000000000044,8.19,0,3,200
701,127992,119.61166624631733,0.030000000000000027,8.575,0,2,200
702,128168,128.2000000961125,0.030000000000000027,7.53,0,2,200
703,128184,112.44500013440847,0.030000000000000027,9.405,0,3,200
704,128248,107.49833387788385,0.08499999999999996,8.585,0,3,200
705,128320,108.61166756879538,0.050000000000000044,9.265,0,4,200
706,128984,89.51999973785132,0.12,9.84,0,4,200
707,129376,124.51333397533745,0.0,8.66,0,3,200
708,129480,112.0216665500775,0.040000000000000036,9.025,0,6,200
709,129592,113.41333255823702,0.050000000000000044,8.93,0,1,200
710,129768,111.64166695531458,0.050000000000000044,8.995,0,3,200
711,129784,109.49499972071499,0.07499999999999996,8.565,0,4,200
712,129848,122.0183335095644,0.0,9.155,0,1,200
713,129920,119.89833301305771,0.040000000000000036,8.525,0,0,200
714,130584,121.82166612148285,0.0,9.235,0,0,200
715,130976,123.60333268996328,0.050000000000000044,7.7,0,1,200
716,131080,94.84666628297418,0.11499999999999999,9.46,0,3,200
717,131192,118.60666604619473,0.0,9.37,0,3,200
718,131368,114.92333333846182,0.040000000000000036,9.02,0,1,200
719,131384,116.1266670525074,0.05500000000000005,8.44,0,1,200
720,131448,114.98833440896124,0.025000000000000022,9.125,0,4,200
721,131520,102.46166650019586,0.04500000000000004,10.225,0,4,200
722,132184,111.06333413161337,0.06000000000000005,8.69,0,5,200
723,132576,115.09666579589248,0.020000000000000018,9.34,0,3,200
724,132680,107.43999908864498,0.06499999999999995,9.18,0,2,200
725,132792,101.74333466868848,0.12,8.3,0,4,200
726,132968,111.60000001545995,0.06999999999999995,8.7,0,1,200
727,132984,118.73333224933594,0.040000000000000036,8.18,0,6,200
728,133048,94.4916673405096,0.125,9.145,0,4,200
729,133120,119.28166848421097,0.06000000000000005,8.035,0,0,200
730,133784,111.90833341237158,0.040000000000000036,9.185,0,3,200
731,134176,116.92666677664965,0.03500000000000003,8.62,0,4,200
732,134280,87.17333364672959,0.14500000000000002,9.32,0,7,200
733,134392,129.59333332255483,0.010000000000000009,7.94,0,2,200
734,134568,123.36000017821789,0.0,8.76,0,4,200
735,134584,122.40166714601219,0.040000000000000036,7.855,0,5,200
736,134648,124.20499915257096,0.040000000000000036,7.905,0,1,200
737,134720,104.43500001635402,0.06499999999999995,9.315,0,5,200
738,135384,90.10999978054315,0.14,9.24,0,5,200
739,135776,122.06833263393492,0.010000000000000009,8.765,0,2,200
740,135880,114.3983336314559,0.04500000000000004,8.735,0,3,200
741,135992,123.81666715350002,0.030000000000000027,8.14,0,2,200
742,136168,131.38833352923393,0.0050000000000000044,7.985,0,0,200
743,136184,75.16333304159343,0.22999999999999998,8.93,0,4,200
744,136248,115.81666780821979,0.06000000000000005,8.29,0,3,200
745,136320,109.71166799776256,0.06499999999999995,8.575,0,6,200
746,136984,97.90999942179769,0.14,8.34,0,4,200
747,137376,125.72500030696392,0.015000000000000013,8.325,0,1,200
748,137480,127.40833359956741,0.020000000000000018,7.865,0,3,200
749,137592,123.01666760444641,0.040000000000000036,8.11,0,0,200
750,137768,127.52500028442591,0.0050000000000000044,8.115,0,3,200
751,137784,111.05166623648256,0.06499999999999995,8.545,0,5,200
752,137848,96.16833376511931,0.10499999999999998,9.275,0,6,200
753,137920,117.38500060793012,0.020000000000000018,8.985,0,4,200
754,138584,118.95500101149082,0.050000000000000044,8.355,0,1,200
755,138976,100.06666648760438,0.07999999999999996,9.49,0,5,200
756,139080,120.31500056758523,0.025000000000000022,8.505,0,3,200
757,139192,115.49666636064649,0.04500000000000004,8.62,0,3,200
758,139368,104.68333262763917,0.05500000000000005,9.56,0,5,200
759,139384,118.47666753828526,0.015000000000000013,9.16,0,1,200
760,139448,123.98666732665151,0.03500000000000003,7.81,0,4,200
761,139520,108.03333282284439,0.07499999999999996,8.63,0,5,200
762,140184,112.51333295367658,0.050000000000000044,8.81,0,4,200
763,140576,111.7433346491307,0.05500000000000005,8.78,0,3,200
764,140680,102.7000001128763,0.09499999999999997,8.67,0,6,200
765,140792,124.99500063434243,0.020000000000000018,8.145,0,3,200
766,140968,130.6950010061264,0.010000000000000009,7.935,0,0,200
767,140984,120.59500092640519,0.030000000000000027,8.505,0,2,200
768,141048,124.84333381429315,0.020000000000000018,8.06,0,4,200
769,141120,113.35666572209448,0.04500000000000004,8.8,0,4,200
770,141784,109.15166690852493,0.07999999999999996,8.305,0,5,200
771,142176,103.45833439845592,0.08499999999999996,8.825,0,7,200
772,142280,92.86666627414525,0.14,8.92,0,4,200
773,142392,118.42000013962388,0.040000000000000036,8.55,0,1,200
774,142568,101.93333383556455,0.08499999999999996,9.32,0,2,200
775,142584,123.86000069975853,0.040000000000000036,7.89,0,2,200
776,142648,116.30333356931806,0.04500000000000004,8.48,0,4,200
777,142720,113.51666754484177,0.050000000000000044,8.89,0,1,200
778,143384,120.0066676652059,0.015000000000000013,9.07,0,1,200
779,143776,127.35666651185602,0.040000000000000036,7.51,0,2,200
780,143880,129.5183339556679,0.0050000000000000044,8.075,0,2,200
781,143992,131.2666653841734,0.010000000000000009,7.69,0,2,200
782,144168,118.18666579201818,0.03500000000000003,8.53,0,3,200
783,144184,114.70499965455383,0.06000000000000005,8.295,0,4,200
784,144248,117.39833376556635,0.020000000000000018,8.975,0,4,200
785,144320,93.60166739113629,0.13,9.085,0,4,200
786,144984,126.80500050634146,0.0,8.415,0,3,200
787,145376,110.85999930277467,0.06999999999999995,8.67,0,2,200
788,145480,123.24833290930837,0.020000000000000018,8.435,0,2,200
789,145592,107.49833360128105,0.07999999999999996,8.735,0,4,200
790,145768,113.26000048872083,0.08999999999999997,8.04,0,1,200
791,145784,122.39666636288166,0.0,9.07,0,1,200
792,145848,115.06833399366587,0.09499999999999997,7.505,0,3,200
793,145920,118.87833401095122,0.030000000000000027,8.675,0,2,200
794,146584,128.88499961793423,0.0050000000000000044,8.145,0,2,200
795,146976,119.6783330803737,0.010000000000000009,8.915,0,4,200
796,147080,103.713333517313,0.06999999999999995,9.32,0,5,200
797,147192,119.3966659437865,0.04500000000000004,8.14,0,4,200
798,147368,125.48166789487004,0.010000000000000009,8.395,0,2,200
799,147384,122.06000039633363,0.030000000000000027,8.25,0,3,200
800,147448,122.34000077843666,0.025000000000000022,8.4,0,2,200
801,147520,123.69333432614803,0.015000000000000013,8.45,0,3,200
802,148184,89.60833298321813,0.125,9.485,0,6,200
803,148576,120.12333320081234,0.03500000000000003,8.18,0,5,200
804,148680,125.93833370134234,0.0050000000000000044,8.315,0,4,200
805,148792,98.40333428885788,0.08999999999999997,9.35,0,5,200
806,148968,120.34833258297294,0.030000000000000027,8.255,0,5,200
807,148984,128.75500082224607,0.020000000000000018,7.635,0,3,200
808,149048,120.46999973710626,0.040000000000000036,8.1,0,4,200
809,149120,106.57666804548353,0.05500000000000005,9.31,0,5,200
810,149784,116.02333361282945,0.04500000000000004,8.3,0,7,200
811,150176,101.73333461117,0.07499999999999996,9.35,0,6,200
812,150280,118.18499910831451,0.050000000000000044,8.445,0,0,200
813,150392,98.26333405543119,0.08999999999999997,9.2,0,9,200
814,150568,104.29833315126598,0.06999999999999995,9.125,0,6,200
815,150584,123.06166655570269,0.0,8.935,0,2,200
816,150648,107.4149999236688,0.06999999999999995,9.075,0,2,200
817,150720,102.69666781183332,0.10999999999999999,8.77,0,1,200
818,151384,120.2499993275851,0.030000000000000027,8.4,0,3,200
819,151776,119.13999988138676,0.025000000000000022,8.46,0,6,200
820,151880,69.65833314228803,0.22999999999999998,9.065,0,9,200
821,151992,127.70166707411408,0.0050000000000000044,8.035,0,5,200
822,152168,115.82833382859826,0.04500000000000004,8.345,0,6,200
823,152184,104.40333345346153,0.06000000000000005,9.32,0,7,200
824,152248,127.52833437453955,0.015000000000000013,8.045,0,2,200
825,152320,118.85666650161147,0.040000000000000036,8.38,0,3,200
826,152984,122.80000090226531,0.030000000000000027,8.13,0,3,200
827,153376,116.13166794367135,0.04500000000000004,8.515,0,5,200
828,153480,85.46499997004867,0.125,9.915,0,8,200
829,153592,111.40833298582584,0.06499999999999995,8.375,0,7,200
830,153768,102.11500001326203,0.12,8.505,0,2,200
831,153784,107.84833262022585,0.06499999999999995,8.945,0,5,200
832,153848,123.9216650268063,0.0050000000000000044,8.575,0,3,200
833,153920,125.67500150203705,0.0050000000000000044,8.595,0,0,200
834,154584,100.88666708022356,0.06999999999999995,9.82,0,2,200
835,154976,118.57166720181704,0.015000000000000013,8.995,0,3,200
836,155080,116.17666656151414,0.040000000000000036,8.56,0,5,200
837,155192,110.03333475347608,0.07499999999999996,8.42,0,5,200
838,155368,107.94833258725703,0.03500000000000003,9.605,0,6,200
839,155384,120.01999979373068,0.030000000000000027,8.49,0,3,200
840,155448,106.82333406619728,0.09999999999999998,8.21,0,3,200
841,155520,104.74833292327821,0.07999999999999996,8.855,0,5,200
842,156184,122.44166696071625,0.025000000000000022,8.545,0,0,200
843,156576,118.12666704505682,0.030000000000000027,8.59,0,5,200
844,156680,94.94999978039414,0.11499999999999999,9.09,0,7,200
845,156792,129.3600007146597,0.020000000000000018,7.71,0,2,200
846,156968,109.83833271171898,0.04500000000000004,9.005,0,8,200
847,156984,125.53833600878716,0.030000000000000027,7.895,0,2,200
848,157048,129.59666519518942,0.0050000000000000044,7.81,0,6,200
849,157120,130.52166677173227,0.010000000000000009,7.735,0,3,200
850,157784,110.9450003253296,0.06499999999999995,8.475,0,6,200
851,158176,116.473333356902,0.040000000000000036,8.57,0,5,200
852,158280,94.79000030364841,0.135,8.91,0,3,200
853,158392,114.2866668542847,0.040000000000000036,8.74,0,6,200
854,158568,129.05500163510442,0.015000000000000013,7.785,0,3,200
855,158584,128.71499936282635,0.03500000000000003,7.305,0,4,200
856,158648,89.86166751943529,0.16000000000000003,8.755,0,5,200
857,158720,103.3183337347582,0.06999999999999995,9.275,0,5,200
858,159384,125.89333418663591,0.010000000000000009,8.21,0,4,200
859,159776,108.43500081356615,0.08999999999999997,8.475,0,2,200
860,159880,112.46499997377396,0.06999999999999995,8.295,0,4,200
861,159992,99.64833384286612,0.11499999999999999,8.795,0,4,200
862,160168,133.8200007379055,0.025000000000000022,7.23,0,0,200
863,160184,94.26000032387674,0.12,9.24,0,5,200
864,160248,111.42000131495297,0.07499999999999996,8.28,0,5,200
865,160320,126.10666732490063,0.015000000000000013,8.23,0,2,200
866,160984,112.07833395060152,0.05500000000000005,8.885,0,2,200
867,161376,117.59333329554647,0.040000000000000036,8.33,0,5,200
868,161480,136.7166663557291,0.010000000000000009,7.15,0,1,200
869,161592,118.48833397682756,0.06499999999999995,7.865,0,3,200
870,161768,109.82000026479363,0.08499999999999996,8.37,0,3,200
871,161784,117.32500049471855,0.07999999999999996,7.665,0,2,200
872,161848,128.75833359360695,0.015000000000000013,7.865,0,2,200
873,161920,130.48833176493645,0.020000000000000018,7.625,0,1,200
874,162584,112.0733348177746,0.06000000000000005,8.51,0,6,200
875,162976,107.53500009141862,0.06499999999999995,8.955,0,5,200
876,163080,118.73833386413753,0.07499999999999996,7.445,0,4,200
877,163192,126.20666585862637,0.010000000000000009,8.32,0,2,200
878,163368,131.3700005626306,0.020000000000000018,7.5,0,2,200
879,163384,119.81166722532362,0.030000000000000027,8.605,0,2,200
880,163448,110.57166667282581,0.06499999999999995,8.965,0,0,200
881,163520,104.63000017590821,0.07999999999999996,8.82,0,6,200
882,164184,131.57166801393032,0.020000000000000018,7.525,0,1,200
883,164576,136.11166767030954,0.0050000000000000044,7.285,0,2,200
884,164680,123.97500094026327,0.030000000000000027,8.115,0,1,200
885,164792,106.87333521060646,0.08999999999999997,8.54,0,3,200
886,164968,99.49999989382923,0.09999999999999998,9.0,0,6,200
887,164984,112.07333365082741,0.06999999999999995,8.33,0,3,200
888,165048,102.97166622709483,0.06499999999999995,9.355,0,8,200
889,165120,106.72833401337266,0.125,7.685,0,4,200
890,165784,109.38333253189921,0.03500000000000003,9.53,0,4,200
891,166176,103.35833282768726,0.10499999999999998,8.465,0,5,200
892,166280,128.03500074800104,0.03500000000000003,7.425,0,3,200
893,166392,120.54499956034124,0.04500000000000004,7.875,0,5,200
894,166568,106.23499951325357,0.06499999999999995,8.985,0,7,200
895,166584,108.18000102508813,0.07999999999999996,8.4,0,7,200
896,166648,98.48666679952294,0.10999999999999999,8.8,0,7,200
897,166720,127.89333344250917,0.03500000000000003,7.37,0,4,200
898,167384,120.6033339118585,0.07499999999999996,7.49,0,1,200
899,167776,83.9866664512083,0.17000000000000004,9.25,0,4,200
900,167880,128.77666540443897,0.015000000000000013,7.99,0,1,200
901,167992,92.90500102844089,0.135,8.955,0,6,200
902,168168,115.98833392094821,0.050000000000000044,8.285,0,5,200
903,168184,132.16999852657318,0.010000000000000009,7.71,0,1,200
904,168248,100.9133336422965,0.08499999999999996,9.35,0,4,200
905,168320,101.03833548631519,0.135,8.195,0,3,200
906,168984,124.38666704110801,0.04500000000000004,7.54,0,4,200
907,169376,124.6700004413724,0.015000000000000013,8.37,0,2,200
908,169480,101.47833446227014,0.10499999999999998,8.645,0,6,200
909,169592,120.08333376701921,0.050000000000000044,8.06,0,2,200
910,169768,110.66000037547201,0.08499999999999996,8.31,0,2,200
911,169784,106.55666695348918,0.09499999999999997,8.26,0,6,200
912,169848,91.9983330052346,0.14,9.095,0,3,200
913,169920,123.34999977052212,0.030000000000000027,8.19,0,2,200
914,170584,111.37833505030721,0.04500000000000004,9.005,0,5,200
915,170976,130.7233357168734,0.0,8.09,0,1,200
916,171080,119.59833300113678,0.030000000000000027,8.795,0,0,200
917,171192,119.38500013947487,0.07499999999999996,7.485,0,3,200
918,171368,115.46666692849249,0.050000000000000044,8.29,0,5,200
919,171384,115.30333256348968,0.05500000000000005,8.24,0,5,200
920,171448,116.34166805259883,0.06499999999999995,7.975,0,4,200
921,171520,114.62666735704988,0.040000000000000036,8.95,0,2,200
922,172184,114.21999896876514,0.050000000000000044,8.52,0,5,200
923,172576,87.26166664715856,0.17000000000000004,8.905,0,4,200
924,172680,112.83500080835074,0.030000000000000027,9.075,0,6,200
925,172792,114.27833238895983,0.05500000000000005,8.435,0,4,200
926,172968,128.83333273231983,0.010000000000000009,8.09,0,1,200
927,172984,119.38833389710635,0.04500000000000004,7.895,0,7,200
928,173048,130.79499968886375,0.0,8.115,0,1,200
929,173120,122.44499936699867,0.050000000000000044,7.635,0,5,200
930,173784,121.3833335628733,0.040000000000000036,8.12,0,3,200
931,174176,102.31166587676853,0.08999999999999997,9.085,0,3,200
932,174280,121.64333394076675,0.04500000000000004,7.64,0,7,200
933,174392,122.79500008001924,0.030000000000000027,8.265,0,2,200
934,174568,120.28999993484467,0.06000000000000005,7.59,0,5,200
935,174584,90.07666706107557,0.11499999999999999,9.64,0,8,200
936,174648,131.0333349071443,0.010000000000000009,7.73,0,3,200
937,174720,109.89666585437953,0.08999999999999997,7.84,0,9,200
938,175384,124.7766679264605,0.05500000000000005,7.36,0,3,200
939,175776,134.69499956071377,0.0,7.635,0,1,200
940,175880,126.08000040054321,0.030000000000000027,7.89,0,2,200
941,175992,118.08166698552668,0.050000000000000044,7.975,0,7,200
942,176168,122.60499956365675,0.040000000000000036,7.965,0,3,200
943,176184,102.77333419024944,0.08499999999999996,9.17,0,3,200
944,176248,131.43833175301552,0.015000000000000013,7.685,0,1,200
945,176320,118.90499939024448,0.04500000000000004,8.235,0,3,200
946,176984,118.64333444088697,0.03500000000000003,8.51,0,4,200
947,177376,120.9600000269711,0.03500000000000003,8.16,0,4,200
948,177480,128.04499945696443,0.04500000000000004,7.275,0,2,200
949,177592,132.96833269298077,0.0,7.775,0,2,200
950,177768,130.7216660529375,0.030000000000000027,7.285,0,2,200
951,177784,127.28499974310398,0.025000000000000022,7.815,0,3,200
952,177848,99.28333290386945,0.10999999999999999,8.63,0,7,200
953,177920,101.68833367805928,0.08999999999999997,8.705,0,9,200
954,178584,100.05000061076134,0.135,8.25,0,4,200
955,178976,125.55166666209698,0.025000000000000022,7.885,0,4,200
956,179080,129.16999980807304,0.025000000000000022,7.62,0,2,200
957,179192,112.578333417885,0.07999999999999996,7.985,0,4,200
958,179368,124.82166509330273,0.03500000000000003,7.735,0,4,200
959,179384,109.10666789766401,0.07499999999999996,8.44,0,6,200
960,179448,108.47333312779665,0.08999999999999997,8.39,0,3,200
961,179520,103.78333327826113,0.07499999999999996,9.38,0,3,200
962,180184,119.98666813969612,0.05500000000000005,8.05,0,1,200
963,180576,117.49833372235298,0.07999999999999996,7.655,0,1,200
964,180680,118.23999947309494,0.06999999999999995,7.8,0,2,200
965,180792,114.32000040821731,0.05500000000000005,8.31,0,7,200
966,180968,133.3300004787743,0.010000000000000009,7.47,0,2,200
967,180984,126.59666766878217,0.025000000000000022,7.78,0,4,200
968,181048,120.25166670884937,0.03500000000000003,8.365,0,3,200
969,181120,116.2850003009662,0.06000000000000005,7.935,0,7,200
970,181784,122.5933337053284,0.04500000000000004,7.85,0,2,200
971,182176,103.91000031586736,0.08999999999999997,8.79,0,5,200
972,182280,111.66833447478712,0.06000000000000005,8.525,0,6,200
973,182392,132.78666684031487,0.015000000000000013,7.54,0,1,200
974,182568,103.0483349468559,0.12,8.165,0,5,200
975,182584,130.57333336677402,0.020000000000000018,7.55,0,3,200
976,182648,108.39999962504953,0.09499999999999997,8.28,0,3,200
977,182720,95.86166695412248,0.14,8.725,0,3,200
978,183384,105.49666618462652,0.08999999999999997,8.8,0,2,200
979,183776,131.23833319544792,0.0050000000000000044,7.985,0,0,200
980,183880,121.06333299633116,0.040000000000000036,8.06,0,4,200
981,183992,124.01500045508146,0.06499999999999995,7.245,0,2,200
982,184168,126.00833389163017,0.030000000000000027,7.775,0,3,200
983,184184,104.9916668748483,0.12,8.125,0,3,200
984,184248,136.6699995994568,0.020000000000000018,7.02,0,0,200
985,184320,109.44500133302063,0.08999999999999997,8.175,0,5,200
986,184984,118.71666600555182,0.06000000000000005,7.93,0,3,200
987,185376,124.31166787073016,0.025000000000000022,8.065,0,4,200
988,185480,111.44833398517221,0.10999999999999999,7.625,0,2,200
989,185592,108.8099994873628,0.06999999999999995,8.73,0,5,200
990,185768,114.56500010937452,0.07999999999999996,7.845,0,4,200
991,185784,125.23666839953512,0.06499999999999995,7.15,0,2,200
992,185848,135.271665930748,0.025000000000000022,7.045,0,0,200
993,185920,101.62166689243168,0.12,8.515,0,3,200
994,186584,93.46833370067179,0.16000000000000003,8.285,0,6,200
995,186976,120.78833216801286,0.040000000000000036,8.135,0,4,200
996,187080,129.75000005960464,0.03500000000000003,7.26,0,3,200
997,187192,122.45666692312807,0.03500000000000003,8.08,0,3,200
998,187368,136.44500097632408,0.020000000000000018,6.825,0,2,200
999,187384,111.95333317667246,0.06999999999999995,8.42,0,3,200
1000,187448,96.68500041868538,0.14,8.505,0,4,200
1001,187520,133.77166594192386,0.010000000000000009,7.285,0,4,200
1002,188184,115.87999970745295,0.04500000000000004,8.46,0,6,200
1003,188576,117.16833335906267,0.05500000000000005,8.075,0,5,200
1004,188680,114.22499981429428,0.08499999999999996,7.785,0,4,200
1005,188792,124.82666725292802,0.03500000000000003,7.87,0,2,200
1006,188968,120.32666768040508,0.05500000000000005,7.78,0,4,200
1007,188984,109.14333342760801,0.07999999999999996,8.27,0,7,200
1008,189048,101.63166667893529,0.125,8.065,0,6,200
1009,189120,108.90333407372236,0.07499999999999996,8.54,0,4,200
1010,189784,98.65666659455746,0.10499999999999998,9.1,0,4,200
1011,190176,123.80500011146069,0.030000000000000027,7.995,0,4,200
1012,190280,114.16666757967323,0.06000000000000005,8.32,0,5,200
1013,190392,87.41499986406416,0.14500000000000002,9.465,0,5,200
1014,190568,130.51833237614483,0.025000000000000022,7.325,0,4,200
1015,190584,116.105000580661,0.050000000000000044,8.505,0,3,200
1016,190648,130.4433345682919,0.015000000000000013,7.64,0,3,200
1017,190720,116.09833403583616,0.05500000000000005,8.285,0,4,200
1018,191384,133.86333420872688,0.0,7.55,0,4,200
1019,191776,100.87166535388678,0.11499999999999999,8.785,0,2,200
1020,191880,116.32500114571303,0.06499999999999995,8.145,0,2,200
1021,191992,133.38666644319892,0.010000000000000009,7.42,0,3,200
1022,192168,118.03000033274293,0.06499999999999995,7.77,0,5,200
1023,192184,120.09833352267742,0.06999999999999995,7.715,0,0,200
1024,192248,122.69000122323632,0.03500000000000003,7.83,0,7,200
1025,192320,126.7050015181303,0.050000000000000044,7.095,0,5,200
1026,192984,123.506667396985,0.04500000000000004,7.45,0,7,200
1027,193376,115.66666633542627,0.06000000000000005,8.08,0,6,200
1028,193480,97.78833327349275,0.12,8.735,0,6,200
1029,193592,118.53999931365252,0.08999999999999997,7.17,0,4,200
1030,193768,130.50666710361838,0.0050000000000000044,7.78,0,4,200
1031,193784,108.78666730038822,0.10499999999999998,7.87,0,4,200
1032,193848,135.9550007507205,0.0,7.395,0,2,200
1033,193920,118.1183330155909,0.07999999999999996,7.325,0,6,200
1034,194584,110.31333330180496,0.06499999999999995,8.33,0,10,200
1035,194976,131.19499872624874,0.030000000000000027,7.095,0,4,200
1036,195080,114.72999904956669,0.06999999999999995,7.92,0,6,200
1037,195192,123.27999949455261,0.050000000000000044,7.83,0,0,200
1038,195368,125.31666546687484,0.040000000000000036,7.42,0,6,200
1039,195384,120.45000085234642,0.06000000000000005,7.71,0,3,200
1040,195448,122.36999981105328,0.05500000000000005,7.68,0,2,200
1041,195520,98.33499979041517,0.15500000000000003,7.815,0,5,200
1042,196184,114.51499982178211,0.08999999999999997,7.695,0,3,200
1043,196576,121.37833341956139,0.05500000000000005,7.925,0,1,200
1044,196680,131.30166528746486,0.015000000000000013,7.315,0,5,200
1045,196792,108.82166740950197,0.08499999999999996,8.155,0,7,200
1046,196968,130.7566674388945,0.025000000000000022,7.3,0,4,200
1047,196984,124.19833499845117,0.025000000000000022,8.105,0,3,200
1048,197048,109.53499964531511,0.07999999999999996,8.295,0,6,200
1049,197120,115.50666730105877,0.050000000000000044,8.38,0,5,200
1050,197784,108.07500006910414,0.10999999999999999,7.935,0,3,200
1051,198176,84.89500098954886,0.18500000000000005,8.835,0,4,200
1052,198280,135.59999956190586,0.0050000000000000044,7.29,0,3,200
1053,198392,126.9416656633839,0.025000000000000022,7.735,0,3,200
1054,198568,111.82833344489336,0.05500000000000005,8.825,0,4,200
1055,198584,109.61166677530855,0.06999999999999995,8.635,0,5,200
1056,198648,102.14500051736832,0.14500000000000002,8.055,0,0,200
1057,198720,115.2300000526011,0.04500000000000004,8.61,0,5,200
1058,199384,122.77666644752026,0.05500000000000005,7.54,0,3,200
1059,199776,134.7033327817917,0.030000000000000027,6.89,0,1,200
1060,199880,125.81500013172626,0.03500000000000003,7.725,0,2,200
1061,199992,108.67166607733816,0.10499999999999998,7.945,0,4,200
1062,200168,119.47499786317348,0.05500000000000005,7.935,0,3,200
1063,200184,120.92833285033703,0.030000000000000027,8.255,0,5,200
1064,200248,130.95333378762007,0.05500000000000005,6.77,0,1,200
1065,200320,111.81666707806289,0.08999999999999997,7.81,0,6,200
1066,200984,119.89999987836927,0.04500000000000004,7.89,0,7,200
1067,201376,141.54166624322534,0.0,6.835,0,1,200
1068,201480,124.5666677840054,0.04500000000000004,7.63,0,3,200
1069,201592,109.49166813399643,0.07499999999999996,8.545,0,5,200
1070,201768,126.80166845675558,0.03500000000000003,7.765,0,1,200
1071,201784,92.85500046145171,0.135,8.985,0,6,200
1072,201848,126.01500122249126,0.030000000000000027,7.965,0,1,200
1073,201920,133.54166724905372,0.020000000000000018,7.135,0,3,200
1074,202584,110.42000029888004,0.06499999999999995,8.73,0,4,200
1075,202976,110.07833357714117,0.06499999999999995,8.675,0,5,200
1076,203080,108.96666672732681,0.08499999999999996,8.41,0,4,200
1077,203192,110.41500019282103,0.08999999999999997,8.235,0,2,200
1078,203368,95.75666575692594,0.14,8.38,0,7,200
1079,203384,115.9000002592802,0.050000000000000044,8.46,0,3,200
1080,203448,103.15166713576764,0.09499999999999997,8.815,0,4,200
1081,203520,120.79500088747591,0.05500000000000005,7.815,0,2,200
1082,204184,95.98000019881874,0.14500000000000002,8.43,0,6,200
1083,204576,132.22000040858984,0.030000000000000027,7.02,0,4,200
1084,204680,113.19500085618347,0.06499999999999995,8.205,0,7,200
1085,204792,104.17500066943467,0.10499999999999998,8.385,0,6,200
1086,204968,108.43666690960526,0.08499999999999996,8.41,0,5,200
1087,204984,112.25500041991472,0.06999999999999995,8.445,0,2,200
1088,205048,120.09166695922613,0.04500000000000004,7.795,0,8,200
1089,205120,118.33333359658718,0.07999999999999996,7.61,0,1,200
1090,205784,65.83833361975849,0.24,9.425,0,9,200
1091,206176,86.55166706163436,0.16000000000000003,8.965,0,8,200
1092,206280,111.28333381470293,0.08999999999999997,8.0,0,4,200
1093,206392,120.56333353277296,0.03500000000000003,8.09,0,5,200
1094,206568,130.79333347454667,0.025000000000000022,7.37,0,3,200
1095,206584,112.01833372190595,0.06000000000000005,8.645,0,4,200
1096,206648,92.33500063605607,0.14,8.565,0,11,200
1097,206720,138.07999849319458,0.025000000000000022,6.75,0,0,200
1098,207384,121.86666664853692,0.06000000000000005,7.51,0,4,200
1099,207776,121.37500110268593,0.025000000000000022,8.625,0,1,200
1100,207880,115.91833352576941,0.07499999999999996,7.625,0,7,200
1101,207992,127.24666683375835,0.030000000000000027,7.6,0,4,200
1102,208168,115.61000033747405,0.06499999999999995,7.89,0,7,200
1103,208184,108.41333307512105,0.09999999999999998,7.94,0,6,200
1104,208248,125.28500027861446,0.04500000000000004,7.455,0,4,200
1105,208320,80.1700000334531,0.16500000000000004,9.21,0,14,200
1106,208984,95.67000073939562,0.08999999999999997,9.66,0,5,200
1107,209376,112.64999978616834,0.09499999999999997,7.65,0,5,200
1108,209480,86.65500057674944,0.18500000000000005,8.205,0,9,200
1109,209592,113.62166679184884,0.07499999999999996,8.035,0,5,200
1110,209768,101.64833377487957,0.10999999999999999,8.525,0,6,200
1111,209784,121.12833487149328,0.05500000000000005,7.775,0,3,200
1112,209848,116.51166662201285,0.05500000000000005,8.065,0,6,200
1113,209920,121.68000014778227,0.040000000000000036,8.07,0,3,200
1114,210584,128.42500147223473,0.040000000000000036,7.365,0,1,200
1115,210976,97.83666694816202,0.14,8.44,0,3,200
1116,211080,132.75500078126788,0.015000000000000013,7.395,0,3,200
1117,211192,123.77666700538248,0.050000000000000044,7.57,0,3,200
1118,211368,110.94666752871126,0.10999999999999999,7.57,0,3,200
1119,211384,119.45333168283105,0.040000000000000036,8.42,0,2,200
1120,211448,90.93166536744684,0.18000000000000005,8.335,0,3,200
1121,211520,118.52000016346574,0.06499999999999995,7.53,0,7,200
1122,212184,111.2983334409073,0.07999999999999996,8.135,0,7,200
1123,212576,125.06499969121069,0.05500000000000005,7.455,0,1,200
1124,212680,120.56666602473706,0.03500000000000003,8.11,0,6,200
1125,212792,112.5850003277883,0.08499999999999996,8.115,0,2,200
1126,212968,132.9633334716782,0.040000000000000036,6.8,0,2,200
1127,212984,118.40500025451183,0.06000000000000005,8.025,0,2,200
1128,213048,101.77666683401912,0.12,8.5,0,3,200
1129,213120,102.70833388157189,0.10999999999999999,8.405,0,6,200
1130,213784,114.47000030707568,0.06999999999999995,8.1,0,4,200
1131,214176,118.77166608721018,0.07499999999999996,7.495,0,4,200
1132,214280,126.90833336487412,0.05500000000000005,7.175,0,2,200
1133,214392,120.41166814789176,0.06000000000000005,7.675,0,4,200
1134,214568,125.75833347905427,0.025000000000000022,7.715,0,6,200
1135,214584,111.16999959107488,0.08999999999999997,8.13,0,3,200
1136,214648,121.2933341069147,0.040000000000000036,8.0,0,5,200
1137,214720,131.0166653096676,0.0050000000000000044,8.08,0,0,200
1138,215384,133.7000000886619,0.030000000000000027,6.9,0,3,200
1139,215776,124.79833327233791,0.06499999999999995,7.205,0,1,200
1140,215880,136.6383343115449,0.025000000000000022,6.725,0,2,200
1141,215992,124.5949992230162,0.050000000000000044,7.455,0,3,200
1142,216168,115.88166636228561,0.10499999999999998,7.165,0,3,200
1143,216184,120.15833375509828,0.05500000000000005,7.595,0,7,200
1144,216248,123.63166697323322,0.04500000000000004,7.675,0,3,200
1145,216320,120.56666720099747,0.025000000000000022,8.35,0,6,200
1146,216984,123.49999991059303,0.050000000000000044,7.35,0,6,200
1147,217376,135.2466666996479,0.025000000000000022,6.82,0,3,200
1148,217480,107.74166630860418,0.09999999999999998,8.275,0,3,200
1149,217592,114.17333215847611,0.06999999999999995,8.27,0,2,200
1150,217768,110.96666693594307,0.07999999999999996,8.02,0,7,200
1151,217784,114.3283339207992,0.050000000000000044,8.645,0,3,200
1152,217848,97.35499954875559,0.11499999999999999,9.015,0,4,200
1153,217920,100.48999965377152,0.13,8.19,0,5,200
1154,218584,142.6233330965042,0.0050000000000000044,6.71,0,0,200
1155,218976,136.58666664361954,0.03500000000000003,6.64,0,0,200
1156,219080,131.49999991059303,0.025000000000000022,7.32,0,3,200
1157,219192,96.20500074978918,0.17500000000000004,7.845,0,2,200
1158,219368,130.7749993056059,0.030000000000000027,7.125,0,4,200
1159,219384,126.44000104814768,0.03500000000000003,7.71,0,2,200
1160,219448,105.58166620787233,0.08999999999999997,8.605,0,4,200
1161,219520,84.38666670490056,0.16500000000000004,9.16,0,7,200
1162,220184,95.75666615273803,0.13,8.74,0,6,200
1163,220576,112.1233338881284,0.06999999999999995,8.27,0,6,200
1164,220680,101.84000026248395,0.10999999999999999,8.52,0,6,200
1165,220792,133.9216671437025,0.015000000000000013,7.285,0,2,200
1166,220968,88.14333299733698,0.15000000000000002,8.96,0,9,200
1167,220984,106.94499927666038,0.08499999999999996,8.745,0,3,200
1168,221048,120.84500044491142,0.06999999999999995,7.185,0,6,200
1169,221120,116.9150000885129,0.06499999999999995,7.665,0,8,200
1170,221784,122.50333384331316,0.05500000000000005,7.64,0,3,200
1171,222176,95.85500031430274,0.14,8.385,0,7,200
1172,222280,105.52666646521538,0.09999999999999998,8.38,0,6,200
1173,222392,117.14166652690619,0.03500000000000003,8.755,0,3,200
1174,222568,85.42833226267248,0.18500000000000005,8.585,0,7,200
1175,222584,110.8133331220597,0.07999999999999996,8.39,0,3,200
1176,222648,123.26833431050181,0.06000000000000005,7.265,0,4,200
1177,222720,113.51666640397161,0.07999999999999996,8.17,0,2,200
1178,223384,141.95333394408226,0.0,6.8,0,1,200
1179,223776,106.57833334989846,0.125,7.565,0,6,200
1180,223880,97.27000018861145,0.16000000000000003,7.77,0,6,200
1181,223992,117.76166585087776,0.06499999999999995,7.795,0,5,200
1182,224168,124.996665969491,0.03500000000000003,7.87,0,2,200
1183,224184,85.86333279125392,0.19999999999999996,8.24,0,6,200
1184,224248,122.64999933447689,0.06999999999999995,7.14,0,4,200
1185,224320,83.96666684560478,0.19999999999999996,8.47,0,5,200
1186,224984,124.58000111952424,0.06000000000000005,6.99,0,6,200
1187,225376,105.43166649341583,0.08499999999999996,8.755,0,4,200
1188,225480,91.15166666265577,0.18500000000000005,8.005,0,5,200
1189,225592,133.3816660195589,0.020000000000000018,7.165,0,3,200
1190,225768,128.0916672050953,0.010000000000000009,8.065,0,2,200
1191,225784,118.34000042080879,0.050000000000000044,8.22,0,3,200
1192,225848,122.72333346959203,0.07499999999999996,7.04,0,3,200
1193,225920,119.17333310004324,0.04500000000000004,8.12,0,5,200
1194,226584,110.60499997250736,0.09499999999999997,7.815,0,6,200
1195,226976,106.12833354622126,0.10499999999999998,8.195,0,5,200
1196,227080,98.34500129707158,0.18000000000000005,7.125,0,7,200
1197,227192,122.32666575908661,0.06999999999999995,7.33,0,2,200
1198,227368,98.46166667249054,0.13,8.395,0,7,200
1199,227384,136.02833364065737,0.025000000000000022,6.695,0,4,200
1200,227448,112.11500057857484,0.07499999999999996,8.145,0,6,200
1201,227520,133.9266674555838,0.020000000000000018,7.15,0,2,200
1202,228184,124.5150002129376,0.04500000000000004,7.635,0,3,200
1203,228576,125.33666699379683,0.020000000000000018,8.29,0,1,200
1204,228680,82.07666699681431,0.18000000000000005,8.95,0,10,200
1205,228792,112.96666568052024,0.06499999999999995,8.41,0,4,200
1206,228968,103.16666655242443,0.13,8.26,0,1,200
1207,228984,132.66166666150093,0.020000000000000018,7.225,0,3,200
1208,229048,120.18500012159348,0.06499999999999995,7.425,0,5,200
1209,229120,131.62333292420954,0.040000000000000036,6.89,0,2,200
1210,229784,121.0900006312877,0.06000000000000005,7.41,0,6,200
1211,230176,90.81500024162233,0.16500000000000004,8.445,0,7,200
1212,230280,113.44333411660045,0.08999999999999997,7.4,0,9,200
1213,230392,134.14333441853523,0.015000000000000013,7.25,0,1,200
1214,230568,110.60666806064546,0.07999999999999996,8.23,0,6,200
1215,230584,117.27000067289919,0.08999999999999997,7.44,0,2,200
1216,230648,124.44166726619005,0.040000000000000036,7.825,0,2,200
1217,230720,117.30500072613358,0.06999999999999995,7.695,0,5,200
1218,231384,92.16333256475627,0.16000000000000003,8.39,0,7,200
1219,231776,127.50499932374805,0.06000000000000005,6.915,0,2,200
1220,231880,110.45666812174022,0.09999999999999998,7.84,0,3,200
1221,231992,107.89166643377393,0.07999999999999996,8.605,0,5,200
1222,232168,131.6249996125698,0.025000000000000022,7.245,0,3,200
1223,232184,138.5250009931624,0.015000000000000013,6.735,0,2,200
1224,232248,117.5116667477414,0.06499999999999995,7.585,0,8,200
1225,232320,111.31833327468485,0.09499999999999997,7.775,0,5,200
1226,232984,119.14000025391579,0.06499999999999995,7.89,0,1,200
1227,233376,121.41500063147396,0.05500000000000005,7.605,0,5,200
1228,233480,131.01000110805035,0.010000000000000009,7.71,0,3,200
1229,233592,123.1283335275948,0.06499999999999995,7.325,0,3,200
1230,233768,125.38666688092053,0.030000000000000027,7.72,0,5,200
1231,233784,103.96000039298087,0.07499999999999996,9.06,0,6,200
1232,233848,125.82166646420956,0.020000000000000018,7.855,0,6,200
1233,233920,125.08333314117044,0.04500000000000004,7.55,0,2,200
1234,234584,129.97166685387492,0.03500000000000003,7.165,0,4,200
1235,234976,113.04499898664653,0.09999999999999998,7.665,0,2,200
1236,235080,89.94833396282047,0.16500000000000004,8.345,0,9,200
1237,235192,116.17666701879352,0.07999999999999996,7.42,0,8,200
1238,235368,132.3816678216681,0.03500000000000003,6.805,0,4,200
1239,235384,120.36999948695302,0.05500000000000005,7.83,0,4,200
1240,235448,129.7050007879734,0.040000000000000036,7.365,0,0,200
1241,235520,127.80333373323083,0.05500000000000005,7.04,0,2,200
1242,236184,96.75000027567148,0.13,8.67,0,6,200
1243,236576,118.50666589196771,0.06000000000000005,7.93,0,4,200
1244,236680,136.89999919384718,0.0,7.2,0,4,200
1245,236792,108.62666696868837,0.125,7.33,0,5,200
1246,236968,112.01166718453169,0.10499999999999998,7.705,0,2,200
1247,236984,102.05166712775826,0.13,8.035,0,5,200
1248,237048,85.90666679199785,0.16000000000000003,9.34,0,3,200
1249,237120,106.76000023446977,0.09999999999999998,8.1,0,6,200
1250,237784,97.64500080794096,0.10499999999999998,9.105,0,6,200
1251,238176,118.46833351254463,0.05500000000000005,7.805,0,7,200
1252,238280,127.42500095069408,0.05500000000000005,7.155,0,1,200
1253,238392,119.76000022888184,0.06499999999999995,7.71,0,2,200
1254,238568,128.16500041261315,0.030000000000000027,7.515,0,3,200
1255,238584,110.23499986156821,0.09499999999999997,8.085,0,3,200
1256,238648,135.7516654059291,0.030000000000000027,6.685,0,2,200
1257,238720,122.35666720941663,0.050000000000000044,7.69,0,4,200
1258,239384,126.3483344167471,0.06000000000000005,6.785,0,6,200
1259,239776,106.30166769679636,0.10999999999999999,7.795,0,8,200
1260,239880,101.61166666261852,0.135,7.915,0,6,200
1261,239992,136.74833380058408,0.020000000000000018,6.665,0,4,200
1262,240168,140.79000021517277,0.020000000000000018,6.36,0,2,200
1263,240184,98.68666722532362,0.13,8.47,0,4,200
1264,240248,116.78000028431416,0.08999999999999997,7.44,0,3,200
1265,240320,105.5316663235426,0.125,7.795,0,4,200
1266,240984,125.26333382539451,0.06000000000000005,7.04,0,4,200
1267,241376,92.74333306774497,0.14500000000000002,8.93,0,3,200
1268,241480,137.14833253622055,0.040000000000000036,6.395,0,0,200
1269,241592,102.9566674893722,0.13,7.96,0,4,200
1270,241768,108.91666669584811,0.10999999999999999,7.6,0,7,200
1271,241784,136.98166769742966,0.0050000000000000044,7.045,0,4,200
1272,241848,141.84500016272068,0.010000000000000009,6.495,0,2,200
1273,241920,123.180001094006,0.06000000000000005,7.29,0,4,200
1274,242584,87.72666625492275,0.19999999999999996,8.14,0,4,200
1275,242976,102.32333368714899,0.125,8.15,0,5,200
1276,243080,106.85833279322833,0.125,7.625,0,4,200
1277,243192,95.87333289068192,0.14,8.51,0,5,200
1278,243368,119.0700005441904,0.06499999999999995,7.83,0,2,200
1279,243384,120.83833412826061,0.04500000000000004,8.225,0,1,200
1280,243448,127.61166690289974,0.06000000000000005,6.835,0,3,200
1281,243520,111.27499899920076,0.09999999999999998,7.665,0,5,200
1282,244184,101.61500034015626,0.135,7.935,0,6,200
1283,244576,103.63333354052156,0.13,8.21,0,1,200
1284,244680,132.0533326715231,0.040000000000000036,6.83,0,2,200
1285,244792,127.57166633661836,0.05500000000000005,6.925,0,3,200
1286,244968,109.71000098995864,0.12,7.38,0,4,200
1287,244984,129.27666474040598,0.04500000000000004,7.09,0,3,200
1288,245048,117.08166708797216,0.08499999999999996,7.405,0,4,200
1289,245120,111.29500070866197,0.07999999999999996,8.205,0,5,200
1290,245784,125.42166780959815,0.040000000000000036,7.495,0,5,200
1291,246176,124.82500080764294,0.05500000000000005,7.395,0,2,200
1292,246280,128.9000004036352,0.030000000000000027,7.41,0,3,200
1293,246392,121.8866663761437,0.050000000000000044,7.81,0,3,200
1294,246568,79.37000070698559,0.18500000000000005,9.12,0,8,200
1295,246584,106.72500078380108,0.09499999999999997,8.295,0,6,200
1296,246648,99.90333382226527,0.13,8.03,0,9,200
1297,246720,116.5699997022748,0.08499999999999996,7.44,0,5,200
1298,247384,138.0699990093708,0.010000000000000009,7.05,0,0,200
1299,247776,111.26500004529953,0.11499999999999999,7.635,0,0,200
1300,247880,142.68500012159348,0.0,6.765,0,0,200
1301,247992,99.86500027030706,0.16000000000000003,7.545,0,4,200
1302,248168,115.06833324488252,0.08999999999999997,7.625,0,3,200
1303,248184,109.16833386011422,0.11499999999999999,7.565,0,5,200
1304,248248,128.87166625261307,0.03500000000000003,7.405,0,2,200
1305,248320,107.08833400439471,0.13,7.355,0,6,200
1306,248984,95.76666627358645,0.15500000000000003,8.29,0,4,200
1307,249376,135.34500095248222,0.010000000000000009,7.125,0,4,200
1308,249480,109.71833427250385,0.09499999999999997,8.015,0,5,200
1309,249592,104.401666238904,0.07999999999999996,9.085,0,4,200
1310,249768,120.93166703358293,0.07999999999999996,7.225,0,3,200
1311,249784,120.28000060468912,0.06000000000000005,7.53,0,6,200
1312,249848,128.9649998396635,0.03500000000000003,7.245,0,4,200
1313,249920,105.68333398457617,0.11499999999999999,7.94,0,6,200
1314,250584,119.3250000178814,0.07999999999999996,7.365,0,3,200
1315,250976,102.34333383850753,0.11499999999999999,8.39,0,4,200
1316,251080,125.67333275452256,0.06000000000000005,7.04,0,4,200
1317,251192,79.54500041063875,0.18999999999999995,9.225,0,6,200
1318,251368,99.3966670203954,0.135,8.2,0,6,200
1319,251384,112.96333359833807,0.10999999999999999,7.31,0,4,200
1320,251448,108.0216660220176,0.10499999999999998,7.975,0,5,200
1321,251520,106.42999958619475,0.08999999999999997,8.37,0,7,200
1322,252184,141.81500068306923,0.0,6.615,0,3,200
1323,252576,101.66666730400175,0.15000000000000002,7.69,0,4,200
1324,252680,114.7783333612606,0.07499999999999996,7.895,0,5,200
1325,252792,99.26833382062614,0.11499999999999999,8.615,0,7,200
1326,252968,137.90833416581154,0.020000000000000018,6.725,0,2,200
1327,252984,118.04166607931256,0.06999999999999995,7.705,0,4,200
1328,253048,96.58499964978546,0.14,8.535,0,4,200
1329,253120,110.89333301782608,0.07999999999999996,8.33,0,4,200
1330,253784,114.23666694760323,0.06999999999999995,8.17,0,3,200
1331,254176,131.53999975323677,0.025000000000000022,7.2,0,4,200
1332,254280,117.07500094827265,0.06999999999999995,7.905,0,3,200
1333,254392,106.01333478838205,0.125,7.7,0,5,200
1334,254568,126.418332926929,0.050000000000000044,7.145,0,4,200
1335,254584,125.12500074505806,0.050000000000000044,7.305,0,4,200
1336,254648,111.28000023495406,0.07999999999999996,8.13,0,6,200
1337,254720,110.21666795760393,0.07499999999999996,8.41,0,5,200
1338,255384,97.92333333939314,0.12,8.96,0,3,200
1339,255776,127.87333427369595,0.040000000000000036,7.31,0,3,200
1340,255880,119.2633328801021,0.05500000000000005,7.88,0,5,200
1341,255992,103.08166655898094,0.14,7.855,0,3,200
1342,256168,104.60666677355766,0.09499999999999997,8.62,0,4,200
1343,256184,99.99500095658004,0.135,8.085,0,6,200
1344,256248,126.76500002294779,0.06000000000000005,6.975,0,3,200
1345,256320,104.48500028904527,0.12,7.995,0,5,200
1346,256984,129.89000050723553,0.04500000000000004,7.05,0,2,200
1347,257376,127.68166622519493,0.06499999999999995,6.685,0,3,200
1348,257480,101.27166775427759,0.14,7.795,0,7,200
1349,257592,134.15166614949703,0.030000000000000027,6.835,0,3,200
1350,257768,106.77333382051438,0.11499999999999999,7.76,0,6,200
1351,257784,118.90500163286924,0.050000000000000044,8.025,0,5,200
1352,257848,124.35333360731602,0.06999999999999995,6.95,0,3,200
1353,257920,99.17833340540528,0.125,8.465,0,5,200
1354,258584,138.30666717886925,0.015000000000000013,6.67,0,3,200
1355,258976,129.72666724026203,0.040000000000000036,7.18,0,2,200
1356,259080,104.31166699156165,0.125,7.855,0,6,200
1357,259192,94.27333366125822,0.15500000000000003,8.51,0,3,200
1358,259368,132.87833435833454,0.020000000000000018,7.265,0,2,200
1359,259384,114.91500083263963,0.09499999999999997,7.485,0,4,200
1360,259448,105.63000050093979,0.135,7.53,0,5,200
1361,259520,69.94000027887523,0.24,9.09,0,7,200
1362,260184,78.2466660104692,0.20499999999999996,8.65,0,11,200
1363,260576,118.589999220334,0.09499999999999997,7.02,0,4,200
1364,260680,108.09833365678787,0.10499999999999998,8.255,0,1,200
1365,260792,105.61166677158326,0.14,7.375,0,6,200
1366,260968,142.25499887764454,0.0,6.525,0,4,200
1367,260984,105.255001376383,0.11499999999999999,8.055,0,5,200
1368,261048,105.53500070702285,0.09499999999999997,8.565,0,4,200
1369,261120,115.30833422299474,0.09499999999999997,7.325,0,5,200
1370,261784,124.96333423256874,0.04500000000000004,7.55,0,3,200
1371,262176,124.43666696548462,0.040000000000000036,7.84,0,2,200
1372,262280,142.72666569799185,0.010000000000000009,6.43,0,1,200
1373,262392,95.12500054296106,0.15500000000000003,8.385,0,3,200
1374,262568,103.16499965637922,0.125,8.175,0,4,200
1375,262584,88.6333329482004,0.17000000000000004,8.45,0,8,200
1376,262648,114.11666750069708,0.07499999999999996,7.9,0,6,200
1377,262720,103.37833366449922,0.13,7.835,0,6,200
1378,263384,121.10500011127442,0.050000000000000044,7.695,0,6,200
1379,263776,115.00666733086109,0.06999999999999995,7.78,0,8,200
1380,263880,104.60166756808758,0.125,8.065,0,3,200
1381,263992,125.83166605234146,0.03500000000000003,7.705,0,3,200
1382,264168,134.11833362281322,0.04500000000000004,6.545,0,2,200
1383,264184,98.16499993856996,0.14500000000000002,8.235,0,4,200
1384,264248,106.69666634500027,0.14,7.42,0,3,200
1385,264320,138.83166709542274,0.020000000000000018,6.745,0,0,200
1386,264984,122.08666726946831,0.050000000000000044,7.57,0,6,200
1387,265376,108.61500032991171,0.08499999999999996,8.475,0,4,200
1388,265480,87.57666642498225,0.20499999999999996,7.87,0,6,200
1389,265592,123.01333400607109,0.07499999999999996,6.92,0,4,200
1390,265768,136.54833284020424,0.0050000000000000044,7.415,0,0,200
1391,265784,110.9816667959094,0.08999999999999997,8.005,0,5,200
1392,265848,107.58166718482971,0.12,7.915,0,1,200
1393,265920,134.1166661530733,0.020000000000000018,7.18,0,2,200
1394,266584,121.91666645556688,0.04500000000000004,7.81,0,5,200
1395,266976,110.56166678201407,0.10499999999999998,7.765,0,3,200
1396,267080,114.58166521787643,0.06499999999999995,8.335,0,3,200
1397,267192,124.59999967366457,0.04500000000000004,7.59,0,4,200
1398,267368,128.4583337791264,0.050000000000000044,6.905,0,4,200
1399,267384,121.66333412658423,0.06999999999999995,6.98,0,8,200
1400,267448,122.38833237066865,0.05500000000000005,7.535,0,4,200
1401,267520,114.11833314131945,0.08499999999999996,7.475,0,8,200
1402,268184,106.61000004410744,0.08999999999999997,8.4,0,6,200
1403,268576,138.7483330219984,0.03500000000000003,6.275,0,1,200
1404,268680,128.1783336699009,0.05500000000000005,6.905,0,3,200
1405,268792,127.51166673004627,0.025000000000000022,7.675,0,4,200
1406,268968,89.82000019773841,0.19499999999999995,7.8,0,8,200
1407,268984,124.37666617333889,0.06499999999999995,7.27,0,1,200
1408,269048,118.16000057570636,0.06499999999999995,7.68,0,6,200
1409,269120,125.79833294451237,0.040000000000000036,7.445,0,5,200
1410,269784,119.03500047326088,0.07499999999999996,7.275,0,5,200
1411,270176,117.26166717708111,0.09999999999999998,7.075,0,3,200
1412,270280,119.68499942775816,0.07999999999999996,7.395,0,1,200
1413,270392,135.27500165998936,0.020000000000000018,7.095,0,1,200
1414,270568,135.85833317041397,0.025000000000000022,6.605,0,5,200
1415,270584,110.5966677851975,0.08499999999999996,7.99,0,7,200
1416,270648,144.2583347260952,0.0050000000000000044,6.425,0,1,200
1417,270720,106.97999976575375,0.10999999999999999,7.95,0,5,200
1418,271384,129.31833365559578,0.05500000000000005,6.845,0,2,200
1419,271776,124.06833334639668,0.05500000000000005,7.295,0,5,200
1420,271880,106.12666667997837,0.11499999999999999,7.96,0,5,200
1421,271992,135.72500063851476,0.030000000000000027,6.555,0,4,200
1422,272168,137.10000099614263,0.0050000000000000044,7.02,0,4,200
1423,272184,115.3016669601202,0.08499999999999996,7.645,0,3,200
1424,272248,116.59999959077686,0.08499999999999996,7.38,0,6,200
1425,272320,110.37666716706008,0.10999999999999999,7.51,0,6,200
1426,272984,115.6566666206345,0.09999999999999998,6.97,0,7,200
1427,273376,126.63833399116993,0.06000000000000005,6.785,0,6,200
1428,273480,123.5216656550765,0.06499999999999995,7.195,0,4,200
1429,273592,108.16333335638046,0.13,7.28,0,5,200
1430,273768,109.32666501402855,0.07999999999999996,8.68,0,2,200
1431,273784,114.81666735932231,0.06000000000000005,8.29,0,5,200
1432,273848,104.94666647911072,0.10999999999999999,8.35,0,3,200
1433,273920,126.70333218574524,0.07499999999999996,6.8,0,1,200
1434,274584,111.33000098075718,0.12,7.35,0,3,200
1435,274976,133.30166825652122,0.025000000000000022,7.075,0,3,200
1436,275080,87.11000057589263,0.17500000000000004,8.76,0,5,200
1437,275192,129.36666713654995,0.03500000000000003,7.24,0,3,200
1438,275368,140.8283331990242,0.025000000000000022,6.125,0,3,200
1439,275384,118.56166548188776,0.08499999999999996,7.375,0,3,200
1440,275448,113.96333403885365,0.08999999999999997,7.79,0,2,200
1441,275520,118.75166638940573,0.06499999999999995,7.735,0,4,200
1442,276184,121.45166654884815,0.04500000000000004,8.065,0,2,200
1443,276576,143.3483332246542,0.015000000000000013,6.245,0,1,200
1444,276680,136.374998152256,0.040000000000000036,6.345,0,2,200
1445,276792,113.71333346515894,0.10499999999999998,7.46,0,2,200
1446,276968,95.41500093229115,0.15000000000000002,8.055,0,9,200
1447,276984,102.21166749484837,0.12,8.005,0,9,200
1448,277048,114.36000136192888,0.10999999999999999,7.2,0,4,200
1449,277120,100.81999990995973,0.08999999999999997,8.94,0,9,200
1450,277784,107.26833319570869,0.08999999999999997,8.405,0,5,200
1451,278176,102.96999998390675,0.125,8.28,0,2,200
1452,278280,114.1450017793104,0.09999999999999998,7.185,0,7,200
1453,278392,145.113334313035,0.0050000000000000044,6.14,0,3,200
1454,278568,93.02666767407209,0.14500000000000002,8.5,0,10,200
1455,278584,119.23666651174426,0.06499999999999995,7.57,0,5,200
1456,278648,98.40333392377943,0.14500000000000002,8.15,0,5,200
1457,278720,114.39833333250135,0.06000000000000005,8.585,0,1,200
1458,279384,128.62833361700177,0.03500000000000003,7.295,0,4,200
1459,279776,103.62000088207424,0.11499999999999999,8.19,0,5,200
1460,279880,126.86166493594646,0.03500000000000003,7.675,0,2,200
1461,279992,127.49500124901533,0.07999999999999996,6.345,0,4,200
1462,280168,122.08333348389715,0.06000000000000005,7.4,0,5,200
1463,280184,75.89333388395607,0.21499999999999997,8.9,0,9,200
1464,280248,131.66833294928074,0.030000000000000027,7.175,0,2,200
1465,280320,105.4983341358602,0.09999999999999998,8.315,0,6,200
1466,280984,124.72666662093252,0.06999999999999995,7.06,0,2,200
1467,281376,123.24333323538303,0.050000000000000044,7.58,0,4,200
1468,281480,127.5483340062201,0.06999999999999995,6.725,0,2,200
1469,281592,122.27333361282945,0.06999999999999995,7.4,0,1,200
1470,281768,132.88333277404308,0.03500000000000003,7.01,0,1,200
1471,281784,100.90333373658359,0.14500000000000002,7.79,0,6,200
1472,281848,129.92333157360554,0.040000000000000036,7.04,0,4,200
1473,281920,126.48333301395178,0.06999999999999995,6.77,0,3,200
1474,282584,122.42666667699814,0.07499999999999996,7.21,0,2,200
1475,282976,118.64666709303856,0.06000000000000005,7.93,0,4,200
1476,283080,133.26833195984364,0.025000000000000022,6.935,0,5,200
1477,283192,132.03000189363956,0.020000000000000018,7.23,0,4,200
1478,283368,129.9683339856565,0.03500000000000003,7.265,0,3,200
1479,283384,105.94166692253202,0.12,7.525,0,9,200
1480,283448,119.42666663974524,0.06999999999999995,7.54,0,4,200
1481,283520,115.28500025626272,0.10499999999999998,7.155,0,4,200
1482,284184,114.0500002130866,0.08999999999999997,7.59,0,5,200
1483,284576,96.6400007698685,0.14500000000000002,8.22,0,7,200
1484,284680,123.8283331990242,0.05500000000000005,7.415,0,3,200
1485,284792,136.73166598379612,0.025000000000000022,6.805,0,1,200
1486,284968,109.60333513747901,0.09999999999999998,7.88,0,5,200
1487,284984,118.70666693523526,0.050000000000000044,8.11,0,4,200
1488,285048,103.94666725676507,0.12,7.96,0,7,200
1489,285120,127.76166848000139,0.04500000000000004,7.255,0,2,200
1490,285784,70.33166721649468,0.235,9.085,0,8,200
1491,286176,131.23333328962326,0.03500000000000003,6.92,0,5,200
1492,286280,122.96333335991949,0.07999999999999996,6.92,0,3,200
1493,286392,131.1233345931396,0.06499999999999995,6.23,0,4,200
1494,286568,105.88333360664546,0.12,7.91,0,4,200
1495,286584,129.01166915055364,0.040000000000000036,7.135,0,4,200
1496,286648,117.93166702147573,0.06000000000000005,8.065,0,2,200
1497,286720,90.8683331888169,0.18000000000000005,7.985,0,7,200
1498,287384,128.32500039041042,0.05500000000000005,6.975,0,2,200
1499,287776,94.43333335220814,0.135,8.93,0,4,200
1500,287880,138.9983346797526,0.020000000000000018,6.065,0,9,200
1501,287992,118.45999965071678,0.06999999999999995,7.65,0,4,200
1502,288168,130.04000069200993,0.04500000000000004,6.66,0,7,200
1503,288184,109.7233332535252,0.10999999999999999,7.7,0,4,200
1504,288248,90.65666684508324,0.15500000000000003,8.95,0,3,200
1505,288320,78.86000018473715,0.22999999999999998,8.28,0,7,200
1506,288984,114.63666734751314,0.09499999999999997,7.27,0,7,200
1507,289376,111.05166713055223,0.12,7.195,0,5,200
1508,289480,121.96666773315519,0.06999999999999995,7.24,0,4,200
1509,289592,131.05333364009857,0.050000000000000044,6.74,0,3,200
1510,289768,87.71500141173601,0.17500000000000004,8.535,0,7,200
1511,289784,121.60000029951334,0.06999999999999995,7.26,0,3,200
1512,289848,123.77333292365074,0.07999999999999996,6.71,0,5,200
1513,289920,126.05166704952717,0.04500000000000004,7.405,0,3,200
1514,290584,125.55166635289788,0.05500000000000005,7.075,0,5,200
1515,290976,119.80333335697651,0.05500000000000005,7.91,0,3,200
1516,291080,94.57999963313341,0.15000000000000002,8.4,0,7,200
1517,291192,135.02666805684566,0.020000000000000018,6.97,0,4,200
1518,291368,117.7533325701952,0.07999999999999996,7.43,0,5,200
1519,291384,132.7150005698204,0.03500000000000003,6.735,0,5,200
1520,291448,127.3983339369297,0.06000000000000005,6.935,0,2,200
1521,291520,123.70833330601454,0.05500000000000005,7.475,0,3,200
1522,292184,141.96333250403404,0.010000000000000009,6.44,0,3,200
1523,292576,104.84166689962149,0.11499999999999999,8.155,0,5,200
1524,292680,109.34000088926405,0.11499999999999999,7.59,0,4,200
1525,292792,133.515000090003,0.030000000000000027,6.705,0,5,200
1526,292968,96.9983338676393,0.13,8.615,0,6,200
1527,292984,83.08999945130199,0.19999999999999996,8.46,0,8,200
1528,293048,83.30999965127558,0.18000000000000005,8.82,0,9,200
1529,293120,102.12666620127857,0.135,8.05,0,3,200
1530,293784,126.37166660279036,0.03500000000000003,7.645,0,3,200
1531,294176,90.12166709452868,0.16500000000000004,8.725,0,4,200
1532,294280,118.81333193182945,0.06499999999999995,7.67,0,5,200
1533,294392,120.57499985396862,0.08499999999999996,6.975,0,4,200
1534,294568,126.64833390712738,0.05500000000000005,7.145,0,2,200
1535,294584,125.13000002503395,0.06999999999999995,6.84,0,4,200
1536,294648,104.048333812505,0.13,7.865,0,4,200
1537,294720,138.9116659015417,0.030000000000000027,6.415,0,1,200
1538,295384,100.87500043213367,0.12,8.565,0,3,200
1539,295776,136.24333418160677,0.030000000000000027,6.38,0,6,200
1540,295880,109.06333354767412,0.135,7.34,0,2,200
1541,295992,100.39833461400121,0.135,8.105,0,5,200
1542,296168,138.67166759073734,0.015000000000000013,6.445,0,6,200
1543,296184,111.35833287239075,0.08999999999999997,7.955,0,4,200
1544,296248,112.45666669961065,0.13,6.58,0,8,200
1545,296320,124.04499961435795,0.06999999999999995,7.215,0,1,200
1546,296984,116.65333317033947,0.08999999999999997,7.22,0,6,200
1547,297376,122.53333255648613,0.05500000000000005,7.4,0,6,200
1548,297480,109.51999919116497,0.125,7.35,0,3,200
1549,297592,117.90166586264968,0.07999999999999996,7.345,0,6,200
1550,297768,117.40999986883253,0.09499999999999997,7.14,0,4,200
1551,297784,132.97000064328313,0.06499999999999995,6.18,0,2,200
1552,297848,128.4116672128439,0.050000000000000044,6.925,0,4,200
1553,297920,92.68833438213915,0.18500000000000005,7.925,0,4,200
1554,298584,86.32166653126478,0.20499999999999996,8.035,0,6,200
1555,298976,118.67999947443604,0.06499999999999995,7.77,0,3,200
1556,299080,114.29666726943105,0.07499999999999996,7.81,0,7,200
1557,299192,118.85833541210741,0.050000000000000044,8.105,0,4,200
1558,299368,132.71666629612446,0.040000000000000036,6.91,0,1,200
1559,299384,111.61166728846729,0.12,7.045,0,7,200
1560,299448,102.39833447616547,0.135,7.835,0,6,200
1561,299520,129.19166784640402,0.03500000000000003,7.225,0,4,200
1562,300184,132.02666779514402,0.050000000000000044,6.73,0,1,200
1563,300576,123.91000026464462,0.06999999999999995,7.14,0,2,200
1564,300680,105.2616671603173,0.12,7.765,0,6,200
1565,300792,127.11000038683414,0.05500000000000005,7.2,0,1,200
1566,300968,107.08999905642122,0.08999999999999997,8.43,0,5,200
1567,300984,140.6350012049079,0.015000000000000013,6.495,0,2,200
1568,301048,104.61000002920628,0.13,7.74,0,5,200
1569,301120,113.10500019602478,0.08499999999999996,7.665,0,8,200
1570,301784,127.93333329260349,0.07499999999999996,6.35,0,5,200
1571,302176,115.68499960005283,0.08499999999999996,7.725,0,2,200
1572,302280,85.4083346920088,0.18999999999999995,8.495,0,6,200
1573,302392,119.08000302314758,0.07499999999999996,7.71,0,1,200
1574,302568,124.07666702568531,0.050000000000000044,7.81,0,0,200
1575,302584,133.57666651904583,0.040000000000000036,6.73,0,2,200
1576,302648,113.88333330862224,0.09999999999999998,7.46,0,3,200
1577,302720,114.4816659912467,0.10499999999999998,7.435,0,2,200
1578,303384,96.36333381291479,0.14500000000000002,8.3,0,6,200
1579,303776,128.4283335097134,0.06000000000000005,6.605,0,5,200
1580,303880,104.56166741810739,0.135,7.525,0,6,200
1581,303992,99.0983338272199,0.14,8.195,0,4,200
1582,304168,118.41000029444695,0.06999999999999995,7.59,0,5,200
1583,304184,137.61500128358603,0.015000000000000013,6.885,0,2,200
1584,304248,118.02666767686605,0.07499999999999996,7.81,0,1,200
1585,304320,123.53666663169861,0.06499999999999995,6.94,0,7,200
1586,304984,127.32499983906746,0.08499999999999996,6.285,0,3,200
1587,305376,133.15833461657166,0.040000000000000036,6.605,0,4,200
1588,305480,110.75666568335146,0.10999999999999999,7.48,0,6,200
1589,305592,110.71833274140954,0.07999999999999996,8.195,0,6,200
1590,305768,127.28666619956493,0.05500000000000005,6.97,0,4,200
1591,305784,121.01499991863966,0.06499999999999995,7.395,0,4,200
1592,305848,115.33666732162237,0.09499999999999997,7.48,0,3,200
1593,305920,110.22333362698555,0.07999999999999996,8.39,0,4,200
1594,306584,105.96333164628595,0.09499999999999997,8.45,0,6,200
1595,306976,123.87333185225725,0.050000000000000044,7.52,0,4,200
1596,307080,127.0400007031858,0.07999999999999996,6.45,0,3,200
1597,307192,133.916666790843,0.050000000000000044,6.34,0,3,200
1598,307368,121.6466673091054,0.07499999999999996,7.12,0,4,200
1599,307384,105.3066668510437,0.08999999999999997,8.68,0,4,200
1600,307448,127.57500073313713,0.040000000000000036,7.455,0,2,200
1601,307520,120.04999952018261,0.08999999999999997,7.02,0,3,200
1602,308184,113.42333427071571,0.09999999999999998,7.52,0,3,200
1603,308576,108.31333318259567,0.11499999999999999,7.61,0,6,200
1604,308680,104.698332532309,0.09499999999999997,8.615,0,5,200
1605,308792,117.10666715260595,0.09999999999999998,7.0,0,5,200
1606,308968,102.35833343025297,0.14,7.475,0,9,200
1607,308984,132.93500031530857,0.03500000000000003,7.035,0,1,200
1608,309048,115.39666684344411,0.06999999999999995,8.02,0,4,200
1609,309120,111.17333353310823,0.07499999999999996,8.3,0,5,200
1610,309784,128.6133335903287,0.03500000000000003,7.31,0,4,200
1611,310176,122.09500110056251,0.07999999999999996,6.795,0,7,200
1612,310280,106.11666763480753,0.14,7.33,0,5,200
1613,310392,122.855000436306,0.06999999999999995,7.335,0,1,200
1614,310568,119.33000091370195,0.08499999999999996,7.05,0,5,200
1615,310584,119.08666495140642,0.06499999999999995,7.51,0,7,200
1616,310648,92.5633343886584,0.14500000000000002,8.93,0,4,200
1617,310720,116.55333422124386,0.08499999999999996,7.4,0,6,200
1618,311384,122.38833370804787,0.06000000000000005,7.415,0,4,200
1619,311776,115.73999845609069,0.08999999999999997,7.47,0,4,200
1620,311880,114.39999983366579,0.06499999999999995,8.04,0,7,200
1621,311992,119.94000022113323,0.06499999999999995,7.59,0,4,200
1622,312168,121.84333401918411,0.07499999999999996,6.89,0,6,200
1623,312184,117.96833291649818,0.06499999999999995,7.685,0,6,200
1624,312248,127.03666753321886,0.06499999999999995,6.79,0,3,200
1625,312320,129.41833389550447,0.04500000000000004,6.995,0,4,200
1626,312984,127.87166626751423,0.05500000000000005,6.685,0,6,200
1627,313376,89.91000081878155,0.15500000000000003,8.61,0,9,200
1628,313480,93.44333440810442,0.16500000000000004,8.21,0,5,200
1629,313592,134.47000060975552,0.03500000000000003,6.57,0,4,200
1630,313768,95.7966661741957,0.17000000000000004,7.54,0,9,200
1631,313784,123.5116669908166,0.07499999999999996,6.685,0,7,200
1632,313848,109.70999925211072,0.09999999999999998,7.95,0,4,200
1633,313920,108.41166707407683,0.09499999999999997,8.185,0,5,200
1634,314584,104.8149998486042,0.125,7.755,0,7,200
1635,314976,110.49333373364061,0.12,7.4,0,4,200
1636,315080,72.2883330648765,0.22999999999999998,9.335,0,3,200
1637,315192,128.77333288639784,0.050000000000000044,6.86,0,4,200
1638,315368,128.63166708499193,0.06499999999999995,6.565,0,4,200
1639,315384,125.72000067587942,0.06499999999999995,6.84,0,5,200
1640,315448,124.20000003930181,0.07999999999999996,6.66,0,5,200
1641,315520,113.15999968349934,0.08999999999999997,7.77,0,4,200
1642,316184,132.99666675925255,0.04500000000000004,6.43,0,5,200
1643,316576,136.51500006671995,0.030000000000000027,6.375,0,6,200
1644,316680,131.95500158146024,0.03500000000000003,6.945,0,3,200
1645,316792,107.65333341807127,0.11499999999999999,7.52,0,8,200
1646,316968,124.9283326715231,0.07499999999999996,6.785,0,4,200
1647,316984,131.15000016987324,0.04500000000000004,6.6,0,6,200
1648,317048,122.26333434134722,0.06999999999999995,7.19,0,4,200
1649,317120,106.35500073060393,0.10999999999999999,7.905,0,7,200
1650,317784,127.36000026017427,0.05500000000000005,6.96,0,4,200
1651,318176,131.5000006183982,0.06000000000000005,6.3,0,4,200
1652,318280,108.04833426233381,0.125,7.385,0,6,200
1653,318392,120.28166804462671,0.06000000000000005,7.765,0,2,200
1654,318568,120.88833452761173,0.07999999999999996,7.085,0,3,200
1655,318584,114.56333369761705,0.08499999999999996,7.7,0,5,200
1656,318648,108.31166612356901,0.09999999999999998,8.035,0,5,200
1657,318720,133.80000154674053,0.025000000000000022,7.14,0,1,200
1658,319384,126.6416666507721,0.04500000000000004,7.285,0,3,200
1659,319776,119.09500050451607,0.07499999999999996,7.035,0,10,200
1660,319880,129.49666550010443,0.08499999999999996,6.07,0,2,200
1661,319992,108.05833402182907,0.13,7.475,0,4,200
1662,320168,143.25333186984062,0.0050000000000000044,6.53,0,1,200
1663,320184,111.12166655063629,0.10499999999999998,7.645,0,4,200
1664,320248,117.47000127285719,0.07999999999999996,7.47,0,4,200
1665,320320,128.51500003412366,0.04500000000000004,7.065,0,4,200
1666,320984,122.75000143051147,0.06999999999999995,6.9,0,7,200
1667,321376,118.1550003355369,0.10499999999999998,7.005,0,2,200
1668,321480,124.76500069722533,0.040000000000000036,7.695,0,4,200
1669,321592,107.42500007525086,0.10499999999999998,7.815,0,8,200
1670,321768,129.66833344846964,0.04500000000000004,6.935,0,3,200
1671,321784,101.96333420462906,0.13,7.94,0,7,200
1672,321848,129.3149992292747,0.050000000000000044,6.885,0,3,200
1673,321920,121.86833369731903,0.050000000000000044,7.805,0,3,200
1674,322584,113.05333342775702,0.09499999999999997,7.58,0,5,200
1675,322976,126.8099998794496,0.04500000000000004,7.23,0,5,200
1676,323080,123.58833260834217,0.07499999999999996,6.875,0,5,200
1677,323192,138.09333324432373,0.015000000000000013,6.77,0,2,200
1678,323368,108.73166640847921,0.11499999999999999,7.615,0,5,200
1679,323384,127.7749991491437,0.07499999999999996,6.525,0,2,200
1680,323448,110.64333381410688,0.08999999999999997,7.88,0,6,200
1681,323520,109.08500109612942,0.08999999999999997,8.235,0,5,200
1682,324184,117.79000104777515,0.09999999999999998,6.99,0,4,200
1683,324576,91.37333365157247,0.16500000000000004,8.51,0,5,200
1684,324680,92.8433336680755,0.16500000000000004,8.24,0,6,200
1685,324792,116.21666738390923,0.09499999999999997,7.24,0,3,200
1686,324968,128.05666667129844,0.06499999999999995,6.58,0,4,200
1687,324984,124.67999966070056,0.06499999999999995,7.11,0,3,200
1688,325048,125.23833326995373,0.07999999999999996,6.755,0,2,200
1689,325120,118.68333364184946,0.09999999999999998,7.01,0,2,200
1690,325784,124.71333523094654,0.06999999999999995,6.98,0,3,200
1691,326176,105.97166605293751,0.13,7.645,0,5,200
1692,326280,124.01166728511453,0.06999999999999995,7.255,0,1,200
1693,326392,124.8666671551764,0.06999999999999995,7.03,0,2,200
1694,326568,104.12833268847317,0.11499999999999999,8.195,0,5,200
1695,326584,114.39500162377954,0.07499999999999996,7.875,0,6,200
1696,326648,119.08833418413997,0.08499999999999996,6.965,0,7,200
1697,326720,113.21999941766262,0.12,7.17,0,3,200
1698,327384,126.15500116348267,0.07999999999999996,6.285,0,7,200
1699,327776,124.7433325946331,0.06499999999999995,7.1,0,3,200
1700,327880,121.13500099629164,0.06000000000000005,7.455,0,6,200
1701,327992,102.24166597425938,0.11499999999999999,8.725,0,1,200
1702,328168,115.86166678369045,0.08499999999999996,7.495,0,5,200
1703,328184,117.37833277881145,0.06499999999999995,7.715,0,7,200
1704,328248,115.82666686549783,0.10999999999999999,6.85,0,5,200
1705,328320,129.61000172793865,0.04500000000000004,7.23,0,0,200
1706,328984,111.75000049453229,0.07999999999999996,8.01,0,7,200
1707,329376,122.50666499789804,0.03500000000000003,7.99,0,5,200
1708,329480,133.4566666930914,0.06999999999999995,6.07,0,1,200
1709,329592,114.84333400428295,0.07499999999999996,8.09,0,2,200
1710,329768,116.2766672372818,0.12,6.55,0,7,200
1711,329784,123.55500164628029,0.05500000000000005,7.455,0,3,200
1712,329848,125.32666778564453,0.05500000000000005,7.12,0,5,200
1713,329920,114.11166794970632,0.09999999999999998,7.345,0,4,200
1714,330584,120.6349985897541,0.08499999999999996,7.245,0,1,200
1715,330976,126.31333349645138,0.06000000000000005,7.16,0,1,200
1716,331080,114.6633330276236,0.07999999999999996,7.85,0,5,200
1717,331192,119.46000063791871,0.07999999999999996,7.14,0,6,200
1718,331368,132.46666763722897,0.040000000000000036,6.73,0,4,200
1719,331384,125.25833194330335,0.05500000000000005,7.295,0,4,200
1720,331448,102.15833394601941,0.13,7.985,0,5,200
1721,331520,124.87999998778105,0.06000000000000005,6.99,0,6,200
1722,332184,66.88833368383348,0.25,9.005,0,9,200
1723,332576,128.63666811585426,0.050000000000000044,7.03,0,2,200
1724,332680,129.271667458117,0.07499999999999996,6.295,0,3,200
1725,332792,130.9683330496773,0.04500000000000004,6.695,0,5,200
1726,332968,116.52000101935118,0.07499999999999996,7.59,0,5,200
1727,332984,123.23333432432264,0.05500000000000005,7.46,0,4,200
1728,333048,124.00499978661537,0.07499999999999996,6.945,0,3,200
1729,333120,92.80666560214013,0.15500000000000003,8.47,0,7,200
1730,333784,107.87166764494032,0.10499999999999998,8.065,0,4,200
1731,334176,124.45000127702951,0.05500000000000005,7.29,0,4,200
1732,334280,105.64833420049399,0.10999999999999999,7.745,0,10,200
1733,334392,105.25000071525574,0.14,7.74,0,2,200
1734,334568,116.72000046726316,0.09499999999999997,7.32,0,3,200
1735,334584,94.57499977760017,0.18500000000000005,7.575,0,6,200
1736,334648,136.28500092029572,0.050000000000000044,6.105,0,3,200
1737,334720,110.14000042155385,0.10999999999999999,7.56,0,6,200
1738,335384,114.87000038474798,0.08999999999999997,7.5,0,5,200
1739,335776,117.14500012248755,0.08999999999999997,7.095,0,7,200
1740,335880,106.03333356138319,0.135,7.58,0,3,200
1741,335992,108.87666781246662,0.15000000000000002,7.09,0,1,200
1742,336168,122.73000017832965,0.06000000000000005,7.2,0,7,200
1743,336184,114.70500040706247,0.08999999999999997,7.575,0,4,200
1744,336248,103.91500124987215,0.09499999999999997,8.565,0,6,200
1745,336320,131.83333286643028,0.03500000000000003,7.1,0,2,200
1746,336984,115.68833282589912,0.09499999999999997,7.265,0,6,200
1747,337376,129.17166853602976,0.05500000000000005,6.835,0,3,200
1748,337480,124.2449999190867,0.06999999999999995,7.125,0,1,200
1749,337592,134.73500206228346,0.050000000000000044,6.225,0,4,200
1750,337768,121.28166580200195,0.07499999999999996,7.195,0,4,200
1751,337784,110.7533339112997,0.10999999999999999,7.49,0,5,200
1752,337848,98.95000029169023,0.14,8.04,0,7,200
1753,337920,106.14833301305771,0.12,7.955,0,3,200
1754,338584,109.2616664916277,0.09499999999999997,8.155,0,4,200
1755,338976,110.7466668561101,0.11499999999999999,7.48,0,4,200
1756,339080,119.72333428636193,0.07999999999999996,7.4,0,2,200
1757,339192,106.35166675504297,0.12,7.705,0,6,200
1758,339368,116.89833407104015,0.07499999999999996,7.775,0,3,200
1759,339384,104.99166715424508,0.14500000000000002,7.285,0,6,200
1760,339448,114.4466673284769,0.09499999999999997,7.63,0,3,200
1761,339520,111.25333373621106,0.08499999999999996,8.03,0,6,200
1762,340184,107.29500088095665,0.14,7.455,0,2,200
1763,340576,120.30333342403173,0.06999999999999995,7.4,0,4,200
1764,340680,103.21833280380815,0.10999999999999999,8.585,0,3,200
1765,340792,123.4133330732584,0.07999999999999996,6.89,0,3,200
1766,340968,93.67500013485551,0.14500000000000002,8.775,0,4,200
1767,340984,108.05333233531564,0.08999999999999997,8.39,0,4,200
1768,341048,141.75666712224483,0.020000000000000018,6.13,0,4,200
1769,341120,109.40166597720236,0.125,7.405,0,4,200
1770,341784,112.25833354052156,0.09499999999999997,7.685,0,5,200
1771,342176,125.73333376646042,0.06000000000000005,7.31,0,1,200
1772,342280,116.44500084966421,0.09499999999999997,7.245,0,5,200
1773,342392,86.55666647385806,0.18500000000000005,8.62,0,4,200
1774,342568,114.29000050481409,0.11499999999999999,6.96,0,6,200
1775,342584,98.79166574776173,0.14,8.365,0,3,200
1776,342648,126.96999926865101,0.04500000000000004,7.44,0,1,200
1777,342720,101.56666645780206,0.12,8.41,0,4,200
1778,343384,93.06333484407514,0.17000000000000004,8.0,0,8,200
1779,343776,118.12333339825273,0.11499999999999999,6.38,0,7,200
1780,343880,129.97333474829793,0.04500000000000004,6.8,0,5,200
1781,343992,124.28500019013882,0.06499999999999995,7.125,0,3,200
1782,344168,112.45166524499655,0.11499999999999999,7.225,0,5,200
1783,344184,119.11166652850807,0.07499999999999996,7.465,0,4,200
1784,344248,85.59666610416025,0.18999999999999995,8.59,0,5,200
1785,344320,81.13833419512957,0.21499999999999997,8.405,0,6,200
1786,344984,116.94666637759656,0.08999999999999997,6.91,0,9,200
1787,345376,111.75000150408596,0.10999999999999999,7.35,0,6,200
1788,345480,128.86833483353257,0.06999999999999995,6.395,0,4,200
1789,345592,117.19499848783016,0.08499999999999996,7.515,0,3,200
1790,345768,142.99333357810974,0.025000000000000022,6.02,0,1,200
1791,345784,127.37666604667902,0.04500000000000004,7.33,0,2,200
1792,345848,96.06500056572258,0.14500000000000002,8.265,0,7,200
1793,345920,124.12166508194059,0.05500000000000005,7.375,0,3,200
1794,346584,131.8866657987237,0.030000000000000027,7.18,0,2,200
1795,346976,109.04999984055758,0.09999999999999998,7.74,0,9,200
1796,347080,134.52999974787235,0.040000000000000036,6.63,0,2,200
1797,347192,117.23999812081456,0.06499999999999995,8.04,0,3,200
1798,347368,99.2250004177913,0.16000000000000003,7.815,0,4,200
1799,347384,114.00166718289256,0.07999999999999996,7.975,0,3,200
1800,347448,103.44833426177502,0.14500000000000002,7.595,0,5,200
1801,347520,125.50500120222569,0.06499999999999995,6.885,0,4,200
1802,348184,101.0550007224083,0.125,8.205,0,6,200
1803,348576,117.16333417221904,0.07499999999999996,7.58,0,5,200
1804,348680,119.92500026524067,0.09499999999999997,6.915,0,3,200
1805,348792,82.97833372466266,0.21999999999999997,8.075,0,6,200
1806,348968,112.70500018354505,0.07999999999999996,8.145,0,3,200
1807,348984,109.61333391722292,0.10999999999999999,7.37,0,8,200
1808,349048,131.19000170007348,0.050000000000000044,6.78,0,2,200
1809,349120,126.47666808217764,0.030000000000000027,7.3,0,9,200
1810,349784,122.00499919429421,0.06499999999999995,7.455,0,3,200
1811,350176,101.15666555892676,0.16500000000000004,7.36,0,5,200
1812,350280,126.21333427727222,0.06000000000000005,7.19,0,1,200
1813,350392,109.26833393331617,0.13,7.235,0,4,200
1814,350568,128.46499952673912,0.05500000000000005,7.005,0,1,200
1815,350584,97.36333259940147,0.16000000000000003,8.03,0,3,200
1816,350648,130.831667304039,0.06000000000000005,6.715,0,0,200
1817,350720,118.70333380904049,0.05500000000000005,7.76,0,7,200
1818,351384,142.44666856527328,0.030000000000000027,6.01,0,1,200
1819,351776,119.04000053927302,0.09499999999999997,6.9,0,5,200
1820,351880,125.56999824941158,0.07499999999999996,6.93,0,1,200
1821,351992,114.30000018235296,0.08499999999999996,7.68,0,5,200
1822,352168,112.34333319962025,0.10499999999999998,7.61,0,3,200
1823,352184,123.58166579157114,0.05500000000000005,7.405,0,4,200
1824,352248,102.68500140216202,0.08999999999999997,8.925,0,5,200
1825,352320,116.05000125616789,0.08499999999999996,7.56,0,4,200
1826,352984,110.34666729625314,0.14,7.0,0,3,200
1827,353376,103.83333288040012,0.11499999999999999,7.94,0,9,200
1828,353480,124.4249996766448,0.06499999999999995,6.915,0,6,200
1829,353592,103.97833281569183,0.15000000000000002,7.085,0,8,200
1830,353768,103.5516654253006,0.10999999999999999,8.485,0,4,200
1831,353784,101.65333373472095,0.12,8.33,0,5,200
1832,353848,120.61666747927666,0.08499999999999996,7.15,0,2,200
1833,353920,120.12500047683716,0.08499999999999996,7.065,0,3,200
1834,354584,128.49666692316532,0.04500000000000004,7.0,0,5,200
1835,354976,107.36000218894333,0.14500000000000002,7.11,0,4,200
1836,355080,136.31666752696037,0.015000000000000013,7.0,0,2,200
1837,355192,101.68333310540766,0.15000000000000002,7.58,0,5,200
1838,355368,91.43500094022602,0.17500000000000004,8.175,0,6,200
1839,355384,116.95666762441397,0.10499999999999998,7.03,0,4,200
1840,355448,121.34166671335697,0.08999999999999997,6.895,0,2,200
1841,355520,115.82333411928266,0.10999999999999999,6.95,0,4,200
1842,356184,128.84833408147097,0.06000000000000005,6.665,0,3,200
1843,356576,105.71000001486391,0.10999999999999999,8.16,0,4,200
1844,356680,134.19166667759418,0.05500000000000005,6.355,0,1,200
1845,356792,126.68833462893963,0.06000000000000005,7.025,0,2,200
1846,356968,115.89499923586845,0.07999999999999996,7.785,0,2,200
1847,356984,123.23666608333588,0.07499999999999996,6.79,0,6,200
1848,357048,127.19166615605354,0.05500000000000005,7.105,0,2,200
1849,357120,103.90333354007453,0.14500000000000002,7.52,0,4,200
1850,357784,122.13166645821184,0.09499999999999997,6.685,0,2,200
1851,358176,136.2400013646111,0.04500000000000004,6.24,0,2,200
1852,358280,83.53499960061163,0.21999999999999997,8.085,0,5,200
1853,358392,137.76000022888184,0.040000000000000036,6.12,0,3,200
1854,358568,127.09333276748657,0.03500000000000003,7.58,0,3,200
1855,358584,139.86166597902775,0.030000000000000027,6.295,0,1,200
1856,358648,116.1500002592802,0.07499999999999996,7.5,0,8,200
1857,358720,124.43000004813075,0.06499999999999995,6.78,0,6,200
1858,359384,95.5233343821019,0.13,8.9,0,4,200
1859,359776,118.94833361264318,0.06499999999999995,7.835,0,1,200
1860,359880,107.56166752055287,0.08499999999999996,8.425,0,6,200
1861,359992,130.4783334583044,0.050000000000000044,6.755,0,3,200
1862,360168,106.44499979913235,0.09999999999999998,8.355,0,3,200
1863,360184,115.57333458214998,0.07999999999999996,7.73,0,4,200
1864,360248,113.50833331700414,0.11499999999999999,7.085,0,5,200
1865,360320,114.2766672372818,0.08499999999999996,7.81,0,3,200
1866,360984,134.2916683331132,0.050000000000000044,6.355,0,2,200
1867,361376,115.93333392590284,0.07499999999999996,7.55,0,8,200
1868,361480,131.4483328461647,0.050000000000000044,6.485,0,5,200
1869,361592,112.80166681110859,0.08499999999999996,7.915,0,4,200
1870,361768,116.59999957680702,0.06499999999999995,7.98,0,4,200
1871,361784,128.3083334453404,0.050000000000000044,6.815,0,6,200
1872,361848,100.99166694842279,0.10999999999999999,8.665,0,5,200
1873,361920,134.14833330363035,0.03500000000000003,6.695,0,2,200
1874,362584,115.05166651960462,0.09499999999999997,7.375,0,5,200
1875,362976,123.59166666120291,0.06499999999999995,6.985,0,6,200
1876,363080,124.69833378400654,0.06999999999999995,6.635,0,7,200
1877,363192,123.35333308577538,0.06000000000000005,7.37,0,3,200
1878,363368,116.10000053048134,0.06000000000000005,8.25,0,3,200
1879,363384,108.29333328362554,0.09499999999999997,7.85,0,9,200
1880,363448,107.73833340313286,0.11499999999999999,7.565,0,8,200
1881,363520,109.14000055845827,0.10999999999999999,7.71,0,5,200
1882,364184,117.328333619982,0.09999999999999998,6.965,0,5,200
1883,364576,118.73000187054276,0.08999999999999997,7.11,0,4,200
1884,364680,93.74166823737323,0.15500000000000003,8.155,0,9,200
1885,364792,122.3000009059906,0.07999999999999996,7.14,0,1,200
1886,364968,124.18000043090433,0.06499999999999995,7.08,0,4,200
1887,364984,124.96000075247139,0.06499999999999995,6.9,0,5,200
1888,365048,105.07666719704866,0.16000000000000003,7.09,0,3,200
1889,365120,87.10666645970196,0.18000000000000005,8.65,0,5,200
1890,365784,123.93833357095718,0.07999999999999996,6.605,0,6,200
1891,366176,115.29833349585533,0.09999999999999998,7.265,0,4,200
1892,366280,129.8899994706735,0.05500000000000005,6.69,0,3,200
1893,366392,124.05166713893414,0.07999999999999996,6.865,0,2,200
1894,366568,98.243334046565,0.14500000000000002,8.3,0,4,200
1895,366584,122.46666701789945,0.07499999999999996,7.21,0,2,200
1896,366648,110.44499923940748,0.10499999999999998,7.425,0,9,200
1897,366720,137.10499839484692,0.030000000000000027,6.555,0,2,200
1898,367384,120.2233333690092,0.06999999999999995,7.43,0,4,200
1899,367776,113.59333322197199,0.09999999999999998,7.64,0,2,200
1900,367880,142.5199999809265,0.0,6.54,0,3,200
1901,367992,122.72000040020794,0.07499999999999996,6.75,0,7,200
1902,368168,122.26166690792888,0.05500000000000005,7.495,0,5,200
1903,368184,104.59333334118128,0.13,7.7,0,5,200
1904,368248,117.01166508346796,0.06999999999999995,7.855,0,4,200
1905,368320,137.49666748940945,0.025000000000000022,6.73,0,0,200
1906,368984,134.0499997800216,0.06000000000000005,5.94,0,5,200
1907,369376,96.18000018410385,0.15000000000000002,8.13,0,7,200
1908,369480,130.85666665434837,0.050000000000000044,6.46,0,6,200
1909,369592,123.24666710104793,0.06999999999999995,6.94,0,6,200
1910,369768,97.53000019770116,0.14500000000000002,8.13,0,6,200
1911,369784,100.35499951150268,0.14500000000000002,7.935,0,4,200
1912,369848,93.46833380218595,0.15000000000000002,8.645,0,5,200
1913,369920,135.8166663646698,0.03500000000000003,6.19,0,8,200
1914,370584,120.4116662889719,0.06499999999999995,7.405,0,5,200
1915,370976,122.24000016599894,0.050000000000000044,7.38,0,8,200
1916,371080,104.56666769646108,0.10499999999999998,8.32,0,6,200
1917,371192,128.4983333721757,0.040000000000000036,7.115,0,5,200
1918,371368,117.10666632466018,0.09499999999999997,6.97,0,7,200
1919,371384,109.99000061210245,0.135,7.02,0,4,200
1920,371448,124.5749990567565,0.06499999999999995,6.975,0,5,200
1921,371520,132.79666711390018,0.05500000000000005,6.4,0,2,200
1922,372184,107.746666922234,0.10999999999999999,7.57,0,10,200
1923,372576,125.37000017985702,0.08999999999999997,6.0,0,8,200
1924,372680,135.78166767954826,0.05500000000000005,6.055,0,2,200
1925,372792,111.24500062596053,0.10999999999999999,7.455,0,4,200
1926,372968,117.88500061631203,0.09499999999999997,7.215,0,2,200
1927,372984,110.0783334588632,0.10999999999999999,7.475,0,6,200
1928,373048,118.77833319827914,0.06999999999999995,7.595,0,4,200
1929,373120,128.64833422005177,0.040000000000000036,7.205,0,3,200
1930,373784,127.02499981224537,0.03500000000000003,7.545,0,3,200
1931,374176,109.66500139608979,0.14,7.035,0,3,200
1932,374280,133.67833417654037,0.030000000000000027,6.845,0,3,200
1933,374392,118.0383326811716,0.09499999999999997,7.055,0,4,200
1934,374568,85.18333349004388,0.18999999999999995,8.6,0,5,200
1935,374584,128.10833355784416,0.07499999999999996,6.395,0,3,200
1936,374648,110.4466672083363,0.08499999999999996,8.14,0,5,200
1937,374720,104.12499976437539,0.14,7.635,0,4,200
1938,375384,113.53500092029572,0.07499999999999996,7.875,0,6,200
1939,375776,118.94833253324032,0.06999999999999995,7.505,0,5,200
1940,375880,119.57333409786224,0.05500000000000005,7.97,0,3,200
1941,375992,105.87166729569435,0.12,8.035,0,2,200
1942,376168,112.88000010233372,0.06999999999999995,7.86,0,9,200
1943,376184,129.84499923791736,0.06000000000000005,6.525,0,4,200
1944,376248,108.88500045891851,0.125,7.425,0,4,200
1945,376320,123.7116667330265,0.040000000000000036,7.765,0,3,200
1946,376984,136.67666657269,0.025000000000000022,6.7,0,2,200
1947,377376,120.67999973427504,0.06000000000000005,7.8,0,3,200
1948,377480,114.49500077124685,0.10499999999999998,7.245,0,3,200
1949,377592,139.8033335506916,0.050000000000000044,5.9,0,0,200
1950,377768,116.4183344906196,0.13,6.515,0,3,200
1951,377784,115.48833528906107,0.09499999999999997,7.415,0,4,200
1952,377848,133.1700011640787,0.06999999999999995,6.03,0,2,200
1953,377920,132.86000060196966,0.040000000000000036,6.66,0,4,200
1954,378584,111.44000030960888,0.10499999999999998,7.71,0,3,200
1955,378976,124.88833310455084,0.07499999999999996,6.875,0,2,200
1956,379080,124.98500026017427,0.09499999999999997,6.225,0,4,200
1957,379192,116.89333418663591,0.10499999999999998,7.1,0,2,200
1958,379368,131.46000166982412,0.040000000000000036,6.81,0,4,200
1959,379384,89.96833322197199,0.16500000000000004,8.255,0,9,200
1960,379448,116.60333316400647,0.08999999999999997,6.77,0,12,200
1961,379520,87.02499995287508,0.19999999999999996,8.325,0,2,200
1962,380184,117.10833424981683,0.06499999999999995,7.895,0,4,200
1963,380576,124.11166650708765,0.07499999999999996,6.835,0,4,200
1964,380680,94.84999909996986,0.18999999999999995,7.56,0,4,200
1965,380792,140.4083327651024,0.025000000000000022,6.365,0,1,200
1966,380968,120.66000080760568,0.09499999999999997,6.63,0,6,200
1967,380984,133.7616686373949,0.03500000000000003,6.745,0,2,200
1968,381048,126.87166722863913,0.040000000000000036,7.225,0,6,200
1969,381120,100.96500087343156,0.15500000000000003,7.425,0,7,200
1970,381784,62.379999401047826,0.245,9.48,0,12,200
1971,382176,125.473332837224,0.06999999999999995,7.01,0,1,200
1972,382280,87.69833317305893,0.18000000000000005,8.405,0,6,200
1973,382392,117.10666695889086,0.07499999999999996,7.66,0,4,200
1974,382568,132.65499965846539,0.04500000000000004,6.435,0,6,200
1975,382584,118.09333302732557,0.09999999999999998,6.89,0,5,200
1976,382648,115.33166693057865,0.10499999999999998,6.805,0,8,200
1977,382720,109.61833313852549,0.10499999999999998,7.685,0,6,200
1978,383384,135.1066669523716,0.040000000000000036,6.43,0,3,200
1979,383776,119.72500009834766,0.06999999999999995,7.485,0,4,200
1980,383880,102.39499971549958,0.10999999999999999,7.995,0,12,200
1981,383992,131.0550003796816,0.04500000000000004,6.885,0,2,200
1982,384168,120.95000096037984,0.10499999999999998,6.6,0,3,200
1983,384184,89.33500087074935,0.18999999999999995,7.905,0,8,200
1984,384248,112.95500019937754,0.08999999999999997,7.545,0,7,200
1985,384320,127.45833299309015,0.050000000000000044,7.145,0,2,200
1986,384984,106.7116665309295,0.12,7.585,0,6,200
1987,385376,119.40666767116636,0.07999999999999996,7.45,0,1,200
1988,385480,114.97499960660934,0.09999999999999998,7.485,0,2,200
1989,385592,112.00499956309795,0.10999999999999999,7.425,0,4,200
1990,385768,115.88000056799501,0.08999999999999997,7.62,0,2,200
1991,385784,123.91166561841965,0.05500000000000005,7.255,0,5,200
1992,385848,113.74500106275082,0.10499999999999998,7.395,0,4,200
1993,385920,126.4649999588728,0.050000000000000044,7.245,0,3,200
1994,386584,127.14166735112667,0.07999999999999996,6.535,0,1,200
1995,386976,112.6366664916277,0.09999999999999998,7.66,0,3,200
1996,387080,86.59666727017611,0.18999999999999995,8.29,0,7,200
1997,387192,118.04666873067617,0.06999999999999995,7.75,0,3,200
1998,387368,112.33333346899599,0.11499999999999999,7.37,0,3,200
1999,387384,95.02333445008844,0.17500000000000004,7.85,0,5,200
2000,387448,99.88166594877839,0.14,8.125,0,5,200
2001,387520,126.08666554093361,0.07499999999999996,6.46,0,5,200
2002,388184,138.2850000411272,0.050000000000000044,5.655,0,6,200
2003,388576,107.0616656569764,0.10999999999999999,7.615,0,10,200
2004,388680,106.25833312328905,0.11499999999999999,7.835,0,6,200
2005,388792,99.81666729785502,0.13,8.26,0,6,200
2006,388968,123.14333437383175,0.050000000000000044,7.73,0,2,200
2007,388984,111.20499941613525,0.10999999999999999,7.365,0,6,200
2008,389048,116.5366669818759,0.09999999999999998,7.12,0,4,200
2009,389120,103.60333299543709,0.125,7.91,0,7,200
2010,389784,107.26666746940464,0.08999999999999997,8.44,0,5,200
2011,390176,118.83333518262953,0.08999999999999997,7.1,0,4,200
2012,390280,109.50500093400478,0.10499999999999998,7.785,0,5,200
2013,390392,119.9216673290357,0.07999999999999996,7.135,0,5,200
2014,390568,109.66666693147272,0.12,7.45,0,4,200
2015,390584,127.49500067904592,0.06999999999999995,6.495,0,6,200
2016,390648,110.4449999993667,0.10999999999999999,7.365,0,8,200
2017,390720,133.48500010371208,0.04500000000000004,6.465,0,4,200
2018,391384,113.96833341568708,0.10499999999999998,7.355,0,3,200
2019,391776,132.31000014021993,0.04500000000000004,6.51,0,5,200
2020,391880,127.06166571378708,0.04500000000000004,7.405,0,1,200
2021,391992,116.35666837450117,0.06999999999999995,7.99,0,3,200
2022,392168,133.95000079274178,0.040000000000000036,6.42,0,5,200
2023,392184,103.53333447873592,0.10499999999999998,8.63,0,3,200
2024,392248,131.9833349622786,0.05500000000000005,6.32,0,5,200
2025,392320,111.71166809555143,0.13,6.925,0,5,200
2026,392984,132.1233326420188,0.06000000000000005,6.44,0,2,200
2027,393376,127.8666668748483,0.04500000000000004,7.39,0,1,200
2028,393480,104.13166604936123,0.11499999999999999,8.125,0,5,200
2029,393592,115.3883326947689,0.09999999999999998,7.535,0,1,200
2030,393768,123.65000133216381,0.06000000000000005,7.26,0,4,200
2031,393784,122.94000074639916,0.06999999999999995,7.08,0,4,200
2032,393848,85.94666752871126,0.18999999999999995,8.56,0,5,200
2033,393920,133.29999946709722,0.05500000000000005,6.24,0,4,200
2034,394584,103.38500061631203,0.13,7.725,0,7,200
2035,394976,116.59333308041096,0.08999999999999997,7.01,0,9,200
2036,395080,88.91666784137487,0.18000000000000005,8.47,0,5,200
2037,395192,124.93833518028259,0.06000000000000005,7.265,0,2,200
2038,395368,132.46666630357504,0.050000000000000044,6.52,0,3,200
2039,395384,124.49666614085436,0.04500000000000004,7.6,0,3,200
2040,395448,105.86833349615335,0.09499999999999997,8.285,0,7,200
2041,395520,114.74166754540056,0.06499999999999995,8.245,0,3,200
2042,396184,125.01166762411594,0.04500000000000004,7.375,0,6,200
2043,396576,119.63666594401002,0.06499999999999995,7.63,0,3,200
2044,396680,132.32333312183619,0.030000000000000027,6.98,0,4,200
2045,396792,113.90500102192163,0.09499999999999997,7.635,0,3,200
2046,396968,109.56500037387013,0.09999999999999998,8.055,0,3,200
2047,396984,113.65166712552309,0.08999999999999997,7.435,0,7,200
2048,397048,117.99833262339234,0.08999999999999997,7.055,0,6,200
2049,397120,121.29333253577352,0.06000000000000005,7.52,0,4,200
2050,397784,125.0299994200468,0.06000000000000005,7.08,0,4,200
2051,398176,110.95166759099811,0.13,7.135,0,4,200
2052,398280,114.33000110089779,0.10499999999999998,7.29,0,4,200
2053,398392,128.75333392620087,0.04500000000000004,6.74,0,8,200
2054,398568,121.61333402991295,0.05500000000000005,7.67,0,4,200
2055,398584,118.69000176992267,0.07999999999999996,7.53,0,2,200
2056,398648,125.99333239346743,0.040000000000000036,7.49,0,4,200
2057,398720,116.07666712999344,0.05500000000000005,8.32,0,3,200
2058,399384,115.22500022500753,0.08999999999999997,7.155,0,10,200
2059,399776,116.60500108730048,0.09499999999999997,7.125,0,6,200
2060,399880,88.30333324428648,0.20499999999999996,8.15,0,1,200
2061,399992,97.61500039603561,0.17500000000000004,7.275,0,8,200
2062,400168,92.78499984741211,0.18000000000000005,8.025,0,4,200
2063,400184,119.52333270385861,0.07999999999999996,7.34,0,3,200
2064,400248,138.19499963521957,0.04500000000000004,6.075,0,1,200
2065,400320,123.38166674599051,0.06999999999999995,7.135,0,3,200
2066,400984,111.5133330821991,0.09499999999999997,7.94,0,2,200
2067,401376,124.3683338984847,0.07499999999999996,6.725,0,5,200
