episode,timestep,reward,sla_violation,mean_replicas,crashes,flapping_incidents,length
0,40,-20.43999983370304,1.0,1.2,1,0,5
1,56,-23.058333188295364,1.0,3.2857142857142856,1,3,7
2,56,-21.599999859929085,0.8571428571428572,2.5714285714285716,1,3,7
3,96,-25.79166714847088,1.0,3.5833333333333335,1,5,12
4,104,-27.77833253145218,1.0,3.6153846153846154,1,8,13
5,128,-19.964999958872795,0.625,2.8125,1,6,16
6,248,-16.31499994546175,0.4666666666666667,3.0,1,3,15
7,248,-17.82833381742239,0.625,3.4583333333333335,1,4,24
8,280,-17.541667118668556,0.6956521739130435,1.608695652173913,1,4,23
9,296,-12.581667114049196,0.3125,3.21875,1,13,32
10,440,-34.69166688621044,0.7708333333333334,5.770833333333333,1,19,48
11,456,-24.450000554323196,0.7307692307692308,3.6923076923076925,1,11,26
12,472,-27.383333683013916,0.8636363636363636,4.454545454545454,1,9,22
13,576,-31.916666925884783,0.5694444444444444,6.472222222222222,1,32,72
14,992,-16.499999798834324,0.4769230769230769,3.9692307692307693,1,30,65
15,1160,-20.288333013653755,0.5068493150684932,6.068493150684931,1,25,73
16,1320,14.596667598932981,0.29230769230769227,5.6,1,36,130
17,1448,-30.54833358153701,0.8333333333333334,3.138888888888889,1,15,36
18,1496,-21.231666669249535,1.0,4.166666666666667,1,0,6
19,1600,34.29333371017128,0.28,6.59,0,75,200
20,1704,55.771666900254786,0.18500000000000005,6.955,0,68,200
21,1712,4.533334029838443,0.06666666666666665,9.777777777777779,1,32,90
22,1728,-19.476667251437902,0.5172413793103448,2.8275862068965516,1,13,29
23,1776,23.391666496172547,0.15568862275449102,8.32934131736527,1,53,167
24,1784,10.936667513102293,0.27604166666666663,6.604166666666667,1,78,192
25,1920,-17.148333718068898,0.5,2.611111111111111,1,5,18
26,1976,-21.660000547766685,0.7419354838709677,2.7096774193548385,1,8,31
27,2056,58.27499979548156,0.0050000000000000044,9.705,0,82,200
28,2128,-22.556667171418667,0.8888888888888888,1.7777777777777777,1,3,9
29,2264,-25.58833374455571,0.6511627906976745,3.883720930232558,1,20,43
30,2296,-24.334999293088913,0.8095238095238095,4.428571428571429,1,6,21
31,2600,-12.351665685884655,0.43999999999999995,5.72,1,45,125
32,2712,-18.69999922066927,0.5714285714285714,3.4285714285714284,1,4,14
33,2848,13.688333615660667,0.2844036697247706,3.9724770642201834,1,37,109
34,2920,44.083333565853536,0.21999999999999997,7.49,0,69,200
35,3008,-7.765000616200268,0.2679738562091504,8.882352941176471,1,59,153
36,3016,-18.095000566914678,0.5238095238095238,3.5714285714285716,1,7,21
37,3208,8.118332684971392,0.211864406779661,7.533898305084746,1,38,118
38,3280,4.296666433103383,0.2893401015228426,7.472081218274112,1,74,197
39,3280,-17.649999984540045,0.5454545454545454,5.2727272727272725,1,6,33
40,3312,31.551666673272848,0.31999999999999995,6.715,0,65,200
41,3368,-21.695000655949116,0.9090909090909091,3.0,1,1,11
42,3440,-25.07666653394699,0.9,3.2,1,5,20
43,3544,-27.218333780765533,0.9545454545454546,5.954545454545454,1,3,22
44,3552,-16.013333067297935,0.4666666666666667,2.466666666666667,1,12,30
45,3648,-21.66166653111577,0.8333333333333334,2.0833333333333335,1,3,12
46,3784,5.369999537244439,0.20833333333333337,4.666666666666667,1,25,72
47,3896,5.920000481419265,0.45999999999999996,5.07,0,84,200
48,3960,-22.176666509360075,0.641025641025641,3.4871794871794872,1,14,39
49,3976,-16.991667110472918,0.5671641791044777,2.791044776119403,1,25,67
50,4128,-22.888332456350327,0.6511627906976745,4.8604651162790695,1,13,43
51,4240,-20.06166599318385,0.4285714285714286,4.785714285714286,1,6,14
52,4312,50.24000044353306,0.18000000000000005,7.29,0,70,200
53,4384,-22.778332632035017,1.0,1.2222222222222223,1,3,9
54,4448,-27.138333186507225,0.9230769230769231,2.730769230769231,1,8,26
55,4520,-12.156666001304984,0.51,6.77,0,75,200
56,4608,43.29333373438567,0.22999999999999998,6.62,0,77,200
57,4648,-26.104999884963036,1.0,3.1875,1,6,16
58,4944,0.28333364333957434,0.16129032258064513,5.870967741935484,1,24,62
59,5144,41.88333356473595,0.24,6.95,0,71,200
60,5496,32.941666673868895,0.28500000000000003,7.975,0,59,200
61,5504,-0.7699998272582889,0.17142857142857137,6.771428571428571,1,24,70
62,5560,57.620000381954014,0.04500000000000004,9.75,0,71,200
63,5576,28.251666988246143,0.18000000000000005,9.385,0,78,200
64,5616,-19.250000566244125,0.7142857142857143,2.5714285714285716,1,0,7
65,5672,-23.539999746717513,0.75,4.0,1,6,12
66,5744,-32.798333659768105,0.9032258064516129,5.580645161290323,1,11,31
67,5984,49.06000047083944,0.21499999999999997,7.41,0,60,200
68,6016,-23.02999970316887,0.6599999999999999,3.36,1,18,50
69,6056,13.371666526421905,0.23295454545454541,7.221590909090909,1,66,176
70,6208,46.29666673578322,0.07499999999999996,9.25,0,86,200
71,6336,-22.71666583698243,0.6,3.7142857142857144,1,15,35
72,6744,-1.1583331376314163,0.42000000000000004,7.525,0,74,200
73,6936,-10.01166616845876,0.4260869565217391,5.121739130434783,1,46,115
74,6944,7.396667365916073,0.2533333333333333,8.093333333333334,1,45,150
75,7048,20.244999705813825,0.2093023255813954,6.924418604651163,1,63,172
76,7048,-21.37499914318323,0.7142857142857143,2.357142857142857,1,5,14
77,7104,10.600000356324017,0.35,8.1,0,73,200
78,7112,-13.920000077225268,0.3917525773195877,6.804123711340206,1,35,97
79,7240,-17.99000048264861,0.3783783783783784,6.324324324324325,1,15,37
80,7296,-22.894999891519547,1.0,3.0,1,2,7
81,7584,24.645000289194286,0.24,8.445,0,77,200
82,7808,37.02166676428169,0.13,10.075,0,73,200
83,8000,5.416667578741908,0.2100840336134454,7.226890756302521,1,42,119
84,8344,46.40000028628856,0.21499999999999997,6.96,0,74,200
85,8648,55.398333206772804,0.08499999999999996,9.185,0,70,200
86,8704,45.00333355087787,0.20499999999999996,8.24,0,61,200
87,8712,63.38000027742237,0.245,5.67,0,55,200
88,8896,57.6716663101688,0.14,7.645,0,68,200
89,8912,-5.9933336935937405,0.2692307692307693,3.076923076923077,1,1,26
90,8960,-20.08500050008297,0.8333333333333334,1.5,1,1,6
91,9184,53.14999983739108,0.18500000000000005,7.5,0,65,200
92,9408,37.72833343595266,0.255,7.355,0,71,200
93,9600,24.405000397004187,0.31999999999999995,8.235,0,58,200
94,9792,-18.826667116954923,0.45833333333333337,4.166666666666667,1,11,24
95,9944,27.973333506844938,0.14,10.04,0,85,200
96,10064,7.711666387505829,0.28260869565217395,7.471014492753623,1,39,138
97,10248,52.46500003244728,0.135,9.225,0,61,200
98,10280,-12.621665745973587,0.3571428571428571,6.595238095238095,1,11,42
99,10312,53.653333216905594,0.04500000000000004,10.34,0,72,200
100,10440,-22.62666631117463,0.6666666666666667,5.166666666666667,1,7,24
101,10496,61.19833344966173,0.12,8.045,0,69,200
102,10504,5.576666793785989,0.0898876404494382,8.584269662921349,1,32,89
103,10648,-23.659999325871468,0.9473684210526316,2.526315789473684,1,4,19
104,10784,47.315000392496586,0.125,9.015,0,70,200
105,11000,2.951666842214763,0.2142857142857143,5.3,1,23,70
106,11008,52.198333501815796,0.15000000000000002,8.585,0,62,200
107,11208,-6.806665983051062,0.3146853146853147,8.881118881118882,1,42,143
108,11880,50.699999880976975,0.09999999999999998,10.17,0,61,200
109,11912,30.14333330001682,0.26,8.81,0,60,200
110,12104,58.67666702438146,0.135,8.08,0,66,200
111,12248,31.791667255572975,0.235,9.055,0,61,200
112,12384,48.441666562110186,0.18000000000000005,9.295,0,50,200
113,12600,72.1883333530277,0.030000000000000027,9.155,0,63,200
114,12608,46.57499999087304,0.14500000000000002,10.275,0,50,200
115,12808,30.7733331406489,0.245,9.26,0,57,200
116,13480,12.45333369448781,0.30500000000000005,9.74,0,63,200
117,13512,75.67000011913478,0.04500000000000004,9.15,0,52,200
118,13704,33.958333941176534,0.19499999999999995,10.535,0,52,200
119,13848,62.88499993830919,0.06499999999999995,10.125,0,55,200
120,13984,47.333333569578826,0.12,9.74,0,67,200
121,14200,35.464999528601766,0.14500000000000002,10.695,0,62,200
122,14208,63.05333309620619,0.06999999999999995,10.76,0,40,200
123,14408,63.449999508447945,0.010000000000000009,10.83,0,62,200
124,15080,71.22499977145344,0.020000000000000018,10.035,0,56,200
125,15112,54.09333315491676,0.12,9.98,0,52,200
126,15304,69.39166634809226,0.07499999999999996,9.865,0,45,200
127,15448,73.60333358123899,0.0050000000000000044,10.13,0,56,200
128,15584,73.9633328653872,0.015000000000000013,9.89,0,54,200
129,15800,44.171666914597154,0.12,9.295,0,74,200
130,15808,47.61499977298081,0.13,10.545,0,50,200
131,15872,-13.87500050291419,0.43661971830985913,5.788732394366197,1,23,71
132,16008,75.33333315048367,0.0,9.95,0,55,200
133,16680,68.09499975200742,0.050000000000000044,10.395,0,46,200
134,16712,38.588333033025265,0.16000000000000003,10.475,0,56,200
135,17048,75.83666642848402,0.010000000000000009,10.33,0,47,200
136,17184,55.54500020947307,0.10499999999999998,9.735,0,59,200
137,17400,19.06333352997899,0.31499999999999995,10.34,0,41,200
138,17408,46.069999537430704,0.125,10.98,0,49,200
139,17472,51.40666637662798,0.10999999999999999,10.24,0,57,200
140,17608,61.92999960761517,0.050000000000000044,11.04,0,48,200
141,18280,48.73499972280115,0.17000000000000004,10.965,0,32,200
142,18312,75.5299995392561,0.0,10.98,0,43,200
143,18648,58.51166653260589,0.12,10.495,0,39,200
144,18784,62.3349998164922,0.050000000000000044,10.815,0,51,200
145,19000,61.27333299815655,0.06000000000000005,11.09,0,43,200
146,19008,53.48833336960524,0.08499999999999996,10.205,0,59,200
147,19072,74.26666621863842,0.0050000000000000044,10.45,0,50,200
148,19208,82.38166617229581,0.020000000000000018,10.495,0,34,200
149,19880,48.56000003684312,0.16000000000000003,10.56,0,42,200
150,19912,26.09999956190586,0.17500000000000004,10.47,0,70,200
151,20248,76.5899995137006,0.0050000000000000044,10.35,0,46,200
152,20384,46.98833282850683,0.125,11.045,0,46,200
153,20600,48.558332932181656,0.08999999999999997,11.435,0,49,200
154,20608,73.04166631959379,0.015000000000000013,10.585,0,47,200
155,20672,52.984999837353826,0.125,10.635,0,44,200
156,20808,46.83166618458927,0.13,11.035,0,49,200
157,21480,61.48999993689358,0.09499999999999997,10.98,0,37,200
158,21512,65.57833276502788,0.06999999999999995,11.165,0,31,200
159,21848,42.39333319757134,0.14,11.06,0,51,200
160,21984,71.80833294056356,0.015000000000000013,10.535,0,54,200
161,22200,81.78666644077748,0.0,10.96,0,35,200
162,22208,71.799999400042,0.030000000000000027,11.04,0,38,200
163,22272,75.03833267465234,0.020000000000000018,11.105,0,36,200
164,22408,76.80999943893403,0.010000000000000009,11.43,0,34,200
165,23080,79.17166595067829,0.0050000000000000044,11.275,0,32,200
166,23112,47.264999529346824,0.15500000000000003,10.665,0,43,200
167,23448,72.19833252672106,0.06000000000000005,11.015,0,27,200
168,23584,74.64166648965329,0.030000000000000027,10.705,0,39,200
169,23800,68.57499942276627,0.06000000000000005,11.025,0,35,200
170,23808,49.77499972190708,0.125,11.115,0,45,200
171,23872,60.671666607260704,0.06999999999999995,11.035,0,45,200
172,24008,78.51499894913286,0.015000000000000013,11.655,0,22,200
173,24680,74.90999949816614,0.040000000000000036,11.25,0,28,200
174,24712,76.93166606966406,0.0050000000000000044,11.215,0,35,200
175,25048,78.16166617441922,0.0050000000000000044,11.215,0,36,200
176,25184,69.22499953396618,0.06499999999999995,11.025,0,33,200
177,25400,61.75999918207526,0.06000000000000005,11.31,0,41,200
178,25408,80.93833257909864,0.015000000000000013,11.285,0,23,200
179,25472,82.33666643314064,0.03500000000000003,10.66,0,27,200
180,25608,77.89333281386644,0.03500000000000003,11.09,0,26,200
181,26280,86.14333236590028,0.010000000000000009,11.09,0,21,200
182,26312,62.964999492280185,0.07999999999999996,11.055,0,35,200
183,26648,56.99333260487765,0.15000000000000002,10.82,0,25,200
184,26784,83.47333323024213,0.0,10.52,0,36,200
185,27000,86.56999891158193,0.010000000000000009,11.28,0,16,200
186,27008,68.52666606940329,0.050000000000000044,10.9,0,40,200
187,27072,82.2449993994087,0.0050000000000000044,11.265,0,27,200
188,27208,80.10999946668744,0.04500000000000004,11.13,0,19,200
189,27880,79.52333251666278,0.020000000000000018,11.57,0,23,200
190,27912,75.98166584130377,0.020000000000000018,11.515,0,27,200
191,28248,82.03166584484279,0.015000000000000013,11.305,0,26,200
192,28384,58.238332393579185,0.16000000000000003,11.225,0,17,200
193,28600,81.6666662786156,0.025000000000000022,10.93,0,27,200
194,28608,69.74499921128154,0.08499999999999996,11.235,0,22,200
195,28672,76.88333282712847,0.04500000000000004,11.03,0,25,200
196,28808,74.1099995393306,0.06499999999999995,10.86,0,26,200
197,29480,49.68333266116679,0.17000000000000004,11.03,0,29,200
198,29512,80.8399994764477,0.020000000000000018,10.83,0,29,200
199,29848,78.65833294019103,0.03500000000000003,10.715,0,31,200
200,29984,80.84833300020546,0.025000000000000022,10.985,0,27,200
201,30200,85.62833214271814,0.015000000000000013,11.525,0,13,200
202,30208,82.88999942410737,0.0,11.01,0,34,200
203,30272,88.17333254497498,0.0,11.42,0,19,200
204,30408,79.9800000814721,0.06999999999999995,10.35,0,21,200
205,31080,65.85333259962499,0.125,11.42,0,13,200
206,31112,82.99499926902354,0.03500000000000003,11.055,0,20,200
207,31448,67.59499958809465,0.10999999999999999,11.115,0,16,200
208,31584,72.32333316560835,0.06999999999999995,10.61,0,33,200
209,31800,97.66166610084474,0.0,10.885,0,11,200
210,31808,69.42333238944411,0.050000000000000044,11.51,0,30,200
211,31872,91.03333306871355,0.030000000000000027,10.43,0,17,200
212,32008,79.75499922875315,0.09499999999999997,10.545,0,14,200
213,32680,75.11999937240034,0.06499999999999995,11.55,0,15,200
214,32712,90.93499957676977,0.0,10.635,0,22,200
215,33048,93.24833257962018,0.030000000000000027,10.265,0,18,200
216,33184,74.2349995104596,0.09999999999999998,10.695,0,19,200
217,33400,74.86333253327757,0.06499999999999995,11.3,0,18,200
218,33408,62.826666444540024,0.13,11.05,0,21,200
219,33472,76.59166601579636,0.05500000000000005,11.065,0,23,200
220,33608,88.94666631892323,0.015000000000000013,11.14,0,16,200
221,34280,83.26499916426837,0.04500000000000004,11.295,0,13,200
222,34312,74.34166608564556,0.08999999999999997,10.855,0,20,200
223,34648,67.8799993507564,0.125,11.37,0,12,200
224,34784,81.88999940082431,0.05500000000000005,11.04,0,18,200
225,35000,73.00166611000896,0.07999999999999996,11.335,0,19,200
226,35008,70.3916659122333,0.10499999999999998,11.275,0,15,200
227,35072,81.10999966599047,0.040000000000000036,10.8,0,25,200
228,35208,93.93333310354501,0.0050000000000000044,10.64,0,17,200
229,35880,70.58499925676733,0.10999999999999999,10.425,0,21,200
230,35912,75.59499904606491,0.07999999999999996,11.385,0,13,200
231,36248,80.74666611012071,0.030000000000000027,10.99,0,28,200
232,36384,88.56333264708519,0.025000000000000022,11.15,0,12,200
233,36600,67.37499936297536,0.09999999999999998,11.475,0,19,200
234,36608,76.47666658926755,0.06999999999999995,10.3,0,30,200
235,36672,83.48833261989057,0.040000000000000036,11.495,0,11,200
236,36808,93.54833333194256,0.015000000000000013,10.295,0,21,200
237,37480,78.68999973963946,0.07499999999999996,10.89,0,17,200
238,37512,95.92166620120406,0.025000000000000022,10.345,0,12,200
239,37848,87.7716659149155,0.020000000000000018,11.485,0,11,200
240,37984,87.46999954618514,0.025000000000000022,11.31,0,11,200
241,38200,78.73666588868946,0.06999999999999995,11.47,0,12,200
242,38208,83.20833328180015,0.08499999999999996,10.205,0,14,200
243,38272,95.46833309531212,0.010000000000000009,10.775,0,12,200
244,38408,98.16666659992188,0.010000000000000009,10.18,0,18,200
245,39080,88.73833278845996,0.040000000000000036,10.445,0,16,200
246,39112,86.55666612368077,0.050000000000000044,10.87,0,12,200
247,39448,94.12499998603016,0.030000000000000027,10.065,0,21,200
248,39584,94.28333263006061,0.020000000000000018,11.12,0,8,200
249,39800,84.04333279281855,0.06000000000000005,10.55,0,18,200
250,39808,74.76333311386406,0.09999999999999998,10.88,0,16,200
251,39872,87.67333287745714,0.050000000000000044,11.0,0,9,200
252,40008,93.1699996124953,0.025000000000000022,10.56,0,15,200
253,40680,91.64499956928194,0.020000000000000018,10.905,0,15,200
254,40712,75.85833307355642,0.07999999999999996,11.135,0,16,200
255,41048,95.14333288371563,0.020000000000000018,10.7,0,11,200
256,41184,80.00499974377453,0.09499999999999997,10.275,0,17,200
257,41400,86.43166641611606,0.05500000000000005,10.795,0,14,200
258,41408,76.68833300378174,0.10499999999999998,10.145,0,20,200
259,41472,92.96166619099677,0.015000000000000013,10.645,0,16,200
260,41608,89.76166622992605,0.05500000000000005,10.615,0,11,200
261,42280,92.32166643068194,0.015000000000000013,10.795,0,16,200
262,42312,96.3199994796887,0.0050000000000000044,10.95,0,12,200
263,42648,91.14333279896528,0.050000000000000044,10.79,0,8,200
264,42784,93.2233329359442,0.04500000000000004,10.07,0,17,200
265,43000,98.2766659129411,0.020000000000000018,10.15,0,13,200
266,43008,97.43499974347651,0.015000000000000013,11.055,0,6,200
267,43072,97.16499963309616,0.010000000000000009,10.515,0,15,200
268,43208,86.35833301953971,0.10499999999999998,9.785,0,8,200
269,43312,-22.506666094064713,0.9230769230769231,4.923076923076923,1,1,13
270,43880,93.87833352386951,0.07999999999999996,9.425,0,14,200
271,43912,83.32666654605418,0.06499999999999995,10.12,0,24,200
272,44248,85.43999969679862,0.07999999999999996,10.62,0,11,200
273,44384,94.98833310510963,0.020000000000000018,10.775,0,11,200
274,44600,90.91999937128276,0.025000000000000022,11.31,0,10,200
275,44608,90.31333263404667,0.03500000000000003,11.3,0,5,200
276,44672,95.92499955650419,0.015000000000000013,10.845,0,9,200
277,44912,94.33999965153635,0.025000000000000022,10.86,0,11,200
278,45480,86.80999949481338,0.050000000000000044,11.04,0,9,200
279,45512,72.9433325342834,0.11499999999999999,11.48,0,5,200
280,45848,75.56000004336238,0.13,10.26,0,14,200
281,45984,84.42333314474672,0.04500000000000004,11.09,0,17,200
282,46200,83.61333277635276,0.05500000000000005,10.94,0,17,200
283,46208,93.97333325631917,0.030000000000000027,10.28,0,17,200
284,46272,86.28666681051254,0.06999999999999995,9.58,0,26,200
285,46512,77.5933328801766,0.10999999999999999,10.82,0,10,200
286,47080,99.15499961934984,0.0,10.575,0,14,200
287,47112,69.35833309777081,0.16000000000000003,10.355,0,12,200
288,47448,93.42166649363935,0.06999999999999995,10.015,0,7,200
289,47584,101.42833324056119,0.0,10.715,0,9,200
290,47800,89.64499950222671,0.050000000000000044,10.815,0,10,200
291,47808,100.43499981146306,0.010000000000000009,10.605,0,10,200
292,47872,85.42499920260161,0.04500000000000004,11.535,0,7,200
293,48112,92.87166621536016,0.040000000000000036,10.585,0,11,200
294,48680,98.34166634827852,0.010000000000000009,10.675,0,11,200
295,48712,90.93333280831575,0.040000000000000036,10.91,0,9,200
296,49048,86.49499982409179,0.06999999999999995,10.725,0,10,200
297,49184,84.20166625548154,0.06000000000000005,11.065,0,12,200
298,49400,102.08333284594119,0.0,10.58,0,10,200
299,49408,95.90833305381238,0.03500000000000003,10.205,0,14,200
300,49472,102.50166613515466,0.0050000000000000044,10.585,0,6,200
301,49712,106.67999996431172,0.015000000000000013,9.84,0,6,200
302,50280,95.62499937508255,0.0050000000000000044,11.115,0,11,200
303,50312,87.05833293218166,0.08499999999999996,10.565,0,7,200
304,50648,88.96999998483807,0.06499999999999995,10.29,0,15,200
305,50784,80.96499989461154,0.13,9.975,0,10,200
306,51000,104.53666658047587,0.0,10.33,0,9,200
307,51008,90.51666650827974,0.04500000000000004,10.57,0,13,200
308,51072,108.54500003997236,0.015000000000000013,9.555,0,8,200
309,51312,86.81499978527427,0.07499999999999996,10.125,0,14,200
310,51880,90.19666637666523,0.07999999999999996,9.67,0,14,200
311,51912,100.00333309266716,0.0,10.67,0,12,200
312,52248,98.08833282068372,0.020000000000000018,10.115,0,15,200
313,52384,102.1366664711386,0.010000000000000009,10.27,0,11,200
314,52600,71.33499938249588,0.135,11.055,0,8,200
315,52608,100.20333291497082,0.0050000000000000044,10.4,0,14,200
316,52672,98.91666638664901,0.0050000000000000044,10.78,0,12,200
317,52912,80.17666637338698,0.08999999999999997,10.99,0,11,200
318,53480,85.41499944590032,0.050000000000000044,11.055,0,12,200
319,53512,99.6233334057033,0.020000000000000018,10.22,0,13,200
320,53848,92.52999945636839,0.06499999999999995,10.02,0,13,200
321,53984,106.49666630197316,0.015000000000000013,9.88,0,6,200
322,54200,91.0966662550345,0.025000000000000022,10.6,0,18,200
323,54208,96.94499947037548,0.015000000000000013,10.995,0,8,200
324,54272,109.71833342965692,0.025000000000000022,9.095,0,10,200
325,54512,86.54999972414225,0.07999999999999996,10.2,0,14,200
326,55080,92.06166657526046,0.06000000000000005,10.165,0,12,200
327,55112,73.20499967318028,0.16000000000000003,10.515,0,6,200
328,55448,81.14833307359368,0.10499999999999998,10.385,0,11,200
329,55584,82.4149997299537,0.10499999999999998,10.095,0,15,200
330,55800,97.66666633822024,0.0050000000000000044,10.63,0,17,200
331,55808,105.79499969817698,0.0,10.095,0,10,200
332,55872,102.25999979488552,0.040000000000000036,9.48,0,11,200
333,56112,87.24166598729789,0.06999999999999995,11.275,0,2,200
334,56680,96.35666627809405,0.030000000000000027,10.84,0,6,200
335,56712,99.33833291288465,0.030000000000000027,10.685,0,3,200
336,57048,95.40999969933182,0.050000000000000044,9.93,0,13,200
337,57184,100.84833301603794,0.040000000000000036,10.025,0,7,200
338,57400,97.29666620120406,0.0050000000000000044,11.05,0,9,200
339,57408,101.1266663512215,0.0,10.84,0,9,200
340,57472,81.99666619300842,0.08999999999999997,10.96,0,8,200
341,57712,99.67166633438319,0.020000000000000018,10.195,0,11,200
342,58280,83.66833278350532,0.10499999999999998,10.565,0,5,200
343,58312,87.60333280824125,0.08499999999999996,10.28,0,9,200
344,58648,87.5583327692002,0.06000000000000005,10.775,0,11,200
345,58784,114.80333346594125,0.0,8.81,0,14,200
346,59000,97.99166687298566,0.050000000000000044,9.625,0,14,200
347,59008,94.87333303131163,0.030000000000000027,10.58,0,12,200
348,59072,102.31666627619416,0.010000000000000009,10.57,0,7,200
349,59312,93.3966666907072,0.040000000000000036,10.51,0,11,200
350,59880,70.34833294712007,0.135,11.075,0,11,200
351,59912,95.83499944675714,0.040000000000000036,10.605,0,7,200
352,60248,81.05666627082974,0.08499999999999996,11.35,0,6,200
353,60384,107.4866664512083,0.0,9.58,0,14,200
354,60600,110.42333316709846,0.015000000000000013,8.93,0,13,200
355,60608,74.30999976024032,0.16500000000000004,10.05,0,8,200
356,60672,95.43333318922669,0.03500000000000003,10.22,0,16,200
357,60912,102.85666659008712,0.0,10.39,0,13,200
358,61480,66.45166623964906,0.18000000000000005,10.435,0,11,200
359,61512,88.41833265218884,0.06999999999999995,10.685,0,8,200
360,61848,100.88833342678845,0.06000000000000005,9.545,0,6,200
361,61984,109.41666634567082,0.020000000000000018,9.43,0,9,200
362,62200,70.85666655935347,0.15500000000000003,10.51,0,10,200
363,62208,106.39333304017782,0.0,10.16,0,9,200
364,62272,91.78333315998316,0.06000000000000005,10.25,0,12,200
365,62512,94.45499964151531,0.04500000000000004,10.035,0,15,200
366,63080,97.66499968990684,0.03500000000000003,10.545,0,8,200
367,63112,78.43166590761393,0.10999999999999999,11.365,0,2,200
368,63448,93.10500027332455,0.06999999999999995,9.885,0,12,200
369,63584,92.86499921791255,0.040000000000000036,11.085,0,5,200
370,63800,92.10166642908007,0.07999999999999996,10.075,0,8,200
371,63808,98.79499994963408,0.03500000000000003,10.005,0,12,200
372,63872,97.00166704133153,0.06000000000000005,9.355,0,16,200
373,64112,84.37166631780565,0.09499999999999997,10.315,0,12,200
374,64680,95.80499969050288,0.030000000000000027,10.935,0,6,200
375,64712,97.80666654743254,0.050000000000000044,9.43,0,18,200
376,65048,75.04166644159704,0.10999999999999999,10.675,0,17,200
377,65184,95.99166651535779,0.050000000000000044,10.255,0,8,200
378,65400,69.01666589081287,0.17000000000000004,10.72,0,7,200
379,65408,100.28666667453945,0.030000000000000027,9.94,0,12,200
380,65472,102.92833325546235,0.030000000000000027,10.055,0,7,200
381,65712,108.0416666502133,0.015000000000000013,9.415,0,11,200
382,66280,92.27666641119868,0.04500000000000004,10.66,0,11,200
383,66312,89.45833311136812,0.06999999999999995,10.265,0,12,200
384,66648,109.81666665803641,0.020000000000000018,9.04,0,12,200
385,66784,94.87666636239737,0.03500000000000003,10.57,0,11,200
386,67000,93.90499945450574,0.040000000000000036,10.725,0,8,200
387,67008,102.21833295561373,0.0,10.655,0,9,200
388,67072,109.92333323322237,0.010000000000000009,9.53,0,10,200
389,67312,83.21833317447454,0.08999999999999997,10.475,0,12,200
390,67880,92.05999977700412,0.12,9.15,0,6,200
391,67912,83.40999961737543,0.125,9.93,0,7,200
392,68248,95.67833312693983,0.06000000000000005,9.785,0,10,200
393,68384,101.74666619393975,0.015000000000000013,10.57,0,6,200
394,68600,94.03499926719815,0.03500000000000003,10.815,0,8,200
395,68608,107.92833286244422,0.020000000000000018,9.395,0,10,200
396,68672,107.51999946497381,0.010000000000000009,10.11,0,4,200
397,68912,102.47499997448176,0.015000000000000013,10.065,0,12,200
398,69480,112.56666680984199,0.040000000000000036,8.38,0,11,200
399,69512,101.55333327688277,0.06000000000000005,9.41,0,8,200
400,69848,85.25000036414713,0.13,9.45,0,10,200
401,69984,82.43333326466382,0.10499999999999998,10.13,0,14,200
402,70200,111.80000020936131,0.015000000000000013,9.3,0,7,200
403,70208,92.44999976921827,0.11499999999999999,9.0,0,11,200
404,70272,65.40833288244903,0.17000000000000004,10.895,0,11,200
405,70512,97.83166663814336,0.07999999999999996,9.205,0,11,200
406,71080,118.50666683726013,0.0,8.68,0,9,200
407,71112,89.7233333690092,0.07499999999999996,9.83,0,16,200
408,71448,73.67666669841856,0.17000000000000004,9.61,0,16,200
409,71584,97.13166689872742,0.06999999999999995,9.535,0,9,200
410,71800,88.74166669882834,0.09999999999999998,9.865,0,9,200
411,71808,116.13000014796853,0.040000000000000036,7.95,0,10,200
412,71872,110.0566669870168,0.03500000000000003,9.04,0,6,200
413,72112,115.84333309624344,0.0,8.81,0,12,200
414,72680,109.11499987635761,0.030000000000000027,8.895,0,12,200
415,72712,105.15833352413028,0.025000000000000022,9.665,0,10,200
416,73048,76.10666675493121,0.17000000000000004,9.55,0,12,200
417,73184,95.65166657976806,0.07999999999999996,9.535,0,10,200
418,73400,75.58666707854718,0.15000000000000002,9.67,0,17,200
419,73408,109.9683336019516,0.020000000000000018,9.065,0,13,200
420,73472,113.80333327036351,0.025000000000000022,8.96,0,5,200
421,73712,73.79333327803761,0.14500000000000002,10.43,0,11,200
422,74280,111.56833334174007,0.020000000000000018,9.395,0,5,200
423,74312,115.43999996874481,0.0050000000000000044,8.88,0,11,200
424,74648,103.68999991752207,0.06499999999999995,8.91,0,10,200
425,74784,95.99499999545515,0.08999999999999997,9.195,0,10,200
426,75000,99.08833288215101,0.07499999999999996,9.155,0,11,200
427,75008,104.49666692689061,0.05500000000000005,8.98,0,12,200
428,75072,98.07333356980234,0.07999999999999996,9.35,0,7,200
429,75312,99.20166629366577,0.06499999999999995,9.565,0,8,200
430,75880,102.97333308495581,0.05500000000000005,9.32,0,8,200
431,75912,78.91499963961542,0.16000000000000003,9.975,0,4,200
432,76248,113.80833366233855,0.040000000000000036,8.615,0,5,200
433,76384,87.62666646391153,0.09999999999999998,9.97,0,11,200
434,76600,109.3283330630511,0.020000000000000018,9.545,0,7,200
435,76608,108.02833326533437,0.0050000000000000044,10.055,0,7,200
436,76672,71.93833289854228,0.16000000000000003,10.955,0,3,200
437,76912,106.71500010509044,0.025000000000000022,9.375,0,11,200
438,77480,109.54000009875745,0.05500000000000005,8.4,0,11,200
439,77512,86.2500001322478,0.15500000000000003,9.03,0,7,200
440,77848,97.26166628394276,0.06499999999999995,9.715,0,9,200
441,77984,100.19500000402331,0.07499999999999996,9.285,0,7,200
442,78200,96.23833300825208,0.04500000000000004,10.685,0,5,200
443,78208,108.72666686493903,0.07499999999999996,8.17,0,8,200
444,78272,97.93666661344469,0.07499999999999996,9.55,0,8,200
445,78512,103.0933331977576,0.050000000000000044,9.59,0,7,200
446,79080,92.51999942492694,0.07999999999999996,9.72,0,11,200
447,79112,105.06166694592685,0.025000000000000022,9.535,0,11,200
448,79448,103.40333310235292,0.050000000000000044,9.35,0,10,200
449,79584,89.96666680462658,0.13,8.86,0,11,200
450,79800,123.6316671166569,0.0050000000000000044,8.095,0,10,200
451,79808,85.3616669010371,0.16000000000000003,8.815,0,10,200
452,79872,115.04166650678962,0.06499999999999995,7.795,0,6,200
453,80112,103.75333310849965,0.08999999999999997,8.66,0,4,200
454,80680,95.12166686914861,0.08999999999999997,9.655,0,6,200
455,80712,91.27833316288888,0.13,9.095,0,6,200
456,81048,108.8316669203341,0.04500000000000004,8.905,0,9,200
457,81184,106.58500004000962,0.040000000000000036,9.075,0,11,200
458,81400,90.99499986879528,0.10999999999999999,9.495,0,8,200
459,81408,94.94666640739888,0.14,8.23,0,10,200
460,81472,98.85000046528876,0.07999999999999996,9.18,0,9,200
461,81712,81.71499978378415,0.135,10.005,0,8,200
462,82280,92.15999986603856,0.09999999999999998,9.54,0,10,200
463,82312,102.50000041909516,0.06000000000000005,9.18,0,9,200
464,82648,101.05499990843236,0.09499999999999997,8.295,0,13,200
465,82784,100.16166676394641,0.08999999999999997,8.965,0,6,200
466,83000,97.11666642408818,0.040000000000000036,10.18,0,11,200
467,83008,90.54666665941477,0.10999999999999999,9.37,0,9,200
468,83072,106.53833324741572,0.010000000000000009,9.875,0,10,200
469,83312,99.43499987293035,0.10499999999999998,8.655,0,7,200
470,83880,105.33166682161391,0.04500000000000004,9.235,0,10,200
471,83912,110.19000022951514,0.03500000000000003,8.76,0,13,200
472,84248,104.71666692662984,0.020000000000000018,9.88,0,10,200
473,84384,100.62666717078537,0.06499999999999995,8.92,0,15,200
474,84600,94.31166724674404,0.14,8.365,0,7,200
475,84608,82.41499989107251,0.11499999999999999,10.185,0,11,200
476,84672,117.24999977461994,0.040000000000000036,7.8,0,11,200
477,84912,103.40333340782672,0.06000000000000005,8.93,0,10,200
478,85480,98.89666664320976,0.08499999999999996,8.77,0,13,200
479,85512,58.79166638106108,0.22999999999999998,10.315,0,9,200
480,85848,96.73666654713452,0.09999999999999998,9.1,0,6,200
481,85984,104.21333316899836,0.07499999999999996,8.75,0,8,200
482,86200,114.8566665481776,0.025000000000000022,8.71,0,7,200
483,86208,103.42833331599832,0.03500000000000003,9.485,0,11,200
484,86272,90.92666648421437,0.125,8.8,0,12,200
485,86512,97.0816662888974,0.10499999999999998,8.785,0,8,200
486,87080,104.45500001870096,0.06999999999999995,8.595,0,13,200
487,87112,105.05333360284567,0.04500000000000004,9.35,0,9,200
488,87448,110.3249997580424,0.040000000000000036,8.775,0,9,200
489,87584,78.7516664173454,0.17500000000000004,9.175,0,10,200
490,87800,104.50833333469927,0.04500000000000004,9.335,0,9,200
491,87808,103.64333332981914,0.06000000000000005,9.02,0,10,200
492,87872,93.88666688278317,0.08499999999999996,9.37,0,13,200
493,88112,114.28333384357393,0.015000000000000013,8.99,0,9,200
494,88680,101.3233334440738,0.040000000000000036,9.65,0,11,200
495,88712,111.78000031318516,0.020000000000000018,8.76,0,12,200
496,89048,82.24333358369768,0.16500000000000004,9.02,0,10,200
497,89184,124.68833355139941,0.03500000000000003,7.295,0,7,200
498,89400,104.46666687820107,0.06499999999999995,8.5,0,13,200
499,89408,106.88499982561916,0.040000000000000036,9.135,0,10,200
500,89472,77.79499989375472,0.17500000000000004,9.135,0,11,200
501,89712,108.82666647993028,0.040000000000000036,8.89,0,9,200
502,90280,111.32999983243644,0.03500000000000003,8.76,0,9,200
503,90312,83.78666647337377,0.15500000000000003,9.16,0,9,200
504,90648,102.22000006306916,0.08499999999999996,8.76,0,8,200
505,90784,101.32666694745421,0.08999999999999997,8.44,0,10,200
506,91000,99.87000020314008,0.08999999999999997,8.88,0,8,200
507,91008,110.07333333976567,0.06499999999999995,8.06,0,11,200
508,91072,105.17500006780028,0.08499999999999996,8.295,0,8,200
509,91312,105.31000030599535,0.06999999999999995,8.49,0,11,200
510,91880,101.81833366770297,0.06999999999999995,8.765,0,14,200
511,91912,115.54333357699215,0.07499999999999996,7.13,0,13,200
512,92248,91.16499981470406,0.125,9.225,0,5,200
513,92384,101.06333402823657,0.09999999999999998,8.15,0,14,200
514,92600,113.8783337380737,0.04500000000000004,8.225,0,8,200
515,92608,101.1783334845677,0.06999999999999995,8.975,0,10,200
516,92672,95.9600003324449,0.07999999999999996,9.15,0,14,200
517,92912,78.50166643131524,0.16500000000000004,9.475,0,10,200
518,93480,119.15166700072587,0.010000000000000009,8.395,0,10,200
519,93512,85.93333313334733,0.135,9.26,0,10,200
520,93848,119.56166671123356,0.025000000000000022,8.035,0,8,200
521,93984,92.82333351112902,0.10999999999999999,9.23,0,9,200
522,94200,86.02999988384545,0.09999999999999998,10.14,0,10,200
523,94208,123.63166668545455,0.0,8.425,0,5,200
524,94272,100.66000036057085,0.05500000000000005,9.36,0,12,200
525,94512,96.59833345282823,0.12,8.405,0,10,200
526,95080,112.35333332885057,0.03500000000000003,8.51,0,11,200
527,95112,119.29166699107736,0.050000000000000044,7.525,0,7,200
528,95448,118.25500025879592,0.05500000000000005,7.515,0,9,200
529,95584,92.65833342354745,0.125,8.285,0,16,200
530,95800,115.83333352021873,0.010000000000000009,8.72,0,12,200
531,95808,93.3833333812654,0.12,8.96,0,7,200
532,95872,105.52499995101243,0.04500000000000004,8.895,0,14,200
533,96112,101.04000012110919,0.05500000000000005,9.51,0,10,200
534,96680,103.03166650980711,0.05500000000000005,8.935,0,14,200
535,96712,95.82000007107854,0.08999999999999997,9.03,0,13,200
536,97048,113.1649999730289,0.04500000000000004,8.445,0,8,200
537,97184,89.66333376336843,0.125,9.11,0,9,200
538,97400,108.35333370044827,0.04500000000000004,9.02,0,7,200
539,97408,109.44166643731296,0.03500000000000003,8.845,0,11,200
540,97472,119.46333321090788,0.06000000000000005,7.22,0,9,200
541,97712,116.75333324633539,0.010000000000000009,8.51,0,13,200
542,98280,99.80499969236553,0.07499999999999996,9.195,0,9,200
543,98312,112.31833360437304,0.015000000000000013,8.915,0,13,200
544,98648,110.91833374835551,0.07499999999999996,7.865,0,8,200
545,98784,79.20666672103107,0.20499999999999996,8.71,0,4,200
546,99000,99.20333298761398,0.06999999999999995,9.35,0,8,200
547,99008,103.44666723255068,0.08499999999999996,8.44,0,10,200
548,99072,63.38166662771255,0.235,9.625,0,10,200
549,99312,105.32500020600855,0.050000000000000044,9.165,0,10,200
550,99880,107.80833372659981,0.06499999999999995,8.345,0,11,200
551,99912,84.023333449848,0.17500000000000004,8.57,0,9,200
552,100248,102.34333373606205,0.06499999999999995,9.08,0,10,200
553,100384,111.4749999763444,0.050000000000000044,8.325,0,9,200
554,100600,119.71833380218595,0.06000000000000005,7.385,0,7,200
555,100608,123.43833355139941,0.03500000000000003,7.205,0,12,200
556,100672,68.71166611742228,0.22999999999999998,9.205,0,9,200
557,100912,99.67499974090606,0.06000000000000005,9.735,0,8,200
558,101480,96.46333282534033,0.10999999999999999,8.84,0,9,200
559,101512,114.63000038824975,0.015000000000000013,8.82,0,10,200
560,101848,101.36333374865353,0.09999999999999998,8.33,0,10,200
561,101984,113.22833357565105,0.040000000000000036,8.525,0,8,200
562,102200,98.85499983094633,0.11499999999999999,8.445,0,8,200
563,102208,104.07000037841499,0.07999999999999996,8.73,0,6,200
564,102272,108.83166656270623,0.04500000000000004,8.875,0,8,200
565,102512,106.98666667472571,0.09499999999999997,7.63,0,12,200
566,103080,127.94333354011178,0.025000000000000022,7.19,0,7,200
567,103112,128.35333363618702,0.025000000000000022,6.98,0,10,200
568,103448,115.89666692074388,0.050000000000000044,7.57,0,13,200
569,103584,81.40833340864629,0.135,9.665,0,12,200
570,103800,117.80500065349042,0.05500000000000005,7.455,0,11,200
571,103808,81.20666691008955,0.18999999999999995,8.44,0,10,200
572,103872,107.40166684798896,0.06000000000000005,8.695,0,9,200
573,104112,104.07500031311065,0.050000000000000044,9.555,0,6,200
574,104680,108.30666677188128,0.06999999999999995,8.2,0,10,200
575,104712,113.12999986764044,0.06499999999999995,7.71,0,11,200
576,105048,112.76000034529716,0.040000000000000036,8.61,0,8,200
577,105184,130.33833379298449,0.025000000000000022,6.605,0,11,200
578,105400,95.27333324216306,0.09999999999999998,9.2,0,8,200
579,105408,112.3583335345611,0.040000000000000036,8.495,0,11,200
580,105472,110.51333396602422,0.06999999999999995,7.76,0,13,200
581,105712,112.27999974600971,0.06000000000000005,7.98,0,10,200
582,106280,112.91333310864866,0.03500000000000003,8.78,0,8,200
583,106312,102.45833348855376,0.06999999999999995,9.065,0,9,200
584,106648,113.38999959081411,0.04500000000000004,8.22,0,11,200
585,106784,124.74833333678544,0.0050000000000000044,7.685,0,12,200
586,107000,103.77500058617443,0.05500000000000005,9.255,0,10,200
587,107008,100.14166645426303,0.07499999999999996,9.205,0,9,200
588,107072,106.0249999742955,0.050000000000000044,9.405,0,5,200
589,107312,97.33666632883251,0.11499999999999999,8.38,0,11,200
590,107880,125.53666693624109,0.04500000000000004,7.0,0,7,200
591,107912,105.11333335842937,0.06999999999999995,8.78,0,9,200
592,108248,107.71666696108878,0.04500000000000004,8.83,0,12,200
593,108384,106.68666708748788,0.06499999999999995,8.47,0,12,200
594,108600,91.8333333088085,0.06000000000000005,10.28,0,12,200
595,108608,112.02166725229472,0.07999999999999996,7.525,0,10,200
596,108672,100.43166681099683,0.09499999999999997,8.485,0,11,200
597,108912,121.50166720058769,0.030000000000000027,7.705,0,9,200
598,109480,113.5283335885033,0.06999999999999995,7.865,0,7,200
599,109512,113.71000013314188,0.020000000000000018,9.09,0,7,200
600,109848,101.25833365134895,0.10999999999999999,8.015,0,11,200
601,109984,111.4683338496834,0.030000000000000027,8.795,0,11,200
602,110200,114.67666699178517,0.040000000000000036,8.2,0,11,200
603,110208,108.86000052466989,0.040000000000000036,8.82,0,11,200
604,110272,69.29500003810972,0.20499999999999996,9.465,0,15,200
605,110512,91.82666686363518,0.13,8.8,0,10,200
606,111080,126.38333360850811,0.03500000000000003,7.07,0,7,200
607,111112,95.34666673932225,0.09499999999999997,9.22,0,11,200
608,111448,103.32000007946044,0.09499999999999997,8.31,0,9,200
609,111584,85.30166654847562,0.10999999999999999,9.985,0,11,200
610,111800,96.98833398427814,0.10999999999999999,8.945,0,6,200
611,111808,80.22666687332094,0.16500000000000004,9.46,0,8,200
612,111872,118.87833349779248,0.05500000000000005,7.175,0,12,200
613,112112,115.87500002142042,0.010000000000000009,8.805,0,10,200
614,112680,106.34999977611005,0.07499999999999996,8.22,0,11,200
615,112712,109.6866671461612,0.06999999999999995,8.08,0,9,200
616,113048,122.14666695706546,0.025000000000000022,7.99,0,7,200
617,113184,108.0499999942258,0.050000000000000044,8.82,0,9,200
618,113400,103.41333358827978,0.07999999999999996,8.66,0,8,200
619,113408,102.2833333723247,0.040000000000000036,9.59,0,12,200
620,113472,98.76666632760316,0.125,8.17,0,9,200
621,113712,127.79833335336298,0.0050000000000000044,7.625,0,9,200
622,114280,95.90499975904822,0.05500000000000005,10.455,0,5,200
623,114312,89.57833352871239,0.12,9.335,0,10,200
624,114648,126.94833397865295,0.010000000000000009,7.475,0,11,200
625,114784,105.49333355389535,0.07499999999999996,8.51,0,10,200
626,115000,131.96999974548817,0.0050000000000000044,7.53,0,3,200
627,115008,99.61166685260832,0.07999999999999996,9.025,0,10,200
628,115072,112.898333161138,0.04500000000000004,8.315,0,10,200
629,115312,87.28499997872859,0.18000000000000005,8.205,0,8,200
630,115880,83.67999987024814,0.16500000000000004,8.91,0,9,200
631,115912,112.66000024508685,0.015000000000000013,9.3,0,7,200
632,116248,118.90500027593225,0.0,8.775,0,9,200
633,116384,100.74333359207958,0.07999999999999996,8.99,0,9,200
634,116600,82.77499980386347,0.14,9.885,0,5,200
635,116608,100.35166691523045,0.14500000000000002,7.465,0,8,200
636,116672,89.42333333287388,0.09999999999999998,9.98,0,8,200
637,116912,78.94833316467702,0.15500000000000003,9.155,0,16,200
638,117480,108.48333346098661,0.03500000000000003,9.14,0,10,200
639,117512,116.91666723508388,0.050000000000000044,8.02,0,6,200
640,117848,95.32833349239081,0.14,7.835,0,12,200
641,117984,102.67166644800454,0.06999999999999995,8.905,0,10,200
642,118200,83.40333359315991,0.16000000000000003,9.02,0,10,200
643,118208,110.68999985512346,0.06000000000000005,8.28,0,8,200
644,118272,95.58666626829654,0.08999999999999997,9.46,0,7,200
645,118512,77.55666654277593,0.20499999999999996,8.92,0,6,200
646,119080,108.76333394367248,0.08499999999999996,7.46,0,14,200
647,119112,106.0583337591961,0.040000000000000036,9.485,0,7,200
648,119448,99.50666766799986,0.135,7.84,0,8,200
649,119584,119.10500024165958,0.06499999999999995,7.335,0,7,200
650,119800,109.25000055879354,0.03500000000000003,8.97,0,10,200
651,119808,105.60166653804481,0.050000000000000044,8.845,0,13,200
652,119872,101.35999977309257,0.07999999999999996,8.64,0,12,200
653,120112,122.69666699133813,0.030000000000000027,7.45,0,10,200
654,120680,122.76666685193777,0.040000000000000036,7.36,0,9,200
655,120712,98.44000059552491,0.135,7.74,0,11,200
656,121048,113.45166708249599,0.040000000000000036,8.485,0,9,200
657,121184,98.98166663385928,0.06999999999999995,9.415,0,9,200
658,121400,119.91000084858388,0.04500000000000004,7.65,0,9,200
659,121408,88.20333364978433,0.125,9.44,0,9,200
660,121472,102.07666706107557,0.07499999999999996,9.04,0,8,200
661,121712,94.13999981619418,0.15500000000000003,7.89,0,9,200
662,122280,121.671666784212,0.040000000000000036,7.225,0,11,200
663,122312,99.92166703660041,0.09999999999999998,8.215,0,14,200
664,122648,103.02166643925011,0.06499999999999995,8.815,0,13,200
665,122784,128.7950005782768,0.0050000000000000044,7.635,0,8,200
666,123000,108.94500054605305,0.06999999999999995,8.625,0,5,200
667,123008,99.2016669139266,0.050000000000000044,9.865,0,10,200
668,123072,107.44500004313886,0.050000000000000044,8.775,0,12,200
669,123312,118.61000040452927,0.050000000000000044,7.44,0,12,200
670,123880,119.11833337601274,0.04500000000000004,7.295,0,15,200
671,123912,101.86333334352821,0.12,8.15,0,6,200
672,124248,135.1349999886006,0.0050000000000000044,6.975,0,6,200
673,124384,102.63666703831404,0.08499999999999996,9.07,0,3,200
674,124600,114.49833360966295,0.05500000000000005,7.835,0,11,200
675,124608,116.63500058185309,0.025000000000000022,8.445,0,9,200
676,124672,116.79000043682754,0.05500000000000005,7.68,0,9,200
677,124912,123.8216671301052,0.015000000000000013,7.825,0,10,200
678,125480,115.53833342250437,0.03500000000000003,8.375,0,9,200
679,125512,98.83666683360934,0.07499999999999996,9.22,0,11,200
680,125848,102.8950006114319,0.06499999999999995,9.195,0,8,200
681,125984,95.1916668927297,0.14,8.335,0,7,200
682,126200,94.64833351317793,0.12,8.555,0,12,200
683,126208,90.93666660785675,0.10999999999999999,9.13,0,13,200
684,126272,104.6050001559779,0.06499999999999995,8.775,0,11,200
685,126512,105.5533342435956,0.06000000000000005,8.75,0,11,200
686,127080,119.81500019039959,0.05500000000000005,7.455,0,8,200
687,127112,104.83666698541492,0.09999999999999998,7.93,0,10,200
688,127448,115.41166719980538,0.03500000000000003,8.515,0,8,200
689,127584,68.8366670049727,0.19499999999999995,9.91,0,10,200
690,127800,111.27833321597427,0.06000000000000005,8.405,0,7,200
691,127808,107.2816672520712,0.06999999999999995,8.605,0,7,200
692,127872,104.06666625849903,0.10999999999999999,7.93,0,8,200
693,128112,102.13833309430629,0.06999999999999995,9.065,0,9,200
694,128680,120.18833342101425,0.025000000000000022,7.955,0,11,200
695,128712,118.13166735880077,0.06499999999999995,7.555,0,5,200
696,129048,106.23000024072826,0.09999999999999998,7.98,0,8,200
697,129184,78.44833326153457,0.18500000000000005,8.975,0,11,200
698,129400,103.58166662417352,0.07499999999999996,8.785,0,9,200
699,129408,96.52999965753406,0.10999999999999999,8.55,0,12,200
700,129472,118.07333395071328,0.03500000000000003,8.18,0,8,200
701,129712,101.89000011049211,0.06000000000000005,9.69,0,5,200
702,130280,73.91333323065192,0.18999999999999995,9.53,0,10,200
703,130312,112.29000017791986,0.05500000000000005,8.31,0,7,200
704,130648,100.54333325382322,0.12,8.06,0,7,200
705,130784,111.87166717275977,0.040000000000000036,8.725,0,8,200
706,131000,93.21333299949765,0.12,8.93,0,9,200
707,131008,131.61000061687082,0.010000000000000009,7.47,0,3,200
708,131072,104.07499980274588,0.06999999999999995,8.925,0,8,200
709,131312,115.9383337488398,0.09499999999999997,6.935,0,7,200
710,131880,104.07166678924114,0.09499999999999997,8.035,0,12,200
711,131912,121.41833387129009,0.04500000000000004,7.265,0,11,200
712,132248,116.00666633248329,0.08499999999999996,7.33,0,7,200
713,132384,83.43833345640451,0.16000000000000003,9.065,0,11,200
714,132600,106.78166665602475,0.06499999999999995,8.665,0,10,200
715,132608,114.85666670184582,0.020000000000000018,9.1,0,5,200
716,132672,115.8050001366064,0.06000000000000005,7.695,0,8,200
717,132912,75.46666682790965,0.19999999999999996,9.07,0,10,200
718,133480,101.65000058244914,0.12,8.07,0,7,200
719,133512,92.99000010732561,0.135,8.31,0,13,200
720,133848,102.37333353422582,0.14,7.4,0,8,200
721,133984,125.87166689708829,0.030000000000000027,7.345,0,8,200
722,134200,117.91666705813259,0.050000000000000044,7.87,0,7,200
723,134208,101.71666708774865,0.10999999999999999,8.17,0,10,200
724,134272,106.55833411868662,0.07999999999999996,8.645,0,5,200
725,134512,117.36166712455451,0.06000000000000005,7.705,0,7,200
726,135080,103.5533337276429,0.13,7.49,0,7,200
727,135112,83.53666679002345,0.135,9.76,0,9,200
728,135448,96.93333292752504,0.13,8.3,0,9,200
729,135584,113.78666734136641,0.06000000000000005,7.75,0,12,200
730,135800,121.24666640069336,0.040000000000000036,7.36,0,13,200
731,135808,82.73500030208379,0.16000000000000003,9.405,0,6,200
732,135872,105.10833375249058,0.07499999999999996,8.405,0,12,200
733,136112,92.40666708070785,0.10999999999999999,9.25,0,10,200
734,136680,119.08166706841439,0.015000000000000013,8.485,0,8,200
735,136712,106.59166718367487,0.07999999999999996,8.245,0,10,200
736,137048,106.52166743390262,0.08999999999999997,8.125,0,8,200
737,137184,111.97500086389482,0.07499999999999996,8.025,0,6,200
738,137400,111.93333366047591,0.07499999999999996,7.94,0,8,200
739,137408,128.05500053521246,0.04500000000000004,6.675,0,8,200
740,137472,96.77666685264558,0.12,8.65,0,7,200
741,137712,111.40166727267206,0.06999999999999995,8.155,0,7,200
742,138280,118.63333381991833,0.06000000000000005,7.28,0,10,200
743,138312,111.92500014882535,0.06499999999999995,7.965,0,11,200
744,138648,100.0750001417473,0.15000000000000002,7.395,0,8,200
745,138784,98.72666672803462,0.15500000000000003,7.33,0,10,200
746,139000,111.06833376549184,0.040000000000000036,8.555,0,12,200
747,139008,112.16000061575323,0.06999999999999995,7.92,0,9,200
748,139072,97.75000060163438,0.11499999999999999,8.64,0,8,200
749,139312,114.11666606925428,0.04500000000000004,8.38,0,8,200
750,139880,112.99666685797274,0.040000000000000036,8.53,0,9,200
751,139912,87.36333321314305,0.135,9.08,0,12,200
752,140248,108.55500012915581,0.06999999999999995,8.505,0,8,200
753,140384,126.07333360612392,0.050000000000000044,6.47,0,13,200
754,140600,84.76333361398429,0.15000000000000002,9.29,0,8,200
755,140608,115.06333334278315,0.05500000000000005,7.85,0,11,200
756,140672,105.0350001398474,0.06999999999999995,8.775,0,10,200
757,140912,122.76333402469754,0.03500000000000003,7.76,0,7,200
758,141480,92.81333328317851,0.15500000000000003,8.42,0,6,200
759,141512,109.7333335634321,0.09499999999999997,7.49,0,10,200
760,141848,120.97333348169923,0.05500000000000005,7.34,0,8,200
761,141984,116.52833331935108,0.03500000000000003,8.495,0,6,200
762,142200,110.18666618876159,0.09499999999999997,7.54,0,8,200
763,142208,101.64500034879893,0.09499999999999997,8.655,0,7,200
764,142272,105.60999978892505,0.06499999999999995,9.18,0,4,200
765,142512,120.93833391647786,0.03500000000000003,7.685,0,10,200
766,143080,104.08666768483818,0.10999999999999999,8.11,0,6,200
767,143112,108.07333346363157,0.08999999999999997,8.12,0,6,200
768,143448,104.8566667670384,0.07999999999999996,8.47,0,10,200
769,143584,112.5266671795398,0.05500000000000005,7.93,0,13,200
770,143800,102.24333384726197,0.08499999999999996,8.93,0,6,200
771,143808,77.7799999769777,0.20999999999999996,8.61,0,8,200
772,143872,108.09500032570213,0.06499999999999995,8.625,0,7,200
773,144112,114.42999982368201,0.06999999999999995,7.38,0,14,200
774,144680,103.9666660381481,0.07499999999999996,8.92,0,8,200
775,144712,131.3499998152256,0.0050000000000000044,7.47,0,5,200
776,145048,113.44000003300607,0.06000000000000005,8.07,0,8,200
777,145184,95.16000001132488,0.14500000000000002,8.04,0,12,200
778,145400,116.09499978460371,0.015000000000000013,8.805,0,10,200
779,145408,110.92833342589438,0.040000000000000036,8.885,0,8,200
780,145472,101.03999994602054,0.12,7.83,0,12,200
781,145712,123.70000088959932,0.030000000000000027,7.62,0,7,200
782,146280,120.66333315894008,0.04500000000000004,7.49,0,10,200
783,146312,129.35666692070663,0.015000000000000013,7.51,0,5,200
784,146648,108.30499997548759,0.07999999999999996,7.845,0,14,200
785,146784,101.0583330905065,0.13,7.985,0,7,200
786,147000,115.54499965440482,0.03500000000000003,8.385,0,10,200
787,147008,113.84833330940455,0.04500000000000004,8.465,0,8,200
788,147072,119.85500016342849,0.040000000000000036,7.605,0,11,200
789,147312,97.38499983400106,0.11499999999999999,8.955,0,4,200
790,147880,120.45000057574362,0.05500000000000005,7.2,0,10,200
791,147912,117.09666688926518,0.03500000000000003,8.38,0,6,200
792,148248,105.58999958913773,0.11499999999999999,7.5,0,10,200
793,148384,121.29833315312862,0.050000000000000044,7.385,0,7,200
794,148600,116.3916669152677,0.09499999999999997,6.955,0,7,200
795,148608,90.1933333100751,0.14500000000000002,8.6,0,11,200
796,148672,125.89166697021574,0.04500000000000004,6.895,0,9,200
797,148912,100.73000022210181,0.135,7.5,0,12,200
798,149480,96.92500029318035,0.14,8.175,0,6,200
799,149512,120.0550003927201,0.06000000000000005,7.455,0,6,200
800,149848,97.14833378605545,0.14,8.195,0,7,200
801,149984,112.39666689001024,0.08499999999999996,7.36,0,10,200
802,150200,130.58500063046813,0.04500000000000004,6.375,0,8,200
803,150208,103.71333438064903,0.14500000000000002,7.07,0,9,200
804,150272,110.11000013258308,0.05500000000000005,8.28,0,12,200
805,150512,98.29666671063751,0.125,7.87,0,14,200
806,151080,123.17833411693573,0.06999999999999995,6.695,0,8,200
807,151112,101.75333356671035,0.07499999999999996,8.96,0,10,200
808,151448,97.02833296172321,0.15500000000000003,7.985,0,5,200
809,151584,101.21500024106354,0.10999999999999999,8.145,0,10,200
810,151800,86.30500002671033,0.18999999999999995,7.995,0,10,200
811,151808,126.39166697394103,0.020000000000000018,7.615,0,7,200
812,151872,129.86166709195822,0.015000000000000013,6.985,0,11,200
813,152112,91.34000049903989,0.11499999999999999,9.06,0,12,200
814,152680,122.83833350799978,0.050000000000000044,7.115,0,9,200
815,152712,120.92500124312937,0.03500000000000003,7.665,0,10,200
816,153048,133.41833240166306,0.0,7.295,0,7,200
817,153184,124.47833397239447,0.06499999999999995,6.695,0,6,200
818,153400,122.06166675966233,0.030000000000000027,7.885,0,7,200
819,153408,102.45000006537884,0.125,7.71,0,9,200
820,153472,103.31166692450643,0.09499999999999997,8.305,0,11,200
821,153712,95.0266668824479,0.125,8.62,0,8,200
822,154280,109.40500037185848,0.04500000000000004,8.715,0,11,200
823,154312,128.1866672374308,0.03500000000000003,6.85,0,9,200
824,154648,110.93833339773118,0.08999999999999997,7.475,0,10,200
825,154784,93.519999592565,0.16000000000000003,7.92,0,9,200
826,155000,78.83000067807734,0.17500000000000004,9.15,0,11,200
827,155008,110.78833289351314,0.06999999999999995,7.925,0,12,200
828,155072,110.55000031273812,0.07499999999999996,7.89,0,10,200
829,155312,106.80500036664307,0.10499999999999998,7.545,0,11,200
830,155880,109.3150004055351,0.06000000000000005,8.565,0,8,200
831,155912,119.51500057335943,0.06000000000000005,7.305,0,7,200
832,156248,110.04666631482542,0.06000000000000005,8.23,0,12,200
833,156384,137.23666729032993,0.010000000000000009,6.4,0,9,200
834,156600,110.44500074721873,0.07999999999999996,7.965,0,8,200
835,156608,79.47833368275315,0.20499999999999996,8.315,0,12,200
836,156672,95.90833424497396,0.12,8.285,0,13,200
837,156912,105.45333342533559,0.10499999999999998,7.88,0,8,200
838,157480,95.76666739303619,0.125,8.59,0,9,200
839,157512,115.22666647750884,0.05500000000000005,7.87,0,10,200
840,157848,116.38666630443186,0.06999999999999995,7.42,0,9,200
841,157984,122.35000056680292,0.015000000000000013,8.07,0,10,200
842,158200,122.87833382561803,0.040000000000000036,7.415,0,9,200
843,158208,65.45166659168899,0.22999999999999998,9.685,0,8,200
844,158272,99.93666714895517,0.10999999999999999,8.53,0,8,200
845,158512,100.21166722010821,0.12,8.005,0,11,200
846,159080,98.0200000219047,0.10999999999999999,8.49,0,10,200
847,159112,132.3033333560452,0.0050000000000000044,7.01,0,11,200
848,159448,102.59666749555618,0.12,8.05,0,7,200
849,159584,124.37000088207424,0.040000000000000036,7.38,0,7,200
850,159800,80.52500013820827,0.17500000000000004,9.345,0,6,200
851,159808,105.78999999165535,0.050000000000000044,9.15,0,9,200
852,159872,121.76500039361417,0.050000000000000044,7.515,0,6,200
853,160112,100.326666216366,0.13,7.6,0,13,200
854,160680,105.57833391800523,0.10499999999999998,7.745,0,10,200
855,160712,109.58000008575618,0.06000000000000005,8.25,0,13,200
856,161048,92.52833394985646,0.15000000000000002,8.105,0,11,200
857,161184,123.11500065587461,0.015000000000000013,7.845,0,11,200
858,161400,107.42166796792299,0.08499999999999996,8.245,0,8,200
859,161408,114.33000057842582,0.06499999999999995,7.95,0,7,200
860,161472,104.02499939408153,0.10499999999999998,8.475,0,4,200
861,161712,115.41833322308958,0.050000000000000044,8.195,0,7,200
862,162280,98.19999910611659,0.14,7.71,0,12,200
863,162312,135.88166647031903,0.0,7.195,0,4,200
864,162648,131.79500003159046,0.025000000000000022,6.795,0,8,200
865,162784,97.49999932106584,0.125,8.58,0,6,200
866,163000,89.49333332385868,0.16000000000000003,8.63,0,7,200
867,163008,75.89166645333171,0.19999999999999996,9.145,0,9,200
868,163072,107.66999923065305,0.06499999999999995,8.79,0,7,200
869,163312,126.26666615065187,0.06000000000000005,6.85,0,4,200
870,163880,79.18000010214746,0.17000000000000004,9.54,0,7,200
871,163912,87.51166603993624,0.18999999999999995,7.795,0,10,200
872,164248,90.82999914232641,0.14,8.88,0,8,200
873,164384,127.3916665231809,0.025000000000000022,7.405,0,7,200
874,164600,109.61833329033107,0.050000000000000044,8.735,0,9,200
875,164608,97.0516669023782,0.10999999999999999,8.365,0,13,200
876,164672,99.96499955002218,0.14,7.575,0,11,200
877,164912,102.28666725568473,0.09999999999999998,8.38,0,9,200
878,165480,125.41499944590032,0.015000000000000013,7.875,0,7,200
879,165512,119.06500044092536,0.05500000000000005,7.215,0,12,200
880,165848,105.49666697345674,0.11499999999999999,7.51,0,11,200
881,165984,115.56166647654027,0.06499999999999995,7.765,0,7,200
882,166200,103.19333259668201,0.11499999999999999,8.0,0,8,200
883,166208,109.86666659079492,0.06000000000000005,8.5,0,7,200
884,166272,81.48833340220153,0.16500000000000004,9.065,0,12,200
885,166512,121.56666688527912,0.04500000000000004,7.63,0,7,200
886,167080,120.98666674923152,0.03500000000000003,7.66,0,10,200
887,167112,92.89666663110256,0.14500000000000002,8.17,0,12,200
888,167448,111.58499995805323,0.05500000000000005,8.205,0,11,200
889,167584,76.47666674107313,0.20499999999999996,8.56,0,14,200
890,167800,110.76666657160968,0.10999999999999999,6.88,0,12,200
891,167808,108.30000014323741,0.08499999999999996,8.1,0,8,200
892,167872,118.12333368044347,0.06999999999999995,7.13,0,11,200
893,168112,121.68999949749559,0.06000000000000005,7.29,0,6,200
894,168680,87.92833404708654,0.14500000000000002,8.855,0,10,200
895,168712,111.40666693728417,0.08499999999999996,7.51,0,11,200
896,169048,113.08666670881212,0.10499999999999998,6.97,0,9,200
897,169184,122.7716668099165,0.020000000000000018,7.915,0,9,200
898,169400,121.49333374015987,0.050000000000000044,7.58,0,5,200
899,169408,103.58833411987871,0.09499999999999997,8.465,0,7,200
900,169472,116.29500036593527,0.05500000000000005,7.665,0,10,200
901,169712,103.75833315961063,0.08999999999999997,8.675,0,6,200
902,170280,53.15499984193593,0.30000000000000004,9.645,0,6,200
903,170312,124.78333397582173,0.020000000000000018,7.64,0,9,200
904,170648,58.11833388917148,0.26,9.905,0,7,200
905,170784,127.21000066399574,0.020000000000000018,7.56,0,7,200
906,171000,124.47333346307278,0.0050000000000000044,8.0,0,10,200
907,171008,103.50833338685334,0.08499999999999996,8.885,0,6,200
908,171072,109.11000087670982,0.08499999999999996,8.07,0,7,200
909,171312,124.39166690036654,0.050000000000000044,6.775,0,12,200
910,171880,113.13166711386293,0.06499999999999995,8.245,0,6,200
911,171912,97.90999969094992,0.125,8.22,0,10,200
912,172248,104.51000048406422,0.10499999999999998,8.19,0,6,200
913,172384,128.8250000393018,0.025000000000000022,7.455,0,4,200
914,172600,138.26500037685037,0.0,7.155,0,1,200
915,172608,114.84666708670557,0.050000000000000044,7.84,0,12,200
916,172672,103.13666739035398,0.08499999999999996,8.68,0,9,200
917,172912,120.30999930202961,0.020000000000000018,8.61,0,4,200
918,173480,105.65000039152801,0.06999999999999995,8.76,0,9,200
919,173512,117.39833343215287,0.03500000000000003,7.775,0,14,200
920,173848,111.2100012106821,0.05500000000000005,8.31,0,10,200
921,173984,104.08333299402148,0.08499999999999996,8.39,0,11,200
922,174200,110.54500081483275,0.07499999999999996,7.905,0,10,200
923,174208,99.77499976102263,0.135,7.815,0,10,200
924,174272,99.20666700322181,0.07999999999999996,9.07,0,11,200
925,174512,122.1233338220045,0.040000000000000036,7.64,0,7,200
926,175080,109.5866670133546,0.06000000000000005,8.59,0,7,200
927,175112,100.83833420928568,0.10499999999999998,8.615,0,7,200
928,175448,121.08333274908364,0.03500000000000003,7.82,0,8,200
929,175584,107.46666685212404,0.10499999999999998,7.81,0,7,200
930,175800,101.07166653405875,0.10999999999999999,8.365,0,7,200
931,175808,122.11500019859523,0.030000000000000027,7.695,0,10,200
932,175872,129.5916669620201,0.025000000000000022,7.285,0,4,200
933,176112,116.88999994751066,0.06000000000000005,7.83,0,5,200
934,176680,134.89999985694885,0.0,7.32,0,5,200
935,176712,130.42166643962264,0.010000000000000009,7.495,0,6,200
936,177048,55.993333300575614,0.28,9.41,0,10,200
937,177184,93.69666680507362,0.13,8.56,0,10,200
938,177400,121.58833354711533,0.03500000000000003,7.685,0,9,200
939,177408,119.10999969672412,0.050000000000000044,7.41,0,12,200
940,177472,116.7766666393727,0.06000000000000005,7.78,0,6,200
941,177712,90.27000011689961,0.15500000000000003,8.58,0,7,200
942,178280,98.99666693620384,0.10999999999999999,8.38,0,10,200
943,178312,120.54999995138496,0.03500000000000003,8.16,0,5,200
944,178648,127.5300007937476,0.040000000000000036,6.81,0,9,200
945,178784,104.39333415217698,0.07999999999999996,8.48,0,11,200
946,179000,89.48333319090307,0.18500000000000005,7.91,0,7,200
947,179008,70.58499967772514,0.20499999999999996,9.675,0,7,200
948,179072,97.60166692920029,0.15500000000000003,7.555,0,9,200
949,179312,77.72000018227845,0.20499999999999996,8.73,0,9,200
950,179880,129.9366668369621,0.020000000000000018,7.42,0,4,200
951,179912,111.26999931503087,0.050000000000000044,8.82,0,5,200
952,180248,99.33999942801893,0.12,8.49,0,5,200
953,180384,99.3033336205408,0.11499999999999999,8.45,0,6,200
954,180600,92.4483336172998,0.13,8.585,0,12,200
955,180608,116.78499944042414,0.05500000000000005,7.995,0,5,200
956,180672,124.59000088647008,0.050000000000000044,7.08,0,7,200
957,180912,90.35499945282936,0.15500000000000003,8.445,0,10,200
958,181480,113.61000053118914,0.11499999999999999,6.63,0,9,200
959,181512,109.49666717555374,0.06999999999999995,8.53,0,7,200
960,181848,123.48833321034908,0.0050000000000000044,8.315,0,7,200
961,181984,104.33000050764531,0.08999999999999997,8.49,0,7,200
962,182200,99.18333314917982,0.09499999999999997,8.66,0,12,200
963,182208,106.53500065859407,0.09999999999999998,8.115,0,6,200
964,182272,106.33499957062304,0.06999999999999995,8.745,0,8,200
965,182512,119.28833304997534,0.03500000000000003,8.225,0,5,200
966,183080,112.46500046737492,0.06499999999999995,8.085,0,8,200
967,183112,123.36166706681252,0.03500000000000003,7.615,0,7,200
968,183448,91.16833338700235,0.12,9.305,0,8,200
969,183584,130.15499944612384,0.0,7.575,0,9,200
970,183800,135.02000049408525,0.0050000000000000044,7.2,0,4,200
971,183808,118.12166744004935,0.08499999999999996,7.105,0,6,200
972,183872,126.29999975021929,0.03500000000000003,7.05,0,10,200
973,184112,125.36999942362309,0.04500000000000004,7.02,0,9,200
974,184680,120.31333383359015,0.030000000000000027,8.06,0,8,200
975,184712,123.24166634306312,0.040000000000000036,7.375,0,9,200
976,185048,107.33666689507663,0.08999999999999997,8.11,0,7,200
977,185184,104.96499990578741,0.07999999999999996,8.625,0,8,200
978,185400,106.86166677530855,0.08499999999999996,8.095,0,11,200
979,185408,117.08833340834826,0.04500000000000004,8.195,0,7,200
980,185472,106.64333350397646,0.08499999999999996,8.27,0,9,200
981,185712,99.49666709173471,0.10499999999999998,8.32,0,13,200
982,186280,119.0366678358987,0.04500000000000004,7.66,0,9,200
983,186312,120.62666649091989,0.030000000000000027,7.81,0,10,200
984,186648,109.06500027514994,0.08499999999999996,7.905,0,10,200
985,186784,122.04333390202373,0.03500000000000003,7.67,0,8,200
986,187000,112.23666637390852,0.06999999999999995,8.02,0,7,200
987,187008,108.83666676934808,0.10499999999999998,7.54,0,8,200
988,187072,108.21500020287931,0.125,6.975,0,10,200
989,187312,93.47500000242144,0.11499999999999999,8.775,0,12,200
990,187880,109.95166657771915,0.07499999999999996,7.765,0,13,200
991,187912,113.83499954547733,0.07999999999999996,7.365,0,10,200
992,188248,83.81333348155022,0.14,9.26,0,15,200
993,188384,106.28500069491565,0.08999999999999997,8.265,0,7,200
994,188600,123.85666674003005,0.03500000000000003,7.57,0,6,200
995,188608,114.32166675757617,0.06999999999999995,7.525,0,11,200
996,188672,113.06166747491807,0.09499999999999997,7.345,0,7,200
997,188912,114.12333361245692,0.050000000000000044,8.06,0,11,200
998,189480,130.0050002662465,0.025000000000000022,6.825,0,10,200
999,189512,131.3966666823253,0.020000000000000018,7.12,0,6,200
1000,189848,105.82500001601875,0.09499999999999997,7.875,0,12,200
1001,189984,127.76833365019411,0.03500000000000003,7.205,0,6,200
1002,190200,102.61666697077453,0.11499999999999999,7.93,0,10,200
1003,190208,105.44333349727094,0.050000000000000044,9.11,0,10,200
1004,190272,119.13833458255976,0.06000000000000005,7.595,0,5,200
1005,190512,122.44666724652052,0.04500000000000004,7.36,0,9,200
1006,191080,111.34666687808931,0.06499999999999995,7.96,0,10,200
1007,191112,89.7116664936766,0.13,8.845,0,13,200
1008,191448,126.47499972395599,0.0,8.175,0,7,200
1009,191584,123.60333374515176,0.04500000000000004,7.28,0,7,200
1010,191800,113.48833284527063,0.04500000000000004,8.135,0,12,200
1011,191808,89.95500027481467,0.15500000000000003,8.325,0,11,200
1012,191872,117.90000018384308,0.050000000000000044,7.68,0,10,200
1013,192112,132.6549998326227,0.020000000000000018,6.885,0,6,200
1014,192680,111.11833333503455,0.06999999999999995,7.835,0,12,200
1015,192712,102.78000013437122,0.09999999999999998,8.16,0,12,200
1016,193048,113.98666693083942,0.08499999999999996,7.45,0,8,200
1017,193184,97.12166698090732,0.09999999999999998,8.695,0,12,200
1018,193400,117.9449999127537,0.025000000000000022,8.535,0,6,200
1019,193408,135.45500062778592,0.010000000000000009,6.915,0,5,200
1020,193472,94.77666635811329,0.10999999999999999,8.92,0,10,200
1021,193712,104.22333380114287,0.125,7.34,0,13,200
1022,194280,112.62499981652945,0.05500000000000005,8.325,0,9,200
1023,194312,115.75500003062189,0.06000000000000005,7.785,0,10,200
1024,194648,118.27499994449317,0.025000000000000022,8.325,0,9,200
1025,194784,104.62500027753413,0.07499999999999996,8.445,0,13,200
1026,195000,99.88833325449377,0.10499999999999998,8.495,0,9,200
1027,195008,108.59833394177258,0.08999999999999997,8.285,0,4,200
1028,195072,120.61833333503455,0.06000000000000005,7.475,0,6,200
1029,195312,123.31333342939615,0.050000000000000044,7.13,0,9,200
1030,195880,101.4016668535769,0.11499999999999999,8.065,0,10,200
1031,195912,79.38166642468423,0.18999999999999995,8.605,0,13,200
1032,196248,115.44333323277533,0.07499999999999996,7.43,0,9,200
1033,196384,81.1833339445293,0.18000000000000005,9.05,0,7,200
1034,196600,109.9966667322442,0.08999999999999997,7.6,0,11,200
1035,196608,108.08833342604339,0.06999999999999995,8.345,0,10,200
1036,196672,114.24166718032211,0.06499999999999995,7.825,0,8,200
1037,196912,126.58333344291896,0.030000000000000027,7.34,0,8,200
1038,197480,111.94000011589378,0.08499999999999996,7.68,0,8,200
1039,197512,104.97000035177916,0.125,7.41,0,9,200
1040,197848,81.77833293844014,0.18500000000000005,8.795,0,8,200
1041,197984,117.1316669266671,0.04500000000000004,8.125,0,7,200
1042,198200,116.12666763551533,0.050000000000000044,7.81,0,11,200
1043,198208,112.69833370577544,0.07499999999999996,7.865,0,8,200
1044,198272,91.57833394687623,0.15000000000000002,7.895,0,16,200
1045,198512,122.89833403006196,0.020000000000000018,8.045,0,6,200
1046,199080,128.55333364754915,0.025000000000000022,7.07,0,9,200
1047,199112,135.48666786402464,0.015000000000000013,6.43,0,10,200
1048,199448,118.78666762355715,0.050000000000000044,7.63,0,10,200
1049,199584,112.29333367105573,0.08499999999999996,7.46,0,11,200
1050,199800,127.51833408232778,0.020000000000000018,7.655,0,5,200
1051,199808,115.8133337860927,0.08499999999999996,7.58,0,3,200
1052,199872,105.30333302728832,0.11499999999999999,7.37,0,11,200
1053,200112,113.0800002347678,0.06499999999999995,8.19,0,6,200
1054,200680,91.38000064622611,0.125,8.94,0,10,200
1055,200712,127.28833308257163,0.015000000000000013,7.715,0,7,200
1056,201048,113.27666705846786,0.08499999999999996,7.48,0,8,200
1057,201184,100.38833367545158,0.12,7.865,0,12,200
1058,201400,90.23166729137301,0.16000000000000003,8.335,0,9,200
1059,201408,123.32999962475151,0.05500000000000005,6.9,0,10,200
1060,201472,103.77500094939023,0.08999999999999997,8.295,0,12,200
1061,201712,86.90333278197795,0.18000000000000005,8.33,0,7,200
1062,202280,118.4716662382707,0.050000000000000044,7.795,0,7,200
1063,202312,136.40999954100698,0.0050000000000000044,7.02,0,4,200
1064,202648,127.50666759442538,0.030000000000000027,6.94,0,10,200
1065,202784,95.73333364538848,0.10999999999999999,9.02,0,7,200
1066,203000,99.77000006102026,0.10499999999999998,8.73,0,8,200
1067,203008,101.63499926682562,0.135,7.665,0,9,200
1068,203072,122.11166624352336,0.020000000000000018,8.095,0,8,200
1069,203312,138.79166746512055,0.040000000000000036,5.815,0,4,200
1070,203880,113.50000028125942,0.08999999999999997,7.11,0,12,200
1071,203912,109.33500075619668,0.125,7.005,0,9,200
1072,204248,110.10333367064595,0.08499999999999996,8.15,0,4,200
1073,204384,113.72833349369466,0.05500000000000005,8.135,0,8,200
1074,204600,127.7783342814073,0.03500000000000003,7.055,0,8,200
1075,204608,106.3366673309356,0.09999999999999998,7.81,0,10,200
1076,204672,121.68000039737672,0.03500000000000003,7.71,0,9,200
1077,204912,108.54166656173766,0.10999999999999999,7.345,0,10,200
1078,205480,111.46833389811218,0.08999999999999997,7.205,0,13,200
1079,205512,121.5683339368552,0.04500000000000004,7.295,0,11,200
1080,205848,119.75833370815963,0.06000000000000005,7.535,0,6,200
1081,205984,116.97333273105323,0.06499999999999995,7.22,0,13,200
1082,206200,96.80666710343212,0.11499999999999999,8.77,0,8,200
1083,206208,108.51833418663591,0.09499999999999997,8.165,0,4,200
1084,206272,87.11333348602057,0.16500000000000004,8.18,0,15,200
1085,206512,100.0900000538677,0.15000000000000002,7.41,0,8,200
1086,207080,118.1666667163372,0.07499999999999996,7.3,0,6,200
1087,207112,124.59499927982688,0.015000000000000013,8.055,0,6,200
1088,207448,108.6466666823253,0.09999999999999998,7.72,0,8,200
1089,207584,119.28166680689901,0.030000000000000027,8.215,0,7,200
1090,207800,138.08499926701188,0.020000000000000018,6.495,0,4,200
1091,207808,112.98666681163013,0.10999999999999999,7.15,0,6,200
1092,207872,132.79333272576332,0.030000000000000027,6.8,0,5,200
1093,208112,99.84333402384073,0.10499999999999998,8.39,0,12,200
1094,208680,117.25166706740856,0.07499999999999996,7.195,0,10,200
1095,208712,120.32166705094278,0.05500000000000005,7.315,0,8,200
1096,209048,121.76500005926937,0.050000000000000044,7.635,0,5,200
1097,209184,116.07833348866552,0.06000000000000005,7.835,0,8,200
1098,209400,114.65666682180017,0.06999999999999995,7.81,0,7,200
1099,209408,107.44166741054505,0.08999999999999997,7.885,0,12,200
1100,209472,125.45499966200441,0.050000000000000044,6.885,0,9,200
1101,209712,116.67666653450578,0.06499999999999995,7.81,0,4,200
1102,210280,116.93666659947485,0.06999999999999995,7.51,0,8,200
1103,210312,123.60499966517091,0.025000000000000022,7.875,0,7,200
1104,210648,123.42333270423114,0.06000000000000005,7.1,0,5,200
1105,210784,143.30166575312614,0.025000000000000022,5.635,0,5,200
1106,211000,117.1916671320796,0.09999999999999998,6.595,0,10,200
1107,211008,109.08333333022892,0.10499999999999998,7.49,0,8,200
1108,211072,111.81333432719111,0.040000000000000036,8.51,0,12,200
1109,211312,111.31166646443307,0.09999999999999998,7.285,0,10,200
1110,211880,107.50333345774561,0.08499999999999996,8.21,0,8,200
1111,211912,117.30666634999216,0.06999999999999995,7.33,0,10,200
1112,212248,105.9266673559323,0.09999999999999998,7.78,0,11,200
1113,212384,106.22000047378242,0.13,6.96,0,10,200
1114,212600,73.00833330862224,0.235,8.675,0,7,200
1115,212608,92.12166710011661,0.17000000000000004,7.825,0,10,200
1116,212672,117.56333276815712,0.06000000000000005,7.76,0,6,200
1117,212912,128.43333415221423,0.03500000000000003,6.8,0,9,200
1118,213480,103.84666680078954,0.12,7.6,0,10,200
1119,213512,128.56166663765907,0.025000000000000022,7.585,0,3,200
1120,213848,118.11666703410447,0.07999999999999996,7.0,0,9,200
1121,213984,118.57500033546239,0.08499999999999996,6.765,0,10,200
1122,214200,117.80333337932825,0.07999999999999996,6.92,0,9,200
1123,214208,104.83333291951567,0.07499999999999996,8.39,0,14,200
1124,214272,135.90666669607162,0.020000000000000018,6.73,0,4,200
1125,214512,132.98999990522861,0.010000000000000009,7.23,0,6,200
1126,215080,108.22500028274953,0.06499999999999995,8.535,0,10,200
1127,215112,109.13166742678732,0.07499999999999996,8.485,0,5,200
1128,215448,131.6783330887556,0.05500000000000005,6.305,0,5,200
1129,215584,91.01833263598382,0.135,8.975,0,8,200
1130,215800,96.73000048659742,0.135,8.31,0,8,200
1131,215808,96.73499977681786,0.13,8.295,0,9,200
1132,215872,129.7650000816211,0.025000000000000022,7.095,0,7,200
1133,216112,118.9783343700692,0.050000000000000044,7.385,0,12,200
1134,216680,90.37666705809534,0.15000000000000002,8.44,0,11,200
1135,216712,121.29999972134829,0.06999999999999995,6.81,0,9,200
1136,217048,106.58499931450933,0.10499999999999998,7.425,0,15,200
1137,217184,104.44999986048788,0.13,7.47,0,8,200
1138,217400,108.09833350591362,0.08999999999999997,7.775,0,11,200
1139,217408,117.25499925669283,0.050000000000000044,7.695,0,11,200
1140,217472,92.86000055912882,0.13,8.76,0,9,200
1141,217712,66.61500022932887,0.24,9.045,0,12,200
1142,218280,99.71666735969484,0.13,8.11,0,7,200
1143,218312,110.92333367280662,0.05500000000000005,8.42,0,10,200
1144,218648,134.4700001468882,0.030000000000000027,6.63,0,5,200
1145,218784,106.2150005325675,0.06499999999999995,8.355,0,16,200
1146,219000,106.30666656978428,0.08499999999999996,7.99,0,12,200
1147,219008,82.35666706506163,0.16000000000000003,9.1,0,12,200
1148,219072,116.88833301793784,0.08499999999999996,6.995,0,9,200
1149,219312,111.59000048134476,0.09999999999999998,7.02,0,12,200
1150,219880,115.57000002730638,0.050000000000000044,8.04,0,8,200
1151,219912,99.81999991647899,0.135,7.83,0,8,200
1152,220248,108.34500001557171,0.08999999999999997,7.875,0,9,200
1153,220384,116.08333320077509,0.06499999999999995,7.79,0,5,200
1154,220600,106.2583334473893,0.07499999999999996,8.285,0,12,200
1155,220608,111.80166639946401,0.08499999999999996,7.555,0,10,200
1156,220672,96.54500022251159,0.12,8.415,0,11,200
1157,220912,107.95166509132832,0.10999999999999999,7.735,0,7,200
1158,221480,141.978332310915,0.0050000000000000044,6.455,0,4,200
1159,221512,118.93166707269847,0.06000000000000005,7.405,0,9,200
1160,221848,124.51166747324169,0.040000000000000036,7.345,0,7,200
1161,221984,92.4483338566497,0.14,8.405,0,11,200
1162,222200,96.13000051211566,0.135,8.34,0,8,200
1163,222208,107.38666649721563,0.06000000000000005,8.68,0,10,200
1164,222272,123.14333267323673,0.06499999999999995,6.77,0,9,200
1165,222512,119.62000073865056,0.06999999999999995,6.87,0,12,200
1166,223080,103.26833442784846,0.09999999999999998,8.315,0,9,200
1167,223112,115.51833371724933,0.10499999999999998,6.935,0,6,200
1168,223448,116.63000056799501,0.05500000000000005,8.1,0,5,200
1169,223584,112.84000006597489,0.050000000000000044,8.22,0,12,200
1170,223800,106.38333337660879,0.11499999999999999,7.25,0,14,200
1171,223808,110.58500098995864,0.08999999999999997,7.665,0,9,200
1172,223872,121.46666671987623,0.04500000000000004,7.36,0,11,200
1173,224112,128.2500001108274,0.06499999999999995,6.33,0,7,200
1174,224680,139.07500056177378,0.010000000000000009,6.435,0,7,200
1175,224712,100.6666671577841,0.13,7.75,0,11,200
1176,225048,117.58666684292257,0.050000000000000044,7.96,0,6,200
1177,225184,130.36500007659197,0.03500000000000003,6.735,0,8,200
1178,225400,108.38333319779485,0.09499999999999997,8.0,0,7,200
1179,225408,116.4233339605853,0.07499999999999996,7.49,0,7,200
1180,225472,65.29166643600911,0.27,8.515,0,10,200
1181,225712,100.1416671294719,0.12,8.185,0,8,200
1182,226280,110.90166758932173,0.08999999999999997,7.615,0,10,200
1183,226312,102.14166675973684,0.13,7.705,0,9,200
1184,226648,117.6400012774393,0.06000000000000005,7.59,0,7,200
1185,226784,101.88666705414653,0.09999999999999998,8.11,0,13,200
1186,227000,97.4350001020357,0.14,7.905,0,10,200
1187,227008,132.53833322227,0.03500000000000003,6.515,0,8,200
1188,227072,101.10000010300428,0.09499999999999997,8.43,0,12,200
1189,227312,135.91666684951633,0.03500000000000003,6.25,0,7,200
1190,227880,127.66500057745725,0.0050000000000000044,7.875,0,7,200
1191,227912,116.84000066947192,0.050000000000000044,7.89,0,9,200
1192,228248,114.88000061642379,0.06999999999999995,7.59,0,10,200
1193,228384,113.25000066217035,0.07499999999999996,7.44,0,13,200
1194,228600,116.06666737329215,0.07499999999999996,7.57,0,7,200
1195,228608,68.67333381902426,0.21499999999999997,9.38,0,11,200
1196,228672,113.47999971918762,0.06999999999999995,7.8,0,9,200
1197,228912,121.15166697092354,0.025000000000000022,8.035,0,8,200
1198,229480,103.96333394758403,0.08999999999999997,8.45,0,8,200
1199,229512,96.25833429489285,0.14500000000000002,7.985,0,10,200
1200,229848,117.92000108584762,0.06000000000000005,7.65,0,8,200
1201,229984,128.7249998729676,0.030000000000000027,6.975,0,9,200
1202,230200,110.54000062216073,0.06499999999999995,8.25,0,10,200
1203,230208,109.50833311397582,0.09499999999999997,7.805,0,7,200
1204,230272,97.26333403401077,0.13,8.33,0,8,200
1205,230512,115.03333280142397,0.06000000000000005,8.09,0,6,200
1206,231080,114.34500110149384,0.07499999999999996,7.395,0,12,200
1207,231112,89.10000066179782,0.17000000000000004,8.13,0,11,200
1208,231448,106.27500035520643,0.08999999999999997,7.965,0,12,200
1209,231584,95.31666733603925,0.10999999999999999,8.53,0,14,200
1210,231800,98.4050008803606,0.14,7.785,0,10,200
1211,231808,107.50833360292017,0.08999999999999997,8.105,0,8,200
1212,231872,104.67666715942323,0.10499999999999998,8.02,0,10,200
1213,232112,126.35499990545213,0.030000000000000027,7.425,0,7,200
1214,232680,117.79833370354027,0.050000000000000044,7.595,0,12,200
1215,232712,111.15833387989551,0.08999999999999997,7.685,0,8,200
1216,233048,121.40833343937993,0.06499999999999995,6.965,0,10,200
1217,233184,113.59000017028302,0.06999999999999995,7.77,0,9,200
1218,233400,101.3316656416282,0.135,8.155,0,3,200
1219,233408,108.81999935396016,0.125,7.23,0,6,200
1220,233472,117.63999909441918,0.06499999999999995,7.77,0,5,200
1221,233712,106.11833474691957,0.06999999999999995,8.495,0,12,200
1222,234280,111.09666698146611,0.050000000000000044,8.44,0,11,200
1223,234312,106.27000030316412,0.06999999999999995,8.64,0,9,200
1224,234648,86.10000014211982,0.16000000000000003,8.58,0,13,200
1225,234784,110.84166652988642,0.09999999999999998,7.255,0,10,200
1226,235000,90.13000069744885,0.16500000000000004,8.31,0,8,200
1227,235008,111.0916667310521,0.10499999999999998,7.405,0,7,200
1228,235072,120.33666723128408,0.05500000000000005,7.36,0,9,200
1229,235312,124.8316664909944,0.03500000000000003,7.525,0,7,200
1230,235880,112.46166741289198,0.09499999999999997,7.285,0,9,200
1231,235912,100.08166635129601,0.10999999999999999,8.365,0,10,200
1232,236248,90.76833352912217,0.16500000000000004,7.805,0,14,200
1233,236384,121.25666655320674,0.05500000000000005,7.33,0,8,200
1234,236600,126.66833351552486,0.06000000000000005,6.875,0,4,200
1235,236608,126.93833358213305,0.030000000000000027,6.935,0,12,200
1236,236672,102.16833285894245,0.11499999999999999,8.135,0,8,200
1237,236912,117.82833424117416,0.07499999999999996,7.205,0,9,200
1238,237336,48.01666638907045,0.17647058823529416,6.8088235294117645,1,6,136
1239,237480,120.34333292674273,0.06000000000000005,7.31,0,7,200
1240,237512,125.10499969683588,0.050000000000000044,6.885,0,9,200
1241,237984,81.94833407457918,0.20999999999999996,8.375,0,6,200
1242,238200,99.03333409968764,0.12,8.27,0,9,200
1243,238208,110.45333326328546,0.04500000000000004,8.39,0,13,200
1244,238272,104.76500111725181,0.10999999999999999,8.055,0,5,200
1245,238512,131.48500045761466,0.04500000000000004,6.465,0,7,200
1246,238936,120.22833384852856,0.040000000000000036,7.745,0,9,200
1247,239080,132.81000054627657,0.020000000000000018,6.84,0,8,200
1248,239112,99.14833338651806,0.08999999999999997,8.735,0,12,200
1249,239584,97.18833331298083,0.15000000000000002,8.075,0,5,200
1250,239800,104.82166704721749,0.13,7.375,0,8,200
1251,239808,111.02333370409906,0.08499999999999996,7.55,0,11,200
1252,239872,105.98666629660875,0.07499999999999996,8.35,0,12,200
1253,240112,110.46000080183148,0.11499999999999999,7.11,0,8,200
1254,240536,116.97000049054623,0.06000000000000005,7.77,0,8,200
1255,240680,128.6683336123824,0.030000000000000027,6.785,0,12,200
1256,240712,110.36666633468121,0.08499999999999996,7.78,0,9,200
1257,241184,106.41000081691891,0.07499999999999996,8.07,0,15,200
1258,241400,102.39666660316288,0.12,7.93,0,8,200
1259,241408,90.24333396647125,0.13,8.87,0,11,200
1260,241472,94.20166682824492,0.15000000000000002,7.825,0,12,200
1261,241712,123.6533331675455,0.030000000000000027,7.49,0,11,200
1262,242136,101.57999991159886,0.10499999999999998,7.92,0,16,200
1263,242280,110.178333199583,0.05500000000000005,8.105,0,15,200
1264,242312,82.29000086057931,0.20499999999999996,7.98,0,12,200
1265,242784,118.54500069376081,0.050000000000000044,7.875,0,7,200
1266,243000,108.45666723232716,0.08499999999999996,7.99,0,9,200
1267,243008,107.05833386443555,0.06999999999999995,8.795,0,6,200
1268,243072,102.60166638810188,0.06499999999999995,8.905,0,14,200
1269,243312,112.36333324573934,0.06999999999999995,7.97,0,8,200
1270,243736,120.55500058829784,0.06999999999999995,6.855,0,10,200
1271,243880,111.63000039570034,0.09999999999999998,7.41,0,7,200
1272,243912,123.47666657157242,0.040000000000000036,7.15,0,12,200
1273,244384,111.54000016953796,0.10499999999999998,7.47,0,5,200
1274,244600,118.75000064726919,0.06000000000000005,7.65,0,6,200
1275,244608,101.72000051382929,0.11499999999999999,7.8,0,13,200
1276,244672,111.35833319928497,0.07499999999999996,7.865,0,10,200
1277,244912,118.16666687652469,0.020000000000000018,8.32,0,11,200
1278,245336,119.04833333846182,0.10999999999999999,6.695,0,2,200
1279,245480,122.32000003475696,0.010000000000000009,8.31,0,7,200
1280,245512,139.57666739076376,0.0,6.82,0,4,200
1281,245984,112.35000041127205,0.03500000000000003,8.46,0,13,200
1282,246200,121.0666672354564,0.06000000000000005,7.39,0,6,200
1283,246208,91.75666714925319,0.12,9.01,0,11,200
1284,246272,75.15999974031001,0.235,8.31,0,9,200
1285,246512,99.95333397667855,0.07999999999999996,8.84,0,12,200
1286,246936,122.5799998305738,0.07499999999999996,6.72,0,7,200
1287,247080,102.03166719619185,0.09499999999999997,8.305,0,12,200
1288,247112,104.8816676074639,0.07999999999999996,8.425,0,10,200
1289,247584,122.75333393923938,0.06000000000000005,7.01,0,8,200
1290,247800,115.5516659738496,0.03500000000000003,8.335,0,11,200
1291,247808,100.49666596855968,0.08999999999999997,8.86,0,10,200
1292,247872,126.65333465766162,0.015000000000000013,7.85,0,6,200
1293,248112,80.40166664589196,0.19999999999999996,8.575,0,7,200
1294,248536,110.47499981336296,0.13,6.765,0,8,200
1295,248680,122.33499895688146,0.050000000000000044,7.725,0,3,200
1296,248712,120.84833413083106,0.04500000000000004,7.685,0,7,200
1297,249184,115.04999990668148,0.07999999999999996,7.5,0,7,200
1298,249400,133.98333432152867,0.0050000000000000044,7.46,0,3,200
1299,249408,94.29166657477617,0.125,8.605,0,11,200
1300,249472,104.11666657589376,0.08499999999999996,8.32,0,12,200
1301,249712,123.67666711099446,0.040000000000000036,7.6,0,5,200
1302,250136,89.83333315234631,0.135,8.75,0,13,200
1303,250280,75.89666619710624,0.18500000000000005,9.04,0,14,200
1304,250312,114.16500073391944,0.06999999999999995,7.545,0,11,200
1305,250784,104.02166606113315,0.09999999999999998,8.035,0,10,200
1306,251000,118.96666746027768,0.06999999999999995,7.24,0,8,200
1307,251008,80.28666640631855,0.19999999999999996,8.71,0,7,200
1308,251072,121.95333429705352,0.050000000000000044,7.07,0,11,200
1309,251312,100.2249999474734,0.12,8.265,0,7,200
1310,251736,135.74166667461395,0.03500000000000003,6.355,0,5,200
1311,251880,122.61833396181464,0.020000000000000018,7.745,0,12,200
1312,251912,103.3299999749288,0.12,8.31,0,2,200
1313,252384,95.79333327244967,0.15500000000000003,7.73,0,10,200
1314,252600,116.49500063434243,0.07499999999999996,7.215,0,10,200
1315,252608,120.0283341165632,0.050000000000000044,7.625,0,7,200
1316,252672,104.91166716720909,0.06499999999999995,8.785,0,10,200
1317,252912,114.03666802216321,0.06999999999999995,7.84,0,6,200
1318,253336,95.66499938536435,0.14500000000000002,8.295,0,5,200
1319,253480,118.00166771374643,0.06999999999999995,7.045,0,12,200
1320,253512,84.09666752722114,0.17500000000000004,8.17,0,16,200
1321,253984,99.53666608594358,0.125,8.05,0,10,200
1322,254200,119.3149999640882,0.050000000000000044,7.815,0,6,200
1323,254208,131.1766674136743,0.03500000000000003,6.79,0,6,200
1324,254272,128.22833459358662,0.03500000000000003,6.755,0,12,200
1325,254512,84.60666718799621,0.19499999999999995,8.11,0,10,200
1326,254936,123.90500087849796,0.03500000000000003,7.215,0,12,200
1327,255080,58.31666610669345,0.29500000000000004,8.8,0,9,200
1328,255112,95.01333317253739,0.10499999999999998,8.9,0,11,200
1329,255584,120.49500003270805,0.030000000000000027,7.965,0,9,200
1330,255800,106.90500016883016,0.07999999999999996,8.175,0,10,200
1331,255808,118.56833284255117,0.05500000000000005,7.685,0,7,200
1332,255872,119.59166755340993,0.025000000000000022,8.005,0,11,200
1333,256112,107.98499973956496,0.09999999999999998,7.545,0,12,200
1334,256536,106.0299998279661,0.05500000000000005,8.73,0,13,200
1335,256680,110.19666718877852,0.07499999999999996,8.14,0,8,200
1336,256712,86.63833353016526,0.15000000000000002,8.915,0,10,200
1337,257184,123.3350002123043,0.05500000000000005,6.945,0,10,200
1338,257400,109.34333333838731,0.08999999999999997,7.67,0,10,200
1339,257408,109.53166659828275,0.07999999999999996,7.825,0,11,200
1340,257472,118.46666624303907,0.05500000000000005,7.42,0,11,200
1341,257712,110.5683327941224,0.08499999999999996,7.565,0,12,200
1342,258136,103.31666624825448,0.08999999999999997,8.59,0,8,200
1343,258280,63.01333258673549,0.28500000000000003,8.57,0,7,200
1344,258312,131.15333404298872,0.04500000000000004,6.41,0,8,200
1345,258784,109.03500033635646,0.06499999999999995,8.145,0,12,200
1346,259000,120.76499900128692,0.07499999999999996,7.005,0,6,200
1347,259008,111.29000086151063,0.05500000000000005,8.13,0,13,200
1348,259072,134.51833377033472,0.03500000000000003,6.215,0,9,200
1349,259312,92.80666688363999,0.14,8.44,0,9,200
1350,259736,92.20833299867809,0.16500000000000004,8.195,0,6,200
1351,259880,112.97833312209696,0.06999999999999995,7.685,0,12,200
1352,259912,78.02666723821312,0.18999999999999995,9.01,0,10,200
1353,260384,83.88666693493724,0.17500000000000004,8.47,0,12,200
1354,260600,130.43666783254594,0.020000000000000018,7.15,0,8,200
1355,260608,84.13000011071563,0.17000000000000004,8.79,0,8,200
1356,260672,108.01999999117106,0.06999999999999995,8.22,0,12,200
1357,260912,108.26333264447749,0.10999999999999999,7.46,0,9,200
1358,261336,116.72666614409536,0.07499999999999996,7.33,0,8,200
1359,261480,110.7949997652322,0.10499999999999998,7.185,0,9,200
1360,261512,111.01500058919191,0.09999999999999998,7.335,0,9,200
1361,261984,103.43833402357996,0.08999999999999997,8.435,0,10,200
1362,262200,119.7400004696101,0.08499999999999996,6.69,0,9,200
1363,262208,134.07000018190593,0.0050000000000000044,6.99,0,8,200
1364,262272,97.25500018335879,0.14500000000000002,7.725,0,11,200
1365,262512,104.90166689641774,0.050000000000000044,8.995,0,13,200
1366,262936,94.3633329840377,0.14500000000000002,8.12,0,9,200
1367,263080,102.60166713502258,0.10999999999999999,8.095,0,8,200
1368,263112,108.69500067643821,0.09999999999999998,7.785,0,6,200
1369,263584,100.84166730660945,0.10499999999999998,7.765,0,18,200
1370,263800,92.0366672994569,0.17500000000000004,7.69,0,9,200
1371,263808,122.02333350293338,0.04500000000000004,7.31,0,10,200
1372,263872,94.13500029593706,0.10499999999999998,8.595,0,17,200
1373,264112,129.93833469040692,0.040000000000000036,6.875,0,5,200
1374,264536,107.53333326242864,0.07999999999999996,8.15,0,10,200
1375,264680,125.63666666857898,0.04500000000000004,7.24,0,5,200
1376,264712,126.2066668169573,0.020000000000000018,7.45,0,9,200
1377,265184,104.6016672225669,0.10999999999999999,7.855,0,8,200
1378,265400,59.90999997686595,0.27,8.82,0,14,200
1379,265408,116.10999953374267,0.040000000000000036,8.13,0,11,200
1380,265472,103.04000082332641,0.18000000000000005,6.6,0,5,200
1381,265712,115.42000051401556,0.04500000000000004,8.25,0,8,200
1382,266136,139.03666704054922,0.025000000000000022,6.07,0,6,200
1383,266280,100.02666711062193,0.10999999999999999,7.99,0,15,200
1384,266312,122.40166681818664,0.015000000000000013,8.275,0,6,200
1385,266784,117.60000088624656,0.03500000000000003,8.01,0,12,200
1386,267000,124.16333395894617,0.03500000000000003,7.61,0,6,200
1387,267008,124.65166600700468,0.05500000000000005,7.165,0,5,200
1388,267072,134.6400003200397,0.0050000000000000044,7.02,0,8,200
1389,267312,111.6500009065494,0.040000000000000036,8.46,0,12,200
1390,267736,104.81666694581509,0.050000000000000044,9.07,0,11,200
1391,267880,121.20833410136402,0.05500000000000005,6.965,0,13,200
1392,267912,123.96499978285283,0.010000000000000009,7.995,0,8,200
1393,268384,109.7266669087112,0.08499999999999996,7.69,0,12,200
1394,268600,101.28333374019712,0.12,8.18,0,6,200
1395,268608,114.93333329819143,0.05500000000000005,7.79,0,12,200
1396,268672,89.14166668243706,0.16000000000000003,8.455,0,9,200
1397,268912,115.04333394113928,0.050000000000000044,8.12,0,8,200
1398,269336,105.11999998334795,0.08499999999999996,8.46,0,7,200
1399,269480,119.77166698407382,0.06499999999999995,7.225,0,8,200
1400,269512,126.91166723426431,0.030000000000000027,7.465,0,5,200
1401,269984,86.02833398804069,0.16000000000000003,8.705,0,9,200
1402,270200,90.18833352439106,0.11499999999999999,9.455,0,9,200
1403,270208,116.08166732080281,0.030000000000000027,8.275,0,10,200
1404,270272,118.94666796829551,0.03500000000000003,7.78,0,12,200
1405,270512,86.75166729465127,0.17000000000000004,8.305,0,11,200
1406,270936,127.08833292033523,0.025000000000000022,7.265,0,8,200
1407,271080,101.40000071935356,0.10499999999999998,8.67,0,4,200
1408,271112,140.09666817542166,0.025000000000000022,6.04,0,5,200
1409,271584,102.79333285521716,0.09499999999999997,8.57,0,8,200
1410,271800,118.30500028561801,0.040000000000000036,8.115,0,7,200
1411,271808,120.7316673528403,0.06499999999999995,7.345,0,5,200
1412,271872,102.79333390668035,0.06999999999999995,8.87,0,10,200
1413,272112,123.16499993763864,0.050000000000000044,7.275,0,7,200
1414,272536,119.20666804071516,0.06000000000000005,7.51,0,7,200
1415,272680,98.17333410773426,0.10499999999999998,8.6,0,11,200
1416,272712,97.78999989666045,0.10499999999999998,8.4,0,15,200
1417,273184,113.0650000711903,0.07999999999999996,7.665,0,8,200
1418,273400,86.14333379641175,0.13,9.26,0,10,200
1419,273408,116.67833384685218,0.06000000000000005,7.745,0,8,200
1420,273472,78.6733336057514,0.17500000000000004,9.29,0,10,200
1421,273712,104.65166659746319,0.08999999999999997,8.095,0,11,200
1422,274136,91.87500067614019,0.17000000000000004,7.905,0,9,200
1423,274280,108.24833360966295,0.09999999999999998,7.685,0,9,200
1424,274312,111.0516661638394,0.040000000000000036,8.605,0,11,200
1425,274784,99.9216668959707,0.09999999999999998,8.755,0,8,200
1426,275000,119.93500154372305,0.05500000000000005,7.785,0,4,200
1427,275008,119.05000020097941,0.07999999999999996,6.72,0,11,200
1428,275072,132.76166717987508,0.040000000000000036,6.535,0,5,200
1429,275312,126.75166724529117,0.06499999999999995,6.505,0,7,200
1430,275736,114.97500027623028,0.10999999999999999,6.825,0,5,200
1431,275880,118.05000094138086,0.03500000000000003,7.89,0,12,200
1432,275912,123.52166538219899,0.06999999999999995,6.715,0,7,200
1433,276384,98.01666654273868,0.13,7.99,0,10,200
1434,276600,116.40500037651509,0.05500000000000005,7.725,0,10,200
1435,276608,126.07833359204233,0.03500000000000003,7.115,0,9,200
1436,276672,120.16166659258306,0.04500000000000004,7.495,0,11,200
1437,276912,98.07666684873402,0.10499999999999998,8.44,0,13,200
1438,277336,104.18166648503393,0.11499999999999999,7.735,0,10,200
1439,277480,108.10833240766078,0.08999999999999997,7.805,0,11,200
1440,277512,117.67666629794985,0.050000000000000044,7.42,0,14,200
1441,277984,104.8850002400577,0.09999999999999998,8.085,0,9,200
1442,278200,121.03166716825217,0.03500000000000003,7.645,0,11,200
1443,278208,118.2383326543495,0.06999999999999995,7.355,0,7,200
1444,278272,118.20833396073431,0.06499999999999995,7.625,0,4,200
1445,278512,116.07166588399559,0.07499999999999996,7.135,0,12,200
1446,278936,129.8766670934856,0.025000000000000022,6.88,0,11,200
1447,279080,119.5500005511567,0.06499999999999995,7.32,0,7,200
1448,279112,113.3933338355273,0.05500000000000005,8.39,0,5,200
1449,279584,114.41333337128162,0.050000000000000044,7.88,0,11,200
1450,279800,119.30333442799747,0.050000000000000044,7.43,0,11,200
1451,279808,102.8916673110798,0.07499999999999996,8.965,0,8,200
1452,279872,110.20666723325849,0.09499999999999997,7.93,0,4,200
1453,280112,111.33333254978061,0.06499999999999995,8.21,0,9,200
1454,280536,97.27666662447155,0.15000000000000002,7.69,0,10,200
1455,280680,114.24833359289914,0.06000000000000005,7.985,0,8,200
1456,280712,109.65500173531473,0.09999999999999998,7.755,0,6,200
1457,281184,108.29166631493717,0.125,7.075,0,8,200
1458,281400,117.93166708666831,0.05500000000000005,7.465,0,10,200
1459,281408,132.19166600238532,0.015000000000000013,7.345,0,3,200
1460,281472,120.75166591629386,0.04500000000000004,7.855,0,4,200
1461,281712,92.42833409179002,0.18500000000000005,7.595,0,8,200
1462,282136,110.97833454236388,0.07999999999999996,7.715,0,10,200
1463,282280,103.15499904472381,0.08999999999999997,8.475,0,9,200
1464,282312,113.29666667059064,0.06499999999999995,8.14,0,5,200
1465,282784,115.08166664652526,0.06000000000000005,7.945,0,7,200
1466,283000,115.0816669901833,0.07499999999999996,7.435,0,9,200
1467,283008,119.02666652202606,0.030000000000000027,8.2,0,8,200
1468,283072,90.7383338548243,0.10499999999999998,9.545,0,10,200
1469,283312,129.05333408899605,0.04500000000000004,6.83,0,5,200
1470,283736,110.16500010248274,0.07499999999999996,8.235,0,6,200
1471,283880,102.62333337496966,0.12,7.76,0,10,200
1472,283912,123.43999986350536,0.06000000000000005,7.44,0,2,200
1473,284384,113.41500026639551,0.07499999999999996,8.115,0,4,200
1474,284600,128.74000012408942,0.025000000000000022,7.38,0,5,200
1475,284608,137.9599989876151,0.020000000000000018,6.57,0,3,200
1476,284672,94.375000750646,0.10499999999999998,8.865,0,13,200
1477,284912,108.76500042807311,0.04500000000000004,8.565,0,14,200
1478,285336,110.33000033069402,0.06999999999999995,8.1,0,10,200
1479,285480,90.95333339553326,0.15500000000000003,8.36,0,9,200
1480,285512,109.30666682589799,0.05500000000000005,8.5,0,10,200
1481,285984,100.33500036876649,0.09999999999999998,8.325,0,11,200
1482,286200,112.76333314552903,0.06000000000000005,7.88,0,11,200
1483,286208,114.52999889291823,0.050000000000000044,8.04,0,11,200
1484,286272,128.65000053402036,0.03500000000000003,6.81,0,10,200
1485,286512,122.82000035606325,0.03500000000000003,7.89,0,4,200
1486,286936,93.88333397451788,0.125,8.81,0,8,200
1487,287080,134.11166811641306,0.020000000000000018,7.045,0,3,200
1488,287112,121.73666714597493,0.050000000000000044,7.33,0,8,200
1489,287584,126.75833466183394,0.04500000000000004,6.905,0,8,200
1490,287800,114.22499939519912,0.06499999999999995,7.845,0,9,200
1491,287808,123.54999964497983,0.03500000000000003,7.53,0,7,200
1492,287872,104.61000057030469,0.125,7.71,0,5,200
1493,288112,91.52000079862773,0.16500000000000004,7.98,0,10,200
1494,288536,113.08000077772886,0.06999999999999995,7.83,0,9,200
1495,288680,116.06833369843662,0.050000000000000044,7.745,0,12,200
1496,288712,104.8366668811068,0.10499999999999998,8.35,0,4,200
1497,289184,127.29333359375596,0.020000000000000018,7.64,0,7,200
1498,289400,120.02666743751615,0.05500000000000005,7.69,0,4,200
1499,289408,134.17333478387445,0.04500000000000004,6.17,0,7,200
1500,289472,124.4883345477283,0.050000000000000044,7.325,0,5,200
1501,289712,117.26166722085327,0.05500000000000005,7.705,0,9,200
1502,290136,118.70166770461947,0.06000000000000005,7.525,0,7,200
1503,290280,117.14500025473535,0.025000000000000022,8.085,0,15,200
1504,290312,129.02833449374884,0.025000000000000022,7.175,0,6,200
1505,290784,94.52499910350889,0.125,8.565,0,10,200
1506,291000,119.13166656903923,0.050000000000000044,7.435,0,11,200
1507,291008,98.62666691094637,0.06999999999999995,9.22,0,12,200
1508,291072,130.23333407752216,0.03500000000000003,6.89,0,6,200
1509,291312,86.06333317048848,0.125,9.68,0,9,200
1510,291736,127.30333339329809,0.04500000000000004,7.07,0,5,200
1511,291880,131.39333354588598,0.015000000000000013,7.46,0,3,200
1512,291912,104.13333404064178,0.07999999999999996,8.51,0,10,200
1513,292384,77.19666649121791,0.245,7.81,0,8,200
1514,292600,87.41500036325306,0.135,8.925,0,13,200
1515,292608,111.33666726294905,0.07499999999999996,7.93,0,8,200
1516,292672,100.18166656792164,0.06000000000000005,8.995,0,17,200
1517,292912,119.01166644971818,0.05500000000000005,7.645,0,7,200
1518,293336,101.76833387557417,0.08499999999999996,8.525,0,11,200
1519,293480,115.28500059992075,0.07499999999999996,7.335,0,10,200
1520,293512,113.44833344500512,0.08499999999999996,7.655,0,6,200
1521,293984,132.66166687663645,0.010000000000000009,7.195,0,6,200
1522,294200,121.21500038914382,0.07499999999999996,6.885,0,6,200
1523,294208,117.1083334479481,0.07999999999999996,7.145,0,9,200
1524,294272,118.7283329134807,0.03500000000000003,8.345,0,5,200
1525,294512,114.2350004054606,0.040000000000000036,8.385,0,9,200
1526,294936,119.01166684553027,0.06000000000000005,7.465,0,8,200
1527,295080,135.51000076066703,0.025000000000000022,6.66,0,4,200
1528,295112,82.81666684802622,0.18500000000000005,8.38,0,11,200
1529,295584,83.37833279930055,0.20499999999999996,8.015,0,9,200
1530,295800,137.021667025052,0.010000000000000009,6.745,0,6,200
1531,295808,103.92500033788383,0.135,7.275,0,8,200
1532,295872,123.14000032749027,0.08499999999999996,6.36,0,8,200
1533,296112,88.87000022362918,0.13,8.76,0,15,200
1534,296536,123.09999972395599,0.040000000000000036,7.47,0,7,200
1535,296680,125.42499975021929,0.040000000000000036,7.275,0,6,200
1536,296712,124.72000019066036,0.040000000000000036,7.38,0,6,200
1537,297184,98.27833304274827,0.13,8.285,0,6,200
1538,297400,112.76166688464582,0.06499999999999995,8.215,0,6,200
1539,297408,105.16666701901704,0.11499999999999999,7.72,0,8,200
1540,297472,87.4416671693325,0.14,8.725,0,13,200
1541,297712,89.22666657157242,0.17500000000000004,8.11,0,9,200
1542,298136,116.97666652314365,0.040000000000000036,8.32,0,5,200
1543,298280,107.50666712410748,0.09999999999999998,7.54,0,10,200
1544,298312,97.68499953486025,0.13,8.085,0,9,200
1545,298784,135.1216669557616,0.015000000000000013,6.835,0,5,200
1546,299000,113.34166686888784,0.06999999999999995,7.735,0,9,200
1547,299008,102.28833381272852,0.12,7.985,0,7,200
1548,299072,118.38499985076487,0.040000000000000036,7.965,0,8,200
1549,299312,122.13333278801292,0.04500000000000004,7.7,0,5,200
1550,299736,112.52666674554348,0.11499999999999999,7.21,0,4,200
1551,299880,115.10500026773661,0.08999999999999997,7.365,0,6,200
1552,299912,91.12833398021758,0.14500000000000002,8.465,0,9,200
1553,300384,119.30166707746685,0.07999999999999996,7.105,0,4,200
1554,300600,115.29499991703779,0.05500000000000005,8.145,0,5,200
1555,300608,102.94166642427444,0.07499999999999996,8.935,0,8,200
1556,300672,113.3933339016512,0.08999999999999997,7.43,0,5,200
1557,300912,76.39833374787122,0.17500000000000004,9.365,0,12,200
1558,301336,132.9583339681849,0.025000000000000022,6.995,0,4,200
1559,301480,66.12333312351257,0.25,8.93,0,10,200
1560,301512,113.43166730366647,0.09499999999999997,7.465,0,6,200
1561,301984,127.9550007134676,0.06499999999999995,6.585,0,4,200
1562,302200,130.2483348660171,0.040000000000000036,6.845,0,5,200
1563,302208,115.91666713450104,0.08499999999999996,7.42,0,5,200
1564,302272,96.77500071190298,0.125,8.715,0,5,200
1565,302512,130.46833328157663,0.06000000000000005,6.185,0,6,200
1566,302936,110.23166677169502,0.10499999999999998,7.045,0,13,200
1567,303080,114.08333289436996,0.09499999999999997,7.16,0,8,200
1568,303112,110.37666731420904,0.07999999999999996,7.75,0,11,200
1569,303584,128.34833360742778,0.025000000000000022,7.505,0,4,200
1570,303800,113.93499979469925,0.04500000000000004,8.295,0,9,200
1571,303808,134.000001039356,0.0050000000000000044,7.05,0,8,200
1572,303872,114.86000040732324,0.050000000000000044,8.43,0,4,200
1573,304112,111.18333420623094,0.08999999999999997,7.4,0,11,200
1574,304536,129.0316657787189,0.040000000000000036,7.165,0,2,200
1575,304680,121.78333327639848,0.040000000000000036,7.7,0,7,200
1576,304712,105.01999987009913,0.09499999999999997,8.13,0,9,200
1577,305184,107.43499852716923,0.09499999999999997,8.295,0,3,200
1578,305400,98.90666716080159,0.12,8.08,0,11,200
1579,305408,103.73333396203816,0.07999999999999996,8.72,0,6,200
1580,305472,108.79833352379501,0.08999999999999997,8.015,0,5,200
1581,305712,132.73166600521654,0.020000000000000018,7.015,0,5,200
1582,306136,120.20500075817108,0.030000000000000027,8.235,0,6,200
1583,306280,100.10333297867328,0.09499999999999997,8.66,0,9,200
1584,306312,98.81000007409602,0.13,7.95,0,10,200
1585,306784,101.64666672702879,0.12,7.96,0,9,200
1586,307000,126.72666641604155,0.040000000000000036,7.24,0,5,200
1587,307008,120.80500122811645,0.06499999999999995,7.365,0,5,200
1588,307072,131.16499909758568,0.030000000000000027,7.185,0,2,200
1589,307312,126.23333341348916,0.03500000000000003,7.25,0,7,200
1590,307736,106.33666615001857,0.08999999999999997,8.41,0,5,200
1591,307880,127.41833307221532,0.040000000000000036,7.115,0,5,200
1592,307912,118.37333401571959,0.06000000000000005,7.52,0,7,200
1593,308384,85.74000038672239,0.15000000000000002,8.76,0,14,200
1594,308600,107.8550007166341,0.07999999999999996,8.175,0,9,200
1595,308608,108.13499966263771,0.13,7.455,0,1,200
1596,308672,79.08833397738636,0.18500000000000005,8.735,0,13,200
1597,308912,98.66999993938953,0.07499999999999996,9.36,0,9,200
1598,309336,130.03500044997782,0.06499999999999995,6.285,0,4,200
1599,309480,113.67666643019766,0.07499999999999996,7.6,0,8,200
1600,309512,89.2516665365547,0.18000000000000005,7.885,0,9,200
1601,309984,115.5733341705054,0.09499999999999997,7.34,0,3,200
1602,310200,89.8266668682918,0.20999999999999996,7.45,0,5,200
1603,310208,118.1316674221307,0.04500000000000004,8.005,0,7,200
1604,310272,117.89999997895211,0.05500000000000005,7.68,0,8,200
1605,310512,100.9133338239044,0.09999999999999998,8.33,0,11,200
1606,310936,125.9850004017353,0.030000000000000027,7.845,0,2,200
1607,311080,70.89166669081897,0.21999999999999997,9.115,0,9,200
1608,311112,92.92499994114041,0.16000000000000003,7.725,0,13,200
1609,311584,90.12500040978193,0.13,8.745,0,12,200
1610,311800,103.58000060729682,0.09999999999999998,8.37,0,5,200
1611,311808,122.71000008378178,0.05500000000000005,7.08,0,9,200
1612,311872,116.63000009767711,0.06499999999999995,7.68,0,6,200
1613,312112,131.07666662335396,0.04500000000000004,6.46,0,7,200
1614,312536,116.4383335923776,0.07499999999999996,7.655,0,3,200
1615,312680,100.88666643947363,0.09999999999999998,8.35,0,11,200
1616,312712,132.48166574537754,0.0050000000000000044,7.555,0,3,200
1617,313184,97.45833255909383,0.11499999999999999,8.705,0,8,200
1618,313400,113.90833398979157,0.06499999999999995,7.895,0,7,200
1619,313408,125.17500025033951,0.03500000000000003,7.485,0,6,200
1620,313472,110.9583337912336,0.050000000000000044,8.375,0,10,200
1621,313712,122.26333344448358,0.03500000000000003,7.82,0,5,200
1622,314136,114.28333471901715,0.08999999999999997,7.43,0,6,200
1623,314280,117.3716672938317,0.09499999999999997,6.835,0,7,200
1624,314312,102.84166616387665,0.07999999999999996,8.755,0,8,200
1625,314784,96.31500081904233,0.135,8.415,0,6,200
1626,315000,117.00333342980593,0.040000000000000036,8.06,0,9,200
1627,315008,94.83333336934447,0.08499999999999996,9.56,0,8,200
1628,315072,134.44999995734543,0.015000000000000013,7.02,0,4,200
1629,315312,132.9983332818374,0.040000000000000036,6.665,0,3,200
1630,315736,118.18166784383357,0.06000000000000005,7.705,0,7,200
1631,315880,112.15833297837526,0.06999999999999995,7.895,0,10,200
1632,315912,119.71666681580245,0.05500000000000005,7.81,0,3,200
1633,316384,82.13499981723726,0.19499999999999995,8.625,0,7,200
1634,316600,112.45500024687499,0.08999999999999997,7.635,0,5,200
1635,316608,97.45333384536207,0.135,8.0,0,10,200
1636,316672,118.63000091444701,0.050000000000000044,7.98,0,5,200
1637,316912,85.36499962303787,0.135,9.435,0,10,200
1638,317336,101.5766669260338,0.125,7.9,0,7,200
1639,317480,100.4599994700402,0.08999999999999997,8.97,0,6,200
1640,317512,126.54833392053843,0.06000000000000005,6.575,0,7,200
1641,317984,108.4300001244992,0.07499999999999996,8.16,0,10,200
1642,318200,96.0250004073605,0.18500000000000005,7.425,0,3,200
1643,318208,101.27500033192337,0.08999999999999997,8.415,0,14,200
1644,318272,73.29333350528032,0.20499999999999996,9.2,0,9,200
1645,318512,115.75500096101314,0.06499999999999995,7.695,0,8,200
1646,318936,129.00166728906333,0.050000000000000044,6.805,0,4,200
1647,319080,131.5733345253393,0.040000000000000036,6.59,0,6,200
1648,319112,119.13333315309137,0.06499999999999995,7.37,0,8,200
1649,319584,91.64166693016887,0.15500000000000003,8.335,0,8,200
1650,319800,122.80999978072941,0.040000000000000036,7.71,0,5,200
1651,319808,110.18500149529427,0.07499999999999996,8.085,0,10,200
1652,319872,122.64999873004854,0.04500000000000004,7.65,0,5,200
1653,320112,111.00833311490715,0.08999999999999997,7.685,0,7,200
1654,320536,119.95000152755529,0.06499999999999995,7.26,0,7,200
1655,320680,121.1250006724149,0.07499999999999996,6.795,0,9,200
1656,320712,96.93833312764764,0.11499999999999999,8.525,0,9,200
1657,321184,89.490000275895,0.18999999999999995,8.13,0,4,200
1658,321400,122.32500031404197,0.06999999999999995,6.975,0,6,200
1659,321408,131.95000058412552,0.040000000000000036,7.05,0,0,200
1660,321472,105.20500045176595,0.12,7.455,0,9,200
1661,321712,130.82999957352877,0.020000000000000018,7.26,0,4,200
1662,322136,112.62166638299823,0.06499999999999995,7.735,0,12,200
1663,322280,82.5249997517094,0.18999999999999995,8.715,0,5,200
1664,322312,65.29999968223274,0.20499999999999996,10.11,0,10,200
1665,322784,116.14499988872558,0.06499999999999995,7.545,0,9,200
1666,323000,122.88833362888545,0.04500000000000004,7.475,0,7,200
1667,323008,99.71333411894739,0.125,8.0,0,9,200
1668,323072,80.95166566129774,0.18000000000000005,9.265,0,4,200
1669,323312,106.42833445128053,0.06999999999999995,8.915,0,5,200
1670,323736,113.89833442308009,0.06999999999999995,7.445,0,12,200
1671,323880,108.87333348952234,0.06999999999999995,8.21,0,11,200
1672,323912,137.75166783854365,0.040000000000000036,5.905,0,5,200
1673,324384,98.52499986998737,0.14,7.815,0,9,200
1674,324600,112.90833395626396,0.08999999999999997,7.175,0,9,200
1675,324608,118.40166741795838,0.050000000000000044,7.855,0,7,200
1676,324672,88.16333370562643,0.18000000000000005,8.21,0,7,200
1677,324912,123.89166711922735,0.040000000000000036,7.525,0,6,200
1678,325336,131.49500021710992,0.030000000000000027,6.825,0,7,200
1679,325480,111.7300009476021,0.08499999999999996,7.56,0,9,200
1680,325512,116.70333419647068,0.05500000000000005,7.55,0,10,200
1681,325984,107.05666532646865,0.06999999999999995,8.8,0,5,200
1682,326200,122.80166675057262,0.050000000000000044,7.165,0,9,200
1683,326208,104.41166646406054,0.07499999999999996,8.485,0,12,200
1684,326272,66.45999983511865,0.255,8.52,0,12,200
1685,326512,125.8166668517515,0.050000000000000044,7.09,0,6,200
1686,326936,70.16166711691767,0.22999999999999998,8.965,0,10,200
1687,327080,113.20166704524308,0.06499999999999995,7.915,0,8,200
1688,327112,89.92333386838436,0.18500000000000005,8.06,0,5,200
1689,327584,119.3183334171772,0.08499999999999996,6.755,0,8,200
1690,327800,110.36833343561739,0.08499999999999996,7.775,0,8,200
1691,327808,87.50166667811573,0.19999999999999996,7.285,0,14,200
1692,327872,85.1516670435667,0.17000000000000004,8.425,0,12,200
1693,328112,98.55833317246288,0.15000000000000002,7.535,0,10,200
1694,328536,125.33000093419105,0.05500000000000005,6.93,0,7,200
1695,328680,103.94166720099747,0.10999999999999999,7.795,0,11,200
1696,328712,132.85000035911798,0.0,7.35,0,6,200
1697,329184,116.71500087529421,0.08999999999999997,6.855,0,11,200
1698,329400,117.34166595246643,0.10499999999999998,6.895,0,4,200
1699,329408,96.35166786424816,0.17500000000000004,7.465,0,7,200
1700,329472,83.80000042822212,0.21499999999999997,7.65,0,10,200
1701,329712,138.19333311077207,0.010000000000000009,6.68,0,4,200
1702,330136,137.38666684925556,0.03500000000000003,6.13,0,4,200
1703,330280,88.55666639469564,0.18500000000000005,8.02,0,8,200
1704,330312,121.45500105526298,0.06499999999999995,6.915,0,9,200
1705,330784,124.67999958153814,0.07499999999999996,6.36,0,9,200
1706,331000,106.89833263866603,0.10499999999999998,7.895,0,7,200
1707,331008,106.45333390403539,0.125,7.49,0,6,200
1708,331072,112.86833336483687,0.06499999999999995,7.955,0,9,200
1709,331312,122.17333374079317,0.020000000000000018,7.82,0,11,200
1710,331736,114.290000195615,0.07999999999999996,7.41,0,10,200
1711,331880,108.46666618157178,0.10999999999999999,7.21,0,12,200
1712,331912,101.70500062126666,0.10499999999999998,8.175,0,12,200
1713,332384,83.42499980796129,0.16000000000000003,9.075,0,10,200
1714,332600,99.68833323940635,0.14500000000000002,7.565,0,9,200
1715,332608,118.09833357390016,0.07499999999999996,7.385,0,4,200
1716,332672,104.92166694067419,0.13,7.255,0,9,200
1717,332912,118.09000017121434,0.05500000000000005,7.77,0,6,200
1718,333336,81.88166705332696,0.19499999999999995,8.515,0,8,200
1719,333480,99.35500070359558,0.07999999999999996,9.255,0,6,200
1720,333512,117.02333230432123,0.06499999999999995,7.97,0,2,200
1721,333984,115.12500009126961,0.06499999999999995,7.785,0,9,200
1722,334200,126.01333316229284,0.0050000000000000044,8.0,0,6,200
1723,334208,115.02333383169025,0.09999999999999998,6.89,0,8,200
1724,334272,114.96000036410987,0.05500000000000005,7.95,0,9,200
1725,334512,85.87499943561852,0.19499999999999995,7.995,0,8,200
1726,334936,107.32666753046215,0.09999999999999998,8.14,0,4,200
1727,335080,125.52166708465666,0.04500000000000004,7.195,0,5,200
1728,335112,100.50666637346148,0.11499999999999999,8.32,0,8,200
1729,335584,114.0683333883062,0.03500000000000003,8.465,0,10,200
1730,335800,123.31499991193414,0.040000000000000036,7.755,0,4,200
1731,335808,104.9833336174488,0.09499999999999997,8.48,0,4,200
1732,335872,113.67833200283349,0.06999999999999995,7.805,0,9,200
1733,336112,105.93166813254356,0.09999999999999998,8.365,0,2,200
1734,336536,119.2416669940576,0.06000000000000005,7.705,0,4,200
1735,336680,84.87000084389001,0.16500000000000004,8.94,0,8,200
1736,336712,118.80000087153167,0.06499999999999995,7.5,0,7,200
1737,337184,61.96666712593287,0.24,9.4,0,12,200
1738,337400,132.40666656568646,0.03500000000000003,6.79,0,5,200
1739,337408,100.81999866385013,0.11499999999999999,8.28,0,8,200
1740,337472,124.13833332713693,0.040000000000000036,7.655,0,4,200
1741,337712,136.70666602626443,0.06999999999999995,5.44,0,3,200
1742,337872,38.74500077590346,0.046511627906976716,5.1976744186046515,1,6,86
1743,338136,125.54000005777925,0.06999999999999995,6.9,0,2,200
1744,338280,96.98166731465608,0.09999999999999998,9.085,0,8,200
1745,338312,146.30833531171083,0.020000000000000018,5.705,0,2,200
1746,339000,126.18833231087774,0.040000000000000036,7.355,0,4,200
1747,339008,120.61833413504064,0.050000000000000044,7.655,0,6,200
1748,339072,128.13166612759233,0.050000000000000044,7.135,0,2,200
1749,339312,99.75499996729195,0.11499999999999999,7.815,0,16,200
1750,339472,101.76166714634746,0.08999999999999997,9.115,0,3,200
1751,339736,91.76500127278268,0.16500000000000004,8.115,0,7,200
1752,339880,114.62333364598453,0.07499999999999996,7.64,0,6,200
1753,339912,62.181666595861316,0.265,9.025,0,11,200
1754,340600,121.27500009443611,0.05500000000000005,7.155,0,9,200
1755,340608,112.85166799463332,0.06999999999999995,8.035,0,7,200
1756,340672,100.54833286814392,0.10499999999999998,8.555,0,8,200
1757,340912,99.8383342307061,0.14,7.895,0,6,200
1758,341072,118.0899999178946,0.08999999999999997,7.26,0,3,200
1759,341336,124.07500036712736,0.06499999999999995,7.215,0,2,200
1760,341480,96.24499976821244,0.17500000000000004,7.485,0,7,200
1761,341512,116.35333318542689,0.09499999999999997,7.13,0,4,200
1762,342200,122.55833315383643,0.08499999999999996,6.755,0,3,200
1763,342208,126.95333240088075,0.040000000000000036,7.19,0,6,200
1764,342272,112.28166606184095,0.07999999999999996,8.215,0,2,200
1765,342512,120.90666605345905,0.06499999999999995,7.3,0,6,200
1766,342672,100.04333293344826,0.11499999999999999,8.42,0,7,200
1767,342936,123.02166725508869,0.050000000000000044,7.405,0,6,200
1768,343080,76.07666703872383,0.22499999999999998,8.32,0,10,200
1769,343112,106.11166679579765,0.10999999999999999,7.975,0,5,200
1770,343800,104.88333351444453,0.125,7.73,0,4,200
1771,343808,116.70166670437902,0.08999999999999997,7.315,0,4,200
1772,343872,126.04833253845572,0.050000000000000044,6.965,0,8,200
1773,344112,108.68999963533133,0.09999999999999998,7.68,0,8,200
1774,344272,133.65166801214218,0.03500000000000003,6.895,0,1,200
1775,344536,107.85833340138197,0.11499999999999999,7.805,0,3,200
1776,344680,92.6866668285802,0.15500000000000003,8.02,0,10,200
1777,344712,104.05166748166084,0.10499999999999998,8.095,0,8,200
1778,345400,106.53833419363946,0.050000000000000044,9.065,0,9,200
1779,345408,67.29333329293877,0.24,8.78,0,13,200
1780,345472,129.78333280980587,0.015000000000000013,7.79,0,2,200
1781,345712,98.29999978188425,0.125,8.22,0,8,200
1782,345872,106.04666660912335,0.135,7.36,0,5,200
1783,346136,114.53166682180017,0.050000000000000044,8.515,0,4,200
1784,346280,105.46000008191913,0.11499999999999999,7.71,0,7,200
1785,346312,131.45666681975126,0.040000000000000036,6.73,0,4,200
1786,347000,104.30166657827795,0.125,7.795,0,5,200
1787,347008,130.17499998863786,0.015000000000000013,7.605,0,2,200
1788,347072,128.24333381652832,0.040000000000000036,7.13,0,4,200
1789,347312,87.0283336872235,0.21999999999999997,7.325,0,8,200
1790,347472,127.89166697859764,0.05500000000000005,6.565,0,7,200
1791,347736,98.21833405364305,0.13,7.985,0,11,200
1792,347880,99.15833332110196,0.12,8.375,0,7,200
1793,347912,128.81499981693923,0.030000000000000027,7.215,0,6,200
1794,348600,104.20166767388582,0.12,7.675,0,9,200
1795,348608,116.41666612308472,0.08999999999999997,7.24,0,5,200
1796,348672,107.36666656844318,0.09999999999999998,7.99,0,6,200
1797,348912,93.96833284385502,0.15500000000000003,8.225,0,7,200
1798,349072,119.98166535049677,0.08999999999999997,6.985,0,3,200
1799,349336,95.47666726820171,0.15000000000000002,8.08,0,8,200
1800,349480,127.53500028233975,0.04500000000000004,7.035,0,5,200
1801,349512,74.99333372525871,0.22999999999999998,8.6,0,6,200
1802,350200,81.58166667539626,0.15500000000000003,9.445,0,9,200
1803,350208,109.90166669897735,0.12,7.195,0,7,200
1804,350272,112.89000071398914,0.07499999999999996,7.74,0,9,200
1805,350512,122.85333419125527,0.025000000000000022,7.82,0,8,200
1806,350672,119.0049999570474,0.06000000000000005,7.485,0,7,200
1807,350936,100.05000005476177,0.14500000000000002,7.35,0,11,200
1808,351080,123.30333485268056,0.06499999999999995,6.95,0,7,200
1809,351112,117.1950005395338,0.06499999999999995,7.305,0,11,200
1810,351800,89.2950001899153,0.15000000000000002,8.475,0,11,200
1811,351808,110.29666746594012,0.05500000000000005,8.44,0,10,200
1812,351872,115.37500028125942,0.09999999999999998,7.155,0,4,200
1813,352112,98.15500052738935,0.15000000000000002,7.815,0,7,200
1814,352272,116.13000077754259,0.08999999999999997,7.2,0,5,200
1815,352536,116.48833290114999,0.06499999999999995,7.595,0,9,200
1816,352680,118.08666767086834,0.06499999999999995,7.54,0,6,200
1817,352712,107.53999951295555,0.09499999999999997,8.07,0,6,200
1818,353400,100.33000025618821,0.125,7.89,0,10,200
1819,353408,108.02333360724151,0.125,7.31,0,6,200
1820,353472,109.06166688725352,0.09499999999999997,7.735,0,9,200
1821,353712,117.57833411823958,0.09499999999999997,6.875,0,6,200
1822,353872,79.7816666783765,0.20499999999999996,8.605,0,7,200
1823,354136,75.31000065337867,0.20999999999999996,8.73,0,11,200
1824,354280,129.21999940928072,0.04500000000000004,6.84,0,4,200
1825,354312,123.10333292745054,0.050000000000000044,7.19,0,8,200
1826,355000,94.83500008750707,0.15000000000000002,8.055,0,9,200
1827,355008,117.4099998921156,0.09999999999999998,6.84,0,6,200
1828,355072,87.30500045232475,0.14500000000000002,9.285,0,6,200
1829,355312,88.97999997995794,0.15500000000000003,8.79,0,7,200
1830,355472,113.77166709210724,0.06499999999999995,7.675,0,11,200
1831,355736,90.52666581328958,0.16000000000000003,8.65,0,4,200
1832,355880,81.44666687771678,0.18999999999999995,8.74,0,8,200
1833,355912,139.29000069573522,0.025000000000000022,6.06,0,6,200
1834,356600,116.75333311688155,0.07499999999999996,7.28,0,10,200
1835,356608,122.74000058323145,0.050000000000000044,7.2,0,9,200
1836,356672,92.29500024300069,0.15500000000000003,7.965,0,12,200
1837,356912,102.32166669983417,0.10499999999999998,8.425,0,7,200
1838,357072,119.828334053047,0.06000000000000005,7.565,0,5,200
1839,357336,114.92500073369592,0.07499999999999996,7.815,0,5,200
1840,357480,90.1433328827843,0.19999999999999996,7.58,0,6,200
1841,357512,87.7466667573899,0.17500000000000004,8.38,0,7,200
1842,358200,105.67500070296228,0.10499999999999998,8.055,0,6,200
1843,358208,126.19833340216428,0.04500000000000004,6.935,0,8,200
1844,358272,99.45499960705638,0.10999999999999999,8.595,0,7,200
1845,358512,94.34333411231637,0.09499999999999997,9.38,0,10,200
1846,358672,126.79000002052635,0.04500000000000004,7.17,0,5,200
1847,358936,79.12833376973867,0.18999999999999995,8.495,0,14,200
1848,359080,129.07666755467653,0.025000000000000022,7.27,0,7,200
1849,359112,126.41333322133869,0.03500000000000003,7.25,0,8,200
1850,359800,98.96833323966712,0.11499999999999999,8.315,0,9,200
1851,359808,95.29833337012678,0.14500000000000002,8.075,0,9,200
1852,359872,115.88833337835968,0.09499999999999997,6.845,0,8,200
1853,360112,110.57166671566665,0.13,6.715,0,8,200
1854,360272,129.45833348389715,0.04500000000000004,6.725,0,6,200
1855,360536,107.67333411425352,0.10499999999999998,7.55,0,10,200
1856,360680,128.8016663081944,0.03500000000000003,6.955,0,7,200
1857,360712,103.03000033460557,0.125,7.68,0,8,200
1858,361400,98.56500020809472,0.09499999999999997,9.015,0,8,200
1859,361408,106.35166674014181,0.06999999999999995,8.755,0,7,200
1860,361472,123.9216667143628,0.040000000000000036,7.285,0,8,200
1861,361712,109.15333307813853,0.08499999999999996,7.85,0,10,200
1862,361872,107.4400005619973,0.08499999999999996,8.16,0,9,200
1863,362136,119.38333361595869,0.06999999999999995,7.4,0,5,200
1864,362280,103.18000052403659,0.14500000000000002,7.17,0,9,200
1865,362312,111.96499957796186,0.07999999999999996,8.145,0,3,200
1866,363000,100.09166648052633,0.09499999999999997,8.815,0,7,200
1867,363008,119.88833371456712,0.050000000000000044,7.745,0,5,200
1868,363072,119.80166701134294,0.07999999999999996,7.015,0,5,200
1869,363312,136.1616672342643,0.0,6.925,0,7,200
1870,363472,111.94166815187782,0.07999999999999996,7.825,0,8,200
1871,363736,116.72666656784713,0.07999999999999996,7.18,0,9,200
1872,363880,99.82333342917264,0.10999999999999999,8.3,0,11,200
1873,363912,122.03166667371988,0.07499999999999996,6.805,0,7,200
1874,364600,107.43000136129558,0.10999999999999999,7.56,0,8,200
1875,364608,125.85499936994165,0.050000000000000044,6.825,0,9,200
1876,364672,118.9400001000613,0.050000000000000044,7.77,0,7,200
1877,364912,85.7649998050183,0.18500000000000005,8.325,0,8,200
1878,365072,137.06666683312505,0.010000000000000009,6.91,0,3,200
1879,365336,88.57666638866067,0.16500000000000004,8.41,0,9,200
1880,365480,121.87000026460737,0.06499999999999995,7.08,0,6,200
1881,365512,117.2416671058163,0.10999999999999999,6.715,0,4,200
1882,366200,105.47000044025481,0.12,7.53,0,8,200
1883,366208,91.92666711937636,0.15000000000000002,8.62,0,5,200
1884,366272,118.03500103764236,0.05500000000000005,7.575,0,9,200
1885,366512,101.4616661882028,0.135,7.885,0,5,200
1886,366672,115.52833375241607,0.06000000000000005,7.535,0,13,200
1887,366936,73.36833390407264,0.20499999999999996,9.245,0,8,200
1888,367080,120.04500045906752,0.04500000000000004,7.755,0,6,200
1889,367112,119.17333331611007,0.06000000000000005,7.31,0,8,200
1890,367800,124.23833316285163,0.06499999999999995,6.755,0,7,200
1891,367808,100.81499989237636,0.14,7.845,0,5,200
1892,367872,87.25500017218292,0.18500000000000005,8.115,0,9,200
1893,368112,119.86499936785549,0.06999999999999995,7.035,0,9,200
1894,368272,103.22166735120118,0.125,7.525,0,10,200
1895,368536,112.13500094693154,0.08499999999999996,7.665,0,8,200
1896,368680,108.0233331816271,0.09499999999999997,7.85,0,8,200
1897,368712,116.25333334319293,0.08499999999999996,7.01,0,11,200
1898,369400,113.99333448521793,0.06499999999999995,8.03,0,7,200
1899,369408,109.4850001623854,0.08999999999999997,7.815,0,8,200
1900,369472,94.753333539702,0.10499999999999998,8.93,0,12,200
1901,369712,103.96499941218644,0.10999999999999999,8.085,0,8,200
1902,369872,126.28333256300539,0.040000000000000036,7.19,0,7,200
1903,370136,109.49500034470111,0.06000000000000005,8.565,0,9,200
1904,370280,122.84166666027158,0.025000000000000022,7.885,0,8,200
1905,370312,99.50833414308727,0.14500000000000002,7.325,0,12,200
1906,371000,125.85666734632105,0.06499999999999995,6.85,0,3,200
1907,371008,113.12833279091865,0.08499999999999996,7.445,0,10,200
1908,371072,99.84333426970989,0.10999999999999999,8.48,0,8,200
1909,371312,85.24166771583259,0.22999999999999998,7.555,0,5,200
1910,371472,112.74166808929294,0.08499999999999996,7.855,0,5,200
1911,371736,107.80666605941951,0.06999999999999995,8.59,0,7,200
1912,371880,107.88666744343936,0.11499999999999999,7.0,0,14,200
1913,371912,89.44833345618099,0.15500000000000003,8.675,0,7,200
1914,372600,119.11666770279408,0.07499999999999996,6.91,0,11,200
1915,372608,112.19666686467826,0.07499999999999996,7.69,0,11,200
1916,372672,105.01166697777808,0.12,7.585,0,9,200
1917,372912,76.87500025425106,0.19999999999999996,8.685,0,13,200
1918,373072,84.36166716646403,0.17000000000000004,8.905,0,8,200
1919,373336,131.8899994827807,0.020000000000000018,6.84,0,9,200
1920,373480,87.45666684024036,0.16500000000000004,8.53,0,9,200
1921,373512,114.79499989561737,0.09499999999999997,7.305,0,6,200
1922,374200,104.6816665455699,0.09999999999999998,8.035,0,10,200
1923,374208,116.07666704338044,0.06999999999999995,7.48,0,9,200
1924,374272,110.91833403892815,0.07499999999999996,8.075,0,8,200
1925,374512,109.18500024732202,0.12,7.245,0,7,200
1926,374672,121.54833364114165,0.040000000000000036,7.775,0,7,200
1927,374936,112.53833327256143,0.10499999999999998,7.175,0,7,200
1928,375080,100.260000301525,0.08499999999999996,9.15,0,7,200
1929,375112,108.12166633270681,0.07999999999999996,8.125,0,10,200
1930,375800,121.0533333774656,0.04500000000000004,7.55,0,8,200
1931,375808,114.86833400651813,0.08999999999999997,7.055,0,9,200
1932,375872,85.40833281446248,0.135,9.245,0,13,200
1933,376112,94.81999969948083,0.13,8.58,0,8,200
1934,376272,130.39166716393083,0.04500000000000004,6.655,0,6,200
1935,376536,100.10166726447642,0.09499999999999997,8.545,0,12,200
1936,376680,121.6883332207799,0.05500000000000005,7.385,0,6,200
1937,376712,94.40333373658359,0.15000000000000002,8.18,0,8,200
1938,377400,107.99333313573152,0.08999999999999997,8.0,0,9,200
1939,377408,104.53166682086885,0.09499999999999997,8.275,0,9,200
1940,377472,111.51666744798422,0.09499999999999997,7.81,0,4,200
1941,377712,105.17166698537767,0.10999999999999999,7.705,0,10,200
1942,377872,124.28833415266126,0.05500000000000005,7.085,0,5,200
1943,378136,90.2783333035186,0.18000000000000005,7.865,0,8,200
1944,378280,109.38666657917202,0.08499999999999996,8.08,0,6,200
1945,378312,109.60666680987924,0.07499999999999996,8.23,0,7,200
1946,379000,110.29666680749506,0.06999999999999995,8.32,0,7,200
1947,379008,117.8400004459545,0.050000000000000044,7.98,0,6,200
1948,379072,102.91499989759177,0.12,7.815,0,9,200
1949,379312,112.11666692234576,0.06999999999999995,7.84,0,11,200
1950,379472,122.84833305235952,0.07499999999999996,6.695,0,6,200
1951,379736,124.02500031143427,0.03500000000000003,7.695,0,5,200
1952,379880,123.13333348091692,0.06000000000000005,6.92,0,7,200
1953,379912,105.20666720718145,0.11499999999999999,7.81,0,6,200
1954,380600,124.74833315610886,0.06499999999999995,6.785,0,5,200
1955,380608,113.7916671698913,0.09999999999999998,7.195,0,7,200
1956,380672,109.63500022701919,0.10999999999999999,7.425,0,7,200
1957,380912,119.65333397593349,0.07999999999999996,7.13,0,5,200
1958,381072,117.88500046636909,0.08499999999999996,6.915,0,8,200
1959,381336,111.84166724141687,0.06999999999999995,8.125,0,7,200
1960,381480,103.71666630264372,0.12,7.96,0,6,200
1961,381512,126.87500072270632,0.030000000000000027,7.515,0,5,200
1962,382200,83.42166699655354,0.17000000000000004,8.785,0,11,200
1963,382208,90.33833350427449,0.18500000000000005,7.835,0,8,200
1964,382272,96.82666679657996,0.11499999999999999,8.14,0,16,200
1965,382512,107.5250006634742,0.125,7.395,0,6,200
1966,382672,114.18666755314916,0.050000000000000044,8.26,0,8,200
1967,382936,119.58000016119331,0.07499999999999996,7.02,0,7,200
1968,383080,121.25833398010582,0.04500000000000004,7.265,0,12,200
1969,383112,101.43166624568403,0.11499999999999999,8.455,0,4,200
1970,383800,113.25666662212461,0.08999999999999997,7.36,0,9,200
1971,383808,86.82499985955656,0.17000000000000004,8.625,0,6,200
1972,383872,116.68166778143495,0.07499999999999996,7.495,0,5,200
1973,384112,102.53666695114225,0.13,7.75,0,7,200
1974,384272,101.41833359189332,0.125,7.775,0,9,200
1975,384536,123.9516672892496,0.030000000000000027,7.495,0,9,200
1976,384680,104.41500053554773,0.10499999999999998,8.145,0,7,200
1977,384712,109.1150006139651,0.07999999999999996,7.965,0,11,200
1978,385400,110.65499905310571,0.050000000000000044,8.715,0,8,200
1979,385408,116.75333327054977,0.09999999999999998,7.07,0,4,200
1980,385472,95.17333381436765,0.13,8.33,0,11,200
1981,385712,103.3983343122527,0.125,7.505,0,11,200
1982,385872,87.79333418421447,0.135,9.23,0,8,200
1983,386136,115.71000011917204,0.06999999999999995,7.68,0,6,200
1984,386280,127.9683327563107,0.04500000000000004,7.025,0,4,200
1985,386312,68.54666703566909,0.265,8.35,0,10,200
1986,387000,111.6633325740695,0.07499999999999996,8.03,0,7,200
1987,387008,69.72833406087011,0.245,8.855,0,7,200
1988,387072,115.80833466630429,0.07499999999999996,7.385,0,9,200
1989,387312,110.43833298143,0.06499999999999995,8.195,0,11,200
1990,387472,107.55666762404144,0.14,6.94,0,7,200
1991,387736,126.93999979551882,0.050000000000000044,6.81,0,7,200
1992,387880,107.99833373632282,0.12,7.535,0,5,200
1993,387912,107.11999898310751,0.10999999999999999,7.68,0,8,200
1994,388600,121.06666713766754,0.04500000000000004,7.3,0,11,200
1995,388608,135.8949997127056,0.03500000000000003,6.465,0,2,200
1996,388672,124.19166623335332,0.03500000000000003,7.735,0,5,200
1997,388912,98.09166673664004,0.15500000000000003,7.675,0,7,200
1998,389072,137.5366671299562,0.0050000000000000044,6.82,0,6,200
1999,389336,126.0933334082365,0.04500000000000004,7.43,0,3,200
2000,389480,97.20666692964733,0.12,8.38,0,11,200
2001,389512,96.16000030748546,0.13,8.19,0,12,200
2002,390200,119.39499920513481,0.06499999999999995,7.275,0,9,200
2003,390208,133.37833290174603,0.030000000000000027,6.695,0,5,200
2004,390272,106.4850005786866,0.09499999999999997,7.905,0,10,200
2005,390512,126.57833363767713,0.040000000000000036,7.205,0,6,200
2006,390672,119.02333431970328,0.04500000000000004,7.97,0,7,200
2007,390936,94.56999997608364,0.16000000000000003,8.01,0,5,200
2008,391080,126.91999923437834,0.040000000000000036,7.05,0,7,200
2009,391112,97.16333359852433,0.125,8.42,0,8,200
2010,391800,127.72166641801596,0.06499999999999995,6.565,0,4,200
2011,391808,121.27333387732506,0.07499999999999996,6.86,0,8,200
2012,391872,108.32833423186094,0.09499999999999997,7.805,0,8,200
2013,392112,110.83166654687375,0.07999999999999996,7.675,0,11,200
2014,392272,129.7899997457862,0.010000000000000009,7.56,0,6,200
2015,392536,84.68333364557475,0.15000000000000002,9.29,0,9,200
2016,392680,126.11333335191011,0.06499999999999995,6.53,0,6,200
2017,392712,114.42500114068389,0.09499999999999997,7.275,0,6,200
2018,393400,110.91000016406178,0.06999999999999995,8.22,0,7,200
2019,393408,110.64666750188917,0.08499999999999996,8.02,0,6,200
2020,393472,118.50666672736406,0.050000000000000044,7.69,0,8,200
2021,393712,86.35166686493903,0.18000000000000005,8.305,0,9,200
2022,393872,104.77500045765191,0.09999999999999998,7.905,0,11,200
2023,394136,114.52833390887827,0.08999999999999997,7.205,0,7,200
2024,394280,85.26333265658468,0.19999999999999996,8.12,0,8,200
2025,394312,111.34666615631431,0.050000000000000044,8.41,0,11,200
2026,395000,107.50666541513056,0.13,7.48,0,4,200
2027,395008,96.08833356853575,0.15000000000000002,7.715,0,10,200
2028,395072,105.21833376493305,0.09499999999999997,8.165,0,9,200
2029,395312,123.75500075891614,0.06000000000000005,7.275,0,2,200
2030,395472,87.18833299539983,0.19499999999999995,8.135,0,6,200
2031,395736,107.26833441015333,0.10999999999999999,7.715,0,6,200
2032,395880,113.00333384331316,0.050000000000000044,8.54,0,5,200
2033,395912,102.77500025276095,0.09999999999999998,8.175,0,11,200
2034,396600,83.83333391975611,0.16000000000000003,9.29,0,7,200
2035,396608,106.82500019483268,0.08999999999999997,8.085,0,8,200
2036,396672,113.60166621115059,0.09499999999999997,7.285,0,8,200
2037,396912,113.85833404306322,0.06000000000000005,7.655,0,12,200
2038,397072,72.64500025007874,0.19499999999999995,9.675,0,8,200
2039,397336,83.27000004332513,0.18999999999999995,8.52,0,8,200
2040,397480,96.43166777025908,0.125,8.245,0,12,200
2041,397512,124.52333387266845,0.03500000000000003,7.28,0,9,200
2042,398200,102.93999952729791,0.11499999999999999,7.77,0,9,200
2043,398208,103.96166663616896,0.125,7.735,0,7,200
2044,398272,114.37666708417237,0.07999999999999996,7.48,0,8,200
2045,398512,132.1000004177913,0.04500000000000004,6.72,0,2,200
2046,398672,124.89166645240039,0.025000000000000022,7.435,0,10,200
2047,398936,108.76333407871425,0.09999999999999998,7.79,0,6,200
2048,399080,117.55166702345014,0.04500000000000004,7.885,0,9,200
2049,399112,101.8500002073124,0.12,8.04,0,7,200
2050,399800,121.77000011876225,0.06000000000000005,7.29,0,6,200
2051,399808,112.35333351697773,0.08999999999999997,7.52,0,7,200
2052,399872,112.07166657224298,0.09999999999999998,7.345,0,8,200
2053,400112,129.1116662612185,0.03500000000000003,6.895,0,8,200
2054,400272,95.45666604395956,0.12,8.47,0,12,200
2055,400536,99.78000046126544,0.125,8.19,0,7,200
2056,400680,117.42833316046745,0.06000000000000005,7.535,0,9,200
2057,400712,123.67166716605425,0.05500000000000005,7.165,0,5,200
2058,401400,114.98833404481411,0.08499999999999996,7.385,0,7,200
2059,401408,110.0799999749288,0.07499999999999996,8.13,0,7,200
