episode,timestep,reward,sla_violation,mean_replicas,crashes,flapping_incidents,length
0,96,-22.451666444540024,0.9166666666666666,3.0833333333333335,1,3,12
1,136,-25.62166602537036,0.9411764705882353,2.176470588235294,1,7,17
2,136,-17.665000583976507,0.47058823529411764,2.6470588235294117,1,6,17
3,224,-14.576666024513543,0.4375,3.25,1,1,16
4,312,-24.776667032390833,0.7692307692307692,2.5641025641025643,1,12,39
5,392,-21.35166721045971,0.9,2.5,1,1,10
6,512,-10.5866669267416,0.4042553191489362,4.425531914893617,1,13,47
7,560,-20.283333092927933,0.7142857142857143,3.238095238095238,1,4,21
8,1280,6.411667760461569,0.31060606060606055,5.856060606060606,1,47,132
9,1328,0.15666690282523632,0.34337349397590367,6.192771084337349,1,65,166
10,1376,-1.3000002354383469,0.42592592592592593,3.3333333333333335,1,39,108
11,1392,-19.706667184829712,0.75,2.0,1,1,8
12,1600,61.72166692651808,0.020000000000000018,9.025,0,79,200
13,1600,69.1950000077486,0.04500000000000004,8.715,0,68,200
14,1600,27.036667190492153,0.31000000000000005,5.68,0,87,200
15,1720,-19.516667135059834,0.6,4.266666666666667,1,3,15
16,1736,76.62333306204528,0.0,8.45,0,73,200
17,1744,34.37166622374207,0.07432432432432434,6.763513513513513,1,54,148
18,1792,-19.794999834150076,0.8333333333333334,1.5,1,0,6
19,1848,-23.356667157262564,0.9285714285714286,2.4285714285714284,1,3,14
20,1976,-24.80999981984496,0.9375,2.625,1,5,16
21,2128,18.74999951198697,0.1063829787234043,5.9361702127659575,1,28,94
22,2136,-20.248333778232336,0.75,3.85,1,2,20
23,2240,-18.018332524225116,0.55,3.5125,1,31,80
24,2312,-16.206666488200426,0.3913043478260869,3.8260869565217392,1,9,23
25,2376,-19.083333868533373,0.75,1.75,1,0,8
26,2664,10.194999708794057,0.09322033898305082,7.8559322033898304,1,52,118
27,2680,42.68333362508565,0.10285714285714287,6.365714285714286,1,67,175
28,2784,-24.801666505634785,1.0,3.6666666666666665,1,3,15
29,2888,-17.981667175889015,0.6153846153846154,3.769230769230769,1,1,13
30,2920,15.339999621734023,0.15294117647058825,4.023529411764706,1,32,85
31,2960,29.60166761279106,0.10273972602739723,5.5,1,65,146
32,2992,65.53500002250075,0.050000000000000044,9.105,0,67,200
33,3096,-8.66999914497137,0.4111111111111111,5.133333333333334,1,29,90
34,3200,69.67500011250377,0.0,9.225,0,74,200
35,3360,-24.604999780654907,0.8,2.85,1,8,20
36,3544,0.6616667909547687,0.36585365853658536,4.2317073170731705,1,23,82
37,3736,71.59666713885963,0.06000000000000005,7.87,0,69,200
38,3752,-25.134999385103583,0.5853658536585367,4.426829268292683,1,32,82
39,3968,15.696667148731649,0.19875776397515532,7.130434782608695,1,60,161
40,4096,-25.06499980390072,0.875,2.0625,1,9,16
41,4104,12.92666630167514,0.1398601398601399,7.524475524475524,1,63,143
42,4112,-29.796666369773448,0.7021276595744681,4.425531914893617,1,21,47
43,4160,-19.978333182632923,0.8571428571428572,1.5714285714285714,1,0,7
44,4208,-22.97833312302828,0.8571428571428572,2.0714285714285716,1,6,14
45,4448,7.511666306294501,0.2941176470588235,6.786764705882353,1,39,136
46,4520,71.86333342269063,0.0050000000000000044,8.72,0,74,200
47,4592,61.76666710805148,0.16500000000000004,7.3,0,60,200
48,4616,-28.301667116582394,0.9523809523809523,2.3333333333333335,1,9,21
49,4752,-14.78666603565216,0.4117647058823529,3.0588235294117645,1,3,17
50,5144,59.93999995198101,0.14,6.99,0,74,200
51,5192,-37.928333731368184,0.6666666666666667,4.845238095238095,1,39,84
52,5352,56.226666981354356,0.09499999999999997,7.6,0,88,200
53,5712,66.81666678097099,0.07999999999999996,7.42,0,75,200
54,5760,70.05833332054317,0.06499999999999995,8.105,0,68,200
55,5808,76.69500035978854,0.030000000000000027,7.875,0,73,200
56,6192,69.89000039547682,0.050000000000000044,7.65,0,79,200
57,6200,-3.6083337711170316,0.23636363636363633,5.218181818181818,1,18,55
58,6352,55.16833334695548,0.06999999999999995,9.125,0,75,200
59,6744,80.94500043056905,0.03500000000000003,7.725,0,66,200
60,6792,65.28999980445951,0.040000000000000036,9.54,0,64,200
61,6952,44.60000032000244,0.20999999999999996,6.99,0,75,200
62,7312,77.5466666361317,0.0,8.5,0,71,200
63,7408,62.46833336446434,0.09499999999999997,8.555,0,64,200
64,7792,45.33499994222075,0.16000000000000003,6.915,0,90,200
65,7800,63.165000112727284,0.10499999999999998,7.755,0,72,200
66,7856,-20.986667197197676,0.875,2.0,1,1,8
67,7952,58.151666486635804,0.0050000000000000044,10.255,0,74,200
68,8240,20.203332883305848,0.27329192546583847,5.24223602484472,1,57,161
69,8344,63.150000656954944,0.15500000000000003,6.69,0,68,200
70,8392,74.67500008177012,0.04500000000000004,7.485,0,71,200
71,8912,88.07000026386231,0.025000000000000022,7.59,0,58,200
72,9008,41.30333377793431,0.255,7.85,0,57,200
73,9400,74.59333315771073,0.010000000000000009,9.59,0,57,200
74,9456,77.96333358809352,0.0050000000000000044,9.26,0,61,200
75,9552,68.75999971386045,0.010000000000000009,10.23,0,59,200
76,9568,-19.018332444131374,0.7142857142857143,3.357142857142857,1,1,14
77,9840,73.05500016361475,0.015000000000000013,9.195,0,64,200
78,9944,81.0933334166184,0.0050000000000000044,9.29,0,56,200
79,9992,70.27500007674098,0.07499999999999996,7.875,0,67,200
80,10096,-22.81833314150572,0.7894736842105263,4.052631578947368,1,6,19
81,10512,75.72999978344887,0.0,10.08,0,56,200
82,10608,88.63000012002885,0.010000000000000009,7.89,0,62,200
83,11000,72.80666717514396,0.010000000000000009,8.95,0,70,200
84,11152,72.74999996833503,0.04500000000000004,9.0,0,61,200
85,11168,78.22333284001797,0.0,10.13,0,51,200
86,11440,82.91166684310883,0.010000000000000009,8.095,0,66,200
87,11592,61.72166684269905,0.06000000000000005,9.205,0,68,200
88,11696,84.4483332913369,0.0050000000000000044,8.915,0,53,200
89,12112,79.50333325844258,0.0,8.87,0,62,200
90,12208,83.27000006660819,0.03500000000000003,9.21,0,41,200
91,12600,70.66333326604217,0.0050000000000000044,9.77,0,61,200
92,12752,76.12999980710447,0.0,9.6,0,62,200
93,12768,69.39666650630534,0.0,10.12,0,61,200
94,13040,79.223333414644,0.0,9.08,0,61,200
95,13192,74.22833390161395,0.030000000000000027,8.855,0,63,200
96,13296,58.104999863542616,0.010000000000000009,10.215,0,74,200
97,13712,78.38333318848163,0.020000000000000018,9.32,0,54,200
98,13808,80.19499997422099,0.0,9.525,0,54,200
99,14200,82.30333340261132,0.0,9.29,0,54,200
100,14352,77.98666626866907,0.0050000000000000044,9.73,0,55,200
101,14368,74.21166671719402,0.04500000000000004,9.235,0,54,200
102,14640,70.29333359282464,0.010000000000000009,10.07,0,60,200
103,14792,74.09000018518418,0.0,10.17,0,56,200
104,14896,59.31500000599772,0.050000000000000044,9.525,0,69,200
105,15312,75.56166686303914,0.0,9.865,0,58,200
106,15408,72.62500007636845,0.04500000000000004,9.075,0,58,200
107,15800,79.38333334494382,0.0,10.22,0,48,200
108,15952,73.10666693467647,0.050000000000000044,9.73,0,45,200
109,15968,79.58666657283902,0.0,10.0,0,48,200
110,16240,86.61666691303253,0.0,9.13,0,52,200
111,16392,75.68333354312927,0.0050000000000000044,9.98,0,56,200
112,16496,77.39000022225082,0.010000000000000009,9.6,0,52,200
113,16912,76.89999995101243,0.0050000000000000044,9.81,0,55,200
114,17008,75.7399995457381,0.0,10.14,0,55,200
115,17400,84.13833323866129,0.03500000000000003,9.695,0,40,200
116,17552,83.96666673850268,0.0,10.03,0,43,200
117,17568,92.09000011812896,0.0,9.42,0,38,200
118,17840,82.93499992508441,0.0050000000000000044,10.035,0,44,200
119,17992,71.1466664513573,0.0,9.82,0,61,200
120,18096,72.70166661217809,0.0050000000000000044,10.315,0,53,200
121,18512,83.50166645087302,0.0050000000000000044,10.375,0,38,200
122,18608,86.35833345539868,0.0,9.515,0,46,200
123,19000,85.17666698340327,0.0,10.03,0,41,200
124,19152,91.6466665957123,0.0,10.06,0,32,200
125,19168,86.5350002469495,0.0050000000000000044,9.615,0,40,200
126,19440,93.80499997083098,0.0050000000000000044,9.195,0,36,200
127,19592,78.08999971114099,0.0050000000000000044,10.83,0,41,200
128,19696,88.11000017542392,0.0,10.14,0,35,200
129,20112,83.53333281818777,0.0050000000000000044,9.68,0,44,200
130,20208,91.48500008974224,0.0,10.035,0,29,200
131,20600,81.36666643898934,0.0,10.39,0,43,200
132,20752,83.290000080131,0.015000000000000013,9.72,0,44,200
133,20768,83.67166682612151,0.0050000000000000044,9.835,0,44,200
134,21040,85.90000013820827,0.0,9.84,0,44,200
135,21192,91.18833334557712,0.0,9.875,0,33,200
136,21296,82.80833321344107,0.010000000000000009,10.505,0,36,200
137,21712,87.25833331141621,0.0,9.815,0,44,200
138,21808,75.11000002734363,0.015000000000000013,10.2,0,49,200
139,22200,98.87833387497813,0.0050000000000000044,9.035,0,30,200
140,22352,94.02833358757198,0.0050000000000000044,9.215,0,36,200
141,22368,95.56333368923515,0.0,9.02,0,41,200
142,22640,87.51500021014363,0.0,9.795,0,42,200
143,22792,94.77166707441211,0.010000000000000009,9.145,0,35,200
144,22896,84.95166718494147,0.0,9.595,0,48,200
145,23312,100.76166645810008,0.0,8.305,0,39,200
146,23408,84.8783333748579,0.0,9.845,0,42,200
147,23800,85.53666680399328,0.0,10.0,0,41,200
148,23952,85.58166698925197,0.0,10.165,0,39,200
149,23968,91.23000016994774,0.025000000000000022,8.73,0,40,200
150,24240,91.96166658308357,0.0,9.205,0,40,200
151,24392,89.51166693493724,0.0,9.865,0,35,200
152,24496,93.14666674099863,0.0,9.4,0,37,200
153,24912,91.6183338239789,0.0,9.815,0,35,200
154,25008,100.88000059127808,0.0,8.73,0,37,200
155,25400,89.8733334178105,0.0050000000000000044,9.44,0,40,200
156,25552,93.41666680388153,0.0,9.4,0,36,200
157,25568,89.84166661649942,0.0,10.165,0,31,200
158,25840,96.58666694071144,0.0,9.58,0,30,200
159,25992,99.55666712112725,0.0,8.89,0,34,200
160,26096,96.42333408817649,0.0050000000000000044,9.26,0,33,200
161,26512,92.27500008698553,0.0050000000000000044,9.075,0,44,200
162,26608,95.64666723180562,0.0,9.64,0,31,200
163,27000,89.96000018715858,0.010000000000000009,10.08,0,32,200
164,27152,94.19666690379381,0.0,9.67,0,35,200
165,27168,95.06499989330769,0.0050000000000000044,9.405,0,32,200
166,27440,97.97333326376975,0.015000000000000013,8.96,0,32,200
167,27592,106.19333358108997,0.0,8.87,0,26,200
168,27696,97.0666670249775,0.0,9.28,0,33,200
169,28112,100.67833320703357,0.0,8.795,0,33,200
170,28208,93.48333380464464,0.0,9.53,0,35,200
171,28600,105.1683338843286,0.0,9.215,0,21,200
172,28752,92.9166670423001,0.0050000000000000044,9.76,0,31,200
173,28768,100.6483333548531,0.0,8.675,0,35,200
174,29040,94.776667191647,0.0050000000000000044,9.19,0,35,200
175,29192,104.05333338864148,0.0,8.96,0,27,200
176,29296,97.25166674889624,0.0,9.655,0,29,200
177,29712,103.18833347130567,0.0,8.705,0,30,200
178,29808,104.31666701100767,0.0,8.98,0,26,200
179,30200,104.86833395715803,0.0050000000000000044,8.945,0,25,200
180,30352,109.22666702698916,0.0050000000000000044,7.96,0,30,200
181,30368,102.83833395130932,0.0,8.945,0,28,200
182,30640,109.34666667506099,0.0,8.11,0,29,200
183,30792,97.39333397708833,0.0,9.17,0,34,200
184,30896,107.65833344869316,0.0050000000000000044,8.285,0,29,200
185,31312,113.14166674297303,0.015000000000000013,8.185,0,18,200
186,31408,111.13000018708408,0.0,8.28,0,24,200
187,31800,102.53000024333596,0.0050000000000000044,8.43,0,34,200
188,31952,102.48166690394282,0.0050000000000000044,8.635,0,32,200
189,31968,100.2733336193487,0.0050000000000000044,8.93,0,27,200
190,32240,104.8316664583981,0.04500000000000004,7.495,0,30,200
191,32392,108.56333363708109,0.0050000000000000044,8.63,0,22,200
192,32496,107.37166710849851,0.0050000000000000044,8.515,0,26,200
193,32912,100.70166693348438,0.0,8.965,0,31,200
194,33008,103.00833347905427,0.030000000000000027,8.135,0,29,200
195,33400,105.88500010408461,0.0,8.775,0,26,200
196,33552,100.40333363879472,0.0,8.99,0,33,200
197,33568,101.86666723899543,0.0050000000000000044,9.19,0,25,200
198,33840,111.06666645500809,0.0,8.23,0,24,200
199,33992,110.60333356074989,0.0,8.66,0,18,200
200,34096,99.80333339981735,0.015000000000000013,9.14,0,27,200
201,34512,113.00166684016585,0.0050000000000000044,8.035,0,23,200
202,34608,108.00833317544311,0.025000000000000022,8.495,0,19,200
203,35000,120.21333359833807,0.0,7.46,0,22,200
204,35152,101.73666664399207,0.0050000000000000044,9.01,0,28,200
205,35168,112.00333352666348,0.0050000000000000044,8.39,0,21,200
206,35440,110.6383339157328,0.0,8.795,0,19,200
207,35592,110.23000010568649,0.0,8.52,0,24,200
208,35696,106.19333373196423,0.0,8.75,0,27,200
209,36112,101.73333324678242,0.015000000000000013,8.75,0,30,200
210,36208,110.06833371985704,0.0,8.495,0,24,200
211,36600,116.141666947864,0.0,8.035,0,20,200
212,36752,100.64999994821846,0.015000000000000013,9.33,0,23,200
213,36768,115.51000045891851,0.0,8.13,0,21,200
214,37040,106.73666652943939,0.0,8.95,0,24,200
215,37192,121.96999964863062,0.0,7.14,0,23,200
216,37296,109.94333329237998,0.010000000000000009,8.48,0,22,200
217,37712,111.62666670233011,0.030000000000000027,7.96,0,20,200
218,37808,120.8216674439609,0.0,7.315,0,22,200
219,38200,115.41666704416275,0.0,7.72,0,25,200
220,38352,112.42666665650904,0.010000000000000009,8.38,0,20,200
221,38368,110.23833354003727,0.010000000000000009,8.195,0,24,200
222,38640,115.68333353102207,0.015000000000000013,7.76,0,20,200
223,38792,117.64499980583787,0.0,7.485,0,23,200
224,38896,117.61666696891189,0.0,7.6,0,26,200
225,39312,115.10833322256804,0.025000000000000022,7.505,0,19,200
226,39408,113.15166691504419,0.0,8.155,0,24,200
227,39800,122.77500076591969,0.0,7.485,0,16,200
228,39952,116.73833384737372,0.0,7.775,0,24,200
229,39968,121.65499993786216,0.0050000000000000044,7.275,0,19,200
230,40240,107.34333377890289,0.025000000000000022,8.36,0,23,200
231,40392,115.8133335839957,0.0,8.15,0,19,200
232,40496,116.65666710119694,0.025000000000000022,7.36,0,19,200
233,40912,116.19500011950731,0.0,7.755,0,24,200
234,41008,106.78166673891246,0.0,8.635,0,25,200
235,41400,110.43333351332694,0.0,8.81,0,19,200
236,41552,114.87500008102506,0.015000000000000013,7.485,0,24,200
237,41568,120.38333382457495,0.0,7.55,0,21,200
238,41840,120.95500014349818,0.0,7.455,0,22,200
239,41992,117.9016665155068,0.0,8.155,0,18,200
240,42096,123.3800002085045,0.0,7.08,0,21,200
241,42512,122.70166715607047,0.0,7.615,0,16,200
242,42608,128.21166675537825,0.0,7.285,0,11,200
243,43000,124.09166637435555,0.0,7.075,0,22,200
244,43152,125.23166731465608,0.0050000000000000044,6.775,0,20,200
245,43168,122.601666867733,0.0050000000000000044,7.765,0,13,200
246,43440,119.08833337575197,0.030000000000000027,7.115,0,16,200
247,43592,121.7266667932272,0.0050000000000000044,7.21,0,20,200
248,43696,123.28833356499672,0.0,7.445,0,17,200
249,44112,118.70500018447638,0.0,7.785,0,20,200
250,44208,121.18666668236256,0.0050000000000000044,7.54,0,17,200
251,44600,122.5416663326323,0.010000000000000009,7.375,0,16,200
252,44752,112.12833354901522,0.0,8.165,0,26,200
253,44768,117.8566673649475,0.0,7.87,0,20,200
254,45040,112.24833334144205,0.020000000000000018,7.565,0,26,200
255,45192,117.6316669518128,0.010000000000000009,7.735,0,20,200
256,45296,125.88166729360819,0.0,7.435,0,14,200
257,45712,124.41500034183264,0.0,7.455,0,13,200
258,45808,121.80833356827497,0.0,7.595,0,18,200
259,46200,133.15333327185363,0.0050000000000000044,6.38,0,14,200
260,46352,120.87333330791444,0.010000000000000009,7.46,0,18,200
261,46368,114.99666705355048,0.020000000000000018,8.08,0,16,200
262,46640,129.61166619509459,0.0050000000000000044,6.505,0,20,200
263,46792,120.68166720494628,0.0,7.645,0,21,200
264,46896,125.74833391979337,0.0050000000000000044,7.295,0,14,200
265,47312,125.71666679158807,0.0,7.21,0,16,200
266,47408,118.68499990552664,0.0,7.845,0,22,200
267,47800,131.16833326220512,0.0,6.605,0,17,200
268,47952,124.65333420690149,0.0,7.85,0,10,200
269,47968,122.72166660334915,0.0050000000000000044,7.435,0,18,200
270,48240,124.78333350922912,0.015000000000000013,6.89,0,19,200
271,48392,121.29833344742656,0.0,7.535,0,20,200
272,48496,124.51666706800461,0.0,7.24,0,18,200
273,48912,114.55833376850933,0.010000000000000009,7.895,0,22,200
274,49008,122.73333360254765,0.010000000000000009,7.16,0,19,200
275,49400,127.81666690856218,0.0050000000000000044,7.15,0,11,200
276,49552,122.71333387121558,0.0,7.64,0,17,200
277,49568,117.78333383798599,0.0050000000000000044,7.7,0,23,200
278,49840,131.90166660398245,0.0,7.015,0,10,200
279,49992,123.68833408504725,0.010000000000000009,7.385,0,17,200
280,50096,117.86666629090905,0.025000000000000022,7.33,0,19,200
281,50512,126.13833396881819,0.015000000000000013,7.145,0,11,200
282,50608,130.67333357781172,0.020000000000000018,6.41,0,13,200
283,51000,123.71833329927176,0.015000000000000013,7.295,0,13,200
284,51152,127.92833317816257,0.0,7.085,0,17,200
285,51168,122.91333371307701,0.020000000000000018,7.34,0,12,200
286,51440,126.8333325907588,0.0050000000000000044,7.58,0,9,200
287,51592,122.31833349913359,0.0050000000000000044,7.205,0,22,200
288,51696,129.19666691869497,0.015000000000000013,6.7,0,12,200
289,52112,133.30166716873646,0.010000000000000009,6.535,0,9,200
290,52208,128.73000004142523,0.010000000000000009,6.81,0,14,200
291,52600,127.47166629880667,0.0,7.075,0,15,200
292,52752,126.91333339735866,0.0,6.68,0,22,200
293,52768,126.62000016868114,0.015000000000000013,6.69,0,16,200
294,53040,131.81666650623083,0.0,6.67,0,14,200
295,53192,133.73500001430511,0.0,6.615,0,12,200
296,53296,127.28999994136393,0.010000000000000009,6.84,0,15,200
297,53712,126.14333318918943,0.015000000000000013,6.71,0,19,200
298,53808,124.42833387479186,0.03500000000000003,6.785,0,12,200
299,54200,137.77833319082856,0.0050000000000000044,5.825,0,15,200
300,54352,138.37666661292315,0.0,6.19,0,9,200
301,54368,130.6533337496221,0.0050000000000000044,6.89,0,12,200
302,54640,119.42500025965273,0.050000000000000044,6.795,0,17,200
303,54792,121.46166734024882,0.0050000000000000044,7.435,0,21,200
304,54896,128.1283338330686,0.0,7.265,0,11,200
305,55312,137.83166617061943,0.010000000000000009,6.055,0,9,200
306,55408,135.4133331142366,0.0050000000000000044,6.17,0,13,200
307,55800,130.94666695594788,0.050000000000000044,6.01,0,8,200
308,55952,136.50166704505682,0.0,6.295,0,13,200
309,55968,126.09500002861023,0.0050000000000000044,7.005,0,18,200
310,56240,125.99833345040679,0.020000000000000018,7.085,0,14,200
311,56392,131.1500004818663,0.020000000000000018,6.6,0,11,200
312,56496,137.1883342973888,0.0,6.215,0,11,200
313,56912,126.74833391979337,0.025000000000000022,6.695,0,16,200
314,57008,130.56666680332273,0.0050000000000000044,6.76,0,14,200
315,57400,134.16166669130325,0.0050000000000000044,6.325,0,12,200
316,57552,133.69333318900317,0.0050000000000000044,6.32,0,13,200
317,57568,122.24499998614192,0.06000000000000005,6.585,0,10,200
318,57840,134.27666705846786,0.0,6.52,0,13,200
319,57992,133.9599999524653,0.0050000000000000044,6.57,0,10,200
320,58096,129.88333354890347,0.020000000000000018,6.8,0,9,200
321,58512,132.06833397224545,0.0050000000000000044,6.875,0,10,200
322,58608,134.92833361774683,0.015000000000000013,5.975,0,15,200
323,59000,136.4316666573286,0.025000000000000022,5.905,0,10,200
324,59152,143.3083332851529,0.0050000000000000044,5.645,0,10,200
325,59168,143.87333407998085,0.0050000000000000044,5.75,0,8,200
326,59440,142.88666734378785,0.0,5.83,0,8,200
327,59592,137.2049997895956,0.0,6.585,0,8,200
328,59696,128.7866664454341,0.0,7.27,0,12,200
329,60112,131.8333337707445,0.010000000000000009,6.47,0,14,200
330,60208,144.43666726350784,0.0050000000000000044,5.53,0,11,200
331,60600,132.82999928295612,0.020000000000000018,6.51,0,8,200
332,60752,135.2200005352497,0.0,6.75,0,8,200
333,60768,142.10833324491978,0.0,6.005,0,7,200
334,61040,139.15833301842213,0.0050000000000000044,5.975,0,10,200
335,61192,132.02000053599477,0.015000000000000013,6.48,0,12,200
336,61296,132.2566668232903,0.040000000000000036,5.77,0,15,200
337,61712,130.22833354771137,0.025000000000000022,6.395,0,15,200
338,61808,137.7933338806033,0.010000000000000009,6.17,0,10,200
339,62200,138.78166671376675,0.010000000000000009,5.845,0,11,200
340,62352,135.52166725695133,0.010000000000000009,6.085,0,16,200
341,62368,136.71500062104315,0.025000000000000022,5.985,0,8,200
342,62640,134.46666688472033,0.015000000000000013,6.19,0,13,200
343,62792,126.88166650757194,0.020000000000000018,6.865,0,16,200
344,62896,138.92833368480206,0.015000000000000013,6.065,0,7,200
345,63312,139.0116673000157,0.020000000000000018,5.815,0,8,200
346,63408,135.03666664659977,0.0050000000000000044,6.49,0,10,200
347,63800,148.4133336134255,0.0,5.63,0,3,200
348,63952,129.7316671386361,0.05500000000000005,6.025,0,11,200
349,63968,140.66666691750288,0.010000000000000009,6.25,0,5,200
350,64240,133.87500056624413,0.040000000000000036,5.895,0,9,200
351,64392,127.81333368550986,0.025000000000000022,6.59,0,14,200
352,64496,135.27833335846663,0.015000000000000013,6.335,0,11,200
353,64912,141.17833325266838,0.0,6.185,0,8,200
354,65008,138.25333371013403,0.0,6.23,0,13,200
355,65400,138.1716668754816,0.020000000000000018,5.875,0,10,200
356,65552,135.99333416298032,0.010000000000000009,6.23,0,12,200
357,65568,137.92333393916488,0.0,6.29,0,11,200
358,65840,141.60666655749083,0.0050000000000000044,6.04,0,6,200
359,65992,133.47833412513137,0.025000000000000022,6.395,0,9,200
360,66096,142.88000073935837,0.0,5.94,0,7,200
361,66512,133.8966661505401,0.025000000000000022,6.31,0,8,200
362,66608,135.14666666835546,0.0050000000000000044,6.73,0,9,200
363,67000,140.0766669800505,0.020000000000000018,5.95,0,6,200
364,67152,132.9099998176098,0.030000000000000027,6.39,0,7,200
365,67168,133.31500002741814,0.025000000000000022,6.585,0,5,200
366,67440,136.9516666457057,0.0050000000000000044,6.235,0,11,200
367,67592,143.41833391785622,0.0,6.125,0,4,200
368,67696,141.5183335915208,0.010000000000000009,5.675,0,11,200
369,68112,144.29666705057025,0.0,5.68,0,9,200
370,68208,136.11999970674515,0.03500000000000003,5.94,0,8,200
371,68600,138.1566671617329,0.0,6.46,0,10,200
372,68752,129.13500057905912,0.050000000000000044,5.865,0,13,200
373,68768,144.8866661451757,0.010000000000000009,5.38,0,7,200
374,69040,136.33166643977165,0.020000000000000018,6.235,0,8,200
375,69192,143.92666662391275,0.0050000000000000044,5.95,0,6,200
376,69296,136.3166659027338,0.015000000000000013,6.19,0,9,200
377,69712,145.4100003838539,0.010000000000000009,5.31,0,8,200
378,69808,140.99500012397766,0.025000000000000022,5.685,0,6,200
379,70200,135.61666618287563,0.025000000000000022,6.31,0,7,200
380,70352,141.40666649118066,0.010000000000000009,5.92,0,7,200
381,70368,138.64166650176048,0.030000000000000027,5.815,0,8,200
382,70640,138.7983341254294,0.0050000000000000044,6.185,0,10,200
383,70792,142.1766667328775,0.020000000000000018,5.65,0,6,200
384,70896,136.50166616216302,0.010000000000000009,6.475,0,7,200
385,71312,147.8316669166088,0.0,5.635,0,4,200
386,71408,148.89166635274887,0.020000000000000018,5.215,0,3,200
387,71800,141.14333368837833,0.020000000000000018,5.69,0,7,200
388,71952,141.45499950647354,0.010000000000000009,5.895,0,7,200
389,71968,143.73500031232834,0.0,5.985,0,6,200
390,72240,128.00833335518837,0.04500000000000004,6.425,0,11,200
391,72392,140.39500036463141,0.0050000000000000044,6.075,0,7,200
392,72496,136.34333391487598,0.025000000000000022,6.17,0,8,200
393,72912,144.31833454221487,0.0050000000000000044,5.795,0,5,200
394,73008,133.42333374917507,0.020000000000000018,6.32,0,12,200
395,73400,134.68333403393626,0.015000000000000013,6.62,0,7,200
396,73552,127.96500030811876,0.06000000000000005,5.865,0,13,200
397,73568,142.01500067859888,0.0,6.015,0,8,200
398,73840,139.16666759178042,0.03500000000000003,5.65,0,6,200
399,73992,129.98666559904814,0.030000000000000027,6.67,0,8,200
400,74096,138.76333232223988,0.0,6.14,0,12,200
401,74512,135.44833347946405,0.015000000000000013,6.515,0,7,200
402,74608,140.79000089876354,0.020000000000000018,5.52,0,10,200
403,75000,140.67500019073486,0.0050000000000000044,6.315,0,4,200
404,75152,146.12833446264267,0.015000000000000013,5.315,0,7,200
405,75168,141.753333684057,0.0,6.17,0,6,200
406,75440,143.51500164717436,0.025000000000000022,5.475,0,5,200
407,75592,135.21333364397287,0.020000000000000018,6.68,0,4,200
408,75696,140.76500050723553,0.015000000000000013,6.195,0,3,200
409,76112,141.73500110208988,0.015000000000000013,5.895,0,5,200
410,76208,140.59333377238363,0.025000000000000022,5.69,0,7,200
411,76600,136.43500012904406,0.020000000000000018,6.345,0,6,200
412,76752,140.8200007379055,0.015000000000000013,6.03,0,4,200
413,76768,136.85000007599592,0.010000000000000009,6.45,0,7,200
414,77040,144.39833334088326,0.0050000000000000044,5.915,0,4,200
415,77192,136.7966679474339,0.015000000000000013,6.25,0,9,200
416,77296,133.55333322286606,0.025000000000000022,6.35,0,10,200
417,77712,140.03333395719528,0.010000000000000009,6.29,0,5,200
418,77808,143.73499970510602,0.020000000000000018,5.685,0,3,200
419,78200,144.78833402693272,0.0,5.945,0,4,200
420,78352,141.42833387851715,0.010000000000000009,6.275,0,4,200
421,78368,141.12500101979822,0.030000000000000027,5.355,0,8,200
422,78640,136.63000079151243,0.020000000000000018,5.94,0,12,200
423,78792,146.69500069320202,0.010000000000000009,5.535,0,5,200
424,78896,138.01666709780693,0.025000000000000022,6.04,0,7,200
425,79312,141.37666637077928,0.0,6.16,0,7,200
426,79408,148.74166733026505,0.015000000000000013,5.335,0,2,200
427,79800,144.2416665777564,0.0050000000000000044,5.875,0,7,200
428,79952,135.07000004407018,0.020000000000000018,6.3,0,10,200
429,79968,147.24500097334385,0.010000000000000009,5.385,0,5,200
430,80240,139.2999999821186,0.0050000000000000044,6.39,0,7,200
431,80392,139.82666685339063,0.015000000000000013,6.04,0,7,200
432,80496,137.726665712893,0.015000000000000013,6.16,0,8,200
433,80912,148.12500125169754,0.0,5.595,0,4,200
434,81008,141.5699998512864,0.0050000000000000044,5.94,0,8,200
435,81400,131.42999903857708,0.040000000000000036,6.39,0,7,200
436,81552,140.31999992579222,0.0050000000000000044,6.21,0,8,200
437,81568,152.0383327230811,0.015000000000000013,4.865,0,2,200
438,81840,140.1283334195614,0.0050000000000000044,6.155,0,8,200
439,81992,145.45333405956626,0.010000000000000009,5.66,0,5,200
440,82096,143.80333396792412,0.010000000000000009,5.78,0,5,200
441,82512,140.99500019848347,0.03500000000000003,5.565,0,5,200
442,82608,141.8766673207283,0.03500000000000003,5.17,0,9,200
443,83000,142.86000048276037,0.0,5.76,0,11,200
444,83152,147.10499921441078,0.0,5.895,0,3,200
445,83168,139.91666661202908,0.03500000000000003,5.83,0,3,200
446,83440,137.0883338600397,0.025000000000000022,6.185,0,5,200
447,83592,139.33500038087368,0.030000000000000027,5.775,0,7,200
448,83696,143.3799999654293,0.010000000000000009,5.88,0,6,200
449,84112,147.81499981880188,0.03500000000000003,4.905,0,4,200
450,84208,143.27666636928916,0.010000000000000009,5.65,0,7,200
451,84600,149.5700007379055,0.010000000000000009,5.46,0,1,200
452,84752,142.4033326804638,0.0050000000000000044,6.02,0,6,200
453,84768,141.60333237797022,0.025000000000000022,5.72,0,5,200
454,85040,146.53666700422764,0.015000000000000013,5.47,0,4,200
455,85192,137.90666702389717,0.04500000000000004,5.74,0,5,200
456,85296,140.9400008842349,0.0050000000000000044,6.39,0,4,200
457,85712,138.88499982655048,0.040000000000000036,5.865,0,3,200
458,85808,148.2799992673099,0.020000000000000018,5.04,0,6,200
459,86200,147.07333335280418,0.010000000000000009,5.63,0,4,200
460,86352,140.45000012218952,0.050000000000000044,5.49,0,2,200
461,86368,151.1733331894502,0.0050000000000000044,5.03,0,5,200
462,86640,148.35500004515052,0.0050000000000000044,5.535,0,3,200
463,86792,143.19833301007748,0.025000000000000022,5.435,0,6,200
464,86896,143.87999893724918,0.0050000000000000044,6.18,0,1,200
465,87312,136.4300004541874,0.015000000000000013,6.45,0,6,200
466,87408,148.6550005376339,0.0050000000000000044,5.295,0,6,200
467,87800,134.98166630789638,0.040000000000000036,5.995,0,8,200
468,87952,146.88500030338764,0.0050000000000000044,5.715,0,3,200
469,87968,133.13000026345253,0.05500000000000005,5.94,0,8,200
470,88240,142.03666710853577,0.03500000000000003,5.44,0,7,200
471,88392,143.26999980211258,0.020000000000000018,5.67,0,6,200
472,88496,150.72333498299122,0.010000000000000009,5.3,0,2,200
473,88912,154.23666815459728,0.0050000000000000044,5.14,0,0,200
474,89008,148.42500250041485,0.015000000000000013,5.385,0,1,200
475,89400,137.94333313405514,0.020000000000000018,6.35,0,3,200
476,89552,142.8450008034706,0.03500000000000003,5.445,0,4,200
477,89568,140.96166618168354,0.06000000000000005,5.125,0,4,200
478,89840,146.0583339035511,0.020000000000000018,5.075,0,8,200
479,89992,148.56833435595036,0.020000000000000018,4.955,0,7,200
480,90096,146.98999989777803,0.0,5.46,0,10,200
481,90512,147.82166663836688,0.015000000000000013,5.125,0,6,200
482,90608,140.68666650354862,0.03500000000000003,5.5,0,7,200
483,91000,144.1133344322443,0.0,5.75,0,9,200
484,91152,148.9283336699009,0.0,5.735,0,2,200
485,91168,126.6616665571928,0.07499999999999996,6.055,0,10,200
486,91440,147.22833433747292,0.015000000000000013,5.555,0,2,200
487,91592,142.13833363354206,0.040000000000000036,5.435,0,3,200
488,91696,141.9683332964778,0.030000000000000027,5.675,0,3,200
489,92112,137.45666775107384,0.05500000000000005,5.65,0,4,200
490,92208,141.22166618704796,0.025000000000000022,5.935,0,4,200
491,92600,142.89833346009254,0.04500000000000004,5.075,0,7,200
492,92752,139.59666722267866,0.030000000000000027,5.92,0,3,200
493,92768,152.63500101864338,0.0,5.115,0,5,200
494,93040,136.00833259522915,0.025000000000000022,6.365,0,8,200
495,93192,146.3350003277883,0.010000000000000009,5.595,0,3,200
496,93296,135.1716659143567,0.030000000000000027,6.355,0,5,200
497,93712,154.27166555821896,0.0,5.065,0,3,200
498,93808,143.3966672345996,0.015000000000000013,5.98,0,2,200
499,94200,142.33499962091446,0.020000000000000018,5.805,0,6,200
500,94352,142.76999992132187,0.020000000000000018,5.82,0,5,200
501,94368,151.74166721105576,0.0050000000000000044,5.125,0,3,200
502,94640,143.56999872624874,0.020000000000000018,5.4,0,9,200
503,94792,145.7399992197752,0.0,6.09,0,3,200
504,94896,140.75333282351494,0.010000000000000009,6.32,0,4,200
505,95312,152.31166709959507,0.0050000000000000044,5.215,0,2,200
506,95408,133.26500118523836,0.06999999999999995,5.835,0,2,200
507,95800,144.11000075936317,0.030000000000000027,5.61,0,2,200
508,95952,139.6383332014084,0.025000000000000022,5.915,0,5,200
509,95968,143.02000059187412,0.015000000000000013,6.06,0,1,200
510,96240,151.96500146389008,0.0,5.235,0,4,200
511,96392,149.97499904036522,0.010000000000000009,5.265,0,3,200
512,96496,136.0683330744505,0.030000000000000027,6.245,0,6,200
513,96912,144.09166614711285,0.015000000000000013,5.665,0,6,200
514,97008,146.16666734218597,0.0050000000000000044,5.53,0,8,200
515,97400,145.37666637450457,0.0,5.98,0,5,200
516,97552,152.49000154435635,0.020000000000000018,4.98,0,0,200
517,97568,149.25833481550217,0.015000000000000013,5.315,0,1,200
518,97840,150.12666779756546,0.0050000000000000044,5.38,0,4,200
519,97992,138.0133326947689,0.050000000000000044,5.87,0,2,200
520,98096,147.87000024318695,0.020000000000000018,5.16,0,4,200
521,98512,133.67999963462353,0.07499999999999996,5.25,0,10,200
522,98608,153.40666604042053,0.0,5.14,0,2,200
523,99000,146.1033337339759,0.025000000000000022,5.21,0,5,200
524,99152,140.57666704803705,0.015000000000000013,6.19,0,6,200
525,99168,148.5266663208604,0.010000000000000009,5.35,0,6,200
526,99440,134.87166717648506,0.04500000000000004,5.965,0,8,200
527,99592,139.39666725695133,0.03500000000000003,5.62,0,8,200
528,99696,149.18333309143782,0.015000000000000013,5.18,0,5,200
529,100112,143.56333378702402,0.015000000000000013,5.81,0,4,200
530,100208,146.78833323717117,0.010000000000000009,5.225,0,10,200
531,100600,147.12000100314617,0.015000000000000013,5.31,0,6,200
532,100752,149.22999991476536,0.015000000000000013,5.25,0,3,200
533,100768,150.30000104010105,0.010000000000000009,5.31,0,2,200
534,101040,137.47166656702757,0.030000000000000027,6.025,0,8,200
535,101192,152.20499974489212,0.010000000000000009,5.055,0,2,200
536,101296,146.5200009047985,0.030000000000000027,5.16,0,4,200
537,101712,146.50500002503395,0.040000000000000036,5.055,0,2,200
538,101808,138.64666686952114,0.030000000000000027,5.86,0,7,200
539,102200,147.41666592657566,0.0050000000000000044,5.8,0,2,200
540,102352,141.7950012087822,0.010000000000000009,6.045,0,6,200
541,102368,150.8966656923294,0.010000000000000009,5.2,0,3,200
542,102640,145.5100010484457,0.015000000000000013,5.61,0,4,200
543,102792,148.99499966204166,0.030000000000000027,4.905,0,4,200
544,102896,136.98666539788246,0.015000000000000013,6.46,0,7,200
545,103040,100.47666738927364,0.01807228915662651,5.433734939759036,1,6,166
546,103408,154.05333460867405,0.0,5.0,0,4,200
547,103800,139.66499948501587,0.025000000000000022,6.135,0,2,200
548,103952,150.29833301901817,0.010000000000000009,5.375,0,2,200
549,103968,144.12333270907402,0.020000000000000018,5.78,0,2,200
550,104240,146.408333837986,0.020000000000000018,5.525,0,2,200
551,104392,139.5333337560296,0.030000000000000027,5.75,0,7,200
552,104496,143.9566665738821,0.04500000000000004,4.9,0,6,200
553,104640,142.21833395957947,0.015000000000000013,6.155,0,3,200
554,105008,146.86333426833153,0.020000000000000018,5.33,0,5,200
555,105400,149.9800013154745,0.0050000000000000044,5.46,0,2,200
556,105552,137.93166670948267,0.020000000000000018,6.115,0,9,200
557,105568,143.64333418011665,0.025000000000000022,5.66,0,3,200
558,105840,148.64666587114334,0.0,5.59,0,6,200
559,105992,140.54166801273823,0.020000000000000018,6.145,0,3,200
560,106096,143.33333288133144,0.020000000000000018,5.72,0,4,200
561,106240,150.0983344912529,0.0050000000000000044,5.495,0,2,200
562,106608,143.84833317250013,0.025000000000000022,5.645,0,4,200
563,107000,144.78833371400833,0.0,6.155,0,4,200
564,107152,148.99000149965286,0.015000000000000013,5.19,0,6,200
565,107168,142.58000050485134,0.030000000000000027,5.22,0,11,200
566,107440,143.4716662466526,0.0050000000000000044,6.115,0,4,200
567,107592,139.86833345144987,0.015000000000000013,6.035,0,7,200
568,107696,152.05500112473965,0.0,5.295,0,2,200
569,107840,145.14000071585178,0.020000000000000018,5.76,0,1,200
570,108208,140.3433326035738,0.015000000000000013,6.05,0,8,200
571,108600,146.92000196874142,0.020000000000000018,5.46,0,2,200
572,108752,143.33500127494335,0.010000000000000009,5.625,0,10,200
573,108768,143.25166650116444,0.020000000000000018,5.755,0,3,200
574,109040,142.57833367586136,0.025000000000000022,5.765,0,3,200
575,109192,147.70166709274054,0.0,5.785,0,3,200
576,109296,149.79166799783707,0.020000000000000018,5.035,0,4,200
577,109440,138.81666591763496,0.030000000000000027,6.1,0,4,200
578,109808,140.7383338212967,0.030000000000000027,5.585,0,9,200
579,110200,147.9999996125698,0.0050000000000000044,5.52,0,4,200
580,110352,148.2866674363613,0.020000000000000018,5.11,0,5,200
581,110368,138.9899996072054,0.025000000000000022,5.91,0,8,200
582,110640,144.73833344876766,0.015000000000000013,5.645,0,5,200
583,110792,143.43333369493484,0.015000000000000013,5.57,0,9,200
584,110896,139.15999907255173,0.030000000000000027,6.06,0,1,200
585,111040,137.76833364367485,0.03500000000000003,5.735,0,10,200
586,111408,150.3716661632061,0.0050000000000000044,5.545,0,0,200
587,111800,146.8600002443418,0.010000000000000009,5.49,0,5,200
588,111952,150.16666868329048,0.015000000000000013,5.35,0,2,200
589,111968,148.35499934852123,0.015000000000000013,5.265,0,4,200
590,112240,141.08333325386047,0.025000000000000022,5.96,0,4,200
591,112392,152.13666830956936,0.015000000000000013,5.05,0,1,200
592,112496,148.11333349347115,0.020000000000000018,5.36,0,2,200
593,112640,144.61500066518784,0.015000000000000013,5.625,0,5,200
594,113008,146.75499966740608,0.025000000000000022,5.295,0,3,200
595,113400,149.4266675412655,0.0,5.68,0,2,200
596,113552,140.39333388209343,0.025000000000000022,5.87,0,7,200
597,113568,147.64499899744987,0.0050000000000000044,5.715,0,4,200
598,113840,143.38333363831043,0.010000000000000009,5.93,0,5,200
599,113992,140.88833348453045,0.03500000000000003,5.645,0,5,200
600,114096,152.80333377420902,0.010000000000000009,4.82,0,4,200
601,114240,151.28500136733055,0.015000000000000013,5.145,0,1,200
602,114608,144.4299997612834,0.025000000000000022,5.52,0,4,200
603,115000,149.5449990928173,0.0050000000000000044,5.145,0,8,200
604,115152,148.33833292126656,0.010000000000000009,5.555,0,2,200
605,115168,151.603333234787,0.0,5.18,0,6,200
606,115440,142.35333389043808,0.020000000000000018,5.84,0,5,200
607,115592,154.5633351802826,0.0050000000000000044,4.91,0,3,200
608,115696,144.74666647613049,0.015000000000000013,5.77,0,3,200
609,115840,148.21000008285046,0.010000000000000009,5.55,0,3,200
610,116208,145.07166673243046,0.010000000000000009,5.785,0,5,200
611,116600,146.89833371341228,0.0050000000000000044,5.645,0,6,200
612,116752,149.07999993860722,0.03500000000000003,4.77,0,3,200
613,116768,138.6149996072054,0.040000000000000036,5.715,0,5,200
614,117040,144.09833244979382,0.015000000000000013,5.525,0,8,200
615,117192,142.36499945819378,0.03500000000000003,5.445,0,5,200
616,117296,149.35166831314564,0.010000000000000009,5.155,0,7,200
617,117440,151.74666641652584,0.010000000000000009,5.08,0,3,200
618,117808,147.01000072062016,0.015000000000000013,5.61,0,2,200
619,118200,154.01000060141087,0.010000000000000009,4.83,0,3,200
620,118352,150.5650009214878,0.010000000000000009,5.145,0,5,200
621,118368,140.37333273887634,0.015000000000000013,6.2,0,5,200
622,118640,154.52166783809662,0.0050000000000000044,5.005,0,1,200
623,118792,143.9166665673256,0.010000000000000009,6.07,0,2,200
624,118896,147.2483342140913,0.010000000000000009,5.765,0,0,200
625,119040,153.49833439290524,0.0,4.895,0,7,200
626,119408,137.97000116854906,0.025000000000000022,6.12,0,6,200
627,119800,144.32833241671324,0.010000000000000009,5.915,0,3,200
628,119952,147.780000269413,0.015000000000000013,5.25,0,5,200
629,119968,145.34333472698927,0.010000000000000009,5.72,0,5,200
630,120240,140.07000142335892,0.040000000000000036,5.31,0,10,200
631,120392,147.20166832208633,0.020000000000000018,5.455,0,3,200
632,120496,148.32166597247124,0.0050000000000000044,5.485,0,4,200
633,120640,143.49166776239872,0.025000000000000022,5.515,0,7,200
634,121008,147.62000016868114,0.010000000000000009,5.4,0,6,200
635,121400,149.12833411991596,0.020000000000000018,5.105,0,5,200
636,121552,152.27499829232693,0.0050000000000000044,5.115,0,4,200
637,121568,154.54000036418438,0.0,4.98,0,3,200
638,121840,146.18333284556866,0.010000000000000009,5.72,0,3,200
639,121992,151.56666710972786,0.0,5.2,0,6,200
640,122096,144.9100000858307,0.025000000000000022,5.28,0,4,200
641,122240,142.23166811466217,0.015000000000000013,6.025,0,4,200
642,122608,149.9733328819275,0.015000000000000013,5.27,0,2,200
643,123000,143.4050001949072,0.020000000000000018,5.655,0,6,200
644,123152,154.50833356380463,0.0,5.165,0,2,200
645,123168,148.66000099480152,0.0,5.55,0,5,200
646,123440,151.65666782855988,0.0050000000000000044,5.2,0,3,200
647,123592,148.97333316504955,0.0,5.57,0,3,200
648,123696,145.26333331968635,0.020000000000000018,5.24,0,9,200
649,123840,149.95500119775534,0.0,5.325,0,6,200
650,124208,146.5433335751295,0.015000000000000013,5.27,0,6,200
651,124600,139.84333373233676,0.020000000000000018,5.99,0,7,200
652,124752,149.72666764259338,0.020000000000000018,4.96,0,3,200
653,124768,141.31333465874195,0.025000000000000022,5.96,0,2,200
654,125040,146.9033340215683,0.0050000000000000044,5.66,0,5,200
655,125192,150.09666623175144,0.015000000000000013,5.02,0,6,200
656,125296,153.07333301380277,0.0050000000000000044,5.03,0,4,200
657,125440,142.82333274185658,0.030000000000000027,5.66,0,4,200
658,125808,144.3750001490116,0.010000000000000009,5.805,0,6,200
659,126200,150.7466678917408,0.010000000000000009,5.23,0,3,200
660,126352,149.8666674112901,0.015000000000000013,5.17,0,3,200
661,126368,150.3716674298048,0.010000000000000009,5.155,0,5,200
662,126640,149.70166709274054,0.020000000000000018,5.065,0,4,200
663,126792,147.05166758596897,0.025000000000000022,5.335,0,3,200
664,126896,148.29333370923996,0.0050000000000000044,5.54,0,3,200
665,127040,140.40666660666466,0.040000000000000036,5.5,0,6,200
666,127408,139.0766674131155,0.030000000000000027,5.68,0,8,200
667,127800,146.29666827619076,0.020000000000000018,5.29,0,5,200
668,127952,148.01500057335943,0.015000000000000013,5.295,0,4,200
669,127968,136.83499890565872,0.040000000000000036,5.895,0,5,200
670,128240,142.2516668215394,0.015000000000000013,5.935,0,4,200
671,128392,142.1916669756174,0.020000000000000018,5.785,0,6,200
672,128496,153.85166668891907,0.0,5.245,0,1,200
673,128640,148.37333466112614,0.0,5.27,0,10,200
674,129008,157.1599987745285,0.0,4.89,0,1,200
675,129400,141.60833347216249,0.025000000000000022,5.735,0,6,200
676,129552,145.81499953567982,0.020000000000000018,5.445,0,5,200
677,129568,151.31999942660332,0.010000000000000009,5.1,0,3,200
678,129840,142.2283334583044,0.025000000000000022,5.405,0,11,200
679,129992,155.13166803121567,0.0,4.945,0,2,200
680,130096,157.17333328723907,0.0,4.76,0,1,200
681,130240,144.10333321616054,0.025000000000000022,5.36,0,6,200
682,130608,133.8049998730421,0.06499999999999995,5.685,0,6,200
683,131000,143.23833421617746,0.020000000000000018,5.915,0,3,200
684,131152,143.68166635930538,0.025000000000000022,5.635,0,2,200
685,131168,138.3033341690898,0.040000000000000036,5.6,0,8,200
686,131440,146.29166565835476,0.0050000000000000044,5.725,0,5,200
687,131592,149.66499961912632,0.0,5.295,0,7,200
688,131696,147.989999063313,0.015000000000000013,5.31,0,4,200
689,131840,145.3016663864255,0.010000000000000009,5.665,0,5,200
690,132208,154.48499995470047,0.0,5.025,0,3,200
691,132600,152.33166646957397,0.0050000000000000044,5.095,0,3,200
692,132752,139.73666739463806,0.03500000000000003,5.62,0,7,200
693,132768,154.19166637957096,0.0050000000000000044,5.125,0,0,200
694,133040,145.53000158071518,0.030000000000000027,5.07,0,7,200
695,133192,140.48500004038215,0.025000000000000022,5.745,0,6,200
696,133296,145.6466658115387,0.010000000000000009,5.5,0,8,200
697,133440,155.42666645348072,0.010000000000000009,4.6,0,5,200
698,133808,153.01333332061768,0.0050000000000000044,5.03,0,3,200
699,134200,145.39999978244305,0.010000000000000009,5.52,0,8,200
700,134352,135.21333353221416,0.04500000000000004,6.05,0,4,200
701,134368,143.9499998614192,0.03500000000000003,5.4,0,3,200
702,134640,146.03333424031734,0.015000000000000013,5.45,0,6,200
703,134792,154.33833216130733,0.010000000000000009,4.805,0,3,200
704,134896,154.00333328545094,0.015000000000000013,4.67,0,3,200
705,135040,141.9450005888939,0.030000000000000027,5.865,0,2,200
706,135408,151.71666644513607,0.020000000000000018,4.96,0,2,200
707,135800,153.53333254158497,0.0,5.09,0,2,200
708,135952,148.0916662365198,0.010000000000000009,5.275,0,7,200
709,135968,144.63333320617676,0.020000000000000018,5.66,0,4,200
710,136240,146.4783333092928,0.0,5.615,0,9,200
711,136392,148.25833313912153,0.025000000000000022,5.045,0,5,200
712,136496,151.2016657590866,0.0,5.515,0,1,200
713,136640,142.81166699528694,0.025000000000000022,5.635,0,5,200
714,137008,144.22166698426008,0.025000000000000022,5.545,0,4,200
715,137400,146.49000035226345,0.015000000000000013,5.25,0,8,200
716,137552,151.31000074744225,0.015000000000000013,5.16,0,2,200
717,137568,136.25166695564985,0.030000000000000027,5.905,0,12,200
718,137840,141.59333351254463,0.025000000000000022,5.84,0,6,200
719,137992,147.55333488434553,0.0050000000000000044,5.63,0,5,200
720,138096,143.43000024557114,0.010000000000000009,5.82,0,7,200
721,138240,136.1633336469531,0.03500000000000003,5.93,0,9,200
722,138608,142.29499956965446,0.025000000000000022,5.175,0,13,200
723,139000,149.78999998420477,0.0050000000000000044,5.16,0,7,200
724,139152,146.6199986487627,0.015000000000000013,5.31,0,8,200
725,139168,142.53000059723854,0.010000000000000009,5.67,0,11,200
726,139440,146.89333400130272,0.010000000000000009,5.21,0,10,200
727,139592,154.81500014662743,0.0,4.965,0,3,200
728,139696,147.75666552037,0.020000000000000018,5.02,0,8,200
729,139840,148.6033330708742,0.020000000000000018,5.21,0,4,200
730,140208,143.94833301007748,0.015000000000000013,5.765,0,5,200
731,140384,46.579999551177025,0.0,4.953488372093023,1,2,86
732,140600,144.64500007033348,0.020000000000000018,5.685,0,3,200
733,140752,138.62333318591118,0.03500000000000003,5.75,0,7,200
734,140768,155.57166668772697,0.0,4.915,0,2,200
735,141040,150.46333369612694,0.020000000000000018,5.09,0,3,200
736,141192,146.1983332335949,0.0,5.555,0,9,200
737,141440,149.45166683197021,0.0050000000000000044,5.455,0,2,200
738,141808,147.1950000077486,0.03500000000000003,4.905,0,4,200
739,141984,147.53333316743374,0.010000000000000009,5.48,0,5,200
740,142200,146.9099996238947,0.020000000000000018,5.22,0,6,200
741,142352,148.06000086665154,0.0050000000000000044,5.46,0,6,200
742,142368,153.2450003027916,0.015000000000000013,4.785,0,3,200
743,142640,141.77666730433702,0.03500000000000003,5.56,0,6,200
744,142792,145.76666736602783,0.03500000000000003,5.29,0,2,200
745,143040,147.6583336815238,0.010000000000000009,5.465,0,4,200
746,143408,145.0883333235979,0.015000000000000013,5.645,0,5,200
747,143584,146.36166812479496,0.015000000000000013,5.485,0,5,200
748,143800,149.00333431363106,0.0050000000000000044,5.3,0,6,200
749,143952,152.83833369612694,0.0050000000000000044,5.195,0,2,200
750,143968,150.63166564702988,0.0,5.545,0,3,200
751,144240,151.49500013887882,0.015000000000000013,4.965,0,4,200
752,144392,147.60833463072777,0.0050000000000000044,5.435,0,7,200
753,144640,137.04666697978973,0.025000000000000022,5.95,0,10,200
754,145008,147.55166792869568,0.0050000000000000044,5.575,0,5,200
755,145184,153.0016667097807,0.0,5.245,0,2,200
756,145400,141.17333322763443,0.015000000000000013,5.78,0,9,200
757,145552,151.08166727423668,0.0,5.395,0,4,200
758,145568,145.39500120282173,0.010000000000000009,5.625,0,6,200
759,145840,147.83833311498165,0.015000000000000013,5.615,0,2,200
760,145992,153.2283334583044,0.0050000000000000044,5.075,0,3,200
761,146240,139.31166628655046,0.04500000000000004,5.635,0,4,200
762,146608,148.27166727930307,0.030000000000000027,5.155,0,2,200
763,146784,156.20333343744278,0.0,4.97,0,0,200
764,147000,152.8266667276621,0.0050000000000000044,5.05,0,3,200
765,147152,151.7516679763794,0.010000000000000009,5.095,0,3,200
766,147168,140.94166810810566,0.030000000000000027,5.695,0,5,200
767,147440,141.09666696190834,0.025000000000000022,5.71,0,8,200
768,147592,139.45500080939382,0.03500000000000003,5.445,0,9,200
769,147840,139.81499978899956,0.025000000000000022,5.775,0,8,200
770,148208,141.28333328664303,0.015000000000000013,5.81,0,7,200
771,148384,151.374998614192,0.015000000000000013,5.085,0,2,200
772,148600,146.668333850801,0.010000000000000009,5.435,0,7,200
773,148752,146.14166663587093,0.015000000000000013,5.665,0,2,200
774,148768,143.70333364605904,0.020000000000000018,5.57,0,6,200
775,149040,151.3199995458126,0.0050000000000000044,5.1,0,6,200
776,149192,148.32833498716354,0.0050000000000000044,5.345,0,7,200
777,149440,152.45499974489212,0.015000000000000013,4.875,0,3,200
778,149808,149.0433338135481,0.0,5.42,0,7,200
779,149984,144.30666702985764,0.015000000000000013,5.41,0,10,200
780,150200,139.95166773349047,0.050000000000000044,5.635,0,3,200
781,150352,147.43666690587997,0.0,5.65,0,5,200
782,150368,146.0216660350561,0.030000000000000027,5.185,0,6,200
783,150640,144.99833415448666,0.03500000000000003,5.135,0,4,200
784,150792,147.11666718125343,0.010000000000000009,5.56,0,5,200
785,151040,137.72666695713997,0.025000000000000022,5.89,0,11,200
786,151408,157.46499881148338,0.010000000000000009,4.635,0,1,200
787,151584,155.90500125288963,0.0050000000000000044,4.755,0,4,200
788,151800,149.25999975204468,0.010000000000000009,4.92,0,8,200
789,151952,151.42000003159046,0.0050000000000000044,5.25,0,3,200
790,151968,149.37166793644428,0.010000000000000009,5.245,0,5,200
791,152240,150.12999983131886,0.025000000000000022,4.83,0,5,200
792,152392,147.28666622936726,0.020000000000000018,5.14,0,6,200
793,152640,153.71999943256378,0.0,4.92,0,5,200
794,153008,145.49333257973194,0.010000000000000009,5.66,0,6,200
795,153184,154.2566665560007,0.010000000000000009,4.87,0,2,200
796,153400,144.75500032305717,0.015000000000000013,5.325,0,10,200
797,153552,141.50666643679142,0.030000000000000027,5.65,0,7,200
798,153568,142.52166691422462,0.025000000000000022,5.545,0,7,200
799,153840,153.1366668343544,0.0050000000000000044,5.08,0,2,200
800,153992,146.99499973654747,0.030000000000000027,5.115,0,5,200
801,154240,151.01499946415424,0.0050000000000000044,5.415,0,2,200
802,154608,145.46000050008297,0.0050000000000000044,5.85,0,6,200
803,154784,141.17500099539757,0.010000000000000009,6.105,0,6,200
804,155000,154.75166800618172,0.0050000000000000044,4.885,0,2,200
805,155152,143.60333395004272,0.030000000000000027,5.33,0,6,200
806,155168,140.49166689813137,0.04500000000000004,5.365,0,6,200
807,155440,143.17166709154844,0.030000000000000027,5.695,0,1,200
808,155592,145.53500087559223,0.020000000000000018,5.415,0,6,200
809,155840,137.12666514515877,0.05500000000000005,5.77,0,4,200
810,156208,140.3533345013857,0.03500000000000003,5.78,0,5,200
811,156384,153.01166631281376,0.010000000000000009,4.945,0,4,200
812,156600,143.28500102460384,0.040000000000000036,5.265,0,4,200
813,156752,149.54166714847088,0.015000000000000013,4.945,0,7,200
814,156768,142.68166606128216,0.03500000000000003,5.485,0,5,200
815,157040,147.23999974131584,0.020000000000000018,5.22,0,4,200
816,157192,150.02166832983494,0.0050000000000000044,5.245,0,6,200
817,157440,146.07666769623756,0.030000000000000027,5.2,0,4,200
818,157808,151.35166665911674,0.0050000000000000044,5.275,0,2,200
819,157984,145.08666606247425,0.025000000000000022,5.53,0,3,200
820,158200,150.34166757762432,0.025000000000000022,4.945,0,3,200
821,158352,146.87666536867619,0.03500000000000003,4.96,0,6,200
822,158368,146.90000082552433,0.030000000000000027,5.01,0,6,200
823,158640,143.2166660875082,0.020000000000000018,5.68,0,5,200
824,158792,142.6166675761342,0.03500000000000003,5.32,0,5,200
825,159040,139.99500039964914,0.015000000000000013,6.075,0,8,200
826,159408,150.5616667419672,0.015000000000000013,5.155,0,3,200
827,159584,143.36000067647547,0.020000000000000018,5.28,0,10,200
828,159800,147.12666653096676,0.0050000000000000044,5.56,0,7,200
829,159952,153.75666688382626,0.010000000000000009,5.02,0,1,200
830,159968,154.43666821718216,0.0,5.17,0,1,200
831,160240,143.76666615903378,0.025000000000000022,5.53,0,6,200
832,160392,157.56666576862335,0.010000000000000009,4.54,0,2,200
833,160640,151.7550006210804,0.010000000000000009,4.935,0,5,200
834,161008,138.36333352327347,0.025000000000000022,5.9,0,7,200
835,161184,134.77166764438152,0.06000000000000005,5.575,0,8,200
836,161400,140.4966668188572,0.030000000000000027,5.86,0,4,200
837,161552,148.24999964237213,0.020000000000000018,5.28,0,4,200
838,161568,142.8733342960477,0.020000000000000018,5.78,0,5,200
839,161840,153.26999935507774,0.010000000000000009,5.04,0,2,200
840,161992,150.64499923586845,0.0050000000000000044,5.445,0,2,200
841,162240,146.7699993699789,0.03500000000000003,5.07,0,4,200
842,162608,151.61499877274036,0.010000000000000009,4.995,0,6,200
843,162784,143.38999922573566,0.040000000000000036,5.37,0,4,200
844,163000,141.24000069499016,0.025000000000000022,5.55,0,9,200
845,163152,143.67833343148232,0.030000000000000027,5.675,0,3,200
846,163168,145.84500128030777,0.020000000000000018,5.355,0,7,200
847,163440,148.31000132858753,0.0050000000000000044,5.61,0,3,200
848,163592,150.41833382844925,0.010000000000000009,5.075,0,7,200
849,163840,146.4383332580328,0.030000000000000027,5.225,0,4,200
850,164208,148.60000032186508,0.015000000000000013,5.19,0,5,200
851,164384,148.23499977588654,0.015000000000000013,5.325,0,4,200
852,164600,150.58166724443436,0.015000000000000013,5.155,0,4,200
853,164752,145.5033336877823,0.025000000000000022,5.36,0,5,200
854,164768,153.04333321750164,0.0,5.42,0,1,200
855,165040,151.87000001966953,0.0050000000000000044,5.22,0,2,200
856,165192,143.526666238904,0.020000000000000018,5.56,0,5,200
857,165440,150.9583340138197,0.015000000000000013,5.075,0,4,200
858,165808,150.06333334743977,0.015000000000000013,5.09,0,5,200
859,165984,150.39333429932594,0.020000000000000018,5.15,0,1,200
860,166200,155.01333424448967,0.0050000000000000044,5.03,0,0,200
861,166352,145.46166670322418,0.030000000000000027,5.275,0,4,200
862,166368,144.69166596233845,0.03500000000000003,4.945,0,7,200
863,166640,143.2799994945526,0.020000000000000018,5.67,0,6,200
864,166792,146.78833250701427,0.025000000000000022,5.285,0,5,200
865,167040,153.84166602790356,0.015000000000000013,4.765,0,3,200
866,167408,156.67333333194256,0.015000000000000013,4.49,0,2,200
867,167584,154.14499992132187,0.0050000000000000044,4.935,0,3,200
868,167800,146.95666673779488,0.010000000000000009,5.53,0,6,200
869,167952,142.82666786760092,0.03500000000000003,5.47,0,4,200
870,167968,146.09000101685524,0.030000000000000027,5.43,0,3,200
871,168240,145.5799995660782,0.030000000000000027,5.19,0,6,200
872,168392,137.72833308577538,0.040000000000000036,5.675,0,9,200
873,168640,149.34166772663593,0.020000000000000018,5.215,0,2,200
874,169008,152.88999958336353,0.020000000000000018,4.71,0,3,200
875,169184,156.38166789710522,0.010000000000000009,4.735,0,2,200
876,169400,145.2400003671646,0.010000000000000009,5.82,0,4,200
877,169552,142.6149994879961,0.040000000000000036,5.265,0,5,200
878,169568,139.15833301842213,0.030000000000000027,5.855,0,7,200
879,169840,156.74999913573265,0.010000000000000009,4.71,0,1,200
880,169992,154.18499919772148,0.010000000000000009,5.085,0,0,200
881,170240,148.62500032782555,0.025000000000000022,5.115,0,3,200
882,170608,147.9266674593091,0.015000000000000013,5.29,0,6,200
883,170784,147.23000074923038,0.030000000000000027,5.22,0,1,200
884,171000,153.2016677558422,0.020000000000000018,4.825,0,2,200
885,171152,143.75666612386703,0.040000000000000036,5.38,0,2,200
886,171168,158.18166649341583,0.0,4.795,0,0,200
887,171440,151.2183334827423,0.025000000000000022,4.745,0,4,200
888,171592,154.49499920010567,0.020000000000000018,4.575,0,3,200
889,171840,146.98166800662875,0.015000000000000013,5.455,0,4,200
890,172208,147.34499970078468,0.030000000000000027,5.235,0,2,200
891,172384,156.84833382070065,0.0,4.895,0,2,200
892,172600,151.6250007301569,0.0050000000000000044,4.995,0,6,200
893,172752,149.36500044167042,0.030000000000000027,4.935,0,3,200
894,172768,145.73999986052513,0.030000000000000027,5.4,0,2,200
895,173040,147.79500031471252,0.025000000000000022,5.175,0,4,200
896,173192,156.4616652727127,0.0050000000000000044,4.825,0,1,200
897,173440,156.02833358943462,0.0050000000000000044,4.745,0,3,200
898,173808,146.06000052392483,0.020000000000000018,5.52,0,3,200
899,173984,150.2983323186636,0.015000000000000013,5.105,0,4,200
900,174200,143.98333276808262,0.020000000000000018,5.42,0,7,200
901,174352,150.90833312273026,0.0,5.135,0,6,200
902,174368,147.76666596531868,0.015000000000000013,5.47,0,3,200
903,174640,147.74166817963123,0.030000000000000027,5.155,0,3,200
904,174792,148.68666611611843,0.0050000000000000044,5.65,0,2,200
905,175040,148.14666852355003,0.025000000000000022,5.17,0,2,200
906,175408,149.66333323717117,0.010000000000000009,5.48,0,2,200
907,175584,153.87499983608723,0.0050000000000000044,5.145,0,1,200
908,175800,146.78000104427338,0.020000000000000018,5.55,0,2,200
909,175952,142.63166688382626,0.05500000000000005,4.975,0,4,200
910,175968,151.83333387970924,0.010000000000000009,5.03,0,1,200
911,176240,148.0483340471983,0.0050000000000000044,5.615,0,4,200
912,176392,147.35166737437248,0.020000000000000018,5.365,0,3,200
913,176640,155.48333384096622,0.0050000000000000044,4.88,0,2,200
914,177008,149.64666636288166,0.015000000000000013,4.87,0,8,200
915,177184,154.01666666567326,0.010000000000000009,4.84,0,4,200
916,177400,154.38166499137878,0.0050000000000000044,4.885,0,4,200
917,177552,145.53499990701675,0.015000000000000013,5.535,0,7,200
918,177568,147.50666598137468,0.015000000000000013,5.47,0,3,200
919,177840,150.5666657537222,0.025000000000000022,4.96,0,1,200
920,177992,147.11333373188972,0.015000000000000013,5.36,0,5,200
921,178240,151.1100009083748,0.010000000000000009,5.22,0,1,200
922,178608,156.6033353060484,0.010000000000000009,4.85,0,0,200
923,178784,145.74333362281322,0.015000000000000013,5.54,0,5,200
924,179000,145.9166664928198,0.030000000000000027,5.17,0,5,200
925,179152,150.82333326339722,0.015000000000000013,4.97,0,5,200
926,179168,153.37166683375835,0.010000000000000009,4.945,0,3,200
927,179440,152.73000049591064,0.0,5.04,0,5,200
928,179592,143.14666616916656,0.03500000000000003,5.35,0,6,200
929,179840,152.49333448708057,0.0,5.42,0,2,200
930,180208,140.3600013256073,0.040000000000000036,5.49,0,4,200
931,180384,144.31500183045864,0.030000000000000027,5.355,0,6,200
932,180600,150.3083342164755,0.020000000000000018,5.105,0,4,200
933,180752,153.20833364129066,0.010000000000000009,4.955,0,3,200
934,180768,146.6916661709547,0.030000000000000027,5.155,0,4,200
935,181040,147.3300001770258,0.03500000000000003,4.92,0,4,200
936,181192,143.0800001397729,0.03500000000000003,5.34,0,6,200
937,181440,143.44666627049446,0.03500000000000003,5.26,0,7,200
938,181808,148.84833380579948,0.03500000000000003,4.745,0,5,200
939,181984,143.58500038087368,0.025000000000000022,5.655,0,4,200
940,182200,147.62333263456821,0.010000000000000009,5.45,0,4,200
941,182352,142.53833279013634,0.025000000000000022,5.675,0,4,200
942,182368,136.4116665944457,0.06000000000000005,5.305,0,8,200
943,182640,152.59333205223083,0.010000000000000009,5.0,0,2,200
944,182792,151.49833235144615,0.015000000000000013,4.925,0,3,200
945,183040,152.9249993339181,0.015000000000000013,4.755,0,4,200
946,183408,154.8566671460867,0.010000000000000009,4.57,0,5,200
947,183584,154.06999944150448,0.0,5.22,0,1,200
948,183800,146.62833458185196,0.030000000000000027,5.105,0,4,200
949,183952,155.43166634440422,0.0,4.945,0,2,200
950,183968,146.28499969094992,0.040000000000000036,5.055,0,2,200
951,184240,146.13000078499317,0.020000000000000018,5.28,0,6,200
952,184392,146.1666663363576,0.010000000000000009,5.56,0,6,200
953,184640,144.8316679149866,0.020000000000000018,5.665,0,2,200
954,185008,148.51166680455208,0.0050000000000000044,5.365,0,7,200
955,185184,154.37999933958054,0.010000000000000009,4.83,0,1,200
956,185400,152.6516668200493,0.0050000000000000044,4.975,0,5,200
957,185552,155.91833351552486,0.010000000000000009,4.595,0,3,200
958,185568,150.90499994158745,0.010000000000000009,4.785,0,11,200
959,185840,156.9916666895151,0.0050000000000000044,4.735,0,1,200
960,185992,146.58333407342434,0.050000000000000044,4.79,0,4,200
961,186240,154.91333270072937,0.015000000000000013,4.67,0,3,200
962,186608,156.28333190083504,0.015000000000000013,4.55,0,2,200
963,186784,147.52666671574116,0.010000000000000009,5.59,0,2,200
964,187000,147.6166661977768,0.015000000000000013,5.26,0,6,200
965,187152,150.22166569530964,0.025000000000000022,4.765,0,6,200
966,187168,151.14999888837337,0.020000000000000018,4.89,0,3,200
967,187440,136.08000031858683,0.04500000000000004,5.91,0,7,200
968,187592,154.07666696608067,0.0050000000000000044,5.08,0,2,200
969,187840,147.3216658681631,0.015000000000000013,5.215,0,9,200
970,188208,152.75833322107792,0.010000000000000009,4.895,0,4,200
971,188384,145.18166609108448,0.03500000000000003,5.215,0,4,200
972,188600,143.71666626632214,0.030000000000000027,5.47,0,5,200
973,188752,143.75999973714352,0.030000000000000027,5.52,0,4,200
974,188768,145.87000054121017,0.025000000000000022,5.16,0,7,200
975,189040,143.74166637659073,0.025000000000000022,5.575,0,5,200
976,189192,151.61833380162716,0.020000000000000018,4.805,0,3,200
977,189440,143.22499944269657,0.030000000000000027,5.295,0,9,200
978,189808,133.74166651070118,0.06999999999999995,5.575,0,7,200
979,189984,149.61166545003653,0.020000000000000018,5.035,0,4,200
980,190200,149.51833290606737,0.0050000000000000044,5.495,0,4,200
981,190352,140.9316677302122,0.03500000000000003,5.395,0,9,200
982,190368,155.72000005096197,0.0050000000000000044,4.95,0,1,200
983,190640,147.7849998474121,0.010000000000000009,5.445,0,4,200
984,190792,150.1349996328354,0.015000000000000013,5.055,0,3,200
985,191040,154.47500048577785,0.025000000000000022,4.455,0,4,200
986,191408,149.6199994981289,0.020000000000000018,4.95,0,5,200
987,191584,149.25833405554295,0.015000000000000013,5.135,0,4,200
988,191800,144.1166670769453,0.040000000000000036,5.47,0,1,200
989,191952,140.16499926149845,0.050000000000000044,5.325,0,5,200
990,191968,144.0066659450531,0.030000000000000027,5.53,0,3,200
991,192240,147.90666472911835,0.015000000000000013,5.23,0,6,200
992,192392,148.03666619956493,0.030000000000000027,4.96,0,4,200
993,192640,154.86999906599522,0.010000000000000009,4.74,0,3,200
994,193008,149.6033329665661,0.020000000000000018,5.15,0,3,200
995,193184,145.4866677224636,0.040000000000000036,5.2,0,3,200
996,193400,137.38833298534155,0.050000000000000044,5.585,0,6,200
997,193552,153.4683319926262,0.020000000000000018,4.745,0,3,200
998,193568,151.02666621655226,0.025000000000000022,4.57,0,6,200
999,193840,153.69333294034004,0.025000000000000022,4.67,0,1,200
1000,193992,150.16166564822197,0.03500000000000003,4.795,0,0,200
1001,194240,149.67333246394992,0.025000000000000022,4.82,0,5,200
1002,194608,155.08499869704247,0.025000000000000022,4.665,0,0,200
1003,194784,156.82500020321459,0.010000000000000009,4.395,0,5,200
1004,195000,156.67166672647,0.0,4.915,0,1,200
1005,195152,157.25666715204716,0.0,4.57,0,5,200
1006,195168,138.7799993865192,0.030000000000000027,5.94,0,5,200
1007,195440,149.65166567265987,0.025000000000000022,4.765,0,7,200
1008,195592,150.46666699647903,0.020000000000000018,5.05,0,2,200
1009,195840,137.80000015255064,0.050000000000000044,5.4,0,8,200
1010,196208,146.89666613936424,0.040000000000000036,4.96,0,2,200
1011,196384,153.78833263274282,0.010000000000000009,4.835,0,3,200
1012,196600,145.48666574060917,0.025000000000000022,5.32,0,7,200
1013,196752,148.61500066518784,0.030000000000000027,4.875,0,5,200
1014,196768,156.21333327889442,0.015000000000000013,4.64,0,1,200
1015,197040,149.63000051677227,0.020000000000000018,5.04,0,4,200
1016,197192,141.69500048458576,0.020000000000000018,5.745,0,8,200
1017,197440,139.23833227157593,0.03500000000000003,5.765,0,7,200
1018,197808,154.22833393514156,0.0050000000000000044,4.805,0,5,200
1019,197984,149.12333466112614,0.0050000000000000044,5.39,0,4,200
1020,198200,145.17000137269497,0.020000000000000018,5.46,0,6,200
1021,198352,143.41833372414112,0.040000000000000036,4.985,0,8,200
1022,198368,147.4549985677004,0.040000000000000036,4.875,0,2,200
1023,198640,138.14166803658009,0.05500000000000005,5.485,0,4,200
1024,198792,148.87666708230972,0.025000000000000022,5.08,0,3,200
1025,199040,153.53166645765305,0.0050000000000000044,4.945,0,4,200
1026,199408,144.61499996483326,0.020000000000000018,5.625,0,5,200
1027,199584,140.26166681945324,0.050000000000000044,5.365,0,4,200
1028,199800,155.0749999433756,0.010000000000000009,4.905,0,1,200
1029,199952,137.53666620701551,0.04500000000000004,5.74,0,7,200
1030,199968,153.84499901533127,0.015000000000000013,4.755,0,3,200
1031,200240,135.18666652217507,0.050000000000000044,5.56,0,11,200
1032,200392,142.78833450376987,0.025000000000000022,5.465,0,7,200
1033,200640,145.07333393394947,0.030000000000000027,5.39,0,3,200
1034,201008,153.6649988591671,0.010000000000000009,4.665,0,5,200
1035,201184,150.2049998641014,0.010000000000000009,5.085,0,5,200
1036,201400,154.35499967634678,0.0050000000000000044,4.845,0,4,200
1037,201552,155.12666711211205,0.015000000000000013,4.66,0,2,200
1038,201568,153.07166768610477,0.020000000000000018,4.675,0,2,200
1039,201840,154.58833201229572,0.0050000000000000044,5.045,0,1,200
1040,201992,149.37333308160305,0.025000000000000022,4.91,0,3,200
1041,202240,143.01500107347965,0.040000000000000036,5.595,0,2,200
1042,202608,145.2416664659977,0.03500000000000003,5.095,0,6,200
1043,202784,148.2683330103755,0.020000000000000018,5.075,0,6,200
1044,203000,151.3083321005106,0.015000000000000013,5.015,0,3,200
1045,203152,150.69166688248515,0.0050000000000000044,4.975,0,7,200
1046,203168,139.28166687488556,0.05500000000000005,5.125,0,7,200
1047,203440,154.701666995883,0.020000000000000018,4.525,0,4,200
1048,203592,150.8383333981037,0.03500000000000003,4.835,0,0,200
1049,203840,143.84000005573034,0.030000000000000027,5.55,0,2,200
1050,204208,143.15833327174187,0.03500000000000003,5.465,0,3,200
1051,204384,156.19166699051857,0.0,4.855,0,1,200
1052,204600,153.43499918282032,0.015000000000000013,4.905,0,1,200
1053,204752,152.24166633188725,0.010000000000000009,5.125,0,0,200
1054,204768,157.04166693985462,0.010000000000000009,4.585,0,0,200
1055,205040,149.14000089466572,0.010000000000000009,5.4,0,2,200
1056,205192,154.1916665583849,0.0050000000000000044,4.945,0,2,200
1057,205440,143.28166709840298,0.030000000000000027,5.575,0,5,200
1058,205808,151.12666630744934,0.020000000000000018,5.05,0,1,200
1059,205984,153.039998665452,0.020000000000000018,4.83,0,0,200
1060,206200,152.72999945282936,0.010000000000000009,5.04,0,2,200
1061,206352,149.82999907713383,0.025000000000000022,4.77,0,4,200
1062,206368,152.11166668590158,0.025000000000000022,4.555,0,4,200
1063,206640,148.20833390951157,0.015000000000000013,5.045,0,8,200
1064,206792,148.4433332979679,0.030000000000000027,5.12,0,3,200
1065,207040,150.72333236038685,0.025000000000000022,4.64,0,5,200
1066,207408,150.2266660965979,0.025000000000000022,4.6,0,6,200
1067,207584,144.18166752159595,0.020000000000000018,5.575,0,5,200
1068,207800,148.161667406559,0.015000000000000013,5.335,0,2,200
1069,207952,150.95166774094105,0.010000000000000009,5.275,0,2,200
1070,207968,148.52833198010921,0.03500000000000003,4.985,0,2,200
1071,208240,151.9866665750742,0.020000000000000018,4.87,0,2,200
1072,208392,144.1400002539158,0.025000000000000022,5.31,0,6,200
1073,208640,154.3933320939541,0.020000000000000018,4.55,0,2,200
1074,209008,148.52333234995604,0.015000000000000013,5.48,0,1,200
1075,209184,153.7149991840124,0.010000000000000009,4.995,0,2,200
1076,209400,154.2999993264675,0.025000000000000022,4.53,0,2,200
1077,209552,149.54999919235706,0.010000000000000009,5.22,0,6,200
1078,209568,142.35166634619236,0.05500000000000005,5.035,0,5,200
1079,209840,153.34000028669834,0.010000000000000009,5.04,0,2,200
1080,209992,145.14666637778282,0.03500000000000003,5.23,0,5,200
1081,210240,151.86166590452194,0.025000000000000022,4.915,0,1,200
1082,210608,141.51000022143126,0.03500000000000003,5.73,0,4,200
1083,210784,147.48333382606506,0.015000000000000013,5.48,0,2,200
1084,211000,150.0999986678362,0.03500000000000003,4.62,0,4,200
1085,211152,138.43499924987555,0.04500000000000004,5.565,0,7,200
1086,211168,154.64166721701622,0.0050000000000000044,4.855,0,3,200
1087,211440,146.50999975204468,0.025000000000000022,5.07,0,6,200
1088,211592,147.79333360493183,0.015000000000000013,5.69,0,1,200
1089,211840,137.9066660553217,0.050000000000000044,5.86,0,1,200
1090,212208,149.07500049471855,0.015000000000000013,5.385,0,1,200
1091,212384,152.57833309471607,0.015000000000000013,4.925,0,3,200
1092,212600,157.03333181142807,0.0,4.91,0,0,200
1093,212752,143.3166662454605,0.04500000000000004,5.26,0,3,200
1094,212768,140.31166775524616,0.050000000000000044,5.455,0,3,200
1095,213040,147.5133329629898,0.030000000000000027,5.18,0,2,200
1096,213192,149.9699988514185,0.04500000000000004,4.38,0,3,200
1097,213440,142.9633336365223,0.03500000000000003,5.45,0,4,200
1098,213808,147.72499878704548,0.030000000000000027,4.965,0,4,200
1099,213984,159.68499971926212,0.0,4.395,0,2,200
1100,214200,148.08500078320503,0.015000000000000013,5.505,0,2,200
1101,214352,143.91166698932648,0.03500000000000003,5.425,0,2,200
1102,214368,146.22833462059498,0.025000000000000022,5.435,0,2,200
1103,214640,150.02000015974045,0.020000000000000018,5.13,0,2,200
1104,214792,152.64166741073132,0.025000000000000022,4.675,0,1,200
1105,215040,146.0750004351139,0.03500000000000003,5.175,0,2,200
1106,215408,153.89333203434944,0.0050000000000000044,5.0,0,3,200
1107,215584,158.82333144545555,0.020000000000000018,4.31,0,0,200
1108,215800,146.28666751086712,0.025000000000000022,5.53,0,1,200
1109,215952,146.69500015676022,0.04500000000000004,5.055,0,1,200
1110,215968,150.8049988746643,0.03500000000000003,4.635,0,2,200
1111,216240,153.89499905705452,0.015000000000000013,4.905,0,1,200
1112,216392,154.18666617572308,0.015000000000000013,4.81,0,2,200
1113,216640,134.36666701734066,0.06499999999999995,5.68,0,6,200
1114,217008,158.53500007092953,0.0050000000000000044,4.635,0,0,200
1115,217184,134.67166677117348,0.06499999999999995,5.695,0,4,200
1116,217400,154.0783343380317,0.010000000000000009,4.685,0,4,200
1117,217552,149.06833474338055,0.025000000000000022,5.165,0,1,200
1118,217568,153.13500003516674,0.025000000000000022,4.605,0,2,200
1119,217840,155.95999951660633,0.015000000000000013,4.68,0,0,200
1120,217992,155.47166694700718,0.010000000000000009,4.765,0,2,200
1121,218240,153.00499925017357,0.015000000000000013,4.845,0,3,200
1122,218608,134.81833381205797,0.06499999999999995,5.465,0,7,200
1123,218784,146.18333369493484,0.03500000000000003,5.36,0,0,200
1124,219000,147.5649999976158,0.015000000000000013,5.385,0,5,200
1125,219152,141.83166731894016,0.025000000000000022,5.605,0,7,200
1126,219168,147.68333327770233,0.010000000000000009,5.36,0,4,200
1127,219440,150.58166667819023,0.020000000000000018,4.915,0,4,200
1128,219592,153.45999957621098,0.020000000000000018,4.8,0,2,200
1129,219840,139.9933338277042,0.040000000000000036,5.33,0,10,200
1130,220208,151.01999907195568,0.0050000000000000044,5.37,0,1,200
1131,220384,145.03666818141937,0.04500000000000004,5.11,0,2,200
1132,220600,148.76666805148125,0.020000000000000018,5.26,0,2,200
1133,220752,144.00333514809608,0.030000000000000027,5.48,0,4,200
1134,220768,150.5150002539158,0.025000000000000022,4.845,0,3,200
1135,221040,148.12833426892757,0.020000000000000018,5.255,0,3,200
1136,221192,153.7533334195614,0.0050000000000000044,4.97,0,3,200
1137,221440,154.82833276502788,0.0,4.955,0,2,200
1138,221808,148.27999921143055,0.020000000000000018,5.25,0,3,200
1139,221984,146.93166488409042,0.025000000000000022,5.005,0,8,200
1140,222200,158.06333227455616,0.015000000000000013,4.46,0,0,200
1141,222352,151.24166701734066,0.0050000000000000044,5.245,0,4,200
1142,222368,148.5716669112444,0.025000000000000022,5.095,0,4,200
1143,222640,147.84500075876713,0.015000000000000013,5.505,0,3,200
1144,222792,144.74000050127506,0.020000000000000018,5.55,0,4,200
1145,223040,154.0350006967783,0.0050000000000000044,5.085,0,1,200
1146,223408,154.46833311021328,0.015000000000000013,4.685,0,2,200
1147,223584,155.4483335763216,0.0050000000000000044,4.715,0,3,200
1148,223800,143.3783329874277,0.04500000000000004,5.315,0,3,200
1149,223952,150.86833307147026,0.025000000000000022,4.895,0,2,200
1150,223968,143.21666660904884,0.020000000000000018,5.32,0,9,200
1151,224240,145.8666660785675,0.030000000000000027,5.17,0,4,200
1152,224392,155.31500010192394,0.010000000000000009,4.605,0,3,200
1153,224640,156.1116662621498,0.0,4.885,0,3,200
1154,225008,153.05833303928375,0.020000000000000018,4.835,0,0,200
1155,225184,140.59999960660934,0.04500000000000004,5.55,0,3,200
1156,225400,156.68333365023136,0.015000000000000013,4.64,0,1,200
1157,225552,152.7299998253584,0.010000000000000009,5.16,0,1,200
1158,225568,147.68166661262512,0.025000000000000022,5.215,0,4,200
1159,225840,156.1133332848549,0.010000000000000009,4.76,0,2,200
1160,225992,158.45333248376846,0.0050000000000000044,4.4,0,2,200
1161,226240,148.70499946177006,0.03500000000000003,4.785,0,3,200
1162,226608,150.13333302736282,0.040000000000000036,4.46,0,4,200
1163,226784,153.02666717767715,0.0050000000000000044,4.99,0,3,200
1164,227000,152.3133339881897,0.010000000000000009,4.88,0,4,200
1165,227152,153.65166603028774,0.020000000000000018,4.825,0,1,200
1166,227168,145.14166748523712,0.030000000000000027,5.425,0,2,200
1167,227440,146.47833402454853,0.03500000000000003,5.255,0,1,200
1168,227592,143.5899995714426,0.04500000000000004,5.04,0,6,200
1169,227840,139.4866665005684,0.050000000000000044,5.38,0,6,200
1170,228208,144.48500108718872,0.025000000000000022,5.505,0,3,200
1171,228384,141.81499966979027,0.06000000000000005,4.815,0,6,200
1172,228600,156.08999925851822,0.010000000000000009,4.65,0,0,200
1173,228752,142.04666746407747,0.03500000000000003,5.65,0,3,200
1174,228768,147.17666678130627,0.020000000000000018,5.56,0,1,200
1175,229040,154.69166705012321,0.015000000000000013,4.675,0,2,200
1176,229192,156.2766656279564,0.010000000000000009,4.69,0,0,200
1177,229440,151.45666632056236,0.025000000000000022,4.69,0,3,200
1178,229808,153.95666655898094,0.0050000000000000044,5.14,0,0,200
1179,229984,139.33166624605656,0.050000000000000044,5.515,0,4,200
1180,230200,148.05666735768318,0.015000000000000013,5.35,0,6,200
1181,230352,136.52166645228863,0.05500000000000005,5.485,0,8,200
1182,230368,154.77166564762592,0.020000000000000018,4.465,0,3,200
1183,230640,149.5533324033022,0.025000000000000022,5.21,0,1,200
1184,230792,141.6883341819048,0.040000000000000036,5.435,0,6,200
1185,231040,154.87666669487953,0.010000000000000009,4.99,0,1,200
1186,231408,156.29500052332878,0.0,4.785,0,4,200
1187,231584,139.58333359658718,0.050000000000000044,5.24,0,9,200
1188,231800,155.04833240807056,0.025000000000000022,4.445,0,3,200
1189,231952,156.77666530013084,0.0,4.9,0,1,200
1190,231968,142.90999922156334,0.015000000000000013,5.97,0,4,200
1191,232240,148.09333316981792,0.030000000000000027,5.03,0,4,200
1192,232392,152.99999889731407,0.015000000000000013,4.83,0,5,200
1193,232640,150.19666604697704,0.03500000000000003,4.78,0,2,200
1194,233008,152.80166678130627,0.010000000000000009,5.005,0,2,200
1195,233184,155.06333382427692,0.020000000000000018,4.58,0,1,200
1196,233400,152.62166585028172,0.010000000000000009,4.885,0,4,200
1197,233552,148.88666623830795,0.020000000000000018,5.44,0,0,200
1198,233568,148.2550008147955,0.015000000000000013,5.385,0,4,200
1199,233840,149.5266673564911,0.020000000000000018,5.14,0,2,200
1200,233992,150.63833355903625,0.025000000000000022,4.805,0,3,200
1201,234240,154.0866655111313,0.0,5.14,0,3,200
1202,234608,146.66000109072775,0.04500000000000004,4.92,0,3,200
1203,234784,152.42833270132542,0.010000000000000009,5.015,0,3,200
1204,235000,151.37333434820175,0.0050000000000000044,5.18,0,4,200
1205,235048,126.3533331155777,0.01621621621621616,4.367567567567567,1,0,185
1206,235152,157.33666542172432,0.010000000000000009,4.57,0,2,200
1207,235440,145.63666608929634,0.050000000000000044,4.72,0,6,200
1208,235592,155.0616666227579,0.010000000000000009,4.765,0,3,200
1209,235840,143.47000034153461,0.030000000000000027,5.55,0,5,200
1210,236208,153.5766674876213,0.015000000000000013,4.93,0,2,200
1211,236384,145.28833283483982,0.040000000000000036,5.195,0,3,200
1212,236600,139.89833280444145,0.040000000000000036,5.555,0,7,200
1213,236648,143.5783323943615,0.03500000000000003,5.555,0,1,200
1214,236752,151.2783332169056,0.015000000000000013,5.015,0,3,200
1215,237040,142.7883326113224,0.030000000000000027,5.435,0,6,200
1216,237192,157.04833261668682,0.0050000000000000044,4.805,0,1,200
1217,237440,150.42499899864197,0.020000000000000018,5.025,0,3,200
1218,237808,152.2249998897314,0.015000000000000013,4.995,0,2,200
1219,237984,144.87666714191437,0.030000000000000027,5.2,0,8,200
1220,238200,146.1333343302831,0.025000000000000022,5.27,0,5,200
1221,238248,156.97999908030033,0.015000000000000013,4.44,0,1,200
1222,238352,146.99000126123428,0.030000000000000027,5.4,0,1,200
1223,238640,150.36500070989132,0.030000000000000027,4.905,0,2,200
1224,238792,147.57166793942451,0.015000000000000013,5.485,0,3,200
1225,239040,144.40499936789274,0.025000000000000022,5.355,0,6,200
1226,239408,150.0550011061132,0.030000000000000027,4.905,0,1,200
1227,239584,143.41500033065677,0.03500000000000003,5.235,0,6,200
1228,239800,145.8966664224863,0.030000000000000027,5.32,0,2,200
1229,239848,146.91999988257885,0.020000000000000018,5.4,0,3,200
1230,239952,152.6550007276237,0.015000000000000013,4.935,0,3,200
1231,240240,147.1433321237564,0.025000000000000022,5.12,0,6,200
1232,240392,152.55166620016098,0.015000000000000013,4.945,0,2,200
1233,240640,152.37499828636646,0.025000000000000022,4.755,0,2,200
1234,241008,147.58666690438986,0.030000000000000027,5.26,0,2,200
1235,241184,144.85999981313944,0.03500000000000003,5.37,0,3,200
1236,241400,148.82500000298023,0.04500000000000004,4.665,0,1,200
1237,241448,149.06333421170712,0.015000000000000013,5.33,0,3,200
1238,241552,144.97999942302704,0.040000000000000036,5.28,0,2,200
1239,241840,157.51499997079372,0.0050000000000000044,4.635,0,1,200
1240,241992,154.69499982893467,0.015000000000000013,4.815,0,1,200
1241,242240,149.07666611671448,0.020000000000000018,5.11,0,5,200
1242,242608,144.91333337128162,0.040000000000000036,5.24,0,3,200
1243,242784,152.52666725218296,0.025000000000000022,4.72,0,2,200
1244,243000,148.00499889999628,0.04500000000000004,4.665,0,3,200
1245,243048,137.36666598916054,0.04500000000000004,5.89,0,4,200
1246,243152,139.9583342447877,0.030000000000000027,5.735,0,7,200
1247,243440,147.88166753947735,0.030000000000000027,5.005,0,3,200
1248,243592,148.5949990786612,0.030000000000000027,4.875,0,4,200
1249,243840,154.06333358585835,0.0050000000000000044,4.91,0,4,200
1250,244208,152.2416666522622,0.025000000000000022,4.675,0,3,200
1251,244384,156.06666605174541,0.010000000000000009,4.75,0,1,200
1252,244600,155.11999835073948,0.015000000000000013,4.68,0,2,200
1253,244648,152.9416661709547,0.020000000000000018,4.675,0,4,200
1254,244752,145.6716659963131,0.025000000000000022,5.485,0,2,200
1255,245040,142.3749996125698,0.050000000000000044,5.085,0,4,200
1256,245192,152.29833415150642,0.020000000000000018,4.865,0,3,200
1257,245440,142.61333419382572,0.030000000000000027,5.6,0,5,200
1258,245808,140.96333330869675,0.040000000000000036,5.66,0,2,200
1259,245984,136.14500002563,0.04500000000000004,6.045,0,4,200
1260,246200,140.69333408772945,0.04500000000000004,5.54,0,3,200
1261,246248,144.55333290994167,0.040000000000000036,5.03,0,4,200
1262,246352,150.70833273231983,0.025000000000000022,4.745,0,4,200
1263,246640,138.5466666817665,0.050000000000000044,5.65,0,5,200
1264,246792,142.4749999642372,0.025000000000000022,5.625,0,5,200
1265,247040,147.3016668409109,0.0050000000000000044,5.665,0,4,200
1266,247408,148.65166760981083,0.020000000000000018,5.155,0,5,200
1267,247584,147.0949995368719,0.040000000000000036,4.875,0,4,200
1268,247800,158.05999971926212,0.015000000000000013,4.41,0,1,200
1269,247848,144.56333369016647,0.030000000000000027,5.39,0,5,200
1270,247952,137.45666658878326,0.05500000000000005,5.35,0,7,200
1271,248240,146.2683335095644,0.04500000000000004,4.655,0,8,200
1272,248392,145.2100007981062,0.025000000000000022,5.37,0,5,200
1273,248640,155.86166493594646,0.0050000000000000044,4.735,0,3,200
1274,249008,155.89333184063435,0.010000000000000009,4.64,0,3,200
1275,249184,140.10000072419643,0.03500000000000003,5.67,0,5,200
1276,249400,152.57833284139633,0.015000000000000013,4.895,0,3,200
1277,249448,154.60000014677644,0.0050000000000000044,4.59,0,5,200
1278,249552,153.81999951601028,0.015000000000000013,4.65,0,5,200
1279,249840,142.41499987989664,0.020000000000000018,5.685,0,6,200
1280,249992,143.41166672110558,0.030000000000000027,5.425,0,5,200
1281,250240,148.4883342385292,0.010000000000000009,5.255,0,7,200
1282,250608,154.13833253085613,0.0050000000000000044,5.105,0,2,200
1283,250784,153.7883333414793,0.025000000000000022,4.295,0,5,200
1284,251000,156.34333205223083,0.015000000000000013,4.61,0,2,200
1285,251048,150.76000061631203,0.020000000000000018,4.98,0,4,200
1286,251152,148.6983322352171,0.03500000000000003,4.925,0,3,200
1287,251440,143.8083333671093,0.025000000000000022,5.585,0,7,200
1288,251592,145.20500046014786,0.030000000000000027,5.175,0,6,200
1289,251840,157.87666781246662,0.0050000000000000044,4.78,0,0,200
1290,252208,150.71166597306728,0.025000000000000022,4.945,0,2,200
1291,252384,153.62166649103165,0.030000000000000027,4.465,0,3,200
1292,252600,147.19499936699867,0.03500000000000003,4.845,0,6,200
1293,252648,146.06833246350288,0.050000000000000044,4.745,0,3,200
1294,252752,153.01000045239925,0.0050000000000000044,4.95,0,3,200
1295,253040,143.30999898910522,0.04500000000000004,5.13,0,5,200
1296,253192,149.28166607022285,0.015000000000000013,5.275,0,2,200
1297,253440,150.65999951958656,0.020000000000000018,4.8,0,6,200
1298,253808,144.77166801691055,0.020000000000000018,5.665,0,4,200
1299,253984,137.53666800260544,0.05500000000000005,5.5,0,6,200
1300,254200,155.43833275139332,0.020000000000000018,4.505,0,2,200
1301,254248,153.7200008034706,0.020000000000000018,4.68,0,2,200
1302,254352,142.09166660904884,0.03500000000000003,5.605,0,4,200
1303,254640,138.30666580796242,0.050000000000000044,5.41,0,8,200
1304,254792,154.83166754245758,0.0050000000000000044,4.825,0,3,200
1305,255040,147.7816677391529,0.020000000000000018,5.185,0,5,200
1306,255408,138.79000006616116,0.050000000000000044,5.52,0,5,200
1307,255584,145.34833323955536,0.025000000000000022,5.555,0,3,200
1308,255800,152.44499926269054,0.030000000000000027,4.395,0,3,200
1309,255848,149.3949991762638,0.03500000000000003,4.665,0,3,200
1310,255952,156.856666341424,0.0,4.69,0,2,200
1311,256240,146.1133323162794,0.010000000000000009,5.51,0,7,200
1312,256392,142.37833352386951,0.030000000000000027,5.495,0,6,200
1313,256640,147.63833387196064,0.010000000000000009,5.405,0,5,200
1314,257008,150.99500027298927,0.025000000000000022,4.755,0,4,200
1315,257184,155.14666631817818,0.015000000000000013,4.51,0,4,200
1316,257400,151.2266646772623,0.015000000000000013,5.08,0,3,200
1317,257448,154.04333363473415,0.0050000000000000044,5.0,0,1,200
1318,257552,150.83666533231735,0.03500000000000003,4.57,0,3,200
1319,257840,142.51666759699583,0.04500000000000004,5.32,0,4,200
1320,257992,157.3049996048212,0.010000000000000009,4.485,0,2,200
1321,258240,149.66000076010823,0.015000000000000013,5.04,0,4,200
1322,258608,146.56166618224233,0.020000000000000018,5.065,0,7,200
1323,258784,157.1949997395277,0.010000000000000009,4.575,0,0,200
1324,259000,155.87333330512047,0.0,4.91,0,2,200
1325,259048,138.15333350002766,0.030000000000000027,5.84,0,8,200
1326,259152,156.94499936699867,0.0050000000000000044,4.665,0,2,200
1327,259440,152.43666610121727,0.030000000000000027,4.51,0,4,200
1328,259592,143.28333397209644,0.03500000000000003,5.45,0,4,200
1329,259840,144.8566673398018,0.025000000000000022,5.47,0,4,200
1330,260208,146.8750011920929,0.020000000000000018,5.235,0,7,200
1331,260384,157.39333298802376,0.0050000000000000044,4.76,0,1,200
1332,260600,142.61333341896534,0.050000000000000044,5.27,0,2,200
1333,260648,157.76999938488007,0.0,4.77,0,2,200
1334,260752,146.5249999165535,0.03500000000000003,5.145,0,2,200
1335,261040,140.6416658014059,0.05500000000000005,5.185,0,4,200
1336,261192,150.78999860584736,0.020000000000000018,5.04,0,3,200
1337,261440,148.02999983727932,0.020000000000000018,5.01,0,7,200
1338,261808,153.43999987840652,0.020000000000000018,4.53,0,4,200
1339,261984,154.02999889850616,0.0050000000000000044,4.83,0,4,200
1340,262200,143.52166725695133,0.04500000000000004,5.005,0,5,200
1341,262248,145.33166617900133,0.04500000000000004,5.035,0,4,200
1342,262352,151.93999902904034,0.030000000000000027,4.62,0,3,200
1343,262640,154.72833263874054,0.0050000000000000044,4.985,0,1,200
1344,262792,154.33166578412056,0.015000000000000013,4.675,0,3,200
1345,263040,136.95499947667122,0.050000000000000044,5.625,0,6,200
1346,263408,158.37166480720043,0.0050000000000000044,4.585,0,1,200
1347,263584,155.23833213746548,0.0050000000000000044,4.985,0,1,200
1348,263800,136.811665892601,0.05500000000000005,5.725,0,6,200
1349,263848,149.00333419442177,0.010000000000000009,5.36,0,5,200
1350,263952,158.83666706085205,0.0050000000000000044,4.63,0,0,200
1351,264240,154.5599988400936,0.015000000000000013,4.65,0,3,200
1352,264392,147.66666769981384,0.020000000000000018,5.35,0,2,200
1353,264640,154.25166592001915,0.010000000000000009,4.795,0,4,200
1354,265008,154.81666883826256,0.0050000000000000044,4.96,0,1,200
1355,265184,146.52999979257584,0.020000000000000018,5.37,0,4,200
1356,265400,156.28166557848454,0.015000000000000013,4.435,0,2,200
1357,265448,154.90666694939137,0.015000000000000013,4.57,0,5,200
1358,265552,142.68999929726124,0.050000000000000044,5.01,0,6,200
1359,265840,159.40999893844128,0.0,4.53,0,1,200
1360,265992,152.74999886751175,0.010000000000000009,5.13,0,2,200
1361,266240,146.87333257496357,0.025000000000000022,5.3,0,3,200
1362,266608,141.42333234846592,0.040000000000000036,5.6,0,3,200
1363,266784,151.13500115275383,0.025000000000000022,4.755,0,4,200
1364,267000,162.29333320260048,0.0,4.22,0,1,200
1365,267048,150.15166661143303,0.015000000000000013,4.975,0,5,200
1366,267152,140.8933330923319,0.030000000000000027,5.93,0,4,200
1367,267440,150.40666703879833,0.025000000000000022,4.96,0,2,200
1368,267592,154.92666755616665,0.010000000000000009,4.81,0,1,200
1369,267840,143.70333401858807,0.030000000000000027,5.57,0,3,200
1370,268208,139.97833287715912,0.050000000000000044,5.255,0,7,200
1371,268384,144.0066664814949,0.03500000000000003,5.26,0,4,200
1372,268600,155.07333339750767,0.015000000000000013,4.64,0,1,200
1373,268648,147.95500101149082,0.010000000000000009,5.235,0,7,200
1374,268752,143.37500018626451,0.015000000000000013,5.655,0,7,200
1375,269040,147.63166631758213,0.030000000000000027,4.975,0,6,200
1376,269192,155.45833256840706,0.010000000000000009,4.895,0,1,200
1377,269440,147.0400002002716,0.015000000000000013,5.22,0,8,200
1378,269808,151.47666591405869,0.010000000000000009,5.05,0,3,200
1379,269984,149.01333394646645,0.030000000000000027,4.94,0,3,200
1380,270200,139.75833351910114,0.050000000000000044,5.495,0,4,200
1381,270248,151.23166762292385,0.015000000000000013,4.975,0,3,200
1382,270352,147.566666290164,0.03500000000000003,4.99,0,3,200
1383,270640,157.26333267614245,0.0050000000000000044,4.55,0,2,200
1384,270792,151.42166678607464,0.020000000000000018,5.065,0,0,200
1385,271040,154.9633334428072,0.010000000000000009,4.94,0,0,200
1386,271408,146.13166764378548,0.025000000000000022,5.335,0,3,200
1387,271584,156.6533321738243,0.020000000000000018,4.49,0,1,200
1388,271800,141.97833419591188,0.03500000000000003,5.735,0,3,200
1389,271848,152.5483325868845,0.025000000000000022,4.595,0,3,200
1390,271952,158.10666550695896,0.0050000000000000044,4.6,0,2,200
1391,272240,151.3433343321085,0.015000000000000013,5.24,0,1,200
1392,272392,152.47999979555607,0.030000000000000027,4.56,0,1,200
1393,272640,146.95166638493538,0.030000000000000027,5.185,0,2,200
1394,273008,148.89666655659676,0.040000000000000036,4.81,0,1,200
1395,273184,147.53499966859818,0.04500000000000004,4.845,0,2,200
1396,273400,153.71166601777077,0.025000000000000022,4.555,0,2,200
1397,273448,150.8766664415598,0.030000000000000027,4.69,0,4,200
1398,273552,149.11833234131336,0.025000000000000022,5.015,0,3,200
1399,273840,155.47666688263416,0.010000000000000009,4.72,0,2,200
1400,273992,147.20666821300983,0.020000000000000018,5.35,0,3,200
1401,274240,149.88499972224236,0.015000000000000013,4.965,0,5,200
1402,274608,161.15666568279266,0.0,4.42,0,0,200
1403,274784,154.14000014960766,0.020000000000000018,4.32,0,5,200
1404,275000,154.35999996960163,0.0,4.62,0,7,200
1405,275048,151.4250001013279,0.025000000000000022,4.725,0,2,200
1406,275152,154.9599997252226,0.0,4.92,0,4,200
1407,275440,153.8349994122982,0.015000000000000013,4.785,0,3,200
1408,275592,146.2816662490368,0.025000000000000022,5.125,0,6,200
1409,275840,144.0866670012474,0.030000000000000027,5.47,0,5,200
1410,276208,155.14833256602287,0.015000000000000013,4.715,0,1,200
1411,276384,143.64000083506107,0.040000000000000036,5.52,0,2,200
1412,276600,155.5000008493662,0.020000000000000018,4.47,0,3,200
1413,276648,144.62999926507473,0.040000000000000036,5.07,0,4,200
1414,276752,154.99000026285648,0.0050000000000000044,4.77,0,4,200
1415,277040,147.3600006699562,0.020000000000000018,5.46,0,1,200
1416,277192,161.32333217561245,0.0,4.4,0,1,200
1417,277440,152.74333336949348,0.020000000000000018,4.91,0,1,200
1418,277808,143.4316657781601,0.05500000000000005,5.095,0,2,200
1419,277984,152.20833253860474,0.015000000000000013,4.925,0,2,200
1420,278200,146.36000230908394,0.030000000000000027,5.19,0,4,200
1421,278248,147.13666550815105,0.040000000000000036,4.75,0,5,200
1422,278352,152.9316675812006,0.020000000000000018,4.795,0,1,200
1423,278640,139.6333331912756,0.05500000000000005,5.33,0,4,200
1424,278792,146.29166612029076,0.025000000000000022,5.335,0,4,200
1425,279040,148.8133334517479,0.015000000000000013,5.42,0,2,200
1426,279408,154.9599997997284,0.015000000000000013,4.77,0,1,200
1427,279584,151.4783328026533,0.020000000000000018,4.925,0,2,200
1428,279800,148.01666688919067,0.020000000000000018,5.35,0,4,200
1429,279848,145.4766652137041,0.040000000000000036,4.9,0,5,200
1430,279952,145.64333294332027,0.030000000000000027,5.45,0,2,200
1431,280240,160.99499806761742,0.0,4.365,0,1,200
1432,280392,143.66833506524563,0.03500000000000003,5.525,0,3,200
1433,280640,154.49833349883556,0.015000000000000013,4.715,0,3,200
1434,281008,150.29999974370003,0.015000000000000013,5.25,0,2,200
1435,281184,148.46833263337612,0.04500000000000004,4.835,0,0,200
1436,281400,145.02333310246468,0.04500000000000004,5.18,0,2,200
1437,281448,143.00166572630405,0.04500000000000004,5.365,0,3,200
1438,281552,147.62500037252903,0.020000000000000018,5.385,0,3,200
1439,281840,152.39499957859516,0.010000000000000009,4.905,0,4,200
1440,281992,152.18666556477547,0.025000000000000022,4.78,0,1,200
1441,282240,160.45833249390125,0.0050000000000000044,4.475,0,0,200
1442,282608,153.2983333580196,0.0050000000000000044,5.105,0,2,200
1443,282784,151.40333530306816,0.0,5.33,0,4,200
1444,283000,153.59999880194664,0.03500000000000003,4.38,0,1,200
1445,283048,146.26500065624714,0.025000000000000022,5.205,0,4,200
1446,283152,154.34666534513235,0.020000000000000018,4.45,0,3,200
1447,283440,154.70999820530415,0.015000000000000013,4.68,0,1,200
1448,283592,155.69166673719883,0.0050000000000000044,4.645,0,4,200
1449,283840,138.81833328306675,0.06000000000000005,5.015,0,9,200
1450,284208,153.54166550934315,0.0050000000000000044,4.975,0,3,200
1451,284384,153.57666666805744,0.015000000000000013,4.72,0,1,200
1452,284600,141.2283342331648,0.040000000000000036,5.555,0,3,200
1453,284648,148.9183336943388,0.025000000000000022,4.745,0,6,200
1454,284752,154.011667445302,0.010000000000000009,4.885,0,2,200
1455,285040,148.879998549819,0.030000000000000027,4.92,0,4,200
1456,285192,143.27666729688644,0.040000000000000036,5.5,0,2,200
1457,285440,152.3333340883255,0.0050000000000000044,5.09,0,3,200
1458,285808,143.80999946594238,0.03500000000000003,5.4,0,2,200
1459,285984,152.04833181202412,0.025000000000000022,4.625,0,4,200
1460,286200,142.69833208620548,0.05500000000000005,5.135,0,3,200
1461,286248,158.47666642069817,0.0,4.72,0,1,200
1462,286352,149.56000077724457,0.025000000000000022,4.95,0,3,200
1463,286640,147.12499931454659,0.03500000000000003,4.665,0,8,200
1464,286792,156.8866659849882,0.010000000000000009,4.51,0,2,200
1465,287040,157.23166693747044,0.0050000000000000044,4.705,0,0,200
1466,287408,141.34999938309193,0.06000000000000005,5.1,0,3,200
1467,287584,151.91666623950005,0.0050000000000000044,5.11,0,4,200
1468,287800,142.9333333671093,0.050000000000000044,4.97,0,5,200
1469,287848,142.4099993854761,0.040000000000000036,5.52,0,1,200
1470,287952,154.24000024795532,0.015000000000000013,4.68,0,2,200
1471,288240,156.08833314478397,0.0,4.985,0,1,200
1472,288392,146.91333231329918,0.03500000000000003,5.0,0,4,200
1473,288640,151.25666646659374,0.020000000000000018,4.93,0,2,200
1474,289008,154.6016670614481,0.0,5.095,0,2,200
1475,289184,142.29166643321514,0.025000000000000022,5.845,0,3,200
1476,289400,140.25666788220406,0.05500000000000005,5.14,0,6,200
1477,289448,141.1700002104044,0.04500000000000004,5.4,0,4,200
1478,289552,150.82333329319954,0.015000000000000013,5.0,0,2,200
1479,289840,130.59499976038933,0.07499999999999996,5.925,0,4,200
1480,289992,154.691665250808,0.020000000000000018,4.525,0,2,200
1481,290240,144.6483335494995,0.030000000000000027,5.495,0,3,200
1482,290608,152.22000089287758,0.010000000000000009,4.8,0,5,200
1483,290784,141.0349995791912,0.05500000000000005,5.265,0,4,200
1484,291000,150.66333352029324,0.020000000000000018,5.09,0,2,200
1485,291048,147.82000033557415,0.020000000000000018,5.28,0,3,200
1486,291152,138.80000016093254,0.04500000000000004,5.67,0,3,200
1487,291440,142.03333424031734,0.050000000000000044,5.6,0,0,200
1488,291592,151.77666628360748,0.015000000000000013,4.6,0,8,200
1489,291840,142.35000041127205,0.030000000000000027,5.76,0,3,200
1490,292208,144.3683339357376,0.040000000000000036,5.345,0,3,200
1491,292384,144.2583336085081,0.030000000000000027,5.285,0,6,200
1492,292600,154.75833362340927,0.020000000000000018,4.565,0,3,200
1493,292648,149.86166658997536,0.020000000000000018,5.065,0,4,200
1494,292752,151.89833224471658,0.020000000000000018,4.745,0,4,200
1495,293040,137.98166732490063,0.07999999999999996,5.095,0,3,200
1496,293192,150.80999901890755,0.025000000000000022,4.77,0,3,200
1497,293440,153.16999979317188,0.015000000000000013,4.89,0,2,200
1498,293808,143.51166693866253,0.030000000000000027,5.335,0,6,200
1499,293984,143.82166588306427,0.03500000000000003,5.425,0,5,200
1500,294200,152.53500063717365,0.020000000000000018,4.785,0,3,200
1501,294248,157.11000007390976,0.0,4.74,0,2,200
1502,294352,151.1566675454378,0.0050000000000000044,5.41,0,1,200
1503,294640,152.57000018656254,0.020000000000000018,4.65,0,4,200
1504,294792,147.58666759729385,0.015000000000000013,5.35,0,5,200
1505,295040,150.5566657334566,0.020000000000000018,4.99,0,3,200
1506,295408,146.19166664779186,0.030000000000000027,5.335,0,2,200
1507,295584,154.38500149548054,0.010000000000000009,4.875,0,1,200
1508,295800,146.07500126957893,0.030000000000000027,5.145,0,6,200
1509,295848,159.17333288490772,0.0,4.58,0,2,200
1510,295952,140.1283325701952,0.06000000000000005,4.955,0,7,200
1511,296240,151.00499993562698,0.020000000000000018,4.815,0,4,200
1512,296392,155.36666637659073,0.010000000000000009,4.75,0,1,200
1513,296640,151.23833313584328,0.020000000000000018,4.925,0,2,200
1514,297008,153.328333735466,0.020000000000000018,4.745,0,2,200
1515,297184,156.56166741251945,0.0050000000000000044,4.795,0,0,200
1516,297400,149.70833285152912,0.025000000000000022,5.165,0,1,200
1517,297448,150.05999965965748,0.010000000000000009,5.16,0,5,200
1518,297552,155.84000073373318,0.0,5.01,0,1,200
1519,297840,146.99500142037868,0.03500000000000003,5.025,0,3,200
1520,297992,151.42166678607464,0.020000000000000018,4.975,0,2,200
1521,298240,137.5033333748579,0.06999999999999995,5.33,0,3,200
1522,298608,156.90333180129528,0.0050000000000000044,4.85,0,0,200
1523,298784,143.86666679382324,0.04500000000000004,5.14,0,5,200
1524,299000,153.75000005960464,0.0050000000000000044,4.98,0,3,200
1525,299048,156.11666655540466,0.0,4.81,0,1,200
1526,299152,148.20000004768372,0.020000000000000018,5.07,0,4,200
1527,299440,133.23666656017303,0.07499999999999996,5.32,0,8,200
1528,299592,153.67999975383282,0.0,5.19,0,1,200
1529,299840,145.8316664248705,0.030000000000000027,5.305,0,3,200
1530,300208,154.85999922454357,0.015000000000000013,4.77,0,1,200
1531,300384,148.83666589856148,0.025000000000000022,5.08,0,3,200
1532,300600,153.19833283126354,0.020000000000000018,4.835,0,1,200
1533,300648,149.34500049054623,0.020000000000000018,5.205,0,2,200
1534,300752,158.09666694700718,0.0050000000000000044,4.54,0,1,200
1535,301040,145.50166696310043,0.040000000000000036,4.945,0,5,200
1536,301192,145.9899993389845,0.03500000000000003,5.31,0,1,200
1537,301440,145.2349994033575,0.040000000000000036,5.145,0,3,200
1538,301808,152.56333409249783,0.025000000000000022,4.76,0,2,200
1539,301984,144.3016683459282,0.040000000000000036,5.095,0,5,200
1540,302200,150.93833455443382,0.025000000000000022,4.895,0,2,200
1541,302248,142.41833470761776,0.040000000000000036,5.405,0,3,200
1542,302352,153.74666610360146,0.010000000000000009,4.9,0,2,200
1543,302640,159.32999897003174,0.0,4.68,0,0,200
1544,302792,144.94833341240883,0.030000000000000027,5.645,0,1,200
1545,303040,148.22500132024288,0.025000000000000022,5.055,0,4,200
1546,303408,154.4283347427845,0.0050000000000000044,5.015,0,1,200
1547,303584,155.31999871134758,0.015000000000000013,4.83,0,0,200
1548,303800,146.60333414375782,0.03500000000000003,5.06,0,3,200
1549,303848,151.2850014269352,0.010000000000000009,5.145,0,4,200
1550,303952,149.98333440721035,0.030000000000000027,4.88,0,3,200
1551,304240,146.48000068124384,0.03500000000000003,5.16,0,3,200
1552,304392,151.01500019431114,0.025000000000000022,4.845,0,4,200
1553,304640,154.37166649103165,0.0,5.065,0,3,200
1554,305008,154.3733325302601,0.0050000000000000044,4.97,0,2,200
1555,305184,147.64000083506107,0.025000000000000022,5.31,0,1,200
1556,305400,147.8733336776495,0.015000000000000013,5.57,0,2,200
1557,305448,150.50333435833454,0.015000000000000013,5.3,0,1,200
1558,305552,155.30333326756954,0.0050000000000000044,4.91,0,1,200
1559,305840,155.94666507095098,0.010000000000000009,4.72,0,2,200
1560,305992,152.59833225607872,0.015000000000000013,5.045,0,0,200
1561,306240,142.81999881193042,0.04500000000000004,5.37,0,3,200
1562,306608,151.2716657668352,0.03500000000000003,4.645,0,2,200
1563,306784,149.62666681408882,0.020000000000000018,4.99,0,4,200
1564,307000,149.02833347022533,0.040000000000000036,4.715,0,2,200
1565,307048,150.45000000298023,0.025000000000000022,4.77,0,6,200
1566,307152,145.28999982774258,0.04500000000000004,4.95,0,4,200
1567,307440,151.54500104486942,0.020000000000000018,4.785,0,4,200
1568,307592,143.6599993854761,0.03500000000000003,5.43,0,2,200
1569,307840,148.83000034093857,0.030000000000000027,5.01,0,2,200
1570,308208,151.3849987089634,0.020000000000000018,5.115,0,0,200
1571,308384,149.7550008147955,0.0050000000000000044,5.355,0,3,200
1572,308600,154.00000016391277,0.020000000000000018,4.71,0,0,200
1573,308648,150.48833347856998,0.020000000000000018,4.925,0,3,200
1574,308752,145.66500087082386,0.020000000000000018,5.745,0,0,200
1575,309040,144.07500013709068,0.03500000000000003,5.235,0,4,200
1576,309192,140.67166700959206,0.06000000000000005,5.065,0,5,200
1577,309440,153.3583319336176,0.025000000000000022,4.475,0,3,200
1578,309808,154.76333166658878,0.025000000000000022,4.49,0,1,200
1579,309984,148.36833423376083,0.025000000000000022,5.225,0,1,200
1580,310200,152.7200002670288,0.030000000000000027,4.71,0,0,200
1581,310248,150.1016662567854,0.020000000000000018,4.975,0,3,200
1582,310352,158.12166672945023,0.0,4.825,0,0,200
1583,310640,154.5450004041195,0.020000000000000018,4.695,0,1,200
1584,310792,161.90499979257584,0.0,4.425,0,1,200
1585,311040,145.10833284258842,0.04500000000000004,5.135,0,2,200
1586,311408,156.22499907016754,0.020000000000000018,4.545,0,0,200
1587,311584,155.85166758298874,0.010000000000000009,4.915,0,1,200
1588,311800,147.55333271622658,0.030000000000000027,5.24,0,1,200
1589,311848,156.5649991631508,0.015000000000000013,4.515,0,1,200
1590,311952,152.50166580080986,0.010000000000000009,5.155,0,1,200
1591,312240,155.609999909997,0.010000000000000009,4.62,0,2,200
1592,312392,150.58000084757805,0.025000000000000022,4.92,0,2,200
1593,312640,152.16166639328003,0.030000000000000027,4.645,0,2,200
1594,313008,152.62499982118607,0.020000000000000018,4.845,0,2,200
1595,313184,144.95000088214874,0.03500000000000003,5.34,0,2,200
1596,313400,150.68666553497314,0.025000000000000022,4.75,0,4,200
1597,313448,138.83166666328907,0.06499999999999995,5.305,0,5,200
1598,313552,152.4016668200493,0.015000000000000013,5.005,0,2,200
1599,313840,154.57666637003422,0.020000000000000018,4.54,0,4,200
1600,313992,140.89666733145714,0.06000000000000005,5.11,0,4,200
1601,314240,151.64000014960766,0.030000000000000027,4.74,0,1,200
1602,314608,137.64000041782856,0.06000000000000005,5.28,0,6,200
1603,314784,144.8166670948267,0.04500000000000004,4.93,0,5,200
1604,315000,146.59166611731052,0.03500000000000003,5.035,0,5,200
1605,315048,156.10999901592731,0.010000000000000009,4.65,0,1,200
1606,315152,140.9783330410719,0.06499999999999995,5.135,0,2,200
1607,315440,146.37499959766865,0.030000000000000027,5.265,0,4,200
1608,315592,156.21000032126904,0.010000000000000009,4.71,0,0,200
1609,315840,139.73833338916302,0.040000000000000036,5.705,0,4,200
1610,316208,145.7366677671671,0.040000000000000036,5.14,0,3,200
1611,316384,150.40833412110806,0.025000000000000022,5.045,0,1,200
1612,316600,155.32000152766705,0.0,4.98,0,1,200
1613,316648,146.44833335280418,0.050000000000000044,4.955,0,1,200
1614,316752,136.3733333721757,0.04500000000000004,6.17,0,2,200
1615,317040,145.30333338677883,0.06000000000000005,4.52,0,5,200
1616,317192,152.97666712105274,0.015000000000000013,4.81,0,3,200
1617,317440,146.81333322823048,0.025000000000000022,5.45,0,1,200
1618,317808,147.80499930679798,0.025000000000000022,5.115,0,2,200
1619,317984,150.6466655395925,0.025000000000000022,4.72,0,5,200
1620,318200,148.92666804790497,0.010000000000000009,5.53,0,0,200
1621,318248,152.70499974489212,0.015000000000000013,4.845,0,3,200
1622,318352,156.5699983984232,0.015000000000000013,4.56,0,1,200
1623,318640,145.80000022053719,0.03500000000000003,5.16,0,4,200
1624,318792,140.37499979138374,0.06000000000000005,5.265,0,2,200
1625,319040,150.44833342731,0.020000000000000018,5.105,0,2,200
1626,319408,148.50833398103714,0.030000000000000027,4.985,0,4,200
1627,319584,153.01333199441433,0.030000000000000027,4.61,0,0,200
1628,319800,154.9033324085176,0.015000000000000013,4.64,0,2,200
1629,319848,148.78666500747204,0.025000000000000022,4.87,0,6,200
1630,319952,148.30499947071075,0.025000000000000022,5.115,0,3,200
1631,320240,142.1033319234848,0.06499999999999995,5.09,0,1,200
1632,320392,139.54000005126,0.050000000000000044,5.49,0,6,200
1633,320640,145.63166649639606,0.040000000000000036,4.975,0,3,200
1634,321008,144.0550012141466,0.030000000000000027,5.385,0,5,200
1635,321184,158.3799994289875,0.0050000000000000044,4.53,0,1,200
1636,321400,152.52999989688396,0.030000000000000027,4.59,0,2,200
1637,321448,154.5883337073028,0.020000000000000018,4.565,0,2,200
1638,321552,145.82333207130432,0.04500000000000004,5.06,0,2,200
1639,321840,153.069999858737,0.010000000000000009,4.89,0,5,200
1640,321992,145.64166639745235,0.03500000000000003,5.215,0,3,200
1641,322240,155.7983326613903,0.015000000000000013,4.505,0,3,200
1642,322608,139.89500057697296,0.05500000000000005,5.445,0,3,200
1643,322784,152.31833165884018,0.015000000000000013,4.985,0,3,200
1644,323000,137.179999679327,0.06999999999999995,5.43,0,3,200
1645,323048,152.6533334106207,0.030000000000000027,4.67,0,0,200
1646,323152,151.09333257749677,0.030000000000000027,4.73,0,2,200
1647,323440,142.15666531026363,0.07999999999999996,4.81,0,0,200
1648,323592,157.6583335697651,0.0050000000000000044,4.625,0,0,200
1649,323840,145.46000078320503,0.040000000000000036,5.13,0,3,200
1650,324208,153.31666588783264,0.010000000000000009,5.2,0,0,200
1651,324384,153.27166660130024,0.0,5.155,0,3,200
1652,324600,154.23500061035156,0.010000000000000009,4.845,0,1,200
1653,324648,142.34333330392838,0.03500000000000003,5.6,0,3,200
1654,324752,135.79833356663585,0.04500000000000004,5.945,0,6,200
1655,325040,154.39166593551636,0.010000000000000009,4.915,0,0,200
1656,325192,155.88666626811028,0.025000000000000022,4.21,0,2,200
1657,325440,154.54666611552238,0.015000000000000013,4.63,0,3,200
1658,325808,142.8149994313717,0.040000000000000036,5.385,0,4,200
1659,325984,159.94499956071377,0.0,4.515,0,1,200
1660,326200,142.76500000059605,0.04500000000000004,5.475,0,2,200
1661,326248,154.15166567265987,0.025000000000000022,4.555,0,2,200
1662,326352,146.22666661441326,0.030000000000000027,5.08,0,6,200
1663,326640,159.42666567862034,0.015000000000000013,4.18,0,1,200
1664,326792,156.28499807417393,0.010000000000000009,4.785,0,1,200
1665,327040,155.49000026285648,0.0050000000000000044,4.89,0,1,200
1666,327408,139.76999916136265,0.040000000000000036,5.43,0,8,200
1667,327584,158.36833260953426,0.0050000000000000044,4.445,0,3,200
1668,327800,140.8699999153614,0.050000000000000044,5.25,0,6,200
1669,327848,144.0016662031412,0.07499999999999996,4.405,0,5,200
1670,327952,144.7899993211031,0.04500000000000004,5.07,0,3,200
1671,328240,149.6750001013279,0.020000000000000018,5.175,0,2,200
1672,328392,153.40666617453098,0.0050000000000000044,5.2,0,1,200
1673,328640,148.7783324420452,0.020000000000000018,5.375,0,0,200
1674,329008,152.74499943852425,0.025000000000000022,4.515,0,4,200
1675,329184,148.83666521310806,0.040000000000000036,4.81,0,2,200
1676,329400,146.47499956190586,0.040000000000000036,4.785,0,5,200
1677,329448,139.40999934077263,0.06499999999999995,5.1,0,5,200
1678,329552,145.49833315610886,0.040000000000000036,5.105,0,2,200
1679,329840,151.34499941766262,0.020000000000000018,5.145,0,0,200
1680,329992,149.93333292007446,0.030000000000000027,4.82,0,3,200
1681,330240,154.920000359416,0.010000000000000009,4.74,0,2,200
1682,330608,143.49500146508217,0.04500000000000004,5.325,0,1,200
1683,330784,156.12666665390134,0.010000000000000009,4.57,0,3,200
1684,331000,148.42999990284443,0.030000000000000027,5.1,0,3,200
1685,331048,150.11499959230423,0.030000000000000027,4.995,0,1,200
1686,331152,144.90666633844376,0.040000000000000036,5.11,0,4,200
1687,331440,144.03833296895027,0.03500000000000003,5.435,0,5,200
1688,331592,150.95333351194859,0.015000000000000013,4.97,0,4,200
1689,331840,148.80500000715256,0.030000000000000027,4.995,0,3,200
1690,332208,145.88333404064178,0.030000000000000027,5.42,0,2,200
1691,332384,143.38333475589752,0.030000000000000027,5.36,0,7,200
1692,332600,147.08833269774914,0.040000000000000036,4.775,0,5,200
1693,332648,154.4683345258236,0.015000000000000013,4.685,0,3,200
1694,332752,152.59333361685276,0.015000000000000013,4.85,0,2,200
1695,333040,151.71833315491676,0.025000000000000022,4.985,0,0,200
1696,333192,141.9083340615034,0.04500000000000004,5.405,0,4,200
1697,333440,146.51333475112915,0.030000000000000027,5.36,0,2,200
1698,333808,146.66000001505017,0.03500000000000003,5.1,0,3,200
1699,333984,148.12333205342293,0.04500000000000004,4.67,0,3,200
1700,334200,152.01999984681606,0.010000000000000009,5.07,0,2,200
1701,334248,146.42500145733356,0.025000000000000022,5.385,0,2,200
1702,334352,141.8333342075348,0.050000000000000044,5.33,0,3,200
1703,334640,152.9049997627735,0.025000000000000022,4.395,0,5,200
1704,334792,148.39166659116745,0.04500000000000004,4.585,0,4,200
1705,335040,153.5716668665409,0.020000000000000018,4.585,0,2,200
1706,335408,146.56833393871784,0.030000000000000027,5.195,0,4,200
1707,335584,146.8349987268448,0.040000000000000036,4.995,0,1,200
1708,335800,145.00166577100754,0.04500000000000004,5.095,0,2,200
1709,335848,141.47166569530964,0.06000000000000005,4.885,0,6,200
1710,335952,155.8550005555153,0.0,4.905,0,2,200
1711,336240,144.43833363056183,0.030000000000000027,5.465,0,4,200
1712,336392,146.47333374619484,0.03500000000000003,5.15,0,4,200
1713,336640,146.60666665434837,0.030000000000000027,5.2,0,4,200
1714,337008,153.9400001168251,0.020000000000000018,4.8,0,1,200
1715,337184,152.0549991428852,0.020000000000000018,4.755,0,4,200
1716,337400,152.0116655677557,0.030000000000000027,4.705,0,2,200
1717,337448,148.23833259940147,0.020000000000000018,5.105,0,5,200
1718,337552,147.78500080108643,0.025000000000000022,5.205,0,4,200
1719,337840,146.2333336919546,0.025000000000000022,5.39,0,4,200
1720,337992,153.17500004172325,0.020000000000000018,4.815,0,2,200
1721,338240,149.1883333772421,0.015000000000000013,5.285,0,2,200
1722,338608,138.5949999988079,0.05500000000000005,5.685,0,3,200
1723,338784,145.87833359837532,0.03500000000000003,5.375,0,2,200
1724,339000,148.00166656076908,0.03500000000000003,4.825,0,4,200
1725,339048,149.4733326137066,0.025000000000000022,5.15,0,1,200
1726,339152,158.42500035464764,0.010000000000000009,4.605,0,0,200
1727,339440,151.4016665816307,0.020000000000000018,5.065,0,1,200
1728,339592,157.03166610002518,0.0050000000000000044,4.555,0,3,200
1729,339840,145.30333165824413,0.020000000000000018,5.81,0,2,200
1730,340208,148.8983339816332,0.025000000000000022,4.805,0,6,200
1731,340384,151.56666757166386,0.020000000000000018,4.9,0,3,200
1732,340600,158.28666612505913,0.010000000000000009,4.36,0,2,200
1733,340648,146.6150010228157,0.020000000000000018,5.205,0,5,200
1734,340752,151.2516669332981,0.025000000000000022,4.735,0,3,200
1735,341040,147.84666626155376,0.020000000000000018,5.32,0,3,200
1736,341192,133.4316663891077,0.08999999999999997,5.245,0,5,200
1737,341440,143.08666571974754,0.050000000000000044,5.05,0,5,200
1738,341808,141.0033334195614,0.050000000000000044,5.3,0,5,200
1739,341984,146.52500078082085,0.025000000000000022,5.445,0,1,200
1740,342200,135.25166672468185,0.06000000000000005,5.845,0,4,200
1741,342248,152.05666654463857,0.030000000000000027,4.51,0,3,200
1742,342352,144.43666678667068,0.04500000000000004,4.96,0,5,200
1743,342640,148.48333455622196,0.020000000000000018,5.18,0,4,200
1744,342792,145.40999960899353,0.050000000000000044,4.92,0,2,200
1745,343040,153.4483328908682,0.025000000000000022,4.625,0,3,200
1746,343408,152.55833339691162,0.020000000000000018,5.045,0,0,200
1747,343584,134.34166727215052,0.07999999999999996,5.515,0,3,200
1748,343800,145.49666880071163,0.040000000000000036,5.11,0,4,200
1749,343848,149.60499979555607,0.03500000000000003,4.725,0,5,200
1750,343952,139.4416678249836,0.04500000000000004,5.545,0,5,200
1751,344240,149.63999964296818,0.030000000000000027,4.95,0,3,200
1752,344392,158.79666574299335,0.0050000000000000044,4.51,0,2,200
1753,344640,141.04500068724155,0.04500000000000004,5.415,0,5,200
1754,345008,145.3266666084528,0.04500000000000004,5.05,0,2,200
1755,345184,139.65666623413563,0.04500000000000004,5.44,0,7,200
1756,345400,151.04333278536797,0.050000000000000044,4.37,0,2,200
1757,345448,131.36333434283733,0.08999999999999997,5.18,0,9,200
1758,345552,144.01333297789097,0.06000000000000005,4.79,0,4,200
1759,345840,143.14500105381012,0.03500000000000003,5.475,0,2,200
1760,345992,148.03833393752575,0.015000000000000013,5.165,0,6,200
1761,346240,151.3366666585207,0.025000000000000022,4.6,0,5,200
1762,346608,129.97166700661182,0.08999999999999997,5.515,0,7,200
1763,346784,150.38166750967503,0.025000000000000022,5.035,0,1,200
1764,347000,130.24166660010815,0.10499999999999998,5.335,0,3,200
1765,347048,159.27166567742825,0.010000000000000009,4.435,0,1,200
1766,347152,146.84666664898396,0.06000000000000005,4.75,0,0,200
1767,347440,145.40666507184505,0.050000000000000044,5.02,0,1,200
1768,347592,145.54166750609875,0.05500000000000005,4.795,0,2,200
1769,347840,145.43833263218403,0.06000000000000005,4.745,0,2,200
1770,348208,147.53666511178017,0.030000000000000027,5.14,0,3,200
1771,348384,144.3666668087244,0.025000000000000022,5.5,0,4,200
1772,348600,144.5149992108345,0.030000000000000027,5.175,0,6,200
1773,348648,135.39000070095062,0.06499999999999995,5.88,0,2,200
1774,348752,155.43499937653542,0.015000000000000013,4.695,0,1,200
1775,349040,151.47500053048134,0.015000000000000013,4.845,0,2,200
1776,349192,149.6666671782732,0.03500000000000003,4.72,0,5,200
1777,349440,151.71833392977715,0.020000000000000018,4.745,0,5,200
1778,349808,147.16500064730644,0.03500000000000003,5.265,0,1,200
1779,349984,147.55333229899406,0.030000000000000027,5.18,0,3,200
1780,350200,140.8566661477089,0.06999999999999995,4.96,0,3,200
1781,350248,142.77499942481518,0.040000000000000036,5.205,0,5,200
1782,350352,151.26666623353958,0.030000000000000027,4.6,0,3,200
1783,350640,151.01166696846485,0.015000000000000013,4.765,0,5,200
1784,350792,152.78333416581154,0.010000000000000009,4.88,0,4,200
1785,351040,152.78666618466377,0.020000000000000018,4.66,0,3,200
1786,351408,143.8299998342991,0.025000000000000022,5.52,0,6,200
1787,351584,156.37333258986473,0.015000000000000013,4.64,0,1,200
1788,351800,144.51333467662334,0.020000000000000018,5.51,0,6,200
1789,351848,146.51499961316586,0.04500000000000004,4.875,0,2,200
1790,351952,153.24333348870277,0.010000000000000009,5.21,0,0,200
1791,352240,141.09833404421806,0.04500000000000004,5.255,0,6,200
1792,352392,150.84333254396915,0.025000000000000022,4.73,0,4,200
1793,352640,140.93166635930538,0.05500000000000005,5.275,0,4,200
1794,353008,151.75833241641521,0.015000000000000013,4.985,0,4,200
1795,353184,153.16333322227,0.020000000000000018,4.61,0,4,200
1796,353400,148.1666664397344,0.015000000000000013,5.23,0,4,200
1797,353448,139.18500128388405,0.06000000000000005,5.445,0,2,200
1798,353552,143.83333386480808,0.050000000000000044,5.21,0,3,200
1799,353840,152.91999906301498,0.0,5.34,0,2,200
1800,353992,152.18166759610176,0.0050000000000000044,5.215,0,2,200
1801,354240,145.6916678249836,0.025000000000000022,5.485,0,4,200
1802,354608,149.89333432912827,0.010000000000000009,5.33,0,3,200
1803,354784,150.60999935865402,0.040000000000000036,4.56,0,3,200
1804,355000,158.9416659772396,0.010000000000000009,4.435,0,1,200
1805,355048,143.3633336275816,0.05500000000000005,5.0,0,3,200
1806,355152,149.96500147879124,0.0050000000000000044,5.355,0,4,200
1807,355440,150.24166618287563,0.030000000000000027,4.885,0,1,200
1808,355592,142.0733331143856,0.050000000000000044,5.21,0,5,200
1809,355840,146.14499932155013,0.025000000000000022,5.295,0,4,200
1810,356208,142.23666742444038,0.04500000000000004,5.41,0,2,200
1811,356384,150.13500018417835,0.025000000000000022,4.875,0,4,200
1812,356600,150.71166545152664,0.030000000000000027,4.795,0,2,200
1813,356648,152.7616664916277,0.015000000000000013,4.885,0,3,200
1814,356752,151.32166661322117,0.025000000000000022,5.005,0,0,200
1815,357040,155.64999975264072,0.015000000000000013,4.56,0,2,200
1816,357192,152.7466655522585,0.030000000000000027,4.63,0,0,200
1817,357440,155.57666699960828,0.0,4.9,0,3,200
1818,357808,140.5316673219204,0.06499999999999995,4.945,0,6,200
1819,357984,143.98166771233082,0.03500000000000003,5.245,0,6,200
1820,358200,147.89333325624466,0.025000000000000022,5.3,0,2,200
1821,358248,143.17999942600727,0.04500000000000004,5.16,0,6,200
1822,358352,147.4833334237337,0.025000000000000022,5.18,0,4,200
1823,358640,156.93333180248737,0.0,4.94,0,1,200
1824,358792,155.7766670435667,0.010000000000000009,4.78,0,2,200
1825,359040,156.1566661298275,0.010000000000000009,4.48,0,3,200
1826,359408,145.97500033676624,0.040000000000000036,4.965,0,4,200
1827,359584,142.31833179295063,0.05500000000000005,5.225,0,3,200
1828,359800,147.8600002080202,0.04500000000000004,4.47,0,5,200
1829,359848,151.12166634202003,0.025000000000000022,4.555,0,7,200
1830,359952,140.56499940156937,0.050000000000000044,5.295,0,6,200
1831,360240,149.2733329385519,0.030000000000000027,4.82,0,4,200
1832,360392,149.75666654109955,0.030000000000000027,4.69,0,3,200
1833,360640,139.88833387196064,0.050000000000000044,5.495,0,3,200
1834,361008,157.24166730046272,0.0050000000000000044,4.765,0,0,200
1835,361184,150.74499802291393,0.025000000000000022,5.085,0,0,200
1836,361400,159.5300004929304,0.0,4.53,0,1,200
1837,361448,146.23166723549366,0.030000000000000027,5.455,0,2,200
1838,361552,145.0766668766737,0.05500000000000005,4.72,0,4,200
1839,361840,152.39833372831345,0.030000000000000027,4.745,0,0,200
1840,361992,151.64333173632622,0.020000000000000018,4.94,0,3,200
1841,362240,157.2766668498516,0.010000000000000009,4.54,0,1,200
1842,362608,156.97666527330875,0.015000000000000013,4.51,0,2,200
1843,362784,156.1266665160656,0.020000000000000018,4.48,0,1,200
1844,363000,154.48499976098537,0.020000000000000018,4.545,0,3,200
1845,363048,150.85666619241238,0.015000000000000013,5.35,0,0,200
1846,363152,147.15333342552185,0.04500000000000004,4.85,0,3,200
1847,363440,142.13833145797253,0.07999999999999996,4.715,0,2,200
1848,363592,155.3683318644762,0.015000000000000013,4.685,0,2,200
1849,363840,151.66999945044518,0.030000000000000027,4.62,0,3,200
1850,364208,143.93666787445545,0.040000000000000036,5.47,0,1,200
1851,364384,133.3149998486042,0.08499999999999996,5.505,0,2,200
1852,364600,140.32999999821186,0.050000000000000044,5.49,0,3,200
1853,364648,156.9733322262764,0.015000000000000013,4.46,0,2,200
1854,364752,150.20333328843117,0.025000000000000022,4.91,0,3,200
1855,365040,141.92000164091587,0.06000000000000005,5.01,0,3,200
1856,365192,150.66000002622604,0.010000000000000009,5.22,0,3,200
1857,365440,150.73999869823456,0.030000000000000027,4.74,0,4,200
1858,365808,148.20833285152912,0.030000000000000027,5.045,0,2,200
1859,365984,148.78499968349934,0.025000000000000022,4.995,0,4,200
1860,366200,143.471666444093,0.03500000000000003,5.275,0,6,200
1861,366248,146.78666622936726,0.03500000000000003,5.2,0,2,200
1862,366352,156.8516667932272,0.015000000000000013,4.555,0,1,200
1863,366640,148.8883346170187,0.020000000000000018,5.165,0,3,200
1864,366792,140.63500095903873,0.04500000000000004,5.295,0,5,200
1865,367040,150.05833142995834,0.03500000000000003,4.775,0,3,200
1866,367408,157.0816657692194,0.0050000000000000044,4.525,0,3,200
1867,367584,155.32499910891056,0.015000000000000013,4.665,0,2,200
1868,367800,147.6750001758337,0.030000000000000027,5.115,0,3,200
1869,367848,149.78500045835972,0.015000000000000013,5.295,0,2,200
1870,367952,138.2983336597681,0.05500000000000005,5.315,0,8,200
1871,368240,144.65333361923695,0.050000000000000044,4.76,0,7,200
1872,368392,147.3466663658619,0.03500000000000003,5.08,0,2,200
1873,368640,141.29500022530556,0.04500000000000004,5.475,0,3,200
1874,369008,145.36833480000496,0.04500000000000004,4.955,0,4,200
1875,369184,152.4066666662693,0.010000000000000009,4.93,0,3,200
1876,369400,146.16333435475826,0.04500000000000004,4.76,0,5,200
1877,369448,158.52333237230778,0.015000000000000013,4.28,0,2,200
1878,369552,147.38333363831043,0.030000000000000027,5.09,0,3,200
1879,369840,154.35166583955288,0.030000000000000027,4.495,0,1,200
1880,369992,140.15333339571953,0.04500000000000004,5.75,0,3,200
1881,370240,152.42333263158798,0.025000000000000022,4.73,0,2,200
1882,370608,159.90833190083504,0.0,4.415,0,2,200
1883,370784,143.80499881505966,0.050000000000000044,5.175,0,2,200
1884,371000,151.6016665250063,0.020000000000000018,5.035,0,0,200
1885,371048,138.62833382189274,0.05500000000000005,5.405,0,5,200
1886,371152,151.81333376467228,0.030000000000000027,4.67,0,3,200
1887,371440,138.74333289265633,0.050000000000000044,5.6,0,4,200
1888,371592,157.2033323198557,0.010000000000000009,4.52,0,2,200
1889,371840,150.268333658576,0.010000000000000009,5.465,0,1,200
1890,372208,146.9149997383356,0.04500000000000004,4.845,0,3,200
1891,372384,155.84999918937683,0.010000000000000009,4.8,0,1,200
1892,372600,147.66999998688698,0.030000000000000027,5.13,0,2,200
1893,372648,156.5633330643177,0.010000000000000009,4.58,0,3,200
1894,372752,149.68333357572556,0.03500000000000003,5.03,0,1,200
1895,373040,151.66833229362965,0.03500000000000003,4.565,0,2,200
1896,373192,143.76499862968922,0.050000000000000044,5.145,0,3,200
1897,373440,150.87833301723003,0.025000000000000022,4.835,0,3,200
1898,373808,146.19166661798954,0.025000000000000022,5.365,0,2,200
1899,373984,151.7849989682436,0.040000000000000036,4.605,0,0,200
1900,374200,141.6400004774332,0.04500000000000004,5.46,0,3,200
1901,374248,136.4716670960188,0.06999999999999995,5.335,0,5,200
1902,374352,141.63833309710026,0.06000000000000005,5.105,0,3,200
1903,374640,141.29500100016594,0.050000000000000044,5.235,0,4,200
1904,374792,141.9533334672451,0.040000000000000036,5.63,0,3,200
1905,375040,140.90333397686481,0.06000000000000005,5.3,0,2,200
1906,375408,144.44666741788387,0.03500000000000003,5.38,0,3,200
1907,375584,137.50166667997837,0.06999999999999995,5.245,0,4,200
1908,375800,149.13166612386703,0.030000000000000027,4.705,0,6,200
1909,375848,145.30333158373833,0.030000000000000027,5.45,0,2,200
1910,375952,150.66833268105984,0.020000000000000018,4.955,0,3,200
1911,376240,150.13833362516016,0.025000000000000022,4.745,0,5,200
1912,376392,147.38833372294903,0.020000000000000018,5.525,0,2,200
1913,376640,154.0833328217268,0.030000000000000027,4.55,0,1,200
1914,377008,150.89166637137532,0.030000000000000027,4.585,0,5,200
1915,377184,152.19166776537895,0.0050000000000000044,5.395,0,1,200
1916,377400,156.77166599035263,0.015000000000000013,4.405,0,3,200
1917,377448,155.54500117897987,0.0,4.965,0,2,200
1918,377552,142.33166785538197,0.06000000000000005,5.125,0,4,200
1919,377840,149.91666673123837,0.015000000000000013,5.26,0,1,200
1920,377992,146.63833282887936,0.040000000000000036,4.805,0,5,200
1921,378240,149.9699993878603,0.030000000000000027,4.77,0,5,200
1922,378608,155.6049999035895,0.020000000000000018,4.425,0,2,200
1923,378784,152.9916670769453,0.020000000000000018,4.855,0,1,200
1924,379000,148.66166657209396,0.030000000000000027,5.065,0,1,200
1925,379048,147.9249997884035,0.050000000000000044,4.605,0,4,200
1926,379152,151.93833397328854,0.015000000000000013,5.075,0,1,200
1927,379440,140.50166641175747,0.050000000000000044,5.215,0,6,200
1928,379592,153.5849993377924,0.010000000000000009,4.755,0,5,200
1929,379840,136.0950008481741,0.07999999999999996,5.175,0,5,200
1930,380208,156.1650003194809,0.015000000000000013,4.665,0,0,200
1931,380384,148.41999977827072,0.04500000000000004,4.74,0,2,200
1932,380600,155.94166626036167,0.010000000000000009,4.795,0,0,200
1933,380648,151.03166654706,0.03500000000000003,4.615,0,3,200
1934,380752,145.81666645407677,0.025000000000000022,5.5,0,3,200
1935,381040,143.0233334666118,0.040000000000000036,5.3,0,4,200
1936,381192,158.70833218097687,0.015000000000000013,4.235,0,2,200
1937,381440,151.9900014847517,0.0,5.4,0,2,200
1938,381808,153.52000020444393,0.020000000000000018,4.86,0,1,200
1939,381984,141.7133348584175,0.05500000000000005,5.27,0,3,200
1940,382200,146.74333277344704,0.030000000000000027,5.06,0,4,200
1941,382248,154.60333167016506,0.020000000000000018,4.64,0,1,200
1942,382352,154.14500031247735,0.015000000000000013,4.635,0,3,200
1943,382640,147.3999994546175,0.030000000000000027,4.95,0,6,200
1944,382792,140.7350009083748,0.050000000000000044,5.445,0,3,200
1945,383040,150.60666680335999,0.025000000000000022,4.63,0,6,200
1946,383408,137.8666650801897,0.06499999999999995,5.29,0,4,200
1947,383584,146.39500026404858,0.040000000000000036,5.025,0,5,200
1948,383800,152.99166584014893,0.04500000000000004,4.345,0,0,200
1949,383848,159.29499806463718,0.0,4.635,0,1,200
1950,383952,141.10333420336246,0.040000000000000036,5.66,0,3,200
1951,384240,151.47833241522312,0.03500000000000003,4.595,0,3,200
1952,384392,138.270000949502,0.06499999999999995,5.22,0,5,200
1953,384640,143.21999935805798,0.04500000000000004,5.07,0,6,200
1954,385008,152.1933340728283,0.030000000000000027,4.82,0,1,200
1955,385184,148.7333321608603,0.030000000000000027,4.82,0,5,200
1956,385400,155.09833246469498,0.025000000000000022,4.295,0,3,200
1957,385448,140.11166743934155,0.05500000000000005,5.335,0,5,200
1958,385552,150.51166649535298,0.015000000000000013,4.855,0,6,200
1959,385840,147.93666765093803,0.030000000000000027,5.26,0,1,200
1960,385992,155.34333181381226,0.03500000000000003,4.25,0,0,200
1961,386240,156.66333332657814,0.015000000000000013,4.61,0,0,200
1962,386608,147.61000128090382,0.020000000000000018,5.46,0,1,200
1963,386784,151.03500066697598,0.025000000000000022,4.755,0,3,200
1964,387000,153.32833291590214,0.025000000000000022,4.565,0,4,200
1965,387048,147.96333308517933,0.025000000000000022,5.3,0,1,200
1966,387152,155.13999876379967,0.020000000000000018,4.68,0,2,200
1967,387440,145.89000022411346,0.05500000000000005,4.98,0,0,200
1968,387592,153.68999986350536,0.025000000000000022,4.68,0,2,200
1969,387840,142.98499901592731,0.04500000000000004,5.295,0,3,200
1970,388208,151.35666517913342,0.040000000000000036,4.45,0,3,200
1971,388384,135.14166682958603,0.06499999999999995,5.635,0,5,200
1972,388600,141.27833406627178,0.04500000000000004,5.435,0,4,200
1973,388648,149.6249995827675,0.025000000000000022,5.025,0,2,200
1974,388752,149.8749985843897,0.03500000000000003,4.695,0,2,200
1975,389040,146.78666678071022,0.030000000000000027,5.2,0,4,200
1976,389192,147.39833344519138,0.03500000000000003,4.925,0,4,200
1977,389440,154.59166584908962,0.010000000000000009,4.915,0,1,200
1978,389808,139.09500056505203,0.06499999999999995,5.025,0,5,200
1979,389984,151.96166647970676,0.020000000000000018,4.585,0,7,200
1980,390200,153.8833332657814,0.03500000000000003,4.52,0,0,200
1981,390248,150.3316665738821,0.030000000000000027,4.765,0,3,200
1982,390352,153.098332837224,0.030000000000000027,4.415,0,3,200
1983,390640,135.95666633546352,0.09499999999999997,4.78,0,5,200
1984,390792,151.78999982774258,0.03500000000000003,4.71,0,1,200
1985,391040,139.47833214700222,0.06000000000000005,5.255,0,5,200
1986,391408,141.10500012338161,0.06000000000000005,4.995,0,5,200
1987,391584,148.2783327102661,0.030000000000000027,4.955,0,4,200
1988,391800,155.8899997919798,0.015000000000000013,4.56,0,2,200
1989,391848,155.9399995803833,0.010000000000000009,4.68,0,2,200
1990,391952,144.54166769981384,0.040000000000000036,5.395,0,2,200
1991,392240,152.3800006210804,0.020000000000000018,4.92,0,3,200
1992,392392,145.60500080883503,0.03500000000000003,5.175,0,3,200
1993,392640,142.70666712895036,0.05500000000000005,4.72,0,7,200
1994,393008,147.22333301603794,0.03500000000000003,5.03,0,3,200
1995,393184,133.6383327394724,0.07999999999999996,5.375,0,6,200
1996,393400,149.075000628829,0.015000000000000013,5.415,0,2,200
1997,393448,145.6716661900282,0.05500000000000005,4.795,0,3,200
1998,393552,144.73166650533676,0.040000000000000036,5.215,0,3,200
1999,393840,143.6850011050701,0.04500000000000004,5.025,0,7,200
2000,393992,153.0299986191094,0.025000000000000022,4.56,0,3,200
2001,394240,143.6716668009758,0.04500000000000004,5.155,0,3,200
2002,394608,149.17333387490362,0.015000000000000013,5.21,0,4,200
2003,394784,132.00500053167343,0.09499999999999997,5.085,0,8,200
2004,395000,149.45166632533073,0.030000000000000027,4.945,0,3,200
2005,395048,139.44666734337807,0.05500000000000005,5.29,0,6,200
2006,395152,152.61666564643383,0.015000000000000013,4.69,0,5,200
2007,395440,156.13999989628792,0.010000000000000009,4.74,0,1,200
2008,395592,156.74833330512047,0.010000000000000009,4.535,0,3,200
2009,395840,147.50499953329563,0.03500000000000003,5.115,0,2,200
2010,396208,154.31166604533792,0.020000000000000018,4.285,0,5,200
2011,396384,154.98499961197376,0.025000000000000022,4.575,0,0,200
2012,396600,141.69500075280666,0.04500000000000004,5.295,0,4,200
2013,396648,144.0283318310976,0.06999999999999995,4.565,0,3,200
2014,396752,144.5916664302349,0.05500000000000005,4.675,0,4,200
2015,397040,154.64666558802128,0.020000000000000018,4.48,0,4,200
2016,397192,149.4566672295332,0.030000000000000027,4.81,0,4,200
2017,397440,158.28666718676686,0.015000000000000013,4.21,0,2,200
2018,397808,148.03166642785072,0.03500000000000003,4.855,0,4,200
2019,397984,149.16833326220512,0.025000000000000022,5.075,0,2,200
2020,398200,143.66166561841965,0.040000000000000036,5.215,0,5,200
2021,398248,147.93000003695488,0.025000000000000022,5.31,0,1,200
2022,398352,149.86666578054428,0.040000000000000036,4.6,0,4,200
2023,398640,152.51500011608005,0.020000000000000018,4.845,0,3,200
2024,398792,140.0983335673809,0.06499999999999995,5.165,0,4,200
2025,399040,143.18166679143906,0.040000000000000036,5.305,0,4,200
2026,399408,143.1416667252779,0.050000000000000044,5.125,0,4,200
2027,399584,146.19666635990143,0.05500000000000005,4.66,0,4,200
2028,399800,159.5783329308033,0.010000000000000009,4.205,0,2,200
2029,399848,157.91666685044765,0.0050000000000000044,4.6,0,2,200
2030,399952,152.05833315849304,0.03500000000000003,4.445,0,3,200
2031,400240,140.68666598200798,0.07499999999999996,4.78,0,4,200
2032,400392,138.8266673386097,0.06499999999999995,5.02,0,6,200
2033,400640,149.7433323264122,0.025000000000000022,4.76,0,6,200
2034,401008,146.56833444535732,0.040000000000000036,5.135,0,2,200
2035,401184,150.8366666585207,0.05500000000000005,4.21,0,3,200
2036,401400,147.52500014007092,0.030000000000000027,5.085,0,4,200
