episode,timestep,reward,sla_violation,mean_replicas,crashes,flapping_incidents,length
0,48,-19.906667195260525,0.8333333333333334,1.6666666666666667,1,0,6
1,56,-22.349999204277992,0.8571428571428572,4.285714285714286,1,3,7
2,160,-25.001665890216827,0.9,3.35,1,6,20
3,216,-31.915000319480896,1.0,4.111111111111111,1,10,27
4,256,-22.268333226442337,0.8333333333333334,6.416666666666667,1,1,12
5,296,-3.678333219140768,0.21621621621621623,3.054054054054054,1,11,37
6,304,-20.3716658949852,0.7272727272727273,4.454545454545454,1,2,11
7,472,-16.873333636671305,0.39622641509433965,5.471698113207547,1,23,53
8,520,-23.541667222976685,1.0,5.166666666666667,1,3,6
9,592,-37.15333258360624,0.5945945945945945,7.405405405405405,1,33,74
10,640,-21.156665831804276,1.0,1.6666666666666667,1,1,6
11,1208,-12.873333738185465,0.352112676056338,7.211267605633803,1,24,71
12,1600,-5.1533327633515,0.495,6.31,0,74,200
13,1600,25.9600000474602,0.28,7.59,0,75,200
14,1656,46.50166708044708,0.16500000000000004,8.125,0,71,200
15,1736,-18.361667215824127,0.6,2.5,1,2,10
16,1800,9.541666591539979,0.1968911917098446,8.699481865284975,1,78,193
17,1896,-18.613333765417337,0.55,4.3,1,5,20
18,1896,49.609999710693955,0.06000000000000005,9.6,0,81,200
19,1904,2.668333879671991,0.47,7.085,0,60,200
20,1920,-19.03333257511258,0.4382022471910112,6.359550561797753,1,33,89
21,2064,-29.72833240032196,0.9047619047619048,3.9523809523809526,1,11,21
22,2120,11.953333480283618,0.36,7.76,0,73,200
23,2240,-27.385000575333834,1.0,2.590909090909091,1,6,22
24,2400,-18.71499975491315,0.6166666666666667,3.15,1,19,60
25,2984,0.6533344378694892,0.18918918918918914,9.513513513513514,1,55,148
26,3016,-44.06666699051857,0.8701298701298701,4.7272727272727275,1,27,77
27,3120,7.053333832882345,0.2210526315789474,8.705263157894738,1,71,190
28,3192,-16.428333474323153,0.48765432098765427,5.438271604938271,1,60,162
29,3200,53.46333341859281,0.16000000000000003,6.71,0,81,200
30,3312,-17.414999168366194,0.4054054054054054,8.027027027027026,1,8,37
31,3416,-19.851667024195194,0.5945945945945945,6.1891891891891895,1,6,37
32,3488,-16.77000041306019,0.5,3.5454545454545454,1,5,22
33,3504,39.08666665293276,0.125,9.85,0,75,200
34,3608,-24.815000504255295,0.9230769230769231,5.3076923076923075,1,5,13
35,3720,20.030000304803252,0.265,8.97,0,71,200
36,3760,-19.173332379199564,0.5,4.470588235294118,1,14,34
37,3784,-16.646666385233402,0.43243243243243246,6.621621621621622,1,26,74
38,3840,27.950000365264714,0.35,5.07,0,84,200
39,3848,-26.678333312273026,0.9375,7.0625,1,3,16
40,3984,-14.838332582265139,0.4642857142857143,4.035714285714286,1,6,28
41,4120,-15.639999270439148,0.40909090909090906,6.613636363636363,1,31,88
42,4304,-19.733332589268684,0.4782608695652174,7.130434782608695,1,6,23
43,4320,-3.5083336690440774,0.2921348314606742,5.921348314606742,1,35,89
44,4344,-25.57166624814272,0.5571428571428572,6.785714285714286,1,23,70
45,4568,-22.58666729182005,0.6774193548387097,4.580645161290323,1,9,31
46,4584,45.053333573043346,0.20999999999999996,7.04,0,75,200
47,4672,-26.21833375096321,0.9230769230769231,5.0,1,6,13
48,4728,-12.236667297780514,0.41509433962264153,5.622641509433962,1,13,53
49,4800,61.46166694536805,0.050000000000000044,9.385,0,66,200
50,5440,53.28833348210901,0.14500000000000002,8.525,0,64,200
51,5448,35.503333517350256,0.17500000000000004,9.26,0,72,200
52,5528,-20.609999805688858,0.9,2.4,1,0,10
53,5584,22.093333603814244,0.19499999999999995,9.89,0,76,200
54,5760,-24.283333871513605,0.6206896551724138,4.827586206896552,1,12,29
55,5912,0.9833334097638726,0.38129496402877694,6.848920863309353,1,33,139
56,5944,30.07000025641173,0.265,7.23,0,79,200
57,6080,-8.0916659059003,0.31818181818181823,8.426136363636363,1,64,176
58,6184,9.758333591744304,0.25,9.575,0,84,200
59,6328,7.033333338797092,0.365,8.24,0,72,200
60,6896,-6.996665644459426,0.37323943661971826,6.492957746478873,1,55,142
61,7040,9.623333535157144,0.31000000000000005,8.96,0,73,200
62,7064,44.77666639816016,0.10810810810810811,6.52972972972973,1,69,185
63,7144,-46.101666749455035,0.6390977443609023,6.954887218045113,1,48,133
64,7200,-23.711665633134544,0.3850931677018633,7.869565217391305,1,67,161
65,7544,38.47166714537889,0.14500000000000002,8.995,0,81,200
66,7784,15.451667125336826,0.22499999999999998,10.105,0,77,200
67,7928,47.28333387058228,0.125,8.66,0,76,200
68,8128,-18.80833376571536,0.52,5.24,1,7,25
69,8496,16.83333366829902,0.265,9.05,0,76,200
70,8640,44.7916666995734,0.17500000000000004,8.875,0,61,200
71,8664,34.36333364807069,0.235,8.45,0,63,200
72,8712,-20.66833384335041,1.0,1.8333333333333333,1,0,6
73,8744,33.06833349354565,0.30500000000000005,7.805,0,56,200
74,8800,55.34166690148413,0.15500000000000003,7.885,0,66,200
75,8928,-17.930000565946102,0.5925925925925926,3.111111111111111,1,7,27
76,9144,53.308333430439234,0.18999999999999995,7.745,0,60,200
77,9384,15.103333386592567,0.29000000000000004,8.81,0,76,200
78,9728,42.703333779238164,0.11499999999999999,9.05,0,83,200
79,10096,27.39166694507003,0.24,9.025,0,69,200
80,10240,40.26666706521064,0.18999999999999995,8.47,0,74,200
81,10344,33.66499975975603,0.16000000000000003,10.125,0,70,200
82,10400,48.968333296477795,0.17500000000000004,8.045,0,67,200
83,10528,49.710000296123326,0.17500000000000004,7.95,0,67,200
84,10584,33.39333379268646,0.09333333333333338,8.306666666666667,1,41,150
85,10688,-11.818333923816681,0.4464285714285714,5.553571428571429,1,13,56
86,10744,32.68833346385509,0.26,8.195,0,65,200
87,10808,-16.378332626074553,0.3793103448275862,7.844827586206897,1,18,58
88,11304,-27.958333163522184,0.5,8.385714285714286,1,26,70
89,11328,32.22833328973502,0.20499999999999996,9.515,0,64,200
90,11392,-18.14166630525142,0.4320987654320988,7.746913580246914,1,51,162
91,12000,70.16500015743077,0.05500000000000005,8.565,0,64,200
92,12128,12.351667101494968,0.30500000000000005,8.995,0,72,200
93,12184,62.083333178423345,0.09999999999999998,9.05,0,57,200
94,12288,39.478333642706275,0.14500000000000002,9.485,0,72,200
95,12408,16.631666615605354,0.24,10.285,0,68,200
96,12904,13.464999938383698,0.29000000000000004,9.765,0,64,200
97,12928,28.918333577923477,0.19999999999999996,10.115,0,64,200
98,12992,43.61333326622844,0.12,10.04,0,67,200
99,13328,22.655000500380993,0.09333333333333338,9.82,1,43,150
100,13600,54.82499985489994,0.06000000000000005,10.785,0,59,200
101,13784,59.856666029430926,0.04500000000000004,10.78,0,53,200
102,13888,30.53500021249056,0.25,10.065,0,47,200
103,14008,48.6933334833011,0.14500000000000002,9.53,0,58,200
104,14504,65.01499939430505,0.015000000000000013,10.755,0,58,200
105,14528,33.94500023499131,0.19999999999999996,9.675,0,63,200
106,14592,31.518333131447434,0.15500000000000003,10.415,0,69,200
107,14928,66.07666644733399,0.06000000000000005,10.27,0,49,200
108,15200,62.110000235028565,0.07499999999999996,9.69,0,56,200
109,15384,38.48666665982455,0.17000000000000004,10.93,0,46,200
110,15488,54.95833353884518,0.10999999999999999,9.905,0,55,200
111,15608,51.88166650477797,0.07999999999999996,10.585,0,59,200
112,16104,54.91000000946224,0.09999999999999998,9.48,0,63,200
113,16128,66.59999985899776,0.05500000000000005,9.99,0,51,200
114,16192,60.480000234209,0.06000000000000005,9.63,0,63,200
115,16528,59.63166666589677,0.11499999999999999,8.815,0,60,200
116,16632,32.633332600817084,0.11173184357541899,9.810055865921788,1,42,179
117,16984,65.01666622422636,0.020000000000000018,10.42,0,61,200
118,17088,56.603333356790245,0.07999999999999996,10.4,0,53,200
119,17208,52.26499947439879,0.06000000000000005,10.785,0,61,200
120,17704,50.434999756515026,0.09999999999999998,10.725,0,53,200
121,17728,45.71666642278433,0.16500000000000004,11.14,0,35,200
122,17792,58.68499992694706,0.12,10.275,0,41,200
123,18128,54.56833266094327,0.050000000000000044,11.255,0,56,200
124,18232,40.946666554547846,0.16500000000000004,10.6,0,51,200
125,18584,66.72333284653723,0.025000000000000022,10.73,0,50,200
126,18688,29.21166687272489,0.26,10.435,0,41,200
127,18808,35.07999958842993,0.19999999999999996,10.23,0,54,200
128,19304,79.41166630014777,0.040000000000000036,10.075,0,36,200
129,19328,61.18000002205372,0.06499999999999995,11.1,0,46,200
130,19392,21.606666311621666,0.29000000000000004,10.87,0,33,200
131,19728,21.796666736714542,0.22499999999999998,10.39,0,63,200
132,19832,58.431666165590286,0.07999999999999996,11.005,0,45,200
133,20184,52.838333036750555,0.07999999999999996,10.685,0,56,200
134,20288,21.65499935671687,0.27,10.665,0,43,200
135,20408,21.354999620467424,0.19499999999999995,11.055,0,63,200
136,20904,63.47999966330826,0.07499999999999996,10.56,0,44,200
137,20928,64.09166629891843,0.08499999999999996,10.735,0,38,200
138,20992,39.9233332304284,0.14500000000000002,10.91,0,53,200
139,21328,46.004999469965696,0.17500000000000004,10.785,0,37,200
140,21432,68.62499967589974,0.03500000000000003,10.815,0,44,200
141,21784,56.511666644364595,0.08999999999999997,11.155,0,40,200
142,21888,36.19833330437541,0.19499999999999995,10.595,0,49,200
143,22008,59.2966662524268,0.09499999999999997,10.93,0,37,200
144,22504,76.78166614100337,0.025000000000000022,11.095,0,33,200
145,22528,41.65333322342485,0.18500000000000005,10.88,0,40,200
146,22592,78.65499973390251,0.030000000000000027,10.815,0,31,200
147,22928,53.44499966315925,0.12,10.215,0,52,200
148,23032,53.77333314996213,0.14,10.4,0,42,200
149,23152,-24.993333131074905,1.0,4.533333333333333,1,3,15
150,23384,54.21666649635881,0.11499999999999999,10.33,0,51,200
151,23488,72.77833244856447,0.050000000000000044,11.225,0,27,200
152,23608,45.98999928496778,0.13,11.04,0,47,200
153,24104,63.21999926958233,0.09499999999999997,11.4,0,23,200
154,24128,60.17666621413082,0.10499999999999998,11.14,0,32,200
155,24192,57.869999752379954,0.06499999999999995,10.71,0,53,200
156,24528,75.4199997074902,0.04500000000000004,10.83,0,32,200
157,24752,71.00833281502128,0.050000000000000044,11.045,0,32,200
158,24984,68.8933330308646,0.07499999999999996,10.97,0,29,200
159,25088,65.00833284109831,0.08499999999999996,10.625,0,40,200
160,25208,35.13666628766805,0.19999999999999996,10.9,0,43,200
161,25704,69.8849998805672,0.06999999999999995,11.085,0,27,200
162,25728,59.28333308175206,0.09999999999999998,11.0,0,35,200
163,25792,82.96666622627527,0.010000000000000009,11.02,0,27,200
164,26128,65.10999938100576,0.09499999999999997,11.04,0,28,200
165,26352,75.03333295881748,0.050000000000000044,10.79,0,30,200
166,26584,66.82999981380999,0.08499999999999996,10.71,0,34,200
167,26688,80.74999912641943,0.010000000000000009,11.07,0,29,200
168,26808,64.98999961279333,0.08999999999999997,11.1,0,29,200
169,27184,12.209999425336719,0.0,10.258064516129032,1,4,62
170,27304,84.1999993538484,0.015000000000000013,11.19,0,22,200
171,27328,88.79333241097629,0.0,11.15,0,20,200
172,27392,79.97999931126833,0.04500000000000004,11.19,0,19,200
173,27728,44.864999651908875,0.15500000000000003,11.055,0,42,200
174,27952,38.33166607376188,0.245,11.065,0,23,200
175,28184,52.178332454524934,0.14500000000000002,11.315,0,30,200
176,28408,61.311666363850236,0.07499999999999996,11.125,0,37,200
177,28784,84.91833256930113,0.010000000000000009,10.865,0,26,200
178,28904,44.47999919299036,0.18500000000000005,11.31,0,29,200
179,28928,26.916666055098176,0.30000000000000004,11.14,0,22,200
180,28992,69.08999925199896,0.06999999999999995,11.34,0,26,200
181,29328,56.9349996522069,0.125,11.115,0,32,200
182,29552,85.18166647292674,0.010000000000000009,11.155,0,26,200
183,29784,67.70333275292069,0.09499999999999997,11.06,0,25,200
184,30008,73.83499957807362,0.06499999999999995,10.695,0,30,200
185,30384,74.33999974373728,0.06000000000000005,10.74,0,30,200
186,30504,69.95333307050169,0.10999999999999999,10.7,0,19,200
187,30528,78.69833251927048,0.03500000000000003,11.495,0,20,200
188,30592,58.05999885778874,0.15000000000000002,11.46,0,15,200
189,30928,73.82833299133927,0.09999999999999998,10.415,0,22,200
190,31152,84.80333278980106,0.03500000000000003,10.49,0,25,200
191,31384,69.95666586328298,0.06999999999999995,11.05,0,30,200
192,31608,67.06499908491969,0.10999999999999999,11.025,0,18,200
193,31984,74.11833291873336,0.06499999999999995,11.075,0,23,200
194,32104,69.2033327203244,0.12,11.12,0,15,200
195,32128,63.658332750201225,0.14,11.225,0,14,200
196,32192,81.7249994520098,0.07999999999999996,10.665,0,13,200
197,32528,70.7816661586985,0.06999999999999995,11.245,0,24,200
198,32752,46.87833311036229,0.16500000000000004,11.135,0,36,200
199,32984,80.29333286453038,0.03500000000000003,10.88,0,26,200
200,33208,57.62166604120284,0.17000000000000004,10.975,0,18,200
201,33584,71.12999929394573,0.08999999999999997,11.31,0,18,200
202,33704,82.36666595563293,0.040000000000000036,11.5,0,13,200
203,33728,78.27166606113315,0.03500000000000003,11.305,0,23,200
204,33792,92.33666621241719,0.0050000000000000044,11.02,0,15,200
205,34128,86.09333257377148,0.010000000000000009,11.3,0,19,200
206,34352,72.75666603632271,0.11499999999999999,10.6,0,17,200
207,34584,67.08999976888299,0.125,10.95,0,17,200
208,34808,72.2299992153421,0.07999999999999996,11.04,0,23,200
209,35184,89.37166672199965,0.06000000000000005,10.045,0,17,200
210,35304,49.72166638635099,0.22499999999999998,10.825,0,13,200
211,35328,85.44333261158317,0.0050000000000000044,11.39,0,20,200
212,35392,78.05999989900738,0.05500000000000005,10.98,0,24,200
213,35728,85.39666628371924,0.015000000000000013,10.87,0,26,200
214,35952,82.90499931201339,0.050000000000000044,10.785,0,20,200
215,36184,76.42166650574654,0.06499999999999995,10.375,0,30,200
216,36408,72.01499948743731,0.07499999999999996,11.205,0,22,200
217,36784,60.7133329436183,0.15000000000000002,11.03,0,20,200
218,36904,48.039999978616834,0.22999999999999998,10.68,0,19,200
219,36928,67.36666608694941,0.10499999999999998,11.41,0,17,200
220,36992,61.31166620738804,0.12,11.395,0,22,200
221,37328,92.2166666733101,0.0050000000000000044,10.78,0,19,200
222,37552,76.31166611239314,0.08499999999999996,11.335,0,9,200
223,37784,57.068333056755364,0.17000000000000004,10.955,0,19,200
224,38008,74.22499989159405,0.12,10.395,0,15,200
225,38384,90.56833303906024,0.020000000000000018,10.775,0,17,200
226,38504,78.79999976046383,0.06499999999999995,10.44,0,27,200
227,38528,65.45333315059543,0.15000000000000002,10.37,0,20,200
228,38592,74.63999984413385,0.125,10.62,0,11,200
229,38928,55.284999755211174,0.20999999999999996,10.845,0,12,200
230,39152,93.32833280507475,0.020000000000000018,10.925,0,12,200
231,39384,90.13499955274165,0.030000000000000027,10.635,0,19,200
232,39608,95.95666626561433,0.025000000000000022,10.48,0,11,200
233,39984,47.899999492801726,0.21499999999999997,11.16,0,17,200
234,40104,86.61666637659073,0.08999999999999997,9.37,0,20,200
235,40128,84.72999955248088,0.06000000000000005,11.04,0,10,200
236,40192,81.72666660323739,0.04500000000000004,10.72,0,25,200
237,40528,89.6883329609409,0.025000000000000022,11.285,0,10,200
238,40752,74.611666158773,0.07999999999999996,11.095,0,19,200
239,40984,68.77833267394453,0.10999999999999999,10.625,0,24,200
240,41208,88.26166604552418,0.025000000000000022,11.395,0,12,200
241,41584,82.48833276238292,0.06499999999999995,11.075,0,10,200
242,41704,82.15166683401912,0.06999999999999995,10.765,0,16,200
243,41728,79.79499988164753,0.07499999999999996,10.905,0,15,200
244,41792,85.92499962914735,0.06000000000000005,10.455,0,16,200
245,42128,89.3783332305029,0.020000000000000018,10.715,0,21,200
246,42352,95.80333305709064,0.04500000000000004,10.4,0,7,200
247,42584,94.79499997012317,0.040000000000000036,10.515,0,10,200
248,42808,92.40499933622777,0.025000000000000022,10.665,0,16,200
249,43184,71.59999973047525,0.14,10.74,0,8,200
250,43304,63.96666624955833,0.18999999999999995,10.54,0,7,200
251,43328,92.03499988093972,0.020000000000000018,11.175,0,12,200
252,43392,93.20999969728291,0.025000000000000022,11.01,0,8,200
253,43728,88.89499964006245,0.015000000000000013,11.535,0,11,200
254,43952,74.96833341475576,0.09999999999999998,11.075,0,14,200
255,44184,91.83999972883612,0.050000000000000044,10.77,0,7,200
256,44408,73.73833347670734,0.10999999999999999,10.265,0,22,200
257,44784,72.27666644752026,0.12,10.81,0,14,200
258,44904,97.35333347413689,0.010000000000000009,10.73,0,13,200
259,44928,89.63833307940513,0.08499999999999996,9.875,0,10,200
260,44992,73.94833316653967,0.09999999999999998,11.105,0,16,200
261,45328,89.04999989364296,0.040000000000000036,10.59,0,16,200
262,45552,88.59499980974942,0.08999999999999997,9.705,0,14,200
263,45784,80.59166680742055,0.09999999999999998,10.285,0,14,200
264,46008,81.59333279635757,0.10499999999999998,10.79,0,6,200
265,46384,61.27499967999756,0.17500000000000004,10.995,0,12,200
266,46504,99.90500004310161,0.030000000000000027,10.305,0,7,200
267,46528,46.50333313923329,0.22999999999999998,11.12,0,15,200
268,46592,92.41833305265754,0.030000000000000027,10.865,0,9,200
269,46928,80.84166655223817,0.11499999999999999,9.895,0,13,200
270,47152,71.72166694980115,0.135,10.825,0,11,200
271,47384,81.34499953780323,0.08499999999999996,11.025,0,9,200
272,47608,65.42666675895452,0.16000000000000003,10.81,0,13,200
273,47984,54.87166604306549,0.21999999999999997,11.035,0,7,200
274,48104,93.50166643224657,0.040000000000000036,10.795,0,7,200
275,48128,84.62666603643447,0.07999999999999996,10.72,0,9,200
276,48192,65.46833322849125,0.15000000000000002,10.835,0,17,200
277,48528,79.2783330893144,0.08999999999999997,10.715,0,13,200
278,48752,57.636666778475046,0.235,9.91,0,12,200
279,48984,65.28833317290992,0.16000000000000003,11.195,0,9,200
280,49208,53.43833304196596,0.21999999999999997,10.865,0,12,200
281,49584,75.92000012472272,0.11499999999999999,10.77,0,11,200
282,49704,79.0550001328811,0.11499999999999999,10.545,0,7,200
283,49728,99.49166685435921,0.03500000000000003,9.865,0,11,200
284,49792,75.7966663306579,0.08499999999999996,11.32,0,13,200
285,50128,83.77833364531398,0.12,9.485,0,14,200
286,50352,97.69333290681243,0.050000000000000044,10.19,0,6,200
287,50584,74.42833339236677,0.125,10.715,0,10,200
288,50808,97.29500006511807,0.015000000000000013,10.575,0,11,200
289,51184,89.18000023253262,0.08999999999999997,9.6,0,14,200
290,51304,79.4316666033119,0.125,9.925,0,12,200
291,51328,96.6566665833816,0.030000000000000027,10.3,0,13,200
292,51392,77.10999969765544,0.10999999999999999,11.04,0,8,200
293,51728,51.0866661099717,0.26,10.48,0,10,200
294,51952,64.46499953046441,0.15500000000000003,11.205,0,10,200
295,52184,76.49833343923092,0.135,10.115,0,13,200
296,52408,92.3183331657201,0.040000000000000036,10.295,0,16,200
297,52784,90.22499952744693,0.08499999999999996,9.495,0,15,200
298,52840,1.908333952538669,0.24390243902439024,10.475609756097562,1,4,82
299,52904,75.6299996143207,0.14500000000000002,10.29,0,9,200
300,52928,77.6333323251456,0.125,10.58,0,7,200
301,52992,92.3183329673484,0.020000000000000018,11.105,0,9,200
302,53328,103.65833302214742,0.015000000000000013,9.875,0,11,200
303,53552,95.10166628379375,0.025000000000000022,10.975,0,7,200
304,54008,75.87499982118607,0.12,10.845,0,10,200
305,54384,92.09166649542749,0.03500000000000003,10.885,0,10,200
306,54440,77.09666635934263,0.09999999999999998,11.14,0,8,200
307,54504,93.57833287958056,0.040000000000000036,10.685,0,8,200
308,54528,69.86500020418316,0.14500000000000002,10.365,0,15,200
309,54592,94.25499982573092,0.03500000000000003,10.575,0,9,200
310,54928,74.06333325710148,0.09999999999999998,10.58,0,22,200
311,55152,82.7883329866454,0.06000000000000005,11.135,0,14,200
312,55608,90.9366668695584,0.05500000000000005,10.87,0,7,200
313,55984,104.37166701164097,0.03500000000000003,9.235,0,13,200
314,56040,102.7816670872271,0.030000000000000027,9.685,0,10,200
315,56104,56.25333310570568,0.22999999999999998,10.79,0,6,200
316,56128,91.6866662632674,0.07999999999999996,9.79,0,10,200
317,56192,49.63499937672168,0.24,10.815,0,10,200
318,56528,62.05166662018746,0.19499999999999995,10.825,0,6,200
319,56752,84.94333273824304,0.09499999999999997,10.58,0,7,200
320,57208,81.74666678067297,0.14,9.52,0,10,200
321,57584,83.34666673559695,0.05500000000000005,10.99,0,16,200
322,57640,79.88166620209813,0.17500000000000004,9.055,0,9,200
323,57704,84.44499956257641,0.07999999999999996,10.245,0,14,200
324,57728,79.23666652757674,0.09499999999999997,10.51,0,13,200
325,57792,86.12166657764465,0.10499999999999998,9.565,0,14,200
326,58128,87.30499990656972,0.06499999999999995,10.515,0,12,200
327,58352,87.71333326678723,0.06999999999999995,10.58,0,10,200
328,58808,95.64166670572013,0.06000000000000005,9.655,0,14,200
329,59184,88.19999967515469,0.07999999999999996,10.41,0,8,200
330,59240,88.99166652839631,0.06499999999999995,10.525,0,10,200
331,59304,107.32333360891789,0.020000000000000018,9.35,0,11,200
332,59328,93.08166637457907,0.06999999999999995,9.745,0,12,200
333,59392,88.32999992277473,0.09499999999999997,9.81,0,11,200
334,59728,100.94000042509288,0.06999999999999995,9.45,0,5,200
335,59952,78.010000561364,0.125,10.05,0,14,200
336,60408,79.39333320967853,0.10999999999999999,10.82,0,7,200
337,60784,69.43000000715256,0.15000000000000002,10.68,0,9,200
338,60840,105.10000045690686,0.06000000000000005,8.67,0,10,200
339,60904,92.89000015798956,0.050000000000000044,10.44,0,10,200
340,60928,91.06666670739651,0.10499999999999998,9.34,0,10,200
341,60992,89.30666707176715,0.07999999999999996,10.15,0,10,200
342,61328,87.64666632469743,0.07499999999999996,10.6,0,8,200
343,61552,82.85333260241896,0.10999999999999999,10.4,0,8,200
344,62008,101.98666582908481,0.040000000000000036,10.0,0,5,200
345,62384,102.98166702408344,0.06000000000000005,8.845,0,11,200
346,62440,113.7583331130445,0.010000000000000009,9.005,0,9,200
347,62504,94.81333326455206,0.06000000000000005,9.92,0,11,200
348,62528,68.95333312824368,0.15000000000000002,10.88,0,10,200
349,62592,102.01000108011067,0.040000000000000036,9.63,0,9,200
350,62928,109.72333318926394,0.020000000000000018,9.29,0,8,200
351,63152,66.80500008817762,0.17500000000000004,11.055,0,4,200
352,63608,87.9000002508983,0.08999999999999997,10.11,0,10,200
353,63984,90.22333272453398,0.11499999999999999,9.59,0,6,200
354,64040,98.13500004820526,0.09499999999999997,8.565,0,11,200
355,64104,76.59999977424741,0.15000000000000002,10.32,0,6,200
356,64128,93.51499969512224,0.11499999999999999,8.865,0,10,200
357,64192,75.75833339150995,0.16000000000000003,10.115,0,6,200
358,64528,85.18666662927717,0.16000000000000003,9.28,0,3,200
359,64752,80.62833324540406,0.08499999999999996,10.925,0,10,200
360,65208,95.15833278838545,0.06499999999999995,10.055,0,8,200
361,65584,83.04333391785622,0.08999999999999997,10.43,0,12,200
362,65640,92.70000035129488,0.08499999999999996,9.75,0,7,200
363,65704,63.51666653342545,0.22999999999999998,9.64,0,9,200
364,65728,74.89166676998138,0.18500000000000005,9.775,0,3,200
365,65792,59.51499984692782,0.22999999999999998,10.215,0,8,200
366,66128,57.96500028204173,0.21999999999999997,10.245,0,13,200
367,66352,87.20666647236794,0.13,9.52,0,5,200
368,66808,69.10166622325778,0.17500000000000004,10.465,0,6,200
369,67184,108.48666647728533,0.020000000000000018,9.76,0,5,200
370,67240,57.17833317164332,0.235,10.205,0,9,200
371,67304,67.15166655834764,0.18500000000000005,10.645,0,4,200
372,67328,101.90999961271882,0.015000000000000013,10.11,0,10,200
373,67392,91.41666720807552,0.14,8.56,0,7,200
374,67728,118.02499970700592,0.0050000000000000044,8.895,0,6,200
375,67952,69.69500008504838,0.18000000000000005,10.065,0,8,200
376,68408,79.37666651327163,0.13,10.06,0,10,200
377,68784,97.72333333920687,0.07499999999999996,9.44,0,6,200
378,68840,115.07166654244065,0.050000000000000044,8.155,0,4,200
379,68904,73.28499948140234,0.18000000000000005,10.215,0,3,200
380,68928,110.85166694875807,0.08499999999999996,8.065,0,5,200
381,68992,99.1549994200468,0.06499999999999995,9.765,0,3,200
382,69328,69.559999672696,0.15500000000000003,10.77,0,8,200
383,69552,76.42333260178566,0.135,10.43,0,10,200
384,69576,-1.593332290649414,0.16129032258064513,5.096774193548387,1,1,31
385,70008,96.96333364769816,0.09499999999999997,8.75,0,13,200
386,70384,106.48333309590816,0.05500000000000005,8.51,0,13,200
387,70440,99.29833406768739,0.06999999999999995,9.125,0,11,200
388,70504,106.27999934740365,0.050000000000000044,8.55,0,13,200
389,70528,80.88166647031903,0.10999999999999999,10.435,0,10,200
390,70592,100.17833251785487,0.04500000000000004,10.115,0,6,200
391,71152,83.86166744492948,0.16500000000000004,8.725,0,10,200
392,71176,78.13166631758213,0.13,10.765,0,4,200
393,71608,95.18666683603078,0.08999999999999997,9.28,0,8,200
394,71984,87.02500045578927,0.12,9.435,0,12,200
395,72040,85.49666723329574,0.13,9.16,0,12,200
396,72104,78.14500037021935,0.10999999999999999,10.725,0,10,200
397,72128,98.19166696164757,0.04500000000000004,9.655,0,14,200
398,72192,81.11333336401731,0.13,9.89,0,9,200
399,72752,104.3333327518776,0.06499999999999995,8.72,0,9,200
400,72776,98.2133339708671,0.08499999999999996,9.41,0,5,200
401,73208,51.448333215899765,0.26,10.475,0,7,200
402,73584,78.5283330893144,0.19499999999999995,8.825,0,7,200
403,73640,91.82500009518117,0.07499999999999996,10.215,0,6,200
404,73704,104.50500013493001,0.050000000000000044,8.985,0,11,200
405,73728,61.11666662618518,0.22999999999999998,10.15,0,7,200
406,73792,89.99333344399929,0.135,8.75,0,10,200
407,74352,77.88499978836626,0.135,10.185,0,9,200
408,74376,73.60000005271286,0.17500000000000004,10.17,0,5,200
409,74808,89.69499923754483,0.09499999999999997,9.795,0,9,200
410,75184,114.67333360761404,0.030000000000000027,8.81,0,5,200
411,75240,57.19500003289431,0.22499999999999998,10.275,0,13,200
412,75304,98.77166674192995,0.09499999999999997,8.665,0,9,200
413,75328,104.72833315003663,0.04500000000000004,9.215,0,10,200
414,75392,100.91000056173652,0.020000000000000018,10.5,0,7,200
415,75952,93.16666738595814,0.14500000000000002,8.32,0,8,200
416,75976,76.74833370372653,0.18000000000000005,9.665,0,6,200
417,76408,75.32666620146483,0.16000000000000003,10.27,0,4,200
418,76784,105.87999975308776,0.08999999999999997,8.43,0,3,200
419,76840,109.64333350025117,0.08499999999999996,7.91,0,7,200
420,76904,88.10833228938282,0.125,9.485,0,6,200
421,76928,106.5283337533474,0.050000000000000044,8.975,0,7,200
422,76992,66.12333312816918,0.19999999999999996,10.58,0,3,200
423,77552,92.39500005356967,0.06999999999999995,10.215,0,7,200
424,77576,80.09166688937694,0.10999999999999999,10.735,0,7,200
425,78008,60.98499998450279,0.22999999999999998,9.795,0,11,200
426,78384,92.09833297971636,0.09999999999999998,9.395,0,8,200
427,78440,93.00333351455629,0.050000000000000044,10.34,0,11,200
428,78504,86.15000003017485,0.08999999999999997,10.77,0,5,200
429,78528,87.00833328254521,0.09999999999999998,9.605,0,13,200
430,78592,86.52833369933069,0.11499999999999999,9.935,0,5,200
431,79152,96.21666716597974,0.07999999999999996,9.46,0,7,200
432,79176,113.75000116974115,0.050000000000000044,8.55,0,4,200
433,79608,105.70499967318028,0.07499999999999996,8.415,0,10,200
434,79984,100.95666718669236,0.030000000000000027,10.54,0,4,200
435,80040,104.54833313450217,0.040000000000000036,9.545,0,7,200
436,80104,107.47833356261253,0.020000000000000018,9.995,0,2,200
437,80128,115.03333339374512,0.0050000000000000044,9.11,0,8,200
438,80192,85.91833332087845,0.12,10.025,0,4,200
439,80752,86.04333368875086,0.14500000000000002,8.81,0,12,200
440,80776,91.35333411023021,0.15000000000000002,8.27,0,8,200
441,81208,100.49166666064411,0.07499999999999996,8.995,0,10,200
442,81584,69.64833289664239,0.235,8.675,0,10,200
443,81640,90.51666727848351,0.125,9.19,0,6,200
444,81704,97.18500046245754,0.07999999999999996,9.345,0,11,200
445,81728,91.93500024825335,0.11499999999999999,9.075,0,10,200
446,81792,65.76166649442166,0.20499999999999996,9.955,0,10,200
447,82352,116.08666641637683,0.030000000000000027,8.59,0,5,200
448,82376,70.78333282936364,0.18000000000000005,9.98,0,11,200
449,82808,97.09499982744455,0.06499999999999995,9.615,0,10,200
450,83184,103.41666721459478,0.06499999999999995,9.19,0,7,200
451,83240,107.52500023599714,0.06000000000000005,8.565,0,9,200
452,83304,102.67500014137477,0.06999999999999995,9.075,0,8,200
453,83328,105.82166661974043,0.07499999999999996,8.815,0,5,200
454,83392,96.10833334270865,0.06999999999999995,9.545,0,11,200
455,83952,66.39166638161987,0.24,8.965,0,11,200
456,83976,99.41666717175394,0.09999999999999998,8.29,0,13,200
457,84408,73.94499972928315,0.18000000000000005,9.795,0,7,200
458,84784,91.12666685227305,0.09499999999999997,9.61,0,10,200
459,84840,97.42666685488075,0.10999999999999999,8.92,0,4,200
460,84904,91.21999943628907,0.07499999999999996,10.41,0,5,200
461,84928,66.1533334814012,0.20499999999999996,9.86,0,11,200
462,84992,99.71666658483446,0.07999999999999996,9.01,0,9,200
463,85552,86.85666668973863,0.09499999999999997,10.09,0,12,200
464,85576,105.63666654936969,0.06000000000000005,8.62,0,9,200
465,86008,46.110000108368695,0.27,10.38,0,11,200
466,86384,90.47666618134826,0.09999999999999998,10.18,0,2,200
467,86440,92.96833343058825,0.09999999999999998,9.305,0,9,200
468,86504,113.56333387363702,0.03500000000000003,8.69,0,6,200
469,86528,106.44333346094936,0.04500000000000004,9.17,0,8,200
470,86592,84.2266672924161,0.14500000000000002,9.55,0,6,200
471,87152,106.57666688412428,0.04500000000000004,9.67,0,2,200
472,87176,103.54166689421982,0.07999999999999996,8.485,0,10,200
473,87608,94.36000006087124,0.10499999999999998,9.33,0,5,200
474,87984,103.41999946907163,0.07499999999999996,8.76,0,7,200
475,88040,113.92999953404069,0.03500000000000003,8.7,0,4,200
476,88104,87.92333288211375,0.12,9.62,0,8,200
477,88128,113.65000077337027,0.08499999999999996,7.59,0,5,200
478,88192,85.1783330924809,0.13,9.605,0,8,200
479,88752,107.96833386830986,0.030000000000000027,9.095,0,11,200
480,88776,63.764999467879534,0.20999999999999996,10.035,0,9,200
481,89208,101.9066667323932,0.08999999999999997,8.02,0,15,200
482,89584,109.67499990016222,0.03500000000000003,9.045,0,8,200
483,89640,100.03500028606504,0.08499999999999996,9.345,0,3,200
484,89704,107.78666635788977,0.030000000000000027,9.31,0,8,200
485,89728,117.11333384364843,0.03500000000000003,7.88,0,10,200
486,89792,72.61833328660578,0.18500000000000005,9.395,0,11,200
487,90352,103.65166733320802,0.06999999999999995,9.115,0,6,200
488,90376,67.85666611604393,0.20999999999999996,9.55,0,9,200
489,90808,108.29000091180205,0.06000000000000005,8.49,0,11,200
490,91184,78.1799998767674,0.16000000000000003,10.05,0,3,200
491,91240,106.85499937459826,0.04500000000000004,9.465,0,5,200
492,91304,79.8433342659846,0.15500000000000003,9.56,0,11,200
493,91328,74.8983334293589,0.16000000000000003,10.145,0,7,200
494,91392,88.61666681896895,0.12,9.37,0,9,200
495,91952,79.04166681040078,0.18500000000000005,8.875,0,10,200
496,91976,98.66999999061227,0.08499999999999996,9.33,0,6,200
497,92408,74.49166701268405,0.21999999999999997,8.785,0,7,200
498,92784,124.283333491534,0.05500000000000005,6.92,0,7,200
499,92840,109.01666673179716,0.09499999999999997,7.69,0,7,200
500,92904,91.47666667960584,0.15500000000000003,8.53,0,6,200
501,92928,66.89833333622664,0.20999999999999996,9.755,0,8,200
502,92992,85.86166656017303,0.18500000000000005,8.275,0,7,200
503,93552,98.10999973863363,0.11499999999999999,8.79,0,3,200
504,93576,78.18833283241838,0.18500000000000005,9.335,0,5,200
505,94008,83.67500004824251,0.17000000000000004,8.625,0,8,200
506,94384,71.51666665822268,0.14500000000000002,10.51,0,13,200
507,94440,107.20333394408226,0.10999999999999999,7.91,0,3,200
508,94504,83.73000030126423,0.15000000000000002,9.03,0,12,200
509,94528,71.9066662909463,0.16000000000000003,10.63,0,7,200
510,94592,103.40999971795827,0.06000000000000005,9.27,0,7,200
511,94648,42.62333383690566,0.13868613138686137,8.0,1,11,137
512,95176,103.15666709840298,0.10999999999999999,8.35,0,4,200
513,95608,87.56166679877788,0.135,9.085,0,10,200
514,95984,123.17666663229465,0.020000000000000018,8.26,0,3,200
515,96040,112.32833336759359,0.025000000000000022,8.945,0,8,200
516,96104,86.97333382256329,0.13,9.71,0,6,200
517,96128,79.12500011920929,0.20499999999999996,8.625,0,6,200
518,96192,100.61666773725301,0.06499999999999995,9.43,0,8,200
519,96248,112.80333329550922,0.06499999999999995,8.15,0,5,200
520,96776,114.56333367805928,0.025000000000000022,8.78,0,7,200
521,97208,71.0383331142366,0.21999999999999997,9.485,0,5,200
522,97584,115.20000020228326,0.04500000000000004,8.37,0,4,200
523,97640,114.52833188138902,0.0050000000000000044,9.425,0,5,200
524,97704,66.71999949868768,0.20999999999999996,9.9,0,9,200
525,97728,86.09166631102562,0.11499999999999999,10.255,0,2,200
526,97792,97.31166675966233,0.11499999999999999,8.785,0,5,200
527,97848,110.13500102888793,0.040000000000000036,9.195,0,4,200
528,98376,103.31000042613596,0.09499999999999997,8.67,0,4,200
529,98808,116.20333370473236,0.015000000000000013,8.84,0,8,200
530,99184,123.97500060498714,0.05500000000000005,7.245,0,3,200
531,99240,99.79000031854957,0.11499999999999999,8.55,0,5,200
532,99304,115.24833338242024,0.04500000000000004,8.465,0,6,200
533,99328,82.84333352930844,0.14,9.65,0,8,200
534,99392,83.06166660692543,0.17000000000000004,8.875,0,8,200
535,99448,68.87833365052938,0.18000000000000005,10.415,0,4,200
536,99976,80.20833330973983,0.16500000000000004,9.395,0,10,200
537,100408,96.54499968886375,0.11499999999999999,8.955,0,4,200
538,100784,87.56500036455691,0.125,9.555,0,7,200
539,100840,91.45833357889205,0.12,9.245,0,5,200
540,100904,91.94833261333406,0.07499999999999996,10.355,0,7,200
541,100928,52.60999968461692,0.265,10.5,0,5,200
542,100992,112.00000047218055,0.08999999999999997,7.65,0,4,200
543,101048,115.94999914057553,0.04500000000000004,8.46,0,3,200
544,101576,70.97166703827679,0.17000000000000004,10.285,0,9,200
545,102008,88.49333341326565,0.14500000000000002,8.87,0,7,200
546,102384,105.07666634768248,0.08499999999999996,8.89,0,3,200
547,102440,84.05166712217033,0.15500000000000003,9.295,0,6,200
548,102504,94.6099993949756,0.09999999999999998,9.48,0,5,200
549,102528,112.3116665398702,0.06000000000000005,8.455,0,4,200
550,102592,97.49666704051197,0.08999999999999997,9.4,0,4,200
551,102648,64.76333273760974,0.21499999999999997,10.22,0,4,200
552,103176,125.06166782882065,0.0,8.365,0,4,200
553,103608,84.5433339625597,0.20999999999999996,8.33,0,1,200
554,103984,121.93166694417596,0.030000000000000027,8.005,0,4,200
555,104040,96.65833199582994,0.16000000000000003,7.835,0,6,200
556,104104,104.9833334106952,0.08499999999999996,8.51,0,6,200
557,104128,101.19000038690865,0.10999999999999999,8.34,0,6,200
558,104192,107.4150003446266,0.07499999999999996,8.535,0,5,200
559,104248,88.64000058081001,0.17000000000000004,8.4,0,8,200
560,104776,88.12166650593281,0.17000000000000004,8.245,0,9,200
561,105208,64.41833429317921,0.24,9.455,0,8,200
562,105584,78.34166645538062,0.18999999999999995,9.295,0,4,200
563,105640,102.43833330925554,0.06499999999999995,9.395,0,6,200
564,105704,113.95333298668265,0.025000000000000022,9.02,0,4,200
565,105728,87.21333263348788,0.125,9.53,0,9,200
566,105792,121.23666693922132,0.030000000000000027,8.02,0,5,200
567,105848,89.88000074680895,0.16000000000000003,8.55,0,6,200
568,106376,105.91500055231154,0.09999999999999998,8.055,0,7,200
569,106808,102.46000064723194,0.030000000000000027,10.23,0,5,200
570,107184,100.26000020932406,0.15000000000000002,7.59,0,5,200
571,107240,77.91666670236737,0.16000000000000003,9.94,0,7,200
572,107304,89.28166677709669,0.15500000000000003,8.935,0,3,200
573,107328,89.25999993085861,0.18999999999999995,8.19,0,3,200
574,107392,84.80166666582227,0.14500000000000002,9.295,0,9,200
575,107448,78.28000021260232,0.19999999999999996,9.0,0,6,200
576,107976,105.68999969121069,0.08999999999999997,8.55,0,3,200
577,108408,93.31500027235597,0.09499999999999997,9.945,0,3,200
578,108784,97.43666697945446,0.08499999999999996,9.55,0,6,200
579,108840,98.30999977886677,0.15500000000000003,7.59,0,6,200
580,108904,109.31000022124499,0.09499999999999997,7.8,0,7,200
581,108928,114.74666637182236,0.04500000000000004,8.62,0,3,200
582,108992,75.18333334475756,0.18000000000000005,9.86,0,4,200
583,109048,118.43166774045676,0.040000000000000036,7.705,0,11,200
584,109576,110.08166657947004,0.050000000000000044,8.845,0,6,200
585,110008,106.97166708763689,0.07499999999999996,8.455,0,8,200
586,110208,18.5216668760404,0.16455696202531644,7.734177215189874,1,1,79
587,110384,53.89000047557056,0.30500000000000005,9.15,0,7,200
588,110440,116.58000030275434,0.020000000000000018,9.09,0,2,200
589,110504,114.65999929048121,0.030000000000000027,8.55,0,11,200
590,110528,90.7983335852623,0.14500000000000002,9.065,0,4,200
591,110592,66.71166622452438,0.26,8.875,0,7,200
592,110648,84.84500070475042,0.15500000000000003,9.195,0,7,200
593,111608,73.85166668798774,0.18000000000000005,9.715,0,9,200
594,111808,93.00666673667729,0.15500000000000003,8.26,0,7,200
595,111896,78.95833423733711,0.049079754601227044,7.736196319018405,1,3,163
596,111984,72.54500002972782,0.20999999999999996,9.435,0,4,200
597,112040,86.42500064335763,0.14500000000000002,9.315,0,5,200
598,112104,80.63333335332572,0.19499999999999995,8.72,0,7,200
599,112128,104.05833289027214,0.08999999999999997,8.465,0,5,200
600,112248,84.33666664827615,0.15500000000000003,9.25,0,7,200
601,113208,108.0533330058679,0.025000000000000022,9.86,0,3,200
602,113408,65.46999976690859,0.265,9.12,0,3,200
603,113496,74.9566661408171,0.21999999999999997,8.77,0,6,200
604,113584,100.47000013105571,0.09499999999999997,8.94,0,6,200
605,113640,107.77833390887827,0.050000000000000044,9.305,0,2,200
606,113704,95.47999964375049,0.06000000000000005,10.14,0,7,200
607,113728,117.16333351284266,0.010000000000000009,9.11,0,4,200
608,113848,118.67333346232772,0.020000000000000018,8.51,0,4,200
609,114808,109.7550012646243,0.04500000000000004,8.835,0,8,200
610,115008,97.2016663402319,0.15500000000000003,8.155,0,2,200
611,115096,88.43666671775281,0.16500000000000004,8.62,0,7,200
612,115184,83.77333318348974,0.16500000000000004,9.23,0,5,200
613,115240,114.27833364065737,0.030000000000000027,9.005,0,4,200
614,115304,105.61499980464578,0.08999999999999997,8.265,0,8,200
615,115328,79.09333337843418,0.18999999999999995,9.05,0,6,200
616,115448,97.02500025369227,0.09999999999999998,9.195,0,6,200
617,116408,106.17166623752564,0.06499999999999995,8.845,0,8,200
618,116608,93.21166691742837,0.06999999999999995,10.405,0,6,200
619,116696,127.19666610658169,0.0050000000000000044,8.11,0,3,200
620,116784,119.04833252727985,0.06000000000000005,7.745,0,2,200
621,116840,101.1016669049859,0.08999999999999997,8.875,0,6,200
622,116904,82.86666698474437,0.14500000000000002,9.28,0,12,200
623,116928,83.7116673309356,0.15500000000000003,9.445,0,7,200
624,117048,90.61333339381963,0.11499999999999999,9.47,0,7,200
625,118008,82.18999974895269,0.14500000000000002,9.81,0,6,200
626,118208,91.63833384215832,0.14500000000000002,8.675,0,4,200
627,118296,79.50666658487171,0.18999999999999995,8.98,0,6,200
628,118384,94.45166659355164,0.135,8.455,0,8,200
629,118440,107.6000008424744,0.06000000000000005,8.61,0,9,200
630,118504,73.18333347141743,0.18999999999999995,9.77,0,6,200
631,118528,97.73166727460921,0.09499999999999997,8.995,0,8,200
632,118648,88.41499963030219,0.14500000000000002,9.105,0,6,200
633,119560,56.43500069156289,0.0852713178294574,6.767441860465116,1,5,129
634,119608,91.86999976914376,0.12,9.3,0,6,200
635,119808,65.60166685469449,0.22999999999999998,9.235,0,9,200
636,119896,79.145000083372,0.18500000000000005,8.985,0,8,200
637,119984,100.50833372026682,0.12,8.255,0,6,200
638,120040,121.73333336412907,0.050000000000000044,7.34,0,5,200
639,120104,123.55333302076906,0.010000000000000009,8.18,0,6,200
640,120248,112.10000037960708,0.03500000000000003,8.7,0,9,200
641,121160,74.4350000070408,0.21999999999999997,8.685,0,8,200
642,121208,62.75666652992368,0.25,9.67,0,5,200
643,121408,92.31999960169196,0.16000000000000003,8.31,0,5,200
644,121496,118.64833405520767,0.06000000000000005,7.415,0,8,200
645,121584,57.231666781008244,0.28500000000000003,9.175,0,7,200
646,121640,96.11333272978663,0.08999999999999997,9.56,0,5,200
647,121704,120.3983343532309,0.030000000000000027,8.045,0,7,200
648,121848,97.08833287842572,0.09499999999999997,9.455,0,5,200
649,122760,91.46666705794632,0.10999999999999999,9.43,0,7,200
650,122808,102.5199995264411,0.10499999999999998,8.31,0,7,200
651,123008,76.55666673369706,0.15000000000000002,10.21,0,8,200
652,123096,117.95166766643524,0.03500000000000003,8.425,0,4,200
653,123184,101.91500075440854,0.050000000000000044,9.465,0,11,200
654,123240,60.499999788589776,0.20999999999999996,10.53,0,10,200
655,123304,113.11500044632703,0.050000000000000044,8.535,0,5,200
656,123448,106.98333342187107,0.06000000000000005,8.87,0,8,200
657,124360,120.595000336878,0.03500000000000003,7.995,0,6,200
658,124408,74.69833346363157,0.24,8.345,0,6,200
659,124608,111.38000048696995,0.06000000000000005,8.4,0,7,200
660,124696,110.38499961048365,0.040000000000000036,9.135,0,4,200
661,124784,88.8516668593511,0.14500000000000002,9.175,0,4,200
662,124840,114.35000056028366,0.050000000000000044,8.46,0,3,200
663,124904,109.42000105790794,0.07999999999999996,8.16,0,6,200
664,125048,85.87666638474911,0.16000000000000003,9.04,0,6,200
665,125960,88.83999993558973,0.17500000000000004,8.31,0,5,200
666,126008,87.42166666314006,0.13,9.775,0,3,200
667,126208,89.0599998794496,0.135,9.18,0,6,200
668,126296,91.72666731383651,0.10999999999999999,9.52,0,6,200
669,126384,83.22333348821849,0.14500000000000002,9.65,0,7,200
670,126440,107.516667034477,0.06999999999999995,8.77,0,3,200
671,126504,110.80166733916849,0.05500000000000005,8.665,0,5,200
672,126648,105.1916671236977,0.09499999999999997,8.515,0,3,200
673,127560,102.41833446081728,0.08999999999999997,8.885,0,5,200
674,127608,109.01833417080343,0.05500000000000005,8.825,0,6,200
675,127808,108.59500047937036,0.05500000000000005,8.955,0,6,200
676,127896,98.81500027701259,0.08999999999999997,8.925,0,8,200
677,127984,88.56833309680223,0.125,9.455,0,9,200
678,128040,76.37000024970621,0.20999999999999996,9.03,0,5,200
679,128104,90.53833341598511,0.14500000000000002,9.095,0,3,200
680,128248,86.54499960597605,0.13,9.795,0,4,200
681,129160,104.89666718058288,0.10499999999999998,8.2,0,5,200
682,129208,101.7766667259857,0.10999999999999999,7.99,0,9,200
683,129408,108.32333266735077,0.12,7.61,0,3,200
684,129496,100.56333420332521,0.08499999999999996,9.05,0,7,200
685,129584,95.2550004599616,0.10999999999999999,9.135,0,6,200
686,129640,86.19333352707326,0.16000000000000003,8.75,0,8,200
687,129704,103.06166666559875,0.08999999999999997,8.695,0,5,200
688,129848,83.07000013627112,0.15000000000000002,9.48,0,7,200
689,130760,107.49666640814394,0.07499999999999996,8.71,0,3,200
690,130808,111.9116674726829,0.05500000000000005,8.755,0,4,200
691,131008,96.89500065892935,0.14500000000000002,7.995,0,8,200
692,131096,85.72666632942855,0.135,9.64,0,6,200
693,131184,128.21166571136564,0.015000000000000013,7.705,0,3,200
694,131240,93.92499934695661,0.13,8.835,0,5,200
695,131304,91.65333365183324,0.135,9.02,0,5,200
696,131448,58.28333350550383,0.28,9.14,0,9,200
697,132360,104.4650006890297,0.08999999999999997,8.535,0,5,200
698,132408,99.95666709914804,0.09499999999999997,8.77,0,9,200
699,132608,64.19500028993934,0.22499999999999998,9.975,0,6,200
700,132696,120.08499991893768,0.040000000000000036,8.115,0,3,200
701,132784,92.40999955963343,0.11499999999999999,9.33,0,5,200
702,132840,89.54333341028541,0.10499999999999998,10.16,0,4,200
703,132904,51.84500023256987,0.275,10.035,0,9,200
704,133048,114.64500081539154,0.030000000000000027,8.925,0,4,200
705,133960,123.57333464827389,0.030000000000000027,7.85,0,4,200
706,134008,99.06000059749931,0.08999999999999997,9.21,0,6,200
707,134208,110.84333300590515,0.050000000000000044,8.75,0,5,200
708,134296,122.16333474963903,0.0,8.96,0,2,200
709,134320,69.55999951064587,0.15135135135135136,8.27027027027027,1,2,185
710,134384,110.54833332356066,0.06999999999999995,8.405,0,5,200
711,134504,81.84499971196055,0.17500000000000004,9.015,0,7,200
712,134648,129.29499888047576,0.010000000000000009,7.545,0,5,200
713,135560,106.4933333909139,0.08499999999999996,8.33,0,7,200
714,135608,102.39500018116087,0.09999999999999998,8.415,0,6,200
715,135808,86.4583338778466,0.135,9.725,0,4,200
716,135896,115.8200006019324,0.040000000000000036,8.52,0,4,200
717,135920,92.15499932598323,0.12,9.285,0,6,200
718,135984,92.03333357628435,0.16000000000000003,8.42,0,6,200
719,136104,114.12166684027761,0.030000000000000027,8.665,0,8,200
720,136248,47.621666862629354,0.31000000000000005,9.505,0,12,200
721,137160,106.29333324730396,0.08999999999999997,8.27,0,6,200
722,137208,91.163334405981,0.14,8.63,0,7,200
723,137408,84.22499991115183,0.17000000000000004,8.805,0,8,200
724,137496,109.66333310957998,0.040000000000000036,9.11,0,6,200
725,137520,81.43333372101188,0.16500000000000004,9.44,0,6,200
726,137584,72.61166651826352,0.18500000000000005,10.045,0,6,200
727,137704,79.78333329968154,0.19499999999999995,8.78,0,6,200
728,137848,75.7066666027531,0.19999999999999996,9.43,0,4,200
729,138760,115.8650007545948,0.05500000000000005,8.145,0,4,200
730,138808,113.24333234503865,0.07499999999999996,7.67,0,8,200
731,139008,67.26499998383224,0.19999999999999996,9.765,0,14,200
732,139096,119.18000012636185,0.03500000000000003,8.34,0,2,200
733,139120,127.04333313554525,0.025000000000000022,7.52,0,4,200
734,139184,92.69333400111645,0.11499999999999999,9.17,0,7,200
735,139304,88.990000102669,0.14,9.18,0,5,200
736,139448,107.55333348270506,0.07999999999999996,8.33,0,5,200
737,140360,111.82333404570818,0.09499999999999997,7.67,0,4,200
738,140408,101.96833437401801,0.05500000000000005,9.215,0,13,200
739,140608,113.39166610594839,0.015000000000000013,9.355,0,5,200
740,140696,66.98833261337131,0.19999999999999996,10.415,0,5,200
741,140720,101.97833337076008,0.08499999999999996,8.795,0,7,200
742,140784,109.80333264824003,0.050000000000000044,8.69,0,6,200
743,140904,107.47000001184642,0.06000000000000005,8.79,0,6,200
744,141048,71.44999950937927,0.22499999999999998,9.03,0,8,200
745,141960,97.8683333452791,0.12,8.705,0,5,200
746,142008,111.81666611507535,0.09999999999999998,7.21,0,6,200
747,142208,65.14833319466561,0.235,9.665,0,7,200
748,142296,94.85000038798898,0.125,8.79,0,6,200
749,142320,90.5916670113802,0.08999999999999997,10.345,0,2,200
750,142384,112.56833389401436,0.07499999999999996,7.985,0,6,200
751,142504,111.30166572984308,0.06999999999999995,8.365,0,4,200
752,142648,111.80166780855507,0.040000000000000036,8.905,0,5,200
753,143560,88.773333045654,0.14,9.05,0,7,200
754,143608,115.9066663896665,0.07499999999999996,7.63,0,3,200
755,143808,76.03166751097888,0.18999999999999995,9.235,0,9,200
756,143896,79.93500037677586,0.15500000000000003,9.735,0,7,200
757,143920,82.5266655832529,0.14,9.94,0,6,200
758,143984,82.25666594412178,0.15000000000000002,10.03,0,3,200
759,144104,121.77166587859392,0.040000000000000036,7.735,0,6,200
760,144248,115.3750008624047,0.030000000000000027,8.565,0,5,200
761,145160,114.56333355605602,0.05500000000000005,8.48,0,2,200
762,145208,122.44166654348373,0.030000000000000027,8.065,0,3,200
763,145408,121.71666598692536,0.04500000000000004,7.81,0,3,200
764,145496,94.41333274357021,0.14,8.51,0,6,200
765,145520,99.89166710339487,0.050000000000000044,10.075,0,6,200
766,145584,102.73166739009321,0.08999999999999997,8.575,0,7,200
767,145704,107.763333956711,0.08499999999999996,8.06,0,8,200
768,145848,91.04333243798465,0.12,9.5,0,5,200
769,146760,96.81166740041226,0.125,8.485,0,6,200
770,146808,109.58333305176347,0.06499999999999995,8.6,0,4,200
771,147008,109.36666679289192,0.07499999999999996,7.75,0,12,200
772,147096,93.85333405528218,0.07999999999999996,9.56,0,11,200
773,147120,115.18666728492826,0.050000000000000044,8.26,0,5,200
774,147184,111.54500038083643,0.07499999999999996,7.815,0,9,200
775,147304,54.26999958511442,0.255,10.62,0,4,200
776,147448,115.66833375394344,0.06000000000000005,7.985,0,4,200
777,148360,100.42166648991406,0.09499999999999997,8.635,0,8,200
778,148408,107.3816668568179,0.08499999999999996,8.005,0,10,200
779,148608,98.32166732661426,0.135,8.155,0,5,200
780,148696,107.71166727691889,0.06000000000000005,9.205,0,2,200
781,148720,114.54833293519914,0.05500000000000005,8.105,0,7,200
782,148784,93.3066651886329,0.15500000000000003,8.41,0,4,200
783,148904,89.00333312619478,0.16000000000000003,8.3,0,10,200
784,149048,117.32666692882776,0.03500000000000003,8.56,0,2,200
785,149960,103.10166563093662,0.09999999999999998,8.665,0,3,200
786,150008,105.84166681207716,0.06499999999999995,8.665,0,10,200
787,150208,95.69999947026372,0.125,8.85,0,4,200
788,150296,98.33833339065313,0.08999999999999997,8.945,0,8,200
789,150320,98.34666664525867,0.11499999999999999,8.68,0,5,200
790,150384,96.66166699677706,0.11499999999999999,9.055,0,3,200
791,150504,124.95999992266297,0.015000000000000013,7.95,0,4,200
792,150648,121.11166685633361,0.04500000000000004,7.675,0,5,200
793,151560,109.08000136073679,0.10499999999999998,7.74,0,2,200
794,151608,64.42666621226817,0.22999999999999998,9.85,0,7,200
795,151808,90.7383332028985,0.14,9.125,0,3,200
796,151896,123.16499953623861,0.030000000000000027,7.905,0,5,200
797,151920,112.68333320971578,0.040000000000000036,8.66,0,8,200
798,151984,124.07166764512658,0.025000000000000022,8.065,0,3,200
799,152104,106.39666650816798,0.06499999999999995,8.83,0,6,200
800,152248,112.07666645944118,0.09499999999999997,7.45,0,5,200
801,153160,100.38333350326866,0.10999999999999999,8.42,0,8,200
802,153208,90.27499996777624,0.15500000000000003,8.925,0,2,200
803,153408,79.77500014286488,0.18500000000000005,8.835,0,10,200
804,153496,84.13999888114631,0.18500000000000005,8.58,0,6,200
805,153520,119.51666629686952,0.0050000000000000044,8.62,0,9,200
806,153584,121.48666703607887,0.03500000000000003,8.02,0,4,200
807,153704,32.4583334075287,0.375,9.995,0,7,200
808,153848,104.11333376541734,0.10499999999999998,8.12,0,6,200
809,154760,102.95833338610828,0.06499999999999995,8.735,0,13,200
810,154808,102.94333366025239,0.06000000000000005,9.44,0,5,200
811,155008,90.303333315067,0.11499999999999999,9.59,0,6,200
812,155096,108.67000017967075,0.08999999999999997,7.86,0,8,200
813,155120,110.3000001674518,0.05500000000000005,8.7,0,4,200
814,155184,84.58333455212414,0.15500000000000003,9.35,0,5,200
815,155304,86.84166706167161,0.14500000000000002,9.025,0,9,200
816,155448,92.624999797903,0.135,8.865,0,4,200
817,156360,101.45499922987074,0.14,7.245,0,9,200
818,156408,102.62333293259144,0.10999999999999999,8.24,0,4,200
819,156608,120.77166755497456,0.030000000000000027,7.945,0,6,200
820,156696,81.98166682943702,0.17000000000000004,9.205,0,6,200
821,156720,113.6449996419251,0.06000000000000005,8.145,0,6,200
822,156784,89.09999958612025,0.12,9.39,0,9,200
823,156904,91.50666702352464,0.15500000000000003,8.02,0,11,200
824,157048,99.28166795149446,0.125,8.395,0,4,200
825,157960,114.26666688080877,0.050000000000000044,8.32,0,5,200
826,158008,114.28666757792234,0.07499999999999996,7.87,0,4,200
827,158208,86.30500036943704,0.16000000000000003,8.625,0,9,200
828,158296,86.11000083293766,0.16500000000000004,8.55,0,9,200
829,158320,71.44500048365444,0.245,8.445,0,9,200
830,158384,109.59999948553741,0.07499999999999996,8.19,0,7,200
831,158504,99.43500004895031,0.125,8.235,0,6,200
832,158648,118.33499966561794,0.030000000000000027,8.505,0,3,200
833,159560,105.10500086843967,0.07999999999999996,8.775,0,3,200
834,159608,115.67666656523943,0.050000000000000044,8.44,0,1,200
835,159808,118.56166662275791,0.06000000000000005,7.705,0,5,200
836,159896,112.91166669502854,0.07499999999999996,7.915,0,5,200
837,159920,109.71666668355465,0.07499999999999996,8.47,0,3,200
838,159984,94.17000036686659,0.14,8.61,0,4,200
839,160104,51.70833336468786,0.29000000000000004,9.965,0,5,200
840,160248,106.41500030364841,0.07499999999999996,8.625,0,5,200
841,161160,112.12500040885061,0.08499999999999996,7.395,0,8,200
842,161208,97.91166798677295,0.15000000000000002,7.765,0,7,200
843,161408,97.8900004029274,0.12,8.76,0,3,200
844,161496,85.13166644703597,0.15000000000000002,9.025,0,11,200
845,161520,113.57000045198947,0.07999999999999996,7.53,0,7,200
846,161584,92.77166675031185,0.135,8.785,0,4,200
847,161704,111.52500011026859,0.06499999999999995,8.385,0,4,200
848,161848,110.57500017993152,0.07499999999999996,8.085,0,7,200
849,162760,113.46833287924528,0.05500000000000005,8.315,0,5,200
850,162808,101.3616653373465,0.10499999999999998,8.635,0,4,200
851,163008,123.4983331412077,0.040000000000000036,7.655,0,3,200
852,163096,105.73833305668086,0.06999999999999995,8.915,0,4,200
853,163120,116.03833312448114,0.040000000000000036,8.435,0,4,200
854,163184,84.54333397746086,0.19499999999999995,8.54,0,3,200
855,163304,105.02833264879882,0.06000000000000005,9.035,0,7,200
856,163448,78.06999937258661,0.18999999999999995,9.21,0,5,200
857,164360,111.98166622035205,0.06499999999999995,8.215,0,7,200
858,164408,110.82500043138862,0.06000000000000005,8.625,0,3,200
859,164608,86.68833277281374,0.16500000000000004,8.585,0,7,200
860,164696,95.12000047415495,0.11499999999999999,9.09,0,4,200
861,164720,96.40666619688272,0.10999999999999999,9.07,0,3,200
862,164784,82.3833330553025,0.17500000000000004,9.08,0,6,200
863,164904,120.13666730280966,0.04500000000000004,7.78,0,4,200
864,165048,80.72333342954516,0.15500000000000003,9.74,0,6,200
865,165960,72.54333369154483,0.20999999999999996,9.08,0,9,200
866,166008,107.77666692715138,0.08999999999999997,7.87,0,8,200
867,166208,105.29166715499014,0.11499999999999999,7.735,0,5,200
868,166296,86.76833241339773,0.17500000000000004,8.645,0,4,200
869,166320,114.63166682329029,0.04500000000000004,8.395,0,4,200
870,166384,103.11999954469502,0.07499999999999996,8.61,0,11,200
871,166504,76.41333304997534,0.20499999999999996,9.14,0,5,200
872,166648,106.28166694939137,0.07499999999999996,8.605,0,5,200
873,167560,103.37499980907887,0.05500000000000005,9.195,0,10,200
874,167608,111.26333397813141,0.04500000000000004,8.72,0,7,200
875,167808,100.7183340601623,0.135,7.745,0,7,200
876,167896,93.8166669420898,0.11499999999999999,9.04,0,6,200
877,167920,102.28333345614374,0.07499999999999996,8.87,0,8,200
878,167984,115.5483329622075,0.05500000000000005,7.895,0,7,200
879,168104,81.47833331674337,0.16500000000000004,9.065,0,7,200
880,168248,95.98333304654807,0.17000000000000004,7.67,0,3,200
881,169160,91.88000040780753,0.17000000000000004,8.07,0,4,200
882,169208,97.43166702147573,0.11499999999999999,8.515,0,8,200
883,169408,110.43833280354738,0.04500000000000004,8.885,0,5,200
884,169496,106.70833389088511,0.07999999999999996,8.375,0,8,200
885,169520,86.48500003479421,0.135,9.375,0,7,200
886,169584,110.1166657274589,0.10499999999999998,7.66,0,3,200
887,169704,107.40333408024162,0.09999999999999998,7.91,0,6,200
888,169848,103.63999938219786,0.14,7.59,0,3,200
889,170760,101.70666532684118,0.12,8.23,0,6,200
890,170808,96.29500038921833,0.16000000000000003,7.995,0,3,200
891,171008,113.94666627049446,0.06999999999999995,7.87,0,6,200
892,171096,97.55333282239735,0.09499999999999997,9.11,0,6,200
893,171120,116.90666717290878,0.040000000000000036,8.35,0,4,200
894,171184,98.67500050272793,0.09499999999999997,9.045,0,6,200
895,171304,98.24000102467835,0.08499999999999996,9.09,0,9,200
896,171448,111.07500084117055,0.08499999999999996,8.055,0,3,200
897,172360,101.18666642904282,0.12,8.47,0,2,200
898,172408,61.81666573230177,0.275,8.83,0,8,200
899,172608,99.59000054001808,0.10499999999999998,8.82,0,2,200
900,172696,102.84000105317682,0.12,7.95,0,5,200
901,172720,115.38166696485132,0.07999999999999996,7.585,0,4,200
902,172784,102.06166644394398,0.10499999999999998,8.395,0,4,200
903,172904,105.49999967869371,0.10999999999999999,8.01,0,4,200
904,173048,85.54333359003067,0.13,9.83,0,3,200
905,173960,94.41666652262211,0.15500000000000003,8.14,0,6,200
906,174008,104.24499943014234,0.06499999999999995,9.255,0,4,200
907,174208,117.49999925494194,0.07999999999999996,7.56,0,1,200
908,174296,113.76500087138265,0.05500000000000005,8.175,0,6,200
909,174320,94.44833423849195,0.135,8.435,0,9,200
910,174384,102.01333327498287,0.14,7.73,0,4,200
911,174504,125.3299992904067,0.03500000000000003,7.29,0,6,200
912,174648,125.56666675209999,0.040000000000000036,7.42,0,3,200
913,175560,98.54833391215652,0.09999999999999998,8.795,0,7,200
914,175608,114.29999855812639,0.07499999999999996,7.92,0,4,200
915,175808,96.81499971728772,0.13,8.415,0,6,200
916,175896,118.19333273172379,0.05500000000000005,7.91,0,4,200
917,175920,115.5216659558937,0.04500000000000004,8.365,0,5,200
918,175984,98.51833431143314,0.12,8.525,0,5,200
919,176104,118.45500014722347,0.030000000000000027,8.625,0,2,200
920,176248,82.2500010188669,0.16000000000000003,9.24,0,8,200
921,177160,124.51833275612444,0.030000000000000027,7.595,0,6,200
922,177208,122.56166736781597,0.04500000000000004,7.765,0,1,200
923,177408,117.4466658225283,0.040000000000000036,7.99,0,7,200
924,177496,93.18166579119861,0.14500000000000002,8.635,0,4,200
925,177520,92.99166676960886,0.16500000000000004,7.795,0,8,200
926,177584,64.32833356689662,0.255,9.035,0,9,200
927,177704,100.91833459492773,0.11499999999999999,8.375,0,4,200
928,177848,104.62499923631549,0.09499999999999997,7.935,0,11,200
929,178760,92.71500029973686,0.135,8.775,0,6,200
930,178808,102.94833295699209,0.11499999999999999,8.135,0,6,200
931,179008,79.51833386626095,0.19499999999999995,8.885,0,6,200
932,179096,113.34333351999521,0.06499999999999995,8.0,0,8,200
933,179120,64.56333360727876,0.24,9.05,0,12,200
934,179184,82.77333308570087,0.14500000000000002,9.53,0,8,200
935,179304,86.56000022403896,0.18000000000000005,8.46,0,4,200
936,179448,68.93166676722467,0.22499999999999998,9.205,0,8,200
937,180360,105.89666666742414,0.11499999999999999,7.9,0,4,200
938,180408,102.22333361860365,0.06999999999999995,9.29,0,6,200
939,180608,60.95833312626928,0.255,9.515,0,6,200
940,180696,101.75500081665814,0.08499999999999996,8.895,0,6,200
941,180720,112.1066671796143,0.06999999999999995,8.05,0,6,200
942,180784,107.72166696470231,0.10499999999999998,7.795,0,5,200
943,180904,95.01000049524009,0.13,8.61,0,5,200
944,181048,105.11166816111654,0.11499999999999999,7.945,0,5,200
945,181960,94.81833356525749,0.10999999999999999,8.885,0,8,200
946,182008,101.24999941140413,0.12,8.28,0,4,200
947,182208,61.79500001017004,0.245,9.405,0,9,200
948,182296,108.4399998486042,0.12,7.47,0,3,200
949,182320,102.6899999063462,0.09499999999999997,8.58,0,7,200
950,182384,104.68000069074333,0.08499999999999996,8.61,0,4,200
951,182504,107.98833401408046,0.06000000000000005,8.795,0,6,200
952,182648,122.6666668355465,0.040000000000000036,7.69,0,3,200
953,183560,93.07500073127449,0.17000000000000004,7.845,0,6,200
954,183608,101.62166680395603,0.11499999999999999,8.335,0,3,200
955,183808,90.56000010762364,0.16500000000000004,7.98,0,10,200
956,183896,110.37499943375587,0.06000000000000005,8.625,0,4,200
957,183920,127.16499852389097,0.04500000000000004,7.035,0,3,200
958,183984,76.85000027529895,0.18999999999999995,8.88,0,13,200
959,184104,94.60666741803288,0.14500000000000002,8.17,0,8,200
960,184248,111.90833311434835,0.07499999999999996,7.655,0,9,200
961,185160,117.11499913688749,0.050000000000000044,8.055,0,6,200
962,185208,95.69166679587215,0.15500000000000003,8.005,0,4,200
963,185408,83.06999995559454,0.18500000000000005,8.67,0,5,200
964,185496,88.44666685909033,0.17500000000000004,8.35,0,5,200
965,185520,117.80666653066874,0.04500000000000004,8.41,0,1,200
966,185584,101.23833399266005,0.13,7.925,0,4,200
967,185704,108.6266675805673,0.08499999999999996,8.08,0,7,200
968,185848,116.78166580572724,0.06000000000000005,7.855,0,5,200
969,186760,98.42333398666233,0.125,8.42,0,5,200
970,186808,117.84833399485797,0.050000000000000044,8.015,0,4,200
971,187008,120.09166755154729,0.05500000000000005,7.645,0,3,200
972,187096,91.9399991221726,0.17500000000000004,8.25,0,2,200
973,187120,107.51166612561792,0.12,7.465,0,5,200
974,187184,90.39500024262816,0.14,8.805,0,8,200
975,187304,88.56000008247793,0.125,9.33,0,8,200
976,187448,78.84999912697822,0.15000000000000002,9.87,0,8,200
977,188360,111.23333347495645,0.10499999999999998,7.34,0,6,200
978,188408,89.80666655860841,0.17000000000000004,8.38,0,5,200
979,188608,87.38500013761222,0.18000000000000005,8.295,0,6,200
980,188696,126.04999893158674,0.020000000000000018,7.71,0,5,200
981,188720,69.61833348684013,0.22999999999999998,8.975,0,9,200
982,188784,86.69499991461635,0.135,9.615,0,3,200
983,188904,79.22166650183499,0.17500000000000004,9.265,0,7,200
984,189048,78.608333542943,0.17000000000000004,9.335,0,9,200
985,189960,80.84666684176773,0.18999999999999995,8.83,0,3,200
986,190008,95.96333350148052,0.125,8.69,0,5,200
987,190208,96.65333280619234,0.14500000000000002,8.18,0,3,200
988,190296,72.01833342667669,0.28,7.565,0,8,200
989,190320,76.17166630644351,0.19499999999999995,9.265,0,6,200
990,190384,114.19500025361776,0.09999999999999998,7.095,0,5,200
991,190504,123.80666705965996,0.050000000000000044,6.97,0,8,200
992,190648,100.31833385117352,0.09999999999999998,8.555,0,8,200
993,191560,121.43833391368389,0.040000000000000036,7.775,0,4,200
994,191608,104.25666726287454,0.07999999999999996,8.5,0,9,200
995,191808,115.70333394687623,0.04500000000000004,8.45,0,4,200
996,191896,96.53666670434177,0.13,8.23,0,8,200
997,191920,85.0533330058679,0.16500000000000004,9.11,0,3,200
998,191984,87.345000712201,0.15000000000000002,9.015,0,6,200
999,192104,120.26666605472565,0.06999999999999995,7.3,0,3,200
1000,192248,118.7700000917539,0.05500000000000005,7.68,0,5,200
1001,193160,106.30500103347003,0.09999999999999998,7.995,0,6,200
1002,193208,93.69166668411344,0.18000000000000005,7.735,0,4,200
1003,193408,99.15166667290032,0.08999999999999997,9.115,0,6,200
1004,193496,109.60000021848828,0.07499999999999996,8.19,0,7,200
1005,193520,104.35333330091089,0.10999999999999999,8.09,0,5,200
1006,193584,117.22333361487836,0.07999999999999996,6.86,0,10,200
1007,193704,121.43666631635278,0.06999999999999995,7.24,0,2,200
1008,193848,95.483333485201,0.13,8.33,0,8,200
1009,194760,120.26499955356121,0.06000000000000005,7.485,0,2,200
1010,194808,117.33000035118312,0.020000000000000018,8.37,0,11,200
1011,195008,94.60999930277467,0.14500000000000002,8.55,0,3,200
1012,195096,100.98333556577563,0.09499999999999997,8.84,0,6,200
1013,195120,93.08500030543655,0.16000000000000003,8.205,0,4,200
1014,195184,86.41500069852918,0.19999999999999996,7.935,0,7,200
1015,195304,98.8700010497123,0.14,7.65,0,10,200
1016,195448,82.51000048685819,0.17000000000000004,8.94,0,8,200
1017,196360,88.16000026464462,0.14,9.03,0,9,200
1018,196408,110.1066657230258,0.09999999999999998,7.81,0,4,200
1019,196608,104.2316666636616,0.08999999999999997,8.125,0,11,200
1020,196696,105.4249996393919,0.07999999999999996,8.535,0,7,200
1021,196720,79.65166647639126,0.18999999999999995,8.965,0,6,200
1022,196784,119.22333304211497,0.05500000000000005,7.64,0,7,200
1023,196904,100.75666703563184,0.125,7.99,0,7,200
1024,197048,100.56166552659124,0.10999999999999999,8.545,0,5,200
1025,197960,79.87666704319417,0.18999999999999995,8.47,0,11,200
1026,198008,113.03833381831646,0.06000000000000005,8.165,0,6,200
1027,198208,99.28333256673068,0.11499999999999999,8.3,0,7,200
1028,198296,92.67500079702586,0.13,8.775,0,7,200
1029,198320,111.51166735123843,0.08499999999999996,7.765,0,6,200
1030,198384,87.05999997258186,0.17000000000000004,8.67,0,3,200
1031,198504,103.12333390768617,0.10499999999999998,8.3,0,5,200
1032,198648,110.76333323772997,0.08999999999999997,7.58,0,8,200
1033,199560,111.59333365224302,0.06000000000000005,8.12,0,10,200
1034,199608,106.81833421438932,0.11499999999999999,7.445,0,6,200
1035,199808,78.79000060912222,0.18500000000000005,8.91,0,9,200
1036,199896,118.3733338303864,0.050000000000000044,7.73,0,8,200
1037,199920,112.97000042255968,0.07999999999999996,7.68,0,5,200
1038,199984,57.05333324149251,0.235,10.22,0,10,200
1039,200104,106.47833379171789,0.10499999999999998,7.985,0,5,200
1040,200248,111.11999968253076,0.08999999999999997,7.71,0,5,200
1041,201160,87.54333298373967,0.12,9.35,0,11,200
1042,201208,124.41666570305824,0.04500000000000004,7.63,0,0,200
1043,201408,101.37500056438148,0.11499999999999999,8.235,0,6,200
1044,201496,125.57666585221887,0.015000000000000013,7.87,0,5,200
1045,201520,112.8766666231677,0.06999999999999995,7.78,0,7,200
1046,201584,78.06333376653492,0.17500000000000004,9.2,0,10,200
1047,201704,73.45999981276691,0.19999999999999996,9.27,0,7,200
1048,201848,107.63833387196064,0.08999999999999997,8.255,0,4,200
1049,202760,81.81999965012074,0.16000000000000003,9.39,0,6,200
1050,202808,114.75333428569138,0.04500000000000004,8.51,0,4,200
1051,203008,89.04333331808448,0.135,9.17,0,5,200
1052,203096,102.02333327569067,0.11499999999999999,8.06,0,8,200
1053,203120,79.99166700337082,0.20999999999999996,8.275,0,8,200
1054,203184,114.45499990042299,0.040000000000000036,8.145,0,10,200
1055,203304,83.87166701536626,0.18999999999999995,8.275,0,8,200
1056,203448,105.39166679419577,0.10999999999999999,7.585,0,9,200
1057,204360,78.02499949000776,0.18500000000000005,9.105,0,7,200
1058,204408,96.62333353422582,0.125,8.36,0,8,200
1059,204608,123.85833211243153,0.020000000000000018,8.165,0,4,200
1060,204696,98.69666598644108,0.135,7.96,0,8,200
1061,204720,87.38166686706245,0.125,9.235,0,9,200
1062,204784,80.72166602965444,0.19999999999999996,8.725,0,5,200
1063,204904,112.44500098004937,0.10999999999999999,7.005,0,5,200
1064,205048,109.37499988079071,0.06999999999999995,8.475,0,5,200
1065,205960,82.18833303265274,0.17000000000000004,8.855,0,8,200
1066,206008,120.21000105049461,0.040000000000000036,7.89,0,5,200
1067,206208,96.26000076532364,0.14500000000000002,8.25,0,3,200
1068,206296,82.64833359885961,0.18500000000000005,8.705,0,7,200
1069,206320,117.83166685607284,0.03500000000000003,8.125,0,6,200
1070,206384,110.01499936450273,0.08499999999999996,8.025,0,6,200
1071,206504,110.89666723459959,0.08999999999999997,7.6,0,7,200
1072,206648,109.04999918397516,0.07999999999999996,8.13,0,6,200
1073,207560,108.14333332050592,0.08999999999999997,7.85,0,8,200
1074,207608,111.63999986462295,0.050000000000000044,8.49,0,7,200
1075,207808,73.87666651234031,0.18000000000000005,9.61,0,9,200
1076,207896,96.54499984066933,0.13,8.055,0,10,200
1077,207920,82.23166702874005,0.16000000000000003,9.115,0,9,200
1078,207984,50.2899995688349,0.31499999999999995,9.21,0,8,200
1079,208104,65.25666649080813,0.22499999999999998,9.49,0,9,200
1080,208248,110.0400006370619,0.07499999999999996,8.31,0,5,200
1081,209160,116.1833333177492,0.08499999999999996,7.04,0,7,200
1082,209208,114.35666703339666,0.03500000000000003,8.47,0,8,200
1083,209408,94.39833372551948,0.12,8.555,0,11,200
1084,209496,117.13166598789394,0.08499999999999996,7.165,0,5,200
1085,209520,108.49666700791568,0.11499999999999999,7.24,0,7,200
1086,209584,71.50499997939914,0.235,8.805,0,6,200
1087,209704,111.17333415802568,0.07999999999999996,7.97,0,5,200
1088,209848,105.04333318024874,0.09999999999999998,8.39,0,4,200
1089,210760,116.87499942909926,0.06000000000000005,7.635,0,8,200
1090,210808,67.68333326093853,0.22999999999999998,9.23,0,9,200
1091,211008,101.1083330065012,0.11499999999999999,8.195,0,6,200
1092,211096,95.97833366505802,0.17000000000000004,7.535,0,6,200
1093,211120,104.24500045180321,0.14,7.515,0,3,200
1094,211184,92.21666704770178,0.16000000000000003,8.26,0,6,200
1095,211304,118.27999965846539,0.050000000000000044,7.53,0,11,200
1096,211448,93.64999982342124,0.12,8.61,0,10,200
1097,212360,104.04333375301212,0.08999999999999997,8.24,0,10,200
1098,212408,132.61333273351192,0.015000000000000013,7.28,0,3,200
1099,212608,111.05500031262636,0.050000000000000044,8.805,0,4,200
1100,212696,112.8316672872752,0.050000000000000044,8.305,0,8,200
1101,212720,52.848332905210555,0.28,9.695,0,9,200
1102,212784,100.47500025387853,0.125,7.995,0,5,200
1103,212904,65.02166725508869,0.22999999999999998,9.565,0,8,200
1104,213048,108.69500111043453,0.125,7.335,0,3,200
1105,213960,106.64166574832052,0.10999999999999999,7.885,0,4,200
1106,214008,110.80166646838188,0.06000000000000005,8.455,0,5,200
1107,214208,49.66333302296698,0.29000000000000004,9.86,0,9,200
1108,214296,113.99333355482668,0.09499999999999997,7.1,0,6,200
1109,214320,100.43666605558246,0.14,7.81,0,5,200
1110,214384,119.1066665649414,0.06000000000000005,7.51,0,6,200
1111,214504,136.33333377540112,0.025000000000000022,6.56,0,2,200
1112,214648,93.23000012524426,0.17000000000000004,7.77,0,6,200
1113,215560,99.97833352349699,0.07499999999999996,8.975,0,10,200
1114,215608,141.26499943435192,0.010000000000000009,6.465,0,2,200
1115,215808,100.72333320789039,0.15500000000000003,7.37,0,6,200
1116,215896,111.99000004120171,0.09499999999999997,7.35,0,7,200
1117,215920,96.50333392247558,0.10499999999999998,8.78,0,10,200
1118,215984,93.37000017333776,0.14500000000000002,7.92,0,14,200
1119,216104,101.79500017873943,0.125,7.845,0,8,200
1120,216248,96.34500022884458,0.17000000000000004,7.605,0,4,200
1121,217160,79.54666541516781,0.18000000000000005,9.43,0,3,200
1122,217208,86.7916674008593,0.19999999999999996,8.065,0,3,200
1123,217408,105.38500073459,0.07999999999999996,8.685,0,5,200
1124,217496,120.53500057756901,0.030000000000000027,7.905,0,8,200
1125,217520,106.42166622169316,0.09499999999999997,7.915,0,9,200
1126,217584,81.55500024650246,0.20999999999999996,7.815,0,12,200
1127,217704,94.54999970458448,0.09999999999999998,9.27,0,8,200
1128,217848,91.09000010415912,0.16000000000000003,8.25,0,7,200
1129,218760,91.47833344247192,0.14,8.615,0,7,200
1130,218808,117.16333322227001,0.08499999999999996,6.98,0,6,200
1131,219008,109.22666729055345,0.05500000000000005,8.44,0,11,200
1132,219096,103.57666744757444,0.10499999999999998,8.02,0,9,200
1133,219120,125.63666696846485,0.07999999999999996,6.4,0,4,200
1134,219184,84.10999852977693,0.20499999999999996,8.04,0,7,200
1135,219304,112.75833425670862,0.08999999999999997,7.505,0,6,200
1136,219448,93.86333311256021,0.125,9.05,0,4,200
1137,220360,115.81833344232291,0.07499999999999996,7.625,0,5,200
1138,220408,98.47500083688647,0.12,8.235,0,9,200
1139,220608,83.14666525181383,0.19999999999999996,8.26,0,6,200
1140,220696,84.91999944858253,0.18500000000000005,8.28,0,9,200
1141,220720,96.50166702084243,0.135,8.215,0,6,200
1142,220784,101.23166713025421,0.13,7.765,0,7,200
1143,220904,98.45500035118312,0.13,8.115,0,7,200
1144,221048,125.54333333577961,0.050000000000000044,7.01,0,5,200
1145,221960,118.01833248790354,0.08499999999999996,7.205,0,3,200
1146,222008,99.6916676228866,0.10499999999999998,8.695,0,4,200
1147,222208,101.44500040449202,0.13,7.755,0,7,200
1148,222296,86.01833344530314,0.16000000000000003,8.885,0,8,200
1149,222320,106.63500062189996,0.08499999999999996,8.265,0,7,200
1150,222384,89.87499999813735,0.17000000000000004,8.205,0,6,200
1151,222504,128.53000110387802,0.06000000000000005,6.75,0,2,200
1152,222648,90.55666702799499,0.16500000000000004,8.05,0,8,200
1153,223560,116.79999977350235,0.05500000000000005,8.07,0,3,200
1154,223608,106.6866664905101,0.10499999999999998,7.66,0,9,200
1155,223808,104.45000019483268,0.10499999999999998,7.92,0,9,200
1156,223896,119.3533336687833,0.05500000000000005,7.55,0,7,200
1157,223920,102.65333257429302,0.07499999999999996,8.96,0,8,200
1158,223984,126.47166679799557,0.010000000000000009,7.975,0,6,200
1159,224104,107.52833388652653,0.07999999999999996,8.015,0,10,200
1160,224248,84.66166732367128,0.19499999999999995,8.305,0,6,200
1161,225160,100.34666665550321,0.14500000000000002,7.57,0,5,200
1162,225208,105.37666605785489,0.13,7.45,0,7,200
1163,225408,93.84166725259274,0.135,8.365,0,10,200
1164,225496,51.57166613359004,0.29000000000000004,9.295,0,12,200
1165,225520,86.92999973706901,0.13,9.42,0,8,200
1166,225584,115.71833303105086,0.10499999999999998,6.755,0,7,200
1167,225704,108.49666597507894,0.07499999999999996,8.26,0,7,200
1168,225848,106.62500069197267,0.08999999999999997,8.445,0,4,200
1169,226760,97.62333320081234,0.14500000000000002,8.12,0,4,200
1170,226808,110.85666760616004,0.12,7.27,0,4,200
1171,227008,93.79666613601148,0.13,8.44,0,11,200
1172,227096,102.4849993204698,0.07999999999999996,8.985,0,5,200
1173,227120,111.90833342727274,0.09999999999999998,7.505,0,4,200
1174,227184,107.50000119488686,0.08499999999999996,8.07,0,8,200
1175,227304,97.57333370205015,0.16000000000000003,7.58,0,7,200
1176,227448,104.08499973267317,0.08999999999999997,8.445,0,8,200
1177,228360,100.5300002200529,0.14,7.92,0,3,200
1178,228408,97.24333441164345,0.08999999999999997,9.41,0,5,200
1179,228608,84.83500022254884,0.17000000000000004,8.685,0,8,200
1180,228696,95.00666721910238,0.11499999999999999,8.77,0,11,200
1181,228720,106.62666644155979,0.10999999999999999,7.99,0,3,200
1182,228784,113.9133330732584,0.08499999999999996,7.82,0,2,200
1183,228904,118.27999871969223,0.04500000000000004,8.04,0,5,200
1184,229048,103.15500013995916,0.09999999999999998,8.115,0,9,200
1185,229960,101.24500051699579,0.10999999999999999,8.085,0,10,200
1186,230008,101.15833365824074,0.10499999999999998,8.675,0,4,200
1187,230208,110.16833436489105,0.13,6.995,0,2,200
1188,230296,92.54833336826414,0.16500000000000004,8.105,0,5,200
1189,230320,86.1849987283349,0.20999999999999996,7.995,0,3,200
1190,230384,123.38833361119032,0.050000000000000044,7.295,0,5,200
1191,230504,123.16499983426183,0.05500000000000005,7.305,0,4,200
1192,230648,108.57833386957645,0.08999999999999997,8.165,0,4,200
1193,231560,101.625000028871,0.12,8.295,0,4,200
1194,231608,94.96000015549362,0.14500000000000002,8.1,0,8,200
1195,231808,115.60166592895985,0.08499999999999996,7.435,0,4,200
1196,231896,100.60166710522026,0.10499999999999998,8.245,0,11,200
1197,231920,109.8400003677234,0.09999999999999998,7.68,0,5,200
1198,231984,121.30666761752218,0.06499999999999995,7.33,0,3,200
1199,232104,118.52166772540659,0.07999999999999996,7.255,0,5,200
1200,232248,82.2999990703538,0.18999999999999995,8.58,0,6,200
1201,233160,96.96333327703178,0.135,7.94,0,10,200
1202,233208,103.23833360057324,0.09999999999999998,8.315,0,6,200
1203,233408,101.68500107899308,0.09999999999999998,8.415,0,9,200
1204,233496,79.68500055931509,0.16000000000000003,9.135,0,14,200
1205,233520,66.27000053040683,0.22499999999999998,9.51,0,7,200
1206,233584,109.80833351518959,0.09499999999999997,7.775,0,5,200
1207,233704,121.1650006622076,0.06000000000000005,7.545,0,2,200
1208,233848,99.08666701521724,0.08999999999999997,8.65,0,12,200
1209,234760,108.33500073384494,0.07999999999999996,8.175,0,8,200
1210,234808,120.19000020902604,0.04500000000000004,7.62,0,7,200
1211,235008,116.16833362355828,0.06000000000000005,8.015,0,5,200
1212,235096,115.74999930337071,0.06000000000000005,7.98,0,4,200
1213,235120,119.0099998190999,0.07499999999999996,7.38,0,2,200
1214,235184,84.6300004394725,0.15500000000000003,9.15,0,8,200
1215,235304,127.0416649132967,0.03500000000000003,7.555,0,2,200
1216,235448,77.8850001078099,0.19499999999999995,9.075,0,6,200
1217,236360,80.70333279017359,0.20499999999999996,8.18,0,10,200
1218,236408,93.16833372227848,0.14500000000000002,8.405,0,6,200
1219,236608,100.9783338373527,0.14,7.715,0,5,200
1220,236696,106.08166548516601,0.09999999999999998,8.095,0,5,200
1221,236720,102.49833286460489,0.135,7.715,0,5,200
1222,236784,109.38500029873103,0.10499999999999998,7.545,0,7,200
1223,236904,85.5316653251648,0.17000000000000004,8.995,0,4,200
1224,237048,108.91666680388153,0.09499999999999997,7.78,0,6,200
1225,237960,123.16166678443551,0.04500000000000004,7.495,0,6,200
1226,238008,121.18333320971578,0.05500000000000005,7.49,0,3,200
1227,238208,75.79166638478637,0.17000000000000004,9.625,0,10,200
1228,238296,107.79833384230733,0.09999999999999998,7.835,0,7,200
1229,238320,108.27666724752635,0.07999999999999996,7.93,0,9,200
1230,238384,107.54166654497385,0.08499999999999996,8.305,0,6,200
1231,238504,126.43500125780702,0.04500000000000004,7.125,0,5,200
1232,238648,117.71000002324581,0.06999999999999995,7.44,0,5,200
1233,239560,106.46166692394763,0.09499999999999997,7.975,0,8,200
1234,239608,111.39500053878874,0.07499999999999996,8.025,0,5,200
1235,239808,95.47499942593277,0.10999999999999999,9.045,0,5,200
1236,239896,126.31333315372467,0.025000000000000022,7.58,0,5,200
1237,239920,102.31999938189983,0.13,7.98,0,2,200
1238,239984,93.74333384912461,0.14500000000000002,8.18,0,10,200
1239,240104,88.35000008810312,0.18500000000000005,7.95,0,7,200
1240,240248,88.8833326427266,0.16000000000000003,8.39,0,7,200
1241,241160,103.10333395935595,0.10999999999999999,7.94,0,9,200
1242,241208,92.70333376247436,0.15000000000000002,8.12,0,10,200
1243,241408,107.57333258446306,0.10499999999999998,7.58,0,7,200
1244,241496,130.97833390533924,0.025000000000000022,6.965,0,4,200
1245,241520,97.99333374854177,0.13,8.21,0,6,200
1246,241584,78.47333279903978,0.20499999999999996,8.69,0,7,200
1247,241704,119.5300000347197,0.08999999999999997,6.96,0,2,200
1248,241848,85.86166612710804,0.18999999999999995,8.275,0,6,200
1249,242760,115.20499984174967,0.06000000000000005,7.995,0,5,200
1250,242808,87.36833344120532,0.14500000000000002,8.645,0,12,200
1251,243008,123.91999911144376,0.04500000000000004,7.5,0,3,200
1252,243096,66.34999976865947,0.21999999999999997,9.96,0,5,200
1253,243120,118.55000026524067,0.06000000000000005,7.59,0,6,200
1254,243184,104.55333334766328,0.09999999999999998,8.03,0,10,200
1255,243304,86.43166735954583,0.125,9.715,0,8,200
1256,243448,98.21166602429003,0.13,8.515,0,3,200
1257,244360,110.940000644885,0.050000000000000044,8.7,0,4,200
1258,244408,94.95333359576762,0.12,8.39,0,11,200
1259,244608,106.35666704829782,0.10999999999999999,7.96,0,3,200
1260,244696,94.5816666809842,0.13,8.425,0,9,200
1261,244720,98.85166680626571,0.125,7.825,0,11,200
1262,244784,81.74499939475209,0.18000000000000005,8.685,0,9,200
1263,244904,98.53499950375408,0.09999999999999998,8.475,0,11,200
1264,245048,86.66166703402996,0.17000000000000004,8.815,0,4,200
1265,245960,52.86000000499189,0.32999999999999996,8.55,0,7,200
1266,246008,107.3633322333917,0.07499999999999996,8.36,0,6,200
1267,246208,52.06333335209638,0.32499999999999996,8.87,0,7,200
1268,246296,93.61666625645012,0.15000000000000002,8.26,0,6,200
1269,246320,106.52833353634924,0.08999999999999997,7.955,0,8,200
1270,246384,130.0800013691187,0.03500000000000003,7.02,0,4,200
1271,246504,74.8966670082882,0.21499999999999997,8.53,0,10,200
1272,246648,89.48500038683414,0.18000000000000005,8.115,0,4,200
1273,247560,105.47333332337439,0.07999999999999996,8.33,0,9,200
1274,247608,117.03999915253371,0.05500000000000005,7.77,0,6,200
1275,247808,80.22333340067416,0.16500000000000004,9.32,0,9,200
1276,247896,132.9749991595745,0.040000000000000036,6.645,0,2,200
1277,247920,90.65666643623263,0.11499999999999999,9.16,0,11,200
1278,247984,95.61833388451487,0.10499999999999998,8.825,0,11,200
1279,248104,111.38000094797462,0.06499999999999995,8.34,0,5,200
1280,248248,124.00999922305346,0.050000000000000044,7.23,0,4,200
1281,249160,123.01833391934633,0.030000000000000027,8.015,0,2,200
1282,249208,114.16999986581504,0.07999999999999996,7.59,0,5,200
1283,249408,111.21166561357677,0.07999999999999996,8.095,0,4,200
1284,249496,121.46333391778171,0.05500000000000005,7.37,0,5,200
1285,249520,73.6933330167085,0.19999999999999996,9.32,0,7,200
1286,249584,118.64833341538906,0.04500000000000004,7.865,0,5,200
1287,249704,58.72833323292434,0.28500000000000003,8.885,0,8,200
1288,249848,109.01833379920572,0.06000000000000005,8.615,0,7,200
1289,250760,70.74833340756595,0.235,8.945,0,6,200
1290,250808,97.24666659533978,0.16000000000000003,7.66,0,4,200
1291,251008,106.91000111214817,0.07499999999999996,8.52,0,6,200
1292,251096,114.38666813075542,0.06999999999999995,8.02,0,3,200
1293,251120,88.45666635222733,0.13,8.98,0,11,200
1294,251184,106.38499893806875,0.10499999999999998,7.815,0,7,200
1295,251304,95.62833395134658,0.14500000000000002,7.955,0,9,200
1296,251448,118.27333437278867,0.08499999999999996,7.1,0,5,200
1297,252360,81.63666661828756,0.16000000000000003,9.49,0,6,200
1298,252408,93.72833293862641,0.15000000000000002,8.075,0,8,200
1299,252608,95.92333253100514,0.16000000000000003,7.97,0,4,200
1300,252696,83.58999960776418,0.18999999999999995,8.46,0,6,200
1301,252720,109.73833281453699,0.06999999999999995,8.525,0,4,200
1302,252784,114.91166802868247,0.06999999999999995,7.705,0,6,200
1303,252904,81.45166666712612,0.18500000000000005,8.815,0,5,200
1304,253048,88.01500040199608,0.135,9.015,0,11,200
1305,253960,88.79333327524364,0.15500000000000003,8.81,0,4,200
1306,254008,113.43499940633774,0.04500000000000004,8.715,0,4,200
1307,254208,94.7183343898505,0.16000000000000003,7.985,0,6,200
1308,254296,73.32999976631254,0.19999999999999996,9.72,0,3,200
1309,254320,111.53833404555917,0.06999999999999995,8.285,0,4,200
1310,254384,99.24499882664531,0.125,8.145,0,7,200
1311,254504,126.93166652321815,0.040000000000000036,7.345,0,2,200
1312,254648,100.16666722297668,0.10499999999999998,8.53,0,8,200
1313,255560,103.78333394043148,0.08499999999999996,8.45,0,8,200
1314,255608,88.0750012844801,0.18000000000000005,8.295,0,4,200
1315,255808,101.98666581325233,0.11499999999999999,8.11,0,6,200
1316,255896,90.62666703108698,0.125,9.04,0,9,200
1317,255920,92.8266668682918,0.15000000000000002,8.56,0,4,200
1318,255984,108.32833392824978,0.08499999999999996,8.225,0,5,200
1319,256104,120.0883332779631,0.050000000000000044,7.385,0,9,200
1320,256248,87.08500072080642,0.14,9.105,0,10,200
1321,257160,89.44833242334425,0.135,9.275,0,5,200
1322,257208,105.5066660195589,0.10999999999999999,8.11,0,3,200
1323,257408,115.81999998912215,0.04500000000000004,8.4,0,3,200
1324,257496,71.75000043679029,0.19999999999999996,9.57,0,7,200
1325,257520,85.15500020701438,0.16000000000000003,8.805,0,9,200
1326,257584,112.2566669723019,0.050000000000000044,8.32,0,9,200
1327,257704,82.38333203736693,0.20499999999999996,8.0,0,9,200
1328,257848,105.03999981377274,0.08499999999999996,8.43,0,7,200
1329,258760,101.2983333664015,0.09999999999999998,8.375,0,10,200
1330,258808,101.50999994948506,0.09999999999999998,8.49,0,7,200
1331,259008,124.13333467300981,0.06000000000000005,7.04,0,4,200
1332,259096,112.901666498743,0.135,6.355,0,5,200
1333,259120,118.0083326138556,0.07499999999999996,7.175,0,8,200
1334,259184,113.9183341814205,0.04500000000000004,8.615,0,5,200
1335,259304,109.92499958258122,0.06499999999999995,8.085,0,9,200
1336,259448,76.67000021599233,0.19999999999999996,9.18,0,6,200
1337,260360,92.61999989580363,0.15500000000000003,7.86,0,11,200
1338,260408,112.87666679173708,0.10499999999999998,7.12,0,7,200
1339,260608,104.72333267983049,0.11499999999999999,7.67,0,9,200
1340,260696,110.8883331976831,0.07999999999999996,7.895,0,7,200
1341,260720,88.6850005267188,0.16000000000000003,8.775,0,5,200
1342,260784,101.52833269443363,0.11499999999999999,8.285,0,5,200
1343,260904,103.17333371378481,0.08499999999999996,8.66,0,7,200
1344,261048,86.89166612923145,0.14,9.355,0,6,200
1345,261960,88.19333360064775,0.18500000000000005,7.91,0,9,200
1346,262008,108.21666636317968,0.06000000000000005,8.86,0,5,200
1347,262208,92.89666657708585,0.135,8.59,0,8,200
1348,262296,95.13499987777323,0.16000000000000003,7.965,0,4,200
1349,262320,130.1416668444872,0.025000000000000022,7.435,0,1,200
1350,262384,87.96333319693804,0.15000000000000002,9.17,0,2,200
1351,262504,117.78833378013223,0.04500000000000004,7.925,0,7,200
1352,262648,96.62166630290449,0.10499999999999998,8.875,0,8,200
1353,263560,101.43166676815599,0.14500000000000002,7.615,0,4,200
1354,263608,90.0216674786061,0.10499999999999998,9.595,0,7,200
1355,263808,121.21333414316177,0.06499999999999995,7.37,0,3,200
1356,263896,77.52499953657389,0.20999999999999996,8.925,0,4,200
1357,263920,117.5433332240209,0.08499999999999996,6.98,0,7,200
1358,263984,72.50000037718564,0.235,8.7,0,6,200
1359,264104,37.91833312623203,0.38,9.185,0,6,200
1360,264248,93.73000109847635,0.14,8.34,0,8,200
1361,265160,108.72166684549302,0.06999999999999995,8.305,0,8,200
1362,265208,111.83666613977402,0.08999999999999997,7.6,0,7,200
1363,265408,69.12000001501292,0.21999999999999997,9.24,0,8,200
1364,265496,109.27833404298872,0.06000000000000005,8.615,0,6,200
1365,265520,108.5550003182143,0.08999999999999997,7.455,0,12,200
1366,265584,93.43500019796193,0.17500000000000004,7.605,0,8,200
1367,265704,111.32666765898466,0.09999999999999998,7.66,0,3,200
1368,265848,62.28666674718261,0.245,9.31,0,10,200
1369,266760,92.20499967504293,0.14,8.445,0,10,200
1370,266808,119.23166631069034,0.06000000000000005,7.735,0,4,200
1371,267008,119.79833320435137,0.08499999999999996,6.905,0,4,200
1372,267096,74.98499969951808,0.18999999999999995,9.165,0,11,200
1373,267120,111.38666695728898,0.06499999999999995,8.05,0,9,200
1374,267184,129.29666566103697,0.03500000000000003,7.0,0,5,200
1375,267304,113.56166686490178,0.05500000000000005,8.215,0,6,200
1376,267448,81.41166691295803,0.21999999999999997,7.975,0,6,200
1377,268360,42.03333236090839,0.35,8.78,0,14,200
1378,268408,82.4000000981614,0.17000000000000004,8.94,0,9,200
1379,268608,115.03666690643877,0.06000000000000005,7.81,0,8,200
1380,268696,86.72833298612386,0.16500000000000004,8.465,0,9,200
1381,268720,103.14499986730516,0.07499999999999996,8.745,0,9,200
1382,268784,101.33000076562166,0.09499999999999997,8.82,0,5,200
1383,268904,79.98666696902364,0.19499999999999995,8.41,0,11,200
1384,269048,110.60166643559933,0.12,7.165,0,2,200
1385,269960,90.93833264242858,0.14,8.705,0,8,200
1386,270008,114.59166783746332,0.07999999999999996,7.735,0,3,200
1387,270208,91.9783334415406,0.16500000000000004,8.225,0,5,200
1388,270296,115.9716662755236,0.06000000000000005,7.885,0,5,200
1389,270320,109.49999977648258,0.09499999999999997,7.95,0,4,200
1390,270384,98.67333315499127,0.10499999999999998,8.63,0,9,200
1391,270504,97.88666713796556,0.13,8.08,0,9,200
1392,270648,132.5450014024973,0.030000000000000027,7.035,0,2,200
1393,271560,122.12166705727577,0.06999999999999995,7.255,0,2,200
1394,271608,111.99333315715194,0.030000000000000027,8.78,0,10,200
1395,271808,65.94999910984188,0.26,8.76,0,8,200
1396,271896,117.71166652813554,0.05500000000000005,7.945,0,4,200
1397,271920,122.89833376556635,0.07999999999999996,6.725,0,4,200
1398,271984,97.87999981176108,0.14,7.98,0,7,200
1399,272104,85.24666610267013,0.18000000000000005,8.56,0,6,200
1400,272248,102.44166703056544,0.13,7.945,0,3,200
1401,273160,79.32999964989722,0.19499999999999995,8.67,0,8,200
1402,273208,75.7050005774945,0.24,8.115,0,7,200
1403,273408,104.71833394281566,0.135,7.445,0,5,200
1404,273496,80.78166652284563,0.19499999999999995,8.725,0,6,200
1405,273520,116.45000075548887,0.040000000000000036,8.25,0,7,200
1406,273584,93.65666616056114,0.14,8.5,0,7,200
1407,273704,92.73333420883864,0.15000000000000002,8.15,0,8,200
1408,273848,112.2000010823831,0.05500000000000005,8.58,0,3,200
1409,274760,94.38499998208135,0.14500000000000002,8.295,0,5,200
1410,274808,112.07500044908375,0.05500000000000005,8.475,0,6,200
1411,275008,92.94499926269054,0.18500000000000005,7.935,0,1,200
1412,275096,118.31500042229891,0.05500000000000005,7.845,0,4,200
1413,275120,124.0433336943388,0.03500000000000003,7.67,0,4,200
1414,275184,106.33333295490593,0.10499999999999998,7.97,0,5,200
1415,275304,105.8599985903129,0.11499999999999999,7.83,0,3,200
1416,275448,91.03166692517698,0.17000000000000004,8.125,0,6,200
1417,276360,83.97500036563724,0.14,9.615,0,6,200
1418,276408,83.51000019069761,0.16000000000000003,9.36,0,5,200
1419,276608,133.7566666379571,0.025000000000000022,6.61,0,7,200
1420,276696,108.31833453290164,0.05500000000000005,8.645,0,9,200
1421,276720,103.84166605770588,0.11499999999999999,8.005,0,4,200
1422,276784,111.83166664466262,0.06000000000000005,8.245,0,9,200
1423,276904,114.49500065669417,0.06499999999999995,7.905,0,7,200
1424,277048,59.62833295483142,0.27,9.215,0,8,200
1425,277960,78.19166719634086,0.21999999999999997,8.515,0,6,200
1426,278008,117.18833404779434,0.06000000000000005,7.925,0,3,200
1427,278208,121.65833429899067,0.050000000000000044,7.415,0,5,200
1428,278296,109.52666712738574,0.11499999999999999,7.15,0,7,200
1429,278320,104.17999980878085,0.09499999999999997,8.31,0,8,200
1430,278384,104.37500128056854,0.125,7.785,0,4,200
1431,278504,67.32166596874595,0.22499999999999998,9.535,0,7,200
1432,278648,133.6183322519064,0.03500000000000003,6.695,0,2,200
1433,279560,116.76166673656553,0.08499999999999996,7.465,0,3,200
1434,279608,109.53000056743622,0.07999999999999996,8.16,0,5,200
1435,279808,75.68833290692419,0.20499999999999996,9.185,0,5,200
1436,279896,89.06333359982818,0.16000000000000003,8.63,0,5,200
1437,279920,104.60333330836147,0.11499999999999999,8.03,0,4,200
1438,279984,98.56166736036539,0.10499999999999998,8.965,0,4,200
1439,280104,114.78499933239073,0.09499999999999997,7.245,0,4,200
1440,280248,137.34499964118004,0.010000000000000009,6.855,0,2,200
1441,281160,113.98000011220574,0.06000000000000005,8.13,0,6,200
1442,281208,111.3966681882739,0.07499999999999996,8.14,0,4,200
1443,281408,115.0766666745767,0.06499999999999995,7.9,0,5,200
1444,281496,94.0249992152676,0.11499999999999999,9.285,0,4,200
1445,281520,114.33000114560127,0.08499999999999996,7.56,0,3,200
1446,281584,87.1933326413855,0.17500000000000004,8.24,0,8,200
1447,281704,84.01999952178448,0.18000000000000005,8.7,0,6,200
1448,281848,116.85833326354623,0.07499999999999996,7.355,0,6,200
1449,282760,73.99000032059848,0.24,8.61,0,4,200
1450,282808,107.58000001311302,0.10499999999999998,7.95,0,3,200
1451,283008,86.98166722990572,0.12,9.715,0,8,200
1452,283096,78.4716660734266,0.17000000000000004,9.355,0,8,200
1453,283120,114.59999993350357,0.04500000000000004,8.34,0,6,200
1454,283184,110.09499946888536,0.10999999999999999,7.365,0,6,200
1455,283304,104.20166703872383,0.14,7.375,0,4,200
1456,283448,96.40999931748956,0.125,8.49,0,7,200
1457,284360,82.31499886326492,0.17500000000000004,9.105,0,6,200
1458,284408,115.83166736736894,0.12,6.685,0,2,200
1459,284608,104.64166589733213,0.09499999999999997,8.395,0,6,200
1460,284696,108.51833400502801,0.09999999999999998,7.805,0,5,200
1461,284720,105.6300006788224,0.11499999999999999,7.8,0,5,200
1462,284784,127.33999980986118,0.030000000000000027,7.74,0,1,200
1463,284904,102.38500104658306,0.14,7.635,0,5,200
1464,285048,100.04666687361896,0.15500000000000003,7.27,0,8,200
1465,285960,123.87499843537807,0.09499999999999997,6.165,0,3,200
1466,286008,76.25666586961597,0.235,8.38,0,4,200
1467,286208,69.83666654117405,0.24,8.83,0,8,200
1468,286296,120.39999943971634,0.06499999999999995,7.32,0,3,200
1469,286320,116.12333395238966,0.07999999999999996,7.49,0,4,200
1470,286384,82.74666768219322,0.19499999999999995,8.44,0,6,200
1471,286504,115.42833266407251,0.07999999999999996,7.385,0,6,200
1472,286648,96.57833374291658,0.16500000000000004,7.835,0,3,200
1473,287560,115.0383326113224,0.050000000000000044,8.495,0,3,200
1474,287608,57.56499952636659,0.25,9.705,0,9,200
1475,287808,123.63666831981391,0.04500000000000004,7.45,0,4,200
1476,287896,73.9483335595578,0.255,7.955,0,6,200
1477,287920,99.01500088628381,0.14,7.845,0,5,200
1478,287984,91.46666702162474,0.15000000000000002,8.47,0,7,200
1479,288104,107.78166815638542,0.09999999999999998,8.185,0,2,200
1480,288248,104.98833265062422,0.14,7.445,0,3,200
1481,289160,95.61000049300492,0.135,8.31,0,9,200
1482,289208,86.70833413675427,0.18000000000000005,8.315,0,8,200
1483,289408,69.56333336792886,0.21499999999999997,9.44,0,8,200
1484,289496,119.92666599527001,0.06999999999999995,7.09,0,7,200
1485,289520,121.51833300944418,0.07499999999999996,6.935,0,4,200
1486,289584,119.30000006686896,0.06499999999999995,7.53,0,5,200
1487,289704,105.15833243634552,0.07999999999999996,8.705,0,5,200
1488,289848,125.69166569411755,0.040000000000000036,7.375,0,4,200
1489,290760,91.03000027127564,0.13,8.91,0,7,200
1490,290808,132.10000003874302,0.04500000000000004,6.57,0,3,200
1491,291008,99.358333802782,0.12,8.375,0,5,200
1492,291096,99.24166681990027,0.13,8.275,0,4,200
1493,291120,123.88666754961014,0.03500000000000003,7.66,0,4,200
1494,291184,120.1483340896666,0.05500000000000005,7.745,0,2,200
1495,291304,111.9499998819083,0.07999999999999996,7.8,0,7,200
1496,291448,83.88166563212872,0.18999999999999995,8.455,0,6,200
1497,292360,151.06499952077866,0.020000000000000018,5.175,0,0,200
1498,292408,109.10499947145581,0.07999999999999996,8.145,0,6,200
1499,292608,113.18000007048249,0.050000000000000044,8.31,0,8,200
1500,292696,90.54166682809591,0.14,9.085,0,4,200
1501,292720,85.49499901942909,0.19499999999999995,8.115,0,6,200
1502,292784,100.07000081706792,0.12,8.16,0,9,200
1503,292904,70.58666650112718,0.22999999999999998,9.07,0,4,200
1504,293048,63.78999982587993,0.265,9.21,0,4,200
1505,293960,81.41333319153637,0.20999999999999996,8.24,0,6,200
1506,294008,126.56166603323072,0.040000000000000036,7.255,0,5,200
1507,294208,88.3450008155778,0.17000000000000004,8.505,0,6,200
1508,294296,123.15333288908005,0.04500000000000004,7.7,0,3,200
1509,294320,99.93999992311001,0.14500000000000002,8.04,0,2,200
1510,294384,77.48499998264015,0.22999999999999998,8.145,0,8,200
1511,294504,94.4083326626569,0.14,8.435,0,8,200
1512,294648,136.93999992311,0.050000000000000044,5.85,0,4,200
1513,295560,110.86000020615757,0.05500000000000005,8.67,0,6,200
1514,295608,107.34833360370249,0.11499999999999999,7.775,0,3,200
1515,295808,110.30499986559153,0.06499999999999995,8.415,0,6,200
1516,295896,104.21666625794023,0.14,7.33,0,5,200
1517,295920,108.23666773643345,0.09999999999999998,8.14,0,3,200
1518,295984,121.12166844308376,0.08499999999999996,6.655,0,6,200
1519,296104,104.74999974668026,0.15000000000000002,7.17,0,2,200
1520,296248,78.9983332818374,0.22499999999999998,8.255,0,5,200
1521,297160,93.8499995097518,0.14500000000000002,8.61,0,2,200
1522,297208,99.46166767831892,0.13,8.125,0,6,200
1523,297408,71.96666627191007,0.25,8.32,0,7,200
1524,297496,109.43833337724209,0.09999999999999998,7.805,0,5,200
1525,297520,85.45833365432918,0.17500000000000004,8.405,0,8,200
1526,297584,119.85000055283308,0.06499999999999995,7.74,0,2,200
1527,297704,96.26666707452387,0.11499999999999999,8.89,0,4,200
1528,297848,122.45166699588299,0.07999999999999996,6.715,0,5,200
1529,298760,89.53500030841678,0.16000000000000003,8.415,0,7,200
1530,298808,81.01833398453891,0.19499999999999995,8.645,0,8,200
1531,299008,109.3533322578296,0.10499999999999998,7.7,0,5,200
1532,299096,79.84500032197684,0.18500000000000005,8.835,0,8,200
1533,299120,101.37000001128763,0.15500000000000003,7.26,0,7,200
1534,299184,73.68833374325186,0.20499999999999996,9.275,0,8,200
1535,299304,120.02833330258727,0.06000000000000005,7.295,0,7,200
1536,299448,82.50000057183206,0.18500000000000005,8.58,0,8,200
1537,300360,98.49833231419325,0.15000000000000002,8.135,0,1,200
1538,300408,117.30333360098302,0.06000000000000005,7.64,0,8,200
1539,300608,116.77166636288166,0.09499999999999997,6.925,0,5,200
1540,300696,102.43500053696334,0.16500000000000004,7.005,0,5,200
1541,300720,117.44333319738507,0.06999999999999995,7.64,0,4,200
1542,300784,104.38333289977163,0.125,7.85,0,5,200
1543,300904,99.37500023748726,0.12,8.325,0,8,200
1544,301048,123.07999981194735,0.11499999999999999,5.82,0,5,200
1545,301960,105.54499939735979,0.14500000000000002,7.365,0,3,200
1546,302008,84.0550000956282,0.21499999999999997,8.055,0,5,200
1547,302208,110.94333333522081,0.125,7.1,0,3,200
1548,302296,124.02333478629589,0.06000000000000005,7.01,0,5,200
1549,302320,122.98666670918465,0.06999999999999995,7.06,0,3,200
1550,302384,96.77166698034853,0.17000000000000004,7.555,0,6,200
1551,302504,95.20166676398367,0.18999999999999995,7.225,0,6,200
1552,302648,107.62499991059303,0.11499999999999999,7.665,0,5,200
1553,303560,93.40833269059658,0.20999999999999996,7.145,0,3,200
1554,303608,100.24000053759664,0.14500000000000002,7.77,0,6,200
1555,303808,118.21333505120128,0.06499999999999995,7.58,0,5,200
1556,303896,82.8166667362675,0.18999999999999995,8.8,0,5,200
1557,303920,121.02666734810919,0.04500000000000004,7.9,0,3,200
1558,303984,108.83000005688518,0.13,6.78,0,11,200
1559,304104,100.47499974444509,0.10999999999999999,8.595,0,5,200
1560,304248,124.97499978914857,0.030000000000000027,7.635,0,6,200
1561,305160,123.16000065859407,0.06499999999999995,7.08,0,4,200
1562,305208,118.9483315423131,0.06499999999999995,7.625,0,3,200
1563,305408,91.88833374716341,0.16000000000000003,8.345,0,6,200
1564,305496,115.89833306428045,0.07499999999999996,7.535,0,5,200
1565,305520,98.00999889522791,0.17500000000000004,7.35,0,4,200
1566,305584,119.3333328962326,0.08499999999999996,6.89,0,5,200
1567,305704,126.57166630029678,0.050000000000000044,7.045,0,4,200
1568,305848,96.88833325915039,0.16500000000000004,7.595,0,6,200
1569,306760,88.12166641280055,0.17000000000000004,8.245,0,10,200
1570,306808,123.42166771646589,0.04500000000000004,7.585,0,4,200
1571,307008,73.31166663672775,0.18999999999999995,9.865,0,4,200
1572,307096,96.19333424977958,0.16500000000000004,7.64,0,6,200
1573,307120,80.29999954719096,0.19499999999999995,8.7,0,7,200
1574,307184,93.84500026889145,0.15000000000000002,8.055,0,9,200
1575,307304,100.5966664776206,0.10999999999999999,8.65,0,4,200
1576,307448,101.89499955903739,0.15500000000000003,7.605,0,2,200
1577,308360,98.2533332966268,0.14,7.85,0,9,200
1578,308408,64.61500037461519,0.245,8.925,0,13,200
1579,308608,98.60500059928745,0.16500000000000004,7.365,0,6,200
1580,308696,77.59333330113441,0.18999999999999995,8.93,0,9,200
1581,308720,116.12000077962875,0.06999999999999995,7.56,0,7,200
1582,308784,97.34666547365487,0.10499999999999998,8.92,0,7,200
1583,308904,105.18000013940036,0.13,7.35,0,7,200
1584,309048,94.76166579779238,0.11499999999999999,9.235,0,3,200
1585,309960,86.52999990992248,0.20499999999999996,7.47,0,10,200
1586,310008,114.17333310004324,0.040000000000000036,8.51,0,8,200
1587,310208,96.53666763007641,0.10999999999999999,8.89,0,8,200
1588,310296,106.83999948017299,0.125,7.56,0,5,200
1589,310320,114.36333214398474,0.09999999999999998,7.1,0,7,200
1590,310384,128.90000058710575,0.06499999999999995,6.24,0,6,200
1591,310504,91.40166683495045,0.18500000000000005,7.735,0,6,200
1592,310648,91.62500067427754,0.16000000000000003,8.175,0,7,200
1593,311560,54.42833297792822,0.29000000000000004,9.545,0,7,200
1594,311608,126.75833276566118,0.06499999999999995,6.695,0,3,200
1595,311808,119.30999988224357,0.08999999999999997,6.66,0,7,200
1596,311896,120.27333325147629,0.09999999999999998,6.41,0,3,200
1597,311920,111.10999958217144,0.09499999999999997,7.77,0,4,200
1598,311984,103.26333210244775,0.08499999999999996,8.9,0,4,200
1599,312104,112.80833351239562,0.08999999999999997,7.625,0,4,200
1600,312248,108.34666775818914,0.14500000000000002,6.91,0,4,200
1601,313160,108.51166575308889,0.10999999999999999,7.645,0,5,200
1602,313208,96.39166693389416,0.16000000000000003,7.795,0,6,200
1603,313408,93.68333394359797,0.135,8.54,0,7,200
1604,313496,71.80666664149612,0.26,8.14,0,6,200
1605,313520,94.93999973591417,0.13,8.34,0,12,200
1606,313584,75.14000020641834,0.22999999999999998,8.25,0,11,200
1607,313704,105.7933338265866,0.07999999999999996,8.42,0,9,200
1608,313848,83.70000021811575,0.18500000000000005,8.67,0,7,200
1609,314760,127.58666630741209,0.07999999999999996,6.01,0,7,200
1610,314808,51.46833320148289,0.28,10.145,0,6,200
1611,315008,78.19166632648557,0.21999999999999997,8.485,0,4,200
1612,315096,115.31833481788635,0.09999999999999998,7.085,0,6,200
1613,315120,110.86499978601933,0.06999999999999995,8.115,0,8,200
1614,315184,100.30499971471727,0.14,7.845,0,6,200
1615,315304,112.10500026401132,0.08499999999999996,7.875,0,5,200
1616,315448,103.82333297282457,0.09999999999999998,8.33,0,6,200
1617,316360,113.84833271801472,0.08499999999999996,7.595,0,5,200
1618,316408,85.63166536204517,0.18500000000000005,8.215,0,9,200
1619,316608,77.51666594855487,0.255,7.66,0,8,200
1620,316696,126.59000013303012,0.07999999999999996,6.09,0,5,200
1621,316720,78.94833372347057,0.19999999999999996,8.735,0,7,200
1622,316784,92.71833307854831,0.125,8.795,0,8,200
1623,316904,110.7766674393788,0.10999999999999999,6.94,0,10,200
1624,317048,71.92499972693622,0.235,8.685,0,6,200
1625,317960,91.01999988500029,0.14500000000000002,8.7,0,7,200
1626,318008,121.57333375513554,0.09999999999999998,5.99,0,10,200
1627,318208,89.39000045415014,0.21499999999999997,7.65,0,2,200
1628,318296,101.07500022090971,0.08499999999999996,8.775,0,7,200
1629,318320,114.71666702535003,0.08999999999999997,7.15,0,7,200
1630,318384,91.42833441309631,0.125,8.825,0,11,200
1631,318504,126.95333353430033,0.030000000000000027,7.31,0,8,200
1632,318648,89.19166558142751,0.17000000000000004,8.395,0,6,200
1633,319560,118.67666687723249,0.10499999999999998,6.67,0,3,200
1634,319608,126.41833393275738,0.040000000000000036,7.295,0,4,200
1635,319808,115.27333275973797,0.07999999999999996,7.73,0,3,200
1636,319896,93.0149993961677,0.15500000000000003,7.905,0,12,200
1637,319920,93.26166741549969,0.135,8.605,0,8,200
1638,319984,120.29666712787002,0.050000000000000044,7.72,0,5,200
1639,320104,107.60666627343744,0.08499999999999996,8.02,0,8,200
1640,320248,74.89166699536145,0.21999999999999997,8.515,0,10,200
1641,321160,126.08833324164152,0.04500000000000004,7.205,0,4,200
1642,321208,119.10833421163261,0.07999999999999996,6.905,0,8,200
1643,321408,129.74000034481287,0.06000000000000005,6.21,0,5,200
1644,321496,94.76000017113984,0.18500000000000005,7.32,0,6,200
1645,321520,43.74666724912822,0.32499999999999996,9.61,0,11,200
1646,321584,79.28500074800104,0.21499999999999997,8.295,0,8,200
1647,321704,97.47166759427637,0.135,8.215,0,5,200
1648,321848,88.1166673693806,0.18999999999999995,7.78,0,9,200
1649,322760,92.27166686858982,0.12,8.905,0,11,200
1650,322808,99.52833363600075,0.11499999999999999,7.955,0,13,200
1651,323008,73.0466672014445,0.235,8.56,0,8,200
1652,323096,90.34833316318691,0.17500000000000004,7.895,0,10,200
1653,323120,93.63000018429011,0.16000000000000003,7.77,0,9,200
1654,323184,90.51333406474441,0.18000000000000005,7.67,0,9,200
1655,323304,124.05999943614006,0.06000000000000005,6.9,0,6,200
1656,323448,125.2350011318922,0.05500000000000005,6.945,0,6,200
1657,324360,103.5916676139459,0.14,7.465,0,4,200
1658,324408,101.45833327900618,0.12,7.865,0,9,200
1659,324608,125.08166667073965,0.07499999999999996,6.655,0,3,200
1660,324696,88.04333330970258,0.18999999999999995,7.82,0,7,200
1661,324720,116.55166736152023,0.06999999999999995,7.705,0,5,200
1662,324784,113.96333318948746,0.06000000000000005,7.94,0,6,200
1663,324904,114.42499940469861,0.030000000000000027,8.835,0,5,200
1664,325048,127.79833232238889,0.030000000000000027,7.295,0,4,200
1665,325960,88.31000003684312,0.17000000000000004,8.31,0,8,200
1666,326008,106.79333402216434,0.125,7.52,0,4,200
1667,326208,97.22333389893174,0.14,7.91,0,8,200
1668,326296,102.44666764140129,0.15500000000000003,7.0,0,7,200
1669,326320,101.29000043030828,0.13,7.83,0,8,200
1670,326384,118.13666616007686,0.050000000000000044,7.93,0,5,200
1671,326504,133.8449999243021,0.010000000000000009,7.335,0,2,200
1672,326648,99.26166768558323,0.14500000000000002,7.495,0,11,200
1673,327560,118.28500001132488,0.08499999999999996,7.095,0,5,200
1674,327608,68.87500062212348,0.22999999999999998,8.865,0,11,200
1675,327808,101.91000048816204,0.135,7.41,0,8,200
1676,327896,124.13666607812047,0.06000000000000005,7.12,0,5,200
1677,327920,90.89166708942503,0.14500000000000002,8.785,0,6,200
1678,327984,100.27500077988952,0.14500000000000002,7.665,0,5,200
1679,328104,125.15000130236149,0.06999999999999995,6.87,0,3,200
1680,328248,84.88499874435365,0.19999999999999996,7.875,0,8,200
1681,329160,81.1616659462452,0.19499999999999995,8.575,0,8,200
1682,329208,91.92999944090843,0.14,8.7,0,7,200
1683,329408,133.05833184719086,0.03500000000000003,6.515,0,6,200
1684,329496,93.78666603099555,0.15000000000000002,7.96,0,10,200
1685,329520,69.71166645083576,0.21999999999999997,8.995,0,12,200
1686,329584,91.86833363585174,0.135,8.705,0,9,200
1687,329704,100.3466676902026,0.12,8.05,0,10,200
1688,329848,86.29499971214682,0.18000000000000005,8.175,0,11,200
1689,330760,92.6633338239044,0.16000000000000003,8.15,0,6,200
1690,330808,122.84666729625314,0.04500000000000004,7.48,0,6,200
1691,331008,98.96333377808332,0.10999999999999999,8.69,0,5,200
1692,331096,117.35500071849674,0.10499999999999998,6.645,0,6,200
1693,331120,108.06833383254707,0.06000000000000005,8.345,0,11,200
1694,331184,97.91833441518247,0.135,8.225,0,6,200
1695,331304,106.8099994296208,0.12,7.38,0,8,200
1696,331448,86.51500020828098,0.18500000000000005,8.265,0,6,200
1697,332360,117.52499936148524,0.04500000000000004,8.145,0,6,200
1698,332408,116.78666529711336,0.06999999999999995,7.48,0,7,200
1699,332608,69.50166705809534,0.27,8.275,0,6,200
1700,332696,104.81000008340925,0.10999999999999999,7.98,0,6,200
1701,332720,122.57166719343513,0.07499999999999996,6.715,0,6,200
1702,332784,94.74166669603437,0.16000000000000003,7.585,0,13,200
1703,332904,102.70499998982996,0.13,7.695,0,6,200
1704,333048,96.08499982114881,0.135,8.325,0,6,200
1705,333960,82.12000153958797,0.19499999999999995,8.52,0,5,200
1706,334008,94.92999958060682,0.125,8.64,0,8,200
1707,334208,95.6266666194424,0.18000000000000005,7.21,0,7,200
1708,334296,95.4749997407198,0.135,8.775,0,3,200
1709,334320,90.25666690804064,0.15000000000000002,8.62,0,7,200
1710,334384,91.8966657128185,0.18000000000000005,7.75,0,6,200
1711,334504,94.05000030528754,0.14,7.98,0,12,200
1712,334648,100.39833315368742,0.11499999999999999,8.405,0,6,200
1713,335560,112.47333354316652,0.08999999999999997,7.43,0,6,200
1714,335608,99.59166627191007,0.09499999999999997,8.605,0,11,200
1715,335808,103.29999891575426,0.14,7.41,0,6,200
1716,335896,106.66833331994712,0.08499999999999996,8.345,0,6,200
1717,335920,85.84166539274156,0.18000000000000005,8.245,0,10,200
1718,335984,125.46333372499794,0.07499999999999996,6.47,0,6,200
1719,336104,109.74333234783262,0.08999999999999997,8.15,0,4,200
1720,336248,112.24333333596587,0.08999999999999997,7.67,0,5,200
1721,337160,113.33833328261971,0.07999999999999996,7.535,0,8,200
1722,337208,108.25666707754135,0.12,7.33,0,6,200
1723,337408,110.13999957498163,0.12,7.11,0,7,200
1724,337496,107.19833419378847,0.10499999999999998,8.045,0,4,200
1725,337520,113.44833257701248,0.06000000000000005,8.135,0,7,200
1726,337584,80.74833358824253,0.19999999999999996,8.735,0,4,200
1727,337704,38.39666589349508,0.345,9.79,0,9,200
1728,337848,76.23166687507182,0.17500000000000004,9.385,0,9,200
1729,338760,80.69166727922857,0.21999999999999997,7.765,0,11,200
1730,338808,110.89999953657389,0.10499999999999998,7.38,0,6,200
1731,339008,121.44499923288822,0.06999999999999995,7.185,0,3,200
1732,339096,100.20333318598568,0.125,8.09,0,7,200
1733,339120,99.0300004510209,0.10999999999999999,8.37,0,9,200
1734,339184,118.30000152438879,0.06499999999999995,7.62,0,3,200
1735,339304,106.21666737552732,0.12,7.78,0,3,200
1736,339448,90.79666721634567,0.14500000000000002,8.5,0,10,200
1737,340360,110.57333356887102,0.10499999999999998,7.43,0,6,200
1738,340408,98.2316672783345,0.16500000000000004,7.135,0,9,200
1739,340608,88.62166648171842,0.17000000000000004,8.425,0,5,200
1740,340696,115.49333355203271,0.08499999999999996,7.31,0,5,200
1741,340720,108.72666589450091,0.11499999999999999,7.42,0,6,200
1742,340784,106.73500053957105,0.10999999999999999,7.815,0,5,200
1743,340904,123.61500015854836,0.07499999999999996,6.345,0,9,200
1744,341048,104.06666705571115,0.11499999999999999,7.72,0,10,200
1745,341960,89.9949995977804,0.18500000000000005,7.725,0,8,200
1746,342008,59.6750003406778,0.29000000000000004,8.505,0,12,200
1747,342208,108.64833384286612,0.12,7.355,0,5,200
1748,342296,118.34666654467583,0.06999999999999995,7.42,0,5,200
1749,342320,97.70666658692062,0.13,8.05,0,9,200
1750,342384,105.48833342920989,0.09999999999999998,7.895,0,9,200
1751,342504,94.64499991293997,0.18999999999999995,7.215,0,6,200
1752,342648,96.00000026356429,0.16000000000000003,7.74,0,7,200
1753,343560,72.35333286877722,0.21499999999999997,9.05,0,8,200
1754,343608,91.07666628342122,0.13,9.04,0,6,200
1755,343808,107.50666645914316,0.08499999999999996,8.38,0,4,200
1756,343896,105.30166685581207,0.125,7.735,0,4,200
1757,343920,127.78833359479904,0.06000000000000005,6.545,0,5,200
1758,343984,93.54000005032867,0.18500000000000005,7.56,0,5,200
1759,344104,122.951666072011,0.06999999999999995,6.565,0,10,200
1760,344248,79.35833354946226,0.18999999999999995,8.915,0,7,200
1761,345160,127.70500093698502,0.040000000000000036,7.095,0,4,200
1762,345208,100.87500005867332,0.15000000000000002,7.485,0,5,200
1763,345408,128.345000077039,0.040000000000000036,6.645,0,11,200
1764,345496,77.07333347760141,0.22499999999999998,8.36,0,6,200
1765,345520,111.0933330571279,0.09499999999999997,7.37,0,8,200
1766,345584,92.1900001000613,0.14500000000000002,8.52,0,7,200
1767,345704,117.44000016804785,0.06999999999999995,7.53,0,5,200
1768,345848,106.89833387266845,0.10499999999999998,7.625,0,9,200
1769,346760,99.60499994270504,0.125,8.055,0,7,200
1770,346808,108.75500009860843,0.08999999999999997,8.085,0,4,200
1771,347008,104.46999937295914,0.09999999999999998,8.28,0,4,200
1772,347096,117.44000065978616,0.030000000000000027,8.52,0,4,200
1773,347120,95.23833338171244,0.12,8.675,0,7,200
1774,347184,108.24499920662493,0.10499999999999998,7.665,0,6,200
1775,347304,99.73333413898945,0.09999999999999998,8.63,0,8,200
1776,347448,117.11000103317201,0.09999999999999998,6.48,0,9,200
1777,348360,118.26833317708224,0.06999999999999995,7.145,0,8,200
1778,348408,114.95666744466871,0.06499999999999995,7.81,0,7,200
1779,348608,102.30833374708891,0.09499999999999997,8.075,0,13,200
1780,348696,81.68000007700175,0.17500000000000004,9.18,0,6,200
1781,348720,129.02500046789646,0.050000000000000044,6.825,0,3,200
1782,348784,74.17166614439338,0.21999999999999997,8.875,0,6,200
1783,348904,107.92500010784715,0.08499999999999996,8.325,0,5,200
1784,349048,120.02333415299654,0.05500000000000005,7.55,0,5,200
1785,349960,98.82499985862523,0.09499999999999997,8.805,0,10,200
1786,350008,100.04999939259142,0.125,8.01,0,7,200
1787,350208,117.50166687369347,0.07999999999999996,7.135,0,8,200
1788,350296,103.87499974481761,0.12,7.755,0,8,200
1789,350320,108.2800009418279,0.09999999999999998,7.65,0,8,200
1790,350384,93.79333385732025,0.17000000000000004,7.61,0,10,200
1791,350504,110.79166727419943,0.09499999999999997,7.615,0,6,200
1792,350648,98.02666725125164,0.13,8.38,0,5,200
1793,351560,97.00500063132495,0.14,7.695,0,12,200
1794,351608,112.29999926500022,0.05500000000000005,8.25,0,8,200
1795,351808,90.36333361826837,0.15500000000000003,8.27,0,10,200
1796,351896,102.0833332510665,0.12,7.7,0,10,200
1797,351920,114.5733337327838,0.06499999999999995,7.88,0,6,200
1798,351984,102.64666716009378,0.13,7.69,0,6,200
1799,352104,107.35833341162652,0.07499999999999996,8.405,0,8,200
1800,352248,76.40833342261612,0.19999999999999996,8.915,0,9,200
1801,353160,96.68666616361588,0.11499999999999999,8.59,0,9,200
1802,353208,85.76500020734966,0.14500000000000002,9.105,0,8,200
1803,353408,78.46500059310347,0.20499999999999996,8.415,0,11,200
1804,353496,107.55166728794575,0.135,7.135,0,5,200
1805,353520,86.08499990124255,0.15500000000000003,8.625,0,11,200
1806,353584,107.42333327140659,0.12,7.49,0,5,200
1807,353704,116.7533334987238,0.05500000000000005,7.88,0,7,200
1808,353848,93.39666726347059,0.13,8.86,0,5,200
1809,354760,77.09666618425399,0.18500000000000005,9.4,0,6,200
1810,354808,122.40333396103233,0.06499999999999995,6.86,0,9,200
1811,355008,77.63166664913297,0.16500000000000004,9.205,0,15,200
1812,355096,106.62666688021272,0.10499999999999998,7.96,0,4,200
1813,355120,108.56166683509946,0.07999999999999996,8.125,0,9,200
1814,355184,107.53500059898943,0.10999999999999999,7.515,0,8,200
1815,355304,91.07500020973384,0.18000000000000005,7.605,0,9,200
1816,355448,90.33833351545036,0.15500000000000003,8.495,0,6,200
1817,356360,114.88833396043628,0.10499999999999998,6.935,0,5,200
1818,356408,107.16499952878803,0.08999999999999997,8.115,0,6,200
1819,356608,120.09999941289425,0.06999999999999995,7.32,0,3,200
1820,356696,88.26833391748369,0.15500000000000003,8.705,0,7,200
1821,356720,106.1616667881608,0.09499999999999997,7.975,0,8,200
1822,356784,87.9266667040065,0.18999999999999995,7.81,0,9,200
1823,356904,97.41500020679086,0.12,8.625,0,5,200
1824,357048,111.27000077068806,0.05500000000000005,8.49,0,4,200
1825,357960,111.78500019572675,0.08999999999999997,7.245,0,11,200
1826,358008,104.236666880548,0.09999999999999998,8.5,0,3,200
1827,358208,88.84500007238239,0.14,9.285,0,4,200
1828,358296,81.32833338435739,0.20499999999999996,8.495,0,5,200
1829,358320,118.57333401497453,0.07499999999999996,7.19,0,6,200
1830,358384,115.05000068992376,0.05500000000000005,8.19,0,4,200
1831,358504,126.63833335042,0.06000000000000005,6.695,0,4,200
1832,358648,98.56333203148097,0.14500000000000002,7.88,0,6,200
1833,359560,129.3733335249126,0.05500000000000005,6.5,0,5,200
1834,359608,62.8050002111122,0.28500000000000003,8.445,0,9,200
1835,359808,124.90500002354383,0.05500000000000005,6.795,0,8,200
1836,359896,93.42666710726917,0.16500000000000004,7.9,0,8,200
1837,359920,125.91500057280064,0.05500000000000005,6.945,0,4,200
1838,359984,106.58166716154665,0.09999999999999998,7.855,0,8,200
1839,360104,70.49833397381008,0.265,8.015,0,8,200
1840,360248,105.8166666245088,0.10999999999999999,7.9,0,6,200
1841,361160,92.18333308957517,0.15000000000000002,8.45,0,7,200
1842,361208,111.97333272360265,0.040000000000000036,8.81,0,6,200
1843,361408,117.66999941598624,0.06999999999999995,7.29,0,7,200
1844,361496,126.92000107467175,0.04500000000000004,7.11,0,4,200
1845,361520,122.48500015866011,0.05500000000000005,7.185,0,7,200
1846,361584,88.96000003255904,0.14,8.85,0,9,200
1847,361704,91.81666569598019,0.12,9.04,0,10,200
1848,361848,106.02000017557293,0.07999999999999996,8.28,0,9,200
1849,362760,113.12833198811859,0.08999999999999997,7.325,0,8,200
1850,362808,113.91666705068201,0.06499999999999995,7.96,0,7,200
1851,363008,127.45166571438313,0.015000000000000013,7.525,0,7,200
1852,363096,89.44500042311847,0.16000000000000003,8.625,0,6,200
1853,363120,116.38166619371623,0.04500000000000004,8.155,0,7,200
1854,363184,129.58999843895435,0.03500000000000003,6.87,0,6,200
1855,363304,117.46333400532603,0.040000000000000036,7.94,0,9,200
1856,363448,119.53000001423061,0.07499999999999996,6.87,0,10,200
1857,364360,115.75499992724508,0.08499999999999996,7.125,0,7,200
1858,364408,96.76666668709368,0.14,8.11,0,6,200
1859,364608,116.83333294652402,0.10999999999999999,6.47,0,8,200
1860,364696,116.31000040844083,0.06999999999999995,7.41,0,9,200
1861,364720,66.46166648436338,0.245,8.935,0,8,200
1862,364784,80.51499954424798,0.18500000000000005,8.625,0,10,200
1863,364904,92.29666732251644,0.13,8.41,0,14,200
1864,365048,86.36499885190278,0.17000000000000004,8.595,0,8,200
1865,365960,124.58999958634377,0.030000000000000027,7.77,0,3,200
1866,366008,95.90500102192163,0.14,8.235,0,7,200
1867,366208,133.61999979615211,0.015000000000000013,7.14,0,2,200
1868,366296,85.57666597422212,0.18000000000000005,8.59,0,4,200
1869,366320,94.88333362340927,0.17000000000000004,7.49,0,9,200
1870,366384,85.47333372943103,0.17500000000000004,8.57,0,7,200
1871,366504,107.05333257745951,0.10499999999999998,7.43,0,11,200
1872,366648,125.49166638310999,0.040000000000000036,6.985,0,8,200
1873,367560,122.825000166893,0.04500000000000004,7.485,0,4,200
1874,367608,70.76999906916171,0.22999999999999998,8.91,0,8,200
1875,367808,114.48999973665923,0.08499999999999996,7.2,0,9,200
1876,367896,106.53333381935954,0.125,6.98,0,9,200
1877,367920,108.38999894913286,0.07499999999999996,8.37,0,6,200
1878,367984,96.7299994295463,0.14,8.16,0,6,200
1879,368104,106.97499940823764,0.10999999999999999,7.845,0,5,200
1880,368248,80.91999952215701,0.18000000000000005,8.79,0,9,200
1881,369160,121.10499909520149,0.04500000000000004,7.845,0,3,200
1882,369208,115.43000091798604,0.07999999999999996,7.38,0,7,200
1883,369408,74.57333304174244,0.21999999999999997,8.69,0,8,200
1884,369496,71.09333289321512,0.20499999999999996,9.53,0,7,200
1885,369520,125.37333357334137,0.04500000000000004,7.07,0,7,200
1886,369584,107.60666677169502,0.11499999999999999,7.42,0,8,200
1887,369704,88.96000047959387,0.17000000000000004,8.25,0,8,200
1888,369848,132.2399994917214,0.040000000000000036,6.48,0,7,200
1889,369976,-8.391667344607413,0.3666666666666667,9.316666666666666,1,2,60
1890,370760,116.05833397805691,0.030000000000000027,8.585,0,5,200
1891,370808,112.80000031739473,0.07499999999999996,7.62,0,7,200
1892,371008,105.33666632883251,0.11499999999999999,7.84,0,5,200
1893,371120,104.70833356585354,0.09499999999999997,8.345,0,5,200
1894,371184,121.59666690975428,0.05500000000000005,7.18,0,9,200
1895,371304,116.05000102333724,0.08499999999999996,7.35,0,5,200
1896,371448,122.82833244651556,0.06000000000000005,7.025,0,6,200
1897,371576,78.29166730679572,0.18999999999999995,9.085,0,7,200
1898,372360,107.62333265971392,0.10499999999999998,7.22,0,13,200
1899,372408,66.56500071566552,0.25,8.505,0,13,200
1900,372608,123.58166744560003,0.04500000000000004,7.375,0,5,200
1901,372720,102.90500016324222,0.125,7.575,0,9,200
1902,372784,89.44666724838316,0.16000000000000003,8.41,0,8,200
1903,372904,118.48833276238292,0.06999999999999995,7.265,0,7,200
1904,373048,81.81500022020191,0.18999999999999995,8.745,0,6,200
1905,373176,115.49666586518288,0.06000000000000005,7.9,0,5,200
1906,373960,93.22333369962871,0.14500000000000002,8.24,0,7,200
1907,374008,78.2950003053993,0.20999999999999996,8.445,0,9,200
1908,374208,113.33666611369699,0.08999999999999997,7.33,0,7,200
1909,374320,109.0300004510209,0.09999999999999998,7.23,0,12,200
1910,374384,114.12166709080338,0.10999999999999999,6.685,0,9,200
1911,374504,100.53833396639675,0.14,7.685,0,7,200
1912,374648,108.61166670545936,0.08999999999999997,7.915,0,7,200
1913,374776,109.58833402395248,0.09499999999999997,7.745,0,6,200
1914,375560,114.95500010903925,0.10499999999999998,6.945,0,6,200
1915,375608,121.56166598200798,0.07999999999999996,6.685,0,5,200
1916,375808,109.18500011321157,0.06999999999999995,8.325,0,6,200
1917,375920,104.61666668392718,0.09999999999999998,7.93,0,9,200
1918,375984,121.82833356689662,0.040000000000000036,7.235,0,12,200
1919,376104,113.64499998744577,0.07499999999999996,7.455,0,10,200
1920,376248,82.91499980725348,0.19999999999999996,7.935,0,10,200
1921,376376,113.67500019725412,0.08499999999999996,7.575,0,4,200
1922,377160,80.02333308942616,0.18500000000000005,8.57,0,13,200
1923,377208,63.7683328371495,0.27,8.915,0,6,200
1924,377408,113.5100002400577,0.06499999999999995,7.95,0,9,200
1925,377520,92.19333396106958,0.18500000000000005,7.91,0,4,200
1926,377584,116.24166751280427,0.07499999999999996,7.165,0,9,200
1927,377704,89.86833377089351,0.18000000000000005,7.925,0,6,200
1928,377848,75.94999977760017,0.20999999999999996,8.79,0,7,200
1929,377976,86.98499953653663,0.16000000000000003,8.535,0,8,200
1930,378760,100.65500069595873,0.10999999999999999,8.025,0,13,200
1931,378808,102.5133342044428,0.11499999999999999,7.94,0,8,200
1932,379008,90.63999982643872,0.14,8.82,0,7,200
1933,379120,120.25666682235897,0.040000000000000036,7.72,0,8,200
1934,379184,114.5150001347065,0.07499999999999996,7.425,0,9,200
1935,379304,79.99333317670971,0.19999999999999996,8.09,0,14,200
1936,379448,122.24833425041288,0.05500000000000005,7.115,0,7,200
1937,379576,102.6483331117779,0.09999999999999998,8.225,0,8,200
1938,380360,89.3266667490825,0.14,8.92,0,8,200
1939,380408,112.65166732296348,0.06499999999999995,8.005,0,8,200
1940,380608,78.24000006448478,0.255,7.53,0,5,200
1941,380720,121.34999930020422,0.06999999999999995,6.96,0,6,200
1942,380784,42.270000003278255,0.31499999999999995,9.87,0,12,200
1943,380904,99.86833336856216,0.10999999999999999,8.375,0,10,200
1944,381048,113.73666765447706,0.10999999999999999,6.73,0,8,200
1945,381176,114.35666633304209,0.07499999999999996,7.54,0,8,200
1946,381960,112.92000028025359,0.09999999999999998,7.26,0,7,200
1947,382008,68.35666648671031,0.21499999999999997,9.31,0,13,200
1948,382208,107.77999992482364,0.10499999999999998,7.71,0,5,200
1949,382320,87.76166750397533,0.15000000000000002,8.755,0,10,200
1950,382384,102.20999958924949,0.11499999999999999,8.13,0,5,200
1951,382504,85.55499959271401,0.17000000000000004,8.685,0,6,200
1952,382648,114.46833411883563,0.09999999999999998,7.085,0,6,200
1953,382776,93.62166738323867,0.17000000000000004,7.675,0,8,200
1954,383560,59.423333149403334,0.28,8.96,0,10,200
1955,383608,97.24999979138374,0.13,8.4,0,5,200
1956,383808,78.60000084154308,0.18500000000000005,9.0,0,9,200
1957,383920,75.57333255000412,0.22499999999999998,8.36,0,9,200
1958,383984,105.03166708350182,0.10499999999999998,8.005,0,6,200
1959,384104,101.25833378173411,0.14,7.445,0,8,200
1960,384248,119.2333322679624,0.06499999999999995,7.46,0,5,200
1961,384376,68.70499932393432,0.20499999999999996,9.465,0,12,200
1962,385160,125.72666668891907,0.05500000000000005,6.82,0,7,200
1963,385208,76.7100006621331,0.19499999999999995,9.18,0,8,200
1964,385408,91.92833401169628,0.12,9.155,0,8,200
1965,385520,118.50333433877677,0.06000000000000005,7.43,0,8,200
1966,385584,86.81166693288833,0.135,9.055,0,11,200
1967,385704,111.47166706528515,0.09499999999999997,7.315,0,8,200
1968,385848,83.58999933302402,0.20499999999999996,8.25,0,5,200
1969,385976,101.7650002380833,0.10999999999999999,8.385,0,6,200
1970,386760,102.13166677765548,0.11499999999999999,8.185,0,6,200
1971,386808,94.19166552182287,0.13,8.395,0,12,200
1972,387008,88.15499949734658,0.16000000000000003,8.355,0,12,200
1973,387120,111.18999957852066,0.07999999999999996,7.86,0,8,200
1974,387184,96.45333323255181,0.12,8.72,0,5,200
1975,387304,108.20833439938724,0.10999999999999999,7.505,0,7,200
1976,387448,76.23166674282402,0.21999999999999997,8.605,0,5,200
1977,387576,123.37333351373672,0.030000000000000027,7.67,0,6,200
1978,388360,120.79999992996454,0.06999999999999995,7.35,0,3,200
1979,388408,84.76833278592676,0.18500000000000005,8.525,0,7,200
1980,388608,123.04999969899654,0.07999999999999996,6.6,0,5,200
1981,388720,103.86500024795532,0.125,7.635,0,6,200
1982,388784,126.60333481431007,0.03500000000000003,7.04,0,9,200
1983,388904,127.38166671991348,0.050000000000000044,7.135,0,2,200
1984,389048,67.60166643373668,0.25,8.785,0,10,200
1985,389176,92.08500037249178,0.15000000000000002,8.355,0,7,200
1986,389960,77.54166735429317,0.19499999999999995,8.935,0,9,200
1987,390008,118.4633315205574,0.06000000000000005,7.64,0,6,200
1988,390208,65.81499974243343,0.265,8.805,0,5,200
1989,390320,124.45666581392288,0.03500000000000003,7.6,0,4,200
1990,390384,120.34166652616113,0.03500000000000003,8.185,0,2,200
1991,390504,111.78333483450115,0.06999999999999995,8.3,0,4,200
1992,390648,106.67499865498394,0.09499999999999997,8.205,0,6,200
1993,390776,89.57500067073852,0.16000000000000003,8.505,0,6,200
1994,391560,115.5450002765283,0.06999999999999995,7.905,0,4,200
1995,391608,52.22333315387368,0.30000000000000004,9.2,0,11,200
1996,391808,121.45833412464708,0.050000000000000044,7.655,0,4,200
1997,391920,98.27833421342075,0.11499999999999999,8.465,0,7,200
1998,391984,122.46666676551104,0.08999999999999997,6.31,0,7,200
1999,392104,78.16333304531872,0.19999999999999996,8.63,0,8,200
2000,392248,128.35333158727735,0.06000000000000005,6.62,0,4,200
2001,392376,94.83666676841676,0.16500000000000004,7.72,0,7,200
2002,393160,120.0216660015285,0.06499999999999995,7.195,0,7,200
2003,393208,95.20000021811575,0.15500000000000003,8.01,0,5,200
2004,393408,66.37333323992789,0.245,8.96,0,9,200
2005,393520,109.01833315845579,0.11499999999999999,7.355,0,6,200
2006,393584,113.74166560173035,0.12,6.745,0,5,200
2007,393704,104.50333356671035,0.10999999999999999,7.94,0,7,200
2008,393848,115.2866674810648,0.05500000000000005,7.81,0,10,200
2009,393976,100.31499985512346,0.14,7.725,0,6,200
2010,394760,106.73166669066995,0.09499999999999997,8.095,0,6,200
2011,394808,94.98166672885418,0.13,8.755,0,4,200
2012,395008,123.45499923825264,0.05500000000000005,7.305,0,4,200
2013,395120,111.69666781555861,0.09999999999999998,7.27,0,7,200
2014,395184,110.33166700508446,0.08999999999999997,7.795,0,6,200
2015,395304,74.00500010605901,0.18500000000000005,9.585,0,7,200
2016,395448,119.93666675686836,0.06000000000000005,7.42,0,5,200
2017,395576,95.60833426564932,0.16000000000000003,8.075,0,2,200
2018,396360,122.4400006197393,0.030000000000000027,7.98,0,4,200
2019,396408,97.95833266340196,0.15500000000000003,7.625,0,7,200
2020,396608,101.21166720055044,0.14500000000000002,7.525,0,7,200
2021,396720,104.5500002745539,0.09499999999999997,8.07,0,10,200
2022,396784,95.3550000116229,0.13,8.595,0,4,200
2023,396904,123.69000005722046,0.050000000000000044,7.14,0,6,200
2024,397048,103.1966673573479,0.125,8.05,0,4,200
2025,397176,103.39166696369648,0.08999999999999997,8.785,0,3,200
2026,397960,57.96833242941648,0.28,9.245,0,7,200
2027,398008,90.87166798766702,0.16500000000000004,8.215,0,6,200
2028,398208,119.17666747700423,0.03500000000000003,7.99,0,7,200
2029,398320,99.7866668626666,0.13,7.78,0,7,200
2030,398384,91.5233338009566,0.15500000000000003,8.3,0,9,200
2031,398504,106.59000063221902,0.12,7.35,0,7,200
2032,398648,87.44166680984199,0.17000000000000004,8.605,0,6,200
2033,398776,41.76999928057194,0.33499999999999996,9.78,0,7,200
2034,399560,109.37833404447883,0.08499999999999996,7.895,0,7,200
2035,399608,123.0249998793006,0.06999999999999995,7.065,0,3,200
2036,399808,74.61000017635524,0.235,8.52,0,5,200
2037,399920,129.96999976038933,0.020000000000000018,7.26,0,5,200
2038,399984,122.44166624452919,0.040000000000000036,7.585,0,6,200
2039,400104,115.52333415299654,0.07999999999999996,7.34,0,8,200
2040,400248,122.7733308672905,0.04500000000000004,7.49,0,4,200
2041,400376,109.96166615188122,0.09999999999999998,7.705,0,5,200
2042,401160,98.05499938782305,0.15000000000000002,7.695,0,6,200
2043,401208,131.95666681602597,0.025000000000000022,7.03,0,4,200
2044,401408,71.83999992720783,0.25,8.61,0,5,200
