episode,timestep,reward,sla_violation,mean_replicas,crashes,flapping_incidents,length
0,11,-22.723333333333333,1.0,4.0,1,0,11
1,211,33.011666666666706,0.24,8.155,0,70,200
2,318,-21.94666666666666,0.4672897196261683,6.205607476635514,1,43,107
3,518,4.5533333333333355,0.355,8.81,0,71,200
4,648,-38.61666666666666,0.5384615384615384,8.292307692307693,1,47,130
5,698,-21.515,0.45999999999999996,7.62,1,17,50
6,821,11.336666666666698,0.17886178861788615,8.308943089430894,1,36,123
7,842,-27.07333333333333,0.9047619047619048,2.9523809523809526,1,8,21
8,1033,-14.238333333333308,0.32984293193717273,9.073298429319372,1,70,191
9,1233,34.44666666666668,0.125,10.39,0,74,200
10,1433,26.166666666666657,0.22499999999999998,9.4,0,68,200
11,1565,-0.6583333333333137,0.26515151515151514,8.265151515151516,1,42,132
12,1765,-23.255,0.5,7.695,0,83,200
13,1965,31.57166666666672,0.135,10.135,0,77,200
14,2022,-25.663333333333334,0.5614035087719298,5.614035087719298,1,24,57
15,2042,-24.938333333333333,0.9,3.85,1,5,20
16,2147,-43.073333333333316,0.7714285714285715,4.133333333333334,1,41,105
17,2343,-38.17166666666667,0.6173469387755102,5.607142857142857,1,66,196
18,2372,-34.125,0.9655172413793104,7.551724137931035,1,8,29
19,2395,-28.706666666666667,1.0,4.3478260869565215,1,6,23
20,2588,-39.82666666666666,0.4818652849740933,8.756476683937823,1,70,193
21,2788,47.44833333333332,0.08499999999999996,9.575,0,75,200
22,2848,-37.126666666666665,0.7166666666666667,6.966666666666667,1,22,60
23,3000,-41.91166666666666,0.6513157894736843,4.782894736842105,1,66,152
24,3041,-22.37333333333333,0.5853658536585367,5.170731707317073,1,14,41
25,3144,-36.30500000000001,0.6504854368932038,7.368932038834951,1,28,103
26,3190,-40.93833333333333,0.9130434782608696,6.630434782608695,1,16,46
27,3279,-6.664999999999997,0.3707865168539326,6.910112359550562,1,22,89
28,3347,-7.23,0.22058823529411764,6.4411764705882355,1,32,68
29,3377,-28.773333333333333,0.9,3.6666666666666665,1,9,30
30,3486,-46.499999999999986,0.6146788990825688,8.091743119266056,1,45,109
31,3686,13.996666666666659,0.355,8.08,0,65,200
32,3824,12.446666666666658,0.09420289855072461,10.231884057971014,1,45,138
33,4024,28.418333333333358,0.28,8.075,0,66,200
34,4176,2.6900000000000333,0.29605263157894735,8.368421052631579,1,42,152
35,4310,-25.561666666666667,0.5223880597014925,6.141791044776119,1,47,134
36,4510,22.588333333333345,0.19999999999999996,10.175,0,72,200
37,4685,3.610000000000035,0.22857142857142854,8.845714285714285,1,62,175
38,4823,-15.661666666666672,0.35507246376811596,8.13768115942029,1,51,138
39,4947,-35.458333333333336,0.5725806451612903,6.282258064516129,1,51,124
40,5147,37.691666666666706,0.18999999999999995,9.325,0,63,200
41,5226,-28.833333333333336,0.5949367088607596,5.189873417721519,1,31,79
42,5426,30.908333333333335,0.14500000000000002,10.655,0,69,200
43,5536,-32.63833333333334,0.5727272727272728,6.1,1,45,110
44,5609,-48.06666666666666,0.821917808219178,6.136986301369863,1,30,73
45,5661,-41.00833333333334,0.8846153846153846,7.711538461538462,1,13,52
46,5861,-12.513333333333305,0.44999999999999996,9.01,0,66,200
47,6061,31.015000000000015,0.17500000000000004,10.125,0,66,200
48,6181,-46.963333333333324,0.7583333333333333,5.166666666666667,1,44,120
49,6381,33.788333333333355,0.21999999999999997,9.365,0,61,200
50,6500,-49.77166666666665,0.7478991596638656,6.2100840336134455,1,40,119
51,6700,41.493333333333375,0.030000000000000027,10.37,0,93,200
52,6782,-11.818333333333335,0.46341463414634143,4.817073170731708,1,27,82
53,6982,45.470000000000006,0.08499999999999996,9.9,0,77,200
54,7182,47.856666666666655,0.135,9.7,0,58,200
55,7382,22.463333333333345,0.255,8.9,0,72,200
56,7555,-12.023333333333346,0.3930635838150289,7.468208092485549,1,58,173
57,7755,-14.801666666666657,0.525,8.075,0,55,200
58,7891,-51.31999999999999,0.7941176470588236,5.25,1,39,136
59,7934,-28.45,0.8372093023255813,4.325581395348837,1,10,43
60,7943,-22.435,1.0,3.0,1,1,9
61,8143,32.84166666666669,0.19999999999999996,8.485,0,76,200
62,8198,-29.666666666666664,0.6,7.381818181818182,1,21,55
63,8292,-56.56166666666668,0.925531914893617,4.031914893617022,1,40,94
64,8476,-23.541666666666657,0.5,6.5271739130434785,1,60,184
65,8676,14.766666666666666,0.31999999999999995,8.65,0,69,200
66,8876,21.53166666666668,0.22999999999999998,9.385,0,75,200
67,9076,32.641666666666666,0.245,7.915,0,71,200
68,9130,-22.166666666666664,0.5925925925925926,5.074074074074074,1,16,54
69,9330,-50.15333333333333,0.71,6.79,0,70,200
70,9403,-27.60333333333334,0.6575342465753424,5.205479452054795,1,24,73
71,9603,26.21499999999999,0.235,9.405,0,67,200
72,9803,32.01,0.29000000000000004,8.25,0,58,200
73,9833,-28.573333333333338,0.7666666666666666,7.266666666666667,1,8,30
74,9913,-12.27500000000001,0.32499999999999996,8.3625,1,26,80
75,10073,-27.338333333333328,0.45625000000000004,7.79375,1,58,160
76,10273,44.04999999999999,0.15500000000000003,9.36,0,63,200
77,10293,-25.86333333333333,1.0,3.1,1,4,20
78,10493,46.38333333333335,0.08999999999999997,9.47,0,77,200
79,10677,18.315000000000015,0.13586956521739135,8.657608695652174,1,73,184
80,10775,-18.431666666666676,0.4387755102040817,7.846938775510204,1,29,98
81,10975,-23.08833333333336,0.45499999999999996,8.725,0,78,200
82,11175,7.263333333333359,0.31000000000000005,9.59,0,68,200
83,11375,42.97500000000002,0.16000000000000003,8.505,0,72,200
84,11535,3.158333333333349,0.3375,6.86875,1,49,160
85,11605,-27.685,0.5,6.557142857142857,1,34,70
86,11634,-19.736666666666668,0.5517241379310345,7.172413793103448,1,5,29
87,11683,-32.87,0.8163265306122449,4.285714285714286,1,19,49
88,11830,9.456666666666663,0.23129251700680276,7.931972789115647,1,47,147
89,11862,-28.391666666666666,0.90625,2.65625,1,10,32
90,12039,3.9750000000000227,0.24293785310734461,9.033898305084746,1,58,177
91,12186,-12.185000000000011,0.37414965986394555,9.204081632653061,1,35,147
92,12386,17.97833333333334,0.29500000000000004,8.615,0,70,200
93,12415,-25.584999999999997,0.7931034482758621,3.6206896551724137,1,10,29
94,12554,19.59833333333335,0.07913669064748197,9.589928057553957,1,44,139
95,12584,-30.58166666666667,0.7333333333333334,7.833333333333333,1,12,30
96,12627,-37.93333333333334,0.9302325581395349,5.069767441860465,1,16,43
97,12747,-45.57499999999999,0.65,7.125,1,46,120
98,12845,-52.804999999999986,0.8673469387755102,4.989795918367347,1,35,98
99,12968,13.938333333333354,0.13008130081300817,9.178861788617887,1,33,123
100,13168,44.08833333333333,0.15500000000000003,9.875,0,57,200
101,13368,31.650000000000027,0.30000000000000004,8.07,0,55,200
102,13547,11.918333333333372,0.25139664804469275,8.184357541899441,1,56,179
103,13747,41.265,0.12,10.125,0,68,200
104,13768,-26.008333333333333,0.7142857142857143,5.095238095238095,1,9,21
105,13968,43.428333333333356,0.19999999999999996,7.775,0,71,200
106,13985,-23.703333333333333,0.7647058823529411,5.0588235294117645,1,6,17
107,14185,38.26333333333337,0.10499999999999998,10.25,0,75,200
108,14385,60.62166666666666,0.06499999999999995,10.225,0,56,200
109,14462,-19.861666666666665,0.4285714285714286,7.961038961038961,1,23,77
110,14636,-82.78666666666666,0.8563218390804598,6.367816091954023,1,57,174
111,14713,-8.013333333333325,0.37662337662337664,6.4935064935064934,1,21,77
112,14913,-3.1783333333333443,0.42000000000000004,7.555,0,78,200
113,15037,-45.333333333333314,0.6209677419354839,7.951612903225806,1,44,124
114,15088,-36.105000000000004,0.8823529411764706,5.235294117647059,1,14,51
115,15260,25.826666666666664,0.14534883720930236,8.453488372093023,1,57,172
116,15460,37.975,0.12,9.105,0,84,200
117,15571,4.245000000000029,0.22522522522522526,8.027027027027026,1,34,111
118,15771,62.69000000000004,0.050000000000000044,9.24,0,67,200
119,15971,40.91333333333337,0.14500000000000002,9.95,0,66,200
120,16123,-10.281666666666677,0.3092105263157895,9.085526315789474,1,51,152
121,16210,-36.55,0.5862068965517242,8.344827586206897,1,31,87
122,16262,-26.985000000000003,0.6538461538461539,4.096153846153846,1,24,52
123,16456,-11.539999999999996,0.4690721649484536,6.618556701030927,1,53,194
124,16656,-25.57666666666665,0.5549999999999999,7.79,0,69,200
125,16856,17.743333333333332,0.29000000000000004,9.65,0,58,200
126,16901,-20.384999999999998,0.48888888888888893,6.466666666666667,1,15,45
127,17101,-20.589999999999954,0.575,6.81,0,66,200
128,17243,-28.845000000000002,0.4436619718309859,9.06338028169014,1,46,142
129,17443,61.868333333333396,0.08499999999999996,9.395,0,57,200
130,17490,-33.05,0.8936170212765957,5.48936170212766,1,10,47
131,17583,-8.32,0.3763440860215054,5.483870967741935,1,35,93
132,17665,-58.864999999999995,0.9512195121951219,6.109756097560975,1,33,82
133,17684,-24.15,0.8947368421052632,4.105263157894737,1,3,19
134,17884,41.43666666666668,0.13,10.39,0,65,200
135,18084,53.728333333333346,0.09999999999999998,9.515,0,63,200
136,18284,52.8716666666667,0.04500000000000004,9.715,0,76,200
137,18484,-8.533333333333342,0.45499999999999996,8.05,0,69,200
138,18684,36.47333333333337,0.20999999999999996,9.98,0,50,200
139,18884,32.11333333333336,0.345,7.4,0,47,200
140,19084,7.883333333333358,0.345,8.9,0,68,200
141,19284,34.195000000000014,0.17000000000000004,10.335,0,63,200
142,19484,61.56166666666666,0.10499999999999998,8.665,0,59,200
143,19684,49.05000000000005,0.07999999999999996,10.23,0,67,200
144,19884,72.29000000000002,0.015000000000000013,10.38,0,51,200
145,20084,-1.2099999999999995,0.49,7.59,0,55,200
146,20125,-23.771666666666665,0.5853658536585367,7.926829268292683,1,10,41
147,20325,23.996666666666634,0.31499999999999995,7.84,0,66,200
148,20339,-19.74,0.6428571428571428,3.4285714285714284,1,4,14
149,20539,-14.77666666666667,0.5349999999999999,8.12,0,55,200
150,20654,-12.061666666666671,0.3652173913043478,8.565217391304348,1,32,115
151,20854,36.96166666666671,0.15500000000000003,9.175,0,78,200
152,21054,51.008333333333354,0.030000000000000027,11.045,0,73,200
153,21254,50.99500000000006,0.06999999999999995,10.185,0,70,200
154,21375,1.773333333333344,0.2892561983471075,6.776859504132231,1,40,121
155,21575,54.560000000000045,0.135,8.79,0,60,200
156,21620,-3.556666666666665,0.15555555555555556,6.622222222222222,1,12,45
157,21820,-34.4,0.615,7.8,0,65,200
158,21947,5.540000000000003,0.25196850393700787,7.559055118110236,1,39,127
159,22147,53.908333333333374,0.06000000000000005,10.025,0,69,200
160,22347,54.54833333333336,0.13,9.185,0,58,200
161,22547,12.925000000000013,0.33499999999999996,8.475,0,66,200
162,22747,-7.590000000000001,0.41500000000000004,8.73,0,71,200
163,22875,-11.081666666666663,0.3203125,9.6171875,1,34,128
164,22930,-14.228333333333335,0.38181818181818183,4.5636363636363635,1,25,55
165,23080,7.291666666666671,0.2666666666666667,8.033333333333333,1,46,150
166,23280,26.065000000000037,0.255,9.435,0,63,200
167,23480,65.50166666666671,0.0,10.945,0,59,200
168,23632,-48.02999999999999,0.5789473684210527,7.5,1,63,152
169,23832,49.556666666666764,0.125,9.58,0,61,200
170,24032,30.836666666666662,0.21999999999999997,9.97,0,54,200
171,24232,25.14833333333333,0.18999999999999995,10.145,0,75,200
172,24432,1.4483333333333381,0.395,8.375,0,69,200
173,24632,46.558333333333316,0.14,9.545,0,65,200
174,24832,24.704999999999988,0.29500000000000004,8.955,0,57,200
175,25032,51.97333333333335,0.050000000000000044,10.85,0,65,200
176,25232,39.576666666666675,0.14,10.21,0,64,200
177,25432,40.66333333333332,0.10999999999999999,10.76,0,63,200
178,25632,49.50166666666668,0.05500000000000005,10.345,0,74,200
179,25832,-3.775000000000002,0.42500000000000004,9.225,0,52,200
180,26032,3.0716666666666783,0.38,9.235,0,61,200
181,26050,-26.01166666666667,0.9444444444444444,4.388888888888889,1,5,18
182,26250,33.405000000000015,0.17000000000000004,10.125,0,67,200
183,26450,50.96999999999999,0.11499999999999999,9.33,0,66,200
184,26650,45.90833333333334,0.08999999999999997,9.905,0,77,200
185,26850,45.24500000000001,0.03500000000000003,10.635,0,89,200
186,27050,41.535000000000004,0.09499999999999997,10.635,0,70,200
187,27250,-5.958333333333323,0.395,9.895,0,59,200
188,27450,49.83833333333337,0.08999999999999997,10.235,0,64,200
189,27650,58.82166666666665,0.12,9.055,0,58,200
190,27850,33.193333333333314,0.25,9.47,0,52,200
191,28050,25.368333333333403,0.22499999999999998,9.485,0,73,200
192,28250,65.95500000000004,0.040000000000000036,9.945,0,60,200
193,28450,35.11500000000001,0.125,10.155,0,79,200
194,28650,37.23166666666669,0.14,10.645,0,63,200
195,28850,-10.228333333333335,0.525,7.945,0,50,200
196,29050,45.253333333333345,0.09999999999999998,10.04,0,69,200
197,29250,21.54333333333335,0.245,9.32,0,74,200
198,29450,51.15666666666671,0.05500000000000005,10.6,0,66,200
199,29650,7.098333333333338,0.29000000000000004,9.845,0,73,200
200,29850,13.919999999999995,0.38,8.7,0,52,200
201,30050,40.76000000000004,0.10499999999999998,10.2,0,71,200
202,30250,50.04166666666672,0.125,10.555,0,48,200
203,30450,53.115000000000016,0.050000000000000044,11.115,0,58,200
204,30650,56.645,0.07499999999999996,10.035,0,61,200
205,30850,16.913333333333355,0.25,9.86,0,75,200
206,31050,59.12499999999998,0.07999999999999996,9.675,0,63,200
207,31250,53.98333333333337,0.06000000000000005,11.24,0,55,200
208,31450,19.733333333333334,0.255,10.07,0,61,200
209,31650,32.28500000000001,0.19999999999999996,9.735,0,64,200
210,31850,41.755,0.125,11.055,0,54,200
211,32050,56.710000000000065,0.0,10.92,0,72,200
212,32250,45.38333333333334,0.030000000000000027,11.27,0,77,200
213,32450,40.49833333333334,0.08499999999999996,10.865,0,77,200
214,32650,42.675000000000004,0.14,10.065,0,65,200
215,32850,52.424999999999976,0.050000000000000044,10.455,0,72,200
216,33050,22.356666666666683,0.27,9.1,0,67,200
217,33250,44.01500000000001,0.14,9.885,0,65,200
218,33450,44.510000000000026,0.07499999999999996,10.47,0,78,200
219,33650,40.765000000000036,0.14,10.395,0,60,200
220,33824,10.955000000000016,0.13218390804597702,10.086206896551724,1,67,174
221,34024,25.075000000000006,0.18500000000000005,10.395,0,69,200
222,34224,21.118333333333318,0.27,9.275,0,67,200
223,34424,-7.268333333333342,0.4,9.355,0,70,200
224,34624,55.75833333333333,0.025000000000000022,10.295,0,77,200
225,34660,-13.896666666666665,0.41666666666666663,5.277777777777778,1,9,36
226,34860,51.600000000000016,0.07499999999999996,10.65,0,64,200
227,35060,46.04666666666667,0.050000000000000044,10.81,0,76,200
228,35260,36.394999999999996,0.18999999999999995,9.705,0,61,200
229,35460,63.52333333333334,0.05500000000000005,10.04,0,55,200
230,35660,63.686666666666724,0.010000000000000009,11.38,0,53,200
231,35860,29.334999999999997,0.16500000000000004,10.845,0,65,200
232,36060,39.26500000000001,0.12,10.605,0,67,200
233,36260,53.4816666666667,0.025000000000000022,11.005,0,71,200
234,36460,20.088333333333317,0.25,10.925,0,50,200
235,36660,33.28666666666667,0.12,10.48,0,77,200
236,36860,27.90499999999999,0.20999999999999996,10.035,0,67,200
237,37060,21.433333333333348,0.18999999999999995,10.49,0,77,200
238,37260,53.22166666666669,0.04500000000000004,11.005,0,65,200
239,37460,63.01333333333338,0.06000000000000005,10.43,0,50,200
240,37660,54.528333333333336,0.08499999999999996,10.625,0,53,200
241,37860,56.88333333333335,0.0050000000000000044,10.85,0,72,200
242,38060,54.3866666666667,0.050000000000000044,10.15,0,72,200
243,38260,53.93500000000003,0.025000000000000022,10.785,0,72,200
244,38460,53.306666666666736,0.050000000000000044,10.69,0,66,200
245,38660,49.97166666666675,0.05500000000000005,10.735,0,70,200
246,38860,68.72500000000005,0.04500000000000004,10.905,0,41,200
247,39060,62.91833333333333,0.0,10.565,0,71,200
248,39260,30.090000000000014,0.17000000000000004,10.44,0,67,200
249,39460,62.78000000000003,0.0,10.83,0,66,200
250,39660,41.52666666666671,0.10999999999999999,10.3,0,71,200
251,39860,45.09166666666671,0.07499999999999996,10.705,0,71,200
252,40060,45.88833333333332,0.06499999999999995,10.385,0,78,200
253,40260,46.34000000000007,0.10499999999999998,10.89,0,57,200
254,40460,62.19166666666668,0.0050000000000000044,10.855,0,63,200
255,40660,2.506666666666685,0.31999999999999995,9.94,0,73,200
256,40860,54.56333333333336,0.040000000000000036,10.85,0,65,200
257,41060,17.34166666666667,0.22499999999999998,10.705,0,67,200
258,41260,52.438333333333375,0.050000000000000044,11.045,0,60,200
259,41460,54.49666666666669,0.0050000000000000044,11.17,0,75,200
260,41559,-11.385000000000005,0.3434343434343434,8.454545454545455,1,30,99
261,41759,66.89833333333333,0.015000000000000013,10.775,0,57,200
262,41959,55.550000000000004,0.020000000000000018,11.1,0,67,200
263,42010,-17.385,0.4509803921568627,5.235294117647059,1,21,51
264,42210,46.89000000000001,0.12,10.8,0,56,200
265,42410,44.86333333333336,0.09999999999999998,10.46,0,68,200
266,42610,43.15333333333333,0.09999999999999998,11.06,0,60,200
267,42810,52.91500000000005,0.020000000000000018,11.235,0,69,200
268,43010,60.16333333333331,0.0050000000000000044,11.0,0,67,200
269,43210,-3.35666666666667,0.42500000000000004,8.66,0,61,200
270,43410,46.545,0.10499999999999998,10.635,0,63,200
271,43610,60.03000000000004,0.0,11.31,0,61,200
272,43810,35.34666666666668,0.11499999999999999,10.72,0,75,200
273,44010,34.710000000000015,0.07999999999999996,10.95,0,79,200
274,44210,54.58833333333337,0.08999999999999997,10.295,0,56,200
275,44410,68.99000000000007,0.0,10.53,0,57,200
276,44610,16.288333333333355,0.255,10.355,0,67,200
277,44810,45.15166666666671,0.11499999999999999,10.525,0,60,200
278,45010,55.74,0.07499999999999996,11.19,0,48,200
279,45210,61.623333333333356,0.040000000000000036,11.0,0,51,200
280,45410,57.56500000000004,0.030000000000000027,11.055,0,61,200
281,45610,41.49833333333335,0.06999999999999995,11.105,0,72,200
282,45810,20.69166666666669,0.21999999999999997,10.435,0,70,200
283,46010,28.359999999999975,0.19999999999999996,10.29,0,65,200
284,46210,43.66000000000002,0.08999999999999997,10.92,0,67,200
285,46410,54.42500000000004,0.05500000000000005,10.845,0,62,200
286,46610,17.886666666666656,0.20499999999999996,10.27,0,81,200
287,46810,42.89833333333333,0.06499999999999995,10.655,0,79,200
288,47010,59.32500000000005,0.030000000000000027,10.275,0,70,200
289,47210,51.95333333333334,0.06000000000000005,10.76,0,68,200
290,47410,58.96666666666672,0.040000000000000036,10.99,0,57,200
291,47610,48.18666666666669,0.12,10.15,0,60,200
292,47810,63.395000000000046,0.0,10.965,0,62,200
293,48010,53.31833333333337,0.015000000000000013,10.535,0,83,200
294,48210,36.54333333333336,0.125,10.85,0,66,200
295,48410,44.39666666666669,0.125,10.51,0,58,200
296,48610,52.51833333333336,0.030000000000000027,10.955,0,68,200
297,48810,60.08666666666669,0.010000000000000009,10.99,0,66,200
298,49010,45.20999999999999,0.09999999999999998,10.92,0,58,200
299,49210,56.20999999999999,0.0,11.19,0,74,200
300,49410,42.05500000000005,0.08999999999999997,10.995,0,67,200
301,49610,58.65666666666672,0.03500000000000003,11.47,0,53,200
302,49810,34.48833333333334,0.125,11.225,0,65,200
303,49868,-43.916666666666664,1.0,5.758620689655173,1,13,58
304,50068,9.960000000000012,0.29000000000000004,10.32,0,65,200
305,50268,62.5083333333334,0.04500000000000004,10.955,0,51,200
306,50468,53.23833333333336,0.04500000000000004,11.015,0,63,200
307,50668,52.31000000000003,0.08499999999999996,10.47,0,60,200
308,50868,60.94000000000007,0.0050000000000000044,10.86,0,65,200
309,51068,49.878333333333345,0.04500000000000004,11.135,0,66,200
310,51268,44.71500000000001,0.14500000000000002,10.365,0,55,200
311,51468,41.07000000000003,0.09499999999999997,10.68,0,70,200
312,51668,62.77666666666671,0.025000000000000022,11.11,0,54,200
313,51868,60.17000000000007,0.0,11.28,0,63,200
314,52068,63.638333333333364,0.025000000000000022,11.405,0,48,200
315,52268,58.436666666666696,0.015000000000000013,10.93,0,67,200
316,52468,52.518333333333366,0.04500000000000004,11.135,0,64,200
317,52668,54.11999999999999,0.07499999999999996,10.62,0,61,200
318,52868,43.33000000000001,0.08999999999999997,11.34,0,60,200
319,53068,66.52000000000002,0.010000000000000009,11.22,0,55,200
320,53268,58.37166666666674,0.015000000000000013,11.185,0,61,200
321,53468,50.585,0.07999999999999996,10.125,0,70,200
322,53668,62.43333333333333,0.0050000000000000044,11.27,0,59,200
323,53868,61.32166666666668,0.0,11.125,0,62,200
324,54068,54.10666666666667,0.0050000000000000044,11.11,0,73,200
325,54268,59.511666666666734,0.030000000000000027,11.365,0,53,200
326,54468,18.816666666666666,0.245,9.64,0,76,200
327,54668,47.688333333333354,0.06499999999999995,11.375,0,60,200
328,54868,58.06333333333338,0.03500000000000003,10.79,0,67,200
329,55068,45.60166666666671,0.08499999999999996,10.735,0,64,200
330,55268,34.181666666666665,0.17500000000000004,9.775,0,69,200
331,55468,50.61666666666672,0.07999999999999996,10.75,0,59,200
332,55668,47.76666666666672,0.07499999999999996,10.96,0,67,200
333,55790,-4.673333333333332,0.2295081967213115,9.459016393442623,1,41,122
334,55990,47.23333333333337,0.05500000000000005,10.94,0,72,200
335,56190,29.40666666666667,0.18999999999999995,10.81,0,59,200
336,56390,58.21333333333338,0.03500000000000003,10.91,0,63,200
337,56590,49.205000000000034,0.06000000000000005,10.875,0,66,200
338,56630,-36.303333333333335,0.95,6.05,1,11,40
339,56830,57.505,0.025000000000000022,11.235,0,59,200
340,57030,44.71833333333337,0.125,10.205,0,63,200
341,57230,50.32000000000003,0.07499999999999996,10.83,0,62,200
342,57430,52.74166666666672,0.040000000000000036,10.885,0,67,200
343,57630,29.61666666666668,0.14500000000000002,10.78,0,73,200
344,57830,42.79499999999999,0.10999999999999999,10.305,0,71,200
345,58030,67.84333333333332,0.010000000000000009,11.15,0,53,200
346,58230,57.091666666666704,0.0050000000000000044,11.035,0,72,200
347,58430,61.28833333333335,0.015000000000000013,11.255,0,55,200
348,58630,57.35000000000002,0.030000000000000027,10.59,0,67,200
349,58830,36.351666666666674,0.10999999999999999,11.215,0,68,200
350,59030,44.44166666666667,0.09499999999999997,10.675,0,65,200
351,59230,58.40500000000001,0.025000000000000022,10.875,0,64,200
352,59430,55.33999999999996,0.08999999999999997,11.43,0,40,200
353,59630,60.45666666666665,0.025000000000000022,11.23,0,57,200
354,59830,62.766666666666715,0.0,11.17,0,63,200
355,60030,55.933333333333366,0.04500000000000004,9.92,0,75,200
356,60230,53.75000000000002,0.07499999999999996,10.83,0,62,200
357,60430,34.543333333333386,0.17500000000000004,10.25,0,62,200
358,60630,60.04500000000005,0.03500000000000003,11.205,0,55,200
359,60830,58.73666666666679,0.04500000000000004,11.35,0,50,200
360,61030,54.41000000000005,0.04500000000000004,10.62,0,67,200
361,61230,37.961666666666694,0.11499999999999999,10.585,0,72,200
362,61385,13.708333333333332,0.1548387096774193,9.683870967741935,1,47,155
363,61585,44.055000000000035,0.05500000000000005,11.025,0,73,200
364,61785,61.43833333333338,0.015000000000000013,11.045,0,60,200
365,61985,48.24666666666671,0.06999999999999995,10.96,0,67,200
366,62185,38.22666666666668,0.09499999999999997,10.75,0,74,200
367,62385,58.08500000000002,0.0,11.415,0,65,200
368,62585,53.176666666666684,0.040000000000000036,11.26,0,63,200
369,62785,61.305000000000014,0.020000000000000018,11.325,0,57,200
370,62985,55.52333333333338,0.010000000000000009,10.7,0,75,200
371,63185,52.39166666666674,0.07499999999999996,10.945,0,55,200
372,63385,50.87500000000005,0.04500000000000004,11.025,0,67,200
373,63585,43.10833333333336,0.06999999999999995,10.835,0,73,200
374,63785,64.42499999999998,0.030000000000000027,10.965,0,50,200
375,63985,47.81,0.08999999999999997,10.41,0,66,200
376,64001,-18.411666666666665,0.5625,3.8125,1,3,16
377,64201,47.58833333333332,0.020000000000000018,11.405,0,75,200
378,64401,46.41500000000008,0.08999999999999997,10.395,0,67,200
379,64601,57.51166666666668,0.03500000000000003,10.855,0,62,200
380,64801,60.251666666666715,0.015000000000000013,11.215,0,61,200
381,65001,37.99833333333334,0.135,10.505,0,66,200
382,65201,65.84000000000009,0.015000000000000013,11.1,0,52,200
383,65401,60.38000000000006,0.0,11.37,0,62,200
384,65601,70.42166666666675,0.020000000000000018,10.855,0,48,200
385,65801,57.745,0.030000000000000027,11.325,0,57,200
386,66001,56.9283333333334,0.03500000000000003,11.075,0,61,200
387,66201,57.87000000000001,0.0050000000000000044,11.22,0,65,200
388,66401,33.39333333333337,0.125,11.36,0,61,200
389,66601,65.39000000000003,0.0,11.22,0,58,200
390,66801,55.980000000000025,0.050000000000000044,10.8,0,64,200
391,67001,62.35500000000007,0.010000000000000009,11.235,0,57,200
392,67201,54.74500000000005,0.04500000000000004,11.595,0,54,200
393,67401,56.6,0.010000000000000009,10.95,0,71,200
394,67601,53.82000000000004,0.06999999999999995,10.08,0,69,200
395,67801,46.75666666666671,0.050000000000000044,10.78,0,79,200
396,68001,47.99833333333339,0.08999999999999997,10.895,0,60,200
397,68201,62.72833333333338,0.0,11.195,0,61,200
398,68401,73.62000000000002,0.0050000000000000044,10.5,0,52,200
399,68601,60.1216666666667,0.0050000000000000044,11.335,0,62,200
400,68801,55.72666666666667,0.03500000000000003,11.35,0,58,200
401,69001,40.290000000000006,0.10999999999999999,11.07,0,62,200
402,69201,43.6816666666667,0.09499999999999997,10.645,0,68,200
403,69401,63.65,0.015000000000000013,10.53,0,63,200
404,69601,39.756666666666646,0.08999999999999997,11.23,0,64,200
405,69801,53.181666666666665,0.06999999999999995,10.855,0,59,200
406,70001,56.51999999999999,0.04500000000000004,11.1,0,59,200
407,70201,61.545000000000066,0.030000000000000027,10.425,0,63,200
408,70401,59.15500000000003,0.06499999999999995,10.815,0,51,200
409,70601,67.1383333333333,0.030000000000000027,10.955,0,49,200
410,70801,40.66666666666668,0.135,10.72,0,61,200
411,71001,51.98833333333334,0.07499999999999996,11.105,0,57,200
412,71201,70.84166666666671,0.020000000000000018,10.915,0,43,200
413,71401,66.2733333333334,0.030000000000000027,11.24,0,42,200
414,71601,48.40666666666667,0.040000000000000036,11.08,0,73,200
415,71801,65.26666666666674,0.0,11.2,0,58,200
416,72001,69.21333333333328,0.0,11.42,0,46,200
417,72201,44.78833333333333,0.08999999999999997,11.195,0,62,200
418,72401,61.718333333333334,0.03500000000000003,10.955,0,57,200
419,72601,45.14166666666665,0.10499999999999998,11.125,0,54,200
420,72801,71.28999999999995,0.0,11.58,0,42,200
421,73001,56.826666666666725,0.07499999999999996,10.99,0,48,200
422,73201,55.09333333333341,0.025000000000000022,10.88,0,68,200
423,73401,40.265,0.16500000000000004,10.845,0,52,200
424,73601,47.48499999999998,0.09999999999999998,11.295,0,52,200
425,73801,38.396666666666704,0.15500000000000003,10.99,0,54,200
426,74001,56.07166666666666,0.06999999999999995,11.035,0,53,200
427,74201,48.965000000000046,0.05500000000000005,11.085,0,66,200
428,74401,63.87333333333335,0.0,11.03,0,62,200
429,74601,57.420000000000066,0.020000000000000018,11.34,0,62,200
430,74801,57.648333333333376,0.015000000000000013,11.135,0,65,200
431,75001,58.063333333333325,0.020000000000000018,11.18,0,61,200
432,75201,50.536666666666676,0.07499999999999996,11.38,0,56,200
433,75401,59.66000000000001,0.03500000000000003,11.31,0,53,200
434,75601,59.64,0.03500000000000003,11.19,0,51,200
435,75801,52.566666666666706,0.03500000000000003,11.2,0,64,200
436,76001,54.48666666666666,0.050000000000000044,11.02,0,62,200
437,76201,71.60666666666671,0.0,11.23,0,48,200
438,76401,60.55500000000004,0.0050000000000000044,11.295,0,64,200
439,76601,27.035000000000018,0.17500000000000004,10.875,0,67,200
440,76801,21.333333333333336,0.19499999999999995,10.73,0,70,200
441,77001,37.56499999999998,0.14500000000000002,11.055,0,56,200
442,77201,56.12000000000005,0.06000000000000005,11.34,0,50,200
443,77401,43.764999999999986,0.14,10.545,0,57,200
444,77601,64.47500000000001,0.010000000000000009,11.235,0,57,200
445,77801,56.908333333333296,0.06499999999999995,11.225,0,48,200
446,78001,49.90833333333339,0.06000000000000005,10.685,0,69,200
447,78201,43.815000000000026,0.06999999999999995,11.385,0,67,200
448,78401,53.04833333333335,0.03500000000000003,11.465,0,62,200
449,78601,54.43333333333335,0.06499999999999995,10.61,0,60,200
450,78801,52.678333333333406,0.08499999999999996,10.595,0,55,200
451,79001,37.55333333333335,0.16000000000000003,10.79,0,57,200
452,79201,50.72833333333334,0.03500000000000003,10.955,0,71,200
453,79401,44.54999999999999,0.14500000000000002,10.74,0,51,200
454,79601,62.341666666666654,0.06000000000000005,10.855,0,48,200
455,79801,71.11333333333336,0.0,11.33,0,49,200
456,80001,54.846666666666685,0.06499999999999995,10.99,0,58,200
457,80201,70.40166666666671,0.040000000000000036,10.735,0,44,200
458,80401,62.78500000000006,0.0,11.535,0,58,200
459,80601,52.76666666666672,0.06999999999999995,11.11,0,54,200
460,80801,61.68666666666672,0.015000000000000013,11.29,0,58,200
461,81001,58.18333333333336,0.015000000000000013,11.0,0,64,200
462,81201,58.743333333333354,0.040000000000000036,11.21,0,55,200
463,81401,51.78333333333335,0.06999999999999995,11.51,0,50,200
464,81601,61.425,0.04500000000000004,11.055,0,51,200
465,81801,58.953333333333404,0.0050000000000000044,11.54,0,59,200
466,82001,51.64500000000003,0.040000000000000036,11.295,0,68,200
467,82201,60.275000000000006,0.05500000000000005,11.055,0,50,200
468,82401,37.78500000000003,0.16500000000000004,11.145,0,50,200
469,82601,69.70333333333329,0.0,11.6,0,45,200
470,82801,46.121666666666705,0.10499999999999998,11.365,0,52,200
471,83001,69.71333333333332,0.015000000000000013,10.46,0,57,200
472,83201,48.14666666666669,0.06499999999999995,11.32,0,61,200
473,83401,40.300000000000004,0.14,10.92,0,57,200
474,83601,50.5383333333334,0.09499999999999997,10.985,0,52,200
475,83801,44.59333333333337,0.050000000000000044,11.0,0,75,200
476,84001,59.33333333333331,0.050000000000000044,11.24,0,48,200
477,84201,56.818333333333406,0.04500000000000004,11.075,0,56,200
478,84401,65.57333333333337,0.0050000000000000044,11.06,0,59,200
479,84601,42.03333333333334,0.13,10.79,0,58,200
480,84801,45.443333333333335,0.15500000000000003,11.15,0,41,200
481,85001,60.580000000000034,0.0,11.55,0,60,200
482,85201,44.805000000000064,0.08499999999999996,11.085,0,60,200
483,85401,60.030000000000086,0.010000000000000009,11.25,0,60,200
484,85601,27.195,0.18500000000000005,11.085,0,63,200
485,85801,71.78166666666671,0.0,11.035,0,52,200
486,86001,37.93666666666666,0.14500000000000002,11.11,0,55,200
487,86201,55.09166666666668,0.06499999999999995,11.185,0,57,200
488,86401,66.92833333333334,0.010000000000000009,11.045,0,59,200
489,86601,71.34499999999996,0.0050000000000000044,11.085,0,50,200
490,86801,62.250000000000014,0.010000000000000009,11.46,0,57,200
491,87001,61.960000000000086,0.050000000000000044,11.04,0,48,200
492,87201,40.931666666666715,0.09999999999999998,10.945,0,70,200
493,87401,70.83500000000001,0.0050000000000000044,11.535,0,44,200
494,87601,55.878333333333345,0.040000000000000036,11.435,0,58,200
495,87801,48.09333333333335,0.06999999999999995,11.12,0,63,200
496,88001,56.12333333333337,0.07499999999999996,11.06,0,53,200
497,88201,49.213333333333374,0.11499999999999999,10.91,0,49,200
498,88401,56.76833333333336,0.040000000000000036,11.405,0,57,200
499,88601,65.38166666666673,0.020000000000000018,11.245,0,49,200
500,88801,65.62333333333332,0.020000000000000018,11.57,0,47,200
501,89001,61.246666666666684,0.04500000000000004,11.11,0,50,200
502,89201,62.35000000000002,0.03500000000000003,11.58,0,45,200
503,89401,67.57833333333333,0.0050000000000000044,11.255,0,54,200
504,89601,57.30833333333332,0.040000000000000036,11.315,0,59,200
505,89801,55.66333333333336,0.07999999999999996,11.39,0,44,200
506,90001,55.9516666666667,0.07499999999999996,10.945,0,53,200
507,90201,71.63666666666668,0.0,11.23,0,50,200
508,90401,55.06333333333339,0.06000000000000005,11.06,0,57,200
509,90601,43.391666666666666,0.10499999999999998,10.855,0,60,200
510,90801,49.95833333333335,0.07499999999999996,11.075,0,59,200
511,91001,66.99833333333336,0.010000000000000009,11.375,0,50,200
512,91201,34.95666666666674,0.15000000000000002,10.75,0,66,200
513,91401,65.59500000000004,0.015000000000000013,11.235,0,51,200
514,91601,59.27833333333335,0.030000000000000027,11.615,0,52,200
515,91801,65.59000000000003,0.010000000000000009,11.43,0,52,200
516,92001,68.70500000000006,0.0,11.595,0,47,200
517,92201,57.26500000000003,0.05500000000000005,11.295,0,53,200
518,92401,57.835000000000015,0.030000000000000027,11.505,0,57,200
519,92601,67.63000000000005,0.0,11.28,0,54,200
520,92801,61.20000000000003,0.020000000000000018,11.58,0,56,200
521,93001,59.54000000000001,0.010000000000000009,11.34,0,62,200
522,93201,60.58833333333335,0.03500000000000003,11.135,0,55,200
523,93401,58.945000000000036,0.03500000000000003,11.325,0,58,200
524,93601,62.23166666666668,0.030000000000000027,11.395,0,50,200
525,93801,57.43666666666669,0.025000000000000022,11.2,0,62,200
526,94001,57.893333333333345,0.04500000000000004,11.69,0,45,200
527,94201,59.338333333333345,0.025000000000000022,11.555,0,56,200
528,94401,56.09166666666673,0.06999999999999995,10.795,0,57,200
529,94601,65.38333333333334,0.010000000000000009,11.36,0,52,200
530,94801,36.59833333333337,0.125,11.285,0,64,200
531,95001,64.8016666666667,0.030000000000000027,10.705,0,56,200
532,95201,76.82166666666667,0.020000000000000018,10.795,0,38,200
533,95401,66.15500000000002,0.03500000000000003,11.295,0,48,200
534,95601,64.36666666666667,0.03500000000000003,11.08,0,49,200
535,95801,53.710000000000036,0.11499999999999999,10.74,0,48,200
536,96001,75.24666666666666,0.020000000000000018,11.38,0,34,200
537,96201,74.47833333333334,0.04500000000000004,11.315,0,28,200
538,96401,77.91666666666657,0.0050000000000000044,10.96,0,39,200
539,96601,65.16166666666669,0.03500000000000003,11.395,0,46,200
540,96801,74.88666666666668,0.0,11.35,0,42,200
541,97001,45.54333333333336,0.08499999999999996,10.49,0,72,200
542,97201,55.345000000000006,0.06000000000000005,11.325,0,54,200
543,97401,68.11,0.030000000000000027,10.95,0,46,200
544,97601,50.923333333333375,0.09499999999999997,11.09,0,52,200
545,97801,79.09000000000002,0.0,11.1,0,37,200
546,98001,62.94333333333333,0.025000000000000022,11.21,0,54,200
547,98201,55.194999999999986,0.03500000000000003,11.055,0,65,200
548,98401,60.13333333333333,0.04500000000000004,11.06,0,55,200
549,98601,62.50000000000001,0.040000000000000036,10.59,0,57,200
550,98801,72.18666666666674,0.025000000000000022,10.99,0,42,200
551,99001,74.23166666666667,0.0,11.275,0,43,200
552,99201,60.59500000000002,0.040000000000000036,11.205,0,53,200
553,99401,65.14833333333331,0.0,11.315,0,60,200
554,99601,29.983333333333356,0.12,11.18,0,75,200
555,99801,31.478333333333357,0.16500000000000004,10.865,0,61,200
556,100001,59.355000000000004,0.040000000000000036,11.265,0,53,200
557,100201,52.985000000000056,0.050000000000000044,11.355,0,60,200
558,100401,60.07666666666669,0.040000000000000036,11.26,0,55,200
559,100601,58.42500000000001,0.010000000000000009,11.355,0,64,200
560,100801,66.20166666666663,0.030000000000000027,11.455,0,47,200
561,101001,72.11333333333334,0.0,11.39,0,43,200
562,101201,59.40333333333335,0.06999999999999995,10.97,0,48,200
563,101401,71.31333333333332,0.040000000000000036,10.97,0,42,200
564,101601,69.27999999999999,0.0,11.55,0,48,200
565,101801,54.70833333333335,0.03500000000000003,11.435,0,63,200
566,102001,56.04666666666668,0.07999999999999996,11.08,0,51,200
567,102201,63.91333333333334,0.010000000000000009,11.21,0,60,200
568,102401,61.4383333333334,0.0,11.345,0,64,200
569,102601,53.873333333333335,0.08999999999999997,11.39,0,44,200
570,102801,50.84000000000001,0.05500000000000005,11.46,0,55,200
571,103001,70.2666666666667,0.025000000000000022,11.05,0,46,200
572,103201,70.4933333333334,0.020000000000000018,11.27,0,41,200
573,103401,59.053333333333335,0.07499999999999996,10.67,0,52,200
574,103601,67.99500000000002,0.010000000000000009,11.325,0,49,200
575,103801,55.165,0.04500000000000004,11.115,0,63,200
576,104001,46.84500000000002,0.06999999999999995,10.695,0,75,200
577,104201,63.76000000000002,0.0050000000000000044,11.49,0,55,200
578,104401,56.75500000000001,0.040000000000000036,11.355,0,59,200
579,104601,59.32000000000001,0.025000000000000022,11.43,0,56,200
580,104801,61.93000000000002,0.05500000000000005,11.34,0,45,200
581,105001,49.941666666666706,0.10999999999999999,11.065,0,52,200
582,105201,58.81333333333341,0.0050000000000000044,10.79,0,76,200
583,105401,56.82500000000006,0.07499999999999996,11.385,0,43,200
584,105601,42.319999999999986,0.16500000000000004,11.25,0,43,200
585,105801,48.31500000000001,0.06000000000000005,10.725,0,73,200
586,106001,68.91166666666666,0.03500000000000003,11.095,0,45,200
587,106201,37.76833333333333,0.18000000000000005,11.105,0,42,200
588,106401,71.69666666666672,0.0050000000000000044,11.2,0,48,200
589,106601,62.24333333333333,0.04500000000000004,11.42,0,48,200
590,106801,72.79833333333333,0.0,11.345,0,46,200
591,107001,75.79166666666671,0.0,11.275,0,41,200
592,107201,65.93666666666668,0.010000000000000009,11.35,0,51,200
593,107401,68.22833333333331,0.0,11.555,0,48,200
594,107601,60.62499999999999,0.07499999999999996,11.055,0,47,200
595,107801,62.05000000000004,0.06499999999999995,11.16,0,43,200
596,108001,58.78333333333333,0.06499999999999995,11.3,0,47,200
597,108201,57.49833333333338,0.050000000000000044,11.435,0,55,200
598,108401,58.223333333333336,0.07499999999999996,11.15,0,48,200
599,108601,53.14666666666669,0.06999999999999995,11.44,0,52,200
600,108801,45.87833333333335,0.14500000000000002,10.415,0,55,200
601,109001,68.84000000000005,0.040000000000000036,11.16,0,41,200
602,109201,72.15000000000006,0.0,11.73,0,39,200
603,109401,60.611666666666686,0.040000000000000036,11.545,0,51,200
604,109601,65.61833333333331,0.0050000000000000044,11.285,0,56,200
605,109801,61.690000000000026,0.040000000000000036,10.98,0,58,200
606,110001,73.08999999999995,0.03500000000000003,11.22,0,36,200
607,110201,63.15666666666667,0.04500000000000004,11.2,0,50,200
608,110401,70.8666666666667,0.030000000000000027,11.26,0,39,200
609,110601,54.68500000000005,0.06000000000000005,11.325,0,54,200
610,110801,68.8083333333334,0.030000000000000027,11.285,0,43,200
611,111001,62.58333333333339,0.03500000000000003,11.21,0,53,200
612,111201,74.08500000000008,0.0,11.625,0,39,200
613,111401,56.0216666666667,0.09999999999999998,11.335,0,41,200
614,111601,70.26333333333332,0.020000000000000018,11.33,0,42,200
615,111801,66.62666666666665,0.040000000000000036,11.5,0,42,200
616,112001,62.81833333333338,0.0,11.585,0,57,200
617,112201,62.92666666666669,0.03500000000000003,11.5,0,50,200
618,112401,59.42999999999999,0.06499999999999995,11.01,0,53,200
619,112601,62.5233333333333,0.040000000000000036,11.09,0,53,200
620,112801,64.57166666666667,0.025000000000000022,11.545,0,49,200
621,113001,46.52833333333341,0.08999999999999997,11.255,0,59,200
622,113201,69.25000000000001,0.0050000000000000044,11.28,0,53,200
623,113401,50.68000000000001,0.12,11.52,0,39,200
624,113601,60.333333333333314,0.06499999999999995,11.48,0,43,200
625,113801,62.408333333333466,0.020000000000000018,11.285,0,52,200
626,114001,67.26666666666667,0.06000000000000005,11.38,0,35,200
627,114201,76.44333333333326,0.015000000000000013,11.27,0,38,200
628,114401,71.54166666666664,0.03500000000000003,11.215,0,36,200
629,114601,65.00666666666667,0.030000000000000027,11.38,0,48,200
630,114801,62.11833333333334,0.06000000000000005,11.105,0,47,200
631,115001,69.27333333333333,0.015000000000000013,11.12,0,51,200
632,115201,53.201666666666696,0.10999999999999999,10.825,0,49,200
633,115401,74.08833333333332,0.010000000000000009,11.375,0,39,200
634,115601,72.89833333333337,0.030000000000000027,11.435,0,28,200
635,115801,78.03166666666668,0.010000000000000009,11.545,0,30,200
636,116001,76.90499999999997,0.010000000000000009,11.415,0,37,200
637,116201,77.3183333333333,0.0,11.615,0,34,200
638,116401,73.09333333333332,0.0,11.48,0,44,200
639,116601,70.105,0.015000000000000013,11.625,0,40,200
640,116801,59.095000000000006,0.07499999999999996,11.295,0,47,200
641,117001,58.99,0.040000000000000036,11.4,0,55,200
642,117201,59.548333333333396,0.030000000000000027,11.615,0,52,200
643,117401,52.74333333333337,0.03500000000000003,11.3,0,69,200
644,117601,76.305,0.0,11.655,0,37,200
645,117801,53.53166666666671,0.07499999999999996,11.455,0,52,200
646,118001,62.8916666666667,0.025000000000000022,11.455,0,51,200
647,118201,55.60333333333333,0.06000000000000005,11.39,0,54,200
648,118401,62.938333333333325,0.030000000000000027,11.375,0,53,200
649,118601,50.42666666666666,0.125,11.29,0,43,200
650,118801,57.591666666666704,0.06000000000000005,11.155,0,53,200
651,119001,50.553333333333306,0.10499999999999998,10.88,0,58,200
652,119201,70.29333333333328,0.010000000000000009,11.48,0,49,200
653,119401,58.37833333333338,0.05500000000000005,11.495,0,49,200
654,119601,59.56500000000002,0.09499999999999997,11.595,0,32,200
655,119801,64.61833333333335,0.0050000000000000044,11.315,0,57,200
656,120001,66.55333333333333,0.040000000000000036,10.79,0,52,200
657,120201,69.515,0.020000000000000018,11.415,0,43,200
658,120401,73.95333333333336,0.0,11.51,0,44,200
659,120601,58.57500000000003,0.025000000000000022,11.385,0,59,200
660,120801,68.78833333333333,0.020000000000000018,11.375,0,45,200
661,121001,67.56166666666661,0.030000000000000027,11.215,0,46,200
662,121201,71.76333333333332,0.015000000000000013,11.27,0,43,200
663,121401,64.34500000000006,0.0050000000000000044,11.685,0,50,200
664,121601,62.790000000000035,0.06499999999999995,11.28,0,42,200
665,121801,50.570000000000036,0.12,10.89,0,50,200
666,122001,76.06000000000003,0.0,11.22,0,40,200
667,122201,75.53166666666662,0.030000000000000027,11.485,0,30,200
668,122401,68.0866666666667,0.015000000000000013,11.53,0,44,200
669,122601,77.68333333333335,0.0,11.18,0,40,200
670,122801,60.13833333333336,0.050000000000000044,11.405,0,49,200
671,123001,67.45166666666672,0.020000000000000018,11.425,0,45,200
672,123201,70.11333333333333,0.025000000000000022,11.27,0,41,200
673,123401,71.35833333333335,0.030000000000000027,11.345,0,38,200
674,123601,68.78166666666672,0.020000000000000018,11.365,0,46,200
675,123801,66.63,0.050000000000000044,11.28,0,41,200
676,124001,71.39333333333337,0.015000000000000013,11.57,0,42,200
677,124201,76.5566666666667,0.0,11.53,0,35,200
678,124401,66.99166666666666,0.04500000000000004,11.485,0,38,200
679,124601,74.78833333333331,0.0,11.555,0,40,200
680,124801,56.881666666666675,0.12,11.065,0,36,200
681,125001,75.64166666666667,0.010000000000000009,11.605,0,36,200
682,125201,70.37166666666664,0.0050000000000000044,11.275,0,51,200
683,125401,65.9883333333333,0.03500000000000003,11.165,0,46,200
684,125601,66.45166666666665,0.040000000000000036,11.095,0,46,200
685,125801,75.09000000000002,0.010000000000000009,11.13,0,42,200
686,126001,64.94666666666672,0.050000000000000044,11.2,0,44,200
687,126201,65.36500000000004,0.040000000000000036,10.815,0,52,200
688,126401,66.97333333333331,0.010000000000000009,11.42,0,50,200
689,126601,46.09666666666668,0.12,11.53,0,51,200
690,126801,64.98666666666672,0.040000000000000036,10.51,0,56,200
691,127001,47.75000000000006,0.14500000000000002,11.19,0,43,200
692,127201,73.57333333333337,0.0050000000000000044,11.66,0,39,200
693,127401,69.44166666666669,0.015000000000000013,11.425,0,44,200
694,127601,46.31500000000001,0.11499999999999999,11.175,0,52,200
695,127801,66.86166666666668,0.010000000000000009,11.515,0,51,200
696,128001,72.47833333333338,0.030000000000000027,11.465,0,36,200
697,128201,70.94000000000003,0.0050000000000000044,11.55,0,40,200
698,128401,60.61833333333333,0.04500000000000004,11.465,0,48,200
699,128601,70.34333333333336,0.015000000000000013,11.45,0,43,200
700,128801,62.720000000000034,0.03500000000000003,11.49,0,48,200
701,129001,57.28833333333337,0.08999999999999997,11.105,0,44,200
702,129201,74.60333333333338,0.0,11.36,0,41,200
703,129401,73.79833333333332,0.0050000000000000044,11.375,0,42,200
704,129601,71.74500000000003,0.03500000000000003,11.325,0,36,200
705,129801,66.27500000000005,0.040000000000000036,11.565,0,40,200
706,130001,70.42166666666668,0.030000000000000027,11.395,0,38,200
707,130201,66.1816666666667,0.05500000000000005,11.125,0,39,200
708,130401,77.15333333333332,0.0,11.51,0,35,200
709,130601,71.43333333333334,0.0,11.54,0,45,200
710,130801,65.44000000000003,0.050000000000000044,11.34,0,43,200
711,131001,73.52166666666666,0.010000000000000009,11.425,0,43,200
712,131201,75.89833333333337,0.0,11.735,0,35,200
713,131401,66.49833333333336,0.010000000000000009,11.465,0,52,200
714,131601,47.18666666666667,0.14,11.59,0,36,200
715,131801,68.45333333333332,0.020000000000000018,11.48,0,45,200
716,132001,68.78666666666666,0.0,11.41,0,54,200
717,132201,65.42500000000001,0.015000000000000013,11.415,0,51,200
718,132401,64.54833333333335,0.020000000000000018,11.495,0,51,200
719,132601,62.88666666666666,0.06999999999999995,11.53,0,37,200
720,132801,74.53833333333338,0.0050000000000000044,11.435,0,40,200
721,133001,57.888333333333314,0.06499999999999995,11.555,0,43,200
722,133201,61.66500000000003,0.040000000000000036,11.415,0,50,200
723,133401,66.23333333333335,0.030000000000000027,11.6,0,42,200
724,133601,67.24666666666663,0.010000000000000009,11.41,0,50,200
725,133801,76.87499999999997,0.010000000000000009,11.175,0,42,200
726,134001,73.81666666666665,0.0,11.35,0,42,200
727,134201,70.61,0.020000000000000018,11.49,0,41,200
728,134401,72.78166666666661,0.0050000000000000044,11.335,0,49,200
729,134601,75.52999999999992,0.010000000000000009,11.31,0,40,200
730,134801,58.55000000000004,0.06000000000000005,11.52,0,47,200
731,135001,63.391666666666694,0.040000000000000036,11.575,0,42,200
732,135201,57.403333333333336,0.06000000000000005,11.24,0,51,200
733,135401,81.45333333333326,0.0,11.45,0,30,200
734,135601,80.10166666666666,0.0050000000000000044,11.545,0,30,200
735,135801,67.52,0.03500000000000003,10.98,0,50,200
736,136001,74.20833333333333,0.0,11.525,0,41,200
737,136201,58.658333333333346,0.06499999999999995,11.285,0,47,200
738,136401,55.5683333333334,0.06499999999999995,11.375,0,50,200
739,136601,67.09166666666668,0.040000000000000036,11.395,0,40,200
740,136801,77.33999999999997,0.0,11.31,0,41,200
741,137001,66.76000000000005,0.020000000000000018,11.28,0,48,200
742,137201,78.94666666666664,0.0,11.44,0,34,200
743,137401,61.958333333333364,0.09999999999999998,11.315,0,30,200
744,137601,69.74833333333339,0.025000000000000022,11.195,0,44,200
745,137801,66.25833333333335,0.06499999999999995,11.555,0,34,200
746,138001,47.483333333333356,0.14500000000000002,11.3,0,41,200
747,138201,75.75666666666667,0.0050000000000000044,11.47,0,38,200
748,138401,72.60333333333332,0.010000000000000009,11.33,0,42,200
749,138601,64.96500000000003,0.04500000000000004,11.565,0,42,200
750,138801,80.2266666666667,0.0,11.65,0,29,200
751,139001,65.00833333333327,0.05500000000000005,11.285,0,43,200
752,139201,73.95833333333336,0.010000000000000009,11.435,0,39,200
753,139401,60.631666666666696,0.05500000000000005,11.425,0,47,200
754,139601,77.86499999999994,0.015000000000000013,11.475,0,32,200
755,139801,67.40000000000002,0.030000000000000027,11.16,0,50,200
756,140001,66.06833333333336,0.05500000000000005,11.045,0,41,200
757,140201,76.11666666666667,0.025000000000000022,11.47,0,32,200
758,140401,75.0216666666666,0.0,11.365,0,42,200
759,140601,78.96666666666663,0.0,11.17,0,38,200
760,140801,79.11333333333332,0.0,11.24,0,36,200
761,141001,72.82500000000002,0.025000000000000022,11.325,0,36,200
762,141201,66.41833333333332,0.025000000000000022,11.405,0,48,200
763,141401,76.26333333333329,0.0,11.45,0,39,200
764,141601,83.76000000000008,0.0,11.58,0,24,200
765,141801,71.96666666666671,0.0050000000000000044,11.59,0,42,200
766,142001,76.90666666666671,0.010000000000000009,11.77,0,29,200
767,142201,67.41833333333338,0.03500000000000003,11.225,0,44,200
768,142401,67.37500000000006,0.015000000000000013,11.625,0,47,200
769,142601,74.77333333333333,0.0050000000000000044,11.48,0,41,200
770,142801,69.16333333333338,0.050000000000000044,11.42,0,34,200
771,143001,72.22500000000002,0.050000000000000044,11.655,0,28,200
772,143201,58.24333333333338,0.06999999999999995,11.63,0,40,200
773,143401,73.06500000000001,0.010000000000000009,11.625,0,39,200
774,143601,57.20000000000002,0.06999999999999995,11.37,0,47,200
775,143801,73.89500000000001,0.010000000000000009,11.445,0,39,200
776,144001,73.97166666666668,0.020000000000000018,11.335,0,37,200
777,144201,46.335,0.16000000000000003,11.265,0,40,200
778,144401,68.27666666666667,0.0,11.53,0,49,200
779,144601,72.085,0.020000000000000018,11.175,0,44,200
780,144801,82.72833333333335,0.0,11.405,0,28,200
781,145001,77.11333333333327,0.025000000000000022,11.48,0,29,200
782,145201,70.18500000000002,0.010000000000000009,11.325,0,47,200
783,145401,67.18666666666671,0.010000000000000009,11.44,0,47,200
784,145601,47.36166666666674,0.11499999999999999,11.335,0,49,200
785,145801,55.96500000000002,0.07999999999999996,11.355,0,45,200
786,146001,68.7266666666667,0.06000000000000005,11.44,0,34,200
787,146201,65.19000000000001,0.025000000000000022,11.49,0,49,200
788,146401,59.97166666666668,0.05500000000000005,11.125,0,53,200
789,146601,58.493333333333354,0.040000000000000036,11.06,0,61,200
790,146801,70.23499999999999,0.015000000000000013,11.625,0,42,200
791,147001,70.00166666666664,0.0,11.455,0,50,200
792,147201,77.30500000000002,0.0050000000000000044,11.685,0,31,200
793,147401,41.31333333333337,0.16500000000000004,10.79,0,51,200
794,147601,72.71500000000003,0.015000000000000013,11.415,0,40,200
795,147801,78.68500000000003,0.0,11.715,0,31,200
796,148001,74.10333333333335,0.015000000000000013,11.63,0,36,200
797,148201,75.62499999999997,0.015000000000000013,11.535,0,35,200
798,148401,72.58,0.0,11.61,0,40,200
799,148601,66.60500000000003,0.03500000000000003,11.115,0,45,200
800,148801,77.91333333333334,0.0,11.6,0,37,200
801,149001,77.045,0.0,11.415,0,40,200
802,149201,62.64000000000001,0.07999999999999996,11.43,0,37,200
803,149401,72.41499999999994,0.04500000000000004,11.325,0,33,200
804,149601,75.68500000000002,0.015000000000000013,11.475,0,36,200
805,149801,74.40333333333328,0.015000000000000013,11.54,0,37,200
806,150001,65.10666666666667,0.05500000000000005,11.35,0,46,200
807,150201,75.30333333333336,0.0050000000000000044,11.69,0,36,200
808,150401,65.3166666666667,0.015000000000000013,11.68,0,48,200
809,150601,63.50333333333338,0.06000000000000005,11.45,0,38,200
810,150801,78.39333333333332,0.010000000000000009,11.57,0,27,200
811,151001,68.24833333333325,0.03500000000000003,11.345,0,41,200
812,151201,72.39999999999999,0.020000000000000018,11.37,0,40,200
813,151401,78.39333333333332,0.020000000000000018,11.33,0,30,200
814,151601,73.26666666666667,0.0050000000000000044,10.99,0,51,200
815,151801,75.97000000000001,0.0050000000000000044,11.52,0,36,200
816,152001,75.61833333333331,0.0,11.375,0,42,200
817,152201,74.95666666666673,0.040000000000000036,11.11,0,31,200
818,152401,56.695,0.08499999999999996,11.565,0,40,200
819,152601,69.05000000000004,0.020000000000000018,11.64,0,40,200
820,152801,77.87000000000009,0.0,11.67,0,33,200
821,153001,74.29500000000002,0.025000000000000022,11.625,0,31,200
822,153201,73.53500000000004,0.010000000000000009,11.595,0,37,200
823,153401,69.61833333333331,0.015000000000000013,11.315,0,50,200
824,153601,60.144999999999996,0.06000000000000005,11.475,0,46,200
825,153801,78.315,0.0050000000000000044,11.715,0,30,200
826,154001,64.52166666666672,0.050000000000000044,11.425,0,43,200
827,154201,68.64666666666672,0.010000000000000009,11.68,0,41,200
828,154401,69.6066666666667,0.03500000000000003,11.65,0,35,200
829,154601,73.77999999999997,0.0050000000000000044,11.55,0,40,200
830,154801,77.60666666666675,0.0,11.65,0,33,200
831,155001,78.64166666666671,0.0,11.635,0,32,200
832,155201,76.39833333333333,0.0,11.675,0,36,200
833,155401,68.19499999999994,0.050000000000000044,11.175,0,39,200
834,155601,53.28166666666669,0.06999999999999995,11.095,0,57,200
835,155801,59.730000000000004,0.08499999999999996,11.73,0,33,200
836,156001,76.74000000000002,0.03500000000000003,11.7,0,23,200
837,156201,65.18333333333337,0.030000000000000027,11.48,0,48,200
838,156401,79.75666666666672,0.015000000000000013,11.8,0,22,200
839,156601,74.60000000000001,0.0,11.52,0,45,200
840,156801,64.10500000000002,0.10499999999999998,11.505,0,24,200
841,157001,79.3983333333334,0.010000000000000009,11.765,0,25,200
842,157201,63.651666666666706,0.07999999999999996,11.515,0,32,200
843,157401,76.93333333333342,0.0,11.63,0,34,200
844,157601,73.67333333333336,0.020000000000000018,11.66,0,34,200
845,157801,76.39833333333335,0.010000000000000009,11.705,0,31,200
846,158001,65.66166666666666,0.050000000000000044,11.245,0,43,200
847,158201,71.40000000000002,0.010000000000000009,11.28,0,44,200
848,158401,68.10500000000003,0.04500000000000004,11.415,0,36,200
849,158601,62.48166666666671,0.06000000000000005,11.275,0,46,200
850,158801,71.52500000000002,0.03500000000000003,11.535,0,34,200
851,159001,74.29000000000005,0.0,11.7,0,37,200
852,159201,50.84333333333335,0.16000000000000003,11.51,0,28,200
853,159401,82.60833333333335,0.0,11.585,0,26,200
854,159601,67.93166666666667,0.030000000000000027,11.365,0,45,200
855,159801,55.816666666666656,0.10499999999999998,11.2,0,43,200
856,160001,77.83499999999995,0.010000000000000009,11.565,0,32,200
857,160201,60.980000000000025,0.06499999999999995,11.25,0,45,200
858,160401,74.16999999999999,0.015000000000000013,11.55,0,39,200
859,160601,75.06833333333338,0.030000000000000027,11.615,0,31,200
860,160801,75.0966666666667,0.015000000000000013,11.62,0,34,200
861,161001,82.48333333333335,0.0,11.78,0,26,200
862,161201,60.184999999999995,0.06999999999999995,11.325,0,46,200
863,161401,84.97,0.0,11.43,0,28,200
864,161601,73.61833333333335,0.0,11.405,0,43,200
865,161801,61.450000000000024,0.07499999999999996,11.46,0,37,200
866,162001,68.665,0.015000000000000013,11.625,0,46,200
867,162201,76.2833333333333,0.010000000000000009,11.63,0,35,200
868,162401,78.67166666666665,0.010000000000000009,11.725,0,28,200
869,162601,69.72166666666666,0.015000000000000013,11.605,0,41,200
870,162801,66.8633333333334,0.020000000000000018,10.91,0,54,200
871,163001,65.10000000000005,0.025000000000000022,11.16,0,51,200
872,163201,80.39166666666671,0.010000000000000009,11.665,0,26,200
873,163401,74.88666666666663,0.010000000000000009,11.44,0,39,200
874,163601,75.395,0.015000000000000013,11.385,0,36,200
875,163801,72.66333333333333,0.025000000000000022,11.6,0,37,200
876,164001,74.58166666666669,0.010000000000000009,11.605,0,37,200
877,164201,70.2966666666667,0.04500000000000004,11.47,0,35,200
878,164401,48.08666666666669,0.13,10.6,0,54,200
879,164601,49.116666666666696,0.09999999999999998,11.59,0,49,200
880,164801,66.99000000000002,0.03500000000000003,11.49,0,43,200
881,165001,72.97833333333337,0.0050000000000000044,11.705,0,38,200
882,165201,79.84333333333335,0.010000000000000009,11.69,0,27,200
883,165401,59.000000000000014,0.06499999999999995,11.49,0,45,200
884,165601,74.59333333333335,0.025000000000000022,11.78,0,29,200
885,165801,77.7,0.030000000000000027,11.61,0,23,200
886,166001,79.01499999999986,0.0050000000000000044,11.415,0,36,200
887,166201,78.7416666666666,0.0,11.635,0,33,200
888,166401,79.2233333333333,0.020000000000000018,11.3,0,29,200
889,166601,79.95166666666668,0.0050000000000000044,11.395,0,33,200
890,166801,70.37499999999999,0.020000000000000018,11.325,0,45,200
891,167001,65.7966666666667,0.05500000000000005,11.59,0,36,200
892,167201,64.02833333333331,0.050000000000000044,11.165,0,51,200
893,167401,57.77499999999996,0.12,11.355,0,31,200
894,167601,68.11500000000001,0.040000000000000036,11.475,0,40,200
895,167801,72.05666666666666,0.050000000000000044,11.53,0,30,200
896,168001,74.21000000000005,0.050000000000000044,11.58,0,24,200
897,168201,70.6316666666667,0.0050000000000000044,11.095,0,51,200
898,168401,77.05000000000003,0.0,11.67,0,34,200
899,168416,-25.996666666666666,0.9333333333333333,3.8666666666666667,1,6,15
900,168616,81.30666666666666,0.010000000000000009,11.47,0,28,200
901,168816,74.68000000000004,0.010000000000000009,11.73,0,33,200
902,169016,76.13666666666668,0.0,11.59,0,40,200
903,169216,66.57166666666669,0.08999999999999997,11.215,0,29,200
904,169416,80.94,0.0050000000000000044,11.4,0,33,200
905,169616,78.08166666666665,0.0,11.575,0,34,200
906,169816,78.75499999999998,0.010000000000000009,11.625,0,28,200
907,170016,68.57999999999997,0.06000000000000005,11.64,0,30,200
908,170216,84.94833333333335,0.0,11.705,0,21,200
909,170416,56.37000000000006,0.07499999999999996,11.49,0,44,200
910,170616,78.30666666666673,0.0050000000000000044,11.26,0,37,200
911,170816,71.51166666666668,0.020000000000000018,11.425,0,43,200
912,171016,65.35833333333339,0.05500000000000005,11.315,0,41,200
913,171216,80.48833333333334,0.025000000000000022,11.585,0,21,200
914,171416,66.25833333333334,0.04500000000000004,11.615,0,40,200
915,171616,81.11166666666666,0.0,11.695,0,29,200
916,171816,56.858333333333334,0.12,11.075,0,34,200
917,172016,56.77000000000004,0.08999999999999997,11.16,0,44,200
918,172216,75.87166666666667,0.025000000000000022,11.425,0,31,200
919,172416,79.29333333333334,0.010000000000000009,11.69,0,26,200
920,172616,68.96000000000005,0.06999999999999995,11.46,0,28,200
921,172816,69.17833333333336,0.06000000000000005,10.985,0,36,200
922,173016,83.29333333333324,0.010000000000000009,11.15,0,29,200
923,173216,74.9783333333333,0.04500000000000004,11.315,0,29,200
924,173416,76.79499999999997,0.020000000000000018,11.265,0,34,200
925,173616,67.46333333333334,0.050000000000000044,11.39,0,37,200
926,173816,78.15333333333334,0.015000000000000013,11.48,0,32,200
927,174016,78.94333333333336,0.0050000000000000044,11.72,0,27,200
928,174216,76.83999999999997,0.0050000000000000044,11.43,0,36,200
929,174416,77.52333333333331,0.025000000000000022,11.57,0,28,200
930,174616,81.4133333333333,0.0,11.66,0,26,200
931,174816,70.02499999999999,0.06999999999999995,11.625,0,23,200
932,175016,60.41500000000002,0.10999999999999999,11.385,0,31,200
933,175216,58.05499999999998,0.08499999999999996,11.145,0,45,200
934,175416,79.45666666666666,0.0,11.68,0,31,200
935,175616,77.59333333333338,0.010000000000000009,11.72,0,31,200
936,175816,74.2216666666667,0.015000000000000013,11.515,0,35,200
937,176016,68.85166666666669,0.025000000000000022,11.545,0,44,200
938,176216,71.93166666666667,0.020000000000000018,11.515,0,40,200
939,176416,66.49500000000005,0.06499999999999995,11.205,0,37,200
940,176616,74.5766666666667,0.025000000000000022,11.44,0,34,200
941,176816,80.15333333333338,0.015000000000000013,11.84,0,22,200
942,177016,76.39500000000002,0.03500000000000003,11.475,0,26,200
943,177216,64.69000000000003,0.05500000000000005,11.61,0,39,200
944,177416,68.13999999999997,0.040000000000000036,11.34,0,37,200
945,177616,68.71666666666667,0.015000000000000013,11.5,0,43,200
946,177816,73.51333333333334,0.020000000000000018,11.72,0,33,200
947,178016,52.36333333333333,0.11499999999999999,11.12,0,46,200
948,178216,84.05833333333331,0.0050000000000000044,11.795,0,23,200
949,178416,77.55000000000001,0.0,11.43,0,35,200
950,178616,66.27833333333334,0.020000000000000018,11.645,0,44,200
951,178816,86.07333333333334,0.0,11.6,0,23,200
952,179016,73.96666666666665,0.0050000000000000044,11.53,0,41,200
953,179216,77.89666666666672,0.0,11.56,0,38,200
954,179416,78.83666666666666,0.03500000000000003,11.62,0,25,200
955,179616,68.54833333333333,0.03500000000000003,11.525,0,42,200
956,179816,78.74000000000001,0.015000000000000013,11.64,0,29,200
957,180016,81.65500000000002,0.0,11.745,0,26,200
958,180216,77.79000000000005,0.0050000000000000044,11.64,0,31,200
959,180416,78.60666666666663,0.030000000000000027,11.53,0,25,200
960,180616,79.63999999999999,0.0,11.58,0,30,200
961,180816,70.99500000000003,0.025000000000000022,11.475,0,42,200
962,181016,74.12333333333335,0.04500000000000004,11.66,0,24,200
963,181216,78.56166666666665,0.010000000000000009,11.635,0,32,200
964,181416,64.06333333333335,0.08499999999999996,11.36,0,33,200
965,181616,82.88833333333335,0.0,11.705,0,25,200
966,181816,60.46666666666672,0.07499999999999996,11.5,0,41,200
967,182016,78.28999999999995,0.0,11.31,0,39,200
968,182216,83.37,0.0050000000000000044,11.61,0,26,200
969,182416,84.88833333333339,0.0,11.735,0,23,200
970,182616,68.59666666666665,0.050000000000000044,11.41,0,36,200
971,182816,81.06333333333335,0.010000000000000009,11.6,0,27,200
972,183016,77.22999999999998,0.020000000000000018,11.52,0,30,200
973,183216,88.54000000000003,0.0050000000000000044,11.64,0,18,200
974,183416,85.04000000000002,0.0,11.7,0,25,200
975,183616,67.57166666666669,0.05500000000000005,11.365,0,37,200
976,183816,79.77333333333335,0.0,11.69,0,32,200
977,184016,70.58333333333333,0.050000000000000044,11.39,0,34,200
978,184216,58.33833333333337,0.07999999999999996,11.585,0,38,200
979,184416,73.2416666666667,0.030000000000000027,11.785,0,27,200
980,184616,58.3116666666667,0.09999999999999998,11.515,0,32,200
981,184816,81.17666666666663,0.03500000000000003,11.62,0,19,200
982,185016,86.55166666666666,0.0,11.695,0,22,200
983,185216,73.51499999999994,0.04500000000000004,11.505,0,29,200
984,185416,76.21666666666665,0.015000000000000013,11.44,0,33,200
985,185616,79.70833333333333,0.0,11.585,0,34,200
986,185816,69.95666666666665,0.03500000000000003,11.53,0,37,200
987,186016,73.45833333333337,0.015000000000000013,11.435,0,38,200
988,186216,82.84333333333339,0.0,11.54,0,28,200
989,186416,78.4133333333333,0.0,11.54,0,35,200
990,186616,78.73166666666668,0.0,11.635,0,34,200
991,186816,86.64166666666667,0.0050000000000000044,11.695,0,20,200
992,187016,76.83666666666669,0.0050000000000000044,11.59,0,34,200
993,187216,76.79833333333335,0.0050000000000000044,11.465,0,38,200
994,187416,74.02666666666663,0.040000000000000036,11.23,0,34,200
995,187616,73.54499999999996,0.025000000000000022,11.415,0,38,200
996,187816,76.75666666666669,0.0,11.65,0,36,200
997,188016,79.02,0.0050000000000000044,11.67,0,30,200
998,188216,74.30166666666663,0.0050000000000000044,11.515,0,43,200
999,188416,64.41666666666667,0.06999999999999995,11.53,0,34,200
1000,188616,79.65499999999999,0.0,11.355,0,37,200
1001,188816,66.68000000000004,0.030000000000000027,11.49,0,43,200
1002,189016,85.98000000000002,0.0,11.79,0,20,200
1003,189216,86.41500000000003,0.0,11.595,0,22,200
1004,189416,83.39833333333333,0.0050000000000000044,11.765,0,22,200
1005,189616,73.91499999999999,0.010000000000000009,11.595,0,37,200
1006,189816,77.88999999999999,0.0,11.67,0,37,200
1007,190016,71.30666666666669,0.020000000000000018,11.5,0,41,200
1008,190216,75.4133333333333,0.025000000000000022,11.48,0,34,200
1009,190416,75.06499999999997,0.025000000000000022,11.145,0,37,200
1010,190616,86.67500000000004,0.0,11.625,0,20,200
1011,190816,85.93333333333334,0.0,11.48,0,23,200
1012,191016,61.853333333333346,0.08999999999999997,11.33,0,34,200
1013,191216,83.67166666666671,0.0,11.485,0,26,200
1014,191416,79.00500000000002,0.0,11.595,0,32,200
1015,191616,76.31000000000009,0.010000000000000009,11.61,0,32,200
1016,191816,82.40999999999998,0.0,11.76,0,24,200
1017,192016,69.5616666666667,0.050000000000000044,11.575,0,28,200
1018,192216,71.01333333333334,0.05500000000000005,11.42,0,33,200
1019,192416,85.08499999999994,0.0,11.535,0,26,200
1020,192616,78.07,0.0050000000000000044,11.64,0,32,200
1021,192816,75.73333333333329,0.015000000000000013,11.66,0,36,200
1022,193016,58.1816666666667,0.06999999999999995,11.455,0,44,200
1023,193216,81.96833333333333,0.010000000000000009,11.675,0,24,200
1024,193416,82.38833333333338,0.010000000000000009,11.555,0,25,200
1025,193616,76.24500000000005,0.0050000000000000044,11.445,0,39,200
1026,193816,84.62999999999998,0.0,11.79,0,22,200
1027,194016,58.643333333333345,0.09499999999999997,11.48,0,37,200
1028,194216,81.1266666666666,0.0,11.62,0,31,200
1029,194416,78.49166666666666,0.0,11.605,0,35,200
1030,194616,81.0,0.0050000000000000044,11.64,0,30,200
1031,194816,77.75999999999998,0.0,11.64,0,36,200
1032,195016,80.87166666666667,0.0,11.515,0,30,200
1033,195216,83.23333333333335,0.015000000000000013,11.81,0,20,200
1034,195416,71.60833333333333,0.06000000000000005,11.435,0,29,200
1035,195616,74.2216666666667,0.0050000000000000044,11.575,0,40,200
1036,195816,84.41500000000003,0.0,11.685,0,26,200
1037,196016,76.41000000000001,0.050000000000000044,11.34,0,26,200
1038,196216,71.83999999999996,0.010000000000000009,11.55,0,43,200
1039,196416,80.88166666666667,0.0050000000000000044,11.485,0,31,200
1040,196616,68.23999999999995,0.050000000000000044,11.22,0,39,200
1041,196816,70.80333333333331,0.025000000000000022,11.18,0,45,200
1042,197016,85.82166666666667,0.0,11.545,0,24,200
1043,197216,83.17000000000006,0.0050000000000000044,11.37,0,27,200
1044,197416,81.90333333333334,0.015000000000000013,11.57,0,23,200
1045,197616,76.21166666666664,0.03500000000000003,11.245,0,33,200
1046,197816,87.19499999999996,0.0050000000000000044,11.445,0,23,200
1047,198016,75.82833333333336,0.020000000000000018,11.585,0,31,200
1048,198216,71.475,0.030000000000000027,11.565,0,34,200
1049,198416,78.26166666666667,0.0,11.545,0,37,200
1050,198616,83.71333333333328,0.0050000000000000044,11.51,0,26,200
1051,198816,73.90166666666666,0.030000000000000027,11.455,0,34,200
1052,199016,68.87333333333333,0.04500000000000004,11.51,0,34,200
1053,199216,68.27166666666672,0.050000000000000044,11.365,0,38,200
1054,199416,78.41333333333334,0.020000000000000018,11.6,0,29,200
1055,199616,57.57833333333333,0.12,11.735,0,27,200
1056,199816,86.46666666666667,0.010000000000000009,11.8,0,16,200
1057,200016,75.56833333333336,0.0,11.525,0,40,200
1058,200216,86.19500000000005,0.0,11.475,0,24,200
1059,200416,79.47833333333331,0.04500000000000004,11.435,0,20,200
1060,200616,74.30000000000003,0.010000000000000009,11.46,0,39,200
1061,200816,80.06166666666672,0.0,11.695,0,28,200
1062,201016,73.67000000000003,0.030000000000000027,11.52,0,32,200
1063,201216,76.12666666666668,0.03500000000000003,11.44,0,30,200
1064,201416,81.57333333333334,0.0050000000000000044,11.66,0,28,200
1065,201616,71.48166666666668,0.04500000000000004,11.635,0,31,200
1066,201816,81.32333333333334,0.0050000000000000044,11.6,0,28,200
1067,202016,58.88833333333335,0.10499999999999998,11.645,0,30,200
1068,202216,84.9833333333333,0.0,11.72,0,23,200
1069,202416,74.88666666666664,0.010000000000000009,11.41,0,41,200
1070,202616,75.31666666666669,0.0050000000000000044,11.62,0,40,200
1071,202816,80.955,0.0050000000000000044,11.715,0,26,200
1072,203016,78.27833333333335,0.0,11.555,0,40,200
1073,203216,84.24000000000002,0.015000000000000013,11.64,0,19,200
1074,203416,84.955,0.0,11.445,0,27,200
1075,203616,86.59499999999996,0.0,11.565,0,21,200
1076,203816,60.8766666666667,0.07499999999999996,11.02,0,46,200
1077,204016,89.25833333333335,0.0,11.735,0,16,200
1078,204216,85.87333333333338,0.0,11.48,0,22,200
1079,204416,76.725,0.025000000000000022,11.415,0,29,200
1080,204616,81.80666666666664,0.0,11.5,0,28,200
1081,204816,82.41666666666669,0.0,11.59,0,31,200
1082,205016,79.52000000000001,0.030000000000000027,11.7,0,22,200
1083,205216,84.58499999999998,0.030000000000000027,11.265,0,19,200
1084,205416,81.11166666666672,0.015000000000000013,11.335,0,29,200
1085,205616,86.30166666666669,0.0,11.605,0,22,200
1086,205816,81.57333333333341,0.020000000000000018,11.66,0,23,200
1087,206016,80.03999999999999,0.015000000000000013,11.61,0,26,200
1088,206216,80.78500000000001,0.010000000000000009,11.385,0,29,200
1089,206416,83.91833333333335,0.0,11.465,0,28,200
1090,206616,85.94999999999997,0.0,11.67,0,22,200
1091,206816,80.30666666666662,0.0050000000000000044,11.26,0,36,200
1092,207016,87.21666666666667,0.0050000000000000044,11.29,0,22,200
1093,207216,85.18499999999995,0.0,11.505,0,27,200
1094,207416,82.75499999999997,0.0,11.445,0,30,200
1095,207616,65.01500000000003,0.05500000000000005,11.475,0,38,200
1096,207816,83.3433333333333,0.020000000000000018,11.48,0,22,200
1097,208016,74.99499999999999,0.030000000000000027,11.295,0,33,200
1098,208216,85.17499999999995,0.015000000000000013,11.325,0,22,200
1099,208416,81.99166666666666,0.0,11.395,0,33,200
1100,208616,75.07666666666674,0.030000000000000027,11.5,0,32,200
1101,208816,71.33166666666669,0.03500000000000003,11.245,0,38,200
1102,209016,82.25500000000007,0.0,11.535,0,28,200
1103,209216,84.0850000000001,0.015000000000000013,11.565,0,19,200
1104,209416,79.215,0.025000000000000022,11.595,0,24,200
1105,209616,86.67000000000003,0.0050000000000000044,11.49,0,21,200
1106,209816,86.80333333333336,0.0050000000000000044,11.48,0,23,200
1107,210016,67.06666666666668,0.040000000000000036,11.26,0,42,200
1108,210216,86.48166666666664,0.0050000000000000044,11.485,0,19,200
1109,210416,88.44166666666673,0.0,11.605,0,17,200
1110,210616,84.86666666666666,0.015000000000000013,11.53,0,20,200
1111,210816,88.22166666666674,0.0050000000000000044,11.845,0,13,200
1112,211016,86.90833333333325,0.010000000000000009,11.525,0,21,200
1113,211216,81.045,0.025000000000000022,11.625,0,24,200
1114,211416,86.20666666666673,0.0,11.71,0,20,200
1115,211616,78.92666666666662,0.030000000000000027,11.53,0,25,200
1116,211816,68.76666666666662,0.050000000000000044,11.14,0,40,200
1117,212016,85.29666666666667,0.015000000000000013,11.23,0,24,200
1118,212216,87.89333333333336,0.0,11.48,0,21,200
1119,212416,84.04333333333335,0.0050000000000000044,11.39,0,27,200
1120,212616,79.88166666666665,0.0,11.395,0,36,200
1121,212816,81.54500000000006,0.025000000000000022,11.535,0,20,200
1122,213016,86.75666666666669,0.0050000000000000044,11.56,0,22,200
1123,213216,84.56166666666668,0.0,11.515,0,27,200
1124,213416,88.91999999999997,0.0,11.37,0,22,200
1125,213616,67.995,0.07499999999999996,11.625,0,25,200
1126,213816,72.83833333333335,0.050000000000000044,11.705,0,23,200
1127,214016,74.72833333333334,0.010000000000000009,11.345,0,42,200
1128,214216,62.27500000000008,0.08999999999999997,11.325,0,33,200
1129,214416,73.93500000000009,0.05500000000000005,11.685,0,20,200
1130,214616,76.33000000000003,0.050000000000000044,11.37,0,26,200
1131,214816,69.90000000000006,0.020000000000000018,11.58,0,43,200
1132,215016,81.76166666666666,0.015000000000000013,11.425,0,25,200
1133,215216,87.35166666666656,0.0,11.395,0,26,200
1134,215416,90.58833333333337,0.0050000000000000044,11.555,0,14,200
1135,215616,82.96000000000002,0.020000000000000018,11.4,0,23,200
1136,215816,80.03166666666667,0.025000000000000022,11.365,0,29,200
1137,216016,89.50333333333334,0.0,11.42,0,16,200
1138,216216,64.525,0.07999999999999996,11.295,0,35,200
1139,216416,77.05333333333338,0.020000000000000018,11.6,0,29,200
1140,216616,83.90666666666668,0.0050000000000000044,11.59,0,23,200
1141,216816,90.58666666666667,0.0,11.17,0,20,200
1142,217016,82.34333333333329,0.010000000000000009,11.06,0,33,200
1143,217216,85.83833333333327,0.0,11.315,0,27,200
1144,217416,86.20499999999996,0.0050000000000000044,11.235,0,26,200
1145,217616,84.97499999999995,0.0050000000000000044,11.535,0,24,200
1146,217816,81.32833333333336,0.015000000000000013,11.435,0,26,200
1147,218016,74.80500000000002,0.03500000000000003,11.295,0,33,200
1148,218216,88.05833333333338,0.0050000000000000044,11.285,0,22,200
1149,218416,89.09500000000006,0.0,11.685,0,15,200
1150,218616,88.74499999999996,0.0,11.445,0,21,200
1151,218816,85.32333333333335,0.0,11.15,0,31,200
1152,219016,89.62166666666664,0.0,11.665,0,16,200
1153,219216,81.77999999999999,0.0050000000000000044,11.37,0,29,200
1154,219416,79.21499999999999,0.0050000000000000044,11.145,0,38,200
1155,219616,71.01333333333332,0.03500000000000003,11.24,0,43,200
1156,219816,70.91666666666674,0.07499999999999996,11.35,0,24,200
1157,220016,71.55166666666676,0.050000000000000044,11.515,0,25,200
1158,220216,83.19833333333334,0.0,11.495,0,30,200
1159,220416,84.28000000000003,0.0,11.34,0,28,200
1160,220616,83.90166666666664,0.015000000000000013,11.485,0,24,200
1161,220816,84.12166666666671,0.015000000000000013,11.155,0,28,200
1162,221016,78.92166666666681,0.03500000000000003,11.515,0,21,200
1163,221216,85.09499999999997,0.0050000000000000044,10.965,0,30,200
1164,221416,74.26666666666667,0.015000000000000013,11.5,0,33,200
1165,221616,87.27000000000001,0.0050000000000000044,11.34,0,22,200
1166,221816,64.92833333333324,0.12,11.285,0,23,200
1167,222016,86.61666666666666,0.0050000000000000044,11.32,0,22,200
1168,222216,85.37666666666665,0.015000000000000013,11.14,0,24,200
1169,222416,90.04666666666667,0.0,11.47,0,18,200
1170,222616,89.09833333333337,0.0,11.225,0,21,200
1171,222816,79.12999999999998,0.06000000000000005,11.46,0,14,200
1172,223016,89.21166666666666,0.0,11.365,0,21,200
1173,223216,87.64166666666671,0.015000000000000013,11.485,0,15,200
1174,223416,83.14666666666663,0.015000000000000013,11.17,0,27,200
1175,223616,80.9466666666667,0.030000000000000027,11.23,0,25,200
1176,223816,83.0216666666667,0.0,11.365,0,29,200
1177,224016,83.415,0.020000000000000018,11.025,0,28,200
1178,224216,74.08500000000004,0.08999999999999997,11.415,0,16,200
1179,224416,75.40500000000002,0.06499999999999995,11.415,0,21,200
1180,224616,84.34999999999995,0.0050000000000000044,11.4,0,25,200
1181,224816,86.2166666666667,0.0,11.26,0,24,200
1182,225016,87.01500000000003,0.0050000000000000044,11.445,0,19,200
1183,225216,88.99833333333333,0.0,11.285,0,23,200
1184,225416,70.97833333333335,0.08499999999999996,11.315,0,22,200
1185,225616,84.87833333333333,0.04500000000000004,11.315,0,16,200
1186,225816,64.71166666666667,0.09999999999999998,11.155,0,31,200
1187,226016,82.99833333333328,0.0,11.375,0,26,200
1188,226216,86.84166666666664,0.020000000000000018,11.305,0,19,200
1189,226416,87.16166666666666,0.025000000000000022,11.275,0,16,200
1190,226616,68.83333333333329,0.09499999999999997,11.15,0,26,200
1191,226816,89.47500000000004,0.0050000000000000044,11.265,0,20,200
1192,227016,86.64833333333334,0.025000000000000022,11.375,0,16,200
1193,227216,86.83666666666664,0.025000000000000022,11.47,0,12,200
1194,227416,91.44166666666673,0.010000000000000009,11.275,0,16,200
1195,227616,88.77833333333332,0.0,11.435,0,22,200
1196,227816,83.78833333333333,0.010000000000000009,11.375,0,25,200
1197,228016,90.13666666666671,0.0,11.32,0,20,200
1198,228216,81.88499999999999,0.025000000000000022,11.535,0,20,200
1199,228416,88.24833333333336,0.015000000000000013,11.345,0,16,200
1200,228616,84.66833333333331,0.010000000000000009,11.255,0,25,200
1201,228816,88.82333333333335,0.0050000000000000044,11.33,0,19,200
1202,229016,89.02833333333334,0.0050000000000000044,11.465,0,17,200
1203,229216,80.47500000000004,0.06000000000000005,11.355,0,14,200
1204,229416,92.93333333333331,0.0050000000000000044,11.24,0,16,200
1205,229616,81.99499999999992,0.025000000000000022,11.475,0,21,200
1206,229816,85.8966666666667,0.025000000000000022,11.38,0,19,200
1207,230016,89.695,0.010000000000000009,11.385,0,16,200
1208,230216,83.08833333333342,0.015000000000000013,11.465,0,24,200
1209,230416,96.68166666666674,0.0,11.425,0,9,200
1210,230616,89.89333333333339,0.0050000000000000044,11.33,0,17,200
1211,230816,76.25833333333331,0.07499999999999996,11.045,0,22,200
1212,231016,93.845,0.0,11.055,0,19,200
1213,231216,92.74000000000008,0.0,11.49,0,14,200
1214,231416,73.57833333333332,0.05500000000000005,11.225,0,28,200
1215,231616,85.92666666666669,0.010000000000000009,11.29,0,23,200
1216,231816,92.94333333333337,0.0050000000000000044,11.45,0,13,200
1217,232016,92.01000000000005,0.0,11.4,0,16,200
1218,232216,67.57999999999996,0.08999999999999997,11.43,0,22,200
1219,232416,82.21833333333338,0.050000000000000044,11.375,0,16,200
1220,232616,81.15166666666664,0.010000000000000009,11.305,0,30,200
1221,232816,78.70166666666667,0.030000000000000027,11.215,0,29,200
1222,233016,84.37000000000003,0.030000000000000027,11.16,0,22,200
1223,233216,84.98666666666666,0.015000000000000013,11.59,0,18,200
1224,233416,87.02833333333335,0.0,11.345,0,21,200
1225,233616,78.53333333333339,0.06499999999999995,11.09,0,20,200
1226,233816,82.03333333333336,0.05500000000000005,11.24,0,13,200
1227,234016,63.65166666666661,0.07499999999999996,11.335,0,32,200
1228,234216,81.37499999999993,0.03500000000000003,11.295,0,22,200
1229,234416,89.29166666666666,0.0050000000000000044,11.245,0,20,200
1230,234616,78.08333333333333,0.040000000000000036,11.3,0,24,200
1231,234816,90.65500000000004,0.010000000000000009,11.325,0,16,200
1232,235016,89.05500000000006,0.0050000000000000044,11.265,0,20,200
1233,235216,70.18000000000004,0.05500000000000005,11.22,0,32,200
1234,235416,82.84666666666672,0.025000000000000022,11.23,0,25,200
1235,235616,88.42166666666664,0.025000000000000022,11.215,0,16,200
1236,235816,80.78166666666668,0.010000000000000009,11.395,0,30,200
1237,236016,83.55166666666666,0.040000000000000036,11.365,0,16,200
1238,236216,80.4466666666667,0.0,10.93,0,41,200
1239,236416,78.25166666666667,0.020000000000000018,11.305,0,31,200
1240,236616,87.16166666666662,0.0,11.275,0,24,200
1241,236816,90.89000000000003,0.0050000000000000044,11.34,0,18,200
1242,237016,89.60833333333335,0.010000000000000009,11.435,0,15,200
1243,237216,88.96666666666673,0.020000000000000018,11.35,0,15,200
1244,237416,90.72000000000004,0.010000000000000009,11.67,0,10,200
1245,237616,83.22166666666669,0.020000000000000018,11.485,0,21,200
1246,237816,71.26666666666662,0.09499999999999997,11.41,0,16,200
1247,238016,93.73166666666665,0.0,11.455,0,13,200
1248,238216,82.75999999999999,0.040000000000000036,11.19,0,20,200
1249,238416,82.30333333333333,0.030000000000000027,11.51,0,19,200
1250,238616,83.6316666666667,0.0,11.485,0,27,200
1251,238816,89.70333333333336,0.0050000000000000044,11.45,0,16,200
1252,239016,84.81833333333329,0.0,11.435,0,28,200
1253,239216,81.54166666666671,0.04500000000000004,11.125,0,23,200
1254,239416,86.79833333333333,0.0,11.495,0,24,200
1255,239616,80.30166666666668,0.04500000000000004,11.395,0,20,200
1256,239816,84.82666666666665,0.0,11.23,0,29,200
1257,240016,78.87666666666671,0.025000000000000022,11.35,0,32,200
1258,240216,79.0033333333333,0.025000000000000022,11.27,0,29,200
1259,240416,82.23500000000001,0.010000000000000009,11.535,0,24,200
1260,240616,86.82000000000008,0.010000000000000009,11.46,0,18,200
1261,240816,89.67666666666663,0.0050000000000000044,11.38,0,18,200
1262,241016,81.9783333333334,0.0,11.405,0,29,200
1263,241216,66.76666666666662,0.07499999999999996,11.29,0,30,200
1264,241416,84.96499999999997,0.020000000000000018,11.385,0,21,200
1265,241616,88.45666666666672,0.010000000000000009,11.74,0,13,200
1266,241816,87.00833333333333,0.010000000000000009,11.495,0,18,200
1267,242016,89.20500000000004,0.0050000000000000044,11.385,0,19,200
1268,242216,84.94999999999997,0.020000000000000018,11.55,0,16,200
1269,242416,91.92166666666671,0.0,11.095,0,19,200
1270,242616,89.03333333333336,0.0050000000000000044,11.36,0,18,200
1271,242816,87.51666666666665,0.0050000000000000044,11.17,0,23,200
1272,243016,87.6166666666666,0.0,11.47,0,23,200
1273,243216,92.37666666666672,0.0,11.5,0,13,200
1274,243416,85.88500000000002,0.015000000000000013,11.445,0,18,200
1275,243616,90.095,0.0,11.475,0,20,200
1276,243816,80.72666666666662,0.040000000000000036,11.29,0,22,200
1277,244016,83.82166666666673,0.0050000000000000044,11.245,0,28,200
1278,244216,89.76499999999996,0.0,11.415,0,19,200
1279,244416,84.73666666666672,0.020000000000000018,11.41,0,19,200
1280,244616,86.24999999999997,0.0050000000000000044,11.52,0,20,200
1281,244816,76.3683333333333,0.06000000000000005,11.255,0,24,200
1282,245016,90.86999999999999,0.0,11.4,0,18,200
1283,245216,82.67500000000005,0.010000000000000009,11.565,0,23,200
1284,245416,80.00999999999996,0.040000000000000036,11.43,0,20,200
1285,245616,85.47166666666665,0.025000000000000022,11.455,0,15,200
1286,245816,88.03333333333342,0.015000000000000013,11.57,0,12,200
1287,246016,83.57833333333352,0.040000000000000036,11.555,0,11,200
1288,246216,90.32833333333338,0.0050000000000000044,11.315,0,16,200
1289,246416,88.91500000000006,0.0050000000000000044,11.625,0,13,200
1290,246616,88.79833333333335,0.0,11.285,0,24,200
1291,246816,90.61666666666666,0.0,11.32,0,20,200
1292,247016,81.44666666666669,0.030000000000000027,11.08,0,26,200
1293,247216,88.88333333333334,0.010000000000000009,11.39,0,19,200
1294,247416,88.25833333333334,0.025000000000000022,11.285,0,15,200
1295,247616,89.03333333333327,0.015000000000000013,11.42,0,15,200
1296,247816,90.1883333333334,0.010000000000000009,11.465,0,16,200
1297,248016,91.56999999999998,0.0,11.13,0,19,200
1298,248216,91.49000000000001,0.0,11.22,0,18,200
1299,248416,87.90000000000002,0.0,11.37,0,23,200
1300,248616,91.53,0.025000000000000022,11.28,0,11,200
1301,248816,79.11666666666666,0.025000000000000022,11.44,0,25,200
1302,249016,94.95500000000003,0.0,11.385,0,13,200
1303,249216,89.56666666666665,0.0,11.59,0,17,200
1304,249416,88.25333333333343,0.010000000000000009,11.24,0,21,200
1305,249616,92.59666666666668,0.0,11.35,0,16,200
1306,249816,89.38,0.020000000000000018,11.34,0,15,200
1307,250016,89.62000000000002,0.0,11.34,0,18,200
1308,250216,77.75333333333332,0.05500000000000005,10.91,0,26,200
1309,250416,91.7433333333334,0.0,11.54,0,12,200
1310,250616,86.15499999999983,0.015000000000000013,11.265,0,22,200
1311,250816,83.46833333333338,0.020000000000000018,11.465,0,18,200
1312,251016,69.85166666666669,0.07499999999999996,11.515,0,23,200
1313,251216,91.42666666666668,0.0050000000000000044,11.44,0,15,200
1314,251416,76.3033333333334,0.08499999999999996,11.51,0,11,200
1315,251616,84.76666666666674,0.0050000000000000044,11.23,0,28,200
1316,251816,64.55833333333342,0.07999999999999996,11.255,0,34,200
1317,252016,93.45000000000003,0.0,11.37,0,12,200
1318,252216,88.37999999999998,0.015000000000000013,11.43,0,15,200
1319,252416,79.50666666666675,0.025000000000000022,11.29,0,27,200
1320,252616,80.85166666666663,0.025000000000000022,11.065,0,29,200
1321,252816,72.19499999999996,0.05500000000000005,11.085,0,34,200
1322,253016,85.605,0.030000000000000027,11.325,0,17,200
1323,253216,86.89,0.010000000000000009,11.1,0,24,200
1324,253416,80.1766666666666,0.03500000000000003,11.26,0,24,200
1325,253616,83.66666666666667,0.03500000000000003,11.38,0,15,200
1326,253816,89.60833333333338,0.0,11.465,0,17,200
1327,254016,93.065,0.0,11.085,0,21,200
1328,254216,84.23833333333333,0.015000000000000013,11.255,0,26,200
1329,254416,81.44499999999996,0.03500000000000003,11.055,0,28,200
1330,254616,76.53000000000002,0.06499999999999995,10.98,0,24,200
1331,254816,85.34166666666673,0.010000000000000009,11.365,0,21,200
1332,255016,81.88166666666665,0.03500000000000003,11.185,0,25,200
1333,255216,93.82833333333333,0.0,11.375,0,11,200
1334,255416,81.945,0.030000000000000027,11.265,0,22,200
1335,255616,88.31000000000006,0.015000000000000013,10.92,0,22,200
1336,255816,83.43333333333332,0.03500000000000003,11.15,0,24,200
1337,256016,93.70666666666673,0.0,11.29,0,14,200
1338,256216,82.78666666666662,0.04500000000000004,11.14,0,19,200
1339,256416,90.04833333333335,0.0,11.015,0,24,200
1340,256616,87.51666666666668,0.020000000000000018,11.38,0,16,200
1341,256816,95.9433333333334,0.0050000000000000044,11.24,0,12,200
1342,257016,82.57499999999993,0.03500000000000003,11.355,0,20,200
1343,257216,95.35166666666679,0.0,11.335,0,12,200
1344,257416,94.2833333333334,0.0,11.18,0,15,200
1345,257616,94.95333333333329,0.0,11.33,0,12,200
1346,257816,80.21833333333329,0.03500000000000003,10.865,0,31,200
1347,258016,97.25833333333344,0.0,11.375,0,8,200
1348,258216,74.06666666666668,0.07499999999999996,11.26,0,22,200
1349,258416,89.13333333333328,0.0,11.09,0,23,200
1350,258616,87.60833333333328,0.03500000000000003,11.195,0,12,200
1351,258816,64.90833333333333,0.12,11.375,0,18,200
1352,259016,86.6366666666667,0.015000000000000013,10.99,0,27,200
1353,259216,92.85666666666668,0.0,11.29,0,16,200
1354,259416,93.74166666666673,0.0,11.275,0,14,200
1355,259616,79.99833333333338,0.05500000000000005,11.075,0,20,200
1356,259816,68.2983333333333,0.08499999999999996,10.925,0,32,200
1357,260016,84.49166666666667,0.05500000000000005,11.365,0,10,200
1358,260216,92.73666666666666,0.0050000000000000044,11.44,0,12,200
1359,260416,88.75666666666667,0.010000000000000009,11.38,0,17,200
1360,260616,85.01000000000003,0.050000000000000044,11.19,0,15,200
1361,260816,91.18333333333332,0.015000000000000013,11.15,0,15,200
1362,261016,91.39833333333334,0.010000000000000009,11.345,0,16,200
1363,261216,92.3033333333333,0.010000000000000009,11.27,0,17,200
1364,261416,95.43166666666669,0.0,11.455,0,9,200
1365,261616,92.75833333333333,0.0050000000000000044,11.375,0,13,200
1366,261816,96.12166666666668,0.0,11.365,0,10,200
1367,262016,85.55333333333331,0.040000000000000036,11.21,0,17,200
1368,262216,86.20833333333334,0.025000000000000022,11.285,0,19,200
1369,262416,88.46,0.0050000000000000044,11.28,0,22,200
1370,262616,89.9233333333333,0.020000000000000018,11.42,0,11,200
1371,262816,90.69500000000004,0.025000000000000022,11.265,0,11,200
1372,263016,89.8766666666667,0.010000000000000009,11.02,0,24,200
1373,263216,86.90166666666666,0.030000000000000027,11.035,0,21,200
1374,263416,91.15333333333332,0.0,11.06,0,19,200
1375,263616,92.52333333333338,0.0,11.18,0,16,200
1376,263816,88.29666666666667,0.020000000000000018,11.11,0,20,200
1377,264016,87.22666666666667,0.020000000000000018,11.35,0,16,200
1378,264216,95.98166666666667,0.0,11.335,0,11,200
1379,264416,90.3533333333333,0.0,11.21,0,21,200
1380,264616,67.1216666666667,0.10499999999999998,10.975,0,28,200
1381,264816,80.09500000000006,0.04500000000000004,11.385,0,18,200
1382,265016,90.28666666666663,0.0050000000000000044,11.17,0,20,200
1383,265216,80.79999999999997,0.06999999999999995,11.37,0,12,200
1384,265416,87.9383333333333,0.0050000000000000044,10.955,0,26,200
1385,265616,90.29333333333335,0.010000000000000009,11.24,0,22,200
1386,265816,89.45,0.010000000000000009,11.4,0,15,200
1387,266016,85.22333333333329,0.04500000000000004,11.09,0,18,200
1388,266216,96.4466666666666,0.0,11.23,0,14,200
1389,266416,81.745,0.06499999999999995,11.145,0,14,200
1390,266616,80.92333333333329,0.06000000000000005,11.09,0,18,200
1391,266816,88.88999999999996,0.020000000000000018,10.98,0,21,200
1392,267016,91.84166666666665,0.0,11.035,0,23,200
1393,267216,91.57999999999998,0.0050000000000000044,11.34,0,14,200
1394,267416,90.69166666666672,0.0050000000000000044,11.365,0,17,200
1395,267616,88.17333333333335,0.0050000000000000044,11.24,0,23,200
1396,267816,92.00333333333334,0.0,11.12,0,21,200
1397,268016,92.45833333333339,0.0050000000000000044,11.345,0,14,200
1398,268216,90.97833333333337,0.0,11.165,0,23,200
1399,268416,90.81333333333336,0.0050000000000000044,11.27,0,18,200
1400,268616,93.45333333333329,0.010000000000000009,11.12,0,16,200
1401,268816,77.10666666666665,0.06499999999999995,11.17,0,22,200
1402,269016,86.64500000000001,0.050000000000000044,11.235,0,11,200
1403,269216,93.53833333333333,0.0,11.405,0,11,200
1404,269416,76.8066666666667,0.07499999999999996,11.35,0,15,200
1405,269616,91.36000000000003,0.030000000000000027,11.28,0,9,200
1406,269816,90.91666666666669,0.010000000000000009,10.9,0,21,200
1407,270016,91.92500000000003,0.020000000000000018,11.355,0,10,200
1408,270216,88.50833333333341,0.0,11.195,0,24,200
1409,270416,90.45333333333339,0.015000000000000013,11.15,0,18,200
1410,270616,85.37833333333336,0.03500000000000003,11.225,0,18,200
1411,270816,62.58333333333332,0.125,11.27,0,24,200
1412,271016,92.64333333333337,0.0,11.18,0,17,200
1413,271216,87.34000000000005,0.010000000000000009,11.16,0,24,200
1414,271416,89.36000000000001,0.0,11.19,0,23,200
1415,271616,90.85500000000003,0.0050000000000000044,11.325,0,16,200
1416,271816,85.81333333333333,0.020000000000000018,11.09,0,24,200
1417,272016,78.12833333333337,0.06999999999999995,11.255,0,15,200
1418,272216,72.3816666666666,0.07999999999999996,11.065,0,27,200
1419,272416,92.0366666666667,0.0,11.35,0,14,200
1420,272616,89.86000000000008,0.015000000000000013,11.43,0,15,200
1421,272816,93.40000000000009,0.0050000000000000044,11.16,0,13,200
1422,273016,94.29333333333338,0.0,11.06,0,15,200
1423,273216,93.26833333333333,0.0,11.345,0,17,200
1424,273416,87.27499999999996,0.03500000000000003,11.325,0,14,200
1425,273616,85.70999999999998,0.025000000000000022,11.25,0,18,200
1426,273816,91.2416666666667,0.0,11.035,0,22,200
1427,274016,86.23333333333333,0.03500000000000003,11.09,0,19,200
1428,274216,90.10666666666667,0.020000000000000018,11.23,0,13,200
1429,274416,84.55499999999998,0.020000000000000018,11.085,0,24,200
1430,274616,87.08166666666666,0.040000000000000036,11.365,0,12,200
1431,274816,92.8966666666667,0.015000000000000013,11.14,0,13,200
1432,275016,96.56666666666668,0.0,11.2,0,11,200
1433,275216,87.93166666666666,0.03500000000000003,11.485,0,8,200
1434,275416,89.77999999999997,0.0,11.19,0,22,200
1435,275616,81.57166666666673,0.04500000000000004,11.275,0,20,200
1436,275816,90.47500000000007,0.010000000000000009,11.055,0,20,200
1437,276016,82.93333333333322,0.06000000000000005,10.91,0,18,200
1438,276216,87.50166666666661,0.015000000000000013,11.215,0,20,200
1439,276416,85.66999999999996,0.015000000000000013,11.28,0,21,200
1440,276616,82.72333333333344,0.04500000000000004,11.39,0,16,200
1441,276816,89.0083333333334,0.0,11.255,0,22,200
1442,277016,89.36500000000001,0.010000000000000009,11.025,0,22,200
1443,277216,88.96666666666665,0.0,11.14,0,25,200
1444,277416,85.75333333333332,0.0050000000000000044,11.09,0,30,200
1445,277616,97.81166666666664,0.0050000000000000044,11.275,0,8,200
1446,277816,90.86833333333335,0.015000000000000013,11.255,0,14,200
1447,278016,87.22666666666663,0.030000000000000027,11.2,0,19,200
1448,278216,94.3233333333334,0.0,11.39,0,14,200
1449,278416,81.13499999999995,0.040000000000000036,11.085,0,25,200
1450,278616,92.35333333333328,0.0050000000000000044,11.24,0,17,200
1451,278816,94.46833333333338,0.0,11.555,0,9,200
1452,279016,93.11333333333326,0.010000000000000009,11.09,0,16,200
1453,279216,91.85499999999993,0.025000000000000022,10.965,0,14,200
1454,279416,86.64500000000002,0.050000000000000044,11.115,0,12,200
1455,279616,89.92833333333333,0.025000000000000022,11.225,0,16,200
1456,279816,89.74166666666673,0.015000000000000013,11.305,0,16,200
1457,280016,91.93333333333338,0.0,11.24,0,16,200
1458,280216,77.8416666666667,0.06000000000000005,11.095,0,22,200
1459,280416,84.4533333333335,0.015000000000000013,11.45,0,20,200
1460,280616,90.54500000000004,0.0,11.325,0,19,200
1461,280816,97.30333333333327,0.0,11.12,0,14,200
1462,281016,87.53666666666662,0.020000000000000018,11.38,0,17,200
1463,281216,89.81833333333344,0.010000000000000009,11.615,0,10,200
1464,281416,92.26833333333336,0.0,11.375,0,18,200
1465,281616,96.01000000000006,0.0050000000000000044,11.37,0,9,200
1466,281816,90.98499999999994,0.0,11.265,0,19,200
1467,282016,91.80333333333331,0.0050000000000000044,11.33,0,17,200
1468,282216,79.67333333333335,0.03500000000000003,11.3,0,24,200
1469,282416,90.64833333333334,0.0050000000000000044,11.195,0,19,200
1470,282616,91.28333333333339,0.0050000000000000044,11.12,0,22,200
1471,282816,83.53333333333326,0.020000000000000018,11.36,0,24,200
1472,283016,87.7583333333334,0.03500000000000003,11.435,0,11,200
1473,283216,86.50333333333325,0.0050000000000000044,11.12,0,27,200
1474,283416,80.29499999999994,0.050000000000000044,11.355,0,19,200
1475,283616,87.32333333333335,0.020000000000000018,11.39,0,16,200
1476,283816,89.46833333333329,0.015000000000000013,11.375,0,16,200
1477,284016,94.07666666666661,0.0050000000000000044,11.41,0,11,200
1478,284216,96.3533333333334,0.0,11.36,0,9,200
1479,284416,85.3383333333334,0.020000000000000018,11.435,0,18,200
1480,284616,96.255,0.0,11.265,0,14,200
1481,284816,72.3133333333333,0.08999999999999997,11.48,0,17,200
1482,285016,90.41999999999997,0.0,11.4,0,19,200
1483,285216,89.77333333333338,0.015000000000000013,11.36,0,14,200
1484,285416,90.47000000000004,0.0,11.31,0,18,200
1485,285616,93.99833333333342,0.0,11.435,0,12,200
1486,285816,85.38833333333329,0.015000000000000013,11.285,0,24,200
1487,286016,90.12333333333333,0.015000000000000013,11.21,0,18,200
1488,286216,92.2883333333333,0.0,11.315,0,17,200
1489,286416,87.82000000000001,0.010000000000000009,11.31,0,20,200
1490,286616,87.48166666666673,0.05500000000000005,11.155,0,9,200
1491,286816,91.99000000000001,0.0,11.37,0,18,200
1492,287016,93.31333333333335,0.0,11.36,0,16,200
1493,287216,97.70666666666668,0.0,11.32,0,10,200
1494,287416,91.87166666666666,0.0050000000000000044,11.275,0,13,200
1495,287616,94.40166666666667,0.0050000000000000044,11.365,0,11,200
1496,287816,89.63333333333338,0.0050000000000000044,11.24,0,21,200
1497,288016,94.98833333333334,0.0,11.375,0,11,200
1498,288216,92.78333333333337,0.0,11.45,0,15,200
1499,288416,87.81999999999998,0.015000000000000013,11.16,0,23,200
1500,288616,95.02000000000007,0.0,11.25,0,12,200
1501,288816,79.95833333333326,0.025000000000000022,11.255,0,27,200
1502,289016,78.47000000000001,0.05500000000000005,11.43,0,19,200
1503,289216,87.67833333333337,0.0050000000000000044,11.615,0,17,200
1504,289416,86.83333333333329,0.010000000000000009,11.51,0,16,200
1505,289616,89.7100000000001,0.015000000000000013,11.52,0,12,200
1506,289816,89.37666666666671,0.0,11.23,0,24,200
1507,290016,85.6383333333334,0.03500000000000003,11.405,0,16,200
1508,290216,93.74999999999997,0.0,11.25,0,17,200
1509,290416,88.12500000000003,0.0050000000000000044,11.295,0,21,200
1510,290616,87.66999999999997,0.010000000000000009,11.1,0,25,200
1511,290816,96.55333333333336,0.0,11.21,0,11,200
1512,291016,90.23999999999998,0.0050000000000000044,11.52,0,14,200
1513,291216,89.74333333333333,0.0,11.42,0,20,200
1514,291416,83.24166666666679,0.040000000000000036,11.365,0,16,200
1515,291616,89.27666666666664,0.0050000000000000044,11.14,0,25,200
1516,291816,81.85833333333338,0.05500000000000005,11.525,0,12,200
1517,292016,95.28499999999994,0.0,11.295,0,14,200
1518,292216,91.1716666666667,0.010000000000000009,11.305,0,15,200
1519,292416,89.18000000000002,0.0050000000000000044,11.19,0,23,200
1520,292616,88.39333333333336,0.015000000000000013,11.21,0,19,200
1521,292816,73.84666666666669,0.06000000000000005,11.56,0,21,200
1522,293016,86.73499999999999,0.030000000000000027,11.445,0,12,200
1523,293216,96.5,0.0,11.25,0,11,200
1524,293416,68.43166666666667,0.10499999999999998,11.455,0,17,200
1525,293616,85.75999999999998,0.040000000000000036,10.8,0,22,200
1526,293816,88.83166666666668,0.0,11.275,0,21,200
1527,294016,97.10166666666672,0.010000000000000009,11.305,0,6,200
1528,294216,93.11333333333334,0.0,11.27,0,16,200
1529,294416,85.45499999999997,0.040000000000000036,11.415,0,11,200
1530,294616,93.35999999999999,0.0,11.25,0,17,200
1531,294816,87.27000000000002,0.020000000000000018,11.28,0,18,200
1532,295016,93.7416666666667,0.0,11.305,0,17,200
1533,295216,89.7816666666667,0.0,11.335,0,19,200
1534,295416,92.77166666666669,0.0,11.365,0,17,200
1535,295616,85.79499999999997,0.040000000000000036,11.385,0,15,200
1536,295816,88.82333333333335,0.010000000000000009,11.33,0,20,200
1537,296016,75.10166666666674,0.06999999999999995,11.065,0,23,200
1538,296216,95.65333333333338,0.0,11.3,0,10,200
1539,296416,89.23333333333335,0.0,11.36,0,20,200
1540,296616,92.55999999999993,0.010000000000000009,11.13,0,15,200
1541,296816,89.535,0.015000000000000013,11.325,0,19,200
1542,297016,91.63333333333338,0.0,11.3,0,19,200
1543,297216,92.99666666666674,0.0050000000000000044,11.41,0,15,200
1544,297416,93.04499999999997,0.010000000000000009,11.265,0,14,200
1545,297616,86.16833333333335,0.020000000000000018,11.195,0,22,200
1546,297816,93.18166666666669,0.0050000000000000044,11.425,0,14,200
1547,298016,94.42000000000004,0.0,11.25,0,17,200
1548,298216,86.4916666666667,0.020000000000000018,11.335,0,20,200
1549,298416,93.95999999999994,0.0,11.37,0,14,200
1550,298616,87.72833333333332,0.015000000000000013,11.525,0,17,200
1551,298816,88.12833333333333,0.010000000000000009,11.465,0,20,200
1552,299016,95.81166666666674,0.0,11.455,0,10,200
1553,299216,91.70166666666671,0.010000000000000009,11.335,0,15,200
1554,299416,94.69,0.0,11.37,0,13,200
1555,299616,95.30166666666673,0.010000000000000009,11.515,0,6,200
1556,299816,80.47666666666669,0.05500000000000005,11.26,0,18,200
1557,300016,93.71833333333343,0.0050000000000000044,11.495,0,11,200
1558,300216,85.80000000000003,0.025000000000000022,11.4,0,18,200
1559,300416,90.31500000000001,0.0,11.295,0,20,200
1560,300616,90.97333333333337,0.015000000000000013,11.39,0,14,200
1561,300816,89.30333333333336,0.010000000000000009,11.45,0,19,200
1562,301016,93.05333333333333,0.0050000000000000044,11.36,0,14,200
1563,301216,92.82833333333338,0.0,11.405,0,16,200
1564,301416,96.03500000000005,0.0,11.355,0,11,200
1565,301616,85.3516666666667,0.03500000000000003,11.455,0,17,200
1566,301816,90.51500000000001,0.0050000000000000044,11.325,0,17,200
1567,302016,85.935,0.025000000000000022,11.295,0,19,200
1568,302216,91.82666666666675,0.010000000000000009,11.35,0,17,200
1569,302416,79.46166666666664,0.04500000000000004,11.305,0,24,200
1570,302616,88.9833333333334,0.015000000000000013,11.36,0,16,200
1571,302816,97.24000000000005,0.0,11.43,0,7,200
1572,303016,84.62833333333334,0.05500000000000005,11.315,0,13,200
1573,303216,91.95000000000003,0.015000000000000013,11.43,0,12,200
1574,303416,91.72166666666674,0.015000000000000013,11.305,0,13,200
1575,303616,94.9483333333333,0.0,11.315,0,13,200
1576,303816,83.66333333333331,0.06499999999999995,11.03,0,12,200
1577,304016,76.16333333333334,0.07999999999999996,11.45,0,16,200
1578,304216,91.52833333333328,0.010000000000000009,11.285,0,17,200
1579,304416,92.61000000000004,0.0,11.43,0,16,200
1580,304616,81.23833333333334,0.06000000000000005,11.405,0,15,200
1581,304816,87.64666666666669,0.020000000000000018,11.2,0,18,200
1582,305016,96.54333333333338,0.0,11.24,0,12,200
1583,305216,93.9533333333333,0.010000000000000009,11.36,0,11,200
1584,305416,92.02166666666668,0.025000000000000022,11.335,0,11,200
1585,305616,95.25833333333338,0.0050000000000000044,11.105,0,15,200
1586,305816,90.63,0.025000000000000022,11.16,0,15,200
1587,306016,91.13000000000001,0.0050000000000000044,11.37,0,17,200
1588,306216,86.32166666666669,0.03500000000000003,11.305,0,16,200
1589,306416,88.07166666666669,0.015000000000000013,11.275,0,19,200
1590,306616,89.5816666666667,0.040000000000000036,11.305,0,9,200
1591,306816,89.81833333333334,0.030000000000000027,10.895,0,18,200
1592,307016,86.62333333333333,0.03500000000000003,11.27,0,20,200
1593,307216,95.26499999999999,0.0,11.295,0,13,200
1594,307416,88.85499999999993,0.030000000000000027,11.205,0,16,200
1595,307616,88.97666666666673,0.0,11.56,0,18,200
1596,307816,82.96999999999997,0.025000000000000022,11.22,0,28,200
1597,308016,89.64833333333334,0.015000000000000013,11.255,0,16,200
1598,308216,93.94166666666666,0.0,11.395,0,13,200
1599,308416,91.89833333333337,0.0,11.285,0,17,200
1600,308616,93.29500000000003,0.010000000000000009,11.445,0,11,200
1601,308816,80.8683333333333,0.06999999999999995,11.555,0,9,200
1602,309016,92.37499999999993,0.0,11.115,0,18,200
1603,309216,86.68833333333343,0.040000000000000036,11.195,0,16,200
1604,309416,92.02166666666666,0.0,11.365,0,15,200
1605,309616,87.955,0.020000000000000018,11.295,0,21,200
1606,309816,91.1166666666666,0.0,11.29,0,18,200
1607,310016,87.45833333333337,0.020000000000000018,11.345,0,19,200
1608,310216,90.97666666666669,0.0050000000000000044,11.44,0,15,200
1609,310416,91.78166666666677,0.020000000000000018,11.425,0,9,200
1610,310616,93.94000000000003,0.0,11.13,0,16,200
1611,310816,97.83666666666669,0.0050000000000000044,11.32,0,6,200
1612,311016,93.09999999999998,0.0,11.22,0,14,200
1613,311216,92.66833333333331,0.010000000000000009,11.345,0,13,200
1614,311416,97.94833333333351,0.0050000000000000044,11.285,0,8,200
1615,311616,94.19666666666672,0.0,11.44,0,13,200
1616,311816,87.76833333333333,0.015000000000000013,11.315,0,19,200
1617,312016,90.57500000000002,0.020000000000000018,11.475,0,9,200
1618,312216,92.6133333333334,0.0050000000000000044,11.39,0,14,200
1619,312416,89.90500000000006,0.010000000000000009,11.505,0,14,200
1620,312616,95.2566666666666,0.0,11.26,0,17,200
1621,312816,92.61833333333331,0.0,11.375,0,14,200
1622,313016,88.96499999999996,0.020000000000000018,11.295,0,19,200
1623,313216,94.21500000000003,0.0,11.355,0,13,200
1624,313416,91.10166666666666,0.020000000000000018,11.395,0,14,200
1625,313616,87.71499999999996,0.010000000000000009,11.415,0,19,200
1626,313816,80.5383333333333,0.06499999999999995,11.255,0,15,200
1627,314016,87.85500000000009,0.0050000000000000044,11.445,0,20,200
1628,314216,95.11500000000004,0.0,11.325,0,11,200
1629,314416,90.45833333333327,0.0050000000000000044,11.015,0,22,200
1630,314616,96.19499999999998,0.0,10.875,0,19,200
1631,314816,95.11833333333333,0.0050000000000000044,11.045,0,17,200
1632,315016,90.18166666666657,0.020000000000000018,10.885,0,22,200
1633,315216,85.12666666666657,0.010000000000000009,11.11,0,31,200
1634,315416,82.90666666666667,0.03500000000000003,11.17,0,24,200
1635,315616,90.87333333333332,0.0,11.18,0,25,200
1636,315816,88.52833333333334,0.0,11.045,0,28,200
1637,316016,87.53333333333332,0.0050000000000000044,11.12,0,27,200
1638,316216,89.83000000000001,0.0050000000000000044,10.89,0,29,200
1639,316416,94.18500000000002,0.0,11.055,0,20,200
1640,316616,89.13166666666669,0.015000000000000013,11.275,0,19,200
1641,316816,100.64000000000001,0.0,11.22,0,8,200
1642,317016,99.83666666666673,0.0050000000000000044,11.05,0,8,200
1643,317216,94.275,0.0050000000000000044,10.965,0,19,200
1644,317416,92.88666666666666,0.0,11.26,0,18,200
1645,317616,97.92999999999996,0.0,11.4,0,8,200
1646,317816,91.52166666666682,0.020000000000000018,11.305,0,13,200
1647,318016,93.21333333333332,0.015000000000000013,11.24,0,11,200
1648,318216,94.0466666666666,0.015000000000000013,11.11,0,15,200
1649,318416,90.75000000000003,0.010000000000000009,11.37,0,16,200
1650,318616,92.84500000000001,0.010000000000000009,11.355,0,13,200
1651,318816,100.39333333333337,0.0,11.12,0,7,200
1652,319016,95.50333333333329,0.025000000000000022,11.03,0,9,200
1653,319216,92.90833333333343,0.010000000000000009,11.165,0,16,200
1654,319416,95.15999999999995,0.010000000000000009,11.19,0,12,200
1655,319616,89.91000000000008,0.015000000000000013,11.28,0,17,200
1656,319816,87.09499999999994,0.020000000000000018,11.205,0,21,200
1657,320016,98.36500000000002,0.0,10.965,0,12,200
1658,320216,93.57500000000007,0.015000000000000013,11.205,0,14,200
1659,320416,85.72999999999998,0.025000000000000022,11.16,0,21,200
1660,320616,92.77499999999995,0.0,11.115,0,21,200
1661,320816,91.19333333333341,0.0,11.36,0,18,200
1662,321016,92.7883333333333,0.010000000000000009,11.255,0,15,200
1663,321216,90.6216666666667,0.020000000000000018,11.125,0,18,200
1664,321416,86.54333333333331,0.025000000000000022,11.27,0,20,200
1665,321616,86.9816666666667,0.040000000000000036,11.125,0,18,200
1666,321816,89.45166666666672,0.015000000000000013,11.185,0,19,200
1667,322016,92.68833333333333,0.0,11.285,0,17,200
1668,322216,95.62166666666677,0.015000000000000013,11.365,0,6,200
1669,322416,90.57000000000006,0.020000000000000018,11.43,0,14,200
1670,322616,91.51,0.010000000000000009,11.19,0,16,200
1671,322816,66.36000000000003,0.11499999999999999,11.16,0,25,200
1672,323016,93.25999999999999,0.010000000000000009,11.1,0,16,200
1673,323216,86.16666666666671,0.010000000000000009,11.17,0,27,200
1674,323416,94.11,0.0050000000000000044,11.55,0,11,200
1675,323616,82.55499999999995,0.04500000000000004,11.235,0,17,200
1676,323816,91.2033333333333,0.0,11.18,0,20,200
1677,324016,83.43999999999996,0.04500000000000004,11.13,0,20,200
1678,324216,85.67166666666677,0.025000000000000022,11.335,0,18,200
1679,324416,95.77166666666682,0.010000000000000009,11.215,0,9,200
1680,324616,91.21833333333329,0.0050000000000000044,11.345,0,17,200
1681,324816,97.79333333333334,0.0,11.21,0,10,200
1682,325016,98.02166666666675,0.0,11.305,0,9,200
1683,325216,91.3183333333334,0.010000000000000009,11.255,0,18,200
1684,325416,93.3516666666667,0.0,11.365,0,13,200
1685,325616,85.02499999999996,0.040000000000000036,11.445,0,13,200
1686,325816,86.9066666666667,0.030000000000000027,11.35,0,18,200
1687,326016,94.22166666666675,0.0,10.975,0,19,200
1688,326216,94.54166666666676,0.0050000000000000044,11.005,0,17,200
1689,326416,88.42500000000003,0.0050000000000000044,11.025,0,27,200
1690,326616,92.07166666666663,0.0050000000000000044,11.065,0,20,200
1691,326816,86.38833333333335,0.030000000000000027,11.285,0,19,200
1692,327016,85.51333333333329,0.0050000000000000044,11.0,0,32,200
1693,327216,92.19833333333331,0.0,10.955,0,25,200
1694,327416,80.91166666666673,0.040000000000000036,10.885,0,30,200
1695,327616,89.08166666666669,0.020000000000000018,11.125,0,19,200
1696,327816,91.28000000000002,0.0050000000000000044,10.98,0,22,200
1697,328016,93.7733333333334,0.0,11.06,0,19,200
1698,328216,90.23333333333338,0.010000000000000009,11.21,0,18,200
1699,328416,97.22500000000004,0.0,11.115,0,13,200
1700,328616,99.61000000000006,0.0,11.34,0,5,200
1701,328816,89.36666666666669,0.015000000000000013,11.26,0,17,200
1702,329016,88.24999999999993,0.0050000000000000044,11.13,0,26,200
1703,329216,88.4500000000001,0.025000000000000022,11.34,0,15,200
1704,329416,91.79500000000007,0.020000000000000018,11.355,0,11,200
1705,329616,90.02666666666667,0.010000000000000009,11.11,0,21,200
1706,329816,92.53333333333346,0.0050000000000000044,11.36,0,15,200
1707,330016,96.49500000000008,0.0050000000000000044,10.935,0,16,200
1708,330216,95.34999999999998,0.0,11.25,0,15,200
1709,330416,81.29500000000006,0.06000000000000005,11.265,0,16,200
1710,330616,92.20833333333331,0.010000000000000009,11.165,0,17,200
1711,330816,90.90000000000008,0.015000000000000013,10.86,0,24,200
1712,331016,72.5933333333333,0.07999999999999996,11.09,0,25,200
1713,331216,92.72166666666668,0.0050000000000000044,11.395,0,13,200
1714,331416,88.17333333333336,0.010000000000000009,11.21,0,22,200
1715,331616,87.295,0.015000000000000013,11.235,0,20,200
1716,331816,79.59333333333328,0.030000000000000027,10.94,0,35,200
1717,332016,90.53166666666674,0.015000000000000013,10.885,0,23,200
1718,332216,88.71833333333335,0.010000000000000009,10.895,0,30,200
1719,332416,84.97,0.010000000000000009,10.77,0,36,200
1720,332616,81.43999999999996,0.0050000000000000044,10.77,0,43,200
1721,332816,82.37000000000006,0.025000000000000022,11.28,0,23,200
1722,333016,91.79500000000013,0.015000000000000013,11.175,0,16,200
1723,333216,95.2066666666666,0.0,11.08,0,17,200
1724,333416,95.7666666666667,0.0,11.23,0,12,200
1725,333616,98.10666666666668,0.0050000000000000044,11.29,0,7,200
1726,333816,96.75333333333336,0.0,11.36,0,9,200
1727,334016,96.79666666666675,0.0,11.38,0,9,200
1728,334216,94.86333333333343,0.0,11.27,0,14,200
1729,334416,92.01666666666671,0.0,11.44,0,16,200
1730,334616,93.5,0.0,11.22,0,19,200
1731,334816,94.73666666666665,0.0,11.23,0,15,200
1732,335016,96.14166666666671,0.010000000000000009,11.215,0,9,200
1733,335216,83.23,0.07499999999999996,11.34,0,6,200
1734,335416,86.7316666666667,0.025000000000000022,11.155,0,21,200
1735,335616,89.54999999999997,0.0,11.37,0,17,200
1736,335816,94.12500000000003,0.0050000000000000044,11.055,0,17,200
1737,336016,96.26166666666681,0.0050000000000000044,11.155,0,11,200
1738,336216,63.75333333333339,0.14500000000000002,11.24,0,16,200
1739,336416,69.43499999999995,0.10999999999999999,11.385,0,15,200
1740,336616,99.31166666666662,0.0050000000000000044,11.185,0,6,200
1741,336816,95.57000000000006,0.0050000000000000044,11.37,0,11,200
1742,337016,97.54166666666679,0.010000000000000009,11.245,0,10,200
1743,337216,102.3750000000002,0.0,11.055,0,6,200
1744,337416,94.00000000000007,0.010000000000000009,11.13,0,12,200
1745,337616,98.04166666666676,0.0,11.185,0,12,200
1746,337816,91.1333333333334,0.020000000000000018,11.36,0,10,200
1747,338016,94.82333333333342,0.025000000000000022,11.24,0,6,200
1748,338216,77.91500000000003,0.05500000000000005,11.445,0,19,200
1749,338416,74.8416666666666,0.09499999999999997,11.395,0,15,200
1750,338616,97.15999999999983,0.010000000000000009,11.22,0,8,200
1751,338816,92.9166666666667,0.030000000000000027,11.23,0,10,200
1752,339016,97.61666666666669,0.0,11.53,0,5,200
1753,339216,94.28166666666667,0.015000000000000013,11.365,0,8,200
1754,339416,98.02666666666671,0.0,11.23,0,11,200
1755,339616,83.10500000000019,0.06000000000000005,11.625,0,6,200
1756,339816,93.36333333333339,0.0,11.09,0,21,200
1757,340016,89.14500000000002,0.020000000000000018,11.085,0,17,200
1758,340216,88.0383333333333,0.030000000000000027,10.895,0,21,200
1759,340416,84.21999999999994,0.050000000000000044,10.86,0,22,200
1760,340616,95.76333333333334,0.0,10.94,0,18,200
1761,340816,80.91833333333334,0.03500000000000003,10.865,0,31,200
1762,341016,88.52999999999989,0.025000000000000022,11.1,0,18,200
1763,341216,93.08166666666682,0.0050000000000000044,11.335,0,17,200
1764,341416,93.77833333333338,0.020000000000000018,11.165,0,10,200
1765,341616,96.81833333333333,0.0,11.255,0,11,200
1766,341816,95.68333333333335,0.0,11.24,0,13,200
1767,342016,97.63333333333341,0.0,11.42,0,7,200
1768,342216,97.37166666666677,0.0050000000000000044,11.395,0,5,200
1769,342416,96.41166666666678,0.015000000000000013,11.245,0,8,200
1770,342616,94.9616666666668,0.0050000000000000044,11.455,0,7,200
1771,342816,99.98333333333336,0.0,11.27,0,6,200
1772,343016,97.27500000000002,0.0050000000000000044,11.385,0,5,200
1773,343216,90.50833333333331,0.015000000000000013,11.255,0,17,200
1774,343416,95.52666666666669,0.0,11.23,0,12,200
1775,343616,96.08166666666666,0.010000000000000009,11.185,0,10,200
1776,343816,90.02166666666673,0.010000000000000009,11.515,0,14,200
1777,344016,84.46833333333333,0.040000000000000036,11.375,0,16,200
1778,344216,96.35666666666664,0.0,11.32,0,11,200
1779,344416,83.32166666666676,0.06999999999999995,11.395,0,7,200
1780,344616,96.53666666666666,0.010000000000000009,11.32,0,9,200
1781,344816,97.53999999999996,0.010000000000000009,11.46,0,5,200
1782,345016,93.64833333333335,0.0,11.285,0,15,200
1783,345216,95.6566666666667,0.010000000000000009,11.32,0,9,200
1784,345416,85.81166666666671,0.010000000000000009,11.215,0,23,200
1785,345616,95.92500000000011,0.015000000000000013,11.175,0,10,200
1786,345816,95.64000000000007,0.0050000000000000044,11.34,0,9,200
1787,346016,88.95833333333348,0.025000000000000022,11.495,0,11,200
1788,346216,89.81500000000004,0.025000000000000022,11.265,0,14,200
1789,346416,88.02666666666664,0.020000000000000018,11.26,0,18,200
1790,346616,78.76833333333342,0.07499999999999996,11.345,0,16,200
1791,346816,98.24666666666674,0.0,11.35,0,6,200
1792,347016,89.79500000000004,0.03500000000000003,11.145,0,14,200
1793,347216,90.76333333333342,0.020000000000000018,11.3,0,15,200
1794,347416,99.12333333333339,0.0,11.21,0,10,200
1795,347616,98.67666666666662,0.0,11.32,0,7,200
1796,347816,90.76166666666668,0.025000000000000022,11.275,0,11,200
1797,348016,82.83833333333341,0.04500000000000004,11.195,0,17,200
1798,348216,91.49333333333337,0.010000000000000009,11.42,0,12,200
1799,348416,89.36999999999999,0.0050000000000000044,11.28,0,19,200
1800,348616,81.86999999999999,0.06999999999999995,11.1,0,15,200
1801,348816,99.7383333333334,0.0,11.225,0,8,200
1802,349016,96.6016666666667,0.0,11.005,0,12,200
1803,349216,98.34000000000005,0.0,11.22,0,10,200
1804,349416,85.85000000000001,0.040000000000000036,11.52,0,13,200
1805,349616,98.74333333333345,0.0,11.33,0,7,200
1806,349816,80.78333333333332,0.06999999999999995,11.12,0,16,200
1807,350016,89.85666666666663,0.020000000000000018,11.11,0,18,200
1808,350216,99.75000000000013,0.0050000000000000044,11.25,0,6,200
1809,350416,83.10833333333336,0.06000000000000005,11.045,0,17,200
1810,350616,95.76833333333335,0.0050000000000000044,11.255,0,12,200
1811,350816,96.1750000000001,0.010000000000000009,11.235,0,9,200
1812,351016,99.305,0.0,11.115,0,10,200
1813,351216,77.75833333333331,0.08499999999999996,11.285,0,13,200
1814,351416,96.58333333333337,0.015000000000000013,11.21,0,6,200
1815,351616,94.94500000000005,0.0050000000000000044,11.175,0,12,200
1816,351816,89.88833333333338,0.010000000000000009,11.225,0,16,200
1817,352016,90.38333333333338,0.015000000000000013,11.36,0,13,200
1818,352216,94.97666666666672,0.0050000000000000044,11.29,0,12,200
1819,352416,95.62333333333333,0.020000000000000018,11.21,0,8,200
1820,352616,91.22666666666662,0.0050000000000000044,10.9,0,22,200
1821,352816,90.30000000000003,0.0,11.01,0,27,200
1822,353016,82.8966666666667,0.06000000000000005,11.14,0,15,200
1823,353216,96.3233333333333,0.0,10.97,0,19,200
1824,353416,93.8483333333334,0.020000000000000018,11.195,0,11,200
1825,353616,90.6250000000001,0.025000000000000022,11.025,0,18,200
1826,353816,92.8766666666667,0.010000000000000009,10.96,0,19,200
1827,354016,90.5316666666667,0.020000000000000018,10.825,0,22,200
1828,354216,83.3633333333334,0.05500000000000005,11.12,0,20,200
1829,354416,88.2933333333333,0.025000000000000022,11.03,0,22,200
1830,354616,84.8,0.040000000000000036,11.28,0,18,200
1831,354816,95.47833333333337,0.010000000000000009,11.315,0,11,200
1832,355016,91.62666666666671,0.020000000000000018,11.32,0,11,200
1833,355216,72.20833333333334,0.08999999999999997,11.225,0,20,200
1834,355416,96.89333333333335,0.0,11.48,0,7,200
1835,355616,97.94166666666672,0.0,11.245,0,10,200
1836,355816,93.09000000000003,0.015000000000000013,11.28,0,12,200
1837,356016,91.73500000000007,0.015000000000000013,11.145,0,17,200
1838,356216,76.56499999999998,0.08499999999999996,11.145,0,19,200
1839,356416,99.92000000000002,0.0,11.25,0,7,200
1840,356616,92.86500000000005,0.030000000000000027,11.325,0,8,200
1841,356816,100.03999999999998,0.0,11.13,0,9,200
1842,357016,94.07166666666679,0.0050000000000000044,11.305,0,10,200
1843,357216,99.44500000000004,0.0,11.085,0,11,200
1844,357416,96.18000000000008,0.0050000000000000044,11.34,0,10,200
1845,357616,87.94999999999985,0.025000000000000022,11.19,0,19,200
1846,357816,83.93166666666666,0.03500000000000003,11.335,0,18,200
1847,358016,91.99,0.0050000000000000044,11.01,0,23,200
1848,358216,89.30833333333338,0.010000000000000009,11.045,0,25,200
1849,358416,87.69000000000007,0.015000000000000013,10.98,0,24,200
1850,358616,95.15833333333343,0.0,11.045,0,19,200
1851,358816,92.31666666666678,0.020000000000000018,11.2,0,14,200
1852,359016,94.08000000000006,0.0,11.13,0,17,200
1853,359216,94.29500000000009,0.0,11.145,0,17,200
1854,359416,80.48333333333342,0.050000000000000044,10.91,0,25,200
1855,359616,90.14000000000001,0.020000000000000018,10.8,0,21,200
1856,359816,94.90499999999999,0.0050000000000000044,11.115,0,15,200
1857,360016,95.46166666666672,0.0,10.975,0,19,200
1858,360216,99.16833333333346,0.0,11.015,0,11,200
1859,360416,75.87666666666672,0.07499999999999996,11.32,0,20,200
1860,360616,87.28833333333338,0.030000000000000027,10.985,0,20,200
1861,360816,96.20833333333333,0.0050000000000000044,11.075,0,13,200
1862,361016,91.53000000000002,0.020000000000000018,11.1,0,16,200
1863,361216,90.35000000000001,0.015000000000000013,10.98,0,20,200
1864,361416,92.48000000000009,0.010000000000000009,11.31,0,14,200
1865,361616,100.82000000000014,0.0,11.04,0,9,200
1866,361816,98.94666666666677,0.0,11.2,0,8,200
1867,362016,101.43333333333338,0.0,11.06,0,8,200
1868,362216,92.89833333333347,0.015000000000000013,11.315,0,10,200
1869,362416,96.655,0.0050000000000000044,11.205,0,10,200
1870,362616,101.22833333333351,0.0,11.255,0,4,200
1871,362816,93.2033333333333,0.020000000000000018,11.09,0,12,200
1872,363016,87.30166666666669,0.03500000000000003,11.335,0,12,200
1873,363216,93.74666666666674,0.010000000000000009,11.2,0,13,200
1874,363416,93.58833333333342,0.0050000000000000044,11.255,0,15,200
1875,363616,98.66833333333335,0.0,11.345,0,8,200
1876,363816,94.86333333333341,0.020000000000000018,11.33,0,7,200
1877,364016,86.49833333333336,0.03500000000000003,11.285,0,15,200
1878,364216,92.07,0.020000000000000018,11.16,0,12,200
1879,364416,93.73166666666675,0.025000000000000022,11.155,0,9,200
1880,364616,99.5283333333333,0.0,11.285,0,6,200
1881,364816,93.84666666666669,0.0,11.11,0,18,200
1882,365016,91.19333333333337,0.03500000000000003,11.18,0,10,200
1883,365216,93.4783333333334,0.020000000000000018,11.225,0,11,200
1884,365416,100.79166666666666,0.0,11.215,0,6,200
1885,365616,89.15666666666672,0.05500000000000005,10.99,0,11,200
1886,365816,99.79500000000002,0.0,11.355,0,4,200
1887,366016,94.54166666666671,0.020000000000000018,11.155,0,9,200
1888,366216,81.30833333333338,0.06499999999999995,11.285,0,14,200
1889,366416,70.4583333333333,0.11499999999999999,11.135,0,18,200
1890,366616,97.95000000000003,0.0,11.37,0,8,200
1891,366816,91.47166666666664,0.015000000000000013,11.305,0,14,200
1892,367016,88.0083333333334,0.04500000000000004,11.195,0,11,200
1893,367216,98.00166666666672,0.0,11.305,0,7,200
1894,367416,97.83333333333337,0.0050000000000000044,11.12,0,12,200
1895,367616,90.87333333333343,0.03500000000000003,11.15,0,12,200
1896,367816,98.66666666666679,0.0050000000000000044,11.26,0,9,200
1897,368016,87.84333333333342,0.040000000000000036,11.15,0,14,200
1898,368216,94.85000000000008,0.025000000000000022,11.28,0,7,200
1899,368416,94.08166666666683,0.015000000000000013,11.305,0,11,200
1900,368616,93.89166666666681,0.015000000000000013,11.125,0,12,200
1901,368816,81.56000000000006,0.07499999999999996,11.37,0,8,200
1902,369016,95.83333333333336,0.0,11.09,0,17,200
1903,369216,99.52500000000009,0.0,10.995,0,11,200
1904,369416,79.48833333333332,0.06000000000000005,11.105,0,21,200
1905,369616,94.14999999999993,0.015000000000000013,11.07,0,15,200
1906,369816,88.81833333333338,0.030000000000000027,11.075,0,17,200
1907,370016,98.99000000000001,0.0,10.95,0,14,200
1908,370216,97.19666666666674,0.0,11.05,0,15,200
1909,370416,94.00000000000003,0.0,10.95,0,19,200
1910,370616,93.02166666666675,0.010000000000000009,11.095,0,18,200
1911,370816,92.67500000000005,0.010000000000000009,11.055,0,19,200
1912,371016,96.10166666666674,0.0,11.155,0,14,200
1913,371216,91.33833333333337,0.015000000000000013,11.015,0,18,200
1914,371416,95.10166666666663,0.0,10.945,0,19,200
1915,371616,95.04500000000013,0.020000000000000018,11.235,0,8,200
1916,371816,94.09999999999998,0.0,11.01,0,17,200
1917,372016,95.29166666666677,0.015000000000000013,11.005,0,14,200
1918,372216,84.99333333333334,0.040000000000000036,11.12,0,22,200
1919,372416,96.78166666666677,0.0,11.335,0,11,200
1920,372616,92.10500000000002,0.040000000000000036,11.175,0,7,200
1921,372816,84.45833333333337,0.06499999999999995,11.165,0,11,200
1922,373016,93.29833333333337,0.015000000000000013,11.105,0,14,200
1923,373216,99.14500000000007,0.0,11.115,0,10,200
1924,373416,99.49333333333331,0.010000000000000009,10.94,0,9,200
1925,373616,98.03833333333341,0.0050000000000000044,11.135,0,9,200
1926,373816,81.75666666666665,0.06499999999999995,11.26,0,16,200
1927,374016,92.36833333333337,0.020000000000000018,11.405,0,9,200
1928,374216,95.675,0.015000000000000013,11.175,0,8,200
1929,374416,88.46666666666674,0.050000000000000044,11.2,0,10,200
1930,374616,98.78000000000004,0.0,11.28,0,9,200
1931,374816,92.17166666666664,0.025000000000000022,11.125,0,13,200
1932,375016,99.67499999999998,0.0050000000000000044,11.175,0,6,200
1933,375216,95.29833333333329,0.0050000000000000044,11.255,0,11,200
1934,375416,77.8933333333334,0.07999999999999996,11.0,0,17,200
1935,375616,97.84000000000002,0.010000000000000009,11.25,0,8,200
1936,375816,92.05333333333331,0.0,11.21,0,18,200
1937,376016,92.00166666666662,0.015000000000000013,11.185,0,14,200
1938,376216,94.83500000000016,0.0,11.145,0,17,200
1939,376416,95.805,0.010000000000000009,11.505,0,4,200
1940,376616,90.8933333333334,0.03500000000000003,11.21,0,12,200
1941,376816,94.83000000000006,0.030000000000000027,11.31,0,4,200
1942,377016,92.43166666666662,0.025000000000000022,11.245,0,10,200
1943,377216,95.24000000000001,0.0050000000000000044,11.43,0,10,200
1944,377416,85.5750000000001,0.03500000000000003,11.445,0,13,200
1945,377616,94.32333333333344,0.0,11.15,0,16,200
1946,377816,92.1016666666666,0.015000000000000013,11.125,0,17,200
1947,378016,95.8316666666667,0.0,11.065,0,15,200
1948,378216,90.44333333333346,0.015000000000000013,11.27,0,18,200
1949,378416,96.9616666666667,0.010000000000000009,11.095,0,11,200
1950,378616,94.30499999999995,0.0050000000000000044,10.995,0,18,200
1951,378816,96.4383333333333,0.0,10.865,0,20,200
1952,379016,95.24500000000009,0.0050000000000000044,11.175,0,16,200
1953,379216,92.96333333333347,0.015000000000000013,11.27,0,13,200
1954,379416,97.79333333333332,0.0,11.03,0,14,200
1955,379616,93.29000000000009,0.015000000000000013,10.92,0,17,200
1956,379816,91.59166666666678,0.0050000000000000044,11.095,0,21,200
1957,380016,95.19333333333326,0.010000000000000009,10.88,0,17,200
1958,380216,95.54500000000016,0.010000000000000009,11.085,0,13,200
1959,380416,94.4616666666667,0.0,10.885,0,20,200
1960,380616,96.69,0.0,10.89,0,18,200
1961,380816,100.5733333333334,0.0,10.94,0,11,200
1962,381016,101.3666666666668,0.0,10.9,0,9,200
1963,381216,94.3483333333334,0.015000000000000013,11.015,0,15,200
1964,381416,93.47500000000012,0.010000000000000009,11.085,0,16,200
1965,381616,93.43666666666671,0.025000000000000022,10.81,0,15,200
1966,381816,93.4749999999999,0.020000000000000018,10.965,0,15,200
1967,382016,85.82500000000006,0.03500000000000003,10.935,0,24,200
1968,382216,81.89333333333323,0.05500000000000005,11.03,0,20,200
1969,382416,89.93999999999993,0.030000000000000027,10.92,0,17,200
1970,382616,98.41833333333341,0.0,11.045,0,12,200
1971,382816,91.71166666666674,0.020000000000000018,11.065,0,15,200
1972,383016,88.88666666666673,0.0050000000000000044,11.05,0,27,200
1973,383216,98.09499999999991,0.0050000000000000044,10.995,0,13,200
1974,383416,92.92500000000013,0.0,10.935,0,26,200
1975,383616,82.63333333333327,0.050000000000000044,11.21,0,22,200
1976,383816,89.84499999999996,0.040000000000000036,11.055,0,13,200
1977,384016,97.53333333333347,0.020000000000000018,10.88,0,11,200
1978,384216,93.20000000000003,0.030000000000000027,10.92,0,13,200
1979,384416,63.54166666666657,0.135,10.975,0,24,200
1980,384616,99.72666666666676,0.0,10.9,0,14,200
1981,384816,80.14166666666672,0.06000000000000005,11.095,0,21,200
1982,385016,96.88499999999996,0.0050000000000000044,10.845,0,17,200
1983,385216,87.79000000000003,0.04500000000000004,11.16,0,15,200
1984,385416,83.96166666666677,0.07999999999999996,10.885,0,11,200
1985,385616,82.85666666666663,0.07499999999999996,10.72,0,18,200
1986,385816,93.47333333333349,0.015000000000000013,11.18,0,14,200
1987,386016,97.74333333333351,0.010000000000000009,11.06,0,11,200
1988,386216,91.99500000000003,0.030000000000000027,10.935,0,15,200
1989,386416,90.38666666666678,0.03500000000000003,11.14,0,14,200
1990,386616,90.93499999999996,0.03500000000000003,10.725,0,17,200
1991,386816,89.27999999999999,0.025000000000000022,10.8,0,22,200
1992,387016,100.4233333333334,0.0050000000000000044,10.88,0,10,200
1993,387216,93.4750000000001,0.020000000000000018,10.905,0,15,200
1994,387416,94.7366666666668,0.010000000000000009,10.84,0,20,200
1995,387616,89.56666666666675,0.040000000000000036,10.81,0,18,200
1996,387816,90.82000000000009,0.020000000000000018,10.86,0,23,200
1997,388016,96.53166666666678,0.010000000000000009,10.945,0,14,200
1998,388216,97.76333333333346,0.0,10.88,0,17,200
1999,388416,97.02166666666677,0.0,10.855,0,18,200
2000,388616,86.16333333333334,0.040000000000000036,10.73,0,24,200
2001,388816,77.7783333333333,0.08499999999999996,10.715,0,23,200
2002,389016,98.64166666666677,0.0050000000000000044,10.885,0,13,200
2003,389216,96.75833333333333,0.0050000000000000044,10.865,0,17,200
2004,389416,95.41166666666673,0.0,10.885,0,19,200
2005,389616,95.50833333333347,0.010000000000000009,11.045,0,14,200
2006,389816,86.085,0.06999999999999995,10.845,0,13,200
2007,390016,94.5516666666667,0.015000000000000013,10.765,0,17,200
2008,390216,78.83833333333334,0.07499999999999996,11.105,0,20,200
2009,390416,95.90833333333335,0.010000000000000009,10.985,0,15,200
2010,390616,97.92000000000003,0.015000000000000013,10.89,0,10,200
2011,390816,99.40833333333349,0.0050000000000000044,10.835,0,11,200
2012,391016,95.10666666666675,0.015000000000000013,10.96,0,13,200
2013,391216,86.41499999999998,0.03500000000000003,10.785,0,23,200
2014,391416,85.95833333333346,0.040000000000000036,10.895,0,23,200
2015,391616,101.02000000000005,0.0,10.86,0,10,200
2016,391816,99.04833333333342,0.0,10.715,0,16,200
2017,392016,87.60999999999993,0.025000000000000022,10.77,0,24,200
2018,392216,87.18500000000004,0.050000000000000044,10.785,0,20,200
2019,392416,94.89333333333344,0.010000000000000009,10.79,0,18,200
2020,392616,79.63,0.06999999999999995,10.62,0,26,200
2021,392816,95.4833333333334,0.015000000000000013,10.85,0,16,200
2022,393016,93.58333333333347,0.040000000000000036,10.58,0,14,200
2023,393216,98.8333333333334,0.0050000000000000044,10.76,0,17,200
2024,393416,96.3750000000001,0.015000000000000013,10.815,0,16,200
2025,393616,84.29000000000002,0.06999999999999995,10.86,0,15,200
2026,393816,86.59666666666674,0.05500000000000005,10.87,0,16,200
2027,394016,84.98166666666667,0.06000000000000005,10.705,0,21,200
2028,394216,101.2300000000002,0.010000000000000009,10.77,0,11,200
2029,394416,99.2033333333334,0.0050000000000000044,10.85,0,14,200
2030,394616,93.08000000000006,0.025000000000000022,10.89,0,17,200
2031,394816,91.30500000000012,0.020000000000000018,10.815,0,24,200
2032,395016,98.29166666666673,0.0,10.735,0,17,200
2033,395216,93.93833333333347,0.020000000000000018,10.865,0,15,200
2034,395416,89.38166666666676,0.06000000000000005,10.795,0,12,200
2035,395616,97.39500000000008,0.010000000000000009,10.815,0,15,200
2036,395816,75.93166666666662,0.09999999999999998,10.795,0,21,200
2037,396016,96.14166666666677,0.020000000000000018,10.825,0,10,200
2038,396216,93.34166666666668,0.020000000000000018,10.765,0,18,200
2039,396416,91.72833333333335,0.03500000000000003,10.925,0,15,200
2040,396616,97.39500000000004,0.0050000000000000044,10.725,0,19,200
2041,396816,99.20666666666685,0.020000000000000018,10.84,0,9,200
2042,397016,96.27500000000012,0.025000000000000022,10.875,0,10,200
2043,397216,99.03833333333347,0.0050000000000000044,10.865,0,13,200
2044,397416,94.27833333333348,0.030000000000000027,11.045,0,10,200
2045,397616,97.07500000000006,0.0050000000000000044,10.905,0,15,200
2046,397816,81.41500000000003,0.06999999999999995,10.695,0,23,200
2047,398016,97.18666666666675,0.0050000000000000044,10.75,0,18,200
2048,398216,93.39166666666678,0.015000000000000013,10.765,0,21,200
2049,398416,78.20333333333332,0.07999999999999996,10.91,0,21,200
2050,398616,92.46000000000016,0.040000000000000036,10.77,0,14,200
2051,398816,97.65833333333342,0.0,10.895,0,16,200
2052,399016,85.48833333333339,0.07499999999999996,10.895,0,13,200
2053,399216,97.40333333333348,0.020000000000000018,10.94,0,9,200
2054,399416,103.16166666666683,0.0,10.795,0,9,200
2055,399616,89.97833333333337,0.040000000000000036,10.745,0,19,200
2056,399816,70.51000000000002,0.13,10.89,0,13,200
2057,400016,95.16500000000005,0.015000000000000013,10.935,0,14,200
2058,400216,97.28166666666668,0.020000000000000018,10.795,0,12,200
2059,400416,93.81500000000017,0.025000000000000022,10.755,0,19,200
2060,400616,83.01166666666676,0.08999999999999997,10.735,0,14,200
2061,400816,92.15000000000003,0.040000000000000036,10.83,0,14,200
2062,401016,89.7133333333334,0.04500000000000004,10.76,0,18,200
2063,401216,92.01833333333343,0.010000000000000009,10.865,0,23,200
2064,401416,94.8566666666668,0.020000000000000018,10.72,0,16,200
2065,401616,91.56500000000005,0.03500000000000003,10.845,0,16,200
2066,401816,84.02166666666662,0.07499999999999996,10.795,0,18,200
2067,402016,97.49666666666664,0.0,10.72,0,20,200
2068,402216,99.30000000000011,0.020000000000000018,10.83,0,9,200
2069,402416,95.69666666666677,0.010000000000000009,10.84,0,17,200
2070,402616,83.89833333333333,0.04500000000000004,10.685,0,26,200
2071,402816,87.2400000000001,0.050000000000000044,10.83,0,17,200
2072,403016,91.30166666666673,0.04500000000000004,10.705,0,15,200
2073,403216,98.12333333333348,0.0050000000000000044,10.82,0,16,200
2074,403416,103.13000000000022,0.0,10.74,0,10,200
2075,403616,90.65333333333342,0.03500000000000003,10.91,0,17,200
2076,403816,86.14666666666646,0.05500000000000005,10.87,0,16,200
2077,404016,98.92666666666679,0.0,10.9,0,13,200
2078,404216,97.6950000000001,0.0050000000000000044,10.725,0,16,200
2079,404416,95.91500000000003,0.0050000000000000044,10.845,0,20,200
2080,404616,95.26333333333342,0.030000000000000027,10.85,0,11,200
2081,404816,91.50000000000003,0.025000000000000022,10.86,0,19,200
2082,405016,89.0233333333334,0.04500000000000004,10.79,0,17,200
2083,405216,97.03666666666676,0.020000000000000018,10.81,0,13,200
2084,405416,93.59500000000003,0.0050000000000000044,10.785,0,24,200
2085,405616,91.09166666666677,0.04500000000000004,10.855,0,14,200
2086,405816,95.03500000000008,0.025000000000000022,10.755,0,15,200
2087,406016,92.52833333333345,0.040000000000000036,10.895,0,13,200
2088,406216,91.05833333333335,0.010000000000000009,10.835,0,25,200
2089,406416,101.12000000000016,0.0050000000000000044,10.95,0,9,200
2090,406616,96.64000000000013,0.020000000000000018,10.8,0,14,200
2091,406816,92.4216666666668,0.04500000000000004,10.945,0,9,200
2092,407016,97.54166666666676,0.010000000000000009,10.765,0,14,200
2093,407216,97.31000000000007,0.010000000000000009,10.77,0,17,200
2094,407416,99.16833333333346,0.0,10.895,0,15,200
2095,407616,94.97333333333349,0.020000000000000018,10.82,0,16,200
2096,407816,91.58500000000011,0.030000000000000027,10.905,0,19,200
2097,408016,97.27500000000013,0.020000000000000018,10.815,0,11,200
2098,408216,90.60833333333343,0.030000000000000027,10.835,0,17,200
2099,408416,93.21833333333342,0.025000000000000022,10.865,0,16,200
2100,408616,80.33833333333331,0.05500000000000005,10.835,0,27,200
2101,408816,96.5683333333334,0.0,10.895,0,19,200
2102,409016,90.6666666666667,0.04500000000000004,10.81,0,15,200
2103,409216,85.88666666666666,0.05500000000000005,10.78,0,19,200
2104,409416,95.84833333333341,0.0,10.895,0,19,200
2105,409616,102.39000000000014,0.0,10.92,0,10,200
2106,409816,89.37166666666674,0.05500000000000005,10.885,0,13,200
2107,410016,97.02000000000007,0.0,10.86,0,19,200
2108,410216,88.07000000000006,0.03500000000000003,10.77,0,24,200
2109,410416,97.05166666666678,0.0,10.855,0,17,200
2110,410616,86.42000000000003,0.06000000000000005,10.71,0,18,200
2111,410816,91.935,0.03500000000000003,10.815,0,14,200
2112,411016,85.95500000000004,0.04500000000000004,10.755,0,23,200
2113,411216,79.05,0.08499999999999996,10.8,0,18,200
2114,411416,81.02499999999995,0.06000000000000005,10.875,0,23,200
2115,411616,92.65500000000009,0.025000000000000022,10.875,0,19,200
2116,411816,90.56166666666675,0.040000000000000036,10.885,0,16,200
2117,412016,97.05833333333335,0.015000000000000013,10.925,0,13,200
2118,412216,87.93000000000002,0.040000000000000036,10.92,0,22,200
2119,412416,103.58000000000015,0.0,10.95,0,6,200
2120,412616,71.23499999999996,0.09499999999999997,10.845,0,31,200
2121,412816,93.13333333333347,0.020000000000000018,10.85,0,19,200
2122,413016,95.2,0.0050000000000000044,10.86,0,19,200
2123,413216,96.14166666666672,0.010000000000000009,10.945,0,13,200
2124,413416,97.78000000000004,0.0050000000000000044,10.8,0,16,200
2125,413616,89.83833333333334,0.040000000000000036,10.805,0,18,200
2126,413816,77.93166666666667,0.11499999999999999,11.005,0,8,200
2127,414016,68.84166666666667,0.125,11.095,0,17,200
2128,414216,97.79333333333346,0.010000000000000009,11.03,0,12,200
2129,414416,98.7150000000001,0.010000000000000009,10.965,0,11,200
2130,414616,99.47500000000012,0.010000000000000009,10.905,0,12,200
2131,414816,88.6766666666668,0.06999999999999995,11.02,0,7,200
2132,415016,103.2250000000002,0.0,10.935,0,7,200
2133,415216,92.84499999999994,0.040000000000000036,10.995,0,9,200
2134,415416,90.74500000000006,0.050000000000000044,10.995,0,10,200
2135,415616,94.77999999999997,0.030000000000000027,10.92,0,11,200
2136,415816,96.32500000000007,0.0,10.845,0,20,200
2137,416016,93.55833333333335,0.025000000000000022,10.955,0,12,200
2138,416216,90.14333333333325,0.030000000000000027,11.03,0,15,200
2139,416416,94.66000000000018,0.025000000000000022,11.01,0,10,200
2140,416616,99.29500000000009,0.0050000000000000044,10.905,0,10,200
2141,416816,96.50500000000015,0.010000000000000009,10.815,0,13,200
2142,417016,90.81666666666675,0.06000000000000005,10.78,0,9,200
2143,417216,92.81000000000004,0.03500000000000003,11.07,0,10,200
2144,417416,98.0350000000001,0.0050000000000000044,10.935,0,14,200
2145,417616,90.5766666666667,0.03500000000000003,10.84,0,17,200
2146,417816,90.53166666666664,0.03500000000000003,11.065,0,13,200
2147,418016,99.00333333333343,0.020000000000000018,10.73,0,10,200
2148,418216,103.61333333333357,0.0,10.94,0,6,200
2149,418416,99.1466666666668,0.0,10.93,0,15,200
2150,418616,88.7916666666667,0.04500000000000004,10.615,0,18,200
2151,418816,101.8616666666668,0.0050000000000000044,10.945,0,9,200
2152,419016,90.2916666666667,0.015000000000000013,10.915,0,23,200
2153,419216,78.32833333333329,0.08999999999999997,10.895,0,17,200
2154,419416,97.48333333333348,0.010000000000000009,10.97,0,11,200
2155,419616,97.06666666666678,0.010000000000000009,10.96,0,12,200
2156,419816,97.04166666666674,0.0050000000000000044,10.675,0,18,200
2157,420016,91.99500000000006,0.03500000000000003,10.845,0,16,200
2158,420216,85.15166666666646,0.04500000000000004,10.855,0,20,200
2159,420416,96.43500000000012,0.010000000000000009,10.875,0,15,200
2160,420616,99.8200000000001,0.0050000000000000044,10.83,0,12,200
2161,420816,92.91166666666665,0.030000000000000027,10.945,0,15,200
2162,421016,98.85500000000009,0.010000000000000009,10.935,0,10,200
2163,421216,88.46500000000015,0.04500000000000004,11.085,0,13,200
2164,421416,101.75500000000007,0.0,10.995,0,9,200
2165,421616,90.64333333333344,0.030000000000000027,10.94,0,17,200
2166,421816,93.76666666666675,0.030000000000000027,10.96,0,12,200
2167,422016,99.73000000000016,0.0050000000000000044,10.98,0,9,200
2168,422216,95.11333333333323,0.0050000000000000044,11.18,0,14,200
2169,422416,95.28500000000015,0.020000000000000018,11.145,0,10,200
2170,422616,92.61500000000007,0.015000000000000013,11.205,0,17,200
2171,422816,90.92666666666673,0.030000000000000027,10.99,0,15,200
2172,423016,96.57666666666668,0.0,11.14,0,13,200
2173,423216,95.88833333333338,0.010000000000000009,11.165,0,12,200
2174,423416,71.22666666666669,0.10999999999999999,11.44,0,13,200
2175,423616,92.25333333333333,0.030000000000000027,11.06,0,12,200
2176,423816,96.5933333333336,0.010000000000000009,11.21,0,8,200
2177,424016,93.98166666666674,0.015000000000000013,11.065,0,15,200
2178,424216,97.23,0.0,10.95,0,15,200
2179,424416,98.2283333333334,0.0050000000000000044,10.955,0,12,200
2180,424616,96.62500000000009,0.010000000000000009,11.055,0,15,200
2181,424816,102.66000000000017,0.0,10.92,0,9,200
2182,425016,96.60666666666667,0.0,10.99,0,17,200
2183,425216,88.90666666666682,0.040000000000000036,11.26,0,13,200
2184,425416,97.91666666666671,0.0,11.05,0,13,200
2185,425616,90.77500000000012,0.010000000000000009,11.325,0,19,200
2186,425816,97.05666666666681,0.025000000000000022,10.99,0,8,200
2187,426016,96.50666666666683,0.0050000000000000044,11.2,0,14,200
2188,426216,100.11333333333349,0.0,10.91,0,12,200
2189,426416,92.48166666666684,0.015000000000000013,11.095,0,16,200
2190,426616,88.74833333333339,0.040000000000000036,10.805,0,20,200
2191,426816,102.32000000000008,0.0,10.92,0,9,200
2192,427016,95.68666666666667,0.015000000000000013,10.87,0,16,200
2193,427216,99.12833333333344,0.0050000000000000044,11.015,0,11,200
2194,427416,91.72833333333332,0.04500000000000004,11.015,0,9,200
2195,427616,96.78833333333345,0.0050000000000000044,10.925,0,15,200
2196,427816,100.72666666666683,0.0050000000000000044,11.05,0,9,200
2197,428016,94.72666666666677,0.0,11.05,0,17,200
2198,428216,95.92000000000004,0.010000000000000009,10.89,0,17,200
2199,428416,93.0850000000001,0.040000000000000036,10.935,0,9,200
2200,428616,92.42333333333355,0.025000000000000022,11.09,0,13,200
2201,428816,93.30500000000005,0.0050000000000000044,11.115,0,17,200
2202,429016,100.60833333333358,0.0050000000000000044,10.925,0,9,200
2203,429216,92.9100000000001,0.010000000000000009,10.95,0,22,200
2204,429416,96.59666666666678,0.025000000000000022,10.9,0,10,200
2205,429616,101.58000000000014,0.0,10.98,0,10,200
2206,429816,101.57166666666689,0.010000000000000009,11.095,0,5,200
2207,430016,99.72166666666676,0.0050000000000000044,10.945,0,10,200
2208,430216,100.40166666666674,0.0,11.005,0,11,200
2209,430416,90.22166666666662,0.030000000000000027,10.855,0,19,200
2210,430616,92.56333333333349,0.010000000000000009,11.03,0,21,200
2211,430816,97.71833333333348,0.0050000000000000044,11.015,0,13,200
2212,431016,91.09500000000004,0.03500000000000003,10.965,0,14,200
2213,431216,94.87500000000009,0.030000000000000027,10.935,0,11,200
2214,431416,95.88166666666677,0.020000000000000018,10.735,0,16,200
2215,431616,97.9700000000001,0.015000000000000013,10.98,0,9,200
2216,431816,102.81500000000007,0.0,10.995,0,6,200
2217,432016,96.78833333333343,0.0,10.895,0,17,200
2218,432216,87.48499999999991,0.05500000000000005,10.935,0,13,200
2219,432416,97.43833333333342,0.025000000000000022,10.715,0,11,200
2220,432616,90.65333333333336,0.04500000000000004,10.97,0,11,200
2221,432816,96.16333333333341,0.015000000000000013,10.94,0,14,200
2222,433016,97.48666666666671,0.020000000000000018,10.87,0,8,200
2223,433216,104.76166666666695,0.0,11.005,0,4,200
2224,433416,103.70166666666681,0.0,10.885,0,7,200
2225,433616,103.20833333333354,0.0,10.955,0,6,200
2226,433816,103.5383333333335,0.0,10.895,0,7,200
2227,434016,96.64833333333334,0.020000000000000018,10.745,0,13,200
2228,434216,85.28166666666677,0.06000000000000005,10.915,0,15,200
2229,434416,88.26333333333325,0.05500000000000005,11.12,0,10,200
2230,434616,101.69666666666681,0.010000000000000009,10.93,0,7,200
2231,434816,100.685,0.0050000000000000044,10.725,0,14,200
2232,435016,98.34333333333342,0.0050000000000000044,10.85,0,14,200
2233,435216,101.63333333333334,0.0,10.97,0,9,200
2234,435416,99.30833333333338,0.0,10.955,0,12,200
2235,435616,97.36500000000011,0.025000000000000022,10.965,0,7,200
2236,435816,91.86666666666667,0.040000000000000036,10.66,0,17,200
2237,436016,98.13000000000014,0.0,10.8,0,18,200
2238,436216,99.73666666666674,0.010000000000000009,10.93,0,9,200
2239,436416,89.99000000000017,0.03500000000000003,10.98,0,15,200
2240,436616,96.9366666666668,0.020000000000000018,10.87,0,13,200
2241,436816,90.66500000000008,0.03500000000000003,10.875,0,15,200
2242,437016,99.7166666666668,0.010000000000000009,10.81,0,12,200
2243,437216,79.31500000000014,0.09999999999999998,10.965,0,10,200
2244,437416,83.67000000000003,0.08499999999999996,10.71,0,14,200
2245,437616,97.29500000000009,0.020000000000000018,10.815,0,11,200
2246,437816,102.56666666666685,0.0050000000000000044,10.9,0,8,200
2247,438016,92.91333333333341,0.040000000000000036,10.85,0,11,200
2248,438216,100.95833333333354,0.0,10.955,0,10,200
2249,438416,94.23666666666666,0.015000000000000013,10.81,0,18,200
2250,438616,94.74833333333346,0.025000000000000022,10.925,0,12,200
2251,438816,102.44166666666678,0.0,10.945,0,9,200
2252,439016,94.00166666666676,0.025000000000000022,10.735,0,17,200
2253,439216,99.6200000000001,0.0,10.77,0,16,200
2254,439416,93.48166666666677,0.030000000000000027,11.035,0,11,200
2255,439616,98.05000000000013,0.015000000000000013,10.92,0,10,200
2256,439816,103.71000000000016,0.0,10.98,0,6,200
2257,440016,98.19500000000006,0.025000000000000022,10.935,0,8,200
2258,440216,98.97333333333337,0.0,10.91,0,14,200
2259,440416,99.0900000000001,0.0050000000000000044,10.8,0,14,200
2260,440616,94.39333333333339,0.03500000000000003,11.0,0,9,200
2261,440816,100.98833333333353,0.020000000000000018,10.925,0,5,200
2262,441016,92.90000000000008,0.03500000000000003,10.74,0,16,200
2263,441216,97.20500000000008,0.0050000000000000044,10.725,0,18,200
2264,441416,100.7566666666668,0.0050000000000000044,10.99,0,7,200
2265,441616,96.16666666666666,0.025000000000000022,10.93,0,9,200
2266,441816,99.33000000000014,0.020000000000000018,10.74,0,9,200
2267,442016,98.72833333333347,0.0050000000000000044,10.745,0,15,200
2268,442216,103.85666666666683,0.0,10.87,0,7,200
2269,442416,95.19333333333343,0.025000000000000022,10.97,0,11,200
2270,442616,97.89500000000011,0.020000000000000018,10.785,0,13,200
2271,442816,102.77666666666683,0.0050000000000000044,10.81,0,9,200
2272,443016,98.42666666666673,0.010000000000000009,10.84,0,12,200
2273,443216,103.1933333333335,0.0,10.88,0,7,200
2274,443416,98.66500000000018,0.0050000000000000044,10.965,0,12,200
2275,443616,103.9950000000002,0.0050000000000000044,10.965,0,5,200
2276,443816,98.46166666666672,0.015000000000000013,10.945,0,10,200
2277,444016,95.7883333333334,0.020000000000000018,10.955,0,11,200
2278,444216,88.41499999999998,0.05500000000000005,10.935,0,13,200
2279,444416,94.74333333333344,0.020000000000000018,10.85,0,15,200
2280,444616,97.61000000000007,0.020000000000000018,10.98,0,9,200
2281,444816,96.32666666666678,0.015000000000000013,11.05,0,12,200
2282,445016,96.63333333333335,0.030000000000000027,10.91,0,8,200
2283,445216,96.03666666666668,0.0,10.93,0,19,200
2284,445416,100.74000000000005,0.0050000000000000044,10.95,0,9,200
2285,445616,90.92333333333325,0.020000000000000018,11.0,0,18,200
2286,445816,100.89833333333345,0.0050000000000000044,10.925,0,9,200
2287,446016,88.81166666666675,0.05500000000000005,11.155,0,10,200
2288,446216,72.51166666666661,0.10499999999999998,10.855,0,24,200
2289,446416,89.27999999999992,0.04500000000000004,11.04,0,14,200
2290,446616,99.25000000000016,0.0050000000000000044,11.04,0,11,200
2291,446816,94.92500000000013,0.0050000000000000044,11.115,0,15,200
2292,447016,95.2533333333335,0.015000000000000013,11.21,0,10,200
2293,447216,99.84500000000004,0.015000000000000013,10.905,0,9,200
2294,447416,99.1750000000001,0.010000000000000009,10.935,0,11,200
2295,447616,92.76833333333343,0.04500000000000004,11.105,0,7,200
2296,447816,101.9183333333335,0.0050000000000000044,11.045,0,7,200
2297,448016,102.86166666666675,0.0050000000000000044,10.915,0,7,200
2298,448216,90.3766666666667,0.030000000000000027,11.08,0,14,200
2299,448416,104.33000000000013,0.0,10.92,0,6,200
2300,448616,96.47333333333337,0.0050000000000000044,10.82,0,18,200
2301,448816,88.57833333333348,0.030000000000000027,11.015,0,19,200
2302,449016,99.81500000000014,0.015000000000000013,10.905,0,8,200
2303,449216,90.86833333333344,0.03500000000000003,10.835,0,16,200
2304,449416,96.04833333333336,0.010000000000000009,10.835,0,16,200
2305,449616,88.2983333333335,0.05500000000000005,10.955,0,14,200
2306,449816,100.74166666666675,0.010000000000000009,10.885,0,9,200
2307,450016,98.37999999999998,0.025000000000000022,10.92,0,6,200
2308,450216,99.03500000000017,0.020000000000000018,10.965,0,8,200
2309,450416,97.8200000000002,0.020000000000000018,10.8,0,11,200
2310,450616,102.51833333333354,0.0050000000000000044,10.895,0,8,200
2311,450816,95.83833333333345,0.03500000000000003,10.865,0,9,200
2312,451016,94.72666666666674,0.020000000000000018,10.93,0,16,200
2313,451216,94.68833333333336,0.025000000000000022,10.865,0,13,200
2314,451416,101.05833333333351,0.0050000000000000044,10.805,0,11,200
2315,451616,99.24500000000015,0.0,10.845,0,16,200
2316,451816,99.58166666666692,0.0050000000000000044,11.005,0,11,200
2317,452016,95.11333333333346,0.03500000000000003,10.88,0,11,200
2318,452216,103.91666666666677,0.0,10.99,0,4,200
2319,452416,87.30833333333332,0.05500000000000005,10.835,0,16,200
2320,452616,94.41500000000003,0.020000000000000018,10.995,0,13,200
2321,452816,98.06166666666675,0.0,10.735,0,18,200
2322,453016,98.25000000000013,0.020000000000000018,11.04,0,6,200
2323,453216,100.20500000000001,0.0,11.115,0,7,200
2324,453416,100.59166666666675,0.0,10.825,0,13,200
2325,453616,99.15000000000018,0.0050000000000000044,10.98,0,13,200
2326,453816,96.85666666666673,0.020000000000000018,10.81,0,12,200
2327,454016,94.54500000000012,0.03500000000000003,11.085,0,6,200
2328,454216,91.69000000000013,0.050000000000000044,10.98,0,9,200
2329,454416,96.95333333333335,0.025000000000000022,10.91,0,10,200
2330,454616,91.2283333333334,0.040000000000000036,10.925,0,13,200
2331,454816,99.06500000000008,0.0050000000000000044,10.815,0,13,200
2332,455016,100.47500000000008,0.010000000000000009,10.815,0,12,200
2333,455216,102.76833333333344,0.0,10.805,0,11,200
2334,455416,93.94000000000008,0.030000000000000027,11.04,0,8,200
2335,455616,100.44833333333347,0.0,10.865,0,12,200
2336,455816,103.58333333333354,0.0,10.79,0,10,200
2337,456016,94.52000000000007,0.040000000000000036,10.86,0,8,200
2338,456216,100.85666666666681,0.010000000000000009,10.96,0,7,200
2339,456416,99.6633333333335,0.015000000000000013,10.82,0,10,200
2340,456616,99.395,0.015000000000000013,10.875,0,9,200
2341,456816,104.6700000000002,0.0,10.89,0,6,200
2342,457016,102.08166666666679,0.0,10.765,0,12,200
2343,457216,89.19833333333334,0.05500000000000005,10.655,0,15,200
2344,457416,101.29833333333349,0.0,10.835,0,12,200
2345,457616,103.10166666666674,0.0,10.885,0,7,200
2346,457816,80.87666666666667,0.07999999999999996,10.87,0,16,200
2347,458016,101.25333333333349,0.0,10.91,0,11,200
2348,458216,99.54166666666683,0.015000000000000013,10.885,0,9,200
2349,458416,93.73333333333333,0.03500000000000003,10.85,0,12,200
2350,458616,94.34999999999997,0.040000000000000036,10.74,0,12,200
2351,458816,94.91833333333344,0.025000000000000022,10.835,0,15,200
2352,459016,99.14833333333348,0.015000000000000013,10.925,0,10,200
2353,459216,99.46666666666681,0.010000000000000009,10.78,0,13,200
2354,459416,103.55833333333354,0.0050000000000000044,10.925,0,5,200
2355,459616,103.63666666666681,0.0,10.9,0,8,200
2356,459816,102.47333333333357,0.0050000000000000044,10.79,0,9,200
2357,460016,95.06000000000013,0.030000000000000027,10.92,0,12,200
2358,460216,95.26833333333343,0.025000000000000022,10.895,0,13,200
2359,460416,102.09833333333349,0.0,10.925,0,9,200
2360,460616,93.72500000000008,0.040000000000000036,10.905,0,11,200
2361,460816,95.54500000000002,0.025000000000000022,10.875,0,11,200
2362,461016,94.86999999999999,0.030000000000000027,10.77,0,13,200
2363,461216,95.07833333333349,0.025000000000000022,11.015,0,11,200
2364,461416,103.81666666666688,0.0,10.93,0,8,200
2365,461616,103.71333333333352,0.0050000000000000044,10.79,0,7,200
2366,461816,99.66833333333344,0.010000000000000009,10.835,0,11,200
2367,462016,99.26166666666683,0.015000000000000013,10.765,0,11,200
2368,462216,93.78333333333327,0.025000000000000022,10.94,0,14,200
2369,462416,99.35666666666678,0.0,10.87,0,14,200
2370,462616,105.57333333333355,0.0,10.97,0,3,200
2371,462816,92.29333333333344,0.04500000000000004,10.82,0,12,200
2372,463016,92.9083333333334,0.04500000000000004,10.925,0,10,200
2373,463216,104.00833333333352,0.0,10.895,0,8,200
2374,463416,95.38666666666677,0.030000000000000027,10.9,0,11,200
2375,463616,99.2083333333334,0.015000000000000013,10.775,0,11,200
2376,463816,99.50999999999992,0.0,10.92,0,13,200
2377,464016,97.34500000000014,0.020000000000000018,10.995,0,9,200
2378,464216,94.31333333333343,0.030000000000000027,10.85,0,13,200
2379,464416,96.49500000000009,0.025000000000000022,10.845,0,10,200
2380,464616,98.5083333333335,0.015000000000000013,10.805,0,13,200
2381,464816,82.38166666666663,0.09499999999999997,11.125,0,7,200
2382,465016,101.09166666666684,0.010000000000000009,10.945,0,8,200
2383,465216,92.95833333333346,0.03500000000000003,10.985,0,12,200
2384,465416,97.4950000000001,0.010000000000000009,10.725,0,17,200
2385,465616,87.88500000000016,0.040000000000000036,11.145,0,12,200
2386,465816,94.94166666666675,0.015000000000000013,10.765,0,16,200
2387,466016,101.16500000000009,0.0,10.845,0,13,200
2388,466216,97.30500000000016,0.015000000000000013,10.905,0,13,200
2389,466416,94.12833333333337,0.020000000000000018,10.835,0,18,200
2390,466616,98.28833333333345,0.015000000000000013,10.985,0,10,200
2391,466816,102.82500000000014,0.0050000000000000044,10.875,0,8,200
2392,467016,96.37833333333343,0.020000000000000018,11.015,0,9,200
2393,467216,101.7433333333335,0.0050000000000000044,10.88,0,11,200
2394,467416,96.78833333333351,0.0050000000000000044,10.865,0,17,200
2395,467616,99.61166666666679,0.020000000000000018,10.855,0,9,200
2396,467816,86.44666666666676,0.06999999999999995,11.02,0,11,200
2397,468016,94.84000000000015,0.030000000000000027,10.89,0,11,200
2398,468216,99.05833333333347,0.0050000000000000044,10.895,0,13,200
2399,468416,94.52000000000005,0.030000000000000027,10.86,0,11,200
2400,468616,94.89833333333341,0.020000000000000018,10.715,0,18,200
2401,468816,102.28833333333348,0.0,10.895,0,9,200
2402,469016,94.77166666666679,0.040000000000000036,10.855,0,10,200
2403,469216,96.70500000000008,0.030000000000000027,11.025,0,7,200
2404,469416,96.45000000000007,0.030000000000000027,10.8,0,10,200
2405,469616,99.04000000000012,0.020000000000000018,10.89,0,8,200
2406,469816,99.73833333333346,0.010000000000000009,10.775,0,12,200
2407,470016,100.76833333333349,0.0,10.835,0,14,200
2408,470216,97.07000000000008,0.015000000000000013,10.86,0,12,200
2409,470416,102.45333333333349,0.0,10.91,0,9,200
2410,470616,95.18333333333341,0.03500000000000003,10.91,0,10,200
2411,470816,102.45000000000016,0.0,10.92,0,10,200
2412,471016,96.37666666666684,0.030000000000000027,10.87,0,10,200
2413,471216,90.45500000000007,0.040000000000000036,10.875,0,15,200
2414,471416,98.11833333333345,0.015000000000000013,11.015,0,9,200
2415,471616,100.38666666666677,0.0,10.87,0,12,200
2416,471816,90.85333333333348,0.04500000000000004,11.0,0,12,200
2417,472016,103.65500000000016,0.0,10.905,0,8,200
2418,472216,95.11833333333341,0.020000000000000018,10.865,0,16,200
2419,472416,101.45666666666683,0.010000000000000009,10.9,0,8,200
2420,472616,89.07833333333339,0.05500000000000005,10.805,0,14,200
2421,472816,93.23333333333336,0.020000000000000018,10.94,0,18,200
2422,473016,102.44166666666685,0.0050000000000000044,10.975,0,6,200
2423,473216,99.52000000000017,0.015000000000000013,10.95,0,8,200
2424,473416,100.80666666666679,0.0050000000000000044,10.75,0,13,200
2425,473616,86.33000000000008,0.07499999999999996,10.77,0,13,200
2426,473816,103.84666666666686,0.0,10.93,0,8,200
2427,474016,77.74833333333333,0.07499999999999996,10.835,0,25,200
2428,474216,96.36500000000015,0.010000000000000009,10.935,0,14,200
2429,474416,99.98000000000017,0.015000000000000013,10.83,0,9,200
2430,474616,99.77666666666677,0.010000000000000009,10.87,0,10,200
2431,474816,99.72000000000007,0.0,10.83,0,15,200
2432,475016,103.40833333333354,0.0,10.925,0,7,200
2433,475216,95.62000000000015,0.030000000000000027,10.98,0,9,200
2434,475416,100.47833333333348,0.0,10.865,0,14,200
2435,475616,97.77666666666681,0.015000000000000013,10.87,0,12,200
2436,475816,101.96500000000007,0.0,10.755,0,11,200
2437,476016,90.8350000000002,0.03500000000000003,10.905,0,16,200
2438,476216,89.57666666666672,0.05500000000000005,10.72,0,12,200
2439,476416,94.63000000000007,0.015000000000000013,10.86,0,16,200
2440,476616,96.55000000000005,0.010000000000000009,10.83,0,17,200
2441,476816,97.12500000000009,0.015000000000000013,10.845,0,14,200
2442,477016,97.20833333333347,0.010000000000000009,10.865,0,16,200
2443,477216,105.68000000000022,0.0,10.95,0,4,200
2444,477416,96.64000000000016,0.020000000000000018,10.86,0,14,200
2445,477616,102.08333333333351,0.0050000000000000044,10.82,0,11,200
2446,477816,103.8333333333335,0.0,10.88,0,7,200
2447,478016,97.72333333333343,0.0,10.91,0,18,200
2448,478216,94.93500000000007,0.025000000000000022,11.025,0,11,200
2449,478416,103.76500000000017,0.0,10.935,0,8,200
2450,478616,101.62333333333346,0.0050000000000000044,10.85,0,9,200
2451,478816,100.41833333333349,0.0050000000000000044,10.925,0,10,200
2452,479016,99.86000000000014,0.0050000000000000044,10.89,0,11,200
2453,479216,102.01166666666686,0.0050000000000000044,10.915,0,8,200
2454,479416,81.25500000000001,0.08999999999999997,11.025,0,13,200
2455,479616,92.19500000000009,0.06000000000000005,10.755,0,8,200
2456,479816,93.02166666666677,0.030000000000000027,10.945,0,14,200
2457,480016,102.7233333333335,0.0,10.88,0,10,200
2458,480216,100.83333333333356,0.010000000000000009,10.94,0,8,200
2459,480416,98.31166666666684,0.020000000000000018,10.975,0,10,200
2460,480616,103.12333333333348,0.0,10.94,0,6,200
2461,480816,100.14000000000013,0.0050000000000000044,10.89,0,11,200
2462,481016,103.88500000000022,0.0,10.965,0,6,200
2463,481216,92.64500000000004,0.04500000000000004,10.785,0,13,200
2464,481416,102.24166666666679,0.0,10.885,0,10,200
2465,481616,94.42833333333338,0.03500000000000003,10.805,0,12,200
2466,481816,98.83000000000014,0.0050000000000000044,10.92,0,12,200
2467,482016,98.60166666666677,0.0,10.915,0,15,200
2468,482216,97.01333333333348,0.0050000000000000044,10.91,0,16,200
2469,482416,97.4233333333335,0.020000000000000018,10.91,0,12,200
2470,482616,102.43833333333352,0.0,10.925,0,10,200
2471,482816,101.81166666666677,0.0,10.885,0,12,200
2472,483016,100.50000000000011,0.010000000000000009,10.92,0,8,200
2473,483216,99.46833333333339,0.0050000000000000044,10.925,0,12,200
2474,483416,95.33333333333343,0.025000000000000022,10.94,0,13,200
2475,483616,96.72333333333347,0.0,10.82,0,18,200
2476,483816,86.88166666666673,0.07499999999999996,11.065,0,7,200
2477,484016,94.63166666666676,0.040000000000000036,10.915,0,8,200
2478,484216,98.87500000000017,0.020000000000000018,10.875,0,9,200
2479,484416,101.09833333333349,0.0,10.895,0,10,200
2480,484616,87.04500000000004,0.05500000000000005,10.935,0,17,200
2481,484816,99.88000000000017,0.0050000000000000044,10.77,0,13,200
2482,485016,99.46000000000011,0.010000000000000009,10.86,0,11,200
2483,485216,100.31833333333347,0.020000000000000018,10.985,0,5,200
2484,485416,85.20833333333337,0.06499999999999995,10.985,0,14,200
2485,485616,100.03166666666674,0.0050000000000000044,10.825,0,13,200
2486,485816,101.06833333333351,0.0050000000000000044,10.955,0,10,200
2487,486016,100.2266666666668,0.0050000000000000044,10.9,0,12,200
2488,486216,99.60666666666683,0.010000000000000009,10.9,0,10,200
2489,486416,97.62666666666682,0.0,10.87,0,17,200
2490,486616,97.63500000000015,0.0050000000000000044,10.995,0,14,200
2491,486816,74.56999999999998,0.12,10.95,0,16,200
2492,487016,100.2433333333335,0.0,11.0,0,11,200
2493,487216,102.0683333333335,0.0,10.925,0,8,200
2494,487416,95.24500000000012,0.030000000000000027,10.845,0,12,200
2495,487616,104.80166666666682,0.0,10.915,0,6,200
2496,487816,99.89500000000015,0.0050000000000000044,10.935,0,13,200
2497,488016,101.0183333333334,0.0,10.865,0,11,200
2498,488216,94.35833333333338,0.03500000000000003,10.805,0,12,200
2499,488416,101.53666666666686,0.015000000000000013,10.93,0,6,200
2500,488616,96.92833333333348,0.010000000000000009,11.015,0,14,200
2501,488816,101.52166666666677,0.0050000000000000044,10.825,0,10,200
2502,489016,101.74166666666675,0.0,10.915,0,11,200
2503,489216,101.72166666666685,0.0,10.885,0,10,200
2504,489416,100.78333333333345,0.0050000000000000044,10.97,0,9,200
2505,489616,102.57666666666694,0.0,10.96,0,9,200
2506,489816,103.69666666666679,0.0,10.87,0,8,200
2507,490016,102.00333333333353,0.0,10.97,0,9,200
2508,490216,99.91000000000012,0.0050000000000000044,10.95,0,11,200
2509,490416,88.97666666666677,0.07999999999999996,10.72,0,8,200
2510,490616,93.53833333333344,0.04500000000000004,10.955,0,7,200
2511,490816,100.3900000000001,0.0050000000000000044,10.83,0,12,200
2512,491016,104.79000000000025,0.0,10.98,0,4,200
2513,491216,102.9300000000002,0.0,10.92,0,9,200
2514,491416,103.40500000000023,0.0,10.995,0,7,200
2515,491616,94.87333333333343,0.03500000000000003,10.76,0,11,200
2516,491816,100.97333333333347,0.0,10.76,0,14,200
2517,492016,101.32833333333342,0.0,10.835,0,10,200
2518,492216,98.13833333333343,0.0,10.925,0,15,200
2519,492416,100.98333333333345,0.0,10.91,0,11,200
2520,492616,97.95000000000014,0.020000000000000018,10.92,0,10,200
2521,492816,104.08333333333351,0.0,10.91,0,7,200
2522,493016,98.21000000000014,0.020000000000000018,10.95,0,9,200
2523,493216,102.29499999999986,0.0,10.815,0,9,200
2524,493416,95.87166666666678,0.015000000000000013,10.945,0,15,200
2525,493616,98.73166666666668,0.010000000000000009,10.945,0,10,200
2526,493816,95.68166666666667,0.03500000000000003,10.825,0,9,200
2527,494016,104.12333333333355,0.0,10.94,0,7,200
2528,494216,93.75166666666678,0.025000000000000022,11.035,0,11,200
2529,494416,102.0450000000001,0.0050000000000000044,10.935,0,7,200
2530,494616,62.73333333333327,0.19499999999999995,10.79,0,12,200
2531,494816,100.56000000000014,0.0050000000000000044,10.89,0,10,200
2532,495016,101.6550000000002,0.0,10.995,0,9,200
2533,495216,96.34833333333337,0.015000000000000013,10.805,0,15,200
2534,495416,90.63333333333334,0.06499999999999995,10.91,0,7,200
2535,495616,100.36166666666698,0.0050000000000000044,11.125,0,6,200
2536,495816,98.88000000000005,0.010000000000000009,11.01,0,8,200
2537,496016,94.1716666666668,0.020000000000000018,11.005,0,14,200
2538,496216,101.32500000000019,0.0,10.965,0,10,200
2539,496416,92.55333333333341,0.040000000000000036,10.79,0,14,200
2540,496616,99.93333333333345,0.0,10.94,0,13,200
2541,496816,95.96500000000012,0.020000000000000018,10.815,0,15,200
2542,497016,97.76833333333343,0.0050000000000000044,10.805,0,16,200
2543,497216,102.67333333333343,0.0,10.94,0,8,200
2544,497416,103.11000000000016,0.0,10.89,0,9,200
2545,497616,91.46833333333345,0.050000000000000044,10.985,0,9,200
2546,497816,94.14000000000006,0.040000000000000036,10.86,0,10,200
2547,498016,94.1350000000001,0.030000000000000027,10.725,0,16,200
2548,498216,106.91666666666691,0.0,10.93,0,3,200
2549,498416,100.19666666666686,0.0050000000000000044,10.96,0,11,200
2550,498616,102.3633333333335,0.0,10.91,0,10,200
2551,498816,102.36166666666678,0.0050000000000000044,10.825,0,9,200
2552,499016,102.08833333333352,0.0,10.865,0,10,200
2553,499216,102.36666666666686,0.0,10.87,0,10,200
2554,499416,102.17833333333343,0.0,10.805,0,12,200
2555,499616,97.44833333333347,0.025000000000000022,10.745,0,11,200
2556,499816,92.26833333333346,0.03500000000000003,10.925,0,13,200
2557,500016,101.18166666666683,0.0,10.975,0,11,200
2558,500216,90.09333333333343,0.050000000000000044,10.82,0,12,200
2559,500416,93.06166666666675,0.050000000000000044,10.585,0,12,200
2560,500616,98.62500000000013,0.015000000000000013,10.905,0,11,200
2561,500816,94.70333333333336,0.030000000000000027,10.85,0,12,200
2562,501016,102.43166666666679,0.0,10.825,0,11,200
2563,501216,101.15333333333355,0.0050000000000000044,11.0,0,9,200
2564,501416,103.9766666666668,0.0,10.96,0,6,200
2565,501616,101.07833333333353,0.0,10.955,0,12,200
2566,501816,102.07666666666682,0.0,10.9,0,9,200
2567,502016,98.16500000000016,0.015000000000000013,10.905,0,12,200
2568,502216,80.80166666666668,0.08999999999999997,10.915,0,16,200
2569,502416,84.87333333333345,0.050000000000000044,11.09,0,18,200
2570,502616,97.10833333333343,0.0050000000000000044,10.955,0,15,200
2571,502816,96.24499999999999,0.020000000000000018,10.935,0,12,200
2572,503016,101.10333333333354,0.0,11.12,0,7,200
2573,503216,104.16500000000013,0.0,10.965,0,6,200
2574,503416,103.26500000000017,0.0,10.965,0,6,200
2575,503616,102.5750000000001,0.0,10.995,0,8,200
2576,503816,88.30000000000003,0.050000000000000044,10.83,0,16,200
2577,504016,99.30333333333347,0.010000000000000009,11.03,0,9,200
2578,504216,103.71833333333358,0.0,11.075,0,3,200
2579,504416,102.59666666666682,0.0,10.99,0,7,200
2580,504616,105.0783333333335,0.0,10.895,0,6,200
2581,504816,101.95666666666668,0.0,11.14,0,5,200
2582,505016,103.79000000000016,0.0,10.98,0,5,200
2583,505216,101.80166666666673,0.0,11.035,0,8,200
2584,505416,101.89833333333348,0.0,10.985,0,9,200
2585,505616,101.7783333333335,0.0,11.015,0,8,200
2586,505816,93.30333333333347,0.050000000000000044,11.15,0,4,200
2587,506016,102.12000000000015,0.0050000000000000044,11.01,0,7,200
2588,506216,103.09333333333353,0.0,11.03,0,6,200
2589,506416,92.93000000000016,0.05500000000000005,11.13,0,4,200
2590,506616,95.24666666666678,0.010000000000000009,11.29,0,10,200
2591,506816,98.55000000000005,0.0,11.01,0,13,200
2592,507016,101.88166666666686,0.0,10.825,0,12,200
2593,507216,97.47833333333341,0.030000000000000027,10.955,0,7,200
2594,507416,101.15166666666684,0.010000000000000009,10.945,0,8,200
2595,507616,106.19833333333358,0.0,10.955,0,3,200
2596,507816,91.51833333333344,0.03500000000000003,10.955,0,15,200
2597,508016,101.6233333333335,0.0050000000000000044,10.97,0,6,200
2598,508216,99.88500000000015,0.0,10.995,0,11,200
2599,508416,102.24000000000015,0.0,10.89,0,9,200
2600,508616,94.69166666666675,0.040000000000000036,10.855,0,9,200
2601,508816,92.99833333333346,0.04500000000000004,10.895,0,9,200
2602,509016,96.18500000000004,0.020000000000000018,10.965,0,10,200
2603,509216,100.26333333333348,0.0050000000000000044,11.0,0,8,200
2604,509416,105.07166666666686,0.0,10.945,0,4,200
2605,509616,105.68166666666689,0.0,10.975,0,4,200
2606,509816,95.94333333333348,0.020000000000000018,11.06,0,10,200
2607,510016,102.3466666666668,0.0,11.02,0,7,200
2608,510216,103.26666666666691,0.0,10.99,0,7,200
2609,510416,103.06666666666685,0.0,10.96,0,7,200
2610,510616,100.02166666666685,0.015000000000000013,11.095,0,4,200
2611,510816,102.48333333333352,0.010000000000000009,10.91,0,6,200
2612,511016,100.9733333333335,0.010000000000000009,11.0,0,6,200
2613,511216,105.27000000000021,0.0,11.04,0,2,200
2614,511416,86.62500000000004,0.06999999999999995,11.085,0,8,200
2615,511616,93.95333333333342,0.040000000000000036,10.97,0,7,200
2616,511816,90.99666666666678,0.04500000000000004,11.11,0,10,200
2617,512016,100.96666666666682,0.0,10.9,0,10,200
2618,512216,101.80000000000018,0.0,11.13,0,7,200
2619,512416,93.83500000000008,0.040000000000000036,10.965,0,8,200
2620,512616,105.13000000000004,0.0,10.98,0,3,200
2621,512816,99.78166666666667,0.010000000000000009,10.945,0,9,200
2622,513016,104.18333333333348,0.0,10.97,0,6,200
2623,513216,102.38666666666684,0.0,10.99,0,8,200
2624,513416,98.01166666666683,0.025000000000000022,11.035,0,8,200
2625,513616,99.51166666666676,0.0050000000000000044,10.855,0,14,200
2626,513816,101.34333333333342,0.010000000000000009,10.88,0,8,200
2627,514016,102.8783333333335,0.0,10.925,0,9,200
2628,514216,94.49666666666683,0.03500000000000003,10.87,0,12,200
2629,514416,92.19500000000008,0.030000000000000027,10.935,0,15,200
2630,514616,105.86500000000025,0.0,11.025,0,3,200
2631,514816,104.02666666666686,0.0050000000000000044,10.9,0,4,200
2632,515016,101.52833333333344,0.010000000000000009,10.925,0,7,200
2633,515216,92.13333333333344,0.050000000000000044,10.94,0,8,200
2634,515416,100.14833333333347,0.020000000000000018,10.955,0,5,200
2635,515616,92.03833333333347,0.050000000000000044,10.925,0,10,200
2636,515816,98.92666666666686,0.0050000000000000044,10.96,0,13,200
2637,516016,98.52000000000017,0.010000000000000009,10.92,0,11,200
2638,516216,102.52166666666679,0.0,10.915,0,8,200
2639,516416,95.92500000000008,0.0,10.785,0,23,200
2640,516616,103.21666666666684,0.0,10.93,0,8,200
2641,516816,102.71500000000022,0.0,10.995,0,8,200
2642,517016,82.4300000000001,0.10499999999999998,10.92,0,8,200
2643,517216,93.27000000000017,0.020000000000000018,11.13,0,15,200
2644,517416,98.7016666666667,0.010000000000000009,11.125,0,8,200
2645,517616,97.12833333333325,0.0050000000000000044,11.105,0,12,200
2646,517816,100.71333333333321,0.0,11.09,0,8,200
2647,518016,102.5233333333333,0.0,11.03,0,6,200
2648,518216,104.02166666666676,0.0,11.035,0,5,200
2649,518416,97.06500000000014,0.0050000000000000044,11.055,0,15,200
2650,518616,102.74000000000018,0.0050000000000000044,10.95,0,6,200
2651,518816,98.32000000000014,0.010000000000000009,11.1,0,11,200
2652,519016,81.88333333333338,0.07499999999999996,11.18,0,12,200
2653,519216,106.21500000000013,0.0,10.965,0,2,200
2654,519416,93.51499999999989,0.015000000000000013,11.025,0,18,200
2655,519616,99.3166666666669,0.0,11.32,0,6,200
2656,519816,99.7733333333334,0.010000000000000009,11.09,0,7,200
2657,520016,97.10833333333345,0.010000000000000009,11.165,0,10,200
2658,520216,103.66000000000017,0.0,11.07,0,4,200
2659,520416,101.5466666666667,0.0050000000000000044,11.05,0,6,200
2660,520616,102.62333333333345,0.0,10.94,0,9,200
2661,520816,104.33833333333355,0.0,11.015,0,5,200
2662,521016,99.48833333333353,0.010000000000000009,11.075,0,9,200
2663,521216,103.68833333333359,0.0,11.015,0,5,200
2664,521416,87.3216666666667,0.06499999999999995,10.885,0,14,200
2665,521616,98.26833333333337,0.015000000000000013,11.015,0,9,200
2666,521816,103.29000000000022,0.0,10.89,0,7,200
2667,522016,103.63333333333354,0.0,10.97,0,7,200
2668,522216,98.25166666666682,0.015000000000000013,10.915,0,10,200
2669,522416,100.72500000000014,0.0,10.905,0,11,200
2670,522616,100.72000000000014,0.0,10.86,0,13,200
2671,522816,103.19000000000015,0.0,10.92,0,9,200
2672,523016,100.66833333333352,0.0050000000000000044,10.925,0,10,200
2673,523216,99.1833333333335,0.020000000000000018,10.97,0,7,200
2674,523416,103.55666666666684,0.0050000000000000044,10.87,0,6,200
2675,523616,93.53333333333346,0.04500000000000004,10.94,0,9,200
2676,523816,101.66833333333349,0.0,10.985,0,10,200
2677,524016,92.64333333333342,0.050000000000000044,10.82,0,10,200
2678,524216,89.42500000000007,0.05500000000000005,10.845,0,13,200
2679,524416,97.79666666666682,0.020000000000000018,10.93,0,9,200
2680,524616,100.30666666666677,0.0050000000000000044,10.93,0,10,200
2681,524816,91.5966666666668,0.05500000000000005,10.84,0,10,200
2682,525016,105.21666666666692,0.0,10.93,0,6,200
2683,525216,93.79000000000009,0.03500000000000003,10.95,0,13,200
2684,525416,103.2733333333335,0.0,10.94,0,8,200
2685,525616,99.76000000000018,0.015000000000000013,11.01,0,7,200
2686,525816,95.68000000000012,0.03500000000000003,10.95,0,9,200
2687,526016,98.70000000000016,0.0050000000000000044,11.01,0,13,200
2688,526216,104.04000000000025,0.0050000000000000044,10.89,0,6,200
2689,526416,92.60166666666673,0.040000000000000036,10.825,0,13,200
2690,526616,102.72666666666684,0.0050000000000000044,10.96,0,8,200
2691,526816,92.4800000000001,0.04500000000000004,10.83,0,13,200
2692,527016,97.98666666666675,0.0,10.99,0,13,200
2693,527216,97.09500000000014,0.015000000000000013,10.875,0,13,200
2694,527416,101.6350000000002,0.0050000000000000044,10.995,0,7,200
2695,527616,98.37166666666681,0.025000000000000022,10.855,0,7,200
2696,527816,99.97166666666678,0.0,10.885,0,13,200
2697,528016,101.00166666666688,0.015000000000000013,11.065,0,4,200
2698,528216,101.4650000000002,0.010000000000000009,10.965,0,6,200
2699,528416,84.23666666666674,0.08499999999999996,10.99,0,8,200
2700,528616,102.06333333333346,0.0,10.88,0,10,200
2701,528816,87.95500000000003,0.06499999999999995,10.845,0,12,200
2702,529016,96.64166666666682,0.020000000000000018,10.975,0,11,200
2703,529216,104.80833333333344,0.0,10.925,0,6,200
2704,529416,102.85833333333343,0.0,10.925,0,8,200
2705,529616,103.8566666666668,0.0,10.93,0,7,200
2706,529816,83.19000000000011,0.09499999999999997,10.86,0,11,200
2707,530016,94.38833333333356,0.025000000000000022,11.015,0,12,200
2708,530216,102.43833333333352,0.0,10.955,0,9,200
2709,530416,103.33833333333351,0.0050000000000000044,10.865,0,8,200
2710,530616,102.24166666666689,0.010000000000000009,10.975,0,6,200
2711,530816,97.70333333333343,0.015000000000000013,10.79,0,13,200
2712,531016,94.33166666666675,0.03500000000000003,10.915,0,11,200
2713,531216,98.4766666666669,0.010000000000000009,11.02,0,12,200
2714,531416,100.64166666666678,0.010000000000000009,10.945,0,9,200
2715,531616,96.62833333333346,0.025000000000000022,10.985,0,10,200
2716,531816,83.22000000000004,0.08999999999999997,11.04,0,9,200
2717,532016,98.85000000000011,0.020000000000000018,10.8,0,10,200
2718,532216,98.98500000000013,0.0050000000000000044,10.875,0,14,200
2719,532416,102.18000000000019,0.0050000000000000044,10.95,0,7,200
2720,532616,100.32333333333351,0.0050000000000000044,10.94,0,10,200
2721,532816,104.4416666666669,0.0,10.915,0,6,200
2722,533016,103.2250000000002,0.0,10.935,0,6,200
2723,533216,103.12333333333345,0.0,10.97,0,7,200
2724,533416,100.78000000000016,0.0,10.89,0,13,200
2725,533616,105.38166666666689,0.0,10.975,0,4,200
2726,533816,89.96500000000005,0.05500000000000005,10.965,0,10,200
2727,534016,104.16666666666687,0.0,10.9,0,8,200
2728,534216,92.34000000000012,0.04500000000000004,10.8,0,13,200
2729,534416,103.24500000000018,0.0050000000000000044,10.875,0,6,200
2730,534616,98.95500000000014,0.0050000000000000044,10.935,0,14,200
2731,534816,103.77666666666686,0.0,10.87,0,8,200
2732,535016,100.99333333333347,0.015000000000000013,10.91,0,7,200
2733,535216,81.46333333333342,0.08999999999999997,10.82,0,15,200
2734,535416,101.84333333333346,0.0050000000000000044,10.97,0,7,200
2735,535616,99.57666666666684,0.010000000000000009,10.87,0,11,200
2736,535816,97.01333333333342,0.015000000000000013,10.88,0,13,200
2737,536016,69.16499999999995,0.18000000000000005,10.815,0,6,200
2738,536216,103.7800000000002,0.010000000000000009,10.77,0,6,200
2739,536416,105.37000000000015,0.0,10.92,0,5,200
2740,536616,103.33166666666683,0.0,10.945,0,6,200
2741,536816,105.93000000000025,0.0,10.92,0,4,200
2742,537016,100.19000000000008,0.0,10.98,0,12,200
2743,537216,92.79833333333346,0.05500000000000005,10.985,0,5,200
2744,537416,104.28833333333348,0.0,10.925,0,7,200
2745,537616,104.74333333333355,0.0,10.91,0,7,200
2746,537816,98.13500000000018,0.025000000000000022,10.965,0,8,200
2747,538016,96.4116666666669,0.030000000000000027,11.095,0,7,200
2748,538216,101.24000000000018,0.0050000000000000044,10.92,0,11,200
2749,538416,99.03666666666692,0.010000000000000009,11.02,0,10,200
2750,538616,98.15000000000018,0.010000000000000009,10.95,0,12,200
2751,538816,81.41000000000005,0.10999999999999999,10.83,0,9,200
2752,539016,100.36000000000008,0.0,10.95,0,10,200
2753,539216,96.72166666666679,0.030000000000000027,10.945,0,6,200
2754,539416,92.81333333333346,0.03500000000000003,11.06,0,10,200
2755,539616,91.96500000000009,0.04500000000000004,10.875,0,12,200
2756,539816,99.84000000000017,0.015000000000000013,10.98,0,8,200
2757,540016,103.25833333333352,0.0,10.925,0,9,200
2758,540216,100.1583333333335,0.0050000000000000044,10.865,0,12,200
2759,540416,105.4300000000002,0.0,10.98,0,4,200
2760,540616,101.36000000000018,0.0,10.92,0,12,200
2761,540816,103.53166666666684,0.0,10.855,0,8,200
2762,541016,103.41833333333355,0.0050000000000000044,10.985,0,6,200
2763,541216,105.03500000000021,0.0,10.935,0,6,200
2764,541416,102.97000000000021,0.0,10.92,0,7,200
2765,541616,104.95166666666691,0.0050000000000000044,10.915,0,5,200
2766,541816,100.3700000000002,0.015000000000000013,11.01,0,6,200
2767,542016,104.77000000000015,0.0,10.92,0,6,200
2768,542216,93.95666666666679,0.04500000000000004,10.84,0,9,200
2769,542416,103.57833333333346,0.0050000000000000044,10.805,0,8,200
2770,542616,103.95500000000014,0.0,10.875,0,7,200
2771,542816,92.6833333333334,0.04500000000000004,10.88,0,10,200
2772,543016,92.74333333333324,0.03500000000000003,10.91,0,13,200
2773,543216,104.86666666666684,0.0,10.96,0,5,200
2774,543416,99.1150000000002,0.030000000000000027,10.875,0,6,200
2775,543616,101.05666666666679,0.0,10.9,0,12,200
2776,543816,99.8850000000001,0.015000000000000013,11.055,0,4,200
2777,544016,101.05166666666682,0.0,10.945,0,11,200
2778,544216,101.33833333333352,0.010000000000000009,10.895,0,8,200
2779,544416,105.55333333333354,0.0,10.97,0,3,200
2780,544616,92.76500000000016,0.040000000000000036,10.875,0,12,200
2781,544816,103.08333333333353,0.0,10.91,0,9,200
2782,545016,105.9416666666669,0.0,10.945,0,3,200
2783,545216,98.50333333333343,0.020000000000000018,10.91,0,10,200
2784,545416,98.92833333333341,0.015000000000000013,10.865,0,11,200
2785,545616,102.9166666666668,0.0,10.9,0,10,200
2786,545816,105.07666666666688,0.0,10.9,0,6,200
2787,546016,99.40166666666684,0.015000000000000013,10.975,0,9,200
2788,546216,104.6316666666669,0.0,10.975,0,5,200
2789,546416,98.05166666666678,0.020000000000000018,10.825,0,11,200
2790,546616,99.81500000000011,0.0050000000000000044,10.905,0,12,200
2791,546816,104.15333333333352,0.0,10.94,0,6,200
2792,547016,100.60166666666683,0.0,10.885,0,13,200
2793,547216,100.91000000000012,0.015000000000000013,10.89,0,7,200
2794,547416,79.93166666666669,0.09499999999999997,10.885,0,17,200
2795,547616,104.01666666666688,0.0050000000000000044,10.96,0,5,200
2796,547816,103.7400000000002,0.0,10.89,0,8,200
2797,548016,102.50833333333348,0.0,10.925,0,11,200
2798,548216,103.0800000000002,0.010000000000000009,11.01,0,3,200
2799,548416,103.93333333333354,0.0,10.97,0,6,200
2800,548616,88.81500000000007,0.05500000000000005,11.025,0,10,200
2801,548816,98.60500000000016,0.025000000000000022,10.875,0,9,200
2802,549016,104.44500000000015,0.0,10.935,0,6,200
2803,549216,102.48166666666685,0.0,10.945,0,8,200
2804,549416,98.47833333333341,0.015000000000000013,10.895,0,10,200
2805,549616,93.95500000000011,0.040000000000000036,10.875,0,11,200
2806,549816,102.25333333333356,0.015000000000000013,10.97,0,4,200
2807,550016,100.58166666666679,0.015000000000000013,10.945,0,6,200
2808,550216,92.66000000000014,0.03500000000000003,10.83,0,14,200
2809,550416,99.67500000000008,0.015000000000000013,10.875,0,8,200
2810,550616,102.74500000000015,0.0,10.905,0,9,200
2811,550816,70.77499999999993,0.15000000000000002,10.875,0,10,200
2812,551016,104.20666666666682,0.0,10.96,0,6,200
2813,551216,105.07333333333355,0.0,10.97,0,4,200
2814,551416,103.32500000000017,0.0,10.935,0,7,200
2815,551616,98.8450000000001,0.015000000000000013,10.875,0,10,200
2816,551816,99.05166666666686,0.015000000000000013,10.945,0,10,200
2817,552016,105.52000000000021,0.0,10.95,0,4,200
2818,552216,93.71833333333343,0.040000000000000036,10.895,0,12,200
2819,552416,101.04000000000013,0.0,10.86,0,13,200
2820,552616,107.3466666666669,0.0,10.87,0,3,200
2821,552816,91.55666666666667,0.020000000000000018,10.9,0,21,200
2822,553016,104.32333333333351,0.0050000000000000044,10.94,0,5,200
2823,553216,99.85833333333349,0.020000000000000018,11.015,0,5,200
2824,553416,103.42166666666678,0.0050000000000000044,10.855,0,7,200
2825,553616,98.10166666666683,0.020000000000000018,10.915,0,9,200
2826,553816,94.92833333333344,0.015000000000000013,10.865,0,16,200
2827,554016,98.60166666666689,0.015000000000000013,11.005,0,10,200
2828,554216,96.8033333333335,0.030000000000000027,10.94,0,8,200
2829,554416,96.8050000000001,0.025000000000000022,10.965,0,11,200
2830,554616,101.2600000000001,0.0,10.86,0,12,200
2831,554816,101.53833333333357,0.0050000000000000044,10.925,0,9,200
2832,555016,102.36666666666689,0.0,11.05,0,7,200
2833,555216,103.06500000000021,0.0,10.905,0,8,200
2834,555416,97.18666666666678,0.025000000000000022,11.08,0,6,200
2835,555616,93.44500000000015,0.04500000000000004,11.025,0,6,200
2836,555816,102.95000000000023,0.0,11.01,0,6,200
2837,556016,106.39666666666686,0.0,10.93,0,4,200
2838,556216,98.86000000000018,0.010000000000000009,10.98,0,11,200
2839,556416,99.54666666666682,0.025000000000000022,10.93,0,6,200
2840,556616,104.77500000000026,0.0,10.995,0,5,200
2841,556816,104.60666666666687,0.0050000000000000044,10.96,0,3,200
2842,557016,94.3233333333335,0.030000000000000027,10.91,0,13,200
2843,557216,99.34333333333349,0.025000000000000022,10.94,0,7,200
2844,557416,104.45500000000023,0.0,10.965,0,6,200
2845,557616,105.89833333333354,0.0,10.985,0,4,200
2846,557816,100.14000000000021,0.020000000000000018,10.98,0,6,200
2847,558016,99.48833333333339,0.015000000000000013,10.955,0,8,200
2848,558216,79.73333333333339,0.10999999999999999,10.85,0,11,200
2849,558416,84.96166666666673,0.04500000000000004,11.035,0,22,200
2850,558616,101.35833333333353,0.0,10.955,0,11,200
2851,558816,96.88000000000004,0.020000000000000018,10.95,0,12,200
2852,559016,102.50500000000022,0.0,11.055,0,8,200
2853,559216,100.67666666666695,0.0,11.05,0,9,200
2854,559416,89.98500000000017,0.05500000000000005,11.265,0,6,200
2855,559616,103.2016666666668,0.0050000000000000044,11.005,0,5,200
2856,559816,99.85333333333335,0.010000000000000009,11.09,0,8,200
2857,560016,102.7150000000001,0.0050000000000000044,10.965,0,6,200
2858,560216,90.24500000000009,0.020000000000000018,11.325,0,15,200
2859,560416,92.22333333333351,0.04500000000000004,11.15,0,7,200
2860,560616,90.81833333333341,0.0,10.895,0,29,200
2861,560816,89.2333333333334,0.07499999999999996,10.91,0,6,200
2862,561016,98.3466666666668,0.010000000000000009,11.02,0,11,200
2863,561216,103.37333333333352,0.0,11.06,0,5,200
2864,561416,102.23333333333335,0.0050000000000000044,11.06,0,5,200
2865,561616,104.05166666666679,0.0,10.915,0,7,200
2866,561816,103.06000000000004,0.0,10.98,0,8,200
2867,562016,102.3300000000001,0.0,10.89,0,10,200
2868,562216,100.50333333333352,0.0050000000000000044,11.12,0,8,200
2869,562416,99.87166666666688,0.010000000000000009,11.065,0,8,200
2870,562616,107.06166666666691,0.0,10.945,0,2,200
2871,562816,98.61166666666688,0.015000000000000013,10.975,0,10,200
2872,563016,102.47666666666672,0.0,10.96,0,9,200
2873,563216,86.12833333333337,0.040000000000000036,11.135,0,19,200
2874,563416,91.12666666666674,0.06499999999999995,10.9,0,6,200
2875,563616,96.19666666666664,0.010000000000000009,10.99,0,15,200
2876,563816,100.39333333333353,0.010000000000000009,10.97,0,8,200
2877,564016,101.63333333333333,0.0050000000000000044,10.97,0,8,200
2878,564216,103.68833333333343,0.0,10.925,0,6,200
2879,564416,98.79499999999997,0.010000000000000009,10.995,0,10,200
2880,564616,101.40666666666694,0.020000000000000018,11.02,0,4,200
2881,564816,96.6600000000002,0.015000000000000013,11.1,0,12,200
2882,565016,100.65166666666681,0.0050000000000000044,10.945,0,10,200
2883,565216,95.58833333333341,0.010000000000000009,11.135,0,15,200
2884,565416,105.33833333333355,0.0,10.955,0,4,200
2885,565616,95.08999999999989,0.015000000000000013,10.98,0,15,200
2886,565816,92.57666666666674,0.040000000000000036,11.05,0,10,200
2887,566016,104.94666666666683,0.0,10.93,0,4,200
2888,566216,104.30499999999995,0.0,10.695,0,10,200
2889,566416,96.35500000000016,0.010000000000000009,11.145,0,13,200
2890,566616,104.48666666666688,0.0050000000000000044,10.96,0,4,200
2891,566816,94.60333333333325,0.03500000000000003,11.0,0,10,200
2892,567016,98.73166666666677,0.025000000000000022,10.915,0,7,200
2893,567216,102.03666666666686,0.0050000000000000044,10.93,0,8,200
2894,567416,100.74500000000025,0.0050000000000000044,11.205,0,5,200
2895,567616,81.605,0.10499999999999998,10.935,0,8,200
2896,567816,102.11333333333354,0.0,11.0,0,8,200
2897,568016,102.18333333333342,0.0,11.0,0,7,200
2898,568216,100.23000000000022,0.0050000000000000044,11.01,0,10,200
2899,568416,89.80166666666673,0.06000000000000005,10.975,0,10,200
2900,568616,60.09666666666659,0.16000000000000003,11.08,0,24,200
2901,568816,102.1583333333333,0.0,10.955,0,10,200
2902,569016,104.52500000000023,0.0,10.905,0,6,200
2903,569216,102.20666666666685,0.0050000000000000044,11.02,0,7,200
2904,569416,100.0783333333335,0.0,11.195,0,11,200
2905,569616,103.58500000000012,0.0,10.995,0,6,200
2906,569816,79.68500000000003,0.08499999999999996,11.145,0,16,200
2907,570016,102.21333333333354,0.0050000000000000044,11.09,0,6,200
2908,570216,102.5950000000001,0.0,11.115,0,6,200
2909,570416,97.2016666666668,0.0050000000000000044,11.095,0,15,200
2910,570616,99.04166666666684,0.015000000000000013,11.185,0,7,200
2911,570816,102.95500000000007,0.0,11.085,0,6,200
2912,571016,102.93166666666687,0.0,11.065,0,7,200
2913,571216,105.22833333333348,0.0,11.015,0,3,200
2914,571416,101.3566666666669,0.0,11.17,0,8,200
2915,571616,99.83500000000018,0.0,11.205,0,10,200
2916,571816,98.14833333333334,0.020000000000000018,11.015,0,8,200
2917,572016,102.95500000000007,0.0,11.055,0,8,200
2918,572216,94.68166666666677,0.025000000000000022,11.005,0,14,200
2919,572416,102.4116666666667,0.0,11.065,0,7,200
2920,572616,100.46000000000001,0.015000000000000013,11.01,0,7,200
2921,572816,103.15666666666672,0.0,11.05,0,6,200
2922,573016,96.3683333333335,0.015000000000000013,11.315,0,9,200
2923,573216,100.8516666666668,0.0050000000000000044,11.095,0,8,200
2924,573416,104.75000000000011,0.0,11.04,0,4,200
2925,573616,101.19833333333347,0.0,11.165,0,8,200
2926,573816,94.75166666666675,0.025000000000000022,11.215,0,8,200
2927,574016,96.92000000000004,0.025000000000000022,10.92,0,7,200
2928,574216,101.08833333333345,0.015000000000000013,11.075,0,4,200
2929,574416,99.75000000000013,0.010000000000000009,11.16,0,7,200
2930,574616,98.52666666666661,0.010000000000000009,11.08,0,9,200
2931,574816,101.36000000000011,0.0,11.16,0,8,200
2932,575016,96.96499999999999,0.015000000000000013,11.085,0,11,200
2933,575216,105.06833333333358,0.0,11.045,0,4,200
2934,575416,103.56000000000019,0.0,10.98,0,6,200
2935,575616,96.78833333333338,0.0050000000000000044,11.135,0,13,200
2936,575816,105.6066666666668,0.0,11.05,0,1,200
2937,576016,105.62666666666685,0.0,10.96,0,4,200
2938,576216,98.63000000000027,0.010000000000000009,11.34,0,6,200
2939,576416,103.15666666666674,0.0,11.08,0,5,200
2940,576616,97.40000000000026,0.0,11.25,0,12,200
2941,576816,100.95666666666685,0.0,11.05,0,11,200
2942,577016,104.23833333333346,0.0,10.955,0,6,200
2943,577216,102.89833333333348,0.010000000000000009,11.045,0,4,200
2944,577416,101.59833333333329,0.0,11.075,0,8,200
2945,577616,101.08000000000011,0.0,10.98,0,11,200
2946,577816,102.0633333333333,0.0,11.15,0,6,200
2947,578016,102.87333333333328,0.0,11.09,0,6,200
2948,578216,104.2266666666667,0.0,11.11,0,4,200
2949,578416,104.26833333333347,0.0,10.955,0,7,200
2950,578616,85.8433333333334,0.08499999999999996,11.09,0,7,200
2951,578816,104.77333333333362,0.0,11.03,0,4,200
2952,579016,103.89833333333354,0.0,11.075,0,4,200
2953,579216,93.46333333333342,0.030000000000000027,11.3,0,8,200
2954,579416,101.95333333333345,0.0050000000000000044,11.0,0,5,200
2955,579616,99.14833333333354,0.0,11.165,0,9,200
2956,579816,104.01000000000015,0.0050000000000000044,11.07,0,3,200
2957,580016,100.98000000000017,0.0,11.19,0,7,200
2958,580216,98.47000000000006,0.015000000000000013,10.95,0,9,200
2959,580416,96.24333333333348,0.020000000000000018,11.15,0,10,200
2960,580616,96.17166666666661,0.030000000000000027,11.065,0,6,200
2961,580816,103.24000000000015,0.0,10.98,0,7,200
2962,581016,102.61666666666687,0.0050000000000000044,11.02,0,6,200
2963,581216,86.90500000000019,0.050000000000000044,11.115,0,14,200
2964,581416,96.60666666666681,0.015000000000000013,11.29,0,7,200
2965,581616,102.92166666666685,0.0050000000000000044,11.035,0,5,200
2966,581816,98.28833333333334,0.025000000000000022,11.045,0,5,200
2967,582016,93.67666666666688,0.040000000000000036,11.23,0,6,200
2968,582216,103.35500000000009,0.0,10.965,0,6,200
2969,582416,99.19833333333352,0.0,11.225,0,10,200
2970,582616,101.57333333333348,0.0,11.06,0,8,200
2971,582816,98.8550000000002,0.010000000000000009,11.235,0,7,200
2972,583016,105.14833333333344,0.0,11.045,0,4,200
2973,583216,99.60500000000017,0.0,11.205,0,11,200
2974,583416,105.78833333333354,0.0,10.985,0,3,200
2975,583616,98.23333333333339,0.010000000000000009,11.12,0,10,200
2976,583816,100.67500000000021,0.0050000000000000044,11.055,0,8,200
2977,584016,101.69833333333355,0.0050000000000000044,11.075,0,6,200
2978,584216,99.20666666666673,0.0,11.17,0,11,200
2979,584416,92.21833333333348,0.030000000000000027,11.255,0,10,200
2980,584616,105.25166666666681,0.0,11.005,0,4,200
2981,584816,103.63000000000007,0.0050000000000000044,11.1,0,2,200
2982,585016,102.03333333333342,0.0,11.03,0,7,200
2983,585216,88.52666666666686,0.06000000000000005,11.11,0,9,200
2984,585416,103.94000000000023,0.0,10.95,0,7,200
2985,585616,94.81833333333338,0.0,11.165,0,16,200
2986,585816,103.55166666666686,0.0,11.035,0,5,200
2987,586016,93.68833333333336,0.040000000000000036,11.075,0,7,200
2988,586216,99.61500000000025,0.0,10.995,0,10,200
2989,586416,103.30333333333346,0.0,11.0,0,8,200
2990,586616,106.22666666666692,0.0,10.9,0,3,200
2991,586816,92.01833333333344,0.015000000000000013,11.345,0,14,200
2992,587016,99.86333333333359,0.0,11.12,0,9,200
2993,587216,103.92666666666686,0.0,11.02,0,6,200
2994,587416,101.87666666666684,0.015000000000000013,11.05,0,3,200
2995,587616,101.56000000000009,0.010000000000000009,10.95,0,7,200
2996,587816,100.77666666666661,0.0050000000000000044,11.11,0,7,200
2997,588016,100.90166666666688,0.0,11.185,0,7,200
2998,588216,99.55666666666681,0.0050000000000000044,10.96,0,11,200
2999,588416,100.19333333333324,0.0050000000000000044,11.09,0,9,200
