episode,timestep,reward,sla_violation,mean_replicas,crashes,flapping_incidents,length
0,200,61.59166666666668,0.16000000000000003,6.505,0,72,200
1,400,48.9866666666667,0.31499999999999995,3.94,0,75,200
2,409,-20.878333333333334,1.0,1.2222222222222223,1,0,9
3,432,-16.898333333333333,0.6086956521739131,2.8260869565217392,1,3,23
4,439,-19.52,0.7142857142857143,1.7142857142857142,1,1,7
5,453,-21.490000000000002,0.8571428571428572,1.2857142857142858,1,3,14
6,653,82.80666666666659,0.08499999999999996,5.5,0,74,200
7,664,-22.116666666666667,0.7272727272727273,2.5454545454545454,1,5,11
8,678,-19.163333333333334,0.5714285714285714,2.2857142857142856,1,5,14
9,858,45.765,0.18333333333333335,3.65,1,75,180
10,872,-21.84333333333333,0.8571428571428572,1.8571428571428572,1,3,14
11,1072,86.89999999999998,0.010000000000000009,6.69,0,78,200
12,1087,-23.90833333333333,0.7333333333333334,2.3333333333333335,1,9,15
13,1287,89.36666666666667,0.06000000000000005,5.23,0,74,200
14,1295,-20.895,1.0,1.125,1,0,8
15,1305,-21.28333333333333,0.8,2.0,1,3,10
16,1418,1.5483333333333427,0.4513274336283186,2.982300884955752,1,35,113
17,1511,0.781666666666677,0.4301075268817204,2.5698924731182795,1,29,93
18,1711,77.07833333333333,0.04500000000000004,7.295,0,76,200
19,1716,-21.25,1.0,1.2,1,1,5
20,1721,-20.791666666666664,1.0,1.4,1,0,5
21,1901,34.493333333333425,0.2055555555555556,4.622222222222222,1,76,180
22,2101,99.36166666666657,0.05500000000000005,4.735,0,70,200
23,2125,-28.295,0.9166666666666666,2.625,1,10,24
24,2155,-16.404999999999998,0.5333333333333333,2.5,1,10,30
25,2199,-23.676666666666666,0.75,2.5454545454545454,1,14,44
26,2360,46.52999999999999,0.16770186335403725,5.031055900621118,1,43,161
27,2416,-14.878333333333334,0.5,2.6607142857142856,1,21,56
28,2616,99.2416666666666,0.04500000000000004,5.395,0,63,200
29,2816,94.56999999999995,0.0,7.29,0,61,200
30,3016,42.82499999999999,0.29000000000000004,5.295,0,79,200
31,3216,56.93500000000002,0.06000000000000005,8.295,0,86,200
32,3223,-19.958333333333336,0.8571428571428572,1.5714285714285714,1,0,7
33,3423,90.78333333333322,0.020000000000000018,6.68,0,66,200
34,3502,-14.659999999999997,0.5569620253164558,3.037974683544304,1,26,79
35,3530,-27.828333333333337,0.9642857142857143,1.8928571428571428,1,10,28
36,3697,25.72333333333335,0.3892215568862275,3.5449101796407185,1,41,167
37,3710,-21.533333333333335,0.9230769230769231,1.5384615384615385,1,2,13
38,3832,20.81333333333335,0.1885245901639344,4.704918032786885,1,46,122
39,3852,-12.378333333333334,0.25,3.25,1,6,20
40,3937,-3.0566666666666578,0.4117647058823529,3.152941176470588,1,29,85
41,4049,-11.003333333333332,0.5089285714285714,2.375,1,48,112
42,4249,83.59833333333326,0.08499999999999996,5.645,0,73,200
43,4258,-21.758333333333333,0.8888888888888888,1.8888888888888888,1,2,9
44,4458,92.21499999999996,0.010000000000000009,6.225,0,74,200
45,4615,11.715000000000007,0.4713375796178344,2.426751592356688,1,47,157
46,4646,-25.653333333333336,0.9032258064516129,1.8064516129032258,1,8,31
47,4846,72.55166666666662,0.14,6.055,0,68,200
48,5046,61.361666666666665,0.13,7.375,0,69,200
49,5246,96.23833333333333,0.06000000000000005,5.135,0,67,200
50,5377,-1.049999999999983,0.4961832061068703,2.7022900763358777,1,43,131
51,5577,84.03499999999997,0.11499999999999999,5.055,0,70,200
52,5729,-11.635,0.5921052631578947,2.3092105263157894,1,53,152
53,5905,41.67500000000001,0.17045454545454541,4.4147727272727275,1,70,176
54,5921,-23.426666666666666,0.9375,1.75,1,4,16
55,5929,-20.93333333333333,0.75,1.75,1,3,8
56,6107,57.53666666666662,0.0674157303370787,4.831460674157303,1,70,178
57,6162,-4.2233333333333185,0.38181818181818183,3.090909090909091,1,15,55
58,6279,13.643333333333366,0.27350427350427353,4.239316239316239,1,43,117
59,6290,-24.119999999999997,1.0,1.0909090909090908,1,4,11
60,6349,-7.16999999999998,0.4067796610169492,3.3559322033898304,1,19,59
61,6354,-20.39,1.0,1.2,1,0,5
62,6448,-16.36666666666667,0.6702127659574468,1.9574468085106382,1,25,94
63,6481,-17.406666666666666,0.6060606060606061,2.121212121212121,1,10,33
64,6681,31.418333333333337,0.45499999999999996,3.065,0,69,200
65,6868,36.503333333333345,0.23529411764705888,4.288770053475936,1,73,187
66,6933,-3.629999999999985,0.3384615384615385,4.338461538461538,1,20,65
67,6962,-12.674999999999999,0.4137931034482759,2.1724137931034484,1,9,29
68,7014,-2.7950000000000017,0.32692307692307687,2.5961538461538463,1,15,52
69,7071,6.158333333333342,0.1228070175438597,4.649122807017544,1,18,57
70,7271,81.56499999999993,0.0,7.575,0,79,200
71,7471,96.7799999999998,0.03500000000000003,4.65,0,79,200
72,7671,67.255,0.06499999999999995,7.245,0,85,200
73,7871,83.29333333333327,0.07999999999999996,5.51,0,75,200
74,7907,-12.563333333333333,0.5277777777777778,2.5555555555555554,1,7,36
75,7919,-16.826666666666668,0.41666666666666663,2.3333333333333335,1,3,12
76,8119,71.09333333333335,0.0,8.66,0,82,200
77,8236,13.920000000000027,0.27350427350427353,4.615384615384615,1,38,117
78,8436,92.80499999999992,0.06499999999999995,4.725,0,77,200
79,8636,53.51833333333336,0.32499999999999996,3.905,0,64,200
80,8836,85.00833333333325,0.08999999999999997,6.185,0,61,200
81,8854,-23.884999999999998,0.9444444444444444,1.8333333333333333,1,4,18
82,8862,-21.633333333333333,0.875,1.75,1,2,8
83,8874,-22.386666666666667,1.0,1.3333333333333333,1,2,12
84,9074,59.325,0.30000000000000004,4.005,0,63,200
85,9274,89.77166666666655,0.06499999999999995,4.885,0,79,200
86,9474,45.84500000000002,0.355,4.275,0,64,200
87,9674,83.10499999999993,0.05500000000000005,6.195,0,76,200
88,9874,85.21166666666656,0.14,4.375,0,72,200
89,10074,100.54833333333329,0.04500000000000004,5.225,0,64,200
90,10274,100.17999999999985,0.06499999999999995,5.31,0,59,200
91,10292,-19.673333333333336,0.6666666666666667,2.111111111111111,1,5,18
92,10492,90.90166666666661,0.0050000000000000044,6.235,0,77,200
93,10692,99.03999999999989,0.0,6.06,0,68,200
94,10795,23.475,0.2038834951456311,3.9320388349514563,1,28,103
95,10866,11.703333333333351,0.12676056338028174,4.197183098591549,1,26,71
96,10876,-19.688333333333336,0.9,1.1,1,0,10
97,11076,90.66499999999995,0.040000000000000036,5.145,0,79,200
98,11276,97.74666666666657,0.025000000000000022,5.68,0,69,200
99,11476,77.35166666666662,0.10499999999999998,5.305,0,81,200
100,11539,-17.326666666666664,0.5873015873015873,3.015873015873016,1,21,63
101,11739,82.0433333333333,0.06000000000000005,6.77,0,69,200
102,11939,64.0733333333333,0.19999999999999996,4.82,0,78,200
103,12139,66.23499999999997,0.16500000000000004,6.015,0,73,200
104,12170,-12.05,0.3870967741935484,3.4838709677419355,1,8,31
105,12370,100.60333333333324,0.015000000000000013,6.56,0,55,200
106,12570,70.14166666666668,0.18500000000000005,4.165,0,84,200
107,12759,33.33000000000003,0.20105820105820105,4.7936507936507935,1,86,189
108,12959,91.02666666666656,0.125,4.09,0,71,200
109,12970,-22.62333333333333,1.0,1.8181818181818181,1,2,11
110,13170,91.90999999999993,0.010000000000000009,6.96,0,66,200
111,13176,-20.773333333333333,1.0,1.3333333333333333,1,0,6
112,13376,100.44333333333324,0.03500000000000003,5.57,0,66,200
113,13576,83.55499999999988,0.12,4.725,0,74,200
114,13665,5.2483333333333455,0.3146067415730337,4.595505617977528,1,26,89
115,13670,-21.2,1.0,1.2,1,1,5
116,13695,-22.91166666666667,0.84,1.96,1,7,25
117,13859,54.14999999999999,0.060975609756097615,4.865853658536586,1,64,164
118,13998,47.67999999999998,0.03597122302158273,6.0,1,45,139
119,14198,73.07333333333325,0.22499999999999998,4.13,0,65,200
120,14398,93.70999999999988,0.03500000000000003,5.34,0,77,200
121,14598,82.41499999999999,0.16500000000000004,4.845,0,60,200
122,14798,92.54666666666655,0.0,6.64,0,71,200
123,14998,80.99166666666667,0.15500000000000003,4.765,0,65,200
124,15198,91.44166666666662,0.030000000000000027,6.085,0,72,200
125,15398,62.123333333333356,0.20499999999999996,5.48,0,72,200
126,15598,97.38666666666654,0.0,6.67,0,65,200
127,15798,88.48333333333318,0.07999999999999996,5.18,0,71,200
128,15998,86.3233333333333,0.0,6.59,0,85,200
129,16020,-16.441666666666666,0.36363636363636365,3.0454545454545454,1,11,22
130,16220,84.06166666666664,0.06999999999999995,5.245,0,83,200
131,16420,82.29666666666665,0.07499999999999996,6.55,0,64,200
132,16620,62.33333333333335,0.255,4.76,0,66,200
133,16629,-20.696666666666665,0.8888888888888888,1.1111111111111112,1,1,9
134,16829,98.78833333333321,0.015000000000000013,5.885,0,66,200
135,16843,-24.12333333333333,1.0,1.4285714285714286,1,4,14
136,17017,46.45499999999997,0.13218390804597702,6.051724137931035,1,57,174
137,17024,-20.636666666666667,0.8571428571428572,1.4285714285714286,1,1,7
138,17224,81.5816666666667,0.14500000000000002,5.155,0,65,200
139,17234,-19.281666666666666,0.8,1.9,1,0,10
140,17434,99.67499999999993,0.040000000000000036,6.075,0,57,200
141,17634,105.16499999999995,0.0050000000000000044,5.295,0,72,200
142,17676,-16.665,0.5714285714285714,3.2142857142857144,1,11,42
143,17876,92.07833333333326,0.04500000000000004,5.375,0,76,200
144,18076,96.35166666666656,0.0050000000000000044,6.085,0,73,200
145,18183,21.028333333333354,0.16822429906542058,4.775700934579439,1,38,107
146,18197,-24.511666666666667,1.0,1.7857142857142858,1,5,14
147,18397,91.99666666666656,0.0,6.85,0,73,200
148,18597,68.67,0.18000000000000005,5.43,0,70,200
149,18609,-17.455,0.5833333333333333,2.25,1,1,12
150,18809,115.0216666666666,0.0,5.185,0,58,200
151,19009,81.50833333333328,0.11499999999999999,4.985,0,79,200
152,19209,71.83166666666668,0.21999999999999997,5.035,0,57,200
153,19409,75.36999999999998,0.015000000000000013,8.1,0,74,200
154,19609,70.34000000000005,0.26,4.23,0,57,200
155,19809,91.78833333333336,0.0,6.095,0,83,200
156,20009,81.52166666666662,0.040000000000000036,6.265,0,85,200
157,20209,90.43666666666662,0.010000000000000009,6.49,0,78,200
158,20350,52.256666666666646,0.03546099290780147,4.695035460992908,1,50,141
159,20550,106.64166666666664,0.07999999999999996,5.005,0,46,200
160,20750,86.75499999999998,0.15000000000000002,4.065,0,69,200
161,20950,93.50333333333334,0.050000000000000044,5.84,0,67,200
162,21150,84.39499999999997,0.050000000000000044,5.955,0,79,200
163,21234,9.090000000000021,0.2857142857142857,3.4285714285714284,1,26,84
164,21434,88.62333333333326,0.030000000000000027,6.2,0,76,200
165,21634,87.65333333333325,0.040000000000000036,6.53,0,69,200
166,21811,51.15666666666665,0.13559322033898302,4.994350282485875,1,64,177
167,22011,101.44833333333317,0.025000000000000022,5.255,0,66,200
168,22211,73.88333333333325,0.05500000000000005,6.71,0,83,200
169,22411,86.26166666666661,0.06999999999999995,5.935,0,70,200
170,22611,101.00999999999993,0.020000000000000018,6.06,0,63,200
171,22811,83.41166666666656,0.10499999999999998,5.965,0,62,200
172,23011,88.54833333333332,0.06499999999999995,5.615,0,72,200
173,23211,87.57833333333325,0.010000000000000009,7.175,0,70,200
174,23411,90.60333333333327,0.04500000000000004,5.87,0,71,200
175,23611,99.41999999999986,0.020000000000000018,6.36,0,62,200
176,23811,89.23833333333329,0.050000000000000044,6.185,0,68,200
177,24011,93.0349999999999,0.04500000000000004,6.015,0,64,200
178,24211,101.3966666666666,0.025000000000000022,6.28,0,56,200
179,24411,82.91333333333323,0.0050000000000000044,7.4,0,76,200
180,24611,100.08833333333325,0.0,7.115,0,57,200
181,24777,53.67,0.09638554216867468,5.385542168674699,1,53,166
182,24977,91.9083333333333,0.08999999999999997,5.225,0,67,200
183,25177,100.9299999999999,0.06000000000000005,5.1,0,63,200
184,25358,57.259999999999934,0.16022099447513816,4.475138121546961,1,57,181
185,25558,81.92166666666654,0.06499999999999995,6.895,0,66,200
186,25758,76.64166666666668,0.14,5.125,0,73,200
187,25958,90.28166666666668,0.06499999999999995,5.695,0,70,200
188,26032,9.389999999999986,0.14864864864864868,5.513513513513513,1,21,74
189,26232,74.81333333333326,0.125,5.09,0,81,200
190,26432,102.0466666666666,0.020000000000000018,6.07,0,61,200
191,26461,-17.80666666666667,0.5862068965517242,2.6206896551724137,1,10,29
192,26470,-20.68333333333333,0.6666666666666667,1.5555555555555556,1,4,9
193,26670,73.72166666666665,0.135,5.305,0,74,200
194,26870,94.47499999999991,0.06999999999999995,5.625,0,60,200
195,27070,85.65666666666662,0.07499999999999996,5.98,0,68,200
196,27270,77.22499999999994,0.09499999999999997,5.835,0,75,200
197,27470,77.61500000000001,0.16000000000000003,4.995,0,67,200
198,27670,68.07499999999997,0.15000000000000002,5.325,0,79,200
199,27870,91.16333333333327,0.010000000000000009,6.26,0,76,200
200,28070,85.35333333333334,0.040000000000000036,5.99,0,79,200
201,28229,48.77166666666666,0.12578616352201255,4.937106918238993,1,52,159
202,28429,69.04166666666666,0.17000000000000004,5.365,0,74,200
203,28629,86.65166666666667,0.020000000000000018,6.715,0,72,200
204,28829,92.28166666666658,0.010000000000000009,6.475,0,74,200
205,29029,90.39166666666657,0.07499999999999996,5.935,0,63,200
206,29199,62.11833333333331,0.09999999999999998,5.123529411764705,1,48,170
207,29399,74.27999999999997,0.09499999999999997,6.66,0,70,200
208,29599,98.92666666666658,0.03500000000000003,6.19,0,59,200
209,29632,-16.553333333333335,0.5757575757575757,2.4242424242424243,1,10,33
210,29832,102.20999999999994,0.0,6.21,0,64,200
211,30032,72.73166666666664,0.05500000000000005,6.925,0,82,200
212,30232,86.38,0.025000000000000022,6.45,0,76,200
213,30432,99.15166666666661,0.050000000000000044,5.185,0,64,200
214,30444,-21.994999999999997,0.9166666666666666,2.25,1,2,12
215,30644,100.38333333333321,0.040000000000000036,5.78,0,61,200
216,30844,83.35833333333326,0.14500000000000002,5.075,0,65,200
217,31044,99.21499999999995,0.06499999999999995,5.685,0,55,200
218,31059,-17.473333333333333,0.4666666666666667,2.1333333333333333,1,5,15
219,31259,95.48499999999993,0.0,6.555,0,70,200
220,31451,61.22333333333329,0.06770833333333337,5.708333333333333,1,73,192
221,31458,-21.636666666666663,1.0,1.4285714285714286,1,2,7
222,31502,2.916666666666668,0.13636363636363635,3.590909090909091,1,12,44
223,31702,91.02666666666657,0.08499999999999996,5.47,0,66,200
224,31902,88.56833333333331,0.050000000000000044,6.155,0,72,200
225,32102,82.85999999999996,0.07999999999999996,6.18,0,73,200
226,32168,9.815000000000008,0.12121212121212122,5.045454545454546,1,20,66
227,32195,-16.358333333333334,0.4814814814814815,3.074074074074074,1,10,27
228,32395,80.67666666666662,0.14500000000000002,4.84,0,68,200
229,32595,93.44333333333327,0.0,6.53,0,74,200
230,32795,79.07,0.16000000000000003,5.37,0,61,200
231,32949,44.19999999999996,0.1428571428571429,4.558441558441558,1,54,154
232,33149,99.55833333333315,0.010000000000000009,6.515,0,64,200
233,33349,93.03999999999995,0.125,4.62,0,60,200
234,33549,97.1833333333333,0.025000000000000022,5.9,0,67,200
235,33749,91.93999999999996,0.0,6.12,0,81,200
236,33763,-18.156666666666666,0.5,2.4285714285714284,1,5,14
237,33963,94.92499999999997,0.030000000000000027,5.745,0,76,200
238,34119,44.603333333333325,0.1282051282051282,5.564102564102564,1,49,156
239,34319,87.28666666666659,0.05500000000000005,6.31,0,70,200
240,34519,87.43166666666664,0.040000000000000036,6.265,0,73,200
241,34719,89.38833333333329,0.07499999999999996,5.135,0,74,200
242,34919,102.03499999999993,0.0050000000000000044,6.465,0,61,200
243,35119,91.99499999999998,0.0050000000000000044,6.495,0,75,200
244,35319,96.61833333333335,0.030000000000000027,6.125,0,66,200
245,35519,93.1566666666666,0.050000000000000044,5.53,0,71,200
246,35719,84.60000000000001,0.025000000000000022,6.81,0,80,200
247,35919,97.45999999999994,0.040000000000000036,5.64,0,67,200
248,36119,92.22499999999995,0.015000000000000013,6.375,0,75,200
249,36319,82.12666666666661,0.09999999999999998,5.62,0,73,200
250,36519,84.48000000000002,0.10499999999999998,5.43,0,70,200
251,36719,102.14166666666655,0.025000000000000022,5.965,0,62,200
252,36766,-6.153333333333327,0.34042553191489366,3.234042553191489,1,16,47
253,36966,75.90333333333331,0.18500000000000005,4.28,0,71,200
254,37166,104.00499999999998,0.04500000000000004,5.175,0,60,200
255,37175,-20.715,0.8888888888888888,1.6666666666666667,1,1,9
256,37375,78.78833333333327,0.09499999999999997,5.945,0,78,200
257,37575,95.67499999999987,0.010000000000000009,6.165,0,73,200
258,37775,87.58333333333324,0.03500000000000003,6.14,0,77,200
259,37975,99.13333333333325,0.0050000000000000044,6.11,0,72,200
260,38175,69.08166666666669,0.16000000000000003,5.365,0,74,200
261,38375,94.07333333333328,0.06000000000000005,5.9,0,60,200
262,38575,80.87499999999993,0.08999999999999997,5.325,0,81,200
263,38775,106.1116666666666,0.030000000000000027,5.065,0,66,200
264,38975,101.66666666666659,0.0,6.58,0,60,200
265,38985,-18.245,0.5,2.1,1,3,10
266,39185,92.31500000000003,0.030000000000000027,5.355,0,79,200
267,39385,93.22499999999997,0.050000000000000044,5.415,0,72,200
268,39440,-12.706666666666669,0.4727272727272728,3.672727272727273,1,19,55
269,39640,100.33666666666659,0.020000000000000018,5.65,0,70,200
270,39840,102.88999999999989,0.0,6.42,0,59,200
271,40040,109.21666666666648,0.0,6.34,0,53,200
272,40240,73.76000000000006,0.19999999999999996,4.14,0,76,200
273,40440,108.87999999999997,0.0050000000000000044,5.43,0,61,200
274,40640,92.89999999999996,0.07499999999999996,4.95,0,70,200
275,40840,96.36166666666655,0.040000000000000036,5.245,0,75,200
276,41040,98.20999999999982,0.0,5.94,0,78,200
277,41115,19.836666666666673,0.10666666666666669,4.346666666666667,1,18,75
278,41315,102.95166666666665,0.0,5.785,0,68,200
279,41515,116.6183333333333,0.0,5.465,0,52,200
280,41715,80.43999999999996,0.12,5.88,0,63,200
281,41791,6.270000000000017,0.23684210526315785,4.657894736842105,1,23,76
282,41991,91.7866666666666,0.06499999999999995,6.4,0,57,200
283,42191,107.90500000000003,0.040000000000000036,5.505,0,53,200
284,42204,-19.44833333333333,0.6923076923076923,1.3076923076923077,1,3,13
285,42404,90.5983333333333,0.10499999999999998,4.805,0,68,200
286,42604,94.12999999999994,0.030000000000000027,6.15,0,68,200
287,42804,97.46333333333332,0.025000000000000022,5.0,0,78,200
288,43004,96.24166666666662,0.06000000000000005,4.915,0,71,200
289,43204,91.01666666666662,0.10499999999999998,4.84,0,68,200
290,43404,98.43999999999991,0.010000000000000009,6.36,0,65,200
291,43604,97.48833333333329,0.10499999999999998,4.595,0,63,200
292,43804,102.54999999999998,0.05500000000000005,5.43,0,60,200
293,44004,98.55999999999995,0.08499999999999996,4.92,0,60,200
294,44204,105.33833333333332,0.010000000000000009,5.615,0,64,200
295,44404,97.60999999999989,0.050000000000000044,5.64,0,64,200
296,44604,96.94333333333334,0.050000000000000044,4.97,0,74,200
297,44804,99.70833333333324,0.015000000000000013,5.315,0,75,200
298,45004,92.87499999999989,0.06999999999999995,4.545,0,81,200
299,45204,105.22333333333327,0.06000000000000005,5.36,0,53,200
300,45404,98.13333333333323,0.03500000000000003,5.24,0,71,200
301,45604,96.23166666666665,0.010000000000000009,5.695,0,77,200
302,45804,89.96999999999993,0.08499999999999996,4.47,0,79,200
303,46004,108.73833333333326,0.010000000000000009,5.375,0,65,200
304,46204,70.19666666666664,0.19499999999999995,4.24,0,79,200
305,46404,100.80666666666662,0.06999999999999995,5.35,0,56,200
306,46604,106.54333333333331,0.030000000000000027,5.33,0,62,200
307,46804,104.3016666666666,0.0,6.055,0,65,200
308,47004,103.63333333333327,0.06499999999999995,5.3,0,56,200
309,47204,100.47166666666665,0.05500000000000005,5.455,0,60,200
310,47404,92.71833333333326,0.09999999999999998,4.685,0,71,200
311,47604,93.7883333333333,0.050000000000000044,4.985,0,76,200
312,47804,81.18666666666667,0.09999999999999998,5.47,0,74,200
313,48004,78.66833333333334,0.14,4.685,0,81,200
314,48204,91.90833333333336,0.06000000000000005,5.615,0,69,200
315,48404,103.40166666666663,0.030000000000000027,5.785,0,60,200
316,48604,101.45166666666657,0.04500000000000004,5.005,0,67,200
317,48804,102.31333333333328,0.05500000000000005,5.09,0,62,200
318,49004,81.33500000000004,0.050000000000000044,5.505,0,90,200
319,49204,93.76833333333332,0.06999999999999995,5.015,0,72,200
320,49404,105.54500000000004,0.0,6.165,0,61,200
321,49604,88.23333333333335,0.06999999999999995,5.48,0,72,200
322,49804,97.27833333333335,0.05500000000000005,5.075,0,71,200
323,50004,98.01166666666664,0.050000000000000044,5.485,0,65,200
324,50204,97.52999999999996,0.040000000000000036,5.64,0,67,200
325,50404,84.08499999999994,0.09999999999999998,4.455,0,89,200
326,50604,116.63000000000004,0.0,5.4,0,55,200
327,50804,91.82666666666665,0.07999999999999996,5.53,0,68,200
328,51004,100.34166666666657,0.0,5.335,0,77,200
329,51204,96.53999999999992,0.010000000000000009,5.94,0,73,200
330,51404,97.83333333333327,0.07499999999999996,5.87,0,54,200
331,51604,100.84499999999986,0.0050000000000000044,5.865,0,70,200
332,51804,93.53833333333334,0.06000000000000005,5.405,0,71,200
333,52004,75.34333333333328,0.18500000000000005,4.52,0,72,200
334,52204,102.5599999999999,0.010000000000000009,5.55,0,69,200
335,52404,99.3816666666665,0.03500000000000003,5.395,0,70,200
336,52604,98.59,0.03500000000000003,5.13,0,75,200
337,52804,102.8599999999998,0.0050000000000000044,6.12,0,65,200
338,53004,104.03166666666657,0.020000000000000018,5.395,0,68,200
339,53204,102.82333333333321,0.0,6.14,0,64,200
340,53404,107.91333333333326,0.015000000000000013,5.57,0,62,200
341,53477,10.29666666666667,0.15068493150684936,5.123287671232877,1,23,73
342,53677,113.7416666666666,0.0,5.545,0,58,200
343,53877,95.26999999999998,0.03500000000000003,5.76,0,71,200
344,54077,102.98999999999997,0.020000000000000018,5.67,0,66,200
345,54277,105.7833333333332,0.050000000000000044,4.97,0,61,200
346,54477,91.8016666666666,0.08499999999999996,5.335,0,67,200
347,54677,102.39833333333326,0.025000000000000022,5.705,0,65,200
348,54877,112.56999999999987,0.0,5.67,0,57,200
349,55077,91.75166666666658,0.06000000000000005,5.275,0,76,200
350,55277,92.10999999999993,0.050000000000000044,5.61,0,70,200
351,55315,-19.136666666666667,0.5263157894736843,2.789473684210526,1,19,38
352,55515,100.21833333333326,0.025000000000000022,5.225,0,73,200
353,55521,-23.508333333333333,1.0,1.8333333333333333,1,4,6
354,55721,99.25999999999993,0.0,5.52,0,81,200
355,55921,89.51500000000003,0.06000000000000005,5.805,0,72,200
356,56121,96.7116666666666,0.0,5.965,0,79,200
357,56152,-3.4266666666666623,0.19354838709677424,4.580645161290323,1,2,31
358,56352,97.47666666666667,0.040000000000000036,5.8,0,66,200
359,56552,101.85833333333328,0.0,6.725,0,57,200
360,56752,103.7016666666667,0.0,5.935,0,64,200
361,56952,103.35833333333335,0.0,5.735,0,70,200
362,57152,100.21833333333323,0.015000000000000013,5.975,0,67,200
363,57352,107.22999999999995,0.020000000000000018,5.43,0,63,200
364,57552,94.90666666666658,0.06999999999999995,4.87,0,74,200
365,57752,108.39666666666666,0.010000000000000009,5.53,0,61,200
366,57952,101.15833333333326,0.0050000000000000044,6.305,0,64,200
367,57959,-22.24833333333333,1.0,1.5714285714285714,1,2,7
368,58159,112.53,0.020000000000000018,5.22,0,56,200
369,58359,92.26499999999986,0.010000000000000009,5.835,0,83,200
370,58559,100.23166666666664,0.05500000000000005,5.155,0,67,200
371,58759,105.71833333333326,0.010000000000000009,5.825,0,62,200
372,58780,-22.706666666666667,0.9047619047619048,2.1904761904761907,1,4,21
373,58980,95.40833333333333,0.09999999999999998,5.315,0,55,200
374,59180,103.57999999999996,0.03500000000000003,5.37,0,66,200
375,59380,107.13833333333329,0.0,5.975,0,59,200
376,59580,107.74499999999995,0.0,6.075,0,57,200
377,59780,93.55833333333337,0.09499999999999997,4.955,0,67,200
378,59980,96.89833333333324,0.04500000000000004,5.915,0,65,200
379,60180,112.57499999999995,0.030000000000000027,5.625,0,48,200
380,60380,100.06000000000009,0.010000000000000009,5.76,0,69,200
381,60580,108.43666666666645,0.030000000000000027,6.31,0,48,200
382,60588,-22.516666666666666,1.0,2.0,1,2,8
383,60788,110.32833333333335,0.010000000000000009,5.555,0,60,200
384,60988,109.47499999999994,0.010000000000000009,5.895,0,55,200
385,61188,102.61833333333323,0.0050000000000000044,5.885,0,66,200
386,61388,113.42166666666658,0.0,5.635,0,55,200
387,61588,94.38999999999994,0.06999999999999995,5.76,0,62,200
388,61788,96.90999999999994,0.09999999999999998,5.49,0,48,200
389,61988,111.84666666666654,0.0050000000000000044,5.62,0,55,200
390,62188,64.45333333333333,0.22499999999999998,4.49,0,78,200
391,62388,112.09499999999997,0.0050000000000000044,5.835,0,54,200
392,62452,4.886666666666674,0.171875,4.71875,1,21,64
393,62652,105.78166666666665,0.03500000000000003,5.425,0,61,200
394,62852,114.39499999999983,0.010000000000000009,5.055,0,57,200
395,63052,126.50833333333337,0.0,5.225,0,38,200
396,63252,90.69833333333325,0.09999999999999998,4.655,0,71,200
397,63452,110.03833333333336,0.0050000000000000044,5.675,0,57,200
398,63652,101.76666666666664,0.05500000000000005,4.9,0,66,200
399,63852,108.2316666666666,0.020000000000000018,5.845,0,55,200
400,64052,93.68500000000002,0.050000000000000044,5.505,0,70,200
401,64252,111.25499999999991,0.015000000000000013,5.895,0,52,200
402,64452,96.12666666666662,0.040000000000000036,5.26,0,77,200
403,64652,111.74666666666657,0.0,5.65,0,58,200
404,64852,95.42499999999991,0.06000000000000005,5.445,0,67,200
405,65052,109.55999999999989,0.020000000000000018,5.52,0,57,200
406,65252,98.38999999999997,0.010000000000000009,5.43,0,79,200
407,65452,93.37833333333334,0.06499999999999995,5.585,0,66,200
408,65652,106.43499999999995,0.015000000000000013,5.565,0,64,200
409,65852,115.71999999999991,0.0,5.67,0,52,200
410,66052,98.35000000000004,0.050000000000000044,5.43,0,67,200
411,66252,105.55333333333331,0.0,5.6,0,68,200
412,66452,107.805,0.0,5.535,0,66,200
413,66652,104.46166666666659,0.0,6.025,0,63,200
414,66852,104.45666666666659,0.010000000000000009,5.71,0,68,200
415,67052,103.7016666666666,0.05500000000000005,5.305,0,58,200
416,67252,79.42999999999996,0.18000000000000005,5.19,0,58,200
417,67452,95.00833333333325,0.09499999999999997,4.925,0,67,200
418,67652,84.41333333333333,0.135,4.7,0,67,200
419,67852,107.79666666666664,0.0050000000000000044,5.41,0,67,200
420,68052,106.16833333333328,0.0050000000000000044,5.435,0,68,200
421,68252,111.34166666666665,0.0,5.425,0,64,200
422,68452,101.90333333333328,0.040000000000000036,5.3,0,66,200
423,68652,103.00166666666664,0.025000000000000022,5.875,0,61,200
424,68852,102.9616666666667,0.020000000000000018,5.665,0,68,200
425,68995,52.236666666666636,0.0699300699300699,5.300699300699301,1,37,143
426,69195,104.31833333333324,0.06499999999999995,5.315,0,52,200
427,69395,110.05666666666654,0.010000000000000009,5.62,0,56,200
428,69595,107.73333333333333,0.0,5.6,0,64,200
429,69795,105.29333333333327,0.04500000000000004,5.3,0,58,200
430,69995,107.55166666666656,0.0050000000000000044,5.845,0,60,200
431,70195,94.28833333333338,0.10999999999999999,5.345,0,54,200
432,70395,109.05333333333328,0.030000000000000027,5.63,0,53,200
433,70595,102.3566666666666,0.04500000000000004,5.26,0,65,200
434,70795,87.34666666666662,0.16500000000000004,4.87,0,55,200
435,70995,105.71833333333323,0.040000000000000036,5.165,0,62,200
436,71070,11.42833333333336,0.1466666666666666,4.493333333333333,1,28,75
437,71270,111.21166666666672,0.0,5.785,0,57,200
438,71470,111.14666666666662,0.0,5.59,0,62,200
439,71670,111.09833333333327,0.030000000000000027,5.285,0,56,200
440,71870,107.71333333333331,0.0050000000000000044,5.81,0,62,200
441,72070,96.55666666666662,0.10499999999999998,5.02,0,58,200
442,72270,100.17999999999988,0.025000000000000022,5.55,0,70,200
443,72470,114.6783333333333,0.0050000000000000044,5.405,0,56,200
444,72670,108.42999999999992,0.0,5.61,0,65,200
445,72870,99.10999999999993,0.015000000000000013,5.16,0,81,200
446,73070,114.08333333333329,0.010000000000000009,5.39,0,57,200
447,73270,112.43833333333323,0.025000000000000022,5.435,0,51,200
448,73446,60.29333333333334,0.14204545454545459,4.420454545454546,1,55,176
449,73646,104.71666666666665,0.0050000000000000044,5.59,0,70,200
450,73846,111.18999999999994,0.0,5.4,0,61,200
451,74046,108.26333333333328,0.030000000000000027,5.15,0,62,200
452,74246,109.95666666666652,0.0,5.8,0,60,200
453,74446,106.34333333333326,0.020000000000000018,5.9,0,59,200
454,74646,100.61166666666661,0.025000000000000022,5.365,0,71,200
455,74846,106.95000000000002,0.025000000000000022,5.7,0,58,200
456,75046,110.37666666666658,0.010000000000000009,5.5,0,64,200
457,75246,107.15166666666663,0.010000000000000009,5.875,0,57,200
458,75446,96.0433333333333,0.08999999999999997,4.55,0,69,200
459,75646,96.56166666666662,0.10499999999999998,5.215,0,56,200
460,75690,0.9466666666666725,0.11363636363636365,4.681818181818182,1,13,44
461,75890,109.30333333333331,0.0,5.84,0,61,200
462,76090,104.48999999999991,0.010000000000000009,5.85,0,66,200
463,76290,102.98666666666658,0.050000000000000044,5.59,0,57,200
464,76490,102.60666666666661,0.010000000000000009,5.83,0,67,200
465,76690,104.43666666666657,0.050000000000000044,5.11,0,62,200
466,76890,112.66666666666661,0.020000000000000018,5.68,0,53,200
467,77090,109.96999999999991,0.015000000000000013,5.4,0,60,200
468,77290,105.37833333333323,0.010000000000000009,5.375,0,70,200
469,77490,112.0183333333333,0.0050000000000000044,5.405,0,57,200
470,77690,103.98833333333339,0.05500000000000005,5.195,0,60,200
471,77890,117.16499999999999,0.0050000000000000044,5.625,0,49,200
472,78090,99.70333333333328,0.07999999999999996,5.48,0,53,200
473,78290,94.08000000000003,0.07499999999999996,5.13,0,67,200
474,78490,98.4233333333333,0.07999999999999996,5.12,0,63,200
475,78690,109.9966666666666,0.025000000000000022,5.2,0,58,200
476,78890,105.70666666666673,0.05500000000000005,5.26,0,56,200
477,79090,104.40166666666659,0.04500000000000004,5.305,0,58,200
478,79290,96.98499999999989,0.06499999999999995,5.025,0,70,200
479,79490,109.15499999999993,0.050000000000000044,5.445,0,51,200
480,79690,106.79166666666664,0.030000000000000027,5.095,0,62,200
481,79890,112.08166666666669,0.025000000000000022,4.915,0,60,200
482,80090,114.1516666666666,0.0050000000000000044,5.455,0,55,200
483,80290,108.55333333333327,0.0,5.78,0,63,200
484,80490,109.08333333333326,0.010000000000000009,5.15,0,69,200
485,80690,107.90333333333335,0.03500000000000003,5.03,0,62,200
486,80890,109.98999999999998,0.03500000000000003,5.52,0,50,200
487,81090,106.49166666666663,0.020000000000000018,5.575,0,61,200
488,81290,106.23999999999995,0.03500000000000003,5.43,0,61,200
489,81490,116.93666666666661,0.0,5.47,0,55,200
490,81690,104.27833333333332,0.0,5.855,0,66,200
491,81890,105.93999999999996,0.06000000000000005,5.4,0,53,200
492,82090,115.59166666666654,0.010000000000000009,5.245,0,54,200
493,82290,106.0066666666666,0.050000000000000044,5.44,0,51,200
494,82490,102.54666666666665,0.04500000000000004,5.71,0,58,200
495,82690,116.61999999999996,0.0,5.82,0,48,200
496,82890,111.89666666666656,0.0,5.89,0,54,200
497,83090,117.955,0.015000000000000013,5.295,0,48,200
498,83290,107.95833333333337,0.030000000000000027,5.795,0,51,200
499,83490,110.8716666666666,0.010000000000000009,5.605,0,55,200
500,83690,105.82999999999993,0.06000000000000005,5.16,0,53,200
501,83890,109.57166666666659,0.0,5.515,0,65,200
502,84090,103.76999999999992,0.030000000000000027,5.55,0,67,200
503,84290,106.28333333333326,0.04500000000000004,5.75,0,51,200
504,84490,102.03666666666663,0.07999999999999996,5.53,0,49,200
505,84690,112.81833333333324,0.0050000000000000044,5.255,0,59,200
506,84890,113.4266666666666,0.0050000000000000044,5.77,0,53,200
507,85090,108.54999999999997,0.015000000000000013,5.49,0,59,200
508,85290,108.67166666666655,0.015000000000000013,5.695,0,60,200
509,85490,101.08666666666662,0.04500000000000004,5.68,0,62,200
510,85690,106.92999999999991,0.0,5.55,0,68,200
511,85890,109.92166666666668,0.015000000000000013,5.605,0,58,200
512,86090,110.98999999999998,0.030000000000000027,5.67,0,51,200
513,86290,108.06499999999994,0.0,5.655,0,65,200
514,86490,111.63833333333321,0.0,5.555,0,62,200
515,86690,115.15166666666657,0.0050000000000000044,5.755,0,53,200
516,86890,115.90166666666657,0.0050000000000000044,5.455,0,54,200
517,87090,115.53666666666662,0.030000000000000027,5.59,0,45,200
518,87290,112.01666666666658,0.025000000000000022,5.77,0,50,200
519,87490,112.46999999999998,0.0,5.43,0,62,200
520,87690,94.29000000000008,0.040000000000000036,5.49,0,77,200
521,87890,108.24000000000007,0.0050000000000000044,5.79,0,60,200
522,88090,108.70999999999985,0.0,5.52,0,65,200
523,88290,114.78333333333342,0.0,6.05,0,46,200
524,88490,102.17166666666667,0.0,6.805,0,57,200
525,88690,112.82166666666663,0.03500000000000003,5.665,0,47,200
526,88890,112.4783333333333,0.0,5.705,0,57,200
527,89090,110.83999999999997,0.0,6.03,0,55,200
528,89290,106.73999999999994,0.040000000000000036,5.4,0,55,200
529,89490,108.30833333333338,0.0050000000000000044,5.735,0,60,200
530,89690,111.62666666666662,0.0050000000000000044,5.8,0,58,200
531,89890,99.2866666666666,0.0,5.59,0,80,200
532,90090,115.11499999999995,0.015000000000000013,5.655,0,49,200
533,90290,106.47666666666662,0.0,5.77,0,69,200
534,90490,97.5316666666667,0.040000000000000036,5.875,0,64,200
535,90690,110.50166666666657,0.0050000000000000044,5.485,0,60,200
536,90890,99.61999999999998,0.025000000000000022,5.85,0,65,200
537,91090,118.29333333333341,0.010000000000000009,5.69,0,44,200
538,91290,104.61833333333331,0.04500000000000004,5.255,0,59,200
539,91490,115.76999999999997,0.03500000000000003,5.19,0,46,200
540,91690,121.545,0.0050000000000000044,5.445,0,47,200
541,91890,110.20833333333333,0.015000000000000013,5.345,0,61,200
542,92090,117.56333333333328,0.0050000000000000044,5.51,0,48,200
543,92290,109.10333333333337,0.04500000000000004,5.78,0,45,200
544,92490,107.79999999999987,0.06000000000000005,5.22,0,50,200
545,92690,116.35166666666665,0.0,5.395,0,52,200
546,92890,113.11833333333324,0.0050000000000000044,5.705,0,53,200
547,93090,117.93166666666657,0.0,5.515,0,50,200
548,93290,115.4233333333333,0.0050000000000000044,5.21,0,58,200
549,93490,101.75166666666661,0.07999999999999996,5.425,0,50,200
550,93690,103.49999999999991,0.025000000000000022,5.46,0,66,200
551,93890,107.0049999999999,0.0,5.715,0,67,200
552,94090,112.21833333333326,0.0,5.765,0,55,200
553,94290,112.87333333333329,0.0050000000000000044,5.9,0,53,200
554,94490,111.40166666666651,0.03500000000000003,5.155,0,55,200
555,94690,102.64499999999984,0.015000000000000013,5.445,0,69,200
556,94890,109.705,0.020000000000000018,5.505,0,57,200
557,95090,115.26333333333324,0.010000000000000009,5.39,0,55,200
558,95290,113.08166666666654,0.0050000000000000044,5.425,0,55,200
559,95490,100.82666666666663,0.125,5.11,0,41,200
560,95690,114.74833333333315,0.0,5.465,0,58,200
561,95890,116.4116666666665,0.0,5.365,0,57,200
562,96090,105.61999999999998,0.05500000000000005,5.37,0,54,200
563,96290,103.43666666666664,0.010000000000000009,5.62,0,71,200
564,96490,106.30833333333324,0.015000000000000013,5.675,0,66,200
565,96690,106.43166666666663,0.020000000000000018,5.605,0,61,200
566,96890,103.35833333333319,0.05500000000000005,5.105,0,62,200
567,97090,118.36999999999992,0.0,5.52,0,53,200
568,97290,111.01499999999999,0.0,5.685,0,60,200
569,97490,113.49499999999996,0.0,5.745,0,54,200
570,97690,108.1083333333333,0.0,5.735,0,63,200
571,97890,116.34499999999997,0.0,5.685,0,52,200
572,98090,109.21333333333331,0.06999999999999995,5.33,0,44,200
573,98290,115.88666666666671,0.0,5.41,0,55,200
574,98490,121.77166666666656,0.010000000000000009,5.545,0,41,200
575,98690,108.79999999999998,0.0,5.28,0,70,200
576,98890,108.80833333333325,0.0,5.795,0,60,200
577,99090,111.50499999999987,0.025000000000000022,5.415,0,54,200
578,99290,114.01166666666659,0.0,5.965,0,54,200
579,99490,111.18166666666662,0.0,5.935,0,55,200
580,99690,107.0466666666666,0.020000000000000018,5.62,0,62,200
581,99890,116.26166666666664,0.0050000000000000044,5.845,0,47,200
582,100090,107.33666666666666,0.0,6.07,0,58,200
583,100290,118.29166666666654,0.015000000000000013,5.575,0,48,200
584,100490,107.30333333333333,0.03500000000000003,5.84,0,53,200
585,100690,105.85166666666663,0.06499999999999995,5.575,0,49,200
586,100890,102.90833333333319,0.0,6.035,0,65,200
587,101090,112.56833333333333,0.0050000000000000044,6.005,0,50,200
588,101290,114.4616666666666,0.020000000000000018,5.395,0,51,200
589,101490,107.94999999999999,0.0050000000000000044,5.52,0,64,200
590,101690,116.74333333333335,0.015000000000000013,5.33,0,50,200
591,101890,108.64833333333327,0.0050000000000000044,5.375,0,66,200
592,102090,103.80666666666659,0.09499999999999997,5.2,0,48,200
593,102290,113.25333333333327,0.0050000000000000044,5.69,0,55,200
594,102490,120.48166666666671,0.0,5.755,0,44,200
595,102690,107.19333333333331,0.0050000000000000044,5.81,0,62,200
596,102890,108.11333333333329,0.040000000000000036,5.78,0,50,200
597,103090,117.0166666666666,0.025000000000000022,5.53,0,46,200
598,103290,112.87333333333333,0.020000000000000018,5.87,0,49,200
599,103490,113.19833333333327,0.0,5.405,0,61,200
600,103690,115.16166666666659,0.0,5.785,0,53,200
601,103890,109.35333333333334,0.0050000000000000044,5.75,0,58,200
602,104090,98.91333333333336,0.0050000000000000044,5.99,0,72,200
603,104290,114.6766666666666,0.0,5.92,0,52,200
604,104490,115.96666666666663,0.020000000000000018,5.83,0,45,200
605,104690,116.3583333333333,0.015000000000000013,5.525,0,48,200
606,104890,104.28333333333326,0.030000000000000027,6.02,0,55,200
607,105090,110.4033333333332,0.0,6.17,0,53,200
608,105290,108.4933333333333,0.0,5.81,0,58,200
609,105490,112.13499999999988,0.025000000000000022,5.385,0,56,200
610,105690,118.19166666666656,0.0,5.995,0,46,200
611,105890,113.06333333333338,0.010000000000000009,5.63,0,52,200
612,106090,113.13833333333322,0.0050000000000000044,5.795,0,54,200
613,106290,103.91499999999994,0.030000000000000027,5.445,0,63,200
614,106490,101.6116666666666,0.06000000000000005,5.365,0,60,200
615,106690,106.8383333333333,0.040000000000000036,5.645,0,53,200
616,106890,111.89500000000001,0.0,5.925,0,53,200
617,107090,103.0483333333333,0.06999999999999995,5.495,0,53,200
618,107290,108.22166666666666,0.03500000000000003,5.845,0,50,200
619,107490,112.95166666666661,0.015000000000000013,5.995,0,48,200
620,107690,116.87666666666655,0.0,5.65,0,53,200
621,107890,116.8166666666665,0.020000000000000018,5.77,0,45,200
622,108090,119.49333333333317,0.015000000000000013,5.54,0,43,200
623,108290,110.93833333333322,0.05500000000000005,5.585,0,44,200
624,108490,118.67833333333331,0.0,5.705,0,46,200
625,108690,112.68666666666668,0.0,5.8,0,52,200
626,108890,110.68166666666666,0.0050000000000000044,5.755,0,56,200
627,109090,112.05833333333318,0.010000000000000009,5.825,0,54,200
628,109290,114.79999999999995,0.0,5.76,0,55,200
629,109490,122.85833333333332,0.0,5.555,0,42,200
630,109690,102.64166666666665,0.030000000000000027,5.515,0,63,200
631,109890,116.03833333333321,0.020000000000000018,5.165,0,53,200
632,110090,107.99000000000002,0.03500000000000003,5.58,0,55,200
633,110290,111.72333333333329,0.0,5.9,0,52,200
634,110490,116.75500000000004,0.0,5.925,0,46,200
635,110690,109.39999999999996,0.06499999999999995,4.95,0,52,200
636,110890,114.84000000000007,0.0,5.79,0,52,200
637,111090,120.03000000000003,0.0050000000000000044,5.55,0,48,200
638,111290,114.03333333333325,0.0050000000000000044,5.69,0,53,200
639,111490,117.76833333333323,0.015000000000000013,5.375,0,48,200
640,111690,105.72499999999994,0.0,5.955,0,65,200
641,111890,113.80833333333334,0.0,5.855,0,54,200
642,112090,116.6416666666667,0.010000000000000009,5.545,0,50,200
643,112290,114.24500000000002,0.0,5.835,0,52,200
644,112490,112.18333333333325,0.0,6.02,0,56,200
645,112690,124.32333333333324,0.020000000000000018,5.21,0,38,200
646,112890,115.01166666666666,0.08999999999999997,5.095,0,31,200
647,113090,118.64500000000004,0.015000000000000013,5.325,0,47,200
648,113290,114.56999999999992,0.0050000000000000044,5.79,0,50,200
649,113490,115.90833333333329,0.0,5.615,0,52,200
650,113690,114.80666666666666,0.03500000000000003,4.96,0,52,200
651,113890,127.16333333333321,0.0050000000000000044,5.27,0,39,200
652,114090,122.58833333333337,0.0050000000000000044,5.675,0,39,200
653,114290,112.22333333333327,0.03500000000000003,5.45,0,49,200
654,114490,119.22,0.0,5.67,0,47,200
655,114690,122.21,0.0,5.46,0,45,200
656,114890,110.39999999999982,0.04500000000000004,5.28,0,50,200
657,115090,111.21333333333328,0.010000000000000009,5.66,0,57,200
658,115290,124.35499999999995,0.010000000000000009,5.415,0,38,200
659,115490,117.51666666666667,0.025000000000000022,5.35,0,47,200
660,115690,117.18666666666668,0.0,5.77,0,48,200
661,115890,125.32166666666669,0.020000000000000018,5.365,0,34,200
662,116090,107.29666666666657,0.06999999999999995,5.05,0,50,200
663,116290,120.55833333333331,0.0,5.495,0,47,200
664,116490,120.81833333333323,0.010000000000000009,5.075,0,48,200
665,116690,124.41666666666666,0.020000000000000018,5.23,0,38,200
666,116890,118.03499999999997,0.0,5.595,0,49,200
667,117090,118.68000000000002,0.04500000000000004,4.95,0,45,200
668,117290,115.60333333333334,0.015000000000000013,5.66,0,45,200
669,117490,114.63499999999996,0.020000000000000018,5.205,0,52,200
670,117690,128.81833333333333,0.0,5.165,0,39,200
671,117890,111.09333333333336,0.03500000000000003,5.66,0,48,200
672,118090,123.30833333333327,0.015000000000000013,5.585,0,37,200
673,118290,114.67833333333341,0.0050000000000000044,5.555,0,53,200
674,118490,126.31999999999988,0.0,5.46,0,39,200
675,118690,124.89333333333333,0.0050000000000000044,5.21,0,43,200
676,118890,117.16999999999993,0.0,5.28,0,57,200
677,119090,119.63499999999998,0.0,5.235,0,49,200
678,119290,122.77833333333325,0.0050000000000000044,5.435,0,43,200
679,119490,114.32333333333331,0.05500000000000005,5.06,0,44,200
680,119690,116.80000000000001,0.0,5.49,0,53,200
681,119890,113.33166666666666,0.03500000000000003,5.215,0,50,200
682,120090,126.04333333333328,0.015000000000000013,5.45,0,33,200
683,120290,104.67833333333336,0.09499999999999997,5.195,0,47,200
684,120490,115.565,0.0050000000000000044,5.715,0,51,200
685,120690,124.94000000000001,0.0050000000000000044,5.4,0,40,200
686,120890,119.38166666666673,0.0,5.335,0,51,200
687,121090,127.55833333333325,0.0,5.255,0,38,200
688,121290,125.62166666666667,0.030000000000000027,5.365,0,33,200
689,121490,109.9983333333334,0.06499999999999995,4.835,0,51,200
690,121690,118.73499999999993,0.0,4.755,0,60,200
691,121890,122.63166666666659,0.0050000000000000044,4.825,0,51,200
692,122090,120.20833333333312,0.0050000000000000044,4.745,0,56,200
693,122290,126.26999999999984,0.0,5.01,0,45,200
694,122490,122.67333333333313,0.0,5.21,0,47,200
695,122690,121.52666666666667,0.0050000000000000044,4.93,0,53,200
696,122890,118.30166666666672,0.0050000000000000044,4.585,0,62,200
697,123090,121.64999999999992,0.0050000000000000044,4.8,0,57,200
698,123290,120.21833333333319,0.0,4.985,0,56,200
699,123490,121.34333333333326,0.0,4.91,0,55,200
700,123690,118.25333333333337,0.025000000000000022,4.82,0,50,200
701,123890,120.28166666666664,0.025000000000000022,4.615,0,52,200
702,124090,113.37833333333329,0.06000000000000005,4.925,0,48,200
703,124290,120.69833333333325,0.0,4.835,0,57,200
704,124490,115.87166666666661,0.020000000000000018,5.065,0,55,200
705,124690,128.36666666666676,0.0,4.84,0,46,200
706,124890,111.25666666666667,0.040000000000000036,4.72,0,62,200
707,125090,125.45166666666664,0.0,5.125,0,48,200
708,125290,123.5849999999999,0.0050000000000000044,4.875,0,48,200
709,125297,-21.05833333333333,0.8571428571428572,1.5714285714285714,1,2,7
710,125497,119.57833333333308,0.015000000000000013,4.835,0,52,200
711,125697,117.25666666666667,0.0050000000000000044,5.17,0,55,200
712,125897,123.87000000000002,0.015000000000000013,5.01,0,44,200
713,126097,115.82333333333334,0.03500000000000003,4.76,0,55,200
714,126297,115.48166666666663,0.025000000000000022,5.035,0,53,200
715,126497,114.38999999999996,0.050000000000000044,4.62,0,53,200
716,126697,121.57999999999994,0.0050000000000000044,4.92,0,54,200
717,126897,127.59499999999993,0.0050000000000000044,4.845,0,41,200
718,127078,85.84499999999987,0.03314917127071826,4.624309392265193,1,50,181
719,127278,121.88166666666666,0.010000000000000009,4.885,0,49,200
720,127478,120.20833333333331,0.020000000000000018,5.135,0,47,200
721,127678,121.01166666666657,0.0050000000000000044,4.915,0,52,200
722,127878,119.40166666666657,0.0050000000000000044,5.125,0,52,200
723,128078,126.07499999999992,0.0,4.905,0,45,200
724,128278,119.94166666666663,0.015000000000000013,4.945,0,52,200
725,128478,127.52499999999975,0.010000000000000009,4.665,0,44,200
726,128678,121.13333333333328,0.03500000000000003,4.67,0,47,200
727,128878,98.97333333333331,0.09999999999999998,4.67,0,61,200
728,129078,125.14499999999997,0.0050000000000000044,4.995,0,48,200
729,129278,111.44333333333336,0.08499999999999996,4.79,0,44,200
730,129478,111.39166666666661,0.030000000000000027,4.915,0,61,200
731,129678,118.2716666666666,0.030000000000000027,4.675,0,54,200
732,129878,107.23333333333323,0.08999999999999997,4.37,0,54,200
733,130078,121.52,0.04500000000000004,4.71,0,43,200
734,130278,112.04166666666667,0.05500000000000005,4.585,0,56,200
735,130478,127.38166666666663,0.0,5.155,0,40,200
736,130678,122.04333333333327,0.0050000000000000044,4.85,0,52,200
737,130878,120.34333333333323,0.010000000000000009,5.09,0,49,200
738,131078,112.32666666666661,0.025000000000000022,4.96,0,62,200
739,131278,126.18833333333329,0.0,4.895,0,50,200
740,131478,121.06999999999992,0.010000000000000009,5.01,0,50,200
741,131678,117.91833333333335,0.020000000000000018,4.595,0,59,200
742,131878,129.59166666666658,0.0050000000000000044,4.945,0,40,200
743,132078,135.20166666666668,0.0050000000000000044,4.915,0,31,200
744,132278,117.6716666666666,0.0,4.825,0,62,200
745,132478,121.77166666666663,0.030000000000000027,4.855,0,45,200
746,132678,117.7583333333333,0.0,4.895,0,58,200
747,132878,121.57666666666657,0.015000000000000013,4.63,0,52,200
748,133078,120.45666666666659,0.015000000000000013,4.93,0,51,200
749,133278,114.42000000000006,0.05500000000000005,4.56,0,53,200
750,133478,127.69166666666665,0.0,4.735,0,49,200
751,133678,132.19999999999982,0.0,4.89,0,39,200
752,133878,124.185,0.025000000000000022,4.815,0,45,200
753,134078,110.51499999999992,0.040000000000000036,4.635,0,62,200
754,134278,122.60999999999994,0.0050000000000000044,4.95,0,53,200
755,134478,113.05666666666663,0.030000000000000027,4.78,0,63,200
756,134678,125.89333333333327,0.0,4.76,0,52,200
757,134878,117.04333333333332,0.025000000000000022,4.43,0,59,200
758,135078,129.86333333333323,0.0,4.82,0,44,200
759,135278,120.38,0.020000000000000018,4.89,0,52,200
760,135478,106.7283333333333,0.09499999999999997,4.475,0,54,200
761,135678,126.80166666666666,0.0,4.885,0,45,200
762,135878,120.07666666666665,0.010000000000000009,4.81,0,56,200
763,136078,123.09000000000002,0.0050000000000000044,4.92,0,49,200
764,136278,121.30666666666642,0.015000000000000013,4.93,0,48,200
765,136478,117.80666666666646,0.0050000000000000044,5.35,0,51,200
766,136678,122.04833333333315,0.015000000000000013,4.685,0,50,200
767,136878,121.46833333333335,0.020000000000000018,5.285,0,41,200
768,137078,125.79499999999997,0.010000000000000009,4.965,0,42,200
769,137278,120.33166666666651,0.0050000000000000044,4.825,0,55,200
770,137478,106.385,0.10499999999999998,4.575,0,48,200
771,137678,119.07833333333336,0.0050000000000000044,5.255,0,50,200
772,137878,113.53666666666653,0.040000000000000036,4.69,0,56,200
773,138078,118.03166666666664,0.05500000000000005,4.405,0,48,200
774,138278,129.09499999999997,0.0,5.055,0,40,200
775,138478,121.88833333333324,0.0,4.685,0,57,200
776,138678,117.67499999999997,0.030000000000000027,4.665,0,55,200
777,138878,116.43166666666663,0.0050000000000000044,4.855,0,58,200
778,139078,125.14333333333317,0.010000000000000009,4.97,0,45,200
779,139278,124.74666666666664,0.0,5.2,0,45,200
780,139478,129.82999999999996,0.03500000000000003,4.89,0,30,200
781,139678,135.77833333333322,0.010000000000000009,4.895,0,30,200
782,139878,125.22333333333326,0.0,4.97,0,47,200
783,140078,109.46999999999993,0.05500000000000005,4.77,0,56,200
784,140278,119.21333333333324,0.020000000000000018,4.79,0,52,200
785,140478,124.29833333333332,0.025000000000000022,4.715,0,48,200
786,140678,133.67499999999984,0.0,4.785,0,38,200
787,140878,131.98833333333323,0.0050000000000000044,4.775,0,38,200
788,141078,115.45499999999994,0.05500000000000005,4.815,0,47,200
789,141278,117.07999999999997,0.025000000000000022,4.77,0,53,200
790,141478,123.71333333333331,0.010000000000000009,4.7,0,50,200
791,141678,110.17666666666658,0.050000000000000044,4.39,0,65,200
792,141878,115.64666666666638,0.025000000000000022,4.75,0,59,200
793,142078,119.05666666666659,0.07499999999999996,4.45,0,40,200
794,142278,127.51166666666657,0.025000000000000022,4.405,0,45,200
795,142478,129.47666666666663,0.0050000000000000044,4.84,0,43,200
796,142678,120.87166666666666,0.03500000000000003,4.795,0,46,200
797,142878,126.4533333333333,0.0050000000000000044,4.73,0,49,200
798,143078,113.56499999999993,0.030000000000000027,4.665,0,61,200
799,143278,126.80833333333315,0.030000000000000027,4.715,0,38,200
800,143478,108.79333333333328,0.06000000000000005,4.31,0,64,200
801,143678,110.51999999999998,0.08999999999999997,4.86,0,44,200
802,143878,115.0616666666665,0.020000000000000018,4.615,0,61,200
803,144078,118.97999999999982,0.050000000000000044,4.65,0,45,200
804,144278,110.79166666666649,0.030000000000000027,4.825,0,61,200
805,144372,21.050000000000015,0.21276595744680848,4.212765957446808,1,22,94
806,144572,121.45999999999974,0.010000000000000009,4.62,0,52,200
807,144772,117.04166666666661,0.020000000000000018,4.885,0,55,200
808,144972,109.58833333333325,0.06499999999999995,4.625,0,58,200
809,145172,115.62333333333326,0.020000000000000018,5.0,0,55,200
810,145372,122.16166666666659,0.030000000000000027,4.465,0,48,200
811,145572,119.99333333333331,0.030000000000000027,4.85,0,49,200
812,145772,125.95999999999997,0.0,4.89,0,49,200
813,145972,120.7783333333333,0.010000000000000009,4.625,0,57,200
814,146172,124.43499999999989,0.020000000000000018,4.395,0,53,200
815,146372,97.10999999999994,0.16000000000000003,4.2,0,52,200
816,146572,118.09999999999997,0.025000000000000022,4.62,0,57,200
817,146772,126.53666666666669,0.020000000000000018,4.9,0,41,200
818,146972,128.56666666666666,0.0,4.9,0,43,200
819,147172,129.58333333333331,0.0050000000000000044,4.73,0,43,200
820,147372,121.19000000000003,0.040000000000000036,4.35,0,49,200
821,147572,125.07666666666665,0.025000000000000022,4.3,0,49,200
822,147772,115.18166666666666,0.07499999999999996,4.615,0,45,200
823,147972,125.83166666666651,0.06000000000000005,4.555,0,35,200
824,148172,112.15833333333323,0.04500000000000004,4.595,0,57,200
825,148372,124.77166666666662,0.0,4.855,0,50,200
826,148572,127.27833333333325,0.020000000000000018,4.505,0,47,200
827,148772,111.80333333333319,0.03500000000000003,4.97,0,57,200
828,148972,109.7833333333333,0.07999999999999996,4.46,0,51,200
829,149172,129.40833333333322,0.0,4.895,0,44,200
830,149372,115.69333333333323,0.04500000000000004,4.91,0,49,200
831,149572,127.35166666666665,0.0050000000000000044,4.975,0,41,200
832,149772,123.03333333333319,0.025000000000000022,4.7,0,48,200
833,149972,128.5866666666665,0.0,4.81,0,43,200
834,150172,126.18499999999992,0.010000000000000009,4.695,0,48,200
835,150372,127.85000000000001,0.0050000000000000044,5.04,0,40,200
836,150572,121.79500000000002,0.06999999999999995,4.725,0,33,200
837,150772,128.32499999999996,0.0,4.935,0,44,200
838,150972,124.55999999999996,0.03500000000000003,4.86,0,38,200
839,151172,124.4649999999998,0.0050000000000000044,4.725,0,51,200
840,151372,131.82999999999984,0.030000000000000027,4.65,0,33,200
841,151572,123.98999999999982,0.05500000000000005,4.5,0,39,200
842,151772,120.7149999999999,0.06000000000000005,4.545,0,42,200
843,151972,105.64000000000001,0.08999999999999997,4.56,0,56,200
844,152172,122.81499999999996,0.0,4.995,0,51,200
845,152372,119.93666666666664,0.04500000000000004,4.75,0,46,200
846,152572,120.33999999999996,0.04500000000000004,4.77,0,43,200
847,152772,128.3783333333334,0.0,4.865,0,44,200
848,152972,123.57999999999996,0.030000000000000027,4.83,0,49,200
849,153172,136.19833333333327,0.0,4.985,0,31,200
850,153372,131.4366666666666,0.0,4.9,0,39,200
851,153572,124.09999999999988,0.015000000000000013,4.92,0,46,200
852,153772,114.83499999999987,0.050000000000000044,4.635,0,50,200
853,153972,121.38166666666669,0.0,4.855,0,52,200
854,154172,122.6966666666667,0.03500000000000003,4.81,0,43,200
855,154372,122.46666666666648,0.05500000000000005,4.78,0,37,200
856,154572,131.01333333333332,0.0050000000000000044,4.94,0,37,200
857,154772,127.78166666666668,0.0,4.945,0,45,200
858,154972,126.76000000000009,0.025000000000000022,4.83,0,41,200
859,155172,113.84499999999993,0.05500000000000005,4.665,0,53,200
860,155218,-5.821666666666665,0.4347826086956522,3.282608695652174,1,7,46
861,155418,115.17666666666658,0.03500000000000003,4.75,0,54,200
862,155618,126.65166666666663,0.0,4.885,0,47,200
863,155818,125.2116666666665,0.015000000000000013,4.855,0,45,200
864,156018,125.19000000000004,0.010000000000000009,4.89,0,44,200
865,156218,127.51666666666661,0.03500000000000003,4.51,0,39,200
866,156418,120.12666666666667,0.025000000000000022,5.02,0,47,200
867,156618,129.3566666666667,0.015000000000000013,4.54,0,40,200
868,156818,118.01333333333326,0.010000000000000009,4.85,0,55,200
869,157018,124.33833333333322,0.025000000000000022,4.715,0,48,200
870,157218,124.40333333333325,0.015000000000000013,4.76,0,45,200
871,157418,127.0583333333332,0.030000000000000027,4.595,0,39,200
872,157618,128.93499999999997,0.0050000000000000044,4.845,0,41,200
873,157818,132.05833333333334,0.0050000000000000044,4.865,0,34,200
874,158018,127.12833333333333,0.010000000000000009,4.745,0,45,200
875,158218,127.18000000000002,0.0,4.89,0,44,200
876,158418,128.0433333333333,0.030000000000000027,4.73,0,34,200
877,158618,121.63166666666656,0.030000000000000027,4.885,0,43,200
878,158818,129.66166666666652,0.0,4.975,0,40,200
879,159018,123.31999999999987,0.06000000000000005,4.47,0,38,200
880,159218,117.6049999999999,0.07999999999999996,4.725,0,35,200
881,159418,128.0033333333331,0.020000000000000018,4.67,0,41,200
882,159618,131.09666666666658,0.0050000000000000044,4.84,0,38,200
883,159818,88.93666666666671,0.22499999999999998,4.0,0,45,200
884,160018,127.2316666666666,0.0,5.005,0,42,200
885,160218,130.42333333333332,0.010000000000000009,4.82,0,36,200
886,160418,128.96499999999992,0.010000000000000009,4.815,0,41,200
887,160618,123.51666666666661,0.03500000000000003,4.81,0,42,200
888,160818,118.71999999999998,0.025000000000000022,4.8,0,51,200
889,161018,130.89333333333335,0.020000000000000018,4.88,0,34,200
890,161218,136.57833333333338,0.0,4.835,0,32,200
891,161418,131.30166666666673,0.0,4.825,0,41,200
892,161618,126.69333333333333,0.025000000000000022,4.7,0,40,200
893,161818,117.57333333333325,0.06999999999999995,4.52,0,45,200
894,162018,127.17999999999974,0.0,5.13,0,41,200
895,162218,118.5166666666665,0.0050000000000000044,4.78,0,57,200
896,162418,131.75666666666652,0.020000000000000018,4.75,0,35,200
897,162618,133.97166666666658,0.0,4.825,0,37,200
898,162818,125.71833333333298,0.0,4.865,0,46,200
899,163018,126.50333333333334,0.010000000000000009,4.49,0,47,200
900,163218,125.85499999999992,0.0,4.785,0,47,200
901,163418,113.63333333333321,0.06499999999999995,4.52,0,52,200
902,163618,118.29666666666647,0.06999999999999995,4.66,0,41,200
903,163818,127.74499999999988,0.015000000000000013,4.845,0,41,200
904,164018,130.4699999999999,0.03500000000000003,4.89,0,28,200
905,164218,120.73000000000002,0.015000000000000013,4.62,0,55,200
906,164418,126.59499999999986,0.030000000000000027,4.815,0,39,200
907,164618,130.71999999999974,0.0,4.89,0,40,200
908,164818,123.45666666666656,0.025000000000000022,4.72,0,46,200
909,165018,114.63000000000004,0.07999999999999996,4.47,0,44,200
910,165218,126.01333333333338,0.010000000000000009,4.88,0,43,200
911,165418,130.07000000000002,0.0,4.8,0,44,200
912,165618,123.75333333333334,0.03500000000000003,4.85,0,43,200
913,165818,128.65166666666676,0.0,4.855,0,43,200
914,166018,128.0883333333333,0.0050000000000000044,4.805,0,45,200
915,166218,133.22999999999996,0.0,5.01,0,33,200
916,166418,125.33000000000001,0.0,4.89,0,49,200
917,166618,124.7383333333333,0.025000000000000022,4.865,0,41,200
918,166818,133.62333333333328,0.0,4.76,0,39,200
919,167018,121.31666666666655,0.07999999999999996,4.63,0,33,200
920,167218,127.46999999999993,0.0050000000000000044,4.86,0,44,200
921,167418,132.57999999999984,0.0,4.77,0,40,200
922,167618,131.41166666666663,0.0050000000000000044,5.005,0,38,200
923,167818,130.1866666666665,0.0,4.75,0,43,200
924,168018,122.81666666666653,0.0050000000000000044,5.11,0,46,200
925,168218,121.48499999999996,0.025000000000000022,4.815,0,49,200
926,168418,128.44666666666657,0.015000000000000013,4.9,0,38,200
927,168618,121.2166666666666,0.030000000000000027,4.69,0,49,200
928,168818,131.9133333333334,0.030000000000000027,4.61,0,33,200
929,169018,121.05999999999989,0.04500000000000004,4.71,0,42,200
930,169218,124.17166666666651,0.025000000000000022,4.795,0,43,200
931,169418,130.06499999999994,0.015000000000000013,4.725,0,40,200
932,169618,121.59166666666657,0.010000000000000009,4.585,0,55,200
933,169818,125.67166666666652,0.025000000000000022,4.705,0,43,200
934,170018,118.52500000000002,0.040000000000000036,4.665,0,49,200
935,170218,135.87333333333333,0.0,4.85,0,32,200
936,170418,132.56333333333308,0.0,4.61,0,40,200
937,170618,106.16499999999984,0.10499999999999998,4.485,0,48,200
938,170818,126.59833333333314,0.020000000000000018,4.715,0,43,200
939,170835,-23.711666666666666,1.0,2.176470588235294,1,3,17
940,171035,136.62666666666678,0.010000000000000009,4.78,0,29,200
941,171235,130.4883333333332,0.010000000000000009,4.535,0,41,200
942,171435,129.62166666666664,0.020000000000000018,4.645,0,38,200
943,171635,133.1116666666664,0.0,4.885,0,36,200
944,171835,121.50333333333306,0.040000000000000036,4.88,0,43,200
945,172035,126.38833333333312,0.03500000000000003,4.985,0,35,200
946,172235,138.00166666666655,0.0050000000000000044,4.885,0,27,200
947,172435,124.12833333333326,0.0050000000000000044,4.565,0,52,200
948,172635,125.63833333333325,0.030000000000000027,4.925,0,38,200
949,172835,121.07166666666647,0.020000000000000018,4.825,0,50,200
950,173035,117.83333333333331,0.07499999999999996,4.67,0,38,200
951,173235,127.77333333333328,0.040000000000000036,4.52,0,37,200
952,173435,130.22833333333324,0.020000000000000018,4.835,0,34,200
953,173635,124.75500000000001,0.030000000000000027,4.755,0,43,200
954,173835,111.10999999999991,0.06499999999999995,4.77,0,50,200
955,174035,132.5999999999999,0.0,5.07,0,35,200
956,174235,130.42,0.0050000000000000044,5.07,0,37,200
957,174435,117.97166666666654,0.03500000000000003,4.885,0,48,200
958,174635,128.04666666666668,0.025000000000000022,4.54,0,41,200
959,174835,119.44333333333317,0.030000000000000027,4.49,0,53,200
960,175035,126.75499999999997,0.050000000000000044,4.515,0,39,200
961,175235,129.59666666666666,0.010000000000000009,4.51,0,45,200
962,175435,118.81,0.05500000000000005,4.68,0,45,200
963,175635,129.52333333333328,0.010000000000000009,4.64,0,43,200
964,175835,123.00499999999991,0.03500000000000003,4.545,0,45,200
965,176035,129.20999999999992,0.010000000000000009,4.53,0,44,200
966,176235,131.40499999999997,0.010000000000000009,4.845,0,35,200
967,176435,125.98666666666654,0.015000000000000013,4.72,0,45,200
968,176635,122.18166666666664,0.08999999999999997,4.525,0,30,200
969,176835,129.62166666666639,0.0,4.915,0,41,200
970,177035,128.03500000000003,0.03500000000000003,4.485,0,42,200
971,177235,130.79833333333326,0.020000000000000018,4.625,0,38,200
972,177435,126.84666666666661,0.020000000000000018,4.69,0,45,200
973,177635,131.4083333333334,0.0050000000000000044,4.625,0,43,200
974,177835,116.96666666666661,0.06999999999999995,4.54,0,45,200
975,178035,131.87999999999997,0.015000000000000013,4.41,0,41,200
976,178235,124.49999999999994,0.015000000000000013,4.95,0,42,200
977,178435,125.94666666666647,0.0,5.02,0,45,200
978,178635,128.75,0.025000000000000022,4.56,0,39,200
979,178835,130.76499999999987,0.030000000000000027,4.665,0,35,200
980,179035,131.3766666666666,0.0050000000000000044,4.9,0,39,200
981,179235,126.38,0.010000000000000009,4.71,0,45,200
982,179435,109.68499999999993,0.07999999999999996,4.575,0,52,200
983,179635,121.40499999999986,0.03500000000000003,4.695,0,46,200
984,179835,119.91666666666669,0.050000000000000044,4.6,0,45,200
985,180035,127.54333333333335,0.010000000000000009,4.79,0,43,200
986,180235,132.81666666666666,0.010000000000000009,4.87,0,32,200
987,180435,127.87666666666657,0.015000000000000013,4.72,0,43,200
988,180635,128.28999999999976,0.015000000000000013,4.92,0,42,200
989,180835,124.65000000000006,0.050000000000000044,4.8,0,34,200
990,181035,128.36166666666654,0.010000000000000009,4.825,0,43,200
991,181235,123.43666666666661,0.050000000000000044,4.6,0,38,200
992,181435,118.20833333333324,0.030000000000000027,4.895,0,50,200
993,181635,119.99666666666657,0.050000000000000044,4.63,0,43,200
994,181835,134.65999999999994,0.010000000000000009,4.68,0,35,200
995,182035,133.7383333333333,0.0,4.775,0,41,200
996,182235,137.11166666666674,0.0,4.765,0,34,200
997,182435,130.6233333333333,0.0,4.85,0,43,200
998,182635,135.25333333333336,0.0,4.82,0,37,200
999,182835,130.25666666666672,0.03500000000000003,4.81,0,32,200
1000,183035,135.68166666666667,0.015000000000000013,4.735,0,33,200
1001,183235,136.40333333333325,0.010000000000000009,4.58,0,35,200
1002,183435,128.05499999999995,0.0050000000000000044,4.785,0,44,200
1003,183635,131.52166666666665,0.0050000000000000044,4.765,0,37,200
1004,183835,131.48166666666665,0.0,4.735,0,41,200
1005,184035,133.20499999999998,0.0050000000000000044,4.755,0,36,200
1006,184235,126.53833333333338,0.030000000000000027,4.775,0,39,200
1007,184435,136.17499999999998,0.0050000000000000044,4.755,0,31,200
1008,184635,127.75333333333332,0.025000000000000022,4.73,0,41,200
1009,184835,131.75999999999988,0.010000000000000009,4.71,0,38,200
1010,185035,125.22333333333309,0.030000000000000027,4.76,0,40,200
1011,185235,126.15166666666669,0.03500000000000003,4.735,0,39,200
1012,185435,130.45666666666673,0.015000000000000013,4.72,0,37,200
1013,185635,116.33666666666653,0.020000000000000018,4.66,0,62,200
1014,185835,135.83999999999992,0.0050000000000000044,4.89,0,34,200
1015,186035,134.9116666666665,0.030000000000000027,4.795,0,27,200
1016,186235,126.71333333333332,0.015000000000000013,4.94,0,40,200
1017,186435,128.6583333333331,0.020000000000000018,4.775,0,39,200
1018,186635,129.88833333333335,0.025000000000000022,4.625,0,36,200
1019,186835,124.90666666666661,0.05500000000000005,4.51,0,38,200
1020,187035,134.4816666666666,0.0050000000000000044,4.645,0,36,200
1021,187235,130.0433333333333,0.03500000000000003,4.7,0,33,200
1022,187435,133.95500000000007,0.0,4.845,0,34,200
1023,187635,129.56166666666658,0.0,4.795,0,46,200
1024,187835,128.16000000000003,0.030000000000000027,4.74,0,40,200
1025,188035,131.00999999999996,0.0,4.89,0,41,200
1026,188235,129.44000000000003,0.010000000000000009,4.74,0,42,200
1027,188435,137.86499999999995,0.0050000000000000044,4.815,0,29,200
1028,188635,118.38666666666659,0.06999999999999995,4.63,0,40,200
1029,188835,133.8399999999999,0.0,4.68,0,40,200
1030,189035,125.1333333333333,0.030000000000000027,4.61,0,44,200
1031,189235,134.7833333333333,0.0,4.79,0,36,200
1032,189435,132.7216666666666,0.0050000000000000044,4.735,0,38,200
1033,189635,133.3566666666666,0.0,4.6,0,39,200
1034,189835,131.87500000000003,0.0050000000000000044,4.905,0,38,200
1035,190035,132.88000000000008,0.015000000000000013,4.83,0,31,200
1036,190235,115.9699999999998,0.06499999999999995,4.56,0,46,200
1037,190435,120.65499999999997,0.03500000000000003,4.635,0,50,200
1038,190635,135.1966666666667,0.0050000000000000044,4.78,0,34,200
1039,190835,134.30333333333343,0.020000000000000018,4.61,0,34,200
1040,191035,129.71333333333325,0.020000000000000018,4.82,0,37,200
1041,191235,127.64333333333303,0.020000000000000018,4.61,0,44,200
1042,191435,139.78166666666667,0.020000000000000018,4.465,0,27,200
1043,191635,138.34333333333336,0.015000000000000013,4.73,0,28,200
1044,191835,132.61333333333334,0.010000000000000009,4.52,0,38,200
1045,192035,133.55,0.0,4.65,0,37,200
1046,192235,124.73333333333329,0.05500000000000005,4.28,0,41,200
1047,192435,126.31833333333336,0.040000000000000036,4.505,0,37,200
1048,192635,138.40999999999985,0.010000000000000009,4.74,0,29,200
1049,192835,115.96666666666654,0.09499999999999997,4.45,0,41,200
1050,193035,131.89333333333315,0.0,4.76,0,41,200
1051,193235,136.49833333333342,0.0,4.775,0,36,200
1052,193435,132.03333333333342,0.010000000000000009,4.64,0,39,200
1053,193635,133.29666666666668,0.0,4.54,0,41,200
1054,193835,134.8416666666667,0.025000000000000022,4.585,0,32,200
1055,194035,125.96666666666673,0.015000000000000013,4.72,0,45,200
1056,194235,122.75833333333333,0.030000000000000027,4.625,0,49,200
1057,194435,137.78499999999977,0.0,4.665,0,33,200
1058,194635,141.17000000000004,0.0,4.83,0,23,200
1059,194835,134.65499999999997,0.030000000000000027,4.665,0,30,200
1060,195035,128.93500000000003,0.015000000000000013,4.725,0,40,200
1061,195235,129.90499999999997,0.010000000000000009,4.935,0,39,200
1062,195435,135.21,0.0,4.83,0,32,200
1063,195635,130.07166666666674,0.010000000000000009,4.855,0,37,200
1064,195835,124.99666666666664,0.06499999999999995,4.36,0,35,200
1065,196035,143.37999999999985,0.0,4.83,0,20,200
1066,196235,131.0083333333333,0.010000000000000009,4.775,0,40,200
1067,196435,140.31000000000003,0.0,4.8,0,27,200
1068,196635,127.24833333333338,0.030000000000000027,4.655,0,42,200
1069,196835,135.3866666666667,0.0050000000000000044,4.84,0,33,200
1070,197035,131.01666666666662,0.030000000000000027,4.78,0,32,200
1071,197235,125.60333333333335,0.020000000000000018,4.85,0,43,200
1072,197435,132.67333333333326,0.020000000000000018,4.64,0,36,200
1073,197635,136.26999999999998,0.010000000000000009,4.71,0,31,200
1074,197835,133.35999999999999,0.010000000000000009,4.56,0,38,200
1075,198035,131.56166666666667,0.020000000000000018,4.555,0,37,200
1076,198235,140.87499999999997,0.010000000000000009,4.635,0,25,200
1077,198435,133.86500000000012,0.040000000000000036,4.725,0,27,200
1078,198635,135.73333333333335,0.0050000000000000044,4.88,0,33,200
1079,198835,133.0483333333333,0.0050000000000000044,4.805,0,39,200
1080,199035,133.01166666666668,0.010000000000000009,4.945,0,32,200
1081,199235,127.06166666666675,0.025000000000000022,4.915,0,40,200
1082,199435,132.35833333333346,0.020000000000000018,4.775,0,32,200
1083,199635,130.58333333333337,0.010000000000000009,4.61,0,44,200
1084,199835,143.06666666666663,0.0,4.9,0,21,200
1085,200035,128.83,0.040000000000000036,4.65,0,34,200
1086,200235,137.21833333333336,0.010000000000000009,4.805,0,28,200
1087,200435,135.09000000000006,0.010000000000000009,4.8,0,33,200
1088,200635,139.28499999999994,0.0050000000000000044,4.815,0,31,200
1089,200835,135.06,0.0050000000000000044,4.71,0,37,200
1090,201035,136.3266666666668,0.020000000000000018,4.87,0,28,200
1091,201235,139.08666666666664,0.0,4.87,0,30,200
1092,201435,118.58166666666676,0.08999999999999997,4.615,0,33,200
1093,201635,141.39166666666665,0.0,4.765,0,26,200
1094,201835,135.6516666666666,0.015000000000000013,4.705,0,33,200
1095,202035,142.0083333333334,0.0,4.805,0,26,200
1096,202235,129.29999999999998,0.0050000000000000044,4.77,0,45,200
1097,202435,132.2733333333333,0.010000000000000009,4.52,0,41,200
1098,202635,128.8833333333333,0.050000000000000044,4.7,0,32,200
1099,202835,136.84333333333336,0.0,4.82,0,33,200
1100,203035,131.39499999999987,0.04500000000000004,4.635,0,30,200
1101,203235,127.98833333333336,0.050000000000000044,4.475,0,35,200
1102,203435,133.55,0.020000000000000018,4.77,0,32,200
1103,203635,132.19666666666654,0.050000000000000044,4.48,0,28,200
1104,203835,121.34833333333334,0.04500000000000004,4.865,0,41,200
1105,204035,127.10666666666674,0.040000000000000036,4.63,0,41,200
1106,204235,129.35666666666665,0.020000000000000018,4.48,0,39,200
1107,204435,137.07499999999987,0.0050000000000000044,4.755,0,31,200
1108,204635,121.99666666666671,0.050000000000000044,4.57,0,43,200
1109,204835,134.83333333333331,0.0,4.79,0,37,200
1110,205035,127.48500000000006,0.020000000000000018,4.935,0,40,200
1111,205235,138.2166666666667,0.0,4.87,0,30,200
1112,205435,126.38499999999995,0.040000000000000036,4.605,0,41,200
1113,205635,132.41166666666672,0.015000000000000013,4.765,0,33,200
1114,205835,127.48333333333338,0.04500000000000004,4.49,0,39,200
1115,206035,126.80666666666666,0.06999999999999995,4.45,0,31,200
1116,206235,127.7500000000001,0.050000000000000044,4.56,0,35,200
1117,206435,138.37666666666658,0.0,4.75,0,32,200
1118,206635,132.56499999999997,0.020000000000000018,4.725,0,33,200
1119,206835,132.82333333333335,0.010000000000000009,4.7,0,37,200
1120,207035,133.01666666666668,0.03500000000000003,4.66,0,27,200
1121,207235,137.44000000000003,0.0,4.74,0,34,200
1122,207435,131.2233333333334,0.015000000000000013,4.73,0,37,200
1123,207635,134.20999999999984,0.025000000000000022,4.65,0,32,200
1124,207835,131.0983333333334,0.0050000000000000044,4.865,0,38,200
1125,208035,129.27833333333336,0.015000000000000013,4.745,0,42,200
1126,208235,143.1633333333333,0.0,4.91,0,22,200
1127,208435,135.9933333333333,0.0,4.58,0,36,200
1128,208635,138.18999999999997,0.0,4.83,0,30,200
1129,208835,139.0533333333333,0.0,4.79,0,29,200
1130,209035,126.63166666666649,0.07499999999999996,4.585,0,26,200
1131,209235,128.2916666666668,0.040000000000000036,4.555,0,36,200
1132,209435,139.02666666666676,0.0,4.57,0,32,200
1133,209635,138.3666666666665,0.040000000000000036,4.6,0,19,200
1134,209835,135.38999999999996,0.015000000000000013,4.56,0,32,200
1135,210035,136.45333333333338,0.0,4.67,0,34,200
1136,210235,136.29666666666665,0.0,4.75,0,35,200
1137,210435,138.58999999999997,0.0050000000000000044,4.8,0,30,200
1138,210635,134.54166666666666,0.020000000000000018,4.675,0,30,200
1139,210835,129.08333333333331,0.030000000000000027,4.94,0,33,200
1140,211035,121.3899999999999,0.06999999999999995,4.59,0,35,200
1141,211235,128.68999999999986,0.025000000000000022,4.62,0,40,200
1142,211435,134.3683333333333,0.0,4.715,0,38,200
1143,211635,137.4616666666666,0.0050000000000000044,4.825,0,30,200
1144,211835,133.6833333333333,0.010000000000000009,4.79,0,36,200
1145,212035,133.04166666666666,0.020000000000000018,4.795,0,33,200
1146,212235,133.97666666666666,0.030000000000000027,4.48,0,30,200
1147,212435,132.37166666666675,0.0,4.735,0,41,200
1148,212635,138.5766666666666,0.0,4.81,0,29,200
1149,212835,131.51666666666662,0.03500000000000003,4.63,0,32,200
1150,213035,137.78166666666667,0.0050000000000000044,4.675,0,32,200
1151,213235,138.54833333333332,0.010000000000000009,4.835,0,24,200
1152,213435,132.92999999999995,0.0,4.74,0,41,200
1153,213635,134.06333333333328,0.0,4.85,0,38,200
1154,213835,129.95,0.015000000000000013,4.8,0,36,200
1155,214035,133.97500000000002,0.020000000000000018,4.665,0,33,200
1156,214235,129.87833333333342,0.030000000000000027,4.685,0,35,200
1157,214435,131.05166666666662,0.040000000000000036,4.645,0,30,200
1158,214635,126.76833333333333,0.010000000000000009,4.625,0,50,200
1159,214835,125.49666666666663,0.010000000000000009,4.6,0,52,200
1160,215035,136.51166666666674,0.0,4.735,0,35,200
1161,215235,143.45166666666668,0.0050000000000000044,4.735,0,23,200
1162,215435,131.56500000000005,0.020000000000000018,4.695,0,37,200
1163,215635,136.62833333333327,0.0050000000000000044,4.745,0,32,200
1164,215835,132.0183333333332,0.0050000000000000044,4.655,0,43,200
1165,216035,129.28166666666667,0.025000000000000022,4.945,0,37,200
1166,216235,141.9733333333333,0.0,4.88,0,24,200
1167,216435,143.67000000000002,0.0,4.86,0,22,200
1168,216635,131.27833333333336,0.020000000000000018,4.715,0,36,200
1169,216835,135.95000000000016,0.0,4.95,0,32,200
1170,217035,133.57500000000007,0.0,4.875,0,38,200
1171,217235,140.78666666666655,0.0,4.78,0,27,200
1172,217435,134.67000000000004,0.0050000000000000044,4.74,0,35,200
1173,217635,138.94499999999994,0.010000000000000009,4.635,0,30,200
1174,217835,136.59499999999997,0.010000000000000009,4.815,0,32,200
1175,218035,130.6216666666666,0.0050000000000000044,4.975,0,39,200
1176,218235,136.975,0.020000000000000018,4.815,0,28,200
1177,218435,133.52166666666668,0.010000000000000009,4.645,0,36,200
1178,218635,131.60166666666672,0.020000000000000018,4.645,0,38,200
1179,218835,133.2366666666667,0.0,4.75,0,37,200
1180,219035,134.53999999999994,0.0050000000000000044,4.65,0,37,200
1181,219235,135.67000000000004,0.0050000000000000044,4.86,0,33,200
1182,219435,136.4116666666667,0.0,4.735,0,34,200
1183,219635,120.97499999999992,0.06999999999999995,4.635,0,38,200
1184,219835,130.04499999999996,0.015000000000000013,4.695,0,41,200
1185,220035,129.6966666666667,0.03500000000000003,4.69,0,35,200
1186,220235,138.0883333333333,0.0,4.775,0,31,200
1187,220435,125.07000000000005,0.030000000000000027,4.8,0,40,200
1188,220635,131.45333333333335,0.0050000000000000044,4.79,0,39,200
1189,220835,138.41833333333332,0.0,4.805,0,32,200
1190,221035,137.56000000000006,0.0050000000000000044,4.89,0,30,200
1191,221235,129.82166666666666,0.010000000000000009,4.795,0,44,200
1192,221435,144.1583333333334,0.0050000000000000044,4.865,0,20,200
1193,221635,131.71500000000003,0.030000000000000027,4.875,0,29,200
1194,221835,135.07833333333343,0.010000000000000009,4.895,0,32,200
1195,222035,137.0183333333334,0.010000000000000009,4.925,0,29,200
1196,222235,135.3199999999999,0.0,4.86,0,37,200
1197,222435,138.06,0.0050000000000000044,4.8,0,29,200
1198,222635,135.0116666666667,0.015000000000000013,4.855,0,31,200
1199,222835,128.88500000000002,0.015000000000000013,4.635,0,45,200
1200,223035,133.3966666666667,0.020000000000000018,4.75,0,32,200
1201,223235,134.10166666666655,0.04500000000000004,4.735,0,26,200
1202,223435,140.2666666666667,0.0,4.9,0,26,200
1203,223635,135.51500000000001,0.0,4.785,0,33,200
1204,223835,138.03,0.0,4.89,0,30,200
1205,224035,135.93666666666672,0.0,4.93,0,34,200
1206,224235,136.145,0.0050000000000000044,4.695,0,36,200
1207,224435,132.49833333333333,0.0,4.805,0,42,200
1208,224635,137.69166666666675,0.015000000000000013,4.795,0,26,200
1209,224835,135.81999999999996,0.030000000000000027,4.71,0,26,200
1210,225035,132.00333333333327,0.015000000000000013,4.76,0,36,200
1211,225235,145.09833333333336,0.0,4.895,0,18,200
1212,225435,142.19666666666672,0.0,4.9,0,22,200
1213,225635,128.22333333333327,0.050000000000000044,4.79,0,32,200
1214,225835,131.70999999999992,0.05500000000000005,4.59,0,27,200
1215,226035,132.77999999999997,0.0,4.89,0,40,200
1216,226235,137.83166666666662,0.020000000000000018,4.795,0,27,200
1217,226435,147.43333333333334,0.0,4.73,0,16,200
1218,226635,145.69499999999994,0.015000000000000013,4.485,0,20,200
1219,226835,144.29999999999995,0.0,4.68,0,20,200
1220,227035,142.22666666666666,0.0,4.72,0,24,200
1221,227235,135.21999999999997,0.030000000000000027,4.74,0,26,200
1222,227435,133.8333333333333,0.0050000000000000044,4.76,0,37,200
1223,227635,139.29000000000005,0.0050000000000000044,4.89,0,27,200
1224,227835,141.35333333333335,0.0,4.82,0,26,200
1225,228035,130.00333333333347,0.04500000000000004,4.76,0,31,200
1226,228235,133.8333333333333,0.030000000000000027,4.61,0,30,200
1227,228435,141.64166666666657,0.0,4.795,0,27,200
1228,228635,137.0333333333333,0.020000000000000018,4.64,0,28,200
1229,228835,139.31166666666658,0.0,4.555,0,31,200
1230,229035,137.65833333333333,0.0050000000000000044,4.655,0,32,200
1231,229235,137.40333333333325,0.0,4.79,0,34,200
1232,229435,141.51000000000002,0.030000000000000027,4.8,0,17,200
1233,229635,136.19,0.0,4.74,0,34,200
1234,229835,136.49000000000007,0.010000000000000009,4.53,0,36,200
1235,230035,131.94333333333336,0.020000000000000018,4.46,0,41,200
1236,230235,138.72833333333327,0.020000000000000018,4.625,0,27,200
1237,230435,142.1699999999999,0.0,4.83,0,24,200
1238,230635,133.66499999999994,0.0,4.815,0,37,200
1239,230835,139.42333333333332,0.0,4.82,0,32,200
1240,231035,132.46166666666676,0.015000000000000013,4.765,0,36,200
1241,231235,134.62000000000003,0.0,4.74,0,37,200
1242,231435,126.11666666666672,0.020000000000000018,4.78,0,41,200
1243,231635,133.94666666666663,0.015000000000000013,4.84,0,33,200
1244,231835,137.21500000000006,0.0,4.785,0,35,200
1245,232035,135.75166666666667,0.0,4.645,0,39,200
1246,232235,137.63333333333333,0.0,4.73,0,34,200
1247,232435,131.02166666666653,0.025000000000000022,4.645,0,39,200
1248,232635,132.5183333333333,0.010000000000000009,4.715,0,37,200
1249,232835,142.4883333333333,0.010000000000000009,4.715,0,24,200
1250,233035,142.5866666666668,0.0,4.78,0,25,200
1251,233235,131.355,0.025000000000000022,4.665,0,35,200
1252,233435,139.1316666666665,0.0050000000000000044,4.765,0,28,200
1253,233635,131.30500000000012,0.03500000000000003,4.695,0,32,200
1254,233835,137.8250000000001,0.010000000000000009,4.695,0,29,200
1255,234035,143.8816666666667,0.0,4.825,0,23,200
1256,234235,147.86999999999995,0.0,4.8,0,16,200
1257,234435,127.05166666666669,0.030000000000000027,4.585,0,44,200
1258,234635,141.09333333333328,0.0,4.58,0,29,200
1259,234835,139.4816666666667,0.0,4.795,0,27,200
1260,235035,141.80666666666676,0.010000000000000009,4.84,0,20,200
1261,235235,137.2416666666665,0.020000000000000018,4.585,0,29,200
1262,235435,135.6033333333332,0.0050000000000000044,4.55,0,38,200
1263,235635,130.44666666666672,0.025000000000000022,4.75,0,34,200
1264,235835,141.56500000000014,0.0,4.725,0,25,200
1265,236035,135.20666666666665,0.0050000000000000044,4.72,0,37,200
1266,236235,132.6866666666667,0.020000000000000018,4.78,0,32,200
1267,236435,139.72333333333333,0.0050000000000000044,4.76,0,27,200
1268,236635,141.32666666666677,0.010000000000000009,4.87,0,22,200
1269,236835,135.98166666666668,0.0,4.705,0,39,200
1270,237035,135.23833333333337,0.010000000000000009,4.775,0,34,200
1271,237235,138.30833333333342,0.015000000000000013,4.775,0,29,200
1272,237435,140.0533333333334,0.0,4.82,0,29,200
1273,237635,131.43500000000003,0.020000000000000018,4.785,0,35,200
1274,237835,130.69000000000005,0.05500000000000005,4.74,0,27,200
1275,238035,141.9316666666667,0.0,4.795,0,27,200
1276,238235,137.5583333333333,0.0050000000000000044,4.775,0,32,200
1277,238435,135.16166666666672,0.04500000000000004,4.705,0,23,200
1278,238635,138.90999999999994,0.0,4.74,0,33,200
1279,238835,124.63000000000007,0.050000000000000044,4.59,0,38,200
1280,239035,139.49499999999998,0.0050000000000000044,4.665,0,31,200
1281,239235,130.85333333333335,0.04500000000000004,4.7,0,30,200
1282,239435,140.48000000000005,0.0,4.8,0,27,200
1283,239635,141.20833333333337,0.010000000000000009,4.865,0,23,200
1284,239835,137.57666666666665,0.030000000000000027,4.75,0,26,200
1285,240035,138.75499999999988,0.0,4.725,0,32,200
1286,240235,132.9133333333335,0.050000000000000044,4.64,0,24,200
1287,240435,137.03500000000003,0.0,4.755,0,34,200
1288,240635,140.17500000000004,0.0,4.785,0,28,200
1289,240835,138.03000000000006,0.0,4.47,0,36,200
1290,241035,145.45499999999998,0.0,4.455,0,23,200
1291,241235,139.45999999999998,0.0,4.53,0,34,200
1292,241435,128.81166666666653,0.05500000000000005,4.585,0,29,200
1293,241635,137.26999999999998,0.0050000000000000044,4.71,0,34,200
1294,241835,141.20499999999998,0.0,4.785,0,26,200
1295,242035,139.42499999999998,0.0050000000000000044,4.695,0,30,200
1296,242235,141.15500000000006,0.0,4.785,0,30,200
1297,242435,141.2516666666666,0.0,4.735,0,28,200
1298,242635,123.74833333333336,0.040000000000000036,4.625,0,43,200
1299,242835,138.7266666666667,0.0,4.75,0,32,200
1300,243035,132.06833333333336,0.025000000000000022,4.775,0,33,200
1301,243235,138.25166666666664,0.0,4.735,0,34,200
1302,243435,142.3733333333333,0.0050000000000000044,4.82,0,22,200
1303,243635,139.80000000000013,0.010000000000000009,4.86,0,25,200
1304,243835,145.31166666666672,0.0,4.825,0,19,200
1305,244035,146.44666666666666,0.010000000000000009,4.78,0,15,200
1306,244235,139.42999999999998,0.0,4.74,0,29,200
1307,244435,140.19000000000005,0.0,4.71,0,29,200
1308,244635,127.455,0.03500000000000003,4.605,0,38,200
1309,244835,131.51333333333352,0.06000000000000005,4.61,0,23,200
1310,245035,133.76166666666674,0.0,4.825,0,37,200
1311,245235,134.85000000000008,0.025000000000000022,4.71,0,31,200
1312,245435,131.43333333333328,0.0,4.88,0,41,200
1313,245635,134.3766666666667,0.03500000000000003,4.75,0,27,200
1314,245835,133.4783333333334,0.030000000000000027,4.775,0,29,200
1315,246035,142.10333333333332,0.0,4.76,0,26,200
1316,246235,131.8833333333333,0.040000000000000036,4.7,0,31,200
1317,246435,132.02666666666673,0.040000000000000036,4.69,0,29,200
1318,246635,140.3166666666667,0.0,4.78,0,29,200
1319,246835,142.3083333333333,0.0050000000000000044,4.805,0,23,200
1320,247035,137.7583333333334,0.0,4.805,0,33,200
1321,247235,140.80999999999995,0.010000000000000009,4.8,0,25,200
1322,247435,134.47333333333344,0.020000000000000018,4.76,0,31,200
1323,247635,138.73333333333335,0.0,4.91,0,26,200
1324,247835,139.01166666666674,0.0,4.855,0,29,200
1325,248035,138.73,0.0,4.86,0,27,200
1326,248235,141.21666666666667,0.0,4.99,0,23,200
1327,248435,141.04833333333343,0.0,4.835,0,25,200
1328,248635,139.8133333333335,0.010000000000000009,4.79,0,26,200
1329,248835,140.58999999999995,0.015000000000000013,4.56,0,26,200
1330,249035,144.93499999999986,0.0050000000000000044,4.815,0,19,200
1331,249235,122.02000000000005,0.07999999999999996,4.65,0,35,200
1332,249435,132.98166666666674,0.03500000000000003,4.735,0,29,200
1333,249635,146.76999999999998,0.0,4.83,0,17,200
1334,249835,143.82833333333335,0.0,4.865,0,23,200
1335,250035,130.47500000000008,0.015000000000000013,4.755,0,39,200
1336,250235,132.1166666666667,0.020000000000000018,4.9,0,31,200
1337,250435,144.03666666666672,0.0,4.84,0,22,200
1338,250635,136.86,0.010000000000000009,4.8,0,31,200
1339,250835,137.15833333333333,0.0,4.835,0,31,200
1340,251035,137.31666666666672,0.0050000000000000044,4.78,0,33,200
1341,251235,131.43500000000003,0.030000000000000027,4.815,0,31,200
1342,251435,139.86166666666668,0.0,4.945,0,29,200
1343,251635,140.9050000000001,0.0,4.905,0,24,200
1344,251835,141.2583333333334,0.010000000000000009,4.865,0,21,200
1345,252035,140.70166666666677,0.0,4.825,0,28,200
1346,252235,146.5533333333333,0.0050000000000000044,4.88,0,15,200
1347,252435,138.42500000000007,0.0050000000000000044,4.875,0,29,200
1348,252635,137.44666666666666,0.020000000000000018,4.78,0,28,200
1349,252835,143.80333333333323,0.0,4.88,0,21,200
1350,253035,137.5999999999999,0.0,4.86,0,32,200
1351,253235,140.30833333333337,0.0050000000000000044,4.865,0,26,200
1352,253435,137.25000000000009,0.050000000000000044,4.8,0,18,200
1353,253635,135.2816666666667,0.0050000000000000044,4.675,0,36,200
1354,253835,131.76666666666668,0.020000000000000018,4.78,0,35,200
1355,254035,138.47833333333332,0.0,4.895,0,31,200
1356,254235,141.3116666666666,0.0,4.855,0,25,200
1357,254435,132.26333333333335,0.020000000000000018,4.85,0,32,200
1358,254635,140.61666666666667,0.0,4.84,0,26,200
1359,254835,136.0383333333333,0.0,4.775,0,36,200
1360,255035,136.79666666666674,0.0,4.87,0,34,200
1361,255235,147.405,0.0,4.875,0,15,200
1362,255435,141.24499999999998,0.0,4.875,0,27,200
1363,255635,141.3016666666667,0.0050000000000000044,4.855,0,24,200
1364,255835,123.74333333333337,0.0050000000000000044,4.82,0,52,200
1365,256035,140.27500000000015,0.0,4.815,0,29,200
1366,256235,138.8766666666667,0.0050000000000000044,4.84,0,27,200
1367,256435,138.06999999999985,0.0,4.83,0,31,200
1368,256635,137.81333333333336,0.010000000000000009,4.85,0,29,200
1369,256835,134.1566666666667,0.040000000000000036,4.69,0,28,200
1370,257035,140.32,0.0,4.77,0,29,200
1371,257235,137.04166666666666,0.0050000000000000044,4.825,0,32,200
1372,257435,144.92666666666665,0.0,4.81,0,22,200
1373,257635,137.45999999999998,0.0,4.8,0,35,200
1374,257835,149.2183333333333,0.0,4.925,0,12,200
1375,258035,134.43833333333336,0.025000000000000022,4.745,0,31,200
1376,258235,137.86500000000007,0.0,4.815,0,30,200
1377,258435,138.0483333333334,0.015000000000000013,4.655,0,30,200
1378,258635,143.90000000000003,0.0,4.83,0,23,200
1379,258835,140.95833333333337,0.0,4.865,0,26,200
1380,259035,142.60666666666668,0.0,4.84,0,24,200
1381,259235,142.61333333333346,0.0,4.82,0,26,200
1382,259435,139.19000000000014,0.0,4.74,0,32,200
1383,259635,144.5566666666667,0.0,4.87,0,19,200
1384,259835,138.74166666666682,0.0,4.765,0,32,200
1385,260035,135.8833333333334,0.0050000000000000044,4.85,0,33,200
1386,260235,139.99166666666673,0.0,4.825,0,28,200
1387,260435,143.31666666666672,0.0,4.87,0,21,200
1388,260635,145.5133333333333,0.0,4.79,0,19,200
1389,260835,139.90000000000003,0.010000000000000009,4.8,0,25,200
1390,261035,137.26333333333343,0.0,4.85,0,32,200
1391,261235,143.0283333333333,0.0,4.805,0,22,200
1392,261435,137.08499999999998,0.025000000000000022,4.665,0,27,200
1393,261635,143.0583333333334,0.010000000000000009,4.775,0,22,200
1394,261835,138.2233333333334,0.0,4.85,0,29,200
1395,262035,143.79666666666662,0.0,4.84,0,21,200
1396,262235,145.00333333333333,0.0,4.88,0,19,200
1397,262435,140.665,0.0,4.755,0,30,200
1398,262635,142.9333333333333,0.0,4.79,0,25,200
1399,262835,136.13333333333347,0.010000000000000009,4.79,0,31,200
1400,263035,139.20666666666668,0.0,4.81,0,30,200
1401,263235,146.0833333333334,0.0,4.79,0,20,200
1402,263435,143.97666666666677,0.0,4.84,0,25,200
1403,263635,140.84333333333328,0.0,4.79,0,27,200
1404,263835,143.18333333333334,0.0,4.85,0,25,200
1405,264035,141.97,0.0,4.89,0,25,200
1406,264235,134.63833333333332,0.0,4.805,0,39,200
1407,264435,140.35333333333338,0.015000000000000013,4.85,0,22,200
1408,264635,136.12833333333342,0.0050000000000000044,4.715,0,35,200
1409,264835,142.85333333333338,0.0050000000000000044,4.79,0,21,200
1410,265035,142.44500000000005,0.0,4.815,0,25,200
1411,265235,141.01500000000001,0.0,4.755,0,28,200
1412,265435,139.26500000000019,0.010000000000000009,4.755,0,28,200
1413,265635,143.9800000000001,0.0,4.8,0,23,200
1414,265835,142.20166666666665,0.0,4.795,0,24,200
1415,266035,143.29166666666666,0.0,4.915,0,22,200
1416,266235,139.6283333333333,0.0050000000000000044,4.775,0,28,200
1417,266435,143.7766666666667,0.0,4.81,0,22,200
1418,266635,139.97000000000003,0.010000000000000009,4.83,0,25,200
1419,266835,140.23166666666668,0.0,4.705,0,31,200
1420,267035,137.53166666666678,0.010000000000000009,4.705,0,30,200
1421,267235,139.12666666666672,0.010000000000000009,4.75,0,27,200
1422,267435,147.99999999999994,0.0,4.86,0,15,200
1423,267635,139.26000000000005,0.0,4.8,0,28,200
1424,267835,144.03500000000014,0.0050000000000000044,4.755,0,22,200
1425,268035,136.13000000000002,0.010000000000000009,4.86,0,30,200
1426,268235,144.83999999999992,0.0050000000000000044,4.89,0,18,200
1427,268435,141.79499999999996,0.0,4.815,0,27,200
1428,268635,138.09166666666667,0.0,4.915,0,30,200
1429,268835,143.45166666666663,0.0,4.915,0,21,200
1430,269035,139.86333333333343,0.0050000000000000044,4.76,0,29,200
1431,269235,140.2483333333333,0.0,4.895,0,26,200
1432,269435,141.34000000000006,0.0,4.86,0,25,200
1433,269635,142.78166666666667,0.0,4.945,0,22,200
1434,269835,141.76500000000001,0.0,4.845,0,25,200
1435,270035,144.71500000000003,0.0050000000000000044,4.905,0,20,200
1436,270235,138.79833333333332,0.0,4.835,0,31,200
1437,270435,143.27,0.0,4.83,0,24,200
1438,270635,136.4966666666666,0.010000000000000009,4.96,0,29,200
1439,270835,139.11499999999998,0.020000000000000018,4.875,0,25,200
1440,271035,141.54333333333338,0.0,4.85,0,25,200
1441,271235,147.98000000000005,0.0,4.95,0,12,200
1442,271435,132.5466666666667,0.0,4.87,0,38,200
1443,271635,141.5349999999999,0.0050000000000000044,4.845,0,25,200
1444,271835,132.3700000000001,0.025000000000000022,4.8,0,32,200
1445,272035,142.70333333333338,0.0,4.94,0,26,200
1446,272235,133.37999999999997,0.0050000000000000044,4.8,0,37,200
1447,272435,146.48333333333335,0.0050000000000000044,4.91,0,17,200
1448,272635,136.9833333333334,0.0050000000000000044,4.85,0,31,200
1449,272835,143.1633333333334,0.0,4.82,0,24,200
1450,273035,146.20666666666673,0.0,4.99,0,18,200
1451,273235,142.81000000000006,0.010000000000000009,4.86,0,20,200
1452,273435,135.685,0.025000000000000022,4.815,0,25,200
1453,273635,141.80499999999998,0.0,4.905,0,23,200
1454,273835,149.41333333333336,0.0,4.94,0,13,200
1455,274035,138.18333333333337,0.0050000000000000044,4.97,0,27,200
1456,274235,135.87333333333336,0.0050000000000000044,4.82,0,33,200
1457,274435,140.70333333333332,0.0,5.03,0,25,200
1458,274635,142.9966666666667,0.0,4.93,0,22,200
1459,274835,140.35999999999999,0.0,4.8,0,31,200
1460,275035,138.90666666666675,0.010000000000000009,4.84,0,28,200
1461,275235,141.85833333333338,0.0050000000000000044,4.925,0,23,200
1462,275435,142.3083333333333,0.0,4.895,0,23,200
1463,275635,141.3316666666667,0.020000000000000018,4.795,0,21,200
1464,275835,138.8216666666666,0.0,4.825,0,33,200
1465,276035,140.52833333333334,0.0,4.895,0,25,200
1466,276235,144.49999999999991,0.0,4.92,0,19,200
1467,276435,142.22166666666666,0.0,4.825,0,26,200
1468,276635,139.59833333333333,0.0,4.775,0,31,200
1469,276835,138.03666666666666,0.015000000000000013,4.66,0,31,200
1470,277035,141.94333333333316,0.0,4.73,0,28,200
1471,277235,145.31833333333347,0.0,4.985,0,16,200
1472,277435,140.22499999999988,0.015000000000000013,4.965,0,24,200
1473,277635,143.26666666666682,0.0,4.9,0,22,200
1474,277835,142.5316666666666,0.0,5.005,0,21,200
1475,278035,142.58833333333334,0.0,4.925,0,23,200
1476,278235,143.67166666666657,0.0,4.945,0,20,200
1477,278435,129.60833333333335,0.03500000000000003,4.775,0,34,200
1478,278635,144.2899999999999,0.0,4.89,0,21,200
1479,278835,134.06833333333344,0.025000000000000022,4.715,0,30,200
1480,279035,137.99833333333333,0.0,4.865,0,30,200
1481,279235,143.6250000000001,0.0,4.875,0,22,200
1482,279435,138.3083333333334,0.0,4.805,0,34,200
1483,279635,145.80000000000007,0.0,4.86,0,19,200
1484,279835,139.14833333333326,0.010000000000000009,4.835,0,27,200
1485,280035,145.80666666666664,0.0050000000000000044,4.9,0,17,200
1486,280235,144.34166666666673,0.0050000000000000044,4.765,0,21,200
1487,280435,135.16666666666674,0.025000000000000022,4.78,0,28,200
1488,280635,143.35500000000002,0.0050000000000000044,4.965,0,17,200
1489,280835,140.0883333333333,0.0050000000000000044,4.835,0,26,200
1490,281035,143.26999999999984,0.0,4.86,0,24,200
1491,281235,147.49499999999998,0.0,4.995,0,14,200
1492,281435,140.32499999999993,0.0,4.815,0,28,200
1493,281635,140.1466666666667,0.010000000000000009,4.87,0,25,200
1494,281835,141.69666666666677,0.0,4.93,0,26,200
1495,282035,143.50333333333327,0.0050000000000000044,4.82,0,22,200
1496,282235,136.85500000000002,0.025000000000000022,4.725,0,29,200
1497,282435,142.86999999999995,0.0,4.86,0,24,200
1498,282635,134.66333333333333,0.010000000000000009,4.7,0,36,200
1499,282835,141.46,0.0,4.77,0,29,200
1500,283035,147.45833333333334,0.0,4.835,0,17,200
1501,283235,137.96666666666673,0.0,4.78,0,33,200
1502,283435,145.05999999999992,0.0,4.86,0,20,200
1503,283635,139.6416666666666,0.0,4.825,0,29,200
1504,283835,126.17666666666668,0.025000000000000022,4.6,0,44,200
1505,284035,143.725,0.010000000000000009,4.845,0,20,200
1506,284235,142.76166666666666,0.015000000000000013,4.765,0,21,200
1507,284435,145.7549999999999,0.0,4.785,0,22,200
1508,284635,139.3400000000001,0.010000000000000009,4.77,0,29,200
1509,284835,143.37833333333347,0.010000000000000009,4.805,0,22,200
1510,285035,145.24500000000006,0.0,4.845,0,19,200
1511,285235,145.88833333333338,0.0050000000000000044,4.865,0,18,200
1512,285435,145.07999999999996,0.0050000000000000044,4.89,0,19,200
1513,285635,135.60166666666672,0.03500000000000003,4.735,0,25,200
1514,285835,138.14833333333348,0.020000000000000018,4.805,0,25,200
1515,286035,142.42166666666674,0.010000000000000009,4.795,0,22,200
1516,286235,143.34333333333342,0.0,4.88,0,25,200
1517,286435,142.00499999999997,0.0050000000000000044,4.815,0,25,200
1518,286635,145.55333333333334,0.0050000000000000044,4.73,0,23,200
1519,286835,141.55166666666668,0.010000000000000009,4.735,0,25,200
1520,287035,139.60666666666674,0.0050000000000000044,4.75,0,28,200
1521,287235,139.11833333333348,0.010000000000000009,4.865,0,24,200
1522,287435,141.1566666666667,0.0050000000000000044,4.78,0,26,200
1523,287635,132.4766666666668,0.05500000000000005,4.66,0,24,200
1524,287835,144.16166666666675,0.0,4.855,0,21,200
1525,288035,140.57666666666674,0.010000000000000009,4.72,0,25,200
1526,288235,144.96666666666667,0.0050000000000000044,4.87,0,17,200
1527,288435,145.16333333333338,0.0050000000000000044,4.7,0,20,200
1528,288635,143.97666666666677,0.0,4.84,0,22,200
1529,288835,145.8566666666667,0.0,4.9,0,18,200
1530,289035,141.9966666666667,0.010000000000000009,4.78,0,23,200
1531,289235,143.92000000000007,0.0,4.8,0,22,200
1532,289435,145.055,0.0,4.875,0,19,200
1533,289635,139.79000000000008,0.0,4.83,0,29,200
1534,289835,136.0033333333334,0.0050000000000000044,4.76,0,35,200
1535,290035,144.6616666666667,0.015000000000000013,4.825,0,14,200
1536,290235,144.52666666666667,0.015000000000000013,4.78,0,18,200
1537,290435,140.00166666666664,0.015000000000000013,4.795,0,25,200
1538,290635,135.85833333333338,0.020000000000000018,4.745,0,33,200
1539,290835,138.86166666666674,0.0,4.855,0,29,200
1540,291035,140.7383333333333,0.03500000000000003,4.775,0,17,200
1541,291235,139.73166666666674,0.010000000000000009,4.975,0,22,200
1542,291435,141.71333333333328,0.0,4.97,0,24,200
1543,291635,136.96833333333336,0.0,4.955,0,32,200
1544,291835,140.67833333333337,0.0050000000000000044,4.835,0,27,200
1545,292035,147.06166666666664,0.0,4.915,0,17,200
1546,292235,134.35166666666672,0.04500000000000004,4.855,0,24,200
1547,292435,144.15166666666673,0.010000000000000009,4.855,0,18,200
1548,292635,140.73166666666668,0.0050000000000000044,4.795,0,27,200
1549,292835,141.38000000000008,0.025000000000000022,4.89,0,18,200
1550,293035,143.51999999999995,0.0,4.92,0,21,200
1551,293235,146.63666666666663,0.0,4.9,0,18,200
1552,293435,146.10666666666674,0.010000000000000009,4.87,0,13,200
1553,293635,139.10166666666674,0.0,4.855,0,31,200
1554,293835,144.13500000000002,0.015000000000000013,4.875,0,17,200
1555,294035,138.1683333333335,0.015000000000000013,4.655,0,29,200
1556,294235,142.5683333333333,0.010000000000000009,4.745,0,22,200
1557,294435,145.09666666666664,0.0,4.9,0,19,200
1558,294635,136.58166666666668,0.0050000000000000044,4.915,0,31,200
1559,294835,143.48333333333335,0.0050000000000000044,4.82,0,21,200
1560,295035,149.65999999999997,0.0,4.8,0,13,200
1561,295235,143.52666666666667,0.0,4.81,0,22,200
1562,295435,139.1116666666667,0.010000000000000009,4.885,0,25,200
1563,295635,143.3283333333334,0.010000000000000009,4.805,0,20,200
1564,295835,148.49166666666665,0.010000000000000009,4.915,0,11,200
1565,296035,139.2066666666666,0.0,4.9,0,30,200
1566,296235,141.4683333333334,0.0,4.955,0,25,200
1567,296435,144.0066666666667,0.025000000000000022,4.87,0,13,200
1568,296635,143.00333333333336,0.0,4.91,0,23,200
1569,296835,140.72333333333347,0.0050000000000000044,4.85,0,28,200
1570,297035,141.1033333333333,0.010000000000000009,4.88,0,23,200
1571,297235,147.78000000000003,0.0050000000000000044,4.89,0,14,200
1572,297435,146.23833333333326,0.0,4.895,0,19,200
1573,297635,145.21666666666673,0.0050000000000000044,4.9,0,18,200
1574,297835,145.13833333333326,0.0,4.835,0,20,200
1575,298035,140.03500000000005,0.0050000000000000044,4.725,0,29,200
1576,298235,140.16999999999996,0.0050000000000000044,4.8,0,26,200
1577,298435,140.3116666666667,0.0,4.795,0,28,200
1578,298635,137.51333333333326,0.0050000000000000044,4.82,0,30,200
1579,298835,141.985,0.0,4.935,0,25,200
1580,299035,134.8433333333334,0.025000000000000022,4.7,0,30,200
1581,299235,140.1833333333334,0.015000000000000013,4.82,0,22,200
1582,299435,138.7483333333334,0.0050000000000000044,4.865,0,27,200
1583,299635,143.75833333333335,0.0,4.895,0,21,200
1584,299835,144.8966666666667,0.0,4.9,0,19,200
1585,300035,149.03999999999996,0.0,4.95,0,12,200
1586,300235,142.87833333333336,0.0050000000000000044,4.835,0,20,200
1587,300435,146.70166666666674,0.0,4.975,0,16,200
1588,300635,145.59333333333333,0.0,4.94,0,19,200
1589,300835,145.6483333333334,0.0050000000000000044,4.895,0,17,200
1590,301035,145.77166666666668,0.0050000000000000044,4.945,0,16,200
1591,301235,147.13499999999988,0.0,4.875,0,15,200
1592,301435,141.88333333333324,0.015000000000000013,4.76,0,21,200
1593,301635,144.0716666666667,0.0,4.885,0,22,200
1594,301835,146.15999999999997,0.0,4.8,0,18,200
1595,302035,130.79666666666674,0.06499999999999995,4.78,0,22,200
1596,302235,139.66833333333324,0.0,4.835,0,31,200
1597,302435,146.0300000000001,0.0,4.95,0,17,200
1598,302635,142.74833333333353,0.010000000000000009,4.805,0,19,200
1599,302835,144.635,0.0,4.815,0,22,200
1600,303035,138.25500000000002,0.015000000000000013,4.755,0,26,200
1601,303235,144.97166666666666,0.0,4.885,0,21,200
1602,303435,147.1833333333332,0.0,4.79,0,17,200
1603,303635,143.30666666666673,0.0,4.96,0,24,200
1604,303835,145.11500000000004,0.020000000000000018,4.845,0,13,200
1605,304035,145.2800000000001,0.0050000000000000044,4.89,0,17,200
1606,304235,149.06833333333344,0.0,4.895,0,13,200
1607,304435,139.43166666666662,0.0050000000000000044,4.855,0,29,200
1608,304635,138.8366666666666,0.015000000000000013,4.93,0,25,200
1609,304835,144.07166666666663,0.0,4.915,0,23,200
1610,305035,140.7233333333334,0.030000000000000027,4.73,0,17,200
1611,305235,143.33999999999997,0.0050000000000000044,4.77,0,21,200
1612,305435,149.37333333333333,0.0,4.85,0,14,200
1613,305635,142.9633333333333,0.0050000000000000044,4.82,0,23,200
1614,305835,136.26500000000007,0.020000000000000018,4.605,0,31,200
1615,306035,152.07999999999993,0.0050000000000000044,4.86,0,7,200
1616,306235,147.71666666666673,0.0050000000000000044,4.69,0,17,200
1617,306435,142.74000000000004,0.0,4.8,0,27,200
1618,306635,146.76666666666662,0.0,4.84,0,18,200
1619,306835,140.9266666666667,0.015000000000000013,4.72,0,23,200
1620,307035,147.97000000000017,0.0050000000000000044,4.74,0,14,200
1621,307235,143.56500000000003,0.0,4.785,0,25,200
1622,307435,143.50499999999994,0.0,4.875,0,20,200
1623,307635,145.78833333333333,0.010000000000000009,4.865,0,14,200
1624,307835,135.1050000000001,0.025000000000000022,4.695,0,31,200
1625,308035,145.655,0.0050000000000000044,4.965,0,15,200
1626,308235,145.25666666666652,0.0050000000000000044,4.93,0,17,200
1627,308435,143.91999999999996,0.0,4.86,0,21,200
1628,308635,140.2583333333333,0.010000000000000009,4.715,0,25,200
1629,308835,143.5283333333335,0.020000000000000018,4.955,0,16,200
1630,309035,143.0683333333333,0.0050000000000000044,4.925,0,20,200
1631,309235,141.82833333333332,0.025000000000000022,4.715,0,16,200
1632,309435,143.12,0.0,5.04,0,21,200
1633,309635,138.20166666666668,0.0050000000000000044,4.855,0,30,200
1634,309835,149.3183333333334,0.0,4.925,0,12,200
1635,310035,147.01333333333338,0.0,4.82,0,18,200
1636,310235,142.59166666666667,0.015000000000000013,4.735,0,21,200
1637,310435,149.26499999999996,0.0,4.905,0,14,200
1638,310635,150.78666666666675,0.0,4.81,0,12,200
1639,310835,148.76833333333335,0.0,4.865,0,14,200
1640,311035,139.34,0.0,4.71,0,32,200
1641,311235,140.38666666666668,0.0050000000000000044,4.66,0,27,200
1642,311435,147.44500000000002,0.0,4.695,0,20,200
1643,311635,149.7566666666666,0.0,4.84,0,15,200
1644,311835,136.9266666666667,0.020000000000000018,4.84,0,25,200
1645,312035,148.47500000000008,0.0,4.815,0,16,200
1646,312235,146.2083333333333,0.0,4.835,0,21,200
1647,312435,142.90666666666684,0.0,4.75,0,24,200
1648,312635,146.41166666666666,0.0,4.915,0,17,200
1649,312835,146.7416666666667,0.0,4.855,0,18,200
1650,313035,133.81000000000017,0.015000000000000013,4.86,0,33,200
1651,313235,145.88499999999996,0.0050000000000000044,4.755,0,20,200
1652,313435,145.19666666666666,0.015000000000000013,4.72,0,15,200
1653,313635,144.75500000000002,0.0050000000000000044,4.755,0,21,200
1654,313835,141.9683333333333,0.0,4.775,0,26,200
1655,314035,147.17500000000015,0.0050000000000000044,4.875,0,14,200
1656,314235,141.49166666666682,0.025000000000000022,4.765,0,20,200
1657,314435,139.7666666666667,0.020000000000000018,4.78,0,23,200
1658,314635,145.87333333333325,0.0,4.67,0,24,200
1659,314835,148.77333333333348,0.0,4.67,0,18,200
1660,315035,148.95666666666656,0.0050000000000000044,4.87,0,14,200
1661,315235,144.28500000000003,0.0,4.785,0,22,200
1662,315435,147.70666666666665,0.0050000000000000044,5.02,0,12,200
1663,315635,148.07000000000014,0.0,4.98,0,14,200
1664,315835,147.00166666666658,0.010000000000000009,4.765,0,17,200
1665,316035,142.9216666666666,0.0050000000000000044,4.735,0,22,200
1666,316235,146.55833333333334,0.0,4.925,0,16,200
1667,316435,148.65000000000006,0.0,4.86,0,15,200
1668,316635,148.33999999999995,0.0,4.68,0,16,200
1669,316835,140.17166666666674,0.010000000000000009,4.795,0,24,200
1670,317035,148.28333333333336,0.0,4.82,0,15,200
1671,317235,144.74666666666684,0.010000000000000009,4.81,0,16,200
1672,317435,147.26166666666668,0.0050000000000000044,4.765,0,16,200
1673,317635,145.05333333333328,0.0,4.82,0,22,200
1674,317835,149.22833333333338,0.0,4.955,0,14,200
1675,318035,149.57833333333335,0.0,5.015,0,11,200
1676,318235,149.22833333333332,0.0,5.015,0,13,200
1677,318435,142.1249999999999,0.010000000000000009,4.845,0,23,200
1678,318635,146.39166666666674,0.0050000000000000044,4.705,0,17,200
1679,318835,142.30166666666665,0.0050000000000000044,4.825,0,24,200
1680,319035,146.5366666666666,0.0,4.87,0,16,200
1681,319235,144.6716666666668,0.015000000000000013,4.795,0,16,200
1682,319435,145.80499999999995,0.0050000000000000044,4.875,0,16,200
1683,319635,147.9933333333333,0.0,4.94,0,14,200
1684,319835,150.5083333333333,0.0,4.775,0,12,200
1685,320035,151.97999999999996,0.0,4.86,0,10,200
1686,320235,151.505,0.0,4.905,0,11,200
1687,320435,134.81,0.020000000000000018,4.65,0,31,200
1688,320635,138.15500000000014,0.020000000000000018,4.845,0,24,200
1689,320835,145.60666666666665,0.0,4.87,0,20,200
1690,321035,146.7283333333333,0.0,4.805,0,18,200
1691,321235,147.62833333333322,0.0,4.745,0,17,200
1692,321435,142.43500000000012,0.0050000000000000044,4.875,0,21,200
1693,321635,142.41833333333335,0.0,4.985,0,23,200
1694,321835,142.42000000000002,0.0050000000000000044,4.95,0,22,200
1695,322035,141.54500000000002,0.020000000000000018,4.845,0,20,200
1696,322235,139.935,0.040000000000000036,4.695,0,17,200
1697,322435,146.01666666666662,0.015000000000000013,4.78,0,14,200
1698,322635,145.09499999999994,0.0,4.845,0,21,200
1699,322835,145.85333333333332,0.0050000000000000044,4.88,0,16,200
1700,323035,145.62166666666667,0.010000000000000009,4.825,0,17,200
1701,323235,144.98833333333326,0.0,4.805,0,21,200
1702,323435,147.73666666666668,0.0,4.84,0,17,200
1703,323635,145.8133333333333,0.0,4.82,0,20,200
1704,323835,148.285,0.0,4.785,0,16,200
1705,324035,147.03333333333336,0.020000000000000018,4.88,0,11,200
1706,324235,146.01999999999998,0.0,4.95,0,17,200
1707,324435,148.76000000000005,0.0,4.89,0,16,200
1708,324635,148.3583333333333,0.0,4.835,0,15,200
1709,324835,148.55333333333343,0.0,4.88,0,13,200
1710,325035,143.27666666666667,0.0,4.84,0,22,200
1711,325235,144.35333333333338,0.0,4.85,0,21,200
1712,325435,147.20333333333332,0.0050000000000000044,4.85,0,15,200
1713,325635,144.96999999999994,0.0050000000000000044,4.83,0,19,200
1714,325835,147.27000000000007,0.0050000000000000044,4.98,0,12,200
1715,326035,147.8400000000003,0.010000000000000009,4.83,0,12,200
1716,326235,148.99999999999986,0.0,4.92,0,14,200
1717,326435,142.20833333333346,0.020000000000000018,4.835,0,19,200
1718,326635,149.64666666666668,0.0,4.93,0,13,200
1719,326835,152.06000000000003,0.0,4.77,0,9,200
1720,327035,143.49333333333342,0.0,4.85,0,22,200
1721,327235,144.87333333333345,0.0,4.88,0,21,200
1722,327435,145.0483333333333,0.0,4.775,0,21,200
1723,327635,148.25166666666672,0.0,4.915,0,17,200
1724,327835,150.72333333333322,0.0,4.73,0,14,200
1725,328035,146.38666666666666,0.015000000000000013,4.75,0,13,200
1726,328235,146.57833333333343,0.0,4.925,0,18,200
1727,328435,145.88166666666666,0.0,4.915,0,18,200
1728,328635,145.2316666666667,0.0,4.855,0,22,200
1729,328835,148.3083333333333,0.0,4.925,0,14,200
1730,329035,144.2183333333334,0.0,4.925,0,20,200
1731,329235,141.24499999999998,0.015000000000000013,4.755,0,25,200
1732,329435,144.2483333333333,0.025000000000000022,4.865,0,13,200
1733,329635,144.86333333333314,0.0,4.7,0,25,200
1734,329835,149.23000000000005,0.0,4.89,0,14,200
1735,330035,146.79999999999998,0.0,4.8,0,19,200
1736,330235,146.77666666666667,0.0,4.81,0,20,200
1737,330435,145.58666666666664,0.0,4.78,0,22,200
1738,330635,150.94333333333347,0.0,4.79,0,14,200
1739,330835,142.94999999999996,0.0050000000000000044,4.74,0,24,200
1740,331035,148.95166666666654,0.0050000000000000044,4.615,0,18,200
1741,331235,144.9533333333334,0.0050000000000000044,4.85,0,20,200
1742,331435,150.05166666666668,0.0,4.855,0,12,200
1743,331635,146.6366666666668,0.0,4.93,0,16,200
1744,331835,148.2649999999999,0.0,4.875,0,15,200
1745,332035,147.80999999999997,0.0,4.83,0,16,200
1746,332235,142.20000000000005,0.015000000000000013,4.77,0,23,200
1747,332435,148.35000000000002,0.0,4.92,0,14,200
1748,332635,135.4200000000001,0.06999999999999995,4.74,0,13,200
1749,332835,151.26333333333318,0.0,4.82,0,12,200
1750,333035,143.47833333333327,0.0050000000000000044,4.775,0,24,200
1751,333235,146.45166666666663,0.0,4.915,0,17,200
1752,333435,141.6466666666667,0.0,4.9,0,27,200
1753,333635,150.57833333333323,0.0,4.925,0,11,200
1754,333835,146.46500000000006,0.0,4.905,0,17,200
1755,334035,143.73000000000008,0.0050000000000000044,4.86,0,22,200
1756,334235,146.96833333333325,0.0,4.805,0,18,200
1757,334435,144.76833333333326,0.0050000000000000044,4.835,0,21,200
1758,334635,149.0666666666666,0.0,4.78,0,18,200
1759,334835,142.52833333333345,0.0,4.775,0,24,200
1760,335035,145.00333333333327,0.0050000000000000044,4.7,0,21,200
1761,335235,150.92666666666662,0.0,4.93,0,11,200
1762,335435,149.26666666666657,0.0,4.9,0,15,200
1763,335635,143.3166666666667,0.0050000000000000044,4.87,0,21,200
1764,335835,149.5616666666667,0.0,4.825,0,14,200
1765,336035,147.4950000000001,0.0,4.815,0,18,200
1766,336235,144.24666666666658,0.0050000000000000044,4.81,0,21,200
1767,336435,145.03500000000008,0.030000000000000027,4.695,0,12,200
1768,336635,140.34833333333341,0.03500000000000003,4.835,0,18,200
1769,336835,150.57500000000007,0.0,4.845,0,13,200
1770,337035,150.07833333333335,0.0050000000000000044,4.805,0,11,200
1771,337235,149.52833333333342,0.0,4.865,0,12,200
1772,337435,149.36333333333337,0.0,4.91,0,13,200
1773,337635,148.47166666666664,0.0,4.735,0,17,200
1774,337835,149.70499999999996,0.0,4.875,0,14,200
1775,338035,141.96166666666662,0.0,4.645,0,28,200
1776,338235,146.39333333333335,0.0,4.88,0,16,200
1777,338435,148.5016666666666,0.0050000000000000044,4.855,0,15,200
1778,338635,150.68000000000006,0.0,4.89,0,12,200
1779,338835,151.15166666666659,0.0050000000000000044,4.885,0,10,200
1780,339035,144.1816666666667,0.010000000000000009,4.885,0,18,200
1781,339235,148.34333333333336,0.0,4.79,0,18,200
1782,339435,146.71000000000015,0.0,4.86,0,17,200
1783,339635,150.3850000000002,0.0,4.875,0,12,200
1784,339835,143.70166666666663,0.0050000000000000044,4.735,0,23,200
1785,340035,126.29833333333342,0.08499999999999996,4.595,0,30,200
1786,340235,146.74833333333336,0.0,4.835,0,19,200
1787,340435,144.3633333333334,0.0,4.88,0,20,200
1788,340635,142.94166666666663,0.015000000000000013,4.765,0,21,200
1789,340835,148.52666666666656,0.0,4.81,0,16,200
1790,341035,148.45833333333323,0.0,4.865,0,14,200
1791,341235,144.38000000000002,0.010000000000000009,4.8,0,21,200
1792,341435,149.48333333333343,0.0050000000000000044,4.73,0,15,200
1793,341635,144.79000000000005,0.0,4.86,0,22,200
1794,341835,152.24166666666667,0.0,4.915,0,8,200
1795,342035,147.72999999999996,0.0,4.89,0,15,200
1796,342235,150.96999999999997,0.0,4.92,0,12,200
1797,342435,147.24999999999997,0.0050000000000000044,4.8,0,15,200
1798,342635,148.16000000000017,0.015000000000000013,4.59,0,13,200
1799,342835,149.40166666666659,0.0050000000000000044,4.885,0,13,200
1800,343035,146.75833333333335,0.0,4.925,0,16,200
1801,343235,145.1283333333334,0.0,4.835,0,20,200
1802,343435,149.9499999999999,0.0050000000000000044,4.89,0,9,200
1803,343635,152.61333333333317,0.0,4.88,0,9,200
1804,343835,147.84999999999994,0.0,4.74,0,16,200
1805,344035,142.55333333333328,0.0050000000000000044,4.76,0,22,200
1806,344235,146.82500000000007,0.0,4.965,0,15,200
1807,344435,149.62000000000003,0.0,4.89,0,12,200
1808,344635,148.14999999999998,0.0,4.92,0,16,200
1809,344835,147.1766666666669,0.0,4.93,0,15,200
1810,345035,143.48999999999995,0.0050000000000000044,4.8,0,24,200
1811,345235,150.84,0.0,4.92,0,12,200
1812,345435,142.97833333333338,0.0,4.925,0,23,200
1813,345635,151.77666666666693,0.0,4.78,0,11,200
1814,345835,148.30000000000007,0.0050000000000000044,4.92,0,12,200
1815,346035,149.35666666666674,0.0050000000000000044,4.84,0,13,200
1816,346235,144.9633333333333,0.025000000000000022,4.82,0,14,200
1817,346435,148.01500000000004,0.0,4.965,0,13,200
1818,346635,143.5200000000001,0.0,4.86,0,23,200
1819,346835,146.16333333333338,0.0,4.85,0,21,200
1820,347035,150.1599999999999,0.0,4.77,0,13,200
1821,347235,147.01666666666657,0.0,4.75,0,20,200
1822,347435,144.4066666666666,0.0,4.84,0,21,200
1823,347635,147.06500000000005,0.0050000000000000044,4.845,0,15,200
1824,347835,149.06333333333333,0.0,4.85,0,15,200
1825,348035,149.86166666666665,0.0,4.945,0,12,200
1826,348235,151.24833333333325,0.0,4.925,0,10,200
1827,348435,149.74333333333328,0.0,4.91,0,13,200
1828,348635,150.01333333333335,0.0050000000000000044,4.82,0,11,200
1829,348835,150.03333333333327,0.0,4.85,0,13,200
1830,349035,146.9600000000001,0.0,4.86,0,17,200
1831,349235,150.04333333333335,0.010000000000000009,4.7,0,10,200
1832,349435,146.20166666666677,0.0050000000000000044,4.705,0,19,200
1833,349635,143.69166666666678,0.010000000000000009,4.825,0,22,200
1834,349835,150.2666666666667,0.0050000000000000044,4.87,0,12,200
1835,350035,142.10333333333335,0.0,4.94,0,23,200
1836,350235,146.17666666666662,0.0,4.84,0,19,200
1837,350435,147.1649999999999,0.0,4.755,0,18,200
1838,350635,147.05166666666662,0.0050000000000000044,4.825,0,16,200
1839,350835,142.31000000000003,0.0,4.83,0,24,200
1840,351035,140.17000000000007,0.025000000000000022,4.8,0,22,200
1841,351235,143.3950000000001,0.0050000000000000044,4.935,0,20,200
1842,351435,151.1049999999999,0.0050000000000000044,4.845,0,10,200
1843,351635,143.46666666666673,0.0050000000000000044,4.81,0,22,200
1844,351835,148.2083333333333,0.0,4.925,0,13,200
1845,352035,150.5633333333333,0.0050000000000000044,4.88,0,10,200
1846,352235,145.1,0.0,4.74,0,22,200
1847,352435,149.14499999999998,0.0,4.935,0,12,200
1848,352635,145.09500000000014,0.010000000000000009,4.605,0,20,200
1849,352835,143.64333333333352,0.025000000000000022,4.73,0,18,200
1850,353035,152.1516666666665,0.0,4.795,0,11,200
1851,353235,141.00000000000009,0.040000000000000036,4.71,0,18,200
1852,353435,149.6466666666668,0.010000000000000009,4.84,0,12,200
1853,353635,149.49999999999994,0.0050000000000000044,4.83,0,12,200
1854,353835,151.78833333333336,0.0,4.865,0,8,200
1855,354035,147.42000000000004,0.0,4.8,0,18,200
1856,354235,148.5633333333334,0.0050000000000000044,4.85,0,12,200
1857,354435,149.6833333333335,0.0,4.85,0,13,200
1858,354635,147.27166666666662,0.0,4.915,0,15,200
1859,354835,147.08833333333348,0.020000000000000018,4.745,0,12,200
1860,355035,139.44500000000008,0.0,4.725,0,29,200
1861,355235,146.31666666666678,0.0,4.84,0,18,200
1862,355435,148.1233333333333,0.0,4.88,0,15,200
1863,355635,147.36166666666693,0.0050000000000000044,4.735,0,16,200
1864,355835,149.12166666666675,0.0,4.825,0,15,200
1865,356035,150.26833333333337,0.0,4.835,0,14,200
1866,356235,150.5383333333333,0.0,4.805,0,13,200
1867,356435,141.92999999999998,0.015000000000000013,4.92,0,20,200
1868,356635,149.64666666666665,0.0,4.84,0,16,200
1869,356835,148.79666666666665,0.0050000000000000044,4.87,0,12,200
1870,357035,149.27333333333343,0.0,4.85,0,15,200
1871,357235,149.67333333333335,0.0,4.88,0,13,200
1872,357435,150.39833333333334,0.0,4.925,0,10,200
1873,357635,148.90166666666664,0.0,4.915,0,15,200
1874,357835,145.94000000000005,0.0,4.83,0,17,200
1875,358035,151.1499999999999,0.0,4.98,0,10,200
1876,358235,148.39333333333335,0.0,4.97,0,14,200
1877,358435,145.23000000000002,0.0,4.83,0,21,200
1878,358635,151.63499999999982,0.015000000000000013,4.815,0,8,200
1879,358835,147.14833333333334,0.0,4.895,0,16,200
1880,359035,149.08000000000013,0.0050000000000000044,4.71,0,15,200
1881,359235,144.98333333333338,0.0,4.82,0,23,200
1882,359435,149.28666666666672,0.0,4.9,0,12,200
1883,359635,153.0500000000001,0.0,4.62,0,11,200
1884,359835,149.55666666666667,0.0050000000000000044,4.87,0,12,200
1885,360035,148.29500000000002,0.0050000000000000044,4.785,0,15,200
1886,360235,152.72166666666664,0.0,4.825,0,10,200
1887,360435,141.56666666666672,0.030000000000000027,4.72,0,17,200
1888,360635,147.42666666666668,0.0050000000000000044,4.81,0,15,200
1889,360835,150.8216666666668,0.0,4.915,0,10,200
1890,361035,149.5566666666665,0.0,4.99,0,11,200
1891,361235,152.83666666666653,0.0,4.87,0,8,200
1892,361435,151.00166666666652,0.0,4.915,0,9,200
1893,361635,151.6033333333332,0.0,4.73,0,11,200
1894,361835,147.23999999999998,0.0,4.98,0,17,200
1895,362035,149.48166666666668,0.0,4.825,0,12,200
1896,362235,142.74000000000015,0.020000000000000018,4.68,0,21,200
1897,362435,150.15333333333342,0.0,4.79,0,14,200
1898,362635,150.67833333333326,0.0,4.685,0,11,200
1899,362835,140.66333333333338,0.020000000000000018,4.58,0,24,200
1900,363035,145.90166666666676,0.015000000000000013,4.615,0,16,200
1901,363235,144.71999999999986,0.025000000000000022,4.62,0,16,200
1902,363435,151.56166666666678,0.0,4.645,0,13,200
1903,363635,148.72333333333324,0.0,4.94,0,12,200
1904,363835,147.83166666666665,0.0,4.825,0,16,200
1905,364035,147.68333333333345,0.0,4.55,0,21,200
1906,364235,150.03999999999988,0.010000000000000009,4.74,0,12,200
1907,364435,150.78999999999982,0.0050000000000000044,4.47,0,16,200
1908,364635,152.15166666666664,0.0050000000000000044,4.675,0,10,200
1909,364835,152.00833333333347,0.0050000000000000044,4.595,0,11,200
1910,365035,153.12833333333322,0.0,4.625,0,10,200
1911,365235,155.38666666666666,0.0,4.6,0,9,200
1912,365435,148.71166666666647,0.0,4.615,0,17,200
1913,365635,150.37499999999972,0.0,4.455,0,18,200
1914,365835,147.22499999999997,0.0050000000000000044,4.515,0,19,200
1915,366035,147.69333333333344,0.010000000000000009,4.82,0,13,200
1916,366235,151.25166666666655,0.0,4.795,0,13,200
1917,366435,150.6483333333335,0.0050000000000000044,4.625,0,12,200
1918,366635,151.72,0.0050000000000000044,4.74,0,10,200
1919,366835,151.9883333333334,0.0,4.775,0,10,200
1920,367035,149.35166666666666,0.0050000000000000044,4.435,0,16,200
1921,367235,151.83166666666665,0.0,4.585,0,13,200
1922,367435,153.30500000000018,0.0,4.815,0,9,200
1923,367635,145.6733333333334,0.015000000000000013,4.25,0,22,200
1924,367835,153.0616666666667,0.0,4.675,0,10,200
1925,368035,150.84333333333316,0.0,4.61,0,13,200
1926,368235,152.43000000000012,0.010000000000000009,4.59,0,10,200
1927,368435,151.9083333333332,0.0,4.865,0,8,200
1928,368635,145.7666666666667,0.0,4.81,0,21,200
1929,368835,147.28000000000006,0.0050000000000000044,4.65,0,19,200
1930,369035,151.48999999999978,0.0,4.65,0,13,200
1931,369235,152.28833333333327,0.0,4.835,0,10,200
1932,369435,150.0383333333334,0.0,4.895,0,12,200
1933,369635,145.73833333333337,0.0,4.715,0,22,200
1934,369835,151.7033333333332,0.0,4.82,0,9,200
1935,370035,152.16166666666678,0.0,4.915,0,8,200
1936,370235,149.59166666666675,0.0,4.735,0,15,200
1937,370435,145.85166666666663,0.015000000000000013,4.795,0,15,200
1938,370635,155.21666666666684,0.0,4.69,0,6,200
1939,370835,148.31666666666652,0.0,4.54,0,20,200
1940,371035,147.36499999999984,0.0,4.515,0,19,200
1941,371235,150.48499999999993,0.015000000000000013,4.815,0,8,200
1942,371435,149.18,0.0050000000000000044,4.8,0,14,200
1943,371635,151.06333333333328,0.0,4.25,0,20,200
1944,371835,153.53499999999977,0.0,4.335,0,15,200
1945,372035,152.3583333333334,0.0050000000000000044,3.965,0,20,200
1946,372235,150.24000000000012,0.0050000000000000044,4.71,0,13,200
1947,372435,150.87833333333336,0.0050000000000000044,4.085,0,19,200
1948,372635,142.67166666666662,0.050000000000000044,4.045,0,21,200
1949,372835,153.2349999999999,0.0,4.935,0,8,200
1950,373035,154.03000000000006,0.0,4.68,0,9,200
1951,373235,146.11666666666645,0.03500000000000003,4.18,0,16,200
1952,373435,152.69166666666663,0.0,4.765,0,10,200
1953,373635,147.25333333333344,0.0050000000000000044,4.61,0,18,200
1954,373835,151.48333333333338,0.0050000000000000044,4.25,0,15,200
1955,374035,154.3716666666666,0.0,4.525,0,8,200
1956,374235,148.11499999999995,0.015000000000000013,4.665,0,13,200
1957,374435,153.6000000000001,0.0,4.47,0,14,200
1958,374635,146.73333333333343,0.025000000000000022,4.67,0,12,200
1959,374835,145.0866666666666,0.020000000000000018,4.21,0,24,200
1960,375035,145.80333333333334,0.0050000000000000044,4.31,0,24,200
1961,375235,152.51666666666662,0.0,4.33,0,14,200
1962,375435,137.965,0.05500000000000005,4.185,0,21,200
1963,375635,155.78499999999988,0.0,4.305,0,12,200
1964,375835,156.42499999999978,0.0,4.125,0,13,200
1965,376035,146.56666666666652,0.020000000000000018,4.09,0,22,200
1966,376235,150.0733333333334,0.025000000000000022,4.34,0,10,200
1967,376435,148.28666666666666,0.0,4.57,0,18,200
1968,376635,150.78666666666683,0.0,4.39,0,19,200
1969,376835,151.11833333333325,0.0,4.415,0,17,200
1970,377035,153.52833333333325,0.0,4.505,0,13,200
1971,377235,151.2216666666667,0.0,4.315,0,18,200
1972,377435,148.26166666666657,0.020000000000000018,4.135,0,19,200
1973,377635,147.5699999999999,0.0,4.14,0,26,200
1974,377835,147.78,0.020000000000000018,4.17,0,19,200
1975,378035,147.6299999999999,0.020000000000000018,4.35,0,17,200
1976,378235,147.99666666666684,0.025000000000000022,4.06,0,20,200
1977,378435,148.57333333333324,0.020000000000000018,4.19,0,19,200
1978,378635,154.11833333333337,0.0,4.445,0,12,200
1979,378835,151.77166666666673,0.010000000000000009,4.165,0,16,200
1980,379035,147.89000000000004,0.010000000000000009,4.17,0,21,200
1981,379235,148.59999999999985,0.025000000000000022,4.38,0,13,200
1982,379435,141.64166666666674,0.03500000000000003,4.435,0,19,200
1983,379635,153.28833333333327,0.0,4.235,0,17,200
1984,379835,144.48000000000005,0.040000000000000036,4.26,0,17,200
1985,380035,151.81666666666646,0.0,4.06,0,20,200
1986,380235,148.83666666666667,0.0050000000000000044,4.51,0,19,200
1987,380435,151.48999999999995,0.010000000000000009,4.2,0,14,200
1988,380635,149.2233333333333,0.020000000000000018,3.98,0,19,200
1989,380835,149.58833333333328,0.020000000000000018,4.385,0,14,200
1990,381035,149.50833333333318,0.0050000000000000044,4.475,0,14,200
1991,381235,151.8883333333331,0.0,3.965,0,22,200
1992,381435,150.45999999999992,0.0,4.29,0,19,200
1993,381635,149.6416666666665,0.015000000000000013,4.345,0,15,200
1994,381835,152.80166666666648,0.0050000000000000044,4.135,0,16,200
1995,382035,155.6683333333333,0.0,4.205,0,12,200
1996,382235,156.0849999999998,0.0,4.425,0,9,200
1997,382435,155.43999999999988,0.0,4.11,0,15,200
1998,382635,151.28500000000014,0.010000000000000009,4.365,0,13,200
1999,382835,156.0333333333331,0.0,4.37,0,11,200
2000,383035,153.1016666666667,0.010000000000000009,4.375,0,12,200
2001,383235,152.76333333333332,0.0050000000000000044,4.34,0,12,200
2002,383435,144.185,0.025000000000000022,4.335,0,20,200
2003,383635,152.96499999999966,0.0050000000000000044,4.245,0,16,200
2004,383835,150.9949999999999,0.0,4.455,0,18,200
2005,384035,151.42166666666662,0.015000000000000013,4.135,0,15,200
2006,384235,152.78666666666652,0.010000000000000009,4.21,0,13,200
2007,384435,145.33499999999998,0.015000000000000013,4.335,0,22,200
2008,384635,155.48333333333352,0.0,4.07,0,14,200
2009,384835,149.9116666666667,0.020000000000000018,4.315,0,15,200
2010,385035,142.54000000000005,0.06499999999999995,4.05,0,15,200
2011,385235,152.20833333333334,0.0,4.355,0,14,200
2012,385435,148.52500000000003,0.0050000000000000044,4.515,0,19,200
2013,385635,151.4650000000002,0.0050000000000000044,4.185,0,20,200
2014,385835,148.30333333333311,0.010000000000000009,4.1,0,22,200
2015,386035,153.21166666666642,0.0,4.285,0,18,200
2016,386235,149.0683333333332,0.010000000000000009,4.175,0,20,200
2017,386435,156.39166666666682,0.0,4.165,0,12,200
2018,386635,146.62666666666664,0.015000000000000013,4.51,0,20,200
2019,386835,149.17833333333343,0.010000000000000009,4.475,0,16,200
2020,387035,151.50666666666666,0.0,4.3,0,18,200
2021,387235,152.3649999999999,0.0050000000000000044,4.275,0,16,200
2022,387435,153.2766666666667,0.010000000000000009,4.27,0,13,200
2023,387635,156.34166666666653,0.0,4.315,0,8,200
2024,387835,148.70666666666634,0.0,4.36,0,21,200
2025,388035,147.9399999999999,0.0,4.23,0,24,200
2026,388235,153.09166666666673,0.0050000000000000044,4.285,0,13,200
2027,388435,151.81666666666658,0.0050000000000000044,4.45,0,15,200
2028,388635,154.41500000000002,0.0,4.185,0,15,200
2029,388835,152.03666666666666,0.0,4.15,0,18,200
2030,389035,148.3100000000001,0.015000000000000013,4.05,0,21,200
2031,389235,149.70833333333346,0.025000000000000022,4.175,0,14,200
2032,389435,150.32833333333343,0.020000000000000018,4.205,0,12,200
2033,389635,151.68333333333314,0.0,4.1,0,20,200
2034,389835,152.47333333333324,0.0,4.37,0,14,200
2035,390035,150.21833333333322,0.010000000000000009,4.325,0,15,200
2036,390235,146.27499999999995,0.020000000000000018,4.185,0,20,200
2037,390435,150.30166666666668,0.0,4.255,0,22,200
2038,390635,145.86000000000016,0.06000000000000005,4.26,0,8,200
2039,390835,146.15,0.020000000000000018,4.35,0,19,200
2040,391035,154.95166666666668,0.0050000000000000044,4.045,0,13,200
2041,391235,148.9183333333334,0.03500000000000003,4.145,0,13,200
2042,391435,155.00666666666663,0.0,4.3,0,13,200
2043,391635,156.41333333333327,0.0050000000000000044,4.19,0,10,200
2044,391835,147.39166666666674,0.020000000000000018,4.225,0,20,200
2045,392035,149.41333333333316,0.020000000000000018,4.25,0,15,200
2046,392235,150.9399999999999,0.030000000000000027,4.14,0,9,200
2047,392435,153.51833333333352,0.0,4.145,0,17,200
2048,392635,154.0633333333333,0.0,4.22,0,14,200
2049,392835,150.50999999999982,0.015000000000000013,4.23,0,15,200
2050,393035,150.0583333333334,0.020000000000000018,4.355,0,12,200
2051,393235,153.6416666666666,0.0,4.225,0,14,200
2052,393435,143.11,0.015000000000000013,4.5,0,23,200
2053,393635,154.94499999999982,0.0,4.215,0,13,200
2054,393835,152.57333333333312,0.0,4.13,0,17,200
2055,394035,148.87000000000012,0.015000000000000013,4.26,0,16,200
2056,394235,149.83999999999986,0.0050000000000000044,4.59,0,15,200
2057,394435,154.8783333333334,0.0,4.115,0,16,200
2058,394635,143.64,0.040000000000000036,4.08,0,21,200
2059,394835,153.39499999999987,0.0,4.335,0,12,200
2060,395035,153.45333333333332,0.0050000000000000044,4.34,0,10,200
2061,395235,143.8733333333333,0.04500000000000004,4.07,0,19,200
2062,395435,153.92166666666648,0.0,4.165,0,16,200
2063,395635,153.38666666666674,0.015000000000000013,4.21,0,10,200
2064,395835,151.49999999999972,0.0050000000000000044,4.26,0,17,200
2065,396035,155.93166666666667,0.0050000000000000044,4.285,0,9,200
2066,396235,155.7666666666668,0.0,4.24,0,11,200
2067,396435,148.77166666666665,0.010000000000000009,4.375,0,17,200
2068,396635,150.80166666666653,0.015000000000000013,4.285,0,12,200
2069,396835,156.1083333333331,0.0,4.295,0,9,200
2070,397035,147.5266666666666,0.030000000000000027,4.09,0,18,200
2071,397235,151.1299999999999,0.0050000000000000044,4.23,0,17,200
2072,397435,155.13499999999982,0.0050000000000000044,4.155,0,12,200
2073,397635,147.25500000000005,0.025000000000000022,4.335,0,15,200
2074,397835,146.5983333333332,0.020000000000000018,4.295,0,18,200
2075,398035,153.13000000000017,0.0050000000000000044,4.29,0,10,200
2076,398235,152.27999999999977,0.010000000000000009,4.23,0,15,200
2077,398435,150.83999999999975,0.0,4.14,0,17,200
2078,398635,155.17666666666656,0.0,4.24,0,14,200
2079,398835,152.99166666666662,0.0050000000000000044,4.375,0,12,200
2080,399035,154.2149999999998,0.0050000000000000044,4.335,0,11,200
2081,399235,147.37999999999994,0.020000000000000018,4.32,0,18,200
2082,399435,153.54833333333335,0.0050000000000000044,4.295,0,13,200
2083,399635,154.67499999999987,0.010000000000000009,4.035,0,15,200
2084,399835,155.2016666666667,0.0,4.405,0,10,200
2085,400035,149.4266666666668,0.030000000000000027,4.06,0,14,200
2086,400235,144.25166666666678,0.0050000000000000044,4.435,0,28,200
2087,400435,154.68333333333342,0.0,4.31,0,14,200
2088,400635,155.86166666666665,0.0,4.285,0,10,200
2089,400835,149.18333333333345,0.025000000000000022,4.22,0,15,200
2090,401035,154.13666666666646,0.015000000000000013,4.15,0,10,200
2091,401235,152.60166666666686,0.0050000000000000044,4.225,0,15,200
2092,401435,155.8100000000003,0.0,4.32,0,11,200
2093,401635,147.19166666666666,0.025000000000000022,4.345,0,15,200
2094,401835,145.76666666666645,0.050000000000000044,4.15,0,14,200
2095,402035,152.81499999999997,0.0050000000000000044,4.155,0,15,200
2096,402235,152.91999999999996,0.0050000000000000044,4.17,0,15,200
2097,402435,150.0016666666667,0.030000000000000027,4.075,0,14,200
2098,402635,151.34500000000008,0.025000000000000022,4.275,0,11,200
2099,402835,154.58333333333343,0.0,4.16,0,14,200
2100,403035,151.01500000000001,0.015000000000000013,4.245,0,14,200
2101,403235,150.91833333333332,0.015000000000000013,4.175,0,15,200
2102,403435,155.98666666666665,0.0050000000000000044,4.18,0,12,200
2103,403635,145.26999999999998,0.04500000000000004,4.11,0,16,200
2104,403835,152.8983333333333,0.0,4.115,0,16,200
2105,404035,154.2583333333332,0.0050000000000000044,4.325,0,10,200
2106,404235,154.65333333333325,0.0050000000000000044,4.19,0,11,200
2107,404435,152.71499999999995,0.010000000000000009,4.155,0,15,200
2108,404635,153.66999999999982,0.0050000000000000044,4.41,0,11,200
2109,404835,147.14999999999995,0.03500000000000003,4.23,0,14,200
2110,405035,154.6366666666667,0.0,4.48,0,9,200
2111,405235,147.29000000000013,0.010000000000000009,4.23,0,24,200
2112,405435,150.17166666666654,0.020000000000000018,4.015,0,17,200
2113,405635,150.32833333333332,0.025000000000000022,4.325,0,12,200
2114,405835,153.1916666666667,0.015000000000000013,4.345,0,7,200
2115,406035,155.1100000000001,0.0050000000000000044,4.11,0,14,200
2116,406235,154.06333333333325,0.0,4.1,0,13,200
2117,406435,153.72,0.0,4.44,0,12,200
2118,406635,155.73333333333358,0.0,4.37,0,10,200
2119,406835,155.06333333333328,0.0050000000000000044,4.19,0,12,200
2120,407035,156.89000000000007,0.0,4.14,0,11,200
2121,407235,153.21333333333334,0.015000000000000013,4.37,0,10,200
2122,407435,150.6633333333333,0.0050000000000000044,4.34,0,16,200
2123,407635,152.11833333333328,0.020000000000000018,4.145,0,12,200
2124,407835,156.37833333333333,0.0,4.145,0,11,200
2125,408035,149.5883333333332,0.025000000000000022,4.235,0,14,200
2126,408235,153.95333333333326,0.0,4.22,0,14,200
2127,408435,153.72499999999997,0.010000000000000009,4.155,0,13,200
2128,408635,147.52166666666665,0.040000000000000036,4.045,0,14,200
2129,408835,153.38166666666658,0.0050000000000000044,4.075,0,16,200
2130,409035,151.0183333333333,0.0050000000000000044,4.295,0,18,200
2131,409235,151.6866666666668,0.020000000000000018,4.3,0,11,200
2132,409435,148.92833333333346,0.0050000000000000044,4.325,0,20,200
2133,409635,145.4283333333334,0.050000000000000044,4.235,0,12,200
2134,409835,151.40333333333345,0.0050000000000000044,4.55,0,13,200
2135,410035,152.01333333333335,0.010000000000000009,4.04,0,17,200
2136,410235,149.18500000000003,0.04500000000000004,4.035,0,11,200
2137,410435,153.58999999999992,0.0050000000000000044,4.26,0,12,200
2138,410635,153.1716666666667,0.0050000000000000044,3.955,0,17,200
2139,410835,155.47166666666666,0.0,4.315,0,11,200
2140,411035,147.29499999999987,0.025000000000000022,4.125,0,16,200
2141,411235,146.55666666666667,0.04500000000000004,4.12,0,14,200
2142,411435,152.73500000000007,0.015000000000000013,4.095,0,12,200
2143,411635,150.28833333333338,0.030000000000000027,4.175,0,11,200
2144,411835,155.3466666666665,0.0,4.06,0,14,200
2145,412035,154.39333333333332,0.0,4.4,0,13,200
2146,412235,153.61833333333317,0.0050000000000000044,4.445,0,11,200
2147,412435,150.4983333333335,0.015000000000000013,4.235,0,15,200
2148,412635,143.8566666666665,0.030000000000000027,4.12,0,20,200
2149,412835,149.18166666666673,0.010000000000000009,4.255,0,18,200
2150,413035,151.99499999999966,0.015000000000000013,4.335,0,10,200
2151,413235,151.27833333333322,0.0050000000000000044,4.385,0,14,200
2152,413435,148.28999999999988,0.015000000000000013,4.14,0,19,200
2153,413635,150.73833333333334,0.010000000000000009,4.115,0,17,200
2154,413835,152.9316666666666,0.0,4.165,0,18,200
2155,414035,152.72499999999988,0.0050000000000000044,4.215,0,14,200
2156,414235,151.38333333333307,0.010000000000000009,4.34,0,15,200
2157,414435,146.41999999999985,0.030000000000000027,4.11,0,18,200
2158,414635,155.71833333333342,0.0050000000000000044,4.265,0,10,200
2159,414835,142.02499999999992,0.05500000000000005,3.975,0,19,200
2160,415035,150.085,0.010000000000000009,4.335,0,15,200
2161,415235,155.02166666666665,0.0,3.985,0,15,200
2162,415435,147.31500000000005,0.03500000000000003,3.975,0,16,200
2163,415635,146.01999999999984,0.040000000000000036,4.35,0,12,200
2164,415835,150.1033333333333,0.015000000000000013,4.13,0,17,200
2165,416035,147.42333333333323,0.025000000000000022,4.28,0,16,200
2166,416235,151.96666666666673,0.0,4.24,0,18,200
2167,416435,149.1083333333332,0.025000000000000022,4.235,0,14,200
2168,416635,147.96833333333333,0.030000000000000027,4.265,0,12,200
2169,416835,152.63333333333335,0.0,4.04,0,18,200
2170,417035,154.95999999999987,0.0050000000000000044,4.17,0,12,200
2171,417235,146.62333333333322,0.030000000000000027,4.4,0,14,200
2172,417435,157.1516666666667,0.0,4.375,0,6,200
2173,417635,154.80833333333334,0.0050000000000000044,4.145,0,13,200
2174,417835,153.09666666666664,0.010000000000000009,4.15,0,15,200
2175,418035,156.31833333333338,0.015000000000000013,4.145,0,8,200
2176,418235,152.98166666666674,0.0,4.465,0,14,200
2177,418435,149.92166666666668,0.025000000000000022,4.075,0,15,200
2178,418635,155.23333333333335,0.0,4.43,0,9,200
2179,418835,152.39000000000007,0.020000000000000018,4.38,0,8,200
2180,419035,150.70833333333348,0.0050000000000000044,4.235,0,19,200
2181,419235,152.82666666666654,0.0050000000000000044,4.12,0,17,200
2182,419435,154.86166666666682,0.0,3.985,0,19,200
2183,419635,155.67999999999992,0.0,4.32,0,10,200
2184,419835,156.99999999999994,0.0,4.2,0,10,200
2185,420035,152.29333333333318,0.0,3.98,0,20,200
2186,420235,153.79666666666665,0.0050000000000000044,4.09,0,14,200
2187,420435,148.04000000000013,0.0050000000000000044,4.29,0,23,200
2188,420635,152.64499999999992,0.015000000000000013,4.305,0,11,200
2189,420835,154.62999999999994,0.010000000000000009,4.23,0,11,200
2190,421035,153.8416666666668,0.010000000000000009,4.315,0,11,200
2191,421235,156.69333333333338,0.0,4.19,0,11,200
2192,421435,142.99833333333328,0.05500000000000005,4.175,0,16,200
2193,421635,154.78666666666652,0.0,4.3,0,12,200
2194,421835,156.40499999999986,0.0050000000000000044,4.215,0,10,200
2195,422035,154.82333333333335,0.0,4.16,0,16,200
2196,422235,156.29666666666665,0.0050000000000000044,4.18,0,11,200
2197,422435,158.43666666666653,0.0,4.21,0,7,200
2198,422635,150.05333333333343,0.03500000000000003,4.25,0,8,200
2199,422835,156.6966666666667,0.0050000000000000044,4.21,0,10,200
2200,423035,155.55999999999983,0.0,4.17,0,12,200
2201,423235,152.5283333333334,0.015000000000000013,4.025,0,15,200
2202,423435,155.73166666666643,0.0,4.135,0,13,200
2203,423635,152.70833333333334,0.0050000000000000044,4.205,0,15,200
2204,423835,151.88333333333347,0.0,4.34,0,19,200
2205,424035,150.36666666666673,0.030000000000000027,4.36,0,10,200
2206,424235,151.28166666666684,0.0050000000000000044,4.465,0,15,200
2207,424435,156.11999999999992,0.0,4.17,0,12,200
2208,424635,152.1833333333332,0.015000000000000013,4.19,0,12,200
2209,424835,155.16999999999973,0.0,4.29,0,13,200
2210,425035,151.44166666666678,0.0050000000000000044,4.315,0,16,200
2211,425235,152.69333333333321,0.010000000000000009,4.4,0,11,200
2212,425435,151.25000000000006,0.010000000000000009,4.08,0,18,200
2213,425635,154.15166666666667,0.015000000000000013,4.165,0,11,200
2214,425835,152.44500000000005,0.0,4.185,0,17,200
2215,426035,152.37500000000006,0.020000000000000018,4.275,0,10,200
2216,426235,151.04666666666685,0.0,4.42,0,19,200
2217,426435,150.41666666666652,0.03500000000000003,3.94,0,13,200
2218,426635,155.64500000000004,0.0,4.095,0,15,200
2219,426835,154.19333333333344,0.0,4.16,0,15,200
2220,427035,155.80333333333317,0.0,4.28,0,12,200
2221,427235,152.75333333333316,0.0050000000000000044,4.22,0,12,200
2222,427435,156.2199999999999,0.0,4.11,0,13,200
2223,427635,156.01833333333332,0.0050000000000000044,4.055,0,11,200
2224,427835,152.3083333333333,0.010000000000000009,4.175,0,14,200
2225,428035,158.10500000000002,0.0,4.185,0,9,200
2226,428235,155.99666666666664,0.0050000000000000044,4.33,0,8,200
2227,428435,157.2816666666667,0.0,3.985,0,12,200
2228,428635,148.61833333333317,0.010000000000000009,4.325,0,20,200
2229,428835,150.60333333333313,0.010000000000000009,4.28,0,17,200
2230,429035,154.92166666666674,0.0050000000000000044,4.195,0,13,200
2231,429235,149.51166666666654,0.025000000000000022,4.135,0,17,200
2232,429435,156.1433333333332,0.0,4.37,0,9,200
2233,429635,151.91166666666655,0.0050000000000000044,4.195,0,15,200
2234,429835,153.5016666666665,0.0050000000000000044,4.255,0,12,200
2235,430035,152.64499999999984,0.010000000000000009,4.215,0,14,200
2236,430235,152.06333333333325,0.0,4.07,0,20,200
2237,430435,156.79333333333335,0.0,4.34,0,8,200
2238,430635,156.09499999999977,0.0,4.065,0,13,200
2239,430835,155.7933333333333,0.0,4.25,0,12,200
2240,431035,152.58333333333312,0.020000000000000018,4.16,0,13,200
2241,431235,154.75333333333313,0.0,4.1,0,17,200
2242,431435,156.0833333333334,0.0050000000000000044,4.25,0,9,200
2243,431635,152.42999999999984,0.0,4.32,0,16,200
2244,431835,156.85999999999993,0.0,4.17,0,11,200
2245,432035,151.54999999999993,0.0050000000000000044,4.14,0,20,200
2246,432235,154.14833333333334,0.0,4.115,0,15,200
2247,432435,155.4949999999999,0.0,4.275,0,13,200
2248,432635,155.32833333333338,0.020000000000000018,4.055,0,8,200
2249,432835,159.22500000000005,0.0050000000000000044,4.305,0,3,200
2250,433035,150.70833333333337,0.030000000000000027,3.995,0,14,200
2251,433235,156.58333333333343,0.0,4.4,0,9,200
2252,433435,155.16833333333324,0.0,4.115,0,16,200
2253,433635,156.84166666666655,0.0050000000000000044,4.165,0,9,200
2254,433835,147.3416666666667,0.03500000000000003,3.985,0,18,200
2255,434035,154.2099999999999,0.0050000000000000044,4.2,0,13,200
2256,434235,151.55999999999995,0.010000000000000009,4.08,0,20,200
2257,434435,152.69999999999996,0.0050000000000000044,4.23,0,15,200
2258,434635,157.15499999999992,0.0,4.065,0,11,200
2259,434835,154.45666666666662,0.0,4.18,0,12,200
2260,435035,155.66166666666635,0.0,4.225,0,13,200
2261,435235,147.82000000000008,0.03500000000000003,4.29,0,14,200
2262,435435,151.56666666666644,0.0,4.3,0,17,200
2263,435635,152.18333333333325,0.0050000000000000044,4.31,0,14,200
2264,435835,153.33333333333331,0.015000000000000013,4.1,0,11,200
2265,436035,152.6483333333334,0.010000000000000009,4.175,0,13,200
2266,436235,150.4350000000001,0.015000000000000013,4.005,0,17,200
2267,436435,154.84833333333333,0.0050000000000000044,4.265,0,12,200
2268,436635,148.46666666666675,0.025000000000000022,4.18,0,16,200
2269,436835,152.1199999999998,0.010000000000000009,3.96,0,18,200
2270,437035,157.0300000000001,0.0,4.26,0,11,200
2271,437235,156.9933333333334,0.0,4.22,0,10,200
2272,437435,156.08333333333354,0.010000000000000009,4.22,0,8,200
2273,437635,152.41333333333327,0.020000000000000018,4.22,0,12,200
2274,437835,156.1516666666666,0.0,4.105,0,15,200
2275,438035,157.0366666666666,0.0,4.06,0,13,200
2276,438235,157.0699999999999,0.0,4.23,0,11,200
2277,438435,153.1733333333333,0.0050000000000000044,4.1,0,16,200
2278,438635,150.1883333333333,0.015000000000000013,4.235,0,18,200
2279,438835,149.69166666666675,0.020000000000000018,4.105,0,18,200
2280,439035,152.68,0.0050000000000000044,4.2,0,16,200
2281,439235,153.90333333333328,0.0,4.4,0,14,200
2282,439435,152.87,0.0,4.17,0,18,200
2283,439635,154.13499999999985,0.0,4.035,0,18,200
2284,439835,153.10999999999993,0.015000000000000013,4.11,0,14,200
2285,440035,151.29333333333338,0.010000000000000009,4.13,0,17,200
2286,440235,157.1716666666668,0.0050000000000000044,4.255,0,9,200
2287,440435,154.4150000000001,0.0,4.335,0,12,200
2288,440635,154.57500000000013,0.0050000000000000044,4.305,0,11,200
2289,440835,155.62666666666658,0.0,4.39,0,9,200
2290,441035,156.28499999999994,0.0050000000000000044,4.185,0,11,200
2291,441235,153.35666666666663,0.020000000000000018,4.0,0,13,200
2292,441435,155.32500000000002,0.010000000000000009,4.335,0,9,200
2293,441635,153.815,0.0050000000000000044,4.395,0,10,200
2294,441835,151.0483333333332,0.015000000000000013,4.055,0,17,200
2295,442035,152.29833333333326,0.015000000000000013,4.205,0,11,200
2296,442235,154.46499999999995,0.0050000000000000044,4.245,0,11,200
2297,442435,155.5966666666668,0.010000000000000009,4.39,0,7,200
2298,442635,152.92000000000002,0.010000000000000009,4.17,0,13,200
2299,442835,154.78000000000003,0.015000000000000013,4.05,0,12,200
2300,443035,157.92833333333323,0.0,4.295,0,7,200
2301,443235,153.23333333333332,0.015000000000000013,3.98,0,14,200
2302,443435,154.52333333333328,0.0,4.04,0,16,200
2303,443635,152.98999999999984,0.020000000000000018,4.08,0,11,200
2304,443835,152.18833333333328,0.020000000000000018,4.265,0,10,200
2305,444035,154.57999999999993,0.0,4.02,0,16,200
2306,444235,154.89666666666648,0.015000000000000013,3.85,0,15,200
2307,444435,143.0183333333333,0.05500000000000005,4.205,0,14,200
2308,444635,151.2016666666666,0.020000000000000018,4.315,0,10,200
2309,444835,153.76999999999987,0.0,4.17,0,17,200
2310,445035,155.23166666666685,0.0050000000000000044,4.165,0,13,200
2311,445235,158.21333333333325,0.0,4.31,0,6,200
2312,445435,155.74333333333323,0.0050000000000000044,3.92,0,16,200
2313,445635,156.15333333333325,0.0,4.19,0,13,200
2314,445835,151.71499999999995,0.015000000000000013,4.185,0,15,200
2315,446035,154.98999999999987,0.0050000000000000044,4.23,0,10,200
2316,446235,155.08333333333323,0.0,4.46,0,10,200
2317,446435,153.77333333333326,0.0,4.1,0,15,200
2318,446635,150.37666666666652,0.025000000000000022,4.27,0,12,200
2319,446835,158.15999999999994,0.0,4.2,0,9,200
2320,447035,158.9083333333333,0.0050000000000000044,4.475,0,3,200
2321,447235,159.20833333333323,0.0,4.355,0,5,200
2322,447435,157.74166666666662,0.010000000000000009,4.375,0,4,200
2323,447635,154.1966666666666,0.015000000000000013,4.42,0,9,200
2324,447835,158.3499999999999,0.0,4.32,0,6,200
2325,448035,151.90333333333336,0.030000000000000027,4.16,0,11,200
2326,448235,152.54166666666666,0.020000000000000018,4.405,0,9,200
2327,448435,156.1083333333333,0.015000000000000013,4.415,0,4,200
2328,448635,158.03666666666672,0.0050000000000000044,4.39,0,5,200
2329,448835,157.54833333333326,0.0,4.445,0,6,200
2330,449035,153.21833333333336,0.010000000000000009,4.325,0,12,200
2331,449235,150.15166666666667,0.040000000000000036,4.225,0,9,200
2332,449435,157.76666666666662,0.0,4.33,0,8,200
2333,449635,157.5416666666668,0.0050000000000000044,4.345,0,5,200
2334,449835,155.57833333333332,0.0,4.385,0,10,200
2335,450035,154.335,0.0,4.485,0,10,200
2336,450235,153.86500000000004,0.0050000000000000044,4.485,0,11,200
2337,450435,154.88000000000005,0.010000000000000009,4.38,0,8,200
2338,450635,157.70166666666663,0.0,4.405,0,7,200
2339,450835,155.4583333333332,0.0050000000000000044,4.355,0,9,200
2340,451035,156.8849999999999,0.0,4.455,0,7,200
2341,451235,157.0716666666664,0.0,4.465,0,6,200
2342,451435,153.04,0.015000000000000013,4.47,0,6,200
2343,451635,157.26666666666657,0.0,4.36,0,7,200
2344,451835,158.69333333333321,0.0,4.37,0,5,200
2345,452035,155.69000000000017,0.0,4.44,0,11,200
2346,452235,158.87666666666647,0.0,4.48,0,4,200
2347,452435,157.67666666666682,0.0,4.42,0,7,200
2348,452635,156.00333333333316,0.0,4.43,0,10,200
2349,452835,156.72166666666678,0.0,4.405,0,9,200
2350,453035,156.82166666666677,0.0,4.375,0,9,200
2351,453235,153.50999999999993,0.0,4.41,0,13,200
2352,453435,153.53833333333324,0.0050000000000000044,4.235,0,15,200
2353,453635,156.80833333333337,0.0,4.325,0,9,200
2354,453835,159.5900000000001,0.0,4.44,0,4,200
2355,454035,153.31999999999982,0.0050000000000000044,4.38,0,13,200
2356,454235,158.6216666666665,0.0,4.375,0,6,200
2357,454435,150.30166666666662,0.020000000000000018,4.345,0,11,200
2358,454635,156.43333333333328,0.0,4.43,0,6,200
2359,454835,153.48333333333335,0.0050000000000000044,4.34,0,12,200
2360,455035,159.5433333333334,0.0,4.37,0,3,200
2361,455235,156.26833333333335,0.0,4.355,0,8,200
2362,455435,158.8149999999999,0.0,4.425,0,5,200
2363,455635,157.99333333333328,0.0,4.34,0,7,200
2364,455835,154.67999999999998,0.015000000000000013,4.35,0,8,200
2365,456035,158.4016666666666,0.0,4.375,0,7,200
2366,456235,152.2683333333333,0.0,4.505,0,10,200
2367,456435,155.08333333333323,0.010000000000000009,4.34,0,7,200
2368,456635,155.40833333333327,0.0050000000000000044,4.355,0,10,200
2369,456835,158.3083333333334,0.0,4.295,0,6,200
2370,457035,155.15333333333328,0.0050000000000000044,4.28,0,11,200
2371,457235,154.6133333333332,0.010000000000000009,4.37,0,8,200
2372,457435,157.4850000000001,0.0,4.485,0,7,200
2373,457635,157.1466666666666,0.0050000000000000044,4.39,0,6,200
2374,457835,158.46833333333328,0.0050000000000000044,4.475,0,3,200
2375,458035,156.11833333333348,0.0,4.445,0,8,200
2376,458235,159.10499999999988,0.0,4.365,0,5,200
2377,458435,155.99499999999992,0.0050000000000000044,4.395,0,7,200
2378,458635,153.14999999999984,0.0,4.44,0,14,200
2379,458835,153.01166666666668,0.025000000000000022,4.435,0,3,200
2380,459035,156.7566666666664,0.015000000000000013,4.27,0,6,200
2381,459235,158.1033333333333,0.0,4.4,0,6,200
2382,459435,155.76333333333335,0.0050000000000000044,4.37,0,8,200
2383,459635,155.56333333333322,0.0050000000000000044,4.37,0,10,200
2384,459835,152.41500000000013,0.010000000000000009,4.455,0,12,200
2385,460035,158.1266666666665,0.0,4.39,0,8,200
2386,460235,157.17666666666676,0.0,4.42,0,6,200
2387,460435,158.95500000000004,0.0,4.425,0,4,200
2388,460635,156.6816666666667,0.0,4.525,0,6,200
2389,460835,156.2666666666666,0.0,4.45,0,8,200
2390,461035,155.84833333333322,0.0,4.415,0,11,200
2391,461235,153.82666666666665,0.020000000000000018,4.48,0,5,200
2392,461435,156.88,0.0050000000000000044,4.44,0,5,200
2393,461635,156.82666666666668,0.0,4.42,0,8,200
2394,461835,156.48166666666668,0.0050000000000000044,4.405,0,7,200
2395,462035,155.54500000000004,0.0,4.425,0,9,200
2396,462235,152.75666666666677,0.020000000000000018,4.36,0,8,200
2397,462435,156.36166666666665,0.0050000000000000044,4.405,0,6,200
2398,462635,155.86166666666668,0.0,4.465,0,9,200
2399,462835,152.15333333333325,0.020000000000000018,4.4,0,10,200
2400,463035,156.79666666666665,0.0,4.45,0,7,200
2401,463235,154.14500000000007,0.0,4.395,0,13,200
2402,463435,149.95333333333343,0.025000000000000022,4.46,0,10,200
2403,463635,149.04833333333326,0.040000000000000036,4.235,0,9,200
2404,463835,159.48333333333335,0.0,4.37,0,4,200
2405,464035,153.9416666666667,0.020000000000000018,4.435,0,6,200
2406,464235,150.98666666666665,0.04500000000000004,4.3,0,5,200
2407,464435,149.31499999999994,0.025000000000000022,4.275,0,13,200
2408,464635,149.73333333333332,0.025000000000000022,4.34,0,14,200
2409,464835,156.77666666666667,0.0,4.27,0,10,200
2410,465035,153.53999999999976,0.015000000000000013,4.29,0,11,200
2411,465235,158.5866666666667,0.0,4.42,0,5,200
2412,465435,159.53500000000008,0.0,4.335,0,5,200
2413,465635,157.43999999999997,0.0,4.5,0,7,200
2414,465835,153.40333333333325,0.015000000000000013,4.43,0,10,200
2415,466035,154.98499999999993,0.0,4.365,0,10,200
2416,466235,158.0066666666667,0.0,4.42,0,5,200
2417,466435,157.7349999999998,0.0,4.455,0,7,200
2418,466635,156.39000000000007,0.0050000000000000044,4.47,0,6,200
2419,466835,159.0366666666666,0.0,4.42,0,3,200
2420,467035,152.74499999999978,0.020000000000000018,4.395,0,7,200
2421,467235,158.83499999999995,0.0,4.305,0,6,200
2422,467435,158.07499999999993,0.0050000000000000044,4.395,0,3,200
2423,467635,159.94333333333333,0.0,4.28,0,5,200
2424,467835,158.84666666666664,0.0,4.21,0,7,200
2425,468035,156.47166666666666,0.0,4.435,0,7,200
2426,468235,157.93166666666662,0.010000000000000009,4.405,0,2,200
2427,468435,157.11499999999987,0.0,4.365,0,10,200
2428,468635,155.93499999999997,0.0050000000000000044,4.395,0,7,200
2429,468835,158.60166666666672,0.0,4.345,0,6,200
2430,469035,156.5366666666666,0.0,4.42,0,7,200
2431,469235,153.055,0.0,4.485,0,11,200
2432,469435,153.65666666666644,0.015000000000000013,4.42,0,8,200
2433,469635,158.33499999999998,0.0050000000000000044,4.305,0,4,200
2434,469835,156.9583333333334,0.020000000000000018,4.325,0,3,200
2435,470035,157.5066666666665,0.0,4.48,0,6,200
2436,470235,158.74499999999983,0.0,4.395,0,6,200
2437,470435,155.67499999999987,0.015000000000000013,4.365,0,6,200
2438,470635,156.93166666666653,0.0050000000000000044,4.405,0,6,200
2439,470835,153.80833333333337,0.015000000000000013,4.385,0,9,200
2440,471035,152.48666666666674,0.015000000000000013,4.21,0,13,200
2441,471235,158.21500000000006,0.0,4.425,0,6,200
2442,471435,153.79166666666666,0.010000000000000009,4.375,0,9,200
2443,471635,154.99166666666665,0.0050000000000000044,4.405,0,9,200
2444,471835,150.72666666666672,0.015000000000000013,4.39,0,12,200
2445,472035,152.75500000000017,0.020000000000000018,4.395,0,7,200
2446,472235,158.82333333333344,0.0,4.52,0,3,200
2447,472435,157.87833333333344,0.0050000000000000044,4.355,0,5,200
2448,472635,155.20499999999984,0.0050000000000000044,4.485,0,9,200
2449,472835,155.67166666666674,0.010000000000000009,4.375,0,6,200
2450,473035,156.87166666666664,0.0050000000000000044,4.345,0,8,200
2451,473235,156.98499999999999,0.0,4.455,0,6,200
2452,473435,161.08166666666656,0.0,4.375,0,1,200
2453,473635,157.5816666666666,0.0,4.405,0,7,200
2454,473835,155.49666666666664,0.015000000000000013,4.39,0,4,200
2455,474035,158.09500000000014,0.0,4.455,0,5,200
2456,474235,160.21166666666662,0.0,4.465,0,3,200
2457,474435,154.4766666666668,0.0050000000000000044,4.42,0,11,200
2458,474635,149.72000000000006,0.030000000000000027,4.5,0,10,200
2459,474835,151.26500000000001,0.04500000000000004,4.335,0,3,200
2460,475035,158.2633333333332,0.0,4.4,0,7,200
2461,475235,155.14833333333297,0.0,4.505,0,10,200
2462,475435,159.1099999999999,0.0,4.38,0,5,200
2463,475635,155.33499999999998,0.0050000000000000044,4.395,0,9,200
2464,475835,157.85333333333344,0.0,4.31,0,8,200
2465,476035,157.77166666666653,0.0050000000000000044,4.405,0,4,200
2466,476235,157.67666666666662,0.0,4.45,0,7,200
2467,476435,157.77499999999975,0.0050000000000000044,4.425,0,4,200
2468,476635,153.13999999999982,0.015000000000000013,4.38,0,9,200
2469,476835,154.0400000000001,0.015000000000000013,4.38,0,8,200
2470,477035,159.72999999999996,0.0,4.29,0,6,200
2471,477235,159.3166666666664,0.0,4.39,0,4,200
2472,477435,157.22166666666666,0.0,4.435,0,7,200
2473,477635,160.27500000000003,0.0,4.425,0,3,200
2474,477835,154.57999999999996,0.0050000000000000044,4.5,0,8,200
2475,478035,157.00333333333342,0.0,4.4,0,8,200
2476,478235,156.39333333333343,0.015000000000000013,4.28,0,6,200
2477,478435,157.19833333333312,0.0,4.445,0,7,200
2478,478635,155.69666666666677,0.0,4.3,0,12,200
2479,478835,157.94333333333321,0.0,4.37,0,7,200
2480,479035,158.03666666666666,0.0,4.36,0,5,200
2481,479235,157.70500000000004,0.0,4.425,0,7,200
2482,479435,151.2033333333332,0.020000000000000018,4.52,0,9,200
2483,479635,160.3950000000001,0.0,4.365,0,3,200
2484,479835,155.35166666666663,0.0,4.435,0,9,200
2485,480035,158.12333333333328,0.0,4.34,0,7,200
2486,480235,155.7933333333333,0.0,4.49,0,9,200
2487,480435,157.71,0.0,4.44,0,6,200
2488,480635,159.34666666666652,0.0,4.36,0,3,200
2489,480835,153.33833333333334,0.0050000000000000044,4.445,0,12,200
2490,481035,157.38499999999993,0.0,4.455,0,6,200
2491,481235,158.69500000000005,0.0,4.395,0,4,200
2492,481435,153.36499999999998,0.0,4.425,0,13,200
2493,481635,149.34666666666675,0.04500000000000004,4.36,0,5,200
2494,481835,157.7183333333333,0.0,4.415,0,7,200
2495,482035,153.46499999999997,0.0,4.395,0,13,200
2496,482235,157.33499999999998,0.0,4.365,0,7,200
2497,482435,156.85833333333323,0.0,4.385,0,7,200
2498,482635,158.135,0.0,4.425,0,5,200
2499,482835,155.82499999999996,0.0,4.425,0,10,200
2500,483035,158.59666666666658,0.0,4.42,0,4,200
2501,483235,161.08333333333331,0.0,4.4,0,0,200
2502,483435,157.44333333333321,0.0,4.37,0,6,200
2503,483635,155.68833333333345,0.0050000000000000044,4.325,0,10,200
2504,483835,160.08333333333334,0.0,4.4,0,3,200
2505,484035,154.31333333333333,0.025000000000000022,4.34,0,5,200
2506,484235,157.68166666666662,0.0,4.375,0,8,200
2507,484435,157.80666666666679,0.0,4.36,0,8,200
2508,484635,158.65166666666667,0.0,4.375,0,4,200
2509,484835,153.19166666666666,0.020000000000000018,4.405,0,8,200
2510,485035,159.185,0.0,4.515,0,3,200
2511,485235,158.61666666666667,0.0,4.33,0,7,200
2512,485435,156.43333333333348,0.0,4.37,0,9,200
2513,485635,158.49833333333325,0.0,4.355,0,6,200
2514,485835,158.3633333333333,0.0,4.34,0,8,200
2515,486035,150.47999999999996,0.030000000000000027,4.38,0,8,200
2516,486235,152.35666666666663,0.020000000000000018,4.39,0,9,200
2517,486435,154.6449999999998,0.0050000000000000044,4.455,0,9,200
2518,486635,157.82999999999967,0.0,4.47,0,6,200
2519,486835,159.7533333333333,0.0,4.46,0,3,200
2520,487035,155.37166666666667,0.010000000000000009,4.375,0,8,200
2521,487235,155.18333333333317,0.0,4.52,0,9,200
2522,487435,156.97833333333335,0.0,4.355,0,6,200
2523,487635,158.77999999999997,0.0,4.38,0,6,200
2524,487835,157.6833333333333,0.0,4.37,0,6,200
2525,488035,158.62666666666664,0.0050000000000000044,4.36,0,5,200
2526,488235,157.21499999999978,0.0050000000000000044,4.455,0,5,200
2527,488435,156.14499999999995,0.015000000000000013,4.335,0,5,200
2528,488635,153.78333333333327,0.025000000000000022,4.34,0,5,200
2529,488835,158.89166666666665,0.0,4.435,0,5,200
2530,489035,153.63833333333326,0.0,4.505,0,12,200
2531,489235,158.7383333333334,0.0,4.325,0,6,200
2532,489435,156.0849999999999,0.0050000000000000044,4.245,0,10,200
2533,489635,156.27666666666664,0.0,4.39,0,11,200
2534,489835,154.88666666666646,0.015000000000000013,4.36,0,7,200
2535,490035,158.62833333333336,0.0,4.415,0,6,200
2536,490235,152.0033333333334,0.0050000000000000044,4.55,0,12,200
2537,490435,159.4833333333331,0.0,4.4,0,5,200
2538,490635,158.2616666666665,0.0,4.375,0,6,200
2539,490835,157.29166666666674,0.0,4.465,0,5,200
2540,491035,159.72500000000005,0.0,4.425,0,3,200
2541,491235,159.3466666666665,0.0,4.33,0,6,200
2542,491435,151.3866666666666,0.020000000000000018,4.3,0,12,200
2543,491635,151.8383333333334,0.015000000000000013,4.355,0,11,200
2544,491835,156.46333333333345,0.0,4.4,0,9,200
2545,492035,159.64666666666662,0.0,4.48,0,3,200
2546,492235,159.70499999999996,0.0,4.305,0,5,200
2547,492435,158.3366666666665,0.0,4.45,0,5,200
2548,492635,158.24833333333328,0.0,4.385,0,6,200
2549,492835,157.36666666666676,0.0050000000000000044,4.45,0,4,200
2550,493035,156.97166666666652,0.0,4.465,0,6,200
2551,493235,158.78499999999985,0.0,4.605,0,4,200
2552,493435,159.5983333333335,0.0,4.415,0,3,200
2553,493635,152.1416666666668,0.0,4.345,0,18,200
2554,493835,159.47166666666666,0.0,4.255,0,7,200
2555,494035,154.90333333333322,0.0050000000000000044,4.37,0,10,200
2556,494235,157.00999999999988,0.0,4.5,0,7,200
2557,494435,158.54,0.0,4.47,0,3,200
2558,494635,160.01499999999996,0.0050000000000000044,4.425,0,1,200
2559,494835,156.10166666666655,0.015000000000000013,4.435,0,5,200
2560,495035,161.04166666666669,0.0,4.345,0,3,200
2561,495235,160.05499999999998,0.0,4.365,0,3,200
2562,495435,157.44333333333338,0.010000000000000009,4.37,0,4,200
2563,495635,159.52999999999992,0.0,4.29,0,6,200
2564,495835,155.90666666666652,0.0050000000000000044,4.48,0,7,200
2565,496035,159.5150000000001,0.0,4.395,0,5,200
2566,496235,157.44833333333335,0.0,4.475,0,7,200
2567,496435,158.95499999999998,0.0,4.305,0,7,200
2568,496635,157.26666666666662,0.0,4.36,0,7,200
2569,496835,156.32666666666665,0.0050000000000000044,4.36,0,6,200
2570,497035,161.0566666666666,0.0,4.39,0,2,200
2571,497235,154.35499999999988,0.0,4.485,0,10,200
2572,497435,157.89833333333326,0.0050000000000000044,4.325,0,7,200
2573,497635,156.98833333333323,0.0,4.445,0,7,200
2574,497835,155.66500000000025,0.010000000000000009,4.395,0,8,200
2575,498035,157.5550000000001,0.0,4.455,0,6,200
2576,498235,156.5816666666666,0.015000000000000013,4.405,0,5,200
2577,498435,152.29000000000008,0.030000000000000027,4.2,0,8,200
2578,498635,151.60666666666657,0.020000000000000018,4.45,0,10,200
2579,498835,156.39833333333326,0.0,4.565,0,6,200
2580,499035,158.87499999999983,0.0,4.335,0,5,200
2581,499235,159.29666666666662,0.0,4.33,0,5,200
2582,499435,154.4199999999999,0.010000000000000009,4.38,0,8,200
2583,499635,160.5333333333333,0.0,4.43,0,2,200
2584,499835,153.13333333333324,0.020000000000000018,4.4,0,8,200
2585,500035,153.91499999999996,0.0,4.425,0,11,200
2586,500235,159.16666666666663,0.0,4.39,0,4,200
2587,500435,158.5066666666666,0.0,4.45,0,4,200
2588,500635,156.15999999999988,0.0,4.38,0,11,200
2589,500835,157.18333333333322,0.0,4.46,0,7,200
2590,501035,151.10499999999985,0.030000000000000027,4.365,0,8,200
2591,501235,159.56,0.0,4.35,0,5,200
2592,501435,155.75666666666663,0.0,4.42,0,10,200
2593,501635,160.9799999999999,0.0,4.41,0,2,200
2594,501835,158.76833333333343,0.0,4.325,0,4,200
2595,502035,154.98833333333323,0.010000000000000009,4.445,0,8,200
2596,502235,160.70666666666665,0.0,4.39,0,2,200
2597,502435,159.93833333333325,0.0,4.385,0,3,200
2598,502635,155.0833333333332,0.0,4.43,0,10,200
2599,502835,158.68833333333333,0.0,4.355,0,6,200
2600,503035,158.00999999999996,0.0,4.5,0,4,200
2601,503235,156.23166666666663,0.0,4.405,0,9,200
2602,503435,156.245,0.010000000000000009,4.395,0,6,200
2603,503635,155.52666666666647,0.0,4.42,0,11,200
2604,503835,159.51499999999996,0.0,4.485,0,2,200
2605,504035,153.5383333333334,0.015000000000000013,4.355,0,7,200
2606,504235,158.65166666666636,0.0,4.465,0,5,200
2607,504435,156.35166666666672,0.0050000000000000044,4.405,0,7,200
2608,504635,160.08333333333334,0.0,4.4,0,3,200
2609,504835,159.23999999999992,0.0050000000000000044,4.41,0,2,200
2610,505035,158.7699999999999,0.0,4.41,0,6,200
2611,505235,157.53166666666675,0.0,4.435,0,6,200
2612,505435,157.0083333333333,0.020000000000000018,4.325,0,3,200
2613,505635,151.5566666666667,0.015000000000000013,4.36,0,13,200
2614,505835,155.88499999999985,0.0050000000000000044,4.485,0,7,200
2615,506035,156.47499999999997,0.0,4.395,0,9,200
2616,506235,158.4650000000001,0.0,4.425,0,4,200
2617,506435,151.0350000000001,0.025000000000000022,4.335,0,10,200
2618,506635,157.6583333333332,0.0,4.445,0,6,200
2619,506835,155.4316666666666,0.0050000000000000044,4.375,0,10,200
2620,507035,156.93833333333333,0.010000000000000009,4.355,0,5,200
2621,507235,156.6766666666665,0.015000000000000013,4.36,0,5,200
2622,507435,157.74666666666667,0.0,4.39,0,6,200
2623,507635,160.57333333333315,0.0,4.4,0,2,200
2624,507835,158.17166666666645,0.0,4.435,0,4,200
2625,508035,158.3949999999998,0.0,4.365,0,6,200
2626,508235,157.85166666666672,0.0050000000000000044,4.375,0,4,200
2627,508435,153.7049999999999,0.010000000000000009,4.425,0,10,200
2628,508635,158.49666666666664,0.0,4.39,0,5,200
2629,508835,155.7083333333333,0.015000000000000013,4.325,0,6,200
2630,509035,160.18666666666658,0.0,4.42,0,2,200
2631,509235,156.13833333333312,0.0,4.415,0,9,200
2632,509435,159.2933333333335,0.0,4.37,0,5,200
2633,509635,160.09833333333333,0.0,4.535,0,1,200
2634,509835,160.67833333333334,0.0,4.385,0,1,200
2635,510035,159.29333333333335,0.0,4.43,0,3,200
2636,510235,159.29833333333343,0.0,4.385,0,4,200
2637,510435,159.18833333333342,0.0,4.565,0,3,200
2638,510635,157.43833333333325,0.0,4.355,0,8,200
2639,510835,160.64000000000001,0.0,4.38,0,3,200
2640,511035,154.80833333333328,0.015000000000000013,4.355,0,9,200
2641,511235,160.14333333333343,0.0,4.43,0,2,200
2642,511435,155.315,0.0050000000000000044,4.515,0,8,200
2643,511635,158.11000000000018,0.0050000000000000044,4.29,0,6,200
2644,511835,148.98999999999995,0.040000000000000036,4.38,0,8,200
2645,512035,154.57500000000002,0.025000000000000022,4.335,0,5,200
2646,512235,159.66833333333327,0.0,4.325,0,6,200
2647,512435,158.57999999999996,0.0,4.38,0,6,200
2648,512635,155.83166666666665,0.0050000000000000044,4.465,0,7,200
2649,512835,151.6949999999999,0.03500000000000003,4.305,0,7,200
2650,513035,158.65166666666659,0.0,4.315,0,6,200
2651,513235,155.9483333333332,0.0,4.295,0,11,200
2652,513435,159.34000000000006,0.0,4.38,0,4,200
2653,513635,158.89999999999984,0.0,4.32,0,6,200
2654,513835,155.69333333333336,0.010000000000000009,4.37,0,7,200
2655,514035,154.14333333333332,0.0,4.19,0,16,200
2656,514235,151.02166666666668,0.015000000000000013,4.375,0,12,200
2657,514435,158.0883333333333,0.0050000000000000044,4.295,0,6,200
2658,514635,158.65999999999997,0.0,4.41,0,6,200
2659,514835,159.75,0.0,4.35,0,5,200
2660,515035,156.48999999999995,0.0,4.47,0,7,200
2661,515235,158.19333333333324,0.0,4.4,0,7,200
2662,515435,156.97333333333327,0.0,4.46,0,8,200
2663,515635,155.0483333333333,0.015000000000000013,4.415,0,5,200
2664,515835,153.83833333333322,0.015000000000000013,4.385,0,7,200
2665,516035,157.6716666666666,0.0,4.435,0,5,200
2666,516235,159.47499999999997,0.0,4.365,0,4,200
2667,516435,147.5549999999999,0.040000000000000036,4.335,0,10,200
2668,516635,160.07166666666672,0.0,4.405,0,3,200
2669,516835,155.0249999999997,0.0,4.485,0,11,200
2670,517035,156.535,0.0,4.245,0,9,200
2671,517235,156.2733333333335,0.0,4.46,0,8,200
2672,517435,159.61166666666668,0.0,4.345,0,6,200
2673,517635,157.09999999999997,0.0,4.38,0,8,200
2674,517835,160.5516666666667,0.0,4.285,0,4,200
2675,518035,156.605,0.0,4.455,0,9,200
2676,518235,158.94333333333321,0.0050000000000000044,4.43,0,3,200
2677,518435,155.20999999999995,0.0050000000000000044,4.38,0,10,200
2678,518635,159.8433333333333,0.0050000000000000044,4.34,0,3,200
2679,518835,146.93666666666672,0.050000000000000044,4.39,0,8,200
2680,519035,157.32499999999993,0.0,4.365,0,7,200
2681,519235,159.00333333333333,0.010000000000000009,4.31,0,3,200
2682,519435,159.1699999999999,0.0,4.38,0,6,200
2683,519635,156.74833333333325,0.015000000000000013,4.295,0,4,200
2684,519835,158.60500000000008,0.0,4.335,0,5,200
2685,520035,159.37833333333325,0.0,4.415,0,3,200
2686,520235,158.1349999999999,0.0050000000000000044,4.365,0,5,200
2687,520435,152.88833333333335,0.020000000000000018,4.325,0,9,200
2688,520635,159.6433333333334,0.0,4.4,0,3,200
2689,520835,157.68666666666655,0.0,4.42,0,6,200
2690,521035,157.94500000000002,0.0050000000000000044,4.425,0,4,200
2691,521235,159.61666666666653,0.0,4.33,0,6,200
2692,521435,157.03333333333347,0.0,4.49,0,6,200
2693,521635,157.00999999999985,0.010000000000000009,4.32,0,5,200
2694,521835,160.62666666666664,0.0,4.36,0,2,200
2695,522035,154.66499999999988,0.015000000000000013,4.425,0,7,200
2696,522235,158.01166666666674,0.0,4.405,0,5,200
2697,522435,158.53166666666678,0.0,4.405,0,4,200
2698,522635,154.21666666666658,0.020000000000000018,4.39,0,7,200
2699,522835,159.8733333333332,0.0,4.31,0,3,200
2700,523035,158.72666666666655,0.0,4.36,0,7,200
2701,523235,154.23666666666645,0.015000000000000013,4.42,0,7,200
2702,523435,160.92499999999987,0.0,4.365,0,2,200
2703,523635,159.44500000000005,0.0,4.365,0,4,200
2704,523835,158.06833333333333,0.0050000000000000044,4.325,0,6,200
2705,524035,160.77999999999983,0.0,4.35,0,3,200
2706,524235,155.93499999999983,0.015000000000000013,4.335,0,6,200
2707,524435,153.9999999999999,0.015000000000000013,4.41,0,7,200
2708,524635,154.55833333333317,0.015000000000000013,4.235,0,10,200
2709,524835,159.37499999999997,0.0,4.425,0,3,200
2710,525035,159.68666666666664,0.0,4.39,0,2,200
2711,525235,157.46500000000012,0.0,4.395,0,7,200
2712,525435,159.41999999999985,0.0,4.38,0,4,200
2713,525635,160.73499999999993,0.0,4.395,0,2,200
2714,525835,156.73666666666657,0.0,4.42,0,8,200
2715,526035,158.9216666666668,0.0,4.495,0,4,200
2716,526235,157.21666666666667,0.0,4.33,0,9,200
2717,526435,157.79499999999996,0.0,4.365,0,8,200
2718,526635,159.21166666666667,0.0,4.225,0,7,200
2719,526835,153.6600000000001,0.030000000000000027,4.38,0,5,200
2720,527035,161.1233333333334,0.0,4.37,0,2,200
2721,527235,157.6750000000001,0.0,4.455,0,6,200
2722,527435,161.4716666666667,0.0,4.375,0,1,200
2723,527635,159.81,0.0,4.35,0,4,200
2724,527835,159.01333333333324,0.0,4.43,0,5,200
2725,528035,160.58000000000004,0.0,4.41,0,2,200
2726,528235,151.94499999999988,0.015000000000000013,4.365,0,12,200
2727,528435,155.98000000000002,0.015000000000000013,4.35,0,5,200
2728,528635,158.22666666666666,0.015000000000000013,4.36,0,2,200
2729,528835,159.32166666666663,0.0,4.375,0,4,200
2730,529035,157.7916666666666,0.0050000000000000044,4.345,0,5,200
2731,529235,154.54166666666663,0.015000000000000013,4.405,0,6,200
2732,529435,158.73000000000005,0.0,4.38,0,5,200
2733,529635,157.75500000000002,0.0050000000000000044,4.515,0,4,200
2734,529835,153.56833333333321,0.015000000000000013,4.325,0,11,200
2735,530035,159.2499999999998,0.0,4.35,0,4,200
2736,530235,158.7983333333334,0.0,4.295,0,6,200
2737,530435,153.3666666666668,0.015000000000000013,4.45,0,8,200
2738,530635,155.7983333333331,0.010000000000000009,4.415,0,5,200
2739,530835,157.41666666666669,0.0,4.36,0,6,200
2740,531035,157.6250000000001,0.0,4.305,0,6,200
2741,531235,156.9133333333334,0.010000000000000009,4.31,0,6,200
2742,531435,159.39833333333323,0.0,4.295,0,4,200
2743,531635,159.42000000000002,0.0,4.14,0,4,200
2744,531835,151.94499999999977,0.015000000000000013,4.275,0,13,200
2745,532035,161.94500000000008,0.0,4.305,0,0,200
2746,532235,155.18833333333328,0.0,4.295,0,10,200
2747,532435,157.70666666666688,0.0,4.45,0,7,200
2748,532635,160.10333333333335,0.0,4.34,0,2,200
2749,532835,160.08,0.0,4.26,0,4,200
2750,533035,158.7299999999999,0.0050000000000000044,4.26,0,5,200
2751,533235,160.14,0.0,4.2,0,5,200
2752,533435,161.00833333333327,0.0,4.295,0,1,200
2753,533635,159.7516666666667,0.0050000000000000044,4.285,0,2,200
2754,533835,159.94333333333313,0.0,4.28,0,3,200
2755,534035,148.2599999999999,0.040000000000000036,4.41,0,10,200
2756,534235,156.2533333333332,0.0,4.34,0,9,200
2757,534435,158.17166666666657,0.0,4.315,0,6,200
2758,534635,157.2,0.0050000000000000044,4.26,0,5,200
2759,534835,160.66000000000008,0.0,4.23,0,4,200
2760,535035,160.89166666666657,0.0,4.345,0,1,200
2761,535235,154.07333333333327,0.025000000000000022,4.1,0,7,200
2762,535435,158.9233333333333,0.0050000000000000044,4.31,0,3,200
2763,535635,159.27333333333326,0.0,4.22,0,7,200
2764,535835,159.50166666666664,0.0,4.255,0,2,200
2765,536035,157.13166666666663,0.0050000000000000044,4.375,0,6,200
2766,536235,158.2116666666666,0.0,4.315,0,7,200
2767,536435,161.19999999999993,0.0,4.35,0,1,200
2768,536635,158.35666666666674,0.0050000000000000044,4.27,0,6,200
2769,536835,159.93999999999994,0.0,4.32,0,3,200
2770,537035,160.15166666666667,0.0,4.315,0,2,200
2771,537235,159.75499999999985,0.0,4.365,0,4,200
2772,537435,158.17999999999984,0.010000000000000009,4.26,0,2,200
2773,537635,160.00333333333313,0.0,4.22,0,3,200
2774,537835,157.34499999999997,0.0,4.365,0,6,200
2775,538035,152.46000000000006,0.020000000000000018,4.29,0,10,200
2776,538235,158.79499999999993,0.015000000000000013,4.215,0,3,200
2777,538435,145.50166666666678,0.07499999999999996,4.165,0,6,200
2778,538635,153.51333333333346,0.015000000000000013,4.52,0,7,200
2779,538835,156.80666666666662,0.0050000000000000044,4.3,0,7,200
2780,539035,162.89333333333317,0.0,4.25,0,1,200
2781,539235,156.83999999999983,0.020000000000000018,4.17,0,4,200
2782,539435,159.87666666666675,0.0050000000000000044,4.33,0,3,200
2783,539635,158.99833333333353,0.0050000000000000044,4.355,0,4,200
2784,539835,160.89500000000004,0.0050000000000000044,4.155,0,5,200
2785,540035,154.8683333333332,0.010000000000000009,4.295,0,9,200
2786,540235,162.90166666666678,0.0,4.255,0,2,200
2787,540435,157.65500000000006,0.0,4.365,0,7,200
2788,540635,162.35166666666686,0.0,4.285,0,2,200
2789,540835,159.95166666666654,0.010000000000000009,4.225,0,2,200
2790,541035,159.75166666666655,0.0050000000000000044,4.255,0,5,200
2791,541235,152.55166666666682,0.04500000000000004,4.225,0,4,200
2792,541435,159.4133333333336,0.0050000000000000044,4.31,0,4,200
2793,541635,156.7166666666668,0.0,4.48,0,7,200
2794,541835,157.61500000000032,0.020000000000000018,4.215,0,3,200
2795,542035,163.21333333333314,0.0,4.16,0,2,200
2796,542235,158.27833333333336,0.0050000000000000044,4.325,0,5,200
2797,542435,161.96499999999995,0.0,4.215,0,3,200
2798,542635,157.98499999999987,0.0,4.245,0,8,200
2799,542835,158.4716666666662,0.010000000000000009,4.225,0,5,200
2800,543035,161.9166666666665,0.0,4.33,0,1,200
2801,543235,161.49833333333325,0.0,4.235,0,3,200
2802,543435,157.28333333333302,0.010000000000000009,4.37,0,5,200
2803,543635,160.91500000000005,0.0,4.335,0,2,200
2804,543835,160.83000000000004,0.015000000000000013,4.14,0,2,200
2805,544035,163.3183333333333,0.0,4.235,0,1,200
2806,544235,156.3316666666667,0.015000000000000013,4.375,0,5,200
2807,544435,155.12666666666686,0.020000000000000018,4.51,0,3,200
2808,544635,161.26333333333338,0.0,4.22,0,3,200
2809,544835,161.26833333333337,0.0,4.235,0,3,200
2810,545035,159.88833333333324,0.0,4.415,0,3,200
2811,545235,159.28666666666663,0.0050000000000000044,4.3,0,5,200
2812,545435,164.33666666666625,0.0,4.15,0,1,200
2813,545635,161.31666666666663,0.0,4.21,0,4,200
2814,545835,158.46500000000006,0.010000000000000009,4.185,0,6,200
2815,546035,159.93500000000017,0.0,4.275,0,5,200
2816,546235,162.0116666666665,0.0,4.255,0,1,200
2817,546435,158.72999999999996,0.010000000000000009,4.32,0,3,200
2818,546635,161.64333333333337,0.0,4.07,0,7,200
2819,546835,160.86499999999992,0.0,4.305,0,4,200
2820,547035,158.98499999999996,0.0,4.335,0,5,200
2821,547235,154.07666666666682,0.010000000000000009,4.27,0,12,200
2822,547435,158.62166666666673,0.0050000000000000044,4.315,0,4,200
2823,547635,161.26666666666685,0.0,4.21,0,5,200
2824,547835,158.26500000000013,0.0,4.245,0,9,200
2825,548035,161.175,0.0,4.275,0,2,200
2826,548235,157.45999999999984,0.0050000000000000044,4.35,0,5,200
2827,548435,161.2899999999997,0.0,4.29,0,4,200
2828,548635,156.85499999999976,0.015000000000000013,4.245,0,7,200
2829,548835,161.85499999999993,0.0,4.245,0,2,200
2830,549035,163.61,0.0,4.17,0,1,200
2831,549235,157.9933333333336,0.010000000000000009,4.37,0,5,200
2832,549435,162.30666666666676,0.0,4.21,0,2,200
2833,549635,158.95333333333346,0.0,4.31,0,6,200
2834,549835,162.20833333333334,0.0,4.235,0,1,200
2835,550035,158.7883333333331,0.010000000000000009,4.115,0,6,200
2836,550235,158.12333333333348,0.0,4.4,0,7,200
2837,550435,159.3549999999999,0.0,4.215,0,8,200
2838,550635,157.8533333333332,0.0050000000000000044,4.37,0,6,200
2839,550835,159.46499999999986,0.0,4.305,0,3,200
2840,551035,161.1983333333334,0.0,4.355,0,2,200
2841,551235,159.77333333333306,0.0,4.22,0,6,200
2842,551435,161.20833333333354,0.0,4.325,0,2,200
2843,551635,151.67333333333346,0.030000000000000027,4.19,0,10,200
2844,551835,157.98499999999996,0.0,4.365,0,7,200
2845,552035,159.7149999999998,0.0,4.215,0,5,200
2846,552235,159.41833333333335,0.0,4.355,0,5,200
2847,552435,157.24666666666673,0.0050000000000000044,4.21,0,10,200
2848,552635,156.5466666666666,0.015000000000000013,4.39,0,4,200
2849,552835,161.3733333333333,0.0,4.28,0,3,200
2850,553035,154.16999999999987,0.015000000000000013,4.35,0,7,200
2851,553235,159.32166666666672,0.0,4.345,0,4,200
2852,553435,159.1300000000002,0.0050000000000000044,4.29,0,6,200
2853,553635,159.08499999999984,0.0,4.305,0,6,200
2854,553835,159.9183333333337,0.0050000000000000044,4.355,0,3,200
2855,554035,155.93499999999997,0.0050000000000000044,4.395,0,9,200
2856,554235,157.99000000000007,0.0050000000000000044,4.38,0,5,200
2857,554435,156.14333333333323,0.025000000000000022,4.25,0,4,200
2858,554635,158.39000000000019,0.0050000000000000044,4.38,0,5,200
2859,554835,160.85166666666672,0.0,4.255,0,4,200
2860,555035,161.28166666666652,0.0,4.135,0,5,200
2861,555235,161.6066666666668,0.0,4.12,0,5,200
2862,555435,158.30166666666648,0.010000000000000009,4.135,0,6,200
2863,555635,160.26999999999998,0.0050000000000000044,4.32,0,2,200
2864,555835,156.84666666666666,0.0050000000000000044,4.33,0,8,200
2865,556035,160.3233333333334,0.0,4.31,0,5,200
2866,556235,160.98000000000005,0.0,4.26,0,4,200
2867,556435,161.43000000000012,0.0,4.23,0,4,200
2868,556635,159.46833333333353,0.0,4.235,0,7,200
2869,556835,158.74999999999974,0.0,4.35,0,7,200
2870,557035,159.31333333333336,0.010000000000000009,4.31,0,3,200
2871,557235,155.2516666666667,0.0050000000000000044,4.315,0,11,200
2872,557435,147.5400000000001,0.06999999999999995,4.2,0,3,200
2873,557635,163.98499999999987,0.0,4.215,0,0,200
2874,557835,162.63499999999974,0.0,4.245,0,1,200
2875,558035,160.83333333333323,0.0,4.37,0,3,200
2876,558235,161.27,0.0,4.29,0,3,200
2877,558435,161.2266666666666,0.0,4.27,0,3,200
2878,558635,162.34166666666678,0.0,4.165,0,3,200
2879,558835,160.57666666666657,0.0050000000000000044,4.3,0,2,200
2880,559035,159.9233333333333,0.0,4.31,0,5,200
2881,559235,159.65833333333313,0.0,4.385,0,4,200
2882,559435,160.4583333333336,0.0050000000000000044,4.235,0,3,200
2883,559635,157.1800000000002,0.0050000000000000044,4.29,0,7,200
2884,559835,160.76833333333357,0.0,4.265,0,4,200
2885,560035,159.19833333333324,0.010000000000000009,4.265,0,3,200
2886,560235,160.04333333333338,0.0,4.49,0,2,200
2887,560435,161.13000000000008,0.0,4.23,0,4,200
2888,560635,159.70666666666676,0.015000000000000013,4.18,0,2,200
2889,560835,162.4099999999998,0.0,4.11,0,5,200
2890,561035,159.6066666666669,0.0,4.27,0,5,200
2891,561235,154.58833333333328,0.0050000000000000044,4.565,0,8,200
2892,561435,159.8149999999998,0.0,4.245,0,6,200
2893,561635,158.70833333333331,0.0,4.355,0,5,200
2894,561835,151.14666666666673,0.030000000000000027,4.39,0,9,200
2895,562035,155.8483333333336,0.015000000000000013,4.325,0,6,200
2896,562235,163.2483333333333,0.0,4.205,0,1,200
2897,562435,159.975,0.0,4.215,0,7,200
2898,562635,163.6316666666664,0.0,4.165,0,1,200
2899,562835,160.38499999999996,0.0,4.365,0,3,200
2900,563035,158.9150000000002,0.0,4.245,0,9,200
2901,563235,162.97999999999988,0.0,4.26,0,1,200
2902,563435,158.6733333333333,0.0,4.4,0,5,200
2903,563635,161.2249999999999,0.0,4.215,0,4,200
2904,563835,156.68333333333334,0.0050000000000000044,4.43,0,6,200
2905,564035,156.70999999999998,0.010000000000000009,4.32,0,5,200
2906,564235,158.91666666666697,0.0,4.36,0,6,200
2907,564435,160.30499999999998,0.0050000000000000044,4.155,0,3,200
2908,564635,161.1216666666666,0.0,4.315,0,3,200
2909,564835,159.06333333333342,0.0050000000000000044,4.19,0,6,200
2910,565035,161.47333333333336,0.0,4.31,0,2,200
2911,565235,162.32333333333335,0.0,4.28,0,2,200
2912,565435,160.96499999999983,0.0,4.245,0,4,200
2913,565635,161.29833333333352,0.0050000000000000044,4.295,0,2,200
2914,565835,159.74,0.0050000000000000044,4.32,0,3,200
2915,566035,155.08166666666662,0.015000000000000013,4.315,0,7,200
2916,566235,157.71500000000032,0.015000000000000013,4.305,0,4,200
2917,566435,163.16833333333338,0.0,4.295,0,0,200
2918,566635,158.98000000000005,0.0050000000000000044,4.23,0,6,200
2919,566835,160.47333333333327,0.0,4.37,0,3,200
2920,567035,161.69000000000014,0.0,4.32,0,1,200
2921,567235,153.3316666666665,0.03500000000000003,4.285,0,5,200
2922,567435,161.92666666666685,0.0,4.33,0,2,200
2923,567635,159.0516666666667,0.015000000000000013,4.195,0,3,200
2924,567835,160.72666666666674,0.0050000000000000044,4.15,0,4,200
2925,568035,162.76833333333346,0.0,4.295,0,1,200
2926,568235,162.05166666666682,0.0,4.315,0,2,200
2927,568435,162.0816666666666,0.0,4.225,0,2,200
2928,568635,158.9483333333335,0.0,4.385,0,5,200
2929,568835,159.4,0.0,4.17,0,7,200
2930,569035,160.33999999999992,0.0,4.29,0,5,200
2931,569235,156.41000000000014,0.0050000000000000044,4.35,0,9,200
2932,569435,161.79000000000013,0.0,4.17,0,4,200
2933,569635,161.60166666666646,0.0,4.165,0,4,200
2934,569835,159.00166666666686,0.015000000000000013,4.315,0,2,200
2935,570035,157.3399999999998,0.0,4.44,0,6,200
2936,570235,163.0516666666666,0.0,4.225,0,2,200
2937,570435,161.63499999999974,0.0,4.245,0,2,200
2938,570635,158.03666666666663,0.015000000000000013,4.24,0,4,200
2939,570835,155.73166666666654,0.015000000000000013,4.375,0,5,200
2940,571035,156.83833333333328,0.020000000000000018,4.145,0,5,200
2941,571235,160.20166666666654,0.0050000000000000044,4.255,0,4,200
2942,571435,161.62833333333336,0.0,4.265,0,2,200
2943,571635,162.77999999999992,0.0,4.2,0,2,200
2944,571835,161.64000000000004,0.0050000000000000044,4.32,0,1,200
2945,572035,161.8383333333332,0.0,4.265,0,2,200
2946,572235,162.46499999999983,0.0,4.215,0,3,200
2947,572435,162.7450000000003,0.0,4.245,0,2,200
2948,572635,161.38666666666666,0.0,4.3,0,3,200
2949,572835,162.15333333333368,0.0,4.34,0,0,200
2950,573035,151.30833333333328,0.050000000000000044,4.235,0,3,200
2951,573235,157.72333333333336,0.0,4.43,0,6,200
2952,573435,159.92,0.0,4.38,0,4,200
2953,573635,161.1450000000002,0.0050000000000000044,4.245,0,2,200
2954,573835,160.26666666666665,0.0,4.33,0,4,200
2955,574035,158.765,0.0,4.245,0,7,200
2956,574235,160.19833333333338,0.0,4.205,0,5,200
2957,574435,159.72666666666652,0.0,4.3,0,5,200
2958,574635,157.08499999999984,0.0050000000000000044,4.365,0,6,200
2959,574835,161.28,0.0,4.38,0,2,200
2960,575035,158.69333333333324,0.0,4.25,0,9,200
2961,575235,160.87500000000006,0.0,4.335,0,3,200
2962,575435,160.67166666666648,0.0,4.285,0,4,200
2963,575635,162.1583333333333,0.0,4.235,0,3,200
2964,575835,160.32999999999973,0.0,4.14,0,7,200
2965,576035,163.58999999999986,0.0,4.26,0,0,200
2966,576235,158.89499999999995,0.0050000000000000044,4.245,0,5,200
2967,576435,159.47833333333344,0.020000000000000018,4.205,0,1,200
2968,576635,161.61999999999998,0.0,4.17,0,4,200
2969,576835,161.3283333333336,0.0,4.295,0,3,200
2970,577035,161.37166666666647,0.0,4.225,0,4,200
2971,577235,160.7733333333336,0.0,4.37,0,3,200
2972,577435,158.5566666666666,0.020000000000000018,4.15,0,2,200
2973,577635,158.53833333333338,0.0,4.415,0,6,200
2974,577835,159.17999999999984,0.015000000000000013,4.2,0,4,200
2975,578035,157.16,0.010000000000000009,4.38,0,5,200
2976,578235,160.25000000000003,0.0,4.32,0,4,200
2977,578435,158.2600000000001,0.0050000000000000044,4.29,0,6,200
2978,578635,161.34499999999971,0.0,4.185,0,4,200
2979,578835,162.17999999999995,0.0,4.17,0,3,200
2980,579035,158.15166666666673,0.0050000000000000044,4.375,0,5,200
2981,579235,160.59833333333353,0.0050000000000000044,4.295,0,2,200
2982,579435,158.18500000000006,0.0,4.455,0,7,200
2983,579635,162.20500000000007,0.0,4.275,0,2,200
2984,579835,162.72166666666698,0.0,4.315,0,0,200
2985,580035,161.1366666666667,0.0,4.18,0,5,200
2986,580235,160.84666666666675,0.0050000000000000044,4.33,0,2,200
2987,580435,159.51333333333366,0.0,4.34,0,4,200
2988,580635,160.05166666666668,0.0,4.285,0,5,200
2989,580835,158.39166666666668,0.0,4.495,0,4,200
2990,581035,160.98833333333323,0.0,4.265,0,3,200
2991,581235,157.313333333333,0.0,4.49,0,6,200
2992,581435,157.07666666666682,0.0,4.48,0,7,200
2993,581635,156.23166666666663,0.025000000000000022,4.165,0,5,200
2994,581835,159.58000000000027,0.0,4.38,0,4,200
2995,582035,161.8433333333332,0.0,4.25,0,2,200
2996,582235,163.64499999999975,0.0,4.155,0,1,200
2997,582435,160.4649999999999,0.0,4.185,0,4,200
2998,582635,161.41833333333355,0.0,4.265,0,2,200
2999,582835,160.03999999999996,0.0,4.32,0,4,200
