episode,timestep,reward,sla_violation,mean_replicas,crashes,flapping_incidents,length
0,200,27.135,0.16000000000000003,10.155,0,79,200
1,249,-36.16833333333334,0.8979591836734694,4.387755102040816,1,15,49
2,352,-9.188333333333333,0.3398058252427184,7.504854368932039,1,33,103
3,552,22.421666666666667,0.21999999999999997,9.595,0,73,200
4,752,18.806666666666686,0.25,9.28,0,75,200
5,836,-9.808333333333339,0.33333333333333337,8.488095238095237,1,21,84
6,1036,8.961666666666666,0.29000000000000004,8.755,0,86,200
7,1073,-21.778333333333332,0.5135135135135135,6.45945945945946,1,11,37
8,1121,-36.861666666666665,0.8125,6.770833333333333,1,17,48
9,1275,3.6116666666666823,0.2987012987012987,7.707792207792208,1,50,154
10,1293,-17.34,0.5,4.0,1,4,18
11,1493,-4.058333333333337,0.405,8.815,0,69,200
12,1693,20.233333333333352,0.22499999999999998,9.56,0,75,200
13,1893,14.180000000000007,0.275,9.57,0,70,200
14,2087,-29.12333333333332,0.4896907216494846,7.525773195876289,1,66,194
15,2100,-22.83,1.0,4.615384615384615,1,0,13
16,2300,-78.15333333333336,0.81,6.43,0,88,200
17,2377,-52.139999999999986,0.935064935064935,4.8311688311688314,1,29,77
18,2414,-14.79666666666667,0.45945945945945943,4.162162162162162,1,12,37
19,2614,56.120000000000026,0.07999999999999996,9.42,0,67,200
20,2679,-33.06833333333333,0.6307692307692307,7.6461538461538465,1,23,65
21,2879,5.010000000000009,0.29000000000000004,9.15,0,84,200
22,3079,31.55333333333335,0.345,7.1,0,53,200
23,3104,-29.10666666666667,0.92,5.68,1,6,25
24,3304,15.280000000000015,0.30000000000000004,8.61,0,75,200
25,3340,-29.183333333333337,0.8611111111111112,5.055555555555555,1,8,36
26,3540,61.07166666666668,0.040000000000000036,10.165,0,61,200
27,3663,-20.97166666666667,0.5040650406504066,6.739837398373984,1,36,123
28,3678,-21.948333333333334,0.7333333333333334,3.533333333333333,1,4,15
29,3878,9.261666666666649,0.42000000000000004,6.955,0,68,200
30,4018,-21.470000000000002,0.44999999999999996,7.1571428571428575,1,50,140
31,4218,40.93666666666668,0.10499999999999998,9.94,0,78,200
32,4418,53.02166666666668,0.04500000000000004,10.225,0,73,200
33,4553,-7.045,0.37777777777777777,6.111111111111111,1,49,135
34,4753,20.603333333333328,0.30000000000000004,8.42,0,67,200
35,4919,-33.17833333333333,0.49397590361445787,7.909638554216867,1,59,166
36,4941,-25.083333333333332,0.8181818181818181,6.090909090909091,1,5,22
37,5141,14.684999999999992,0.32499999999999996,8.505,0,69,200
38,5278,-4.278333333333325,0.3065693430656934,8.313868613138686,1,43,137
39,5477,-9.145000000000001,0.36180904522613067,8.608040201005025,1,61,199
40,5628,-0.9749999999999588,0.22516556291390732,8.443708609271523,1,62,151
41,5828,55.758333333333326,0.05500000000000005,9.665,0,72,200
42,6001,9.34833333333335,0.21965317919075145,8.953757225433526,1,53,173
43,6201,24.585000000000015,0.22499999999999998,8.955,0,76,200
44,6276,-44.02166666666666,0.8266666666666667,5.613333333333333,1,25,75
45,6392,-18.660000000000018,0.3879310344827587,7.5,1,47,116
46,6592,32.625,0.20499999999999996,8.475,0,76,200
47,6732,14.60333333333335,0.13571428571428568,8.085714285714285,1,52,140
48,6932,50.02166666666666,0.10999999999999999,9.115,0,73,200
49,7132,-32.32333333333331,0.5800000000000001,8.32,0,66,200
50,7221,-3.0983333333333185,0.202247191011236,8.415730337078651,1,31,89
51,7403,-43.69833333333331,0.5714285714285714,7.708791208791209,1,60,182
52,7603,-36.87999999999999,0.615,7.56,0,72,200
53,7717,-4.198333333333334,0.21052631578947367,9.728070175438596,1,39,114
54,7917,30.313333333333333,0.21999999999999997,8.81,0,71,200
55,7956,-35.715,0.9743589743589743,4.6923076923076925,1,11,39
56,8130,-24.138333333333335,0.5114942528735632,6.85632183908046,1,56,174
57,8330,25.906666666666666,0.26,8.47,0,70,200
58,8530,16.015000000000015,0.29000000000000004,8.895,0,71,200
59,8560,-30.494999999999997,1.0,4.1,1,7,30
60,8588,-31.688333333333333,0.9642857142857143,4.25,1,10,28
61,8788,28.48833333333337,0.14,9.965,0,83,200
62,8960,-16.741666666666664,0.4534883720930233,6.215116279069767,1,63,172
63,9160,50.959999999999994,0.06000000000000005,9.93,0,76,200
64,9210,-41.93833333333333,0.98,6.82,1,11,50
65,9410,-19.329999999999977,0.475,8.34,0,73,200
66,9553,-7.573333333333327,0.3146853146853147,7.986013986013986,1,54,143
67,9753,41.001666666666694,0.19499999999999995,8.635,0,67,200
68,9768,-20.448333333333334,0.7333333333333334,3.1333333333333333,1,4,15
69,9968,34.66166666666664,0.16500000000000004,9.265,0,78,200
70,10168,45.90166666666669,0.17000000000000004,8.695,0,65,200
71,10182,-22.468333333333334,0.7857142857142857,3.7857142857142856,1,4,14
72,10308,-69.80499999999998,0.873015873015873,7.309523809523809,1,37,126
73,10353,-25.021666666666665,0.6444444444444444,4.155555555555556,1,18,45
74,10409,-26.343333333333334,0.4642857142857143,9.142857142857142,1,20,56
75,10609,31.02000000000001,0.18999999999999995,9.03,0,75,200
76,10622,-15.993333333333336,0.46153846153846156,3.8461538461538463,1,1,13
77,10664,-13.340000000000003,0.3571428571428571,7.0,1,9,42
78,10733,-14.31166666666667,0.5217391304347826,3.579710144927536,1,23,69
79,10803,2.2316666666666833,0.12857142857142856,8.385714285714286,1,18,70
80,11003,57.78166666666666,0.09999999999999998,9.835,0,55,200
81,11063,-47.519999999999996,0.9666666666666667,5.1,1,23,60
82,11245,-11.10833333333333,0.39560439560439564,7.181318681318682,1,66,182
83,11363,2.155000000000001,0.2457627118644068,8.008474576271187,1,36,118
84,11447,-16.123333333333328,0.41666666666666663,8.023809523809524,1,22,84
85,11647,21.97833333333334,0.27,9.215,0,64,200
86,11847,52.980000000000004,0.030000000000000027,10.35,0,75,200
87,12047,0.2700000000000198,0.44499999999999995,7.8,0,65,200
88,12209,21.428333333333363,0.16049382716049387,8.376543209876543,1,52,162
89,12409,68.3733333333333,0.010000000000000009,9.38,0,71,200
90,12458,-11.275000000000006,0.326530612244898,5.816326530612245,1,17,49
91,12600,7.518333333333345,0.2605633802816901,7.232394366197183,1,48,142
92,12800,21.49999999999999,0.30000000000000004,8.73,0,62,200
93,12845,-9.170000000000003,0.3111111111111111,5.733333333333333,1,12,45
94,12896,-31.325000000000003,0.8431372549019608,4.882352941176471,1,12,51
95,12977,-22.284999999999997,0.41975308641975306,8.703703703703704,1,25,81
96,13177,34.323333333333345,0.19499999999999995,9.77,0,61,200
97,13363,-34.995000000000005,0.553763440860215,6.629032258064516,1,65,186
98,13399,-24.381666666666668,0.5,8.527777777777779,1,13,36
99,13599,54.89000000000001,0.125,9.78,0,50,200
100,13799,27.108333333333327,0.235,8.675,0,71,200
101,13843,-4.27333333333333,0.20454545454545459,5.090909090909091,1,13,44
102,14043,-4.31666666666667,0.42500000000000004,8.42,0,68,200
103,14168,-9.870000000000013,0.40800000000000003,6.72,1,39,125
104,14363,17.615000000000023,0.1743589743589744,8.2,1,82,195
105,14563,13.35833333333335,0.37,8.465,0,58,200
106,14763,58.020000000000024,0.030000000000000027,10.47,0,66,200
107,14963,60.92666666666662,0.06000000000000005,9.43,0,66,200
108,15163,-18.245000000000008,0.5,8.715,0,63,200
109,15323,5.90000000000002,0.25,7.6875,1,58,160
110,15523,31.518333333333345,0.17000000000000004,8.765,0,84,200
111,15723,31.906666666666656,0.16000000000000003,10.06,0,73,200
112,15923,38.03333333333336,0.235,8.63,0,58,200
113,16022,-26.46,0.5858585858585859,5.818181818181818,1,33,99
114,16175,2.7666666666666835,0.2222222222222222,8.522875816993464,1,56,153
115,16375,4.641666666666663,0.395,8.515,0,63,200
116,16475,-10.623333333333342,0.47,5.36,1,29,100
117,16513,-24.526666666666664,0.7105263157894737,4.842105263157895,1,10,38
118,16527,-24.293333333333337,1.0,3.5714285714285716,1,2,14
119,16727,53.46333333333337,0.06499999999999995,10.04,0,68,200
120,16741,-22.889999999999997,1.0,3.857142857142857,1,0,14
121,16941,31.105000000000004,0.19999999999999996,9.345,0,69,200
122,17141,-36.09666666666664,0.63,7.49,0,67,200
123,17217,-23.069999999999993,0.5394736842105263,6.7105263157894735,1,24,76
124,17260,-10.381666666666668,0.3023255813953488,5.325581395348837,1,16,43
125,17405,-15.766666666666673,0.43448275862068964,8.096551724137932,1,40,145
126,17440,-33.96666666666667,0.8571428571428572,7.314285714285714,1,11,35
127,17508,-28.906666666666666,0.6470588235294117,5.882352941176471,1,21,68
128,17625,-7.654999999999998,0.4444444444444444,6.128205128205129,1,29,117
129,17825,29.981666666666644,0.265,8.455,0,63,200
130,17904,-40.611666666666665,0.8354430379746836,3.8860759493670884,1,30,79
131,18104,41.73833333333334,0.16500000000000004,9.515,0,63,200
132,18304,52.38,0.08499999999999996,9.54,0,71,200
133,18366,-3.6750000000000007,0.16129032258064513,8.661290322580646,1,17,62
134,18566,18.623333333333342,0.22999999999999998,10.25,0,67,200
135,18766,25.87666666666667,0.21999999999999997,10.03,0,63,200
136,18892,-27.13666666666667,0.5952380952380952,5.317460317460317,1,44,126
137,19028,4.846666666666685,0.20588235294117652,8.705882352941176,1,46,136
138,19228,15.246666666666677,0.27,8.83,0,80,200
139,19428,3.2916666666666643,0.395,8.245,0,67,200
140,19444,-24.564999999999998,0.9375,3.9375,1,4,16
141,19535,-18.13,0.4285714285714286,6.725274725274725,1,35,91
142,19735,51.27500000000002,0.10499999999999998,9.465,0,68,200
143,19881,-26.046666666666674,0.4726027397260274,7.958904109589041,1,44,146
144,19946,-21.973333333333336,0.6461538461538461,4.923076923076923,1,16,65
145,20146,2.339999999999996,0.395,7.74,0,73,200
146,20346,43.233333333333384,0.09499999999999997,10.19,0,73,200
147,20546,40.48500000000001,0.21999999999999997,8.865,0,56,200
148,20746,17.491666666666664,0.27,9.325,0,72,200
149,20946,53.030000000000015,0.06499999999999995,10.2,0,68,200
150,21146,35.78333333333337,0.245,8.45,0,59,200
151,21346,61.8766666666667,0.020000000000000018,10.57,0,66,200
152,21521,24.205000000000016,0.10285714285714287,9.411428571428571,1,61,175
153,21721,52.57333333333333,0.12,9.95,0,56,200
154,21921,0.6333333333333513,0.42000000000000004,7.55,0,73,200
155,22121,23.16499999999999,0.275,8.715,0,69,200
156,22321,64.12333333333332,0.025000000000000022,10.01,0,69,200
157,22373,-18.431666666666665,0.46153846153846156,5.5576923076923075,1,18,52
158,22573,32.57166666666667,0.22999999999999998,8.275,0,73,200
159,22773,23.225,0.265,9.195,0,69,200
160,22973,62.371666666666634,0.040000000000000036,10.195,0,63,200
161,23173,28.419999999999987,0.24,8.97,0,68,200
162,23373,31.85666666666668,0.22499999999999998,8.98,0,66,200
163,23573,7.489999999999997,0.39,7.89,0,66,200
164,23594,-26.25333333333333,0.9047619047619048,5.523809523809524,1,4,21
165,23634,-18.178333333333335,0.6,4.025,1,10,40
166,23711,-48.499999999999986,0.8051948051948052,8.337662337662337,1,22,77
167,23911,32.59833333333333,0.265,8.195,0,67,200
168,24111,17.77166666666666,0.32499999999999996,9.895,0,47,200
169,24311,36.41166666666667,0.15000000000000002,8.995,0,84,200
170,24511,16.19333333333336,0.21999999999999997,10.49,0,73,200
171,24711,-6.990000000000007,0.42500000000000004,8.94,0,65,200
172,24753,-39.295,0.9761904761904762,7.214285714285714,1,10,42
173,24953,22.079999999999988,0.29500000000000004,8.79,0,61,200
174,25153,41.231666666666634,0.15000000000000002,8.575,0,80,200
175,25353,15.31499999999999,0.35,9.165,0,52,200
176,25553,-23.273333333333337,0.5449999999999999,8.56,0,59,200
177,25753,20.8916666666667,0.29500000000000004,9.475,0,57,200
178,25953,11.408333333333333,0.255,9.305,0,85,200
179,26153,7.916666666666666,0.35,9.31,0,64,200
180,26353,63.245000000000054,0.06000000000000005,10.215,0,54,200
181,26370,-22.485,0.7647058823529411,4.0588235294117645,1,5,17
182,26570,18.96,0.30500000000000005,8.97,0,61,200
183,26770,57.28166666666668,0.05500000000000005,9.865,0,69,200
184,26970,32.853333333333325,0.21999999999999997,8.78,0,67,200
185,27143,20.689999999999994,0.17341040462427748,9.641618497109826,1,43,173
186,27343,37.69333333333333,0.13,9.8,0,77,200
187,27543,12.300000000000008,0.31000000000000005,9.99,0,59,200
188,27743,7.094999999999996,0.4,9.135,0,49,200
189,27943,49.635000000000005,0.10999999999999999,9.705,0,68,200
190,28143,45.94999999999999,0.19999999999999996,8.61,0,60,200
191,28343,31.023333333333355,0.18000000000000005,9.95,0,69,200
192,28543,35.50166666666668,0.14,10.255,0,74,200
193,28743,40.02166666666669,0.125,10.135,0,70,200
194,28943,69.88,0.010000000000000009,9.99,0,62,200
195,29143,-36.22166666666666,0.56,8.525,0,74,200
196,29343,39.478333333333346,0.15500000000000003,10.145,0,61,200
197,29484,14.706666666666674,0.15602836879432624,8.141843971631205,1,51,141
198,29684,-10.318333333333328,0.43500000000000005,8.095,0,78,200
199,29884,34.365,0.25,7.875,0,70,200
200,30084,23.91166666666669,0.28,9.685,0,54,200
201,30284,31.11500000000001,0.20999999999999996,9.675,0,63,200
202,30484,37.34999999999998,0.135,10.14,0,73,200
203,30684,18.451666666666682,0.30000000000000004,8.545,0,72,200
204,30884,18.451666666666675,0.22999999999999998,10.255,0,71,200
205,31084,22.65166666666667,0.17000000000000004,10.645,0,77,200
206,31284,8.485000000000024,0.36,9.195,0,62,200
207,31484,49.52666666666668,0.06999999999999995,10.06,0,75,200
208,31684,12.528333333333359,0.28500000000000003,9.695,0,71,200
209,31884,49.20333333333336,0.09999999999999998,9.86,0,69,200
210,31922,-21.058333333333334,0.5526315789473684,6.7631578947368425,1,10,38
211,32122,37.31333333333333,0.15500000000000003,10.07,0,66,200
212,32322,39.674999999999976,0.19999999999999996,9.615,0,54,200
213,32522,50.49333333333335,0.10499999999999998,9.71,0,65,200
214,32722,61.74500000000001,0.015000000000000013,10.155,0,72,200
215,32922,23.07666666666671,0.26,8.5,0,75,200
216,33122,52.75333333333335,0.06999999999999995,10.25,0,68,200
217,33322,56.561666666666675,0.09499999999999997,10.465,0,53,200
218,33522,13.163333333333348,0.27,10.31,0,62,200
219,33722,3.6350000000000007,0.32999999999999996,9.945,0,67,200
220,33922,16.448333333333334,0.31999999999999995,8.885,0,63,200
221,34122,38.416666666666714,0.11499999999999999,9.97,0,79,200
222,34322,55.405000000000015,0.06000000000000005,10.095,0,67,200
223,34522,7.416666666666669,0.385,9.22,0,50,200
224,34722,47.036666666666655,0.13,9.7,0,63,200
225,34922,47.068333333333364,0.11499999999999999,9.395,0,72,200
226,35122,54.625000000000036,0.030000000000000027,10.215,0,78,200
227,35322,47.445000000000014,0.10999999999999999,10.125,0,64,200
228,35522,39.99833333333337,0.11499999999999999,10.325,0,72,200
229,35534,-23.356666666666666,0.9166666666666666,3.8333333333333335,1,3,12
230,35734,27.58666666666668,0.21499999999999997,10.24,0,60,200
231,35934,-24.046666666666624,0.45999999999999996,9.38,0,77,200
232,36134,45.34666666666668,0.17000000000000004,8.92,0,65,200
233,36334,41.686666666666675,0.135,9.97,0,67,200
234,36534,50.33000000000003,0.09999999999999998,10.05,0,65,200
235,36734,57.80500000000004,0.05500000000000005,10.005,0,65,200
236,36934,-16.371666666666645,0.475,9.005,0,64,200
237,37134,25.776666666666664,0.19499999999999995,9.97,0,74,200
238,37334,51.93500000000001,0.05500000000000005,10.695,0,65,200
239,37534,52.06833333333333,0.08499999999999996,9.515,0,72,200
240,37734,25.87,0.18999999999999995,9.75,0,77,200
241,37934,65.51333333333336,0.03500000000000003,10.07,0,59,200
242,38134,32.335,0.24,9.105,0,58,200
243,38334,39.805000000000014,0.18500000000000005,9.015,0,65,200
244,38534,58.67166666666666,0.12,9.505,0,51,200
245,38734,65.06500000000005,0.03500000000000003,10.125,0,57,200
246,38934,43.43833333333337,0.16500000000000004,9.335,0,63,200
247,38947,-22.398333333333333,0.8461538461538461,5.923076923076923,1,1,13
248,39147,42.57166666666667,0.15500000000000003,10.015,0,61,200
249,39347,44.818333333333364,0.08999999999999997,10.535,0,66,200
250,39547,16.500000000000036,0.265,9.33,0,74,200
251,39747,37.4166666666667,0.11499999999999999,10.45,0,74,200
252,39947,39.253333333333316,0.17000000000000004,9.26,0,69,200
253,40147,31.046666666666653,0.17500000000000004,10.42,0,68,200
254,40347,52.38833333333334,0.10499999999999998,9.995,0,59,200
255,40435,8.518333333333334,0.125,8.806818181818182,1,21,88
256,40635,74.65499999999994,0.040000000000000036,9.915,0,48,200
257,40835,58.11500000000002,0.04500000000000004,10.425,0,63,200
258,41035,56.55166666666668,0.11499999999999999,9.745,0,52,200
259,41235,23.38333333333332,0.28,9.26,0,59,200
260,41435,38.591666666666654,0.16000000000000003,9.805,0,66,200
261,41635,-10.954999999999986,0.44999999999999996,8.715,0,67,200
262,41835,46.435,0.07999999999999996,10.515,0,72,200
263,42035,28.40833333333332,0.18999999999999995,9.365,0,78,200
264,42235,73.52333333333333,0.0050000000000000044,10.19,0,55,200
265,42435,64.60500000000002,0.050000000000000044,10.395,0,52,200
266,42635,11.161666666666685,0.33499999999999996,9.325,0,61,200
267,42835,61.36500000000006,0.025000000000000022,10.395,0,64,200
268,43035,59.23499999999999,0.10499999999999998,9.525,0,57,200
269,43235,52.348333333333315,0.13,10.535,0,44,200
270,43435,52.47000000000005,0.10499999999999998,10.53,0,49,200
271,43635,65.51333333333336,0.020000000000000018,11.12,0,48,200
272,43835,14.161666666666655,0.28500000000000003,9.565,0,68,200
273,43858,-26.513333333333332,0.9130434782608696,4.260869565217392,1,6,23
274,44058,45.593333333333334,0.14500000000000002,9.89,0,59,200
275,44258,26.165,0.20999999999999996,9.645,0,71,200
276,44458,22.656666666666652,0.21999999999999997,10.12,0,70,200
277,44658,31.360000000000042,0.21499999999999997,9.69,0,63,200
278,44858,59.5416666666667,0.040000000000000036,10.525,0,60,200
279,45058,43.72000000000001,0.135,9.93,0,63,200
280,45258,48.35833333333335,0.08999999999999997,9.995,0,69,200
281,45458,22.384999999999998,0.29000000000000004,8.715,0,66,200
282,45658,54.76666666666676,0.050000000000000044,10.75,0,62,200
283,45858,56.265,0.04500000000000004,10.845,0,61,200
284,46058,53.82833333333337,0.020000000000000018,11.045,0,71,200
285,46258,50.89000000000002,0.03500000000000003,11.1,0,68,200
286,46458,49.078333333333354,0.07499999999999996,10.655,0,65,200
287,46658,38.553333333333356,0.17500000000000004,10.34,0,52,200
288,46858,64.72833333333337,0.015000000000000013,10.925,0,54,200
289,46878,-26.12833333333333,0.9,4.15,1,6,20
290,47078,52.49000000000006,0.09499999999999997,10.08,0,60,200
291,47278,31.974999999999987,0.17000000000000004,10.485,0,62,200
292,47478,56.383333333333404,0.06000000000000005,11.06,0,51,200
293,47678,49.19666666666671,0.03500000000000003,10.96,0,75,200
294,47878,63.213333333333345,0.0050000000000000044,11.51,0,53,200
295,48078,55.705000000000105,0.04500000000000004,11.025,0,61,200
296,48278,44.09666666666672,0.05500000000000005,11.02,0,73,200
297,48478,51.30833333333337,0.11499999999999999,10.265,0,55,200
298,48678,53.286666666666676,0.020000000000000018,10.99,0,71,200
299,48878,62.95833333333339,0.03500000000000003,10.865,0,56,200
300,49078,53.00000000000002,0.06999999999999995,10.62,0,60,200
301,49278,43.486666666666714,0.09499999999999997,10.99,0,65,200
302,49308,-34.205,0.9333333333333333,6.3,1,12,30
303,49508,53.04500000000003,0.07499999999999996,10.065,0,69,200
304,49708,45.201666666666654,0.08499999999999996,10.825,0,67,200
305,49908,7.341666666666697,0.31999999999999995,9.445,0,70,200
306,50108,-2.274999999999973,0.31999999999999995,10.335,0,75,200
307,50308,58.43833333333337,0.04500000000000004,10.415,0,62,200
308,50508,48.21500000000004,0.07999999999999996,11.025,0,60,200
309,50708,48.06666666666672,0.06000000000000005,10.99,0,67,200
310,50908,51.18500000000004,0.025000000000000022,11.205,0,70,200
311,51108,54.97166666666674,0.030000000000000027,11.155,0,62,200
312,51308,6.506666666666666,0.31999999999999995,10.12,0,62,200
313,51508,20.365000000000006,0.22499999999999998,9.735,0,72,200
314,51708,65.93166666666669,0.0,10.885,0,63,200
315,51908,59.785000000000004,0.040000000000000036,10.725,0,59,200
316,52108,44.79833333333337,0.07999999999999996,11.195,0,61,200
317,52308,44.193333333333335,0.125,10.85,0,57,200
318,52508,54.013333333333385,0.06999999999999995,10.73,0,61,200
319,52708,12.791666666666664,0.255,10.075,0,73,200
320,52908,34.448333333333345,0.12,11.045,0,66,200
321,53108,42.58666666666669,0.11499999999999999,10.84,0,60,200
322,53308,60.82166666666676,0.015000000000000013,11.185,0,59,200
323,53508,39.57500000000007,0.07499999999999996,11.385,0,70,200
324,53708,54.22833333333337,0.08999999999999997,10.415,0,58,200
325,53908,55.066666666666706,0.08499999999999996,10.66,0,53,200
326,54108,50.49333333333339,0.08999999999999997,10.25,0,62,200
327,54308,49.68166666666672,0.010000000000000009,11.185,0,74,200
328,54508,67.48833333333343,0.0,11.255,0,51,200
329,54708,49.69833333333337,0.05500000000000005,10.985,0,63,200
330,54908,37.83833333333338,0.17000000000000004,10.775,0,53,200
331,55108,69.22666666666672,0.025000000000000022,10.63,0,52,200
332,55308,-7.209999999999978,0.42500000000000004,9.33,0,65,200
333,55508,58.38500000000001,0.010000000000000009,10.605,0,70,200
334,55708,67.83500000000001,0.0050000000000000044,10.815,0,55,200
335,55908,52.70666666666673,0.08999999999999997,10.42,0,59,200
336,56108,58.31666666666668,0.03500000000000003,10.57,0,64,200
337,56308,46.05666666666666,0.07499999999999996,10.66,0,70,200
338,56508,61.70000000000006,0.0050000000000000044,11.01,0,62,200
339,56708,43.06166666666672,0.06000000000000005,11.065,0,74,200
340,56908,34.43333333333338,0.22999999999999998,9.89,0,49,200
341,57108,35.58666666666674,0.13,11.23,0,56,200
342,57308,59.6716666666667,0.03500000000000003,11.185,0,53,200
343,57508,58.41666666666667,0.015000000000000013,10.99,0,65,200
344,57708,40.443333333333364,0.05500000000000005,10.91,0,81,200
345,57908,57.65333333333341,0.015000000000000013,11.27,0,62,200
346,58108,47.7683333333334,0.06499999999999995,11.135,0,62,200
347,58308,52.90833333333337,0.040000000000000036,10.925,0,69,200
348,58508,41.751666666666694,0.07999999999999996,10.615,0,75,200
349,58708,51.943333333333385,0.030000000000000027,11.18,0,66,200
350,58908,56.41166666666669,0.015000000000000013,10.975,0,71,200
351,59108,51.846666666666756,0.05500000000000005,10.87,0,64,200
352,59308,63.82999999999997,0.015000000000000013,10.56,0,62,200
353,59508,50.455000000000055,0.10499999999999998,10.935,0,48,200
354,59708,53.953333333333426,0.020000000000000018,11.45,0,62,200
355,59908,54.325000000000074,0.015000000000000013,11.385,0,64,200
356,60108,57.31666666666675,0.0,11.44,0,67,200
357,60308,45.9583333333334,0.07499999999999996,10.895,0,67,200
358,60508,60.850000000000044,0.0,11.46,0,60,200
359,60708,47.63833333333338,0.07999999999999996,11.195,0,57,200
360,60908,45.81000000000006,0.08999999999999997,10.98,0,58,200
361,61108,64.00000000000006,0.020000000000000018,10.89,0,53,200
362,61308,58.39666666666674,0.0,11.29,0,65,200
363,61508,60.813333333333425,0.0,11.33,0,61,200
364,61708,45.05666666666667,0.08499999999999996,11.14,0,62,200
365,61908,50.4883333333334,0.0050000000000000044,11.255,0,78,200
366,62108,38.1,0.135,11.1,0,57,200
367,62308,65.04666666666671,0.0050000000000000044,11.23,0,56,200
368,62508,49.32000000000006,0.05500000000000005,11.19,0,62,200
369,62708,42.086666666666645,0.06999999999999995,10.99,0,74,200
370,62908,50.92166666666667,0.08999999999999997,10.345,0,64,200
371,63108,30.483333333333327,0.125,10.94,0,73,200
372,63308,52.493333333333396,0.040000000000000036,11.39,0,58,200
373,63508,62.67833333333338,0.015000000000000013,11.435,0,51,200
374,63708,48.42333333333336,0.08499999999999996,10.73,0,61,200
375,63908,31.258333333333326,0.18000000000000005,11.105,0,53,200
376,64108,56.968333333333355,0.06999999999999995,11.315,0,48,200
377,64308,63.30000000000002,0.0050000000000000044,10.86,0,64,200
378,64508,50.50000000000004,0.010000000000000009,11.46,0,71,200
379,64708,35.771666666666675,0.17000000000000004,10.765,0,53,200
380,64908,58.87000000000002,0.015000000000000013,11.13,0,63,200
381,65108,38.215000000000025,0.11499999999999999,11.445,0,57,200
382,65308,53.8633333333334,0.015000000000000013,11.18,0,65,200
383,65508,52.178333333333406,0.030000000000000027,11.555,0,58,200
384,65708,54.598333333333414,0.0,11.465,0,65,200
385,65908,46.59166666666674,0.08499999999999996,11.275,0,59,200
386,66108,46.11166666666668,0.09499999999999997,11.035,0,57,200
387,66308,52.10833333333335,0.030000000000000027,11.015,0,73,200
388,66508,70.19166666666666,0.010000000000000009,11.425,0,45,200
389,66708,60.09166666666668,0.0,11.515,0,60,200
390,66723,-18.331666666666667,0.4666666666666667,4.066666666666666,1,5,15
391,66923,43.53500000000011,0.05500000000000005,11.085,0,73,200
392,67123,55.38000000000012,0.030000000000000027,11.55,0,53,200
393,67323,54.693333333333385,0.05500000000000005,11.45,0,51,200
394,67523,56.73666666666676,0.03500000000000003,10.81,0,63,200
395,67723,60.12833333333341,0.025000000000000022,11.075,0,60,200
396,67923,38.1450000000001,0.14500000000000002,10.635,0,57,200
397,68123,52.47333333333336,0.050000000000000044,10.94,0,64,200
398,68323,35.33166666666667,0.17500000000000004,10.675,0,59,200
399,68523,53.840000000000046,0.040000000000000036,11.19,0,64,200
400,68723,63.88000000000008,0.0,11.55,0,51,200
401,68923,65.7683333333334,0.010000000000000009,11.345,0,48,200
402,69123,38.87166666666667,0.125,11.095,0,57,200
403,69323,49.73333333333338,0.030000000000000027,11.36,0,66,200
404,69523,61.60500000000002,0.0,11.475,0,57,200
405,69723,47.85833333333337,0.09999999999999998,11.195,0,52,200
406,69923,47.278333333333414,0.07999999999999996,10.655,0,68,200
407,70123,48.93166666666671,0.05500000000000005,11.275,0,66,200
408,70323,58.34,0.0050000000000000044,11.52,0,61,200
409,70523,41.66333333333331,0.08499999999999996,10.79,0,74,200
410,70723,28.073333333333345,0.19499999999999995,10.4,0,66,200
411,70923,60.171666666666745,0.0,11.395,0,63,200
412,71123,51.405000000000086,0.06499999999999995,10.935,0,59,200
413,71323,57.61833333333342,0.015000000000000013,11.195,0,61,200
414,71523,58.96500000000005,0.015000000000000013,10.755,0,67,200
415,71723,48.80000000000006,0.05500000000000005,11.46,0,58,200
416,71923,56.21833333333336,0.07999999999999996,11.255,0,45,200
417,72123,63.200000000000024,0.020000000000000018,11.28,0,52,200
418,72323,60.93500000000007,0.0,11.175,0,65,200
419,72523,25.72166666666668,0.17500000000000004,11.185,0,66,200
420,72723,63.51666666666675,0.030000000000000027,11.05,0,50,200
421,72923,28.04999999999999,0.18500000000000005,10.29,0,70,200
422,73123,73.48833333333337,0.0050000000000000044,11.435,0,36,200
423,73323,37.835,0.15000000000000002,10.545,0,60,200
424,73523,56.41666666666661,0.03500000000000003,11.02,0,65,200
425,73723,61.41666666666667,0.025000000000000022,11.32,0,55,200
426,73923,63.97166666666674,0.015000000000000013,11.395,0,53,200
427,74123,60.64000000000001,0.015000000000000013,11.4,0,58,200
428,74323,61.90000000000004,0.0,11.28,0,62,200
429,74523,55.75000000000002,0.050000000000000044,11.07,0,59,200
430,74723,62.1166666666667,0.030000000000000027,10.96,0,58,200
431,74923,64.10666666666665,0.030000000000000027,11.38,0,48,200
432,75123,55.66000000000006,0.050000000000000044,11.01,0,60,200
433,75323,35.41833333333332,0.17500000000000004,10.625,0,56,200
434,75523,52.07000000000013,0.030000000000000027,11.67,0,57,200
435,75723,65.73333333333339,0.0050000000000000044,11.3,0,51,200
436,75923,52.05833333333338,0.04500000000000004,11.285,0,63,200
437,76123,66.2083333333333,0.0050000000000000044,11.675,0,47,200
438,76323,46.95,0.05500000000000005,11.31,0,66,200
439,76523,56.46833333333329,0.015000000000000013,11.165,0,69,200
440,76723,60.61166666666674,0.030000000000000027,11.305,0,51,200
441,76923,45.740000000000016,0.08499999999999996,11.13,0,63,200
442,77123,65.01333333333342,0.0050000000000000044,11.27,0,53,200
443,77323,62.6533333333334,0.020000000000000018,11.18,0,56,200
444,77523,70.67000000000006,0.03500000000000003,10.41,0,45,200
445,77723,63.67000000000008,0.025000000000000022,11.1,0,50,200
446,77923,40.10166666666668,0.135,11.005,0,58,200
447,78123,49.95500000000006,0.08999999999999997,11.235,0,49,200
448,78323,55.81333333333337,0.040000000000000036,11.24,0,56,200
449,78523,68.7716666666667,0.0,11.395,0,46,200
450,78723,44.76333333333333,0.10999999999999999,10.73,0,62,200
451,78923,69.99666666666661,0.010000000000000009,10.81,0,51,200
452,79123,55.188333333333304,0.06000000000000005,11.225,0,56,200
453,79323,62.186666666666746,0.05500000000000005,11.08,0,46,200
454,79523,60.95166666666674,0.04500000000000004,11.305,0,46,200
455,79723,62.91333333333333,0.0050000000000000044,11.03,0,58,200
456,79923,45.27833333333332,0.040000000000000036,11.285,0,75,200
457,80123,47.73333333333336,0.07499999999999996,11.51,0,58,200
458,80323,63.730000000000025,0.010000000000000009,11.22,0,59,200
459,80523,59.79000000000003,0.030000000000000027,11.25,0,57,200
460,80723,62.40333333333342,0.015000000000000013,11.27,0,53,200
461,80923,64.29666666666671,0.0,11.32,0,60,200
462,81123,52.46000000000002,0.015000000000000013,11.16,0,72,200
463,81323,45.640000000000015,0.07999999999999996,11.04,0,64,200
464,81523,53.3566666666667,0.06000000000000005,11.26,0,55,200
465,81723,61.959999999999994,0.030000000000000027,11.04,0,54,200
466,81923,54.72333333333336,0.04500000000000004,11.24,0,59,200
467,82123,44.79000000000001,0.11499999999999999,11.31,0,54,200
468,82323,44.518333333333324,0.11499999999999999,11.465,0,48,200
469,82523,64.14833333333344,0.010000000000000009,10.625,0,58,200
470,82723,66.13000000000004,0.020000000000000018,11.1,0,47,200
471,82923,63.82333333333339,0.010000000000000009,11.3,0,54,200
472,83123,56.29833333333336,0.07499999999999996,11.255,0,44,200
473,83323,57.926666666666776,0.04500000000000004,11.35,0,49,200
474,83523,62.228333333333325,0.015000000000000013,11.105,0,60,200
475,83723,70.46166666666662,0.0,11.125,0,51,200
476,83923,46.9166666666667,0.10499999999999998,10.69,0,62,200
477,84123,62.218333333333355,0.015000000000000013,11.105,0,61,200
478,84323,69.38,0.0050000000000000044,11.07,0,53,200
479,84523,44.41333333333345,0.08999999999999997,10.88,0,62,200
480,84723,62.800000000000026,0.0050000000000000044,11.01,0,62,200
481,84923,59.51500000000008,0.06999999999999995,11.205,0,44,200
482,85123,57.233333333333306,0.07499999999999996,10.73,0,55,200
483,85323,70.31000000000004,0.020000000000000018,11.34,0,39,200
484,85523,60.85833333333338,0.010000000000000009,11.225,0,62,200
485,85723,46.55666666666665,0.08499999999999996,11.08,0,64,200
486,85923,45.740000000000016,0.17000000000000004,10.8,0,40,200
487,86123,58.85166666666663,0.05500000000000005,11.245,0,48,200
488,86323,65.16499999999999,0.040000000000000036,10.905,0,47,200
489,86523,56.79666666666669,0.04500000000000004,10.99,0,59,200
490,86723,65.12666666666672,0.0050000000000000044,11.41,0,52,200
491,86923,55.64833333333336,0.05500000000000005,11.135,0,58,200
492,87123,62.99833333333339,0.0,11.345,0,56,200
493,87323,44.103333333333346,0.135,10.58,0,56,200
494,87523,53.113333333333394,0.07999999999999996,11.27,0,49,200
495,87723,69.43499999999999,0.010000000000000009,11.205,0,49,200
496,87923,56.61500000000004,0.07999999999999996,10.815,0,51,200
497,88123,35.58499999999998,0.11499999999999999,11.145,0,69,200
498,88323,49.93166666666665,0.10499999999999998,10.765,0,53,200
499,88523,57.7866666666667,0.03500000000000003,11.08,0,57,200
500,88723,61.000000000000014,0.07999999999999996,11.34,0,36,200
501,88923,63.45833333333337,0.040000000000000036,11.285,0,44,200
502,89123,28.389999999999997,0.255,10.14,0,48,200
503,89323,63.213333333333324,0.03500000000000003,11.15,0,51,200
504,89523,77.35333333333334,0.015000000000000013,10.79,0,38,200
505,89723,70.09166666666668,0.0,11.155,0,47,200
506,89923,76.71166666666667,0.0050000000000000044,11.245,0,36,200
507,90123,55.71833333333331,0.08999999999999997,10.535,0,51,200
508,90323,71.85333333333332,0.0050000000000000044,11.36,0,42,200
509,90523,68.39500000000005,0.0050000000000000044,11.385,0,50,200
510,90723,62.83333333333334,0.05500000000000005,10.85,0,49,200
511,90923,55.885,0.09999999999999998,11.205,0,40,200
512,91123,76.64999999999992,0.0,11.16,0,41,200
513,91323,65.14833333333338,0.030000000000000027,11.105,0,48,200
514,91523,63.45666666666667,0.03500000000000003,11.41,0,44,200
515,91723,64.75666666666673,0.025000000000000022,11.11,0,51,200
516,91923,65.63833333333336,0.0,11.405,0,53,200
517,92123,55.47333333333337,0.025000000000000022,11.24,0,62,200
518,92323,61.82999999999999,0.04500000000000004,11.46,0,44,200
519,92523,68.53500000000003,0.0,11.535,0,47,200
520,92723,70.05500000000006,0.0050000000000000044,11.475,0,46,200
521,92923,72.15499999999999,0.010000000000000009,11.325,0,43,200
522,93123,48.58166666666667,0.09499999999999997,11.035,0,56,200
523,93323,54.091666666666725,0.04500000000000004,10.975,0,64,200
524,93523,60.55166666666672,0.020000000000000018,11.065,0,59,200
525,93723,71.94999999999999,0.0,11.4,0,46,200
526,93923,58.26500000000003,0.050000000000000044,11.265,0,55,200
527,94123,66.59833333333336,0.0050000000000000044,11.135,0,55,200
528,94323,56.13500000000008,0.08999999999999997,9.735,0,61,200
529,94523,72.04666666666668,0.0,11.32,0,44,200
530,94723,42.93333333333338,0.09999999999999998,11.21,0,63,200
531,94923,68.4733333333334,0.040000000000000036,11.09,0,40,200
532,95123,64.97500000000001,0.010000000000000009,11.385,0,50,200
533,95323,56.238333333333365,0.06499999999999995,11.195,0,50,200
534,95523,61.69666666666673,0.07499999999999996,11.05,0,40,200
535,95723,12.974999999999996,0.33499999999999996,10.125,0,47,200
536,95923,38.11500000000002,0.15500000000000003,11.115,0,53,200
537,96123,49.81000000000003,0.06000000000000005,10.86,0,68,200
538,96323,68.14666666666669,0.0,11.38,0,51,200
539,96523,55.91166666666674,0.015000000000000013,11.305,0,65,200
540,96723,59.6116666666667,0.05500000000000005,11.125,0,51,200
541,96923,67.56166666666668,0.020000000000000018,10.975,0,53,200
542,97123,63.578333333333354,0.0050000000000000044,11.195,0,62,200
543,97323,77.42500000000008,0.010000000000000009,11.355,0,30,200
544,97523,58.41999999999999,0.04500000000000004,11.04,0,58,200
545,97723,60.4066666666667,0.015000000000000013,11.47,0,56,200
546,97923,70.8183333333333,0.0,11.495,0,46,200
547,98123,67.65166666666666,0.0050000000000000044,11.275,0,52,200
548,98323,64.42833333333333,0.0050000000000000044,11.375,0,55,200
549,98523,71.78833333333331,0.020000000000000018,11.255,0,38,200
550,98723,72.62166666666675,0.0,10.945,0,49,200
551,98923,69.3849999999999,0.0050000000000000044,11.325,0,49,200
552,99123,63.750000000000036,0.025000000000000022,11.19,0,49,200
553,99323,39.096666666666714,0.07999999999999996,10.87,0,79,200
554,99523,64.74833333333335,0.010000000000000009,11.315,0,53,200
555,99723,56.838333333333324,0.030000000000000027,11.315,0,63,200
556,99923,62.179999999999986,0.020000000000000018,11.37,0,54,200
557,100123,63.89999999999992,0.025000000000000022,11.46,0,50,200
558,100323,54.54833333333329,0.04500000000000004,10.955,0,64,200
559,100523,69.74000000000001,0.030000000000000027,11.07,0,45,200
560,100723,63.64500000000005,0.05500000000000005,11.175,0,42,200
561,100923,72.3533333333334,0.015000000000000013,11.3,0,44,200
562,101123,51.61833333333341,0.10999999999999999,10.265,0,58,200
563,101323,64.96000000000005,0.0050000000000000044,11.04,0,59,200
564,101523,67.17166666666668,0.0,11.455,0,50,200
565,101723,67.72499999999997,0.0050000000000000044,11.445,0,49,200
566,101923,54.01500000000007,0.09499999999999997,11.055,0,48,200
567,102123,51.930000000000014,0.06999999999999995,11.28,0,52,200
568,102323,62.33000000000004,0.06000000000000005,10.8,0,48,200
569,102523,54.64166666666669,0.06499999999999995,11.335,0,52,200
570,102723,62.62666666666672,0.0050000000000000044,11.14,0,62,200
571,102923,47.97333333333335,0.09499999999999997,10.85,0,61,200
572,103123,52.96500000000006,0.07499999999999996,11.055,0,55,200
573,103323,69.75999999999999,0.0,11.37,0,48,200
574,103523,73.31166666666674,0.040000000000000036,10.495,0,41,200
575,103723,69.13999999999994,0.0050000000000000044,11.34,0,49,200
576,103923,73.78833333333331,0.0,11.075,0,46,200
577,104123,66.63166666666673,0.05500000000000005,11.125,0,36,200
578,104323,49.06999999999996,0.09499999999999997,11.28,0,52,200
579,104523,63.85999999999989,0.050000000000000044,11.07,0,47,200
580,104723,70.05333333333328,0.010000000000000009,11.24,0,44,200
581,104923,73.50666666666669,0.0,11.26,0,46,200
582,105123,59.25333333333336,0.04500000000000004,11.21,0,55,200
583,105323,51.41833333333336,0.09999999999999998,11.345,0,47,200
584,105523,75.34666666666664,0.0,11.5,0,40,200
585,105723,75.55666666666663,0.010000000000000009,11.38,0,39,200
586,105923,69.3866666666667,0.0050000000000000044,11.47,0,48,200
587,106123,67.14333333333335,0.030000000000000027,11.33,0,44,200
588,106323,53.9066666666667,0.04500000000000004,11.11,0,63,200
589,106523,66.45166666666674,0.025000000000000022,10.885,0,51,200
590,106723,60.16333333333338,0.0050000000000000044,11.54,0,59,200
591,106923,72.18000000000006,0.015000000000000013,11.49,0,38,200
592,107123,74.09833333333336,0.0,11.165,0,45,200
593,107323,57.370000000000026,0.010000000000000009,11.25,0,68,200
594,107523,64.06833333333343,0.025000000000000022,11.315,0,51,200
595,107723,65.27999999999999,0.0,11.19,0,58,200
596,107923,60.389999999999986,0.06999999999999995,10.95,0,45,200
597,108123,64.84999999999997,0.025000000000000022,11.49,0,48,200
598,108323,67.77000000000002,0.020000000000000018,11.37,0,45,200
599,108523,59.68500000000006,0.050000000000000044,11.115,0,51,200
600,108723,67.90500000000003,0.0,11.295,0,52,200
601,108923,47.58999999999996,0.08999999999999997,11.31,0,55,200
602,109123,66.82833333333336,0.03500000000000003,11.105,0,46,200
603,109323,44.09500000000001,0.16000000000000003,11.025,0,43,200
604,109523,64.75833333333331,0.03500000000000003,11.135,0,47,200
605,109723,66.04666666666668,0.025000000000000022,11.29,0,47,200
606,109923,74.81166666666664,0.025000000000000022,11.515,0,31,200
607,110123,58.853333333333346,0.08999999999999997,10.76,0,44,200
608,110323,75.64833333333334,0.0050000000000000044,11.525,0,38,200
609,110523,62.324999999999996,0.030000000000000027,11.265,0,53,200
610,110723,65.1233333333333,0.03500000000000003,11.33,0,47,200
611,110923,68.52333333333328,0.010000000000000009,11.0,0,54,200
612,111123,68.1433333333333,0.030000000000000027,11.51,0,43,200
613,111323,70.67999999999995,0.04500000000000004,11.43,0,32,200
614,111523,63.11833333333343,0.04500000000000004,11.255,0,43,200
615,111723,67.55833333333335,0.030000000000000027,10.985,0,49,200
616,111923,67.96499999999999,0.04500000000000004,11.475,0,36,200
617,112123,73.30333333333338,0.0,11.18,0,45,200
618,112323,74.715,0.0050000000000000044,11.505,0,38,200
619,112523,45.765000000000036,0.09499999999999997,11.175,0,58,200
620,112723,64.65666666666668,0.03500000000000003,10.81,0,52,200
621,112923,52.96333333333339,0.06000000000000005,11.21,0,59,200
622,113123,64.88499999999999,0.0050000000000000044,11.505,0,56,200
623,113323,69.09166666666667,0.0,11.455,0,53,200
624,113523,63.27166666666668,0.050000000000000044,11.005,0,46,200
625,113723,63.416666666666714,0.025000000000000022,11.53,0,47,200
626,113923,61.918333333333344,0.05500000000000005,11.135,0,48,200
627,114123,63.436666666666646,0.030000000000000027,11.5,0,46,200
628,114323,59.59000000000001,0.06000000000000005,10.98,0,52,200
629,114523,61.82166666666669,0.050000000000000044,11.005,0,52,200
630,114723,66.08499999999991,0.0,11.595,0,52,200
631,114923,66.4266666666667,0.0050000000000000044,11.38,0,53,200
632,115123,57.22166666666668,0.06999999999999995,11.395,0,45,200
633,115323,66.76833333333336,0.0050000000000000044,11.075,0,57,200
634,115523,61.78000000000002,0.03500000000000003,11.31,0,50,200
635,115723,71.06833333333333,0.03500000000000003,11.555,0,35,200
636,115923,46.03166666666671,0.14,11.155,0,40,200
637,116123,54.6866666666667,0.05500000000000005,11.53,0,52,200
638,116323,38.84499999999999,0.14,11.565,0,47,200
639,116523,65.55166666666673,0.05500000000000005,10.915,0,44,200
640,116723,64.0083333333334,0.030000000000000027,10.805,0,56,200
641,116923,63.804999999999964,0.015000000000000013,11.295,0,55,200
642,117123,73.39833333333335,0.0050000000000000044,11.645,0,38,200
643,117323,71.22999999999999,0.040000000000000036,10.98,0,38,200
644,117523,57.79833333333335,0.08999999999999997,10.475,0,51,200
645,117723,71.62499999999997,0.015000000000000013,11.055,0,45,200
646,117923,50.45666666666668,0.07999999999999996,11.38,0,53,200
647,118123,51.595000000000034,0.06499999999999995,11.415,0,54,200
648,118323,69.74333333333337,0.0050000000000000044,11.57,0,43,200
649,118523,74.42666666666663,0.0,11.41,0,40,200
650,118723,75.99333333333341,0.0,11.42,0,39,200
651,118923,73.53166666666661,0.010000000000000009,11.305,0,44,200
652,119123,59.363333333333394,0.03500000000000003,11.03,0,64,200
653,119323,41.715,0.14,11.295,0,53,200
654,119523,71.62166666666664,0.015000000000000013,11.515,0,41,200
655,119723,39.34333333333334,0.13,11.48,0,55,200
656,119923,58.220000000000105,0.07499999999999996,11.49,0,40,200
657,120123,69.50333333333337,0.020000000000000018,11.3,0,46,200
658,120323,47.576666666666775,0.09999999999999998,11.26,0,54,200
659,120523,75.38833333333332,0.0,11.495,0,41,200
660,120723,72.01999999999997,0.0050000000000000044,11.7,0,38,200
661,120923,60.44500000000004,0.050000000000000044,11.505,0,44,200
662,121123,74.665,0.020000000000000018,11.385,0,35,200
663,121323,68.62833333333339,0.010000000000000009,11.525,0,44,200
664,121523,73.4033333333333,0.0,11.6,0,39,200
665,121723,61.263333333333385,0.030000000000000027,11.27,0,54,200
666,121923,70.73333333333338,0.0,11.48,0,45,200
667,122123,51.20833333333339,0.09499999999999997,11.015,0,54,200
668,122323,70.75333333333336,0.0,11.39,0,48,200
669,122523,70.65166666666666,0.015000000000000013,11.425,0,41,200
670,122723,67.47833333333328,0.030000000000000027,11.435,0,41,200
671,122923,75.00833333333327,0.0,11.375,0,39,200
672,123123,73.97499999999998,0.0,11.265,0,43,200
673,123323,77.01000000000005,0.0,11.28,0,40,200
674,123523,67.51333333333335,0.03500000000000003,11.51,0,41,200
675,123723,51.820000000000086,0.08499999999999996,10.95,0,54,200
676,123923,61.60833333333332,0.025000000000000022,11.255,0,57,200
677,124123,75.6733333333333,0.010000000000000009,11.24,0,40,200
678,124323,69.07999999999996,0.025000000000000022,11.25,0,44,200
679,124523,58.74000000000001,0.07999999999999996,10.8,0,47,200
680,124723,72.05499999999998,0.05500000000000005,10.965,0,36,200
681,124923,76.59499999999997,0.010000000000000009,11.355,0,37,200
682,125123,73.57166666666666,0.010000000000000009,11.395,0,42,200
683,125323,71.07166666666667,0.0,11.425,0,49,200
684,125523,79.36333333333333,0.0050000000000000044,11.48,0,31,200
685,125723,74.04333333333327,0.015000000000000013,11.36,0,39,200
686,125923,67.23333333333326,0.040000000000000036,11.33,0,42,200
687,126123,45.60333333333334,0.11499999999999999,11.36,0,49,200
688,126323,68.93833333333332,0.020000000000000018,11.225,0,47,200
689,126523,71.08666666666666,0.020000000000000018,11.23,0,45,200
690,126723,66.58333333333331,0.06000000000000005,11.3,0,37,200
691,126923,74.8133333333333,0.0,11.48,0,43,200
692,127123,67.24499999999998,0.015000000000000013,11.355,0,53,200
693,127323,46.845000000000006,0.135,10.905,0,51,200
694,127523,82.27333333333331,0.0,11.36,0,32,200
695,127723,79.39999999999993,0.015000000000000013,11.19,0,33,200
696,127923,72.06000000000002,0.03500000000000003,11.1,0,37,200
697,128123,68.58166666666666,0.020000000000000018,11.245,0,46,200
698,128323,52.17000000000004,0.15000000000000002,10.74,0,36,200
699,128523,80.0466666666666,0.010000000000000009,11.35,0,30,200
700,128723,61.7466666666667,0.050000000000000044,11.32,0,46,200
701,128923,82.60333333333332,0.0,11.48,0,25,200
702,129123,62.4683333333333,0.05500000000000005,11.615,0,41,200
703,129323,64.595,0.050000000000000044,11.505,0,39,200
704,129523,71.93833333333333,0.010000000000000009,11.315,0,45,200
705,129723,70.47833333333325,0.0050000000000000044,11.285,0,50,200
706,129923,68.99333333333328,0.020000000000000018,10.91,0,54,200
707,130123,80.0116666666667,0.0,11.545,0,33,200
708,130323,76.84666666666668,0.0,11.53,0,34,200
709,130523,73.93500000000002,0.010000000000000009,11.295,0,39,200
710,130723,48.31666666666672,0.12,10.9,0,54,200
711,130923,73.56,0.0,11.43,0,41,200
712,131123,76.07666666666671,0.0050000000000000044,11.23,0,42,200
713,131323,75.43000000000002,0.010000000000000009,11.04,0,43,200
714,131523,68.95666666666668,0.030000000000000027,11.38,0,38,200
715,131723,75.35333333333325,0.0,10.94,0,47,200
716,131923,84.04333333333335,0.0,11.45,0,27,200
717,132123,73.82333333333328,0.0,11.33,0,43,200
718,132323,70.33500000000002,0.0050000000000000044,11.355,0,47,200
719,132523,70.24833333333339,0.05500000000000005,11.195,0,32,200
720,132723,66.75833333333328,0.05500000000000005,11.495,0,34,200
721,132923,48.65666666666666,0.12,11.38,0,44,200
722,133123,74.64666666666669,0.015000000000000013,11.32,0,36,200
723,133323,72.78333333333327,0.010000000000000009,11.42,0,41,200
724,133523,61.44000000000004,0.06999999999999995,11.04,0,44,200
725,133723,78.98833333333336,0.015000000000000013,11.165,0,34,200
726,133923,72.84833333333331,0.010000000000000009,10.955,0,45,200
727,134123,61.60666666666666,0.04500000000000004,11.26,0,49,200
728,134323,67.4266666666666,0.010000000000000009,11.41,0,49,200
729,134523,81.49499999999998,0.0,11.325,0,30,200
730,134723,72.3383333333334,0.015000000000000013,11.525,0,39,200
731,134923,74.21499999999997,0.0050000000000000044,11.445,0,40,200
732,135123,65.78333333333337,0.04500000000000004,10.94,0,47,200
733,135323,49.5333333333334,0.14,11.15,0,39,200
734,135523,80.57499999999996,0.0,11.295,0,34,200
735,135723,65.52666666666676,0.030000000000000027,11.41,0,44,200
736,135923,72.84999999999997,0.0050000000000000044,11.28,0,46,200
737,136123,72.51499999999999,0.015000000000000013,11.205,0,41,200
738,136323,79.56999999999992,0.0050000000000000044,11.22,0,34,200
739,136523,58.99666666666671,0.06000000000000005,11.35,0,47,200
740,136723,67.38999999999994,0.04500000000000004,11.34,0,38,200
741,136923,62.7,0.06000000000000005,11.16,0,41,200
742,137123,70.04000000000005,0.040000000000000036,11.37,0,36,200
743,137323,71.57666666666665,0.010000000000000009,11.32,0,43,200
744,137523,70.80500000000006,0.020000000000000018,11.265,0,46,200
745,137723,66.46499999999999,0.010000000000000009,11.295,0,53,200
746,137923,81.3416666666667,0.0,11.365,0,31,200
747,138123,68.78500000000005,0.025000000000000022,10.935,0,48,200
748,138323,79.89000000000001,0.025000000000000022,11.4,0,24,200
749,138523,60.326666666666775,0.08499999999999996,11.5,0,33,200
750,138723,77.78,0.010000000000000009,11.13,0,34,200
751,138923,74.67,0.0050000000000000044,11.07,0,42,200
752,139123,71.58333333333327,0.06499999999999995,11.0,0,32,200
753,139323,45.975000000000016,0.14,10.725,0,51,200
754,139523,69.97000000000003,0.015000000000000013,11.16,0,47,200
755,139723,71.605,0.0050000000000000044,11.055,0,49,200
756,139923,67.8433333333333,0.06000000000000005,11.18,0,38,200
757,140123,71.15999999999995,0.030000000000000027,11.16,0,40,200
758,140323,76.12166666666668,0.015000000000000013,11.335,0,33,200
759,140523,78.35833333333329,0.0050000000000000044,10.925,0,40,200
760,140723,69.52666666666667,0.050000000000000044,11.41,0,34,200
761,140923,57.56833333333327,0.06499999999999995,11.105,0,50,200
762,141123,69.51833333333326,0.050000000000000044,10.775,0,41,200
763,141323,72.76666666666668,0.025000000000000022,10.9,0,43,200
764,141523,68.54333333333332,0.05500000000000005,11.27,0,34,200
765,141723,78.19833333333332,0.015000000000000013,11.075,0,35,200
766,141923,79.20166666666661,0.010000000000000009,11.275,0,34,200
767,142123,82.86000000000003,0.0,11.4,0,29,200
768,142323,75.89666666666663,0.0050000000000000044,11.44,0,36,200
769,142523,85.80666666666666,0.0050000000000000044,11.35,0,20,200
770,142723,65.61500000000001,0.08499999999999996,11.535,0,26,200
771,142923,88.26833333333337,0.025000000000000022,10.805,0,20,200
772,143123,81.15166666666664,0.015000000000000013,11.365,0,28,200
773,143323,81.3883333333333,0.010000000000000009,11.165,0,32,200
774,143523,68.24666666666671,0.025000000000000022,11.23,0,42,200
775,143723,72.99666666666664,0.05500000000000005,11.2,0,30,200
776,143923,78.73499999999996,0.025000000000000022,10.875,0,34,200
777,144123,78.63333333333333,0.025000000000000022,11.09,0,32,200
778,144323,75.24666666666673,0.0,10.99,0,44,200
779,144523,71.35666666666661,0.025000000000000022,10.96,0,44,200
780,144723,75.73333333333335,0.050000000000000044,11.12,0,28,200
781,144923,69.77999999999999,0.050000000000000044,11.13,0,34,200
782,145123,78.91833333333321,0.025000000000000022,10.775,0,35,200
783,145323,74.45166666666664,0.04500000000000004,11.245,0,28,200
784,145523,80.57999999999998,0.0,11.25,0,31,200
785,145723,76.39166666666674,0.020000000000000018,11.395,0,30,200
786,145923,68.50666666666666,0.03500000000000003,11.11,0,44,200
787,146123,76.61166666666666,0.015000000000000013,11.065,0,38,200
788,146323,78.93333333333332,0.0,11.3,0,36,200
789,146523,75.88666666666666,0.010000000000000009,11.35,0,36,200
790,146723,71.33499999999994,0.015000000000000013,10.905,0,48,200
791,146923,75.78000000000002,0.03500000000000003,11.28,0,31,200
792,147123,79.88666666666666,0.025000000000000022,11.26,0,26,200
793,147323,72.47833333333331,0.04500000000000004,11.045,0,36,200
794,147523,72.41166666666665,0.05500000000000005,11.155,0,32,200
795,147723,71.81499999999998,0.020000000000000018,11.325,0,38,200
796,147923,85.8933333333333,0.0050000000000000044,11.12,0,26,200
797,148123,84.15499999999997,0.0,11.205,0,30,200
798,148323,77.915,0.0050000000000000044,11.385,0,31,200
799,148523,86.50833333333331,0.0,11.435,0,22,200
800,148723,67.24833333333332,0.06000000000000005,10.925,0,39,200
801,148923,53.14499999999995,0.17000000000000004,11.295,0,26,200
802,149123,83.35666666666661,0.020000000000000018,10.87,0,31,200
803,149323,81.27833333333338,0.0,11.165,0,37,200
804,149523,72.51499999999996,0.07499999999999996,10.575,0,35,200
805,149723,65.61499999999997,0.06000000000000005,10.875,0,43,200
806,149923,73.56833333333334,0.04500000000000004,11.255,0,30,200
807,150123,79.72833333333335,0.020000000000000018,11.345,0,27,200
808,150323,72.28166666666652,0.040000000000000036,11.125,0,36,200
809,150523,71.82666666666667,0.05500000000000005,10.99,0,32,200
810,150723,68.48166666666667,0.05500000000000005,11.005,0,39,200
811,150923,66.17166666666667,0.06000000000000005,10.885,0,39,200
812,151123,81.65833333333329,0.0,10.985,0,36,200
813,151323,67.52333333333333,0.04500000000000004,11.06,0,42,200
814,151523,89.59666666666668,0.0,11.41,0,17,200
815,151723,54.56499999999996,0.08499999999999996,10.965,0,51,200
816,151923,55.26833333333332,0.10999999999999999,11.075,0,42,200
817,152123,76.45833333333326,0.0,11.075,0,42,200
818,152323,83.6266666666666,0.020000000000000018,11.11,0,27,200
819,152523,83.06333333333335,0.0050000000000000044,11.06,0,31,200
820,152723,81.0833333333333,0.0,10.97,0,40,200
821,152923,73.6033333333333,0.0,10.73,0,53,200
822,153123,65.95166666666664,0.030000000000000027,10.645,0,56,200
823,153323,74.1833333333333,0.010000000000000009,10.73,0,48,200
824,153523,68.1583333333333,0.040000000000000036,10.895,0,48,200
825,153723,76.055,0.010000000000000009,11.205,0,41,200
826,153923,74.83333333333333,0.030000000000000027,11.24,0,32,200
827,154123,66.82166666666669,0.05500000000000005,11.275,0,38,200
828,154323,61.419999999999995,0.06499999999999995,10.59,0,53,200
829,154523,57.97166666666666,0.09499999999999997,10.495,0,49,200
830,154723,56.57666666666663,0.09499999999999997,11.14,0,42,200
831,154923,65.75333333333332,0.06999999999999995,10.97,0,38,200
832,155123,75.39999999999996,0.020000000000000018,10.74,0,43,200
833,155323,79.83999999999999,0.0,10.89,0,43,200
834,155523,62.82666666666664,0.06499999999999995,10.96,0,47,200
835,155723,70.55499999999994,0.020000000000000018,10.965,0,49,200
836,155923,74.63166666666656,0.020000000000000018,10.765,0,47,200
837,156123,72.56166666666665,0.010000000000000009,10.975,0,49,200
838,156323,53.439999999999976,0.13,11.01,0,41,200
839,156523,70.94833333333332,0.015000000000000013,10.805,0,51,200
840,156723,75.51499999999992,0.025000000000000022,10.815,0,43,200
841,156923,62.95499999999991,0.08499999999999996,10.875,0,41,200
842,157123,69.53499999999997,0.05500000000000005,10.875,0,42,200
843,157323,74.96833333333328,0.0050000000000000044,10.685,0,50,200
844,157523,66.87333333333336,0.050000000000000044,10.82,0,48,200
845,157723,68.01999999999997,0.030000000000000027,10.86,0,52,200
846,157923,76.69333333333327,0.0,10.7,0,51,200
847,158123,55.766666666666694,0.10999999999999999,10.54,0,49,200
848,158323,82.685,0.0,10.815,0,39,200
849,158523,70.57333333333334,0.030000000000000027,10.73,0,51,200
850,158723,80.52166666666659,0.0050000000000000044,10.825,0,42,200
851,158923,76.4483333333333,0.010000000000000009,10.775,0,43,200
852,159123,70.05333333333336,0.04500000000000004,10.94,0,43,200
853,159323,61.43666666666662,0.04500000000000004,10.81,0,58,200
854,159523,44.06999999999999,0.14500000000000002,11.07,0,51,200
855,159723,77.31999999999994,0.020000000000000018,10.95,0,36,200
856,159923,84.01833333333325,0.0050000000000000044,11.105,0,31,200
857,160123,76.05333333333328,0.025000000000000022,10.76,0,43,200
858,160323,68.14499999999994,0.020000000000000018,10.815,0,54,200
859,160523,79.78999999999994,0.010000000000000009,10.89,0,41,200
860,160723,77.08833333333325,0.03500000000000003,10.925,0,35,200
861,160923,85.28833333333318,0.0,10.895,0,35,200
862,161123,71.3533333333333,0.06499999999999995,10.88,0,34,200
863,161323,67.07999999999993,0.09999999999999998,10.11,0,42,200
864,161523,48.948333333333345,0.15000000000000002,10.775,0,45,200
865,161723,77.5083333333332,0.020000000000000018,11.075,0,35,200
866,161923,69.41500000000003,0.06000000000000005,11.175,0,36,200
867,162123,85.29166666666669,0.0,10.675,0,36,200
868,162323,68.42666666666666,0.04500000000000004,11.17,0,42,200
869,162523,72.98166666666665,0.0,11.005,0,48,200
870,162723,77.73499999999999,0.040000000000000036,10.935,0,32,200
871,162923,70.40999999999997,0.020000000000000018,10.89,0,50,200
872,163123,66.76999999999997,0.06499999999999995,10.23,0,50,200
873,163323,76.61999999999998,0.010000000000000009,10.86,0,44,200
874,163523,76.17500000000003,0.030000000000000027,10.935,0,36,200
875,163723,64.90999999999998,0.07499999999999996,10.89,0,40,200
876,163923,77.14499999999997,0.025000000000000022,10.695,0,38,200
877,164123,75.83666666666667,0.015000000000000013,10.72,0,45,200
878,164323,65.54999999999998,0.08499999999999996,10.53,0,41,200
879,164523,75.12666666666664,0.0,10.87,0,48,200
880,164723,66.22999999999993,0.06000000000000005,10.35,0,52,200
881,164923,73.5883333333333,0.025000000000000022,10.595,0,48,200
882,165123,72.37499999999994,0.010000000000000009,10.605,0,55,200
883,165323,50.17666666666664,0.14,10.78,0,46,200
884,165523,62.579999999999984,0.03500000000000003,10.71,0,62,200
885,165723,56.734999999999964,0.09999999999999998,10.785,0,47,200
886,165923,72.00499999999995,0.020000000000000018,10.785,0,50,200
887,166123,69.5783333333333,0.03500000000000003,10.475,0,53,200
888,166323,70.11333333333324,0.030000000000000027,10.4,0,53,200
889,166523,82.1633333333333,0.0050000000000000044,10.55,0,43,200
890,166723,74.065,0.025000000000000022,10.635,0,46,200
891,166923,75.15833333333337,0.030000000000000027,10.835,0,41,200
892,167123,66.38999999999996,0.04500000000000004,10.92,0,46,200
893,167323,80.10999999999997,0.015000000000000013,10.53,0,43,200
894,167523,76.0733333333333,0.03500000000000003,11.06,0,36,200
895,167723,67.65999999999997,0.06999999999999995,11.01,0,38,200
896,167923,79.44833333333328,0.010000000000000009,10.625,0,45,200
897,168123,60.331666666666635,0.09999999999999998,11.185,0,36,200
898,168323,68.07166666666663,0.09499999999999997,10.735,0,35,200
899,168523,78.3483333333333,0.025000000000000022,10.955,0,35,200
900,168723,75.16999999999989,0.0050000000000000044,10.83,0,49,200
901,168923,79.96333333333337,0.0,10.52,0,46,200
902,169123,77.88833333333328,0.015000000000000013,10.775,0,39,200
903,169323,82.90833333333335,0.020000000000000018,10.955,0,29,200
904,169523,82.27333333333328,0.010000000000000009,10.64,0,38,200
905,169723,71.44999999999995,0.0,10.83,0,54,200
906,169923,52.17499999999999,0.12,10.545,0,54,200
907,170123,65.91499999999999,0.04500000000000004,10.875,0,49,200
908,170323,57.70666666666661,0.04500000000000004,10.6,0,68,200
909,170523,62.224999999999966,0.09999999999999998,10.665,0,43,200
910,170723,69.94833333333325,0.03500000000000003,10.685,0,51,200
911,170923,75.17666666666662,0.015000000000000013,10.75,0,47,200
912,171123,75.2866666666667,0.03500000000000003,10.84,0,38,200
913,171323,59.29333333333325,0.09499999999999997,10.67,0,47,200
914,171523,59.04166666666663,0.10499999999999998,10.885,0,43,200
915,171723,69.28833333333328,0.040000000000000036,10.805,0,48,200
916,171923,2.853333333333346,0.36,10.85,0,48,200
917,172123,79.40833333333332,0.0,10.745,0,45,200
918,172323,78.60666666666663,0.0050000000000000044,10.84,0,42,200
919,172523,76.53833333333331,0.0,10.745,0,49,200
920,172723,58.0983333333333,0.08499999999999996,10.835,0,53,200
921,172923,71.78999999999994,0.020000000000000018,10.83,0,49,200
922,173123,73.77833333333331,0.04500000000000004,10.595,0,43,200
923,173323,73.34166666666661,0.030000000000000027,10.795,0,43,200
924,173523,79.8116666666666,0.030000000000000027,10.885,0,34,200
925,173723,68.0766666666666,0.08999999999999997,10.78,0,34,200
926,173923,72.7149999999999,0.015000000000000013,10.935,0,48,200
927,174123,78.2516666666666,0.0050000000000000044,10.855,0,44,200
928,174323,76.6899999999999,0.010000000000000009,10.74,0,48,200
929,174523,70.27833333333331,0.010000000000000009,10.595,0,58,200
930,174723,73.2216666666666,0.05500000000000005,10.675,0,36,200
931,174923,78.19333333333316,0.030000000000000027,10.91,0,38,200
932,175123,86.15333333333334,0.0,10.82,0,34,200
933,175323,79.21833333333336,0.0050000000000000044,10.655,0,47,200
934,175523,79.45166666666668,0.0,10.885,0,45,200
935,175723,80.91499999999996,0.0050000000000000044,10.635,0,43,200
936,175923,77.49833333333328,0.020000000000000018,10.775,0,41,200
937,176123,77.34666666666661,0.030000000000000027,10.57,0,43,200
938,176323,80.51833333333329,0.030000000000000027,10.685,0,36,200
939,176523,83.22833333333337,0.0,10.745,0,39,200
940,176723,80.46333333333331,0.010000000000000009,10.73,0,43,200
941,176923,77.70999999999995,0.020000000000000018,10.8,0,41,200
942,177123,85.14333333333326,0.0,10.91,0,33,200
943,177323,63.70499999999997,0.07999999999999996,10.785,0,42,200
944,177523,83.34500000000003,0.0,10.845,0,37,200
945,177723,79.78166666666655,0.0,10.645,0,45,200
946,177923,61.463333333333274,0.09999999999999998,10.91,0,39,200
947,178123,72.48166666666663,0.050000000000000044,10.765,0,39,200
948,178323,78.18166666666663,0.010000000000000009,10.735,0,44,200
949,178523,67.32000000000005,0.08499999999999996,10.95,0,34,200
950,178723,83.76333333333329,0.0050000000000000044,10.73,0,36,200
951,178923,76.34833333333333,0.0050000000000000044,10.685,0,46,200
952,179123,77.68833333333333,0.03500000000000003,10.715,0,36,200
953,179323,79.05833333333328,0.010000000000000009,10.745,0,40,200
954,179523,73.22666666666666,0.05500000000000005,10.6,0,38,200
955,179723,84.03999999999994,0.0050000000000000044,10.92,0,35,200
956,179923,70.96833333333325,0.03500000000000003,10.595,0,48,200
957,180123,86.55499999999994,0.0,10.845,0,32,200
958,180323,75.92666666666655,0.040000000000000036,10.9,0,36,200
959,180523,73.46833333333325,0.07999999999999996,10.775,0,29,200
960,180723,75.44499999999992,0.015000000000000013,10.905,0,43,200
961,180923,79.87666666666662,0.020000000000000018,10.84,0,39,200
962,181123,76.59166666666673,0.025000000000000022,10.915,0,40,200
963,181323,85.75499999999998,0.0,10.725,0,37,200
964,181523,76.62333333333324,0.020000000000000018,10.61,0,44,200
965,181723,76.37666666666664,0.050000000000000044,10.33,0,40,200
966,181923,78.68833333333325,0.0,10.775,0,43,200
967,182123,74.75833333333324,0.015000000000000013,10.805,0,47,200
968,182323,78.24166666666663,0.030000000000000027,10.645,0,39,200
969,182523,69.82999999999994,0.06499999999999995,10.74,0,41,200
970,182723,60.75166666666666,0.12,10.375,0,39,200
971,182923,78.11333333333337,0.03500000000000003,10.91,0,32,200
972,183123,74.20999999999997,0.025000000000000022,10.98,0,44,200
973,183323,84.22166666666674,0.010000000000000009,10.885,0,31,200
974,183523,75.70500000000001,0.06999999999999995,10.515,0,30,200
975,183723,80.43166666666657,0.030000000000000027,10.915,0,31,200
976,183923,71.50999999999989,0.040000000000000036,10.83,0,44,200
977,184123,60.80333333333326,0.07999999999999996,10.82,0,48,200
978,184323,58.6849999999999,0.125,10.755,0,39,200
979,184523,68.31333333333332,0.06999999999999995,10.61,0,44,200
980,184723,79.90833333333335,0.010000000000000009,10.715,0,41,200
981,184923,82.24333333333328,0.0,10.85,0,40,200
982,185123,79.16333333333331,0.0050000000000000044,10.46,0,50,200
983,185323,73.3383333333333,0.03500000000000003,10.625,0,46,200
984,185523,73.09499999999996,0.0,10.695,0,59,200
985,185723,85.14166666666655,0.0050000000000000044,10.705,0,36,200
986,185923,68.20999999999994,0.10499999999999998,10.8,0,27,200
987,186123,80.62166666666661,0.015000000000000013,10.675,0,39,200
988,186323,65.33833333333334,0.08999999999999997,10.835,0,37,200
989,186523,64.30833333333325,0.10499999999999998,10.085,0,45,200
990,186723,85.48666666666662,0.0,10.84,0,35,200
991,186923,73.18666666666655,0.06999999999999995,10.99,0,29,200
992,187123,76.15999999999995,0.040000000000000036,10.86,0,33,200
993,187323,75.90499999999996,0.0,10.695,0,48,200
994,187523,81.88833333333326,0.0050000000000000044,11.075,0,34,200
995,187723,76.02999999999993,0.0050000000000000044,10.92,0,48,200
996,187923,84.2,0.0050000000000000044,11.07,0,32,200
997,188123,80.77333333333328,0.0,10.76,0,43,200
998,188323,77.58166666666668,0.025000000000000022,10.645,0,41,200
999,188523,79.69833333333328,0.010000000000000009,10.715,0,41,200
1000,188723,70.95999999999997,0.040000000000000036,10.65,0,46,200
1001,188923,74.53333333333329,0.03500000000000003,10.73,0,43,200
1002,189123,74.46499999999989,0.040000000000000036,10.635,0,44,200
1003,189323,78.01499999999989,0.0050000000000000044,10.725,0,47,200
1004,189523,80.57999999999994,0.020000000000000018,10.77,0,38,200
1005,189723,80.03166666666658,0.040000000000000036,10.585,0,32,200
1006,189923,78.31999999999992,0.015000000000000013,10.62,0,45,200
1007,190123,77.89166666666667,0.025000000000000022,10.675,0,43,200
1008,190323,76.04499999999994,0.015000000000000013,10.665,0,45,200
1009,190523,72.88999999999992,0.050000000000000044,10.86,0,39,200
1010,190723,81.5866666666666,0.0,10.63,0,44,200
1011,190923,76.27000000000005,0.025000000000000022,10.86,0,40,200
1012,191123,75.23666666666658,0.04500000000000004,10.72,0,36,200
1013,191323,73.56999999999998,0.06499999999999995,10.35,0,40,200
1014,191523,79.4483333333333,0.0,10.655,0,47,200
1015,191723,86.00999999999999,0.015000000000000013,11.07,0,25,200
1016,191923,78.84666666666664,0.030000000000000027,10.87,0,33,200
1017,192123,83.09499999999993,0.010000000000000009,10.875,0,36,200
1018,192323,80.99500000000002,0.010000000000000009,10.905,0,36,200
1019,192523,71.49499999999995,0.06000000000000005,10.845,0,35,200
1020,192723,82.41166666666675,0.0,10.645,0,42,200
1021,192923,83.8533333333333,0.0,10.79,0,38,200
1022,193123,62.01166666666657,0.10999999999999999,10.765,0,39,200
1023,193323,84.43166666666663,0.0,10.885,0,37,200
1024,193523,77.03666666666666,0.04500000000000004,11.08,0,29,200
1025,193723,79.67166666666662,0.015000000000000013,11.035,0,33,200
1026,193923,75.21333333333331,0.020000000000000018,10.67,0,46,200
1027,194123,78.03166666666664,0.015000000000000013,10.885,0,40,200
1028,194323,77.20999999999981,0.040000000000000036,10.92,0,32,200
1029,194523,83.52833333333328,0.0,10.955,0,36,200
1030,194723,68.88166666666659,0.06999999999999995,10.885,0,39,200
1031,194923,66.09999999999992,0.09999999999999998,10.83,0,34,200
1032,195123,79.61499999999995,0.0050000000000000044,10.545,0,47,200
1033,195323,76.4583333333333,0.015000000000000013,10.805,0,44,200
1034,195523,78.75999999999998,0.020000000000000018,10.8,0,39,200
1035,195723,77.55333333333331,0.010000000000000009,10.76,0,48,200
1036,195923,88.20166666666672,0.0050000000000000044,10.855,0,29,200
1037,196123,71.90666666666661,0.06499999999999995,10.63,0,39,200
1038,196323,70.55833333333332,0.050000000000000044,10.865,0,43,200
1039,196523,67.5083333333333,0.06499999999999995,10.805,0,41,200
1040,196723,78.72666666666665,0.0,10.69,0,46,200
1041,196923,69.49999999999994,0.040000000000000036,10.89,0,45,200
1042,197123,74.77666666666661,0.010000000000000009,10.75,0,48,200
1043,197323,83.05333333333334,0.010000000000000009,10.55,0,40,200
1044,197523,70.22333333333327,0.07999999999999996,10.76,0,37,200
1045,197723,55.73166666666662,0.12,10.465,0,47,200
1046,197923,76.445,0.07499999999999996,10.665,0,28,200
1047,198123,86.34666666666675,0.0,11.08,0,30,200
1048,198323,78.89666666666665,0.0,10.75,0,47,200
1049,198523,76.94499999999994,0.04500000000000004,10.575,0,36,200
1050,198723,78.27166666666658,0.015000000000000013,10.525,0,43,200
1051,198923,73.0033333333333,0.03500000000000003,10.76,0,45,200
1052,199123,85.28499999999987,0.0,10.845,0,35,200
1053,199323,84.87166666666666,0.010000000000000009,10.915,0,30,200
1054,199523,84.85333333333324,0.0,10.76,0,38,200
1055,199723,83.33666666666667,0.0,10.84,0,37,200
1056,199923,87.55333333333328,0.0050000000000000044,10.97,0,28,200
1057,200123,84.46833333333323,0.0,11.015,0,33,200
1058,200323,79.99166666666656,0.030000000000000027,10.855,0,31,200
1059,200523,73.0683333333333,0.040000000000000036,11.015,0,37,200
1060,200723,75.02666666666663,0.07999999999999996,11.11,0,20,200
1061,200923,68.41333333333324,0.030000000000000027,11.03,0,49,200
1062,201123,73.13666666666661,0.030000000000000027,11.08,0,39,200
1063,201323,83.4116666666665,0.010000000000000009,10.675,0,36,200
1064,201523,73.84833333333331,0.040000000000000036,10.895,0,38,200
1065,201723,80.45833333333334,0.020000000000000018,10.685,0,37,200
1066,201923,76.84499999999994,0.030000000000000027,10.635,0,45,200
1067,202123,60.103333333333296,0.09499999999999997,10.88,0,43,200
1068,202323,79.9016666666666,0.020000000000000018,10.495,0,43,200
1069,202523,71.09833333333331,0.07999999999999996,10.775,0,32,200
1070,202723,77.37333333333332,0.040000000000000036,10.79,0,34,200
1071,202923,70.80166666666663,0.06000000000000005,10.795,0,38,200
1072,203123,80.99833333333328,0.0050000000000000044,10.715,0,40,200
1073,203323,87.57666666666667,0.0,10.63,0,32,200
1074,203523,69.2566666666666,0.05500000000000005,10.45,0,44,200
1075,203723,85.47499999999997,0.0,10.515,0,39,200
1076,203923,83.15333333333331,0.025000000000000022,10.82,0,28,200
1077,204123,79.23499999999994,0.0,10.665,0,46,200
1078,204323,77.22833333333327,0.025000000000000022,10.745,0,42,200
1079,204523,77.88666666666666,0.015000000000000013,10.63,0,45,200
1080,204723,82.04833333333319,0.0050000000000000044,10.775,0,41,200
1081,204923,82.18333333333325,0.0,10.79,0,41,200
1082,205123,86.20833333333336,0.0,10.625,0,37,200
1083,205323,77.81499999999993,0.015000000000000013,10.755,0,42,200
1084,205523,64.7966666666666,0.07499999999999996,10.6,0,46,200
1085,205723,83.82499999999999,0.025000000000000022,10.755,0,31,200
1086,205923,72.49833333333336,0.050000000000000044,10.715,0,40,200
1087,206123,74.34999999999997,0.07999999999999996,10.65,0,30,200
1088,206323,61.876666666666594,0.10499999999999998,10.72,0,38,200
1089,206523,80.58333333333329,0.06000000000000005,10.67,0,26,200
1090,206723,81.23166666666667,0.010000000000000009,10.705,0,41,200
1091,206923,78.6133333333333,0.0,10.82,0,47,200
1092,207123,79.36333333333324,0.0050000000000000044,10.73,0,45,200
1093,207323,73.72666666666653,0.020000000000000018,10.69,0,49,200
1094,207523,76.8566666666666,0.030000000000000027,10.69,0,41,200
1095,207723,70.5983333333333,0.06000000000000005,10.715,0,39,200
1096,207923,63.16833333333326,0.07999999999999996,10.925,0,42,200
1097,208123,73.08166666666668,0.040000000000000036,10.795,0,42,200
1098,208323,83.06166666666667,0.010000000000000009,10.465,0,40,200
1099,208523,82.63999999999999,0.015000000000000013,10.77,0,35,200
1100,208723,79.92333333333339,0.0050000000000000044,10.49,0,44,200
1101,208923,74.40333333333331,0.04500000000000004,10.55,0,38,200
1102,209123,91.0983333333335,0.0,10.865,0,24,200
1103,209323,82.22833333333332,0.030000000000000027,10.625,0,34,200
1104,209523,84.19166666666676,0.0,10.465,0,41,200
1105,209723,71.08333333333334,0.08999999999999997,10.49,0,33,200
1106,209923,65.39499999999995,0.09499999999999997,10.695,0,37,200
1107,210123,82.2433333333333,0.030000000000000027,10.97,0,25,200
1108,210323,65.28499999999998,0.09999999999999998,10.725,0,36,200
1109,210523,83.59333333333328,0.020000000000000018,11.0,0,28,200
1110,210723,63.49833333333324,0.050000000000000044,11.075,0,48,200
1111,210923,79.28333333333336,0.05500000000000005,11.0,0,26,200
1112,211123,91.35166666666673,0.0,10.795,0,26,200
1113,211323,78.73166666666665,0.020000000000000018,10.585,0,42,200
1114,211523,81.71333333333324,0.03500000000000003,10.64,0,30,200
1115,211723,77.98833333333339,0.020000000000000018,10.745,0,42,200
1116,211923,79.28666666666663,0.03500000000000003,10.72,0,33,200
1117,212123,82.66666666666667,0.0,10.75,0,41,200
1118,212323,74.22666666666659,0.050000000000000044,10.93,0,34,200
1119,212523,82.66833333333336,0.0,10.775,0,40,200
1120,212723,55.646666666666626,0.13,10.72,0,39,200
1121,212923,71.96666666666661,0.07499999999999996,10.75,0,32,200
1122,213123,78.52833333333338,0.030000000000000027,10.265,0,42,200
1123,213323,62.09499999999993,0.07499999999999996,10.695,0,47,200
1124,213523,69.44833333333342,0.07499999999999996,10.415,0,41,200
1125,213723,79.53333333333327,0.030000000000000027,10.73,0,35,200
1126,213923,83.20000000000002,0.03500000000000003,10.68,0,28,200
1127,214123,84.72333333333324,0.0050000000000000044,10.58,0,37,200
1128,214323,71.47833333333328,0.06000000000000005,10.865,0,37,200
1129,214523,80.11499999999994,0.030000000000000027,10.785,0,35,200
1130,214723,76.92166666666661,0.025000000000000022,10.525,0,45,200
1131,214923,74.54666666666668,0.03500000000000003,10.69,0,44,200
1132,215123,88.39499999999994,0.0050000000000000044,10.725,0,33,200
1133,215323,81.015,0.0,10.785,0,46,200
1134,215523,75.63333333333324,0.015000000000000013,10.67,0,51,200
1135,215723,88.57333333333332,0.010000000000000009,10.64,0,31,200
1136,215923,86.14166666666657,0.010000000000000009,10.825,0,32,200
1137,216123,83.70333333333326,0.0,10.79,0,39,200
1138,216323,75.22833333333323,0.03500000000000003,10.775,0,40,200
1139,216523,67.59833333333337,0.07499999999999996,10.685,0,42,200
1140,216723,68.32333333333327,0.08999999999999997,10.49,0,37,200
1141,216923,68.59166666666664,0.08999999999999997,10.675,0,36,200
1142,217123,76.64333333333336,0.015000000000000013,10.79,0,47,200
1143,217323,77.0949999999999,0.025000000000000022,10.875,0,42,200
1144,217523,87.83999999999993,0.0,10.74,0,32,200
1145,217723,69.56333333333329,0.05500000000000005,10.79,0,43,200
1146,217923,91.80499999999994,0.0,10.845,0,26,200
1147,218123,82.7516666666667,0.0,10.675,0,40,200
1148,218323,83.73166666666667,0.015000000000000013,10.705,0,33,200
1149,218523,79.5716666666666,0.040000000000000036,10.825,0,32,200
1150,218723,89.81166666666667,0.0050000000000000044,10.915,0,28,200
1151,218923,82.09499999999996,0.015000000000000013,10.815,0,37,200
1152,219123,81.40166666666661,0.0050000000000000044,10.885,0,40,200
1153,219323,85.47499999999998,0.020000000000000018,10.875,0,28,200
1154,219523,80.59833333333331,0.025000000000000022,10.865,0,36,200
1155,219723,87.285,0.015000000000000013,10.755,0,28,200
1156,219923,83.98333333333338,0.010000000000000009,10.88,0,33,200
1157,220123,79.12666666666664,0.025000000000000022,10.69,0,41,200
1158,220323,82.6216666666666,0.0,10.705,0,41,200
1159,220523,81.49333333333321,0.040000000000000036,10.94,0,28,200
1160,220723,72.69499999999994,0.07499999999999996,10.395,0,37,200
1161,220923,70.2783333333333,0.08999999999999997,10.715,0,31,200
1162,221123,85.78166666666662,0.0,10.735,0,36,200
1163,221323,82.39833333333333,0.0,10.805,0,42,200
1164,221523,85.81833333333313,0.0,10.805,0,34,200
1165,221723,78.03999999999996,0.0050000000000000044,10.56,0,50,200
1166,221923,73.37499999999991,0.05500000000000005,10.725,0,38,200
1167,222123,86.35666666666661,0.0,10.75,0,36,200
1168,222323,77.86499999999991,0.03500000000000003,10.875,0,35,200
1169,222523,73.71499999999999,0.04500000000000004,10.905,0,35,200
1170,222723,83.1599999999999,0.0050000000000000044,10.74,0,36,200
1171,222923,84.80666666666652,0.0050000000000000044,10.84,0,35,200
1172,223123,90.49833333333324,0.0050000000000000044,10.745,0,26,200
1173,223323,83.19499999999996,0.015000000000000013,10.875,0,34,200
1174,223523,83.65000000000003,0.0,10.89,0,37,200
1175,223723,73.09499999999997,0.08499999999999996,10.725,0,29,200
1176,223923,83.99666666666657,0.0,10.78,0,40,200
1177,224123,77.92666666666659,0.025000000000000022,10.81,0,41,200
1178,224323,76.71666666666661,0.0,10.78,0,48,200
1179,224523,75.79999999999994,0.06499999999999995,10.74,0,30,200
1180,224723,82.83999999999995,0.010000000000000009,10.8,0,35,200
1181,224923,72.32166666666663,0.05500000000000005,10.855,0,38,200
1182,225123,74.88333333333325,0.020000000000000018,10.88,0,44,200
1183,225323,88.51166666666673,0.0,10.495,0,36,200
1184,225523,85.98500000000003,0.0050000000000000044,10.845,0,34,200
1185,225723,83.18166666666664,0.025000000000000022,10.615,0,34,200
1186,225923,82.47499999999997,0.0050000000000000044,10.785,0,38,200
1187,226123,77.8616666666666,0.025000000000000022,10.735,0,42,200
1188,226323,75.51333333333334,0.05500000000000005,10.85,0,34,200
1189,226523,73.34666666666665,0.05500000000000005,10.66,0,38,200
1190,226723,87.80333333333333,0.0,10.76,0,33,200
1191,226923,80.4283333333333,0.020000000000000018,10.805,0,41,200
1192,227123,87.5916666666667,0.020000000000000018,10.555,0,29,200
1193,227323,82.65333333333331,0.010000000000000009,10.76,0,37,200
1194,227523,66.38833333333325,0.06499999999999995,10.895,0,44,200
1195,227723,62.89499999999994,0.13,10.965,0,27,200
1196,227923,71.63166666666665,0.06499999999999995,10.975,0,32,200
1197,228123,71.03166666666658,0.06000000000000005,10.855,0,38,200
1198,228323,80.4216666666666,0.03500000000000003,10.855,0,30,200
1199,228523,92.91499999999999,0.015000000000000013,10.875,0,19,200
1200,228723,87.16166666666665,0.015000000000000013,11.095,0,21,200
1201,228923,90.32333333333337,0.0,11.0,0,26,200
1202,229123,72.635,0.08499999999999996,11.145,0,21,200
1203,229323,84.11333333333333,0.015000000000000013,10.61,0,37,200
1204,229523,83.70166666666653,0.0050000000000000044,10.735,0,37,200
1205,229723,85.10666666666668,0.020000000000000018,10.84,0,28,200
1206,229923,71.73000000000002,0.07999999999999996,10.77,0,29,200
1207,230123,89.90166666666671,0.020000000000000018,10.765,0,23,200
1208,230323,84.57333333333335,0.025000000000000022,10.76,0,28,200
1209,230523,91.21666666666667,0.010000000000000009,10.96,0,20,200
1210,230723,85.40333333333328,0.0050000000000000044,10.73,0,35,200
1211,230923,81.47166666666656,0.010000000000000009,10.645,0,42,200
1212,231123,78.68999999999998,0.03500000000000003,10.83,0,33,200
1213,231323,68.11833333333327,0.09499999999999997,10.805,0,29,200
1214,231523,73.22499999999981,0.050000000000000044,10.605,0,41,200
1215,231723,80.55166666666669,0.040000000000000036,10.765,0,30,200
1216,231923,83.25833333333334,0.0050000000000000044,10.805,0,37,200
1217,232123,63.80333333333324,0.08499999999999996,10.79,0,44,200
1218,232323,81.15666666666665,0.040000000000000036,10.84,0,30,200
1219,232523,69.76333333333322,0.07999999999999996,10.73,0,37,200
1220,232723,75.96166666666663,0.025000000000000022,10.795,0,43,200
1221,232923,83.59833333333327,0.030000000000000027,10.895,0,28,200
1222,233123,89.98166666666665,0.0,10.885,0,28,200
1223,233323,78.32833333333329,0.05500000000000005,10.985,0,30,200
1224,233523,84.9833333333333,0.0,10.85,0,37,200
1225,233723,83.35666666666664,0.03500000000000003,10.78,0,29,200
1226,233923,81.50333333333336,0.025000000000000022,10.79,0,33,200
1227,234123,76.53666666666655,0.06499999999999995,10.87,0,26,200
1228,234323,71.1183333333333,0.06499999999999995,10.595,0,39,200
1229,234523,89.64000000000004,0.0,10.74,0,30,200
1230,234723,78.92166666666664,0.03500000000000003,10.825,0,37,200
1231,234923,79.58666666666672,0.025000000000000022,10.69,0,38,200
1232,235123,90.19499999999995,0.0,10.725,0,30,200
1233,235323,80.36333333333323,0.0,10.82,0,44,200
1234,235523,77.21666666666663,0.020000000000000018,10.84,0,41,200
1235,235723,76.16666666666666,0.050000000000000044,10.96,0,32,200
1236,235923,84.11666666666665,0.0050000000000000044,10.75,0,38,200
1237,236123,86.07999999999993,0.020000000000000018,10.8,0,30,200
1238,236323,76.95499999999994,0.050000000000000044,10.635,0,35,200
1239,236523,82.66833333333328,0.025000000000000022,10.895,0,31,200
1240,236723,65.57333333333325,0.13,10.7,0,30,200
1241,236923,83.56333333333325,0.0050000000000000044,10.67,0,39,200
1242,237123,77.3283333333333,0.050000000000000044,10.685,0,33,200
1243,237323,60.91166666666661,0.15000000000000002,10.705,0,27,200
1244,237523,80.77166666666662,0.010000000000000009,10.855,0,39,200
1245,237723,90.26999999999998,0.0050000000000000044,10.74,0,29,200
1246,237923,84.97333333333333,0.020000000000000018,10.85,0,30,200
1247,238123,85.70999999999995,0.010000000000000009,10.8,0,34,200
1248,238323,88.70166666666671,0.0,10.915,0,30,200
1249,238523,90.01999999999998,0.0,10.65,0,30,200
1250,238723,81.68666666666661,0.0,10.72,0,41,200
1251,238923,79.76666666666661,0.05500000000000005,10.78,0,27,200
1252,239123,82.83333333333333,0.03500000000000003,11.09,0,25,200
1253,239323,86.70333333333335,0.010000000000000009,10.82,0,33,200
1254,239523,81.895,0.020000000000000018,10.845,0,35,200
1255,239723,85.03833333333333,0.0,10.625,0,39,200
1256,239923,78.95500000000001,0.025000000000000022,10.785,0,39,200
1257,240123,74.06499999999993,0.06499999999999995,10.905,0,34,200
1258,240323,77.94166666666662,0.050000000000000044,10.765,0,33,200
1259,240523,85.27833333333328,0.0,10.685,0,40,200
1260,240723,91.63999999999999,0.0050000000000000044,10.74,0,28,200
1261,240923,89.80333333333328,0.0,10.79,0,31,200
1262,241123,78.06333333333339,0.06000000000000005,11.06,0,25,200
1263,241323,92.8033333333333,0.0,10.88,0,24,200
1264,241523,81.76166666666668,0.040000000000000036,10.795,0,29,200
1265,241723,80.51499999999999,0.030000000000000027,10.935,0,36,200
1266,241923,68.79666666666657,0.07499999999999996,10.57,0,41,200
1267,242123,86.39166666666665,0.025000000000000022,10.855,0,25,200
1268,242323,89.20499999999996,0.0050000000000000044,10.785,0,29,200
1269,242523,89.49833333333335,0.010000000000000009,10.895,0,25,200
1270,242723,74.71999999999998,0.07999999999999996,10.74,0,29,200
1271,242923,90.33000000000007,0.0,10.74,0,28,200
1272,243123,87.71666666666665,0.0050000000000000044,10.81,0,31,200
1273,243323,75.68333333333327,0.06000000000000005,10.91,0,30,200
1274,243523,79.64833333333331,0.020000000000000018,10.955,0,38,200
1275,243723,84.25333333333329,0.020000000000000018,10.67,0,34,200
1276,243923,59.00166666666664,0.13,10.915,0,34,200
1277,244123,86.28833333333327,0.010000000000000009,10.775,0,32,200
1278,244323,90.29666666666667,0.0,10.69,0,30,200
1279,244523,79.96833333333329,0.020000000000000018,10.805,0,41,200
1280,244723,86.02999999999994,0.0,10.8,0,34,200
1281,244923,82.59499999999997,0.03500000000000003,10.755,0,27,200
1282,245123,86.47333333333329,0.025000000000000022,10.76,0,27,200
1283,245323,77.54166666666671,0.030000000000000027,11.035,0,36,200
1284,245523,71.3683333333333,0.04500000000000004,10.865,0,43,200
1285,245723,72.71666666666663,0.07999999999999996,11.2,0,23,200
1286,245923,87.87666666666662,0.0,10.81,0,33,200
1287,246123,83.36333333333339,0.04500000000000004,10.85,0,25,200
1288,246323,87.99333333333331,0.0,10.64,0,34,200
1289,246523,81.28166666666661,0.015000000000000013,10.825,0,38,200
1290,246723,86.94499999999996,0.0050000000000000044,10.725,0,33,200
1291,246923,80.70166666666664,0.020000000000000018,10.825,0,37,200
1292,247123,85.30833333333327,0.015000000000000013,10.655,0,32,200
1293,247323,84.62333333333329,0.0050000000000000044,10.85,0,36,200
1294,247523,83.04333333333322,0.025000000000000022,10.58,0,36,200
1295,247723,88.83166666666662,0.0050000000000000044,10.855,0,27,200
1296,247923,70.61833333333335,0.06999999999999995,10.835,0,36,200
1297,248123,80.18666666666667,0.030000000000000027,10.96,0,33,200
1298,248323,87.64833333333324,0.015000000000000013,10.865,0,28,200
1299,248523,79.92833333333327,0.020000000000000018,10.955,0,34,200
1300,248723,85.45999999999994,0.025000000000000022,10.8,0,28,200
1301,248923,85.63000000000002,0.015000000000000013,10.83,0,32,200
1302,249123,88.11666666666673,0.0050000000000000044,10.87,0,28,200
1303,249323,74.58499999999995,0.07499999999999996,10.605,0,32,200
1304,249523,82.60833333333335,0.025000000000000022,10.805,0,32,200
1305,249723,88.53833333333338,0.0,10.745,0,31,200
1306,249923,83.95333333333332,0.020000000000000018,10.88,0,32,200
1307,250123,80.94333333333324,0.03500000000000003,10.76,0,32,200
1308,250323,76.56166666666667,0.06999999999999995,10.705,0,27,200
1309,250523,86.51999999999995,0.030000000000000027,10.8,0,24,200
1310,250723,81.32833333333329,0.030000000000000027,10.715,0,34,200
1311,250923,87.08999999999997,0.010000000000000009,10.74,0,32,200
1312,251123,83.45,0.015000000000000013,10.89,0,35,200
1313,251323,81.96333333333331,0.030000000000000027,10.73,0,34,200
1314,251523,87.36499999999995,0.0050000000000000044,10.755,0,32,200
1315,251723,83.21666666666668,0.015000000000000013,10.78,0,38,200
1316,251923,66.34833333333326,0.12,10.835,0,28,200
1317,252123,76.26333333333329,0.03500000000000003,10.67,0,40,200
1318,252323,86.52999999999997,0.020000000000000018,10.71,0,27,200
1319,252523,79.95166666666664,0.0050000000000000044,10.675,0,47,200
1320,252723,81.02333333333331,0.025000000000000022,10.7,0,38,200
1321,252923,87.02999999999994,0.0,10.47,0,38,200
1322,253123,87.90500000000002,0.030000000000000027,10.545,0,28,200
1323,253323,86.80833333333334,0.0,10.655,0,36,200
1324,253523,83.79999999999997,0.010000000000000009,10.77,0,37,200
1325,253723,77.9066666666665,0.010000000000000009,10.72,0,44,200
1326,253923,84.38499999999999,0.010000000000000009,10.695,0,35,200
1327,254123,80.31166666666668,0.06499999999999995,10.735,0,24,200
1328,254323,88.64333333333332,0.0050000000000000044,10.61,0,33,200
1329,254523,85.18333333333328,0.015000000000000013,10.79,0,32,200
1330,254723,79.9383333333333,0.05500000000000005,10.715,0,27,200
1331,254923,89.01333333333335,0.0050000000000000044,10.73,0,30,200
1332,255123,87.83833333333325,0.010000000000000009,10.775,0,31,200
1333,255323,87.5266666666666,0.0,10.81,0,32,200
1334,255523,90.78999999999995,0.010000000000000009,10.53,0,26,200
1335,255723,85.67499999999991,0.05500000000000005,10.245,0,25,200
1336,255923,86.60999999999996,0.010000000000000009,10.47,0,32,200
1337,256123,81.59166666666668,0.05500000000000005,10.645,0,26,200
1338,256323,79.38499999999996,0.030000000000000027,10.665,0,38,200
1339,256523,87.57833333333333,0.030000000000000027,10.775,0,22,200
1340,256723,81.59666666666661,0.04500000000000004,10.63,0,29,200
1341,256923,54.68333333333334,0.15500000000000003,10.73,0,35,200
1342,257123,90.31666666666669,0.0050000000000000044,10.75,0,27,200
1343,257323,87.56500000000004,0.0050000000000000044,10.695,0,33,200
1344,257523,90.44833333333337,0.0050000000000000044,10.685,0,29,200
1345,257723,87.5466666666666,0.025000000000000022,10.72,0,25,200
1346,257923,83.43500000000002,0.025000000000000022,10.605,0,35,200
1347,258123,57.53333333333325,0.18999999999999995,10.28,0,27,200
1348,258323,87.86833333333342,0.03500000000000003,10.625,0,26,200
1349,258523,79.99166666666673,0.06000000000000005,10.825,0,26,200
1350,258723,78.86666666666665,0.04500000000000004,10.9,0,32,200
1351,258923,89.79166666666669,0.010000000000000009,10.825,0,26,200
1352,259123,81.32333333333328,0.050000000000000044,10.67,0,29,200
1353,259323,94.52000000000004,0.0,10.8,0,21,200
1354,259523,87.91833333333331,0.0,10.835,0,33,200
1355,259723,60.841666666666654,0.15500000000000003,10.615,0,28,200
1356,259923,74.65833333333333,0.05500000000000005,10.715,0,36,200
1357,260123,76.80666666666662,0.06999999999999995,10.69,0,30,200
1358,260323,84.2383333333333,0.040000000000000036,10.835,0,26,200
1359,260523,86.40333333333326,0.030000000000000027,10.7,0,27,200
1360,260723,62.574999999999946,0.13,10.425,0,36,200
1361,260923,87.89333333333333,0.0,10.64,0,35,200
1362,261123,92.78000000000002,0.0,10.89,0,22,200
1363,261323,92.65333333333338,0.0,10.82,0,25,200
1364,261523,85.73833333333336,0.025000000000000022,10.685,0,28,200
1365,261723,83.9733333333333,0.015000000000000013,10.7,0,34,200
1366,261923,71.77666666666663,0.09499999999999997,10.78,0,29,200
1367,262123,90.43333333333341,0.0050000000000000044,10.82,0,25,200
1368,262323,70.08333333333329,0.08999999999999997,10.67,0,34,200
1369,262523,91.79166666666673,0.0050000000000000044,10.855,0,23,200
1370,262723,80.7066666666666,0.04500000000000004,10.87,0,29,200
1371,262923,76.20166666666663,0.05500000000000005,10.765,0,34,200
1372,263123,87.40499999999997,0.0050000000000000044,10.515,0,37,200
1373,263323,87.84499999999997,0.0,10.725,0,36,200
1374,263523,88.75,0.0,10.86,0,28,200
1375,263723,86.24000000000002,0.025000000000000022,10.86,0,28,200
1376,263923,87.07500000000002,0.040000000000000036,10.245,0,26,200
1377,264123,89.2166666666667,0.025000000000000022,10.81,0,22,200
1378,264323,73.84833333333327,0.05500000000000005,10.505,0,44,200
1379,264523,89.39666666666669,0.0,10.81,0,30,200
1380,264723,84.61666666666669,0.06499999999999995,10.72,0,17,200
1381,264923,87.9666666666667,0.030000000000000027,10.81,0,22,200
1382,265123,86.5633333333333,0.0,10.49,0,39,200
1383,265323,83.85000000000004,0.03500000000000003,10.89,0,25,200
1384,265523,89.56500000000004,0.015000000000000013,10.875,0,24,200
1385,265723,83.91833333333328,0.0050000000000000044,10.685,0,40,200
1386,265923,94.84666666666674,0.0050000000000000044,10.63,0,23,200
1387,266123,94.25333333333336,0.0,10.79,0,23,200
1388,266323,90.31833333333334,0.0,10.835,0,29,200
1389,266523,87.45166666666661,0.0,10.765,0,35,200
1390,266723,90.78833333333336,0.015000000000000013,10.655,0,25,200
1391,266923,96.7416666666667,0.0,10.885,0,18,200
1392,267123,55.58999999999994,0.16000000000000003,10.83,0,30,200
1393,267323,88.4866666666667,0.020000000000000018,10.87,0,23,200
1394,267523,74.4883333333333,0.06499999999999995,10.625,0,36,200
1395,267723,84.33833333333335,0.06999999999999995,10.865,0,14,200
1396,267923,87.12833333333332,0.025000000000000022,10.925,0,25,200
1397,268123,90.14666666666663,0.0,10.84,0,28,200
1398,268323,87.95333333333338,0.025000000000000022,10.82,0,22,200
1399,268523,79.90166666666661,0.06000000000000005,10.735,0,28,200
1400,268723,89.56833333333337,0.010000000000000009,10.835,0,25,200
1401,268923,87.36,0.03500000000000003,10.59,0,25,200
1402,269123,91.07999999999997,0.0,10.8,0,26,200
1403,269323,69.26833333333323,0.08999999999999997,10.685,0,36,200
1404,269523,79.4449999999999,0.06999999999999995,10.755,0,23,200
1405,269723,95.63833333333339,0.0,10.865,0,19,200
1406,269923,83.41500000000003,0.04500000000000004,10.755,0,25,200
1407,270123,63.80999999999992,0.13,10.8,0,26,200
1408,270323,91.26166666666659,0.0,10.885,0,25,200
1409,270523,92.63833333333332,0.0,10.835,0,23,200
1410,270723,85.40500000000006,0.025000000000000022,10.845,0,26,200
1411,270923,72.25499999999995,0.10499999999999998,10.605,0,28,200
1412,271123,94.25500000000007,0.0050000000000000044,10.815,0,21,200
1413,271323,88.75166666666674,0.015000000000000013,10.765,0,28,200
1414,271523,79.03999999999996,0.07499999999999996,10.77,0,21,200
1415,271723,83.43666666666665,0.05500000000000005,10.75,0,23,200
1416,271923,95.20666666666669,0.0050000000000000044,10.75,0,21,200
1417,272123,84.93500000000002,0.030000000000000027,10.725,0,27,200
1418,272323,84.91166666666666,0.050000000000000044,10.855,0,21,200
1419,272523,93.2100000000001,0.010000000000000009,10.92,0,20,200
1420,272723,91.09333333333338,0.0,10.82,0,26,200
1421,272923,81.98833333333332,0.040000000000000036,10.805,0,29,200
1422,273123,87.39166666666658,0.0,10.795,0,35,200
1423,273323,86.64500000000004,0.0,10.665,0,35,200
1424,273523,80.02000000000002,0.040000000000000036,10.77,0,33,200
1425,273723,77.18333333333334,0.07999999999999996,10.73,0,26,200
1426,273923,88.12499999999999,0.0,10.815,0,31,200
1427,274123,49.95833333333329,0.21499999999999997,10.625,0,28,200
1428,274323,74.05999999999993,0.08499999999999996,10.83,0,26,200
1429,274523,85.89999999999996,0.040000000000000036,10.68,0,26,200
1430,274723,84.3183333333333,0.04500000000000004,10.655,0,25,200
1431,274923,83.25499999999992,0.040000000000000036,10.665,0,28,200
1432,275123,74.06333333333322,0.06499999999999995,10.7,0,33,200
1433,275323,88.2783333333334,0.04500000000000004,10.775,0,20,200
1434,275523,88.90833333333335,0.03500000000000003,10.775,0,21,200
1435,275723,80.36666666666669,0.025000000000000022,10.69,0,39,200
1436,275923,83.81499999999994,0.0,10.635,0,40,200
1437,276123,74.34999999999998,0.08999999999999997,10.8,0,24,200
1438,276323,90.01499999999999,0.010000000000000009,10.785,0,26,200
1439,276523,67.4383333333332,0.12,10.715,0,29,200
1440,276723,83.79833333333329,0.050000000000000044,10.385,0,29,200
1441,276923,92.9066666666667,0.0,10.78,0,26,200
1442,277123,88.2566666666667,0.015000000000000013,10.84,0,27,200
1443,277323,91.54666666666671,0.0050000000000000044,10.78,0,26,200
1444,277523,79.27999999999997,0.05500000000000005,10.8,0,28,200
1445,277723,81.76333333333329,0.050000000000000044,10.88,0,25,200
1446,277923,93.1700000000001,0.0,10.8,0,25,200
1447,278123,84.285,0.040000000000000036,10.785,0,26,200
1448,278323,79.2133333333333,0.050000000000000044,10.76,0,29,200
1449,278523,62.988333333333195,0.135,10.655,0,30,200
1450,278723,81.93166666666664,0.04500000000000004,10.855,0,25,200
1451,278923,93.07500000000002,0.0,10.875,0,21,200
1452,279123,68.39166666666657,0.11499999999999999,10.855,0,26,200
1453,279323,91.21333333333342,0.010000000000000009,10.91,0,21,200
1454,279523,84.22999999999995,0.010000000000000009,10.77,0,36,200
1455,279723,84.50166666666664,0.020000000000000018,10.705,0,34,200
1456,279923,73.37333333333333,0.10499999999999998,10.88,0,21,200
1457,280123,90.34499999999998,0.0050000000000000044,10.725,0,28,200
1458,280323,65.24666666666661,0.09499999999999997,10.84,0,36,200
1459,280523,78.56666666666666,0.04500000000000004,10.63,0,37,200
1460,280723,93.32000000000005,0.0050000000000000044,10.77,0,23,200
1461,280923,72.05499999999994,0.08499999999999996,10.845,0,30,200
1462,281123,80.13333333333334,0.06999999999999995,10.91,0,21,200
1463,281323,94.13166666666667,0.0,10.825,0,22,200
1464,281523,88.5266666666667,0.0050000000000000044,10.78,0,32,200
1465,281723,72.5383333333333,0.08499999999999996,10.625,0,34,200
1466,281923,93.84333333333335,0.0,10.88,0,21,200
1467,282123,79.50500000000002,0.06499999999999995,10.695,0,25,200
1468,282323,93.19833333333334,0.0,10.745,0,25,200
1469,282523,89.73000000000002,0.020000000000000018,10.83,0,22,200
1470,282723,80.59333333333328,0.06499999999999995,10.79,0,24,200
1471,282923,92.76999999999997,0.0050000000000000044,10.83,0,22,200
1472,283123,81.00666666666656,0.03500000000000003,10.69,0,35,200
1473,283323,88.58833333333341,0.020000000000000018,10.805,0,27,200
1474,283523,94.01666666666675,0.0,10.87,0,20,200
1475,283723,88.4266666666667,0.025000000000000022,10.69,0,26,200
1476,283923,90.6183333333334,0.0,10.685,0,31,200
1477,284123,92.63666666666671,0.010000000000000009,10.81,0,20,200
1478,284323,89.86833333333334,0.010000000000000009,10.715,0,28,200
1479,284523,73.91499999999996,0.07999999999999996,10.875,0,27,200
1480,284723,88.09333333333339,0.010000000000000009,10.91,0,29,200
1481,284923,90.59666666666668,0.020000000000000018,10.69,0,25,200
1482,285123,85.21,0.020000000000000018,10.74,0,34,200
1483,285323,86.77,0.015000000000000013,10.8,0,29,200
1484,285523,86.555,0.0,10.785,0,36,200
1485,285723,83.52833333333331,0.04500000000000004,10.775,0,26,200
1486,285923,78.44000000000001,0.08499999999999996,10.95,0,17,200
1487,286123,87.66000000000004,0.0,10.77,0,35,200
1488,286323,90.27666666666669,0.0,10.81,0,29,200
1489,286523,79.35,0.040000000000000036,10.8,0,32,200
1490,286723,74.44499999999991,0.08999999999999997,10.845,0,24,200
1491,286923,91.10500000000009,0.015000000000000013,10.875,0,24,200
1492,287123,81.21999999999998,0.06000000000000005,10.77,0,26,200
1493,287323,99.25666666666677,0.0050000000000000044,10.63,0,15,200
1494,287523,90.12333333333342,0.03500000000000003,10.82,0,18,200
1495,287723,94.6516666666667,0.0,10.855,0,20,200
1496,287923,71.28833333333331,0.11499999999999999,10.865,0,22,200
1497,288123,85.6716666666666,0.020000000000000018,10.645,0,31,200
1498,288323,85.22500000000001,0.0050000000000000044,10.815,0,35,200
1499,288523,96.15833333333345,0.010000000000000009,10.835,0,17,200
1500,288723,73.93166666666667,0.06000000000000005,10.765,0,38,200
1501,288923,86.70499999999997,0.030000000000000027,10.845,0,24,200
1502,289123,93.80000000000004,0.0,10.74,0,22,200
1503,289323,80.89333333333329,0.03500000000000003,10.79,0,31,200
1504,289523,92.58500000000004,0.015000000000000013,10.815,0,22,200
1505,289723,77.04833333333332,0.06999999999999995,10.805,0,29,200
1506,289923,57.74499999999998,0.17000000000000004,10.665,0,26,200
1507,290123,71.03666666666658,0.10999999999999999,10.84,0,26,200
1508,290323,86.12166666666675,0.06000000000000005,10.735,0,17,200
1509,290523,94.84333333333326,0.0050000000000000044,10.76,0,22,200
1510,290723,97.11333333333337,0.0,10.88,0,17,200
1511,290923,92.05833333333342,0.0050000000000000044,10.805,0,26,200
1512,291123,93.11833333333337,0.020000000000000018,10.865,0,18,200
1513,291323,97.81833333333343,0.0,10.835,0,18,200
1514,291523,88.17333333333335,0.015000000000000013,10.88,0,27,200
1515,291723,82.86333333333333,0.06000000000000005,10.88,0,20,200
1516,291923,85.32,0.0050000000000000044,10.83,0,34,200
1517,292123,93.85666666666673,0.010000000000000009,10.84,0,19,200
1518,292323,85.8816666666667,0.030000000000000027,10.855,0,26,200
1519,292523,90.34,0.0050000000000000044,10.86,0,25,200
1520,292723,71.41666666666654,0.09499999999999997,10.69,0,29,200
1521,292923,86.22333333333334,0.0050000000000000044,10.7,0,37,200
1522,293123,88.78166666666667,0.0,10.555,0,34,200
1523,293323,92.0966666666667,0.0,10.78,0,27,200
1524,293523,93.80666666666683,0.010000000000000009,10.84,0,20,200
1525,293723,90.14500000000001,0.030000000000000027,10.815,0,18,200
1526,293923,95.66166666666678,0.0,10.795,0,20,200
1527,294123,96.01166666666673,0.0,10.825,0,20,200
1528,294323,89.86333333333333,0.015000000000000013,10.85,0,26,200
1529,294523,90.85666666666673,0.010000000000000009,10.72,0,24,200
1530,294723,85.69499999999996,0.020000000000000018,10.845,0,27,200
1531,294923,87.41666666666661,0.030000000000000027,10.6,0,27,200
1532,295123,87.0183333333333,0.025000000000000022,10.925,0,25,200
1533,295323,82.94999999999999,0.050000000000000044,10.68,0,25,200
1534,295523,93.65333333333338,0.0,10.82,0,21,200
1535,295723,82.66999999999994,0.040000000000000036,10.86,0,28,200
1536,295923,74.02999999999992,0.09999999999999998,10.71,0,24,200
1537,296123,87.82833333333332,0.04500000000000004,10.715,0,17,200
1538,296323,92.39333333333337,0.03500000000000003,10.7,0,16,200
1539,296523,84.76499999999997,0.040000000000000036,10.845,0,23,200
1540,296723,94.49333333333331,0.0,10.91,0,19,200
1541,296923,84.25166666666665,0.020000000000000018,10.705,0,31,200
1542,297123,91.78000000000004,0.025000000000000022,10.59,0,20,200
1543,297323,78.75666666666663,0.050000000000000044,10.69,0,31,200
1544,297523,89.68499999999999,0.0,10.755,0,30,200
1545,297723,92.64000000000009,0.0,10.92,0,22,200
1546,297923,95.80500000000004,0.0,10.875,0,18,200
1547,298123,84.52333333333337,0.04500000000000004,10.76,0,21,200
1548,298323,95.75833333333338,0.0050000000000000044,10.835,0,19,200
1549,298523,79.19999999999997,0.09499999999999997,10.89,0,14,200
1550,298723,98.20166666666674,0.0,10.855,0,16,200
1551,298923,89.74333333333344,0.0,10.94,0,25,200
1552,299123,75.43166666666664,0.06999999999999995,10.915,0,28,200
1553,299323,91.49000000000007,0.010000000000000009,10.83,0,22,200
1554,299523,90.56333333333342,0.015000000000000013,10.79,0,23,200
1555,299723,90.27333333333335,0.010000000000000009,10.79,0,27,200
1556,299923,98.21833333333348,0.0,10.745,0,18,200
1557,300123,70.72333333333329,0.06499999999999995,10.85,0,36,200
1558,300323,92.82,0.025000000000000022,10.62,0,18,200
1559,300523,93.42999999999998,0.010000000000000009,10.71,0,22,200
1560,300723,92.82000000000009,0.0050000000000000044,10.8,0,24,200
1561,300923,91.06166666666668,0.025000000000000022,10.735,0,21,200
1562,301123,85.13333333333337,0.030000000000000027,10.82,0,27,200
1563,301323,94.35000000000007,0.0,10.68,0,23,200
1564,301523,95.96333333333342,0.010000000000000009,10.58,0,20,200
1565,301723,87.27999999999996,0.015000000000000013,10.8,0,28,200
1566,301923,92.17500000000003,0.0,10.815,0,27,200
1567,302123,82.5816666666667,0.05500000000000005,10.795,0,26,200
1568,302323,78.77499999999996,0.07999999999999996,10.815,0,22,200
1569,302523,92.54500000000004,0.020000000000000018,10.875,0,17,200
1570,302723,86.20666666666666,0.030000000000000027,10.72,0,27,200
1571,302923,94.73,0.010000000000000009,10.74,0,20,200
1572,303123,80.95333333333329,0.04500000000000004,10.76,0,31,200
1573,303323,80.1816666666666,0.03500000000000003,10.735,0,35,200
1574,303523,94.08333333333343,0.010000000000000009,10.94,0,19,200
1575,303723,91.90000000000006,0.0,10.86,0,25,200
1576,303923,86.25666666666673,0.04500000000000004,10.93,0,17,200
1577,304123,97.82833333333343,0.0,10.805,0,17,200
1578,304323,92.8383333333334,0.0,10.685,0,24,200
1579,304523,95.44000000000008,0.0,10.89,0,20,200
1580,304723,93.77333333333334,0.0,10.79,0,23,200
1581,304923,92.49999999999997,0.015000000000000013,10.83,0,20,200
1582,305123,94.35833333333343,0.0,10.895,0,22,200
1583,305323,81.25166666666671,0.07499999999999996,10.765,0,21,200
1584,305523,86.00166666666672,0.030000000000000027,10.795,0,26,200
1585,305723,86.81333333333336,0.030000000000000027,10.82,0,25,200
1586,305923,98.48333333333343,0.0,10.85,0,15,200
1587,306123,83.86166666666666,0.030000000000000027,10.795,0,28,200
1588,306323,95.72833333333344,0.0050000000000000044,10.895,0,17,200
1589,306523,65.08666666666656,0.14500000000000002,10.78,0,23,200
1590,306723,85.38166666666666,0.025000000000000022,10.915,0,26,200
1591,306923,94.49333333333338,0.0,10.82,0,22,200
1592,307123,79.71833333333332,0.07999999999999996,10.625,0,22,200
1593,307323,86.80499999999999,0.025000000000000022,10.785,0,25,200
1594,307523,86.0616666666667,0.06000000000000005,10.765,0,16,200
1595,307723,87.66833333333338,0.03500000000000003,10.835,0,23,200
1596,307923,92.66166666666669,0.015000000000000013,10.765,0,20,200
1597,308123,93.49500000000009,0.0050000000000000044,10.845,0,23,200
1598,308323,95.56333333333339,0.015000000000000013,10.91,0,14,200
1599,308523,90.30333333333337,0.020000000000000018,10.91,0,20,200
1600,308723,81.39999999999992,0.06499999999999995,10.68,0,25,200
1601,308923,98.77333333333343,0.0,10.85,0,16,200
1602,309123,93.16833333333344,0.0050000000000000044,10.925,0,23,200
1603,309323,95.94000000000004,0.0,10.77,0,21,200
1604,309523,88.42666666666672,0.03500000000000003,10.72,0,22,200
1605,309723,82.25499999999992,0.050000000000000044,10.845,0,23,200
1606,309923,76.39999999999988,0.08999999999999997,10.74,0,24,200
1607,310123,85.17000000000004,0.050000000000000044,10.86,0,22,200
1608,310323,88.66833333333331,0.0,10.745,0,35,200
1609,310523,91.3283333333334,0.0,10.805,0,28,200
1610,310723,78.96499999999997,0.06000000000000005,10.815,0,29,200
1611,310923,90.09333333333333,0.0050000000000000044,10.64,0,29,200
1612,311123,80.44166666666656,0.040000000000000036,10.765,0,33,200
1613,311323,90.67833333333331,0.025000000000000022,10.805,0,20,200
1614,311523,80.26333333333324,0.06499999999999995,10.7,0,23,200
1615,311723,92.11833333333344,0.020000000000000018,10.655,0,20,200
1616,311923,89.7133333333334,0.010000000000000009,10.7,0,28,200
1617,312123,83.04833333333325,0.040000000000000036,10.895,0,25,200
1618,312323,97.91500000000012,0.0,10.875,0,16,200
1619,312523,94.24333333333341,0.015000000000000013,10.85,0,18,200
1620,312723,90.00500000000005,0.03500000000000003,10.725,0,19,200
1621,312923,92.45666666666658,0.03500000000000003,10.69,0,15,200
1622,313123,100.09166666666677,0.0050000000000000044,10.855,0,11,200
1623,313323,92.7466666666667,0.0,10.81,0,25,200
1624,313523,85.3933333333333,0.040000000000000036,10.61,0,26,200
1625,313723,85.59333333333335,0.03500000000000003,10.58,0,26,200
1626,313923,84.2483333333333,0.03500000000000003,10.805,0,27,200
1627,314123,93.46000000000006,0.0,10.77,0,26,200
1628,314323,90.8783333333334,0.025000000000000022,10.805,0,20,200
1629,314523,73.81333333333329,0.09499999999999997,10.73,0,24,200
1630,314723,92.47999999999996,0.0,10.77,0,25,200
1631,314923,87.94333333333337,0.015000000000000013,10.85,0,27,200
1632,315123,85.19833333333338,0.050000000000000044,10.775,0,20,200
1633,315323,89.36500000000004,0.030000000000000027,10.755,0,21,200
1634,315523,91.66833333333341,0.010000000000000009,10.865,0,23,200
1635,315723,85.74000000000007,0.030000000000000027,10.86,0,26,200
1636,315923,94.43666666666675,0.010000000000000009,10.87,0,19,200
1637,316123,64.45666666666655,0.16000000000000003,10.78,0,20,200
1638,316323,93.4850000000001,0.020000000000000018,10.815,0,17,200
1639,316523,85.88666666666667,0.050000000000000044,10.96,0,17,200
1640,316723,77.55,0.06499999999999995,10.95,0,28,200
1641,316923,86.47666666666669,0.03500000000000003,10.96,0,21,200
1642,317123,85.21666666666667,0.0050000000000000044,10.78,0,37,200
1643,317323,78.99166666666663,0.05500000000000005,10.855,0,29,200
1644,317523,85.01833333333336,0.03500000000000003,10.955,0,24,200
1645,317723,71.4483333333333,0.09499999999999997,10.715,0,32,200
1646,317923,90.5983333333334,0.015000000000000013,10.925,0,20,200
1647,318123,65.6333333333332,0.10499999999999998,10.79,0,35,200
1648,318323,91.4916666666667,0.0050000000000000044,10.795,0,24,200
1649,318523,89.69666666666663,0.015000000000000013,10.72,0,26,200
1650,318723,90.65333333333335,0.0,10.73,0,31,200
1651,318923,90.86333333333333,0.0050000000000000044,10.88,0,27,200
1652,319123,96.01000000000015,0.015000000000000013,10.89,0,13,200
1653,319323,86.94833333333334,0.050000000000000044,10.925,0,16,200
1654,319523,96.98000000000009,0.0,10.83,0,18,200
1655,319723,92.84166666666673,0.020000000000000018,10.735,0,22,200
1656,319923,94.89500000000005,0.0,10.875,0,20,200
1657,320123,90.97166666666674,0.040000000000000036,10.885,0,14,200
1658,320323,94.83833333333344,0.0,10.925,0,18,200
1659,320523,90.50500000000004,0.020000000000000018,10.815,0,23,200
1660,320723,77.00666666666666,0.06000000000000005,10.63,0,33,200
1661,320923,68.76999999999988,0.10499999999999998,10.8,0,31,200
1662,321123,75.24000000000001,0.10499999999999998,10.77,0,20,200
1663,321323,87.03500000000004,0.040000000000000036,10.935,0,18,200
1664,321523,99.88333333333341,0.010000000000000009,10.64,0,13,200
1665,321723,89.31833333333336,0.030000000000000027,10.835,0,19,200
1666,321923,94.09166666666673,0.0050000000000000044,10.735,0,22,200
1667,322123,91.85500000000005,0.030000000000000027,10.875,0,16,200
1668,322323,83.72166666666664,0.040000000000000036,10.765,0,26,200
1669,322523,72.02333333333335,0.08499999999999996,11.0,0,28,200
1670,322723,68.48499999999986,0.09499999999999997,10.845,0,34,200
1671,322923,83.72666666666666,0.025000000000000022,10.84,0,34,200
1672,323123,68.8483333333333,0.10999999999999999,10.895,0,27,200
1673,323323,83.1883333333333,0.025000000000000022,10.685,0,36,200
1674,323523,77.1766666666666,0.050000000000000044,10.81,0,35,200
1675,323723,92.05166666666668,0.015000000000000013,10.915,0,18,200
1676,323923,95.98333333333343,0.015000000000000013,10.94,0,13,200
1677,324123,82.13000000000002,0.050000000000000044,10.89,0,23,200
1678,324323,81.5233333333333,0.040000000000000036,10.82,0,30,200
1679,324523,95.66000000000012,0.0,10.89,0,21,200
1680,324723,100.10666666666681,0.0,10.9,0,12,200
1681,324923,89.22333333333341,0.03500000000000003,10.88,0,19,200
1682,325123,90.25833333333333,0.020000000000000018,10.775,0,23,200
1683,325323,85.36833333333341,0.03500000000000003,10.895,0,23,200
1684,325523,91.86166666666672,0.025000000000000022,10.885,0,18,200
1685,325723,88.72166666666675,0.010000000000000009,10.615,0,31,200
1686,325923,86.655,0.040000000000000036,10.755,0,23,200
1687,326123,96.0983333333334,0.0,10.925,0,19,200
1688,326323,94.43000000000005,0.015000000000000013,10.98,0,15,200
1689,326523,94.63833333333338,0.0,10.895,0,20,200
1690,326723,91.36500000000004,0.025000000000000022,10.755,0,20,200
1691,326923,82.7216666666667,0.07999999999999996,10.915,0,13,200
1692,327123,90.00666666666672,0.010000000000000009,10.9,0,23,200
1693,327323,91.54166666666664,0.0,10.705,0,29,200
1694,327523,98.80333333333341,0.0,10.79,0,16,200
1695,327723,91.36166666666674,0.025000000000000022,10.975,0,17,200
1696,327923,94.21000000000006,0.025000000000000022,10.8,0,14,200
1697,328123,93.16333333333334,0.0050000000000000044,10.88,0,23,200
1698,328323,82.59500000000004,0.050000000000000044,10.755,0,25,200
1699,328523,85.9666666666667,0.06000000000000005,10.75,0,18,200
1700,328723,84.64999999999992,0.025000000000000022,10.95,0,28,200
1701,328923,91.73333333333342,0.010000000000000009,10.91,0,21,200
1702,329123,86.99833333333332,0.025000000000000022,10.865,0,24,200
1703,329323,99.14833333333344,0.0050000000000000044,10.925,0,11,200
1704,329523,98.94166666666682,0.0,10.855,0,15,200
1705,329723,94.75500000000008,0.0050000000000000044,10.905,0,20,200
1706,329923,84.04666666666667,0.05500000000000005,10.78,0,19,200
1707,330123,95.45166666666678,0.025000000000000022,10.675,0,14,200
1708,330323,97.05833333333345,0.0,10.895,0,17,200
1709,330523,90.01500000000007,0.03500000000000003,10.905,0,16,200
1710,330723,83.005,0.04500000000000004,10.755,0,26,200
1711,330923,100.68500000000024,0.0050000000000000044,10.875,0,11,200
1712,331123,80.68833333333332,0.07499999999999996,10.595,0,22,200
1713,331323,79.55833333333334,0.06999999999999995,10.955,0,19,200
1714,331523,90.91500000000005,0.010000000000000009,10.875,0,23,200
1715,331723,86.29500000000006,0.050000000000000044,10.935,0,15,200
1716,331923,95.46666666666674,0.015000000000000013,10.84,0,15,200
1717,332123,91.84333333333345,0.03500000000000003,10.85,0,15,200
1718,332323,91.3966666666667,0.025000000000000022,10.84,0,19,200
1719,332523,88.92500000000007,0.03500000000000003,10.665,0,21,200
1720,332723,84.80333333333334,0.0,10.88,0,38,200
1721,332923,84.77333333333335,0.030000000000000027,10.85,0,25,200
1722,333123,86.65000000000003,0.050000000000000044,10.92,0,16,200
1723,333323,82.52166666666662,0.05500000000000005,10.915,0,21,200
1724,333523,84.33333333333333,0.06999999999999995,10.94,0,15,200
1725,333723,90.45500000000004,0.03500000000000003,10.815,0,18,200
1726,333923,89.51833333333337,0.030000000000000027,10.985,0,17,200
1727,334123,92.07333333333321,0.010000000000000009,11.0,0,18,200
1728,334323,91.62333333333339,0.020000000000000018,10.94,0,20,200
1729,334523,84.51666666666677,0.040000000000000036,11.02,0,21,200
1730,334723,88.14333333333342,0.030000000000000027,11.03,0,18,200
1731,334923,90.67333333333339,0.030000000000000027,10.7,0,19,200
1732,335123,89.80666666666667,0.030000000000000027,10.81,0,22,200
1733,335323,91.375,0.0050000000000000044,10.755,0,26,200
1734,335523,91.43666666666674,0.025000000000000022,10.84,0,17,200
1735,335723,83.0249999999998,0.06000000000000005,10.965,0,19,200
1736,335923,86.62666666666664,0.05500000000000005,10.81,0,17,200
1737,336123,88.265,0.06000000000000005,10.905,0,11,200
1738,336323,96.17166666666664,0.015000000000000013,10.645,0,16,200
1739,336523,91.10500000000008,0.020000000000000018,10.995,0,19,200
1740,336723,69.60166666666665,0.10999999999999999,10.825,0,25,200
1741,336923,98.33333333333344,0.0050000000000000044,10.88,0,12,200
1742,337123,101.37499999999993,0.0050000000000000044,10.755,0,12,200
1743,337323,93.56166666666678,0.0,10.885,0,22,200
1744,337523,101.28333333333333,0.0,10.73,0,12,200
1745,337723,95.41500000000008,0.0,10.845,0,21,200
1746,337923,87.33499999999998,0.04500000000000004,10.785,0,19,200
1747,338123,92.08333333333339,0.020000000000000018,10.7,0,20,200
1748,338323,95.77666666666674,0.0050000000000000044,10.84,0,18,200
1749,338523,95.82333333333341,0.0050000000000000044,10.85,0,18,200
1750,338723,97.94833333333344,0.0,10.805,0,17,200
1751,338923,98.27000000000004,0.0,10.8,0,15,200
1752,339123,95.40833333333352,0.0050000000000000044,10.715,0,19,200
1753,339323,98.69166666666668,0.010000000000000009,10.825,0,12,200
1754,339523,96.30166666666669,0.025000000000000022,10.795,0,12,200
1755,339723,95.36,0.015000000000000013,10.65,0,18,200
1756,339923,78.64333333333332,0.07499999999999996,10.79,0,22,200
1757,340123,90.01166666666666,0.03500000000000003,10.645,0,21,200
1758,340323,95.0916666666666,0.0,10.795,0,21,200
1759,340523,98.14166666666675,0.010000000000000009,10.435,0,17,200
1760,340723,81.15833333333327,0.08999999999999997,10.595,0,17,200
1761,340923,94.24333333333337,0.020000000000000018,10.61,0,20,200
1762,341123,86.15666666666667,0.025000000000000022,10.75,0,27,200
1763,341323,84.97166666666674,0.06499999999999995,10.765,0,18,200
1764,341523,72.25666666666667,0.08999999999999997,10.66,0,32,200
1765,341723,98.60500000000013,0.0050000000000000044,10.845,0,13,200
1766,341923,85.98166666666671,0.050000000000000044,10.855,0,18,200
1767,342123,87.89000000000001,0.03500000000000003,10.92,0,20,200
1768,342323,93.98166666666677,0.0050000000000000044,10.915,0,21,200
1769,342523,94.9983333333334,0.0050000000000000044,10.895,0,18,200
1770,342723,91.1366666666668,0.025000000000000022,10.6,0,22,200
1771,342923,61.60499999999991,0.15000000000000002,10.905,0,26,200
1772,343123,91.2433333333334,0.0050000000000000044,10.73,0,25,200
1773,343323,74.41999999999997,0.06999999999999995,10.98,0,27,200
1774,343523,90.01500000000006,0.030000000000000027,10.695,0,21,200
1775,343723,66.45666666666668,0.10999999999999999,10.66,0,31,200
1776,343923,82.51666666666662,0.03500000000000003,10.78,0,30,200
1777,344123,95.60333333333351,0.010000000000000009,11.18,0,11,200
1778,344323,96.26500000000011,0.0,10.905,0,16,200
1779,344523,95.67166666666667,0.015000000000000013,10.765,0,16,200
1780,344723,91.29666666666661,0.030000000000000027,10.72,0,17,200
1781,344923,92.12333333333339,0.015000000000000013,11.18,0,14,200
1782,345123,89.09166666666671,0.03500000000000003,10.945,0,16,200
1783,345323,88.09666666666668,0.015000000000000013,10.81,0,29,200
1784,345523,89.72499999999997,0.010000000000000009,10.785,0,26,200
1785,345723,91.2583333333333,0.0050000000000000044,10.715,0,27,200
1786,345923,97.92166666666672,0.0050000000000000044,10.885,0,15,200
1787,346123,83.72000000000003,0.07499999999999996,10.71,0,16,200
1788,346323,88.2516666666667,0.03500000000000003,10.735,0,22,200
1789,346523,84.1683333333334,0.050000000000000044,10.805,0,22,200
1790,346723,79.0266666666666,0.05500000000000005,10.84,0,28,200
1791,346923,99.33666666666673,0.010000000000000009,10.84,0,13,200
1792,347123,81.805,0.06499999999999995,10.995,0,18,200
1793,347323,90.485,0.010000000000000009,10.635,0,27,200
1794,347523,91.51499999999996,0.010000000000000009,10.815,0,24,200
1795,347723,90.55500000000006,0.040000000000000036,10.725,0,16,200
1796,347923,97.04833333333343,0.0050000000000000044,10.925,0,15,200
1797,348123,93.90166666666671,0.030000000000000027,10.765,0,15,200
1798,348323,96.75833333333341,0.0,10.865,0,18,200
1799,348523,86.42500000000003,0.05500000000000005,10.875,0,16,200
1800,348723,93.50500000000011,0.0050000000000000044,10.965,0,18,200
1801,348923,90.25500000000007,0.010000000000000009,10.845,0,24,200
1802,349123,92.72500000000007,0.0050000000000000044,10.815,0,23,200
1803,349323,95.20500000000008,0.015000000000000013,10.755,0,17,200
1804,349523,94.68666666666668,0.010000000000000009,10.81,0,18,200
1805,349723,98.8150000000001,0.0050000000000000044,10.755,0,14,200
1806,349923,93.29666666666674,0.010000000000000009,10.84,0,20,200
1807,350123,92.39500000000001,0.0,10.905,0,25,200
1808,350323,94.31000000000009,0.0050000000000000044,10.92,0,19,200
1809,350523,100.07500000000005,0.015000000000000013,10.515,0,13,200
1810,350723,91.2883333333333,0.0,10.805,0,28,200
1811,350923,92.7600000000001,0.010000000000000009,10.86,0,21,200
1812,351123,91.41166666666668,0.025000000000000022,10.795,0,18,200
1813,351323,92.4000000000001,0.010000000000000009,10.86,0,20,200
1814,351523,100.39000000000001,0.0,10.71,0,14,200
1815,351723,90.72666666666674,0.030000000000000027,10.75,0,19,200
1816,351923,88.06166666666667,0.040000000000000036,10.885,0,17,200
1817,352123,93.53333333333345,0.010000000000000009,10.94,0,19,200
1818,352323,68.90333333333335,0.135,10.94,0,16,200
1819,352523,75.75500000000005,0.08999999999999997,10.725,0,24,200
1820,352723,76.0716666666666,0.06999999999999995,10.885,0,27,200
1821,352923,98.21000000000012,0.010000000000000009,10.95,0,11,200
1822,353123,95.44166666666673,0.0050000000000000044,10.945,0,18,200
1823,353323,96.35833333333346,0.010000000000000009,10.955,0,14,200
1824,353523,101.39166666666677,0.0,10.795,0,12,200
1825,353723,100.65500000000009,0.0,10.665,0,13,200
1826,353923,93.81666666666672,0.0050000000000000044,10.69,0,23,200
1827,354123,99.6950000000002,0.0050000000000000044,10.785,0,13,200
1828,354323,97.77000000000015,0.0,10.86,0,16,200
1829,354523,83.44666666666664,0.050000000000000044,10.84,0,24,200
1830,354723,98.54333333333341,0.0,10.85,0,15,200
1831,354923,81.50999999999995,0.06499999999999995,10.86,0,23,200
1832,355123,99.82833333333342,0.0,10.775,0,16,200
1833,355323,98.66500000000005,0.0050000000000000044,10.875,0,13,200
1834,355523,100.66833333333349,0.0,10.925,0,10,200
1835,355723,63.76333333333325,0.13,11.06,0,27,200
1836,355923,94.3450000000001,0.0050000000000000044,10.815,0,19,200
1837,356123,96.52666666666676,0.0,10.84,0,19,200
1838,356323,100.84000000000016,0.0,10.89,0,13,200
1839,356523,98.63000000000011,0.0,10.86,0,15,200
1840,356723,89.53833333333334,0.03500000000000003,10.865,0,19,200
1841,356923,93.02333333333344,0.010000000000000009,10.91,0,22,200
1842,357123,99.7450000000001,0.0,10.905,0,13,200
1843,357323,95.03000000000007,0.025000000000000022,10.8,0,13,200
1844,357523,96.92333333333335,0.0,10.82,0,19,200
1845,357723,98.21166666666682,0.0,10.885,0,15,200
1846,357923,94.74666666666668,0.0,10.75,0,23,200
1847,358123,90.14333333333342,0.030000000000000027,10.91,0,18,200
1848,358323,83.28666666666666,0.05500000000000005,10.72,0,22,200
1849,358523,89.48833333333333,0.03500000000000003,10.775,0,21,200
1850,358723,85.16500000000006,0.04500000000000004,10.935,0,22,200
1851,358923,95.73666666666686,0.015000000000000013,10.87,0,14,200
1852,359123,91.11833333333331,0.010000000000000009,10.715,0,27,200
1853,359323,99.78333333333339,0.0,10.85,0,13,200
1854,359523,94.49500000000018,0.020000000000000018,10.905,0,13,200
1855,359723,94.56,0.0050000000000000044,10.8,0,21,200
1856,359923,84.96999999999994,0.0050000000000000044,10.74,0,37,200
1857,360123,94.79000000000006,0.0,10.86,0,20,200
1858,360323,98.07166666666674,0.0050000000000000044,10.765,0,15,200
1859,360523,91.30500000000009,0.025000000000000022,10.995,0,16,200
1860,360723,91.32000000000012,0.03500000000000003,10.89,0,15,200
1861,360923,85.53666666666659,0.020000000000000018,10.84,0,29,200
1862,361123,86.58500000000002,0.030000000000000027,10.905,0,22,200
1863,361323,88.18999999999997,0.025000000000000022,10.77,0,25,200
1864,361523,100.91666666666679,0.0,10.75,0,13,200
1865,361723,82.9616666666667,0.06000000000000005,10.945,0,21,200
1866,361923,90.12166666666675,0.030000000000000027,10.735,0,21,200
1867,362123,97.51333333333338,0.020000000000000018,10.58,0,14,200
1868,362323,96.32166666666669,0.0,10.705,0,20,200
1869,362523,86.00499999999997,0.05500000000000005,10.875,0,17,200
1870,362723,98.71166666666674,0.0,10.825,0,17,200
1871,362923,95.2716666666668,0.0,10.825,0,22,200
1872,363123,93.54333333333335,0.030000000000000027,10.91,0,14,200
1873,363323,96.91000000000012,0.020000000000000018,10.92,0,11,200
1874,363523,92.46166666666669,0.0,10.765,0,30,200
1875,363723,99.80833333333341,0.010000000000000009,10.745,0,11,200
1876,363923,82.58499999999995,0.07499999999999996,10.845,0,18,200
1877,364123,97.55000000000011,0.0050000000000000044,10.83,0,16,200
1878,364323,98.14333333333344,0.0050000000000000044,10.85,0,14,200
1879,364523,81.52000000000012,0.07499999999999996,10.74,0,19,200
1880,364723,93.28666666666676,0.0050000000000000044,10.87,0,23,200
1881,364923,94.88500000000006,0.015000000000000013,10.755,0,19,200
1882,365123,100.46500000000015,0.0,10.905,0,12,200
1883,365323,100.91833333333341,0.0,10.775,0,11,200
1884,365523,97.21666666666675,0.0,10.9,0,16,200
1885,365723,101.46833333333345,0.0,10.865,0,10,200
1886,365923,88.92666666666666,0.03500000000000003,10.78,0,21,200
1887,366123,93.51833333333342,0.03500000000000003,10.925,0,10,200
1888,366323,93.7366666666667,0.015000000000000013,10.72,0,21,200
1889,366523,94.90666666666675,0.0,10.84,0,25,200
1890,366723,98.58833333333347,0.0,10.955,0,15,200
1891,366923,86.885,0.03500000000000003,10.725,0,23,200
1892,367123,93.56000000000003,0.0050000000000000044,10.71,0,23,200
1893,367323,84.25833333333338,0.050000000000000044,10.835,0,23,200
1894,367523,98.92333333333343,0.0,10.73,0,16,200
1895,367723,98.77500000000002,0.0,10.845,0,17,200
1896,367923,92.89000000000006,0.020000000000000018,10.68,0,21,200
1897,368123,83.20666666666664,0.06000000000000005,10.93,0,21,200
1898,368323,95.87333333333342,0.015000000000000013,10.82,0,16,200
1899,368523,95.47166666666672,0.025000000000000022,10.825,0,12,200
1900,368723,98.25166666666672,0.010000000000000009,10.885,0,13,200
1901,368923,95.54499999999999,0.010000000000000009,11.115,0,11,200
1902,369123,76.48666666666676,0.06499999999999995,11.14,0,22,200
1903,369323,97.34666666666672,0.0,10.81,0,18,200
1904,369523,96.08333333333344,0.0050000000000000044,10.7,0,18,200
1905,369723,92.13000000000012,0.025000000000000022,10.95,0,16,200
1906,369923,96.30000000000001,0.0050000000000000044,10.92,0,17,200
1907,370123,97.7766666666668,0.0050000000000000044,10.84,0,15,200
1908,370323,84.93333333333334,0.03500000000000003,10.91,0,25,200
1909,370523,84.80166666666668,0.050000000000000044,11.005,0,17,200
1910,370723,89.13500000000002,0.020000000000000018,10.905,0,23,200
1911,370923,97.4716666666667,0.0050000000000000044,10.675,0,18,200
1912,371123,96.37500000000009,0.010000000000000009,10.725,0,17,200
1913,371323,94.51500000000009,0.020000000000000018,10.785,0,16,200
1914,371523,87.64666666666672,0.050000000000000044,11.05,0,13,200
1915,371723,94.89000000000013,0.010000000000000009,10.65,0,21,200
1916,371923,92.81166666666672,0.0,10.765,0,27,200
1917,372123,86.11666666666673,0.06999999999999995,11.02,0,11,200
1918,372323,94.59333333333348,0.015000000000000013,10.82,0,18,200
1919,372523,98.28333333333347,0.0,10.82,0,17,200
1920,372723,85.33666666666674,0.06000000000000005,11.05,0,17,200
1921,372923,98.00833333333348,0.0050000000000000044,10.895,0,13,200
1922,373123,98.21666666666678,0.010000000000000009,10.96,0,12,200
1923,373323,90.68833333333342,0.025000000000000022,10.955,0,20,200
1924,373523,98.58333333333348,0.0,10.88,0,15,200
1925,373723,96.8616666666668,0.015000000000000013,10.765,0,13,200
1926,373923,94.26166666666667,0.010000000000000009,10.915,0,19,200
1927,374123,100.40833333333347,0.0,10.895,0,12,200
1928,374323,95.8566666666667,0.015000000000000013,10.75,0,16,200
1929,374523,93.80500000000005,0.015000000000000013,10.725,0,18,200
1930,374723,96.71000000000006,0.0050000000000000044,10.92,0,17,200
1931,374923,98.22000000000006,0.010000000000000009,10.86,0,13,200
1932,375123,88.98500000000006,0.04500000000000004,10.905,0,16,200
1933,375323,97.67500000000014,0.010000000000000009,10.905,0,13,200
1934,375523,94.14833333333334,0.015000000000000013,10.775,0,20,200
1935,375723,98.64166666666682,0.020000000000000018,10.885,0,9,200
1936,375923,91.30500000000005,0.030000000000000027,10.905,0,16,200
1937,376123,91.86666666666672,0.030000000000000027,10.9,0,18,200
1938,376323,94.78166666666671,0.015000000000000013,10.885,0,16,200
1939,376523,87.16833333333331,0.06000000000000005,10.775,0,15,200
1940,376723,79.91166666666662,0.06000000000000005,10.825,0,28,200
1941,376923,90.51000000000005,0.04500000000000004,10.86,0,13,200
1942,377123,102.25500000000022,0.0,10.935,0,9,200
1943,377323,79.90000000000002,0.07999999999999996,10.8,0,20,200
1944,377523,102.63333333333347,0.0,10.94,0,8,200
1945,377723,91.94166666666672,0.0050000000000000044,10.795,0,24,200
1946,377923,98.23500000000006,0.0,10.845,0,15,200
1947,378123,98.12000000000009,0.0,10.71,0,19,200
1948,378323,91.79666666666672,0.030000000000000027,10.81,0,17,200
1949,378523,94.63000000000005,0.0050000000000000044,10.8,0,21,200
1950,378723,92.1633333333334,0.025000000000000022,10.7,0,19,200
1951,378923,76.97833333333332,0.12,10.835,0,10,200
1952,379123,97.16000000000014,0.0050000000000000044,10.86,0,15,200
1953,379323,99.28333333333347,0.0,10.79,0,15,200
1954,379523,95.85833333333342,0.010000000000000009,10.805,0,15,200
1955,379723,100.02333333333345,0.010000000000000009,10.79,0,11,200
1956,379923,81.19500000000001,0.09499999999999997,10.605,0,16,200
1957,380123,92.88166666666676,0.025000000000000022,10.825,0,15,200
1958,380323,95.82666666666677,0.03500000000000003,10.87,0,9,200
1959,380523,99.23333333333349,0.0,10.85,0,15,200
1960,380723,88.62666666666674,0.050000000000000044,10.84,0,15,200
1961,380923,90.67333333333337,0.030000000000000027,10.85,0,18,200
1962,381123,97.16333333333343,0.0050000000000000044,10.76,0,17,200
1963,381323,99.91833333333346,0.0,10.895,0,12,200
1964,381523,101.90500000000011,0.0,10.965,0,9,200
1965,381723,101.04000000000013,0.0050000000000000044,10.77,0,12,200
1966,381923,94.1300000000001,0.030000000000000027,10.92,0,12,200
1967,382123,92.42000000000004,0.04500000000000004,10.8,0,11,200
1968,382323,102.33000000000015,0.0050000000000000044,10.8,0,8,200
1969,382523,78.46166666666673,0.09499999999999997,10.915,0,18,200
1970,382723,98.7950000000001,0.0050000000000000044,10.905,0,12,200
1971,382923,100.52000000000008,0.0050000000000000044,10.98,0,10,200
1972,383123,101.08666666666679,0.0,10.9,0,12,200
1973,383323,99.64000000000009,0.0,10.89,0,13,200
1974,383523,102.60833333333348,0.0,10.955,0,8,200
1975,383723,96.56666666666679,0.015000000000000013,10.84,0,14,200
1976,383923,98.02333333333344,0.0050000000000000044,10.79,0,16,200
1977,384123,86.41333333333337,0.06499999999999995,10.58,0,19,200
1978,384323,98.03500000000011,0.015000000000000013,10.845,0,11,200
1979,384523,96.42000000000013,0.025000000000000022,10.95,0,9,200
1980,384723,101.57166666666687,0.0,10.885,0,12,200
1981,384923,98.18500000000017,0.015000000000000013,10.785,0,12,200
1982,385123,93.79000000000005,0.010000000000000009,10.8,0,22,200
1983,385323,99.26500000000011,0.0050000000000000044,10.905,0,13,200
1984,385523,99.74666666666681,0.010000000000000009,10.84,0,10,200
1985,385723,97.32333333333344,0.015000000000000013,10.85,0,11,200
1986,385923,94.40333333333339,0.0050000000000000044,10.91,0,17,200
1987,386123,95.82666666666671,0.010000000000000009,10.81,0,19,200
1988,386323,95.94000000000005,0.010000000000000009,10.77,0,19,200
1989,386523,88.2466666666667,0.05500000000000005,10.78,0,16,200
1990,386723,97.01333333333343,0.0050000000000000044,10.91,0,16,200
1991,386923,80.95833333333336,0.07999999999999996,10.805,0,19,200
1992,387123,89.97333333333339,0.050000000000000044,10.88,0,13,200
1993,387323,98.05333333333348,0.015000000000000013,10.79,0,12,200
1994,387523,100.05000000000008,0.0,10.86,0,14,200
1995,387723,90.84833333333344,0.050000000000000044,10.895,0,11,200
1996,387923,84.39000000000003,0.06499999999999995,10.83,0,19,200
1997,388123,85.46500000000002,0.06999999999999995,10.785,0,14,200
1998,388323,97.96333333333348,0.0,10.85,0,17,200
1999,388523,103.50333333333346,0.0,10.88,0,8,200
2000,388723,99.2866666666668,0.0050000000000000044,10.87,0,11,200
2001,388923,95.48666666666675,0.0,10.81,0,20,200
2002,389123,101.72666666666677,0.0,10.9,0,12,200
2003,389323,100.17333333333347,0.0,10.88,0,11,200
2004,389523,95.69166666666672,0.025000000000000022,10.825,0,13,200
2005,389723,99.70333333333345,0.0050000000000000044,10.67,0,15,200
2006,389923,87.03666666666665,0.03500000000000003,10.81,0,23,200
2007,390123,97.99000000000008,0.0050000000000000044,10.74,0,16,200
2008,390323,88.98666666666675,0.03500000000000003,10.87,0,21,200
2009,390523,87.0833333333334,0.050000000000000044,10.79,0,19,200
2010,390723,98.25500000000008,0.0,10.635,0,19,200
2011,390923,94.73666666666672,0.010000000000000009,10.78,0,18,200
2012,391123,92.65666666666675,0.025000000000000022,10.87,0,18,200
2013,391323,94.63833333333342,0.0050000000000000044,10.715,0,22,200
2014,391523,100.62000000000012,0.0050000000000000044,10.83,0,10,200
2015,391723,88.6550000000001,0.07499999999999996,10.665,0,9,200
2016,391923,99.4200000000001,0.0,10.86,0,17,200
2017,392123,101.15333333333346,0.0,10.88,0,13,200
2018,392323,97.41500000000012,0.025000000000000022,10.905,0,10,200
2019,392523,85.78999999999999,0.06000000000000005,10.86,0,17,200
2020,392723,94.18500000000007,0.03500000000000003,10.965,0,10,200
2021,392923,96.04000000000016,0.03500000000000003,10.86,0,8,200
2022,393123,94.38000000000014,0.030000000000000027,10.92,0,12,200
2023,393323,94.3750000000001,0.030000000000000027,10.845,0,12,200
2024,393523,98.46500000000005,0.0050000000000000044,10.875,0,14,200
2025,393723,97.66833333333348,0.020000000000000018,10.835,0,11,200
2026,393923,98.76000000000013,0.0,10.8,0,17,200
2027,394123,95.71833333333346,0.030000000000000027,10.865,0,10,200
2028,394323,93.66166666666673,0.015000000000000013,10.855,0,19,200
2029,394523,95.80166666666672,0.0,10.855,0,21,200
2030,394723,96.84166666666663,0.010000000000000009,10.555,0,19,200
2031,394923,94.36999999999999,0.010000000000000009,10.98,0,18,200
2032,395123,85.21833333333338,0.050000000000000044,10.895,0,19,200
2033,395323,85.15500000000006,0.04500000000000004,10.875,0,21,200
2034,395523,96.38166666666676,0.0050000000000000044,10.705,0,22,200
2035,395723,93.20333333333328,0.020000000000000018,10.79,0,18,200
2036,395923,91.13500000000006,0.030000000000000027,10.905,0,19,200
2037,396123,100.50000000000014,0.0,10.89,0,11,200
2038,396323,92.12000000000005,0.03500000000000003,10.92,0,14,200
2039,396523,98.1700000000001,0.0050000000000000044,10.8,0,16,200
2040,396723,93.91333333333341,0.025000000000000022,10.7,0,16,200
2041,396923,88.3483333333333,0.025000000000000022,10.805,0,27,200
2042,397123,96.30666666666677,0.0050000000000000044,10.93,0,18,200
2043,397323,97.92333333333343,0.0,10.88,0,14,200
2044,397523,93.56666666666679,0.03500000000000003,11.05,0,10,200
2045,397723,91.79833333333342,0.040000000000000036,10.865,0,12,200
2046,397923,96.34500000000006,0.0,10.905,0,19,200
2047,398123,95.11666666666676,0.0,10.81,0,22,200
2048,398323,102.80000000000011,0.0,10.95,0,8,200
2049,398523,100.14500000000015,0.0,10.965,0,12,200
2050,398723,92.22166666666679,0.04500000000000004,10.735,0,12,200
2051,398923,96.8016666666667,0.0050000000000000044,10.885,0,16,200
2052,399123,74.15666666666658,0.14,10.87,0,11,200
2053,399323,97.63666666666674,0.010000000000000009,10.81,0,15,200
2054,399523,97.17333333333336,0.0050000000000000044,10.88,0,17,200
2055,399723,90.13166666666677,0.04500000000000004,10.885,0,15,200
2056,399923,88.57166666666681,0.05500000000000005,10.765,0,16,200
2057,400123,85.05666666666669,0.06499999999999995,10.84,0,17,200
2058,400323,102.11166666666679,0.0,10.885,0,10,200
2059,400523,97.20000000000003,0.0,10.83,0,17,200
2060,400723,97.56833333333338,0.0,10.955,0,14,200
2061,400923,95.64166666666675,0.010000000000000009,10.885,0,16,200
2062,401123,94.79666666666678,0.020000000000000018,10.84,0,16,200
2063,401323,95.3083333333334,0.015000000000000013,10.805,0,16,200
2064,401523,98.97833333333337,0.0,10.715,0,17,200
2065,401723,98.28666666666682,0.010000000000000009,10.9,0,15,200
2066,401923,92.33166666666672,0.025000000000000022,10.855,0,18,200
2067,402123,93.18666666666674,0.030000000000000027,10.93,0,15,200
2068,402323,93.98833333333344,0.025000000000000022,10.865,0,16,200
2069,402523,97.02833333333336,0.0,10.805,0,17,200
2070,402723,99.97000000000014,0.0,10.8,0,15,200
2071,402923,102.82000000000018,0.0,10.92,0,8,200
2072,403123,101.8999999999999,0.0050000000000000044,10.65,0,10,200
2073,403323,101.59666666666679,0.0,10.9,0,10,200
2074,403523,98.15833333333346,0.015000000000000013,10.655,0,16,200
2075,403723,99.02500000000013,0.025000000000000022,10.815,0,8,200
2076,403923,98.32000000000006,0.0050000000000000044,10.83,0,16,200
2077,404123,75.9483333333333,0.09999999999999998,10.685,0,23,200
2078,404323,99.56666666666672,0.0,10.9,0,14,200
2079,404523,89.21333333333341,0.050000000000000044,10.79,0,15,200
2080,404723,100.22000000000011,0.0,10.83,0,15,200
2081,404923,96.315,0.020000000000000018,10.755,0,13,200
2082,405123,100.85666666666684,0.0,10.96,0,10,200
2083,405323,85.52333333333341,0.06000000000000005,10.88,0,17,200
2084,405523,101.2100000000001,0.0050000000000000044,10.86,0,9,200
2085,405723,99.18166666666671,0.010000000000000009,10.765,0,13,200
2086,405923,88.19166666666665,0.04500000000000004,10.675,0,20,200
2087,406123,100.78333333333353,0.010000000000000009,10.76,0,11,200
2088,406323,90.98500000000006,0.030000000000000027,10.875,0,18,200
2089,406523,95.84333333333348,0.0,10.88,0,19,200
2090,406723,97.68500000000013,0.015000000000000013,10.575,0,17,200
2091,406923,93.2850000000001,0.010000000000000009,10.725,0,23,200
2092,407123,100.03499999999997,0.0050000000000000044,10.815,0,12,200
2093,407323,90.19333333333337,0.025000000000000022,10.91,0,20,200
2094,407523,101.38833333333338,0.0,10.895,0,10,200
2095,407723,83.96333333333338,0.06999999999999995,10.91,0,14,200
2096,407923,100.86666666666677,0.0,10.87,0,14,200
2097,408123,99.68,0.0,10.74,0,16,200
2098,408323,76.19,0.125,10.77,0,13,200
2099,408523,97.50166666666675,0.010000000000000009,10.795,0,16,200
2100,408723,100.60833333333338,0.0,10.805,0,12,200
2101,408923,86.47666666666669,0.06499999999999995,10.72,0,17,200
2102,409123,77.10166666666666,0.10999999999999999,10.825,0,16,200
2103,409323,95.77500000000013,0.0050000000000000044,10.845,0,17,200
2104,409523,102.50666666666675,0.0,10.75,0,11,200
2105,409723,98.92500000000008,0.010000000000000009,10.935,0,11,200
2106,409923,102.41666666666671,0.0,10.9,0,7,200
2107,410123,99.51000000000016,0.0,10.8,0,16,200
2108,410323,102.18000000000019,0.0,10.92,0,10,200
2109,410523,92.93666666666667,0.03500000000000003,10.63,0,16,200
2110,410723,69.16166666666669,0.15000000000000002,10.885,0,12,200
2111,410923,95.15499999999994,0.010000000000000009,10.755,0,19,200
2112,411123,99.69666666666677,0.0,10.96,0,10,200
2113,411323,93.61666666666682,0.010000000000000009,10.93,0,18,200
2114,411523,96.42500000000011,0.030000000000000027,10.875,0,9,200
2115,411723,97.3733333333335,0.015000000000000013,10.82,0,13,200
2116,411923,97.42000000000009,0.0,10.89,0,15,200
2117,412123,81.48500000000003,0.06999999999999995,10.965,0,19,200
2118,412323,91.9683333333332,0.020000000000000018,10.565,0,25,200
2119,412523,93.18333333333337,0.030000000000000027,10.76,0,16,200
2120,412723,97.6566666666667,0.0,10.78,0,19,200
2121,412923,89.89333333333342,0.03500000000000003,10.85,0,19,200
2122,413123,100.87500000000011,0.015000000000000013,10.905,0,6,200
2123,413323,85.12166666666677,0.05500000000000005,10.675,0,23,200
2124,413523,98.76500000000011,0.0050000000000000044,10.875,0,12,200
2125,413723,95.96000000000019,0.025000000000000022,10.74,0,13,200
2126,413923,92.14666666666672,0.020000000000000018,10.9,0,17,200
2127,414123,98.2116666666667,0.015000000000000013,10.915,0,10,200
2128,414323,88.29000000000005,0.040000000000000036,10.95,0,18,200
2129,414523,97.48000000000012,0.020000000000000018,11.04,0,8,200
2130,414723,93.07833333333349,0.025000000000000022,11.015,0,12,200
2131,414923,97.18166666666689,0.010000000000000009,10.825,0,15,200
2132,415123,98.6100000000002,0.010000000000000009,10.89,0,12,200
2133,415323,97.77500000000003,0.03500000000000003,10.935,0,5,200
2134,415523,101.02166666666683,0.0,10.975,0,10,200
2135,415723,100.09666666666676,0.0,10.96,0,9,200
2136,415923,105.97500000000028,0.0,10.905,0,4,200
2137,416123,97.91500000000009,0.0,10.755,0,16,200
2138,416323,98.09833333333351,0.030000000000000027,10.865,0,8,200
2139,416523,82.25,0.08999999999999997,11.01,0,10,200
2140,416723,102.58666666666676,0.0,11.02,0,4,200
2141,416923,99.49666666666664,0.0,10.87,0,14,200
2142,417123,97.57500000000003,0.025000000000000022,10.695,0,11,200
2143,417323,101.42000000000017,0.010000000000000009,10.71,0,10,200
2144,417523,97.0833333333334,0.010000000000000009,10.73,0,15,200
2145,417723,88.21666666666667,0.03500000000000003,10.9,0,20,200
2146,417923,99.78500000000022,0.010000000000000009,10.875,0,10,200
2147,418123,100.76166666666678,0.010000000000000009,10.795,0,9,200
2148,418323,95.42166666666675,0.025000000000000022,10.825,0,15,200
2149,418523,101.41333333333347,0.0,10.88,0,10,200
2150,418723,97.70666666666678,0.015000000000000013,10.9,0,12,200
2151,418923,94.45000000000002,0.025000000000000022,10.74,0,15,200
2152,419123,93.00000000000013,0.025000000000000022,10.92,0,15,200
2153,419323,99.85833333333355,0.0,10.715,0,15,200
2154,419523,101.44666666666681,0.0,10.93,0,11,200
2155,419723,95.49333333333342,0.03500000000000003,10.85,0,9,200
2156,419923,99.03000000000007,0.015000000000000013,10.83,0,8,200
2157,420123,100.33166666666685,0.0050000000000000044,10.765,0,11,200
2158,420323,98.20499999999998,0.015000000000000013,10.845,0,12,200
2159,420523,98.36166666666679,0.010000000000000009,11.005,0,9,200
2160,420723,93.21666666666673,0.04500000000000004,10.96,0,9,200
2161,420923,102.65500000000014,0.0050000000000000044,10.785,0,8,200
2162,421123,95.54999999999997,0.03500000000000003,10.89,0,8,200
2163,421323,102.76833333333346,0.0,10.895,0,10,200
2164,421523,99.99166666666677,0.0,10.855,0,13,200
2165,421723,102.57000000000014,0.0,10.71,0,11,200
2166,421923,100.45833333333336,0.015000000000000013,10.535,0,12,200
2167,422123,99.40166666666681,0.0,10.885,0,14,200
2168,422323,98.53666666666679,0.0,10.84,0,15,200
2169,422523,98.7150000000001,0.0050000000000000044,10.965,0,12,200
2170,422723,102.25500000000018,0.010000000000000009,10.935,0,7,200
2171,422923,105.24000000000024,0.0,10.92,0,5,200
2172,423123,94.97333333333337,0.010000000000000009,10.7,0,21,200
2173,423323,100.09333333333339,0.0050000000000000044,10.88,0,12,200
2174,423523,92.78333333333336,0.025000000000000022,10.91,0,16,200
2175,423723,98.86666666666679,0.010000000000000009,10.78,0,14,200
2176,423923,103.55833333333342,0.0,10.805,0,7,200
2177,424123,99.21333333333348,0.020000000000000018,10.94,0,6,200
2178,424323,98.4016666666668,0.020000000000000018,10.795,0,10,200
2179,424523,91.63833333333343,0.040000000000000036,10.895,0,12,200
2180,424723,99.18500000000013,0.0050000000000000044,10.725,0,14,200
2181,424923,104.26666666666688,0.0,10.75,0,6,200
2182,425123,84.56666666666676,0.07499999999999996,10.99,0,12,200
2183,425323,97.47833333333347,0.020000000000000018,10.775,0,13,200
2184,425523,100.91666666666679,0.0,10.84,0,12,200
2185,425723,99.53666666666679,0.0050000000000000044,10.9,0,12,200
2186,425923,100.79000000000012,0.0050000000000000044,10.89,0,11,200
2187,426123,98.00666666666675,0.010000000000000009,10.87,0,12,200
2188,426323,84.59166666666674,0.06000000000000005,10.945,0,19,200
2189,426523,93.80333333333344,0.04500000000000004,10.94,0,8,200
2190,426723,100.89500000000015,0.010000000000000009,10.755,0,11,200
2191,426923,94.8550000000001,0.04500000000000004,10.845,0,8,200
2192,427123,94.79166666666679,0.025000000000000022,10.825,0,15,200
2193,427323,99.02666666666681,0.0050000000000000044,10.87,0,12,200
2194,427523,95.03666666666682,0.040000000000000036,10.9,0,9,200
2195,427723,95.16166666666676,0.040000000000000036,10.705,0,11,200
2196,427923,105.29000000000019,0.0050000000000000044,10.8,0,4,200
2197,428123,106.2983333333336,0.0,10.715,0,6,200
2198,428323,95.22500000000008,0.03500000000000003,10.755,0,11,200
2199,428523,99.98000000000016,0.010000000000000009,10.83,0,10,200
2200,428723,96.22666666666673,0.020000000000000018,10.72,0,15,200
2201,428923,102.22833333333351,0.0,10.925,0,10,200
2202,429123,97.66333333333348,0.020000000000000018,10.91,0,10,200
2203,429323,97.40166666666677,0.0050000000000000044,10.885,0,15,200
2204,429523,101.38333333333348,0.0,10.88,0,12,200
2205,429723,98.91666666666674,0.0,10.84,0,16,200
2206,429923,98.40833333333345,0.020000000000000018,10.745,0,11,200
2207,430123,96.7050000000001,0.010000000000000009,10.935,0,15,200
2208,430323,91.65166666666674,0.03500000000000003,10.915,0,16,200
2209,430523,94.89166666666671,0.015000000000000013,10.885,0,16,200
2210,430723,100.63833333333345,0.0050000000000000044,10.895,0,11,200
2211,430923,98.37666666666685,0.010000000000000009,10.87,0,13,200
2212,431123,87.5116666666667,0.050000000000000044,10.675,0,22,200
2213,431323,100.73833333333351,0.0050000000000000044,10.925,0,9,200
2214,431523,96.34000000000012,0.010000000000000009,10.83,0,17,200
2215,431723,99.80666666666677,0.0,10.84,0,13,200
2216,431923,101.1333333333335,0.010000000000000009,10.91,0,8,200
2217,432123,94.6916666666667,0.020000000000000018,10.645,0,17,200
2218,432323,100.3416666666668,0.0050000000000000044,10.885,0,11,200
2219,432523,102.7083333333335,0.0050000000000000044,10.925,0,7,200
2220,432723,103.5783333333335,0.0,10.955,0,7,200
2221,432923,102.62000000000012,0.0050000000000000044,10.89,0,8,200
2222,433123,82.55499999999999,0.07999999999999996,10.815,0,15,200
2223,433323,96.08833333333337,0.020000000000000018,10.805,0,15,200
2224,433523,101.17833333333346,0.0,10.925,0,10,200
2225,433723,95.87500000000016,0.040000000000000036,10.875,0,7,200
2226,433923,101.3116666666668,0.0,10.855,0,13,200
2227,434123,100.22000000000017,0.0050000000000000044,10.83,0,11,200
2228,434323,99.91666666666679,0.010000000000000009,10.9,0,10,200
2229,434523,103.8433333333335,0.0,10.91,0,7,200
2230,434723,100.94833333333347,0.010000000000000009,10.745,0,11,200
2231,434923,88.85833333333335,0.03500000000000003,10.835,0,21,200
2232,435123,93.96333333333342,0.030000000000000027,10.94,0,13,200
2233,435323,100.90000000000012,0.0050000000000000044,10.74,0,13,200
2234,435523,97.38833333333343,0.020000000000000018,10.865,0,12,200
2235,435723,84.74500000000003,0.04500000000000004,10.875,0,24,200
2236,435923,105.52333333333351,0.0,10.82,0,4,200
2237,436123,95.1833333333334,0.015000000000000013,10.91,0,15,200
2238,436323,102.26666666666684,0.0,10.9,0,10,200
2239,436523,99.1216666666668,0.0,10.885,0,14,200
2240,436723,105.37500000000021,0.0,10.785,0,6,200
2241,436923,100.45000000000013,0.0,10.89,0,12,200
2242,437123,101.56666666666679,0.0,10.9,0,12,200
2243,437323,99.88333333333348,0.0050000000000000044,10.91,0,10,200
2244,437523,97.48666666666675,0.010000000000000009,10.84,0,15,200
2245,437723,87.50000000000003,0.05500000000000005,10.86,0,15,200
2246,437923,93.45666666666673,0.010000000000000009,10.87,0,20,200
2247,438123,104.43833333333342,0.0,10.925,0,5,200
2248,438323,96.54333333333331,0.0,10.85,0,18,200
2249,438523,90.74000000000011,0.050000000000000044,10.83,0,11,200
2250,438723,80.30166666666663,0.10499999999999998,11.035,0,9,200
2251,438923,78.39000000000004,0.09999999999999998,10.8,0,17,200
2252,439123,102.81666666666682,0.0,10.87,0,9,200
2253,439323,101.8716666666668,0.0050000000000000044,10.945,0,7,200
2254,439523,97.67333333333343,0.025000000000000022,10.91,0,10,200
2255,439723,98.89000000000007,0.0,10.86,0,16,200
2256,439923,98.6883333333334,0.0,10.745,0,16,200
2257,440123,88.02666666666676,0.03500000000000003,10.84,0,19,200
2258,440323,97.06500000000007,0.020000000000000018,10.905,0,11,200
2259,440523,101.65833333333347,0.010000000000000009,10.895,0,6,200
2260,440723,89.26333333333334,0.04500000000000004,10.88,0,16,200
2261,440923,99.59000000000015,0.0050000000000000044,10.77,0,15,200
2262,441123,103.53000000000017,0.0050000000000000044,10.74,0,7,200
2263,441323,103.31500000000021,0.0,10.875,0,9,200
2264,441523,95.81166666666685,0.020000000000000018,10.945,0,11,200
2265,441723,91.69166666666675,0.040000000000000036,10.765,0,15,200
2266,441923,101.76166666666674,0.0050000000000000044,10.795,0,9,200
2267,442123,96.82500000000014,0.010000000000000009,10.905,0,16,200
2268,442323,99.32333333333345,0.015000000000000013,10.88,0,6,200
2269,442523,97.1533333333335,0.0,10.88,0,17,200
2270,442723,88.92333333333335,0.030000000000000027,10.85,0,23,200
2271,442923,101.43500000000023,0.025000000000000022,10.875,0,4,200
2272,443123,101.51000000000016,0.0,10.74,0,13,200
2273,443323,97.39000000000013,0.0,10.92,0,15,200
2274,443523,101.86166666666684,0.0,10.885,0,11,200
2275,443723,92.2700000000001,0.040000000000000036,10.98,0,13,200
2276,443923,102.99000000000021,0.0050000000000000044,10.86,0,8,200
2277,444123,99.46500000000016,0.020000000000000018,10.965,0,7,200
2278,444323,103.90000000000016,0.0,10.86,0,6,200
2279,444523,97.78166666666681,0.025000000000000022,10.825,0,10,200
2280,444723,74.25499999999997,0.11499999999999999,10.875,0,17,200
2281,444923,99.36666666666682,0.0050000000000000044,10.84,0,12,200
2282,445123,96.68833333333343,0.020000000000000018,10.895,0,11,200
2283,445323,101.58666666666684,0.0050000000000000044,10.93,0,9,200
2284,445523,101.58000000000015,0.0050000000000000044,10.77,0,11,200
2285,445723,100.0200000000002,0.0050000000000000044,10.92,0,11,200
2286,445923,81.00000000000004,0.08999999999999997,10.92,0,12,200
2287,446123,88.95166666666677,0.050000000000000044,10.945,0,13,200
2288,446323,55.3783333333333,0.16000000000000003,11.015,0,29,200
2289,446523,92.4650000000001,0.030000000000000027,10.815,0,16,200
2290,446723,98.8616666666668,0.0050000000000000044,10.885,0,14,200
2291,446923,100.99500000000008,0.0050000000000000044,10.875,0,11,200
2292,447123,91.71000000000012,0.040000000000000036,10.86,0,15,200
2293,447323,94.81333333333345,0.030000000000000027,10.88,0,13,200
2294,447523,102.69166666666685,0.010000000000000009,10.825,0,5,200
2295,447723,102.20333333333349,0.0050000000000000044,10.82,0,8,200
2296,447923,97.26666666666682,0.030000000000000027,10.84,0,9,200
2297,448123,101.90166666666681,0.0050000000000000044,10.615,0,12,200
2298,448323,103.13833333333353,0.0050000000000000044,10.955,0,6,200
2299,448523,92.42666666666678,0.050000000000000044,10.72,0,11,200
2300,448723,93.97166666666676,0.010000000000000009,10.825,0,20,200
2301,448923,94.73500000000008,0.0,10.815,0,22,200
2302,449123,96.68833333333333,0.0,10.895,0,19,200
2303,449323,95.93000000000008,0.0,10.98,0,20,200
2304,449523,85.54166666666677,0.05500000000000005,10.885,0,17,200
2305,449723,104.30000000000027,0.0,10.86,0,7,200
2306,449923,98.39166666666684,0.010000000000000009,11.035,0,13,200
2307,450123,94.44333333333326,0.0050000000000000044,11.0,0,19,200
2308,450323,105.71833333333353,0.0,10.865,0,4,200
2309,450523,79.8350000000001,0.06499999999999995,10.995,0,23,200
2310,450723,103.5250000000002,0.0050000000000000044,10.905,0,6,200
2311,450923,98.40666666666681,0.025000000000000022,10.9,0,6,200
2312,451123,98.17000000000006,0.0050000000000000044,10.86,0,14,200
2313,451323,103.23833333333347,0.0050000000000000044,10.865,0,7,200
2314,451523,103.22500000000015,0.0,10.935,0,7,200
2315,451723,102.88333333333348,0.0,10.7,0,11,200
2316,451923,90.54166666666673,0.040000000000000036,10.645,0,18,200
2317,452123,99.82333333333351,0.0050000000000000044,10.91,0,11,200
2318,452323,93.75833333333343,0.025000000000000022,10.895,0,13,200
2319,452523,101.45666666666679,0.0050000000000000044,10.93,0,9,200
2320,452723,98.31333333333352,0.025000000000000022,10.91,0,8,200
2321,452923,96.60833333333346,0.015000000000000013,10.805,0,15,200
2322,453123,101.66833333333349,0.0,10.685,0,14,200
2323,453323,96.00333333333347,0.030000000000000027,10.88,0,10,200
2324,453523,103.94500000000014,0.0,10.875,0,7,200
2325,453723,96.5783333333334,0.025000000000000022,10.865,0,11,200
2326,453923,98.08500000000012,0.015000000000000013,10.875,0,11,200
2327,454123,98.31333333333349,0.015000000000000013,10.82,0,13,200
2328,454323,88.88166666666675,0.05500000000000005,10.915,0,13,200
2329,454523,99.42500000000017,0.0,10.845,0,14,200
2330,454723,98.58000000000014,0.0050000000000000044,10.89,0,14,200
2331,454923,101.03833333333353,0.015000000000000013,10.925,0,7,200
2332,455123,98.28500000000018,0.010000000000000009,10.845,0,12,200
2333,455323,103.98166666666688,0.0,10.885,0,8,200
2334,455523,92.29666666666675,0.025000000000000022,10.81,0,18,200
2335,455723,100.91333333333345,0.0,10.91,0,12,200
2336,455923,100.14500000000011,0.0050000000000000044,10.845,0,13,200
2337,456123,94.55666666666674,0.020000000000000018,10.96,0,15,200
2338,456323,94.5233333333335,0.025000000000000022,10.88,0,13,200
2339,456523,100.94500000000016,0.0,10.815,0,13,200
2340,456723,103.9550000000002,0.0,10.935,0,7,200
2341,456923,98.6316666666668,0.010000000000000009,10.855,0,12,200
2342,457123,101.53833333333345,0.0,10.835,0,11,200
2343,457323,99.15333333333355,0.0,10.7,0,18,200
2344,457523,98.16166666666678,0.015000000000000013,10.885,0,11,200
2345,457723,81.14000000000001,0.06000000000000005,10.8,0,25,200
2346,457923,94.35333333333341,0.015000000000000013,10.85,0,16,200
2347,458123,91.43833333333339,0.050000000000000044,10.865,0,10,200
2348,458323,98.07666666666674,0.0050000000000000044,10.87,0,15,200
2349,458523,94.04500000000012,0.025000000000000022,11.025,0,12,200
2350,458723,97.74000000000012,0.015000000000000013,10.92,0,10,200
2351,458923,95.50000000000016,0.025000000000000022,10.89,0,13,200
2352,459123,87.94833333333337,0.030000000000000027,10.895,0,22,200
2353,459323,97.09500000000016,0.020000000000000018,10.785,0,12,200
2354,459523,97.08833333333348,0.0050000000000000044,10.805,0,18,200
2355,459723,99.77333333333344,0.0050000000000000044,10.79,0,11,200
2356,459923,93.5466666666668,0.025000000000000022,10.57,0,19,200
2357,460123,101.47333333333346,0.0050000000000000044,10.58,0,13,200
2358,460323,91.41333333333345,0.04500000000000004,10.82,0,11,200
2359,460523,91.48000000000009,0.040000000000000036,10.92,0,13,200
2360,460723,62.711666666666616,0.15500000000000003,10.885,0,24,200
2361,460923,96.45833333333334,0.015000000000000013,10.865,0,14,200
2362,461123,93.54666666666674,0.03500000000000003,10.87,0,12,200
2363,461323,104.23500000000024,0.0,10.935,0,6,200
2364,461523,85.9566666666667,0.06000000000000005,10.78,0,18,200
2365,461723,102.11166666666679,0.0,10.915,0,9,200
2366,461923,94.07333333333348,0.010000000000000009,10.82,0,20,200
2367,462123,94.22166666666679,0.030000000000000027,10.885,0,11,200
2368,462323,93.39166666666678,0.030000000000000027,10.915,0,14,200
2369,462523,97.6916666666668,0.025000000000000022,10.915,0,7,200
2370,462723,99.26166666666677,0.0050000000000000044,10.765,0,16,200
2371,462923,103.30166666666685,0.0050000000000000044,10.825,0,7,200
2372,463123,71.0433333333333,0.10999999999999999,10.94,0,24,200
2373,463323,103.80666666666684,0.0,10.87,0,7,200
2374,463523,104.36666666666684,0.0,10.93,0,7,200
2375,463723,102.19833333333354,0.0,10.955,0,10,200
2376,463923,102.39000000000016,0.0,10.92,0,9,200
2377,464123,104.7500000000002,0.0,10.98,0,5,200
2378,464323,101.15666666666684,0.0,10.93,0,10,200
2379,464523,84.24500000000003,0.06999999999999995,10.905,0,17,200
2380,464723,100.27833333333348,0.020000000000000018,10.835,0,7,200
2381,464923,100.2366666666668,0.015000000000000013,10.9,0,9,200
2382,465123,98.70833333333348,0.015000000000000013,10.925,0,10,200
2383,465323,95.06666666666675,0.03500000000000003,10.84,0,10,200
2384,465523,98.71333333333352,0.015000000000000013,10.94,0,10,200
2385,465723,102.87333333333353,0.0,10.88,0,7,200
2386,465923,104.40000000000022,0.0,10.77,0,9,200
2387,466123,91.29666666666677,0.050000000000000044,10.96,0,11,200
2388,466323,78.82166666666669,0.09499999999999997,10.825,0,18,200
2389,466523,98.05000000000008,0.020000000000000018,10.95,0,9,200
2390,466723,87.63666666666674,0.06499999999999995,10.84,0,14,200
2391,466923,100.4033333333335,0.010000000000000009,10.85,0,9,200
2392,467123,102.39000000000016,0.0,10.89,0,11,200
2393,467323,93.52333333333331,0.04500000000000004,10.85,0,10,200
2394,467523,96.15500000000013,0.015000000000000013,10.845,0,16,200
2395,467723,104.72833333333345,0.0,10.835,0,6,200
2396,467923,102.73833333333349,0.010000000000000009,10.835,0,5,200
2397,468123,100.14833333333348,0.0,10.925,0,13,200
2398,468323,87.77500000000008,0.06499999999999995,10.905,0,11,200
2399,468523,84.9783333333334,0.06999999999999995,10.925,0,13,200
2400,468723,101.97833333333347,0.0050000000000000044,10.805,0,8,200
2401,468923,100.63666666666677,0.0,10.9,0,13,200
2402,469123,104.28666666666686,0.0,10.9,0,7,200
2403,469323,97.63166666666685,0.030000000000000027,10.975,0,6,200
2404,469523,99.43333333333341,0.015000000000000013,10.91,0,9,200
2405,469723,105.34500000000021,0.0,10.875,0,5,200
2406,469923,99.76166666666683,0.0,10.885,0,13,200
2407,470123,105.76333333333355,0.0,10.94,0,4,200
2408,470323,100.69500000000014,0.010000000000000009,10.905,0,7,200
2409,470523,105.8150000000002,0.0,10.905,0,4,200
2410,470723,98.89500000000011,0.020000000000000018,10.935,0,8,200
2411,470923,86.43500000000013,0.06999999999999995,10.935,0,12,200
2412,471123,96.35833333333352,0.025000000000000022,10.895,0,10,200
2413,471323,102.9733333333335,0.0050000000000000044,10.85,0,8,200
2414,471523,99.95000000000017,0.010000000000000009,10.83,0,11,200
2415,471723,90.43166666666669,0.04500000000000004,10.795,0,16,200
2416,471923,102.70166666666678,0.0,10.765,0,11,200
2417,472123,100.73500000000018,0.0050000000000000044,10.905,0,10,200
2418,472323,98.71500000000012,0.015000000000000013,11.085,0,7,200
2419,472523,103.78166666666687,0.0050000000000000044,10.825,0,7,200
2420,472723,94.71000000000015,0.03500000000000003,10.89,0,11,200
2421,472923,88.91833333333344,0.050000000000000044,10.925,0,15,200
2422,473123,97.89000000000013,0.020000000000000018,10.92,0,10,200
2423,473323,102.15333333333348,0.0050000000000000044,10.76,0,11,200
2424,473523,103.6700000000002,0.0,10.89,0,6,200
2425,473723,103.57000000000016,0.0,10.92,0,8,200
2426,473923,103.68666666666687,0.0050000000000000044,10.99,0,5,200
2427,474123,92.50833333333328,0.040000000000000036,11.045,0,9,200
2428,474323,104.91666666666686,0.0,10.81,0,7,200
2429,474523,104.13666666666688,0.0,10.87,0,7,200
2430,474723,82.07333333333338,0.08499999999999996,11.09,0,10,200
2431,474923,83.54000000000005,0.08499999999999996,10.92,0,12,200
2432,475123,100.42833333333347,0.0050000000000000044,10.955,0,11,200
2433,475323,102.86333333333351,0.0,10.91,0,8,200
2434,475523,101.48500000000013,0.0,10.875,0,12,200
2435,475723,91.95166666666678,0.040000000000000036,10.975,0,12,200
2436,475923,86.77500000000009,0.06000000000000005,10.905,0,13,200
2437,476123,102.8250000000002,0.0,10.905,0,7,200
2438,476323,103.06666666666682,0.0,10.9,0,9,200
2439,476523,102.5133333333335,0.0,10.82,0,9,200
2440,476723,100.32500000000014,0.0050000000000000044,10.905,0,10,200
2441,476923,98.01999999999992,0.025000000000000022,10.74,0,10,200
2442,477123,100.65166666666681,0.015000000000000013,10.825,0,10,200
2443,477323,98.89833333333354,0.03500000000000003,10.835,0,5,200
2444,477523,103.12333333333348,0.0,10.88,0,9,200
2445,477723,75.68333333333331,0.12,10.97,0,14,200
2446,477923,67.0983333333333,0.16500000000000004,10.955,0,12,200
2447,478123,102.2516666666668,0.0,10.825,0,11,200
2448,478323,101.6500000000002,0.020000000000000018,10.86,0,4,200
2449,478523,100.12000000000016,0.015000000000000013,10.77,0,10,200
2450,478723,96.54333333333342,0.030000000000000027,10.88,0,8,200
2451,478923,100.05666666666683,0.010000000000000009,10.84,0,11,200
2452,479123,102.5166666666669,0.0,10.93,0,11,200
2453,479323,93.58333333333337,0.020000000000000018,10.91,0,15,200
2454,479523,104.51166666666684,0.0,10.795,0,7,200
2455,479723,99.83000000000014,0.0,10.89,0,13,200
2456,479923,92.9683333333335,0.050000000000000044,10.805,0,9,200
2457,480123,100.84000000000012,0.0050000000000000044,10.95,0,10,200
2458,480323,104.31500000000018,0.0,10.935,0,6,200
2459,480523,100.34000000000017,0.0050000000000000044,10.95,0,10,200
2460,480723,87.61166666666675,0.07999999999999996,10.855,0,7,200
2461,480923,94.94500000000008,0.030000000000000027,10.935,0,9,200
2462,481123,104.29000000000016,0.0,10.92,0,5,200
2463,481323,100.53833333333341,0.0050000000000000044,10.865,0,11,200
2464,481523,96.6300000000001,0.030000000000000027,10.92,0,6,200
2465,481723,99.6166666666668,0.010000000000000009,10.96,0,8,200
2466,481923,103.23666666666678,0.0,10.9,0,7,200
2467,482123,102.12333333333348,0.0050000000000000044,10.94,0,8,200
2468,482323,106.34000000000022,0.0,10.98,0,2,200
2469,482523,101.60000000000021,0.015000000000000013,10.98,0,4,200
2470,482723,105.4850000000002,0.0,10.935,0,4,200
2471,482923,105.22333333333356,0.0,10.91,0,4,200
2472,483123,101.3683333333335,0.0,10.925,0,10,200
2473,483323,93.15166666666674,0.040000000000000036,10.855,0,11,200
2474,483523,90.88666666666687,0.04500000000000004,10.96,0,13,200
2475,483723,87.28166666666687,0.07499999999999996,10.795,0,10,200
2476,483923,103.11166666666684,0.0,10.915,0,9,200
2477,484123,99.4483333333335,0.0,10.865,0,16,200
2478,484323,103.62166666666687,0.0050000000000000044,10.885,0,6,200
2479,484523,103.75666666666685,0.0,10.93,0,7,200
2480,484723,88.21166666666673,0.06000000000000005,11.005,0,10,200
2481,484923,98.08166666666682,0.025000000000000022,11.005,0,5,200
2482,485123,84.71333333333337,0.08999999999999997,10.94,0,9,200
2483,485323,103.34500000000008,0.0050000000000000044,10.755,0,9,200
2484,485523,97.86000000000004,0.010000000000000009,10.86,0,14,200
2485,485723,99.8316666666668,0.010000000000000009,10.855,0,9,200
2486,485923,96.63166666666667,0.0,10.795,0,19,200
2487,486123,101.74666666666674,0.0,10.96,0,9,200
2488,486323,101.60000000000016,0.0,10.89,0,11,200
2489,486523,104.73166666666688,0.0,10.975,0,5,200
2490,486723,104.2116666666669,0.0,10.975,0,4,200
2491,486923,92.60500000000008,0.015000000000000013,10.755,0,22,200
2492,487123,101.61166666666685,0.0,10.975,0,9,200
2493,487323,102.62833333333344,0.0,10.865,0,10,200
2494,487523,86.50333333333344,0.07499999999999996,10.73,0,12,200
2495,487723,97.63166666666673,0.020000000000000018,10.855,0,12,200
2496,487923,90.63333333333338,0.040000000000000036,10.88,0,15,200
2497,488123,92.58833333333341,0.04500000000000004,10.685,0,14,200
2498,488323,100.19166666666685,0.0,10.915,0,11,200
2499,488523,88.1283333333334,0.050000000000000044,10.865,0,14,200
2500,488723,90.8933333333333,0.025000000000000022,10.85,0,20,200
2501,488923,87.39500000000005,0.025000000000000022,10.875,0,23,200
2502,489123,98.67500000000021,0.015000000000000013,11.025,0,8,200
2503,489323,102.88833333333352,0.0,10.835,0,10,200
2504,489523,102.69500000000012,0.0,10.995,0,6,200
2505,489723,103.34666666666686,0.0,10.96,0,6,200
2506,489923,100.20333333333349,0.0,10.97,0,11,200
2507,490123,89.26000000000005,0.04500000000000004,11.1,0,11,200
2508,490323,103.85166666666686,0.0,11.065,0,3,200
2509,490523,93.19000000000005,0.025000000000000022,11.1,0,14,200
2510,490723,97.91833333333345,0.010000000000000009,11.135,0,9,200
2511,490923,90.56166666666675,0.06499999999999995,10.795,0,9,200
2512,491123,98.42166666666681,0.0,10.945,0,14,200
2513,491323,101.91666666666683,0.0,10.96,0,10,200
2514,491523,106.73833333333357,0.0,10.775,0,4,200
2515,491723,101.92333333333347,0.0,10.73,0,12,200
2516,491923,101.25833333333348,0.010000000000000009,10.865,0,8,200
2517,492123,99.83666666666679,0.0,10.84,0,14,200
2518,492323,99.15833333333349,0.020000000000000018,10.805,0,8,200
2519,492523,91.96833333333342,0.040000000000000036,10.955,0,11,200
2520,492723,102.82166666666683,0.0,10.975,0,7,200
2521,492923,104.18666666666688,0.0,10.93,0,7,200
2522,493123,94.8716666666668,0.025000000000000022,10.825,0,14,200
2523,493323,104.79166666666686,0.0,10.735,0,7,200
2524,493523,100.58333333333356,0.010000000000000009,10.64,0,12,200
2525,493723,88.22333333333339,0.07499999999999996,10.85,0,7,200
2526,493923,101.81500000000015,0.0,10.845,0,9,200
2527,494123,105.11166666666692,0.0,10.945,0,4,200
2528,494323,102.09666666666689,0.0050000000000000044,10.72,0,12,200
2529,494523,95.98500000000014,0.03500000000000003,10.875,0,9,200
2530,494723,105.61166666666688,0.0050000000000000044,10.975,0,1,200
2531,494923,96.90333333333349,0.020000000000000018,10.85,0,12,200
2532,495123,102.68666666666685,0.0,10.84,0,10,200
2533,495323,99.64166666666681,0.020000000000000018,10.765,0,10,200
2534,495523,102.64666666666689,0.0,10.84,0,11,200
2535,495723,96.80166666666688,0.020000000000000018,10.915,0,11,200
2536,495923,106.19500000000022,0.0,10.935,0,3,200
2537,496123,106.28333333333357,0.0,10.97,0,2,200
2538,496323,96.66833333333348,0.040000000000000036,10.835,0,6,200
2539,496523,99.56333333333346,0.015000000000000013,10.94,0,7,200
2540,496723,90.33666666666676,0.030000000000000027,10.87,0,19,200
2541,496923,99.24000000000017,0.015000000000000013,10.89,0,10,200
2542,497123,103.79000000000012,0.0050000000000000044,10.89,0,4,200
2543,497323,104.30666666666686,0.0,10.9,0,6,200
2544,497523,96.35666666666683,0.04500000000000004,11.05,0,3,200
2545,497723,99.55833333333351,0.015000000000000013,10.985,0,8,200
2546,497923,91.54166666666667,0.04500000000000004,11.065,0,7,200
2547,498123,100.02333333333328,0.0050000000000000044,10.82,0,13,200
2548,498323,101.36500000000005,0.0,10.845,0,10,200
2549,498523,96.5816666666667,0.03500000000000003,10.825,0,8,200
2550,498723,101.71000000000015,0.0,10.71,0,11,200
2551,498923,105.8750000000002,0.0050000000000000044,10.845,0,2,200
2552,499123,99.17000000000016,0.020000000000000018,10.92,0,8,200
2553,499323,98.40333333333349,0.010000000000000009,10.94,0,13,200
2554,499523,104.61000000000021,0.0,10.89,0,5,200
2555,499723,103.18833333333352,0.0,10.835,0,10,200
2556,499923,105.24166666666689,0.0,10.885,0,6,200
2557,500123,98.45166666666682,0.030000000000000027,10.915,0,5,200
2558,500323,100.96333333333348,0.010000000000000009,10.91,0,9,200
2559,500523,105.1966666666669,0.0,10.84,0,4,200
2560,500723,105.32166666666687,0.0,10.975,0,4,200
2561,500923,102.01500000000019,0.0050000000000000044,10.935,0,8,200
2562,501123,104.34166666666685,0.0050000000000000044,10.735,0,6,200
2563,501323,101.54000000000013,0.0,10.89,0,11,200
2564,501523,96.25833333333348,0.025000000000000022,10.805,0,13,200
2565,501723,101.76000000000016,0.0050000000000000044,10.98,0,6,200
2566,501923,95.21000000000011,0.030000000000000027,10.95,0,12,200
2567,502123,104.42333333333352,0.010000000000000009,10.82,0,5,200
2568,502323,98.30333333333355,0.020000000000000018,10.85,0,10,200
2569,502523,100.26833333333353,0.010000000000000009,10.895,0,11,200
2570,502723,102.1983333333335,0.0,10.865,0,11,200
2571,502923,100.37000000000022,0.010000000000000009,10.95,0,9,200
2572,503123,85.55833333333338,0.06999999999999995,10.835,0,15,200
2573,503323,105.92000000000019,0.0050000000000000044,10.83,0,3,200
2574,503523,92.69833333333345,0.04500000000000004,10.955,0,8,200
2575,503723,98.46666666666682,0.020000000000000018,10.93,0,9,200
2576,503923,95.86500000000021,0.050000000000000044,10.845,0,5,200
2577,504123,103.44166666666685,0.0,10.945,0,8,200
2578,504323,105.72333333333357,0.0,10.97,0,3,200
2579,504523,101.99666666666688,0.0,10.78,0,11,200
2580,504723,104.16833333333354,0.0,10.955,0,6,200
2581,504923,101.05000000000017,0.0050000000000000044,10.86,0,12,200
2582,505123,103.77666666666688,0.0050000000000000044,10.87,0,7,200
2583,505323,87.02500000000008,0.07499999999999996,10.875,0,9,200
2584,505523,105.6400000000002,0.0,10.95,0,4,200
2585,505723,99.70166666666682,0.025000000000000022,10.675,0,8,200
2586,505923,99.56500000000013,0.0,10.845,0,15,200
2587,506123,89.75166666666671,0.06000000000000005,11.005,0,9,200
2588,506323,103.54166666666687,0.0,10.765,0,10,200
2589,506523,93.22000000000014,0.05500000000000005,10.83,0,7,200
2590,506723,99.45166666666678,0.020000000000000018,10.855,0,7,200
2591,506923,104.50000000000023,0.0,10.89,0,7,200
2592,507123,97.54333333333349,0.03500000000000003,10.97,0,5,200
2593,507323,105.04000000000018,0.0050000000000000044,10.83,0,3,200
2594,507523,102.34000000000019,0.0,10.89,0,10,200
2595,507723,104.89833333333353,0.0050000000000000044,10.895,0,4,200
2596,507923,97.13666666666694,0.0,11.08,0,16,200
2597,508123,104.95833333333353,0.0,10.925,0,5,200
2598,508323,102.54000000000005,0.0,10.71,0,11,200
2599,508523,97.95666666666669,0.010000000000000009,10.93,0,13,200
2600,508723,99.12666666666685,0.0,11.02,0,13,200
2601,508923,97.36000000000014,0.015000000000000013,10.86,0,15,200
2602,509123,98.52000000000012,0.0,10.8,0,19,200
2603,509323,106.72166666666692,0.0,10.975,0,2,200
2604,509523,94.06833333333357,0.010000000000000009,11.225,0,13,200
2605,509723,103.03833333333351,0.0,10.865,0,8,200
2606,509923,100.36500000000017,0.010000000000000009,10.935,0,8,200
2607,510123,97.57333333333348,0.020000000000000018,10.88,0,12,200
2608,510323,94.9066666666668,0.030000000000000027,10.96,0,8,200
2609,510523,101.67333333333355,0.015000000000000013,11.0,0,5,200
2610,510723,93.33666666666676,0.03500000000000003,10.75,0,16,200
2611,510923,98.92333333333329,0.015000000000000013,10.7,0,12,200
2612,511123,104.76166666666664,0.0,10.915,0,5,200
2613,511323,96.68666666666664,0.020000000000000018,10.93,0,10,200
2614,511523,97.31000000000012,0.020000000000000018,10.83,0,12,200
2615,511723,101.61666666666686,0.015000000000000013,10.96,0,4,200
2616,511923,89.8900000000001,0.06000000000000005,11.01,0,8,200
2617,512123,93.17333333333342,0.040000000000000036,10.76,0,14,200
2618,512323,101.17000000000017,0.0,10.95,0,10,200
2619,512523,104.49000000000018,0.0,10.95,0,5,200
2620,512723,99.45333333333346,0.0,10.94,0,12,200
2621,512923,102.63333333333354,0.0050000000000000044,10.94,0,7,200
2622,513123,101.55666666666686,0.0,10.93,0,10,200
2623,513323,103.07500000000016,0.0,10.935,0,8,200
2624,513523,95.53166666666681,0.030000000000000027,10.885,0,11,200
2625,513723,82.7116666666669,0.08499999999999996,11.065,0,7,200
2626,513923,97.02666666666674,0.030000000000000027,10.9,0,8,200
2627,514123,98.75166666666681,0.015000000000000013,10.765,0,12,200
2628,514323,102.15166666666681,0.015000000000000013,10.825,0,6,200
2629,514523,93.89833333333348,0.050000000000000044,10.865,0,7,200
2630,514723,99.9200000000001,0.015000000000000013,10.86,0,9,200
2631,514923,92.49166666666675,0.03500000000000003,10.915,0,14,200
2632,515123,100.41833333333345,0.0,10.685,0,16,200
2633,515323,102.45333333333356,0.0050000000000000044,11.03,0,5,200
2634,515523,97.16333333333348,0.025000000000000022,10.82,0,10,200
2635,515723,102.68666666666684,0.0050000000000000044,10.93,0,8,200
2636,515923,102.48833333333351,0.0050000000000000044,10.985,0,6,200
2637,516123,95.13166666666677,0.03500000000000003,10.945,0,8,200
2638,516323,92.96333333333342,0.03500000000000003,11.0,0,9,200
2639,516523,100.5083333333335,0.010000000000000009,10.955,0,9,200
2640,516723,96.92666666666683,0.03500000000000003,10.9,0,8,200
2641,516923,101.94000000000013,0.0,10.92,0,10,200
2642,517123,103.99666666666685,0.0,10.87,0,8,200
2643,517323,104.4233333333335,0.0,10.88,0,7,200
2644,517523,101.5050000000002,0.010000000000000009,10.965,0,7,200
2645,517723,98.21000000000019,0.030000000000000027,11.01,0,5,200
2646,517923,102.03000000000016,0.0,10.92,0,9,200
2647,518123,101.52666666666684,0.010000000000000009,10.93,0,7,200
2648,518323,105.4433333333335,0.0,10.88,0,6,200
2649,518523,103.76333333333349,0.0,10.88,0,7,200
2650,518723,102.69166666666672,0.0050000000000000044,10.825,0,9,200
2651,518923,86.59333333333349,0.07499999999999996,10.88,0,9,200
2652,519123,89.77666666666676,0.06000000000000005,10.96,0,9,200
2653,519323,98.42500000000015,0.020000000000000018,10.815,0,8,200
2654,519523,86.24333333333334,0.06000000000000005,10.76,0,18,200
2655,519723,89.1883333333334,0.05500000000000005,10.925,0,9,200
2656,519923,77.2649999999999,0.125,10.905,0,9,200
2657,520123,101.68166666666687,0.0050000000000000044,10.945,0,7,200
2658,520323,101.61166666666685,0.0050000000000000044,10.855,0,10,200
2659,520523,105.48333333333356,0.0050000000000000044,10.82,0,3,200
2660,520723,93.68333333333345,0.05500000000000005,10.88,0,5,200
2661,520923,102.97833333333351,0.0,10.925,0,8,200
2662,521123,98.20500000000013,0.030000000000000027,10.845,0,6,200
2663,521323,103.30333333333346,0.0,10.91,0,8,200
2664,521523,96.54000000000009,0.010000000000000009,10.92,0,17,200
2665,521723,93.25333333333337,0.015000000000000013,10.82,0,19,200
2666,521923,100.3283333333334,0.015000000000000013,10.835,0,8,200
2667,522123,103.44833333333352,0.0050000000000000044,10.895,0,5,200
2668,522323,102.40500000000007,0.0,11.025,0,7,200
2669,522523,103.04666666666688,0.010000000000000009,11.08,0,3,200
2670,522723,100.23166666666677,0.0050000000000000044,11.005,0,7,200
2671,522923,99.82333333333357,0.0050000000000000044,11.06,0,8,200
2672,523123,98.55666666666673,0.010000000000000009,10.66,0,16,200
2673,523323,100.1466666666669,0.015000000000000013,11.02,0,6,200
2674,523523,106.18166666666693,0.0,10.975,0,3,200
2675,523723,103.55000000000021,0.0,10.95,0,7,200
2676,523923,102.63500000000015,0.0,10.875,0,9,200
2677,524123,97.39666666666676,0.010000000000000009,10.84,0,14,200
2678,524323,97.62833333333347,0.015000000000000013,11.165,0,5,200
2679,524523,101.79333333333352,0.010000000000000009,10.94,0,7,200
2680,524723,89.79666666666677,0.05500000000000005,10.9,0,12,200
2681,524923,101.15500000000014,0.0050000000000000044,10.665,0,12,200
2682,525123,98.78666666666672,0.0050000000000000044,10.84,0,15,200
2683,525323,99.19666666666686,0.010000000000000009,10.99,0,10,200
2684,525523,104.54333333333356,0.0,10.97,0,5,200
2685,525723,96.46000000000012,0.040000000000000036,11.1,0,3,200
2686,525923,96.9383333333335,0.025000000000000022,10.985,0,10,200
2687,526123,101.85166666666682,0.015000000000000013,10.885,0,5,200
2688,526323,90.74666666666674,0.04500000000000004,10.96,0,9,200
2689,526523,102.80333333333341,0.0050000000000000044,10.94,0,5,200
2690,526723,104.60000000000021,0.0,11.07,0,3,200
2691,526923,100.92666666666685,0.010000000000000009,10.99,0,7,200
2692,527123,103.54833333333352,0.0050000000000000044,10.895,0,6,200
2693,527323,101.09000000000016,0.0,11.04,0,10,200
2694,527523,93.39333333333346,0.030000000000000027,10.88,0,13,200
2695,527723,82.71833333333336,0.08499999999999996,11.045,0,11,200
2696,527923,102.64333333333352,0.0,10.97,0,9,200
2697,528123,98.49500000000019,0.020000000000000018,11.025,0,7,200
2698,528323,98.8250000000001,0.020000000000000018,10.875,0,9,200
2699,528523,94.80000000000015,0.0050000000000000044,10.95,0,20,200
2700,528723,97.71666666666684,0.015000000000000013,10.96,0,11,200
2701,528923,105.60333333333352,0.0,10.91,0,4,200
2702,529123,105.22333333333354,0.0,10.91,0,6,200
2703,529323,97.28166666666678,0.010000000000000009,10.915,0,13,200
2704,529523,97.36333333333346,0.020000000000000018,10.85,0,11,200
2705,529723,89.81833333333337,0.06499999999999995,10.835,0,10,200
2706,529923,100.30666666666679,0.015000000000000013,10.9,0,8,200
2707,530123,104.82333333333348,0.0,10.82,0,7,200
2708,530323,102.74666666666681,0.0050000000000000044,10.9,0,8,200
2709,530523,102.22000000000016,0.0050000000000000044,10.98,0,8,200
2710,530723,102.80500000000016,0.0,10.905,0,10,200
2711,530923,103.61166666666685,0.0050000000000000044,10.945,0,5,200
2712,531123,100.31333333333352,0.020000000000000018,10.91,0,7,200
2713,531323,99.19000000000017,0.025000000000000022,10.98,0,6,200
2714,531523,92.39833333333343,0.040000000000000036,10.955,0,13,200
2715,531723,90.64833333333344,0.06999999999999995,10.985,0,4,200
2716,531923,100.75666666666682,0.025000000000000022,10.84,0,6,200
2717,532123,89.09333333333345,0.030000000000000027,10.91,0,21,200
2718,532323,101.33166666666682,0.0,10.945,0,10,200
2719,532523,95.76833333333343,0.030000000000000027,10.865,0,11,200
2720,532723,103.01833333333353,0.0,10.985,0,9,200
2721,532923,102.15500000000014,0.0,10.845,0,10,200
2722,533123,102.03500000000014,0.0,10.845,0,12,200
2723,533323,86.51666666666675,0.08499999999999996,10.93,0,8,200
2724,533523,103.98000000000022,0.0050000000000000044,10.92,0,6,200
2725,533723,93.74000000000007,0.03500000000000003,10.98,0,10,200
2726,533923,102.50333333333354,0.0050000000000000044,10.88,0,9,200
2727,534123,104.77333333333347,0.0,10.88,0,7,200
2728,534323,101.31500000000023,0.0,10.935,0,9,200
2729,534523,100.1666666666668,0.0050000000000000044,10.87,0,10,200
2730,534723,100.09000000000016,0.015000000000000013,10.95,0,7,200
2731,534923,103.40166666666687,0.010000000000000009,10.945,0,4,200
2732,535123,99.31333333333349,0.020000000000000018,10.94,0,8,200
2733,535323,104.65666666666684,0.0,10.87,0,7,200
2734,535523,93.58500000000018,0.050000000000000044,10.875,0,8,200
2735,535723,93.96000000000011,0.04500000000000004,10.95,0,8,200
2736,535923,101.77333333333354,0.015000000000000013,10.94,0,6,200
2737,536123,105.47333333333351,0.0,10.97,0,4,200
2738,536323,102.73666666666688,0.0050000000000000044,10.9,0,8,200
2739,536523,94.17666666666678,0.030000000000000027,10.93,0,13,200
2740,536723,103.59833333333354,0.010000000000000009,10.985,0,4,200
2741,536923,100.42333333333353,0.0050000000000000044,10.94,0,10,200
2742,537123,102.78166666666685,0.0,10.915,0,10,200
2743,537323,103.32166666666687,0.0,10.855,0,8,200
2744,537523,103.19500000000015,0.0050000000000000044,10.965,0,5,200
2745,537723,101.93166666666687,0.0,10.915,0,10,200
2746,537923,95.56333333333349,0.025000000000000022,10.91,0,12,200
2747,538123,101.4483333333335,0.0050000000000000044,10.985,0,7,200
2748,538323,97.08666666666677,0.030000000000000027,10.81,0,10,200
2749,538523,104.5383333333335,0.0,10.955,0,6,200
2750,538723,96.65500000000011,0.03500000000000003,10.785,0,9,200
2751,538923,103.20000000000017,0.010000000000000009,10.83,0,7,200
2752,539123,100.65333333333348,0.0,10.91,0,12,200
2753,539323,88.59333333333346,0.06499999999999995,10.88,0,11,200
2754,539523,87.18500000000014,0.06999999999999995,10.905,0,9,200
2755,539723,101.3216666666668,0.010000000000000009,10.795,0,10,200
2756,539923,100.22166666666686,0.015000000000000013,10.945,0,8,200
2757,540123,101.73833333333346,0.0,10.835,0,11,200
2758,540323,83.18999999999994,0.09999999999999998,10.86,0,8,200
2759,540523,82.84833333333331,0.08999999999999997,10.925,0,11,200
2760,540723,96.57833333333342,0.010000000000000009,10.955,0,15,200
2761,540923,96.16666666666674,0.025000000000000022,10.84,0,11,200
2762,541123,101.4083333333335,0.0050000000000000044,10.775,0,11,200
2763,541323,93.46333333333338,0.040000000000000036,10.82,0,11,200
2764,541523,101.14666666666677,0.015000000000000013,10.93,0,7,200
2765,541723,82.61833333333333,0.06999999999999995,10.955,0,15,200
2766,541923,101.1566666666668,0.0050000000000000044,10.96,0,9,200
2767,542123,91.67500000000007,0.06000000000000005,10.995,0,5,200
2768,542323,101.5233333333335,0.0,11.18,0,6,200
2769,542523,103.40166666666684,0.0050000000000000044,10.915,0,7,200
2770,542723,103.62500000000018,0.0050000000000000044,10.875,0,5,200
2771,542923,101.11833333333352,0.0,10.985,0,9,200
2772,543123,104.09833333333353,0.0,10.775,0,8,200
2773,543323,105.09666666666683,0.0,10.96,0,4,200
2774,543523,100.4050000000001,0.0050000000000000044,10.755,0,12,200
2775,543723,107.4316666666669,0.0,10.945,0,2,200
2776,543923,77.80666666666679,0.125,10.87,0,8,200
2777,544123,100.1333333333335,0.0,10.82,0,14,200
2778,544323,101.07500000000017,0.010000000000000009,11.025,0,6,200
2779,544523,97.64333333333353,0.04500000000000004,10.91,0,3,200
2780,544723,101.70666666666682,0.020000000000000018,10.9,0,4,200
2781,544923,104.23666666666688,0.0,10.87,0,7,200
2782,545123,105.32166666666693,0.0050000000000000044,10.915,0,3,200
2783,545323,105.87666666666688,0.0,10.9,0,5,200
2784,545523,101.48333333333348,0.020000000000000018,10.91,0,5,200
2785,545723,88.28166666666675,0.07999999999999996,10.855,0,7,200
2786,545923,105.30166666666679,0.0,10.885,0,5,200
2787,546123,94.35833333333343,0.030000000000000027,10.715,0,13,200
2788,546323,103.42166666666682,0.0,10.975,0,7,200
2789,546523,100.9683333333335,0.015000000000000013,11.015,0,5,200
2790,546723,103.37333333333353,0.0,10.88,0,9,200
2791,546923,98.99166666666683,0.025000000000000022,10.795,0,7,200
2792,547123,104.8750000000002,0.0,10.845,0,6,200
2793,547323,102.2850000000002,0.015000000000000013,10.995,0,3,200
2794,547523,95.65833333333349,0.030000000000000027,10.955,0,10,200
2795,547723,103.8283333333335,0.0,10.805,0,9,200
2796,547923,104.83833333333354,0.0,10.925,0,6,200
2797,548123,102.80666666666684,0.0050000000000000044,10.96,0,5,200
2798,548323,100.6950000000002,0.010000000000000009,10.995,0,8,200
2799,548523,103.78000000000019,0.0,10.92,0,7,200
2800,548723,101.32000000000015,0.025000000000000022,10.92,0,3,200
2801,548923,105.2300000000002,0.0,10.98,0,5,200
2802,549123,107.1316666666669,0.0,10.945,0,2,200
2803,549323,91.8666666666668,0.06000000000000005,10.93,0,7,200
2804,549523,101.9700000000002,0.020000000000000018,10.8,0,5,200
2805,549723,105.01833333333356,0.0050000000000000044,10.895,0,4,200
2806,549923,103.25666666666683,0.0,10.87,0,9,200
2807,550123,98.97500000000011,0.020000000000000018,10.935,0,8,200
2808,550323,103.49166666666687,0.0050000000000000044,10.855,0,7,200
2809,550523,102.19833333333351,0.0050000000000000044,10.955,0,8,200
2810,550723,102.3966666666669,0.015000000000000013,11.02,0,3,200
2811,550923,103.64500000000018,0.0050000000000000044,10.875,0,7,200
2812,551123,102.46333333333352,0.010000000000000009,10.97,0,6,200
2813,551323,102.2333333333335,0.0,10.94,0,9,200
2814,551523,99.86000000000017,0.025000000000000022,10.98,0,5,200
2815,551723,102.48833333333349,0.015000000000000013,10.835,0,4,200
2816,551923,91.94833333333341,0.06000000000000005,10.955,0,7,200
2817,552123,98.75666666666686,0.015000000000000013,10.93,0,10,200
2818,552323,99.56666666666682,0.020000000000000018,10.9,0,9,200
2819,552523,102.57000000000018,0.0050000000000000044,10.98,0,7,200
2820,552723,100.85500000000013,0.0,10.815,0,14,200
2821,552923,94.74333333333355,0.03500000000000003,10.97,0,9,200
2822,553123,101.45833333333358,0.0050000000000000044,10.955,0,10,200
2823,553323,104.0850000000002,0.0,10.965,0,7,200
2824,553523,95.46166666666682,0.040000000000000036,11.005,0,6,200
2825,553723,102.66833333333348,0.0,10.955,0,9,200
2826,553923,99.93833333333349,0.020000000000000018,10.955,0,7,200
2827,554123,103.09666666666689,0.010000000000000009,10.93,0,6,200
2828,554323,104.50166666666684,0.0050000000000000044,10.915,0,5,200
2829,554523,105.60666666666683,0.0,10.78,0,5,200
2830,554723,99.56833333333354,0.020000000000000018,10.925,0,8,200
2831,554923,95.83333333333347,0.03500000000000003,10.94,0,8,200
2832,555123,102.92666666666693,0.010000000000000009,11.05,0,3,200
2833,555323,100.28166666666685,0.015000000000000013,10.705,0,10,200
2834,555523,85.34333333333346,0.07499999999999996,10.97,0,13,200
2835,555723,100.82166666666683,0.020000000000000018,10.885,0,5,200
2836,555923,104.74333333333357,0.0050000000000000044,10.91,0,4,200
2837,556123,105.0900000000002,0.0,10.92,0,5,200
2838,556323,97.00500000000017,0.03500000000000003,11.025,0,3,200
2839,556523,97.3100000000002,0.030000000000000027,10.86,0,6,200
2840,556723,101.74000000000001,0.015000000000000013,10.98,0,5,200
2841,556923,101.72000000000023,0.015000000000000013,10.95,0,6,200
2842,557123,85.32166666666676,0.08999999999999997,10.945,0,7,200
2843,557323,106.33833333333354,0.0,10.955,0,3,200
2844,557523,103.38666666666686,0.0050000000000000044,10.93,0,7,200
2845,557723,89.25666666666676,0.05500000000000005,10.99,0,13,200
2846,557923,101.65666666666682,0.015000000000000013,10.84,0,7,200
2847,558123,96.50166666666681,0.030000000000000027,10.945,0,9,200
2848,558323,101.67666666666685,0.015000000000000013,10.96,0,5,200
2849,558523,96.17166666666682,0.030000000000000027,10.915,0,9,200
2850,558723,103.98000000000019,0.0,10.95,0,6,200
2851,558923,104.7666666666669,0.0,10.93,0,5,200
2852,559123,84.38666666666668,0.06999999999999995,11.02,0,12,200
2853,559323,104.66000000000024,0.0,10.92,0,7,200
2854,559523,103.34333333333349,0.0,10.94,0,9,200
2855,559723,103.26666666666686,0.0,10.96,0,6,200
2856,559923,102.36333333333351,0.0,10.91,0,10,200
2857,560123,100.47666666666684,0.025000000000000022,10.93,0,4,200
2858,560323,100.11000000000021,0.025000000000000022,10.92,0,5,200
2859,560523,101.8533333333335,0.010000000000000009,10.79,0,8,200
2860,560723,105.29000000000019,0.0,10.83,0,6,200
2861,560923,104.38000000000018,0.0050000000000000044,10.92,0,4,200
2862,561123,94.76166666666684,0.050000000000000044,10.975,0,3,200
2863,561323,107.46500000000023,0.0,10.935,0,1,200
2864,561523,93.56000000000004,0.03500000000000003,10.89,0,13,200
2865,561723,106.99500000000025,0.0,10.845,0,2,200
2866,561923,86.15166666666674,0.06999999999999995,10.915,0,13,200
2867,562123,102.20166666666685,0.0,10.945,0,10,200
2868,562323,100.28500000000008,0.010000000000000009,10.905,0,9,200
2869,562523,99.12000000000012,0.025000000000000022,10.74,0,10,200
2870,562723,100.16333333333347,0.020000000000000018,10.85,0,8,200
2871,562923,98.80833333333347,0.030000000000000027,10.775,0,7,200
2872,563123,105.18666666666685,0.0,10.78,0,7,200
2873,563323,100.61333333333354,0.0050000000000000044,10.91,0,10,200
2874,563523,100.64833333333351,0.0,10.925,0,13,200
2875,563723,100.77166666666682,0.020000000000000018,10.945,0,5,200
2876,563923,106.27000000000025,0.0,10.89,0,4,200
2877,564123,96.19500000000019,0.030000000000000027,10.815,0,12,200
2878,564323,93.53500000000008,0.04500000000000004,10.785,0,11,200
2879,564523,105.39333333333352,0.0,10.97,0,4,200
2880,564723,104.88000000000021,0.0,10.95,0,5,200
2881,564923,90.60500000000019,0.050000000000000044,11.055,0,11,200
2882,565123,103.07833333333353,0.015000000000000013,10.835,0,5,200
2883,565323,101.9750000000003,0.010000000000000009,11.145,0,3,200
2884,565523,104.79166666666686,0.0,10.975,0,6,200
2885,565723,102.4666666666668,0.0,10.96,0,8,200
2886,565923,104.43666666666684,0.0,11.02,0,5,200
2887,566123,105.84000000000016,0.0,11.04,0,3,200
2888,566323,105.93166666666687,0.0050000000000000044,10.945,0,2,200
2889,566523,105.86666666666692,0.0,10.87,0,4,200
2890,566723,106.09833333333358,0.0,10.925,0,3,200
2891,566923,108.48333333333362,0.0,10.73,0,2,200
2892,567123,105.24333333333354,0.0,10.94,0,5,200
2893,567323,102.48333333333353,0.020000000000000018,10.76,0,5,200
2894,567523,99.74666666666684,0.030000000000000027,10.96,0,4,200
2895,567723,102.78500000000024,0.015000000000000013,10.995,0,3,200
2896,567923,92.86500000000021,0.05500000000000005,11.025,0,4,200
2897,568123,94.64000000000021,0.025000000000000022,11.16,0,8,200
2898,568323,103.89333333333354,0.010000000000000009,11.0,0,3,200
2899,568523,106.13500000000025,0.010000000000000009,10.845,0,1,200
2900,568723,105.59333333333356,0.0050000000000000044,10.97,0,3,200
2901,568923,106.45000000000024,0.0,10.86,0,4,200
2902,569123,107.4683333333336,0.0,10.985,0,1,200
2903,569323,102.3033333333335,0.015000000000000013,10.85,0,5,200
2904,569523,82.18833333333335,0.08999999999999997,11.075,0,8,200
2905,569723,104.42000000000016,0.0050000000000000044,10.98,0,4,200
2906,569923,92.87666666666678,0.05500000000000005,10.9,0,7,200
2907,570123,106.0200000000002,0.0,10.92,0,4,200
2908,570323,87.34333333333335,0.06499999999999995,10.91,0,13,200
2909,570523,92.98000000000013,0.040000000000000036,11.01,0,10,200
2910,570723,98.68000000000018,0.03500000000000003,10.98,0,3,200
2911,570923,105.90166666666687,0.0,10.975,0,4,200
2912,571123,98.61000000000017,0.03500000000000003,10.98,0,3,200
2913,571323,93.07666666666678,0.06499999999999995,10.78,0,5,200
2914,571523,107.11833333333355,0.0,10.745,0,5,200
2915,571723,100.19666666666686,0.025000000000000022,10.96,0,5,200
2916,571923,107.6383333333336,0.0,10.835,0,3,200
2917,572123,91.87666666666675,0.050000000000000044,10.84,0,12,200
2918,572323,101.91166666666685,0.010000000000000009,11.035,0,5,200
2919,572523,101.18166666666687,0.030000000000000027,10.885,0,2,200
2920,572723,105.24166666666684,0.0,10.945,0,4,200
2921,572923,98.63000000000015,0.03500000000000003,10.98,0,4,200
2922,573123,103.4400000000002,0.010000000000000009,10.89,0,4,200
2923,573323,101.67333333333353,0.015000000000000013,10.91,0,7,200
2924,573523,103.02333333333354,0.015000000000000013,10.79,0,6,200
2925,573723,74.71833333333332,0.13,10.775,0,13,200
2926,573923,106.19166666666688,0.0,10.975,0,3,200
2927,574123,96.34500000000016,0.04500000000000004,10.815,0,5,200
2928,574323,101.18833333333355,0.025000000000000022,10.955,0,4,200
2929,574523,105.73833333333354,0.010000000000000009,10.685,0,4,200
2930,574723,104.48833333333357,0.0,10.865,0,7,200
2931,574923,104.9600000000002,0.0,10.98,0,4,200
2932,575123,101.51500000000014,0.010000000000000009,10.905,0,8,200
2933,575323,101.04000000000019,0.015000000000000013,10.89,0,7,200
2934,575523,99.34000000000007,0.030000000000000027,10.71,0,7,200
2935,575723,101.65500000000021,0.020000000000000018,10.905,0,4,200
2936,575923,95.67333333333349,0.04500000000000004,10.94,0,6,200
2937,576123,90.7600000000001,0.06999999999999995,10.86,0,6,200
2938,576323,88.62000000000006,0.06999999999999995,10.77,0,10,200
2939,576523,88.58500000000008,0.06499999999999995,11.115,0,5,200
2940,576723,95.74666666666685,0.040000000000000036,10.99,0,5,200
2941,576923,95.02333333333348,0.040000000000000036,10.85,0,8,200
2942,577123,104.16500000000023,0.010000000000000009,10.905,0,3,200
2943,577323,105.1850000000002,0.0,10.965,0,3,200
2944,577523,106.15500000000019,0.0,10.965,0,4,200
2945,577723,100.76000000000019,0.015000000000000013,10.95,0,7,200
2946,577923,105.17666666666688,0.0050000000000000044,10.78,0,5,200
2947,578123,100.94500000000015,0.015000000000000013,10.995,0,6,200
2948,578323,96.11666666666684,0.020000000000000018,10.99,0,10,200
2949,578523,91.3300000000002,0.04500000000000004,11.07,0,10,200
2950,578723,98.3533333333335,0.025000000000000022,10.97,0,6,200
2951,578923,104.2616666666667,0.0050000000000000044,10.855,0,5,200
2952,579123,91.43333333333347,0.05500000000000005,10.88,0,8,200
2953,579323,98.29500000000023,0.025000000000000022,11.025,0,7,200
2954,579523,90.26833333333353,0.05500000000000005,10.895,0,9,200
2955,579723,93.04000000000022,0.04500000000000004,11.04,0,5,200
2956,579923,97.23000000000016,0.030000000000000027,10.89,0,9,200
2957,580123,99.59833333333343,0.03500000000000003,10.685,0,5,200
2958,580323,94.50166666666674,0.04500000000000004,10.915,0,7,200
2959,580523,104.46333333333355,0.010000000000000009,10.76,0,5,200
2960,580723,105.67666666666689,0.0,10.9,0,5,200
2961,580923,103.46500000000016,0.0,10.935,0,7,200
2962,581123,99.97666666666694,0.025000000000000022,11.02,0,2,200
2963,581323,101.51833333333353,0.025000000000000022,10.925,0,2,200
2964,581523,94.1150000000002,0.04500000000000004,10.845,0,8,200
2965,581723,98.58166666666688,0.030000000000000027,10.945,0,6,200
2966,581923,103.79666666666682,0.0050000000000000044,10.93,0,4,200
2967,582123,98.0883333333335,0.040000000000000036,10.895,0,4,200
2968,582323,107.53166666666694,0.0,10.975,0,1,200
2969,582523,107.51833333333357,0.0,10.925,0,1,200
2970,582723,102.71000000000022,0.010000000000000009,10.98,0,6,200
2971,582923,87.46833333333346,0.07499999999999996,11.015,0,8,200
2972,583123,104.71833333333358,0.0,10.895,0,6,200
2973,583323,100.8550000000002,0.015000000000000013,10.995,0,5,200
2974,583523,87.71833333333339,0.07999999999999996,10.835,0,8,200
2975,583723,102.6400000000002,0.015000000000000013,10.95,0,3,200
2976,583923,101.6166666666669,0.020000000000000018,10.93,0,4,200
2977,584123,104.1516666666669,0.0,10.915,0,8,200
2978,584323,95.03000000000017,0.050000000000000044,10.83,0,6,200
2979,584523,106.41000000000021,0.0,10.92,0,3,200
2980,584723,103.14166666666684,0.0,10.975,0,7,200
2981,584923,106.34333333333356,0.0,10.94,0,3,200
2982,585123,106.51833333333356,0.0,10.955,0,3,200
2983,585323,106.32833333333357,0.0,10.895,0,4,200
2984,585523,104.53000000000019,0.010000000000000009,10.92,0,3,200
2985,585723,105.4400000000002,0.0050000000000000044,10.83,0,5,200
2986,585923,106.79666666666692,0.0,10.96,0,2,200
2987,586123,105.84166666666687,0.0,10.825,0,6,200
2988,586323,103.80000000000022,0.010000000000000009,10.89,0,4,200
2989,586523,93.74000000000012,0.040000000000000036,10.98,0,9,200
2990,586723,104.15666666666692,0.015000000000000013,10.96,0,1,200
2991,586923,104.71000000000016,0.0,10.86,0,6,200
2992,587123,104.76500000000017,0.0,10.905,0,5,200
2993,587323,105.78833333333353,0.0,10.805,0,6,200
2994,587523,106.67333333333352,0.0050000000000000044,10.85,0,2,200
2995,587723,104.28500000000022,0.010000000000000009,10.965,0,2,200
2996,587923,104.94166666666693,0.0050000000000000044,11.005,0,3,200
2997,588123,98.83666666666686,0.015000000000000013,10.96,0,10,200
2998,588323,101.80000000000018,0.0,10.95,0,9,200
2999,588523,95.67666666666682,0.03500000000000003,10.81,0,10,200
