episode,timestep,reward,sla_violation,mean_replicas,crashes,flapping_incidents,length
0,31,-17.689999999999998,0.4193548387096774,3.2903225806451615,1,15,31
1,157,1.8550000000000253,0.30952380952380953,7.166666666666667,1,36,126
2,203,-20.923333333333336,0.5434782608695652,5.0,1,17,46
3,403,61.4083333333333,0.050000000000000044,9.515,0,70,200
4,411,-20.761666666666667,0.875,3.125,1,1,8
5,453,-31.15333333333333,0.8333333333333334,5.476190476190476,1,11,42
6,461,-22.828333333333333,1.0,2.125,1,2,8
7,472,-22.44,0.9090909090909091,3.272727272727273,1,2,11
8,488,-26.35833333333333,0.9375,2.9375,1,7,16
9,581,-0.06833333333332448,0.19354838709677424,7.344086021505376,1,36,93
10,589,-21.52,0.875,2.25,1,2,8
11,611,-30.148333333333333,0.9545454545454546,4.863636363636363,1,11,22
12,662,-21.156666666666666,0.6666666666666667,3.4901960784313726,1,14,51
13,767,-25.813333333333333,0.5333333333333333,6.9904761904761905,1,32,105
14,809,-39.861666666666665,0.8809523809523809,6.023809523809524,1,19,42
15,1009,21.905000000000005,0.21499999999999997,8.865,0,87,200
16,1018,-20.946666666666665,1.0,1.7777777777777777,1,0,9
17,1052,-31.501666666666665,0.9117647058823529,3.2058823529411766,1,14,34
18,1062,-23.118333333333332,1.0,2.3,1,3,10
19,1069,-20.603333333333335,0.8571428571428572,2.0,1,1,7
20,1075,-20.82333333333333,1.0,1.3333333333333333,1,0,6
21,1275,44.45333333333334,0.17500000000000004,7.67,0,76,200
22,1285,-23.203333333333333,1.0,3.8,1,2,10
23,1413,4.185000000000006,0.265625,7.4296875,1,42,128
24,1423,-19.63,0.5,4.8,1,3,10
25,1514,-16.483333333333334,0.4945054945054945,5.164835164835165,1,30,91
26,1586,-46.584999999999994,0.9444444444444444,3.9583333333333335,1,26,72
27,1604,-21.421666666666667,0.8333333333333334,1.7222222222222223,1,4,18
28,1697,-27.866666666666667,0.6774193548387097,3.5268817204301075,1,33,93
29,1732,-12.485000000000001,0.34285714285714286,5.057142857142857,1,11,35
30,1747,-24.076666666666664,1.0,3.066666666666667,1,3,15
31,1755,-21.536666666666665,0.75,2.0,1,3,8
32,1772,-26.083333333333336,1.0,3.6470588235294117,1,5,17
33,1789,-15.893333333333334,0.4117647058823529,4.0,1,4,17
34,1800,-22.461666666666666,0.8181818181818181,3.3636363636363638,1,4,11
35,1808,-21.195,1.0,1.875,1,0,8
36,1828,-17.114999999999995,0.55,2.85,1,5,20
37,2023,17.813333333333397,0.2615384615384615,7.558974358974359,1,60,195
38,2041,-19.098333333333333,0.4444444444444444,3.2777777777777777,1,8,18
39,2060,-16.425,0.5263157894736843,3.0,1,4,19
40,2260,56.160000000000025,0.07499999999999996,8.97,0,72,200
41,2366,-32.275000000000006,0.6037735849056604,5.235849056603773,1,43,106
42,2382,-22.035,0.6875,2.4375,1,7,16
43,2441,-22.834999999999997,0.5254237288135593,7.677966101694915,1,17,59
44,2449,-20.00166666666667,0.75,3.875,1,1,8
45,2459,-23.775,1.0,2.7,1,3,10
46,2581,-22.486666666666665,0.5327868852459017,4.852459016393443,1,47,122
47,2596,-16.34,0.4666666666666667,3.2,1,2,15
48,2610,-26.476666666666667,1.0,4.142857142857143,1,5,14
49,2810,39.07500000000004,0.18000000000000005,8.985,0,65,200
50,3010,17.226666666666667,0.4,6.49,0,66,200
51,3210,13.953333333333319,0.39,7.49,0,62,200
52,3257,-16.966666666666665,0.574468085106383,3.7872340425531914,1,12,47
53,3269,-20.386666666666667,0.75,2.8333333333333335,1,2,12
54,3424,17.733333333333366,0.2451612903225806,6.064516129032258,1,54,155
55,3594,-15.360000000000003,0.3647058823529412,8.576470588235294,1,60,170
56,3606,-18.415000000000003,0.6666666666666667,2.25,1,1,12
57,3636,-29.685,0.8666666666666667,4.1,1,13,30
58,3664,-30.671666666666667,0.8214285714285714,6.892857142857143,1,10,28
59,3716,-17.881666666666664,0.5576923076923077,3.7115384615384617,1,19,52
60,3730,-22.7,1.0,1.7142857142857142,1,2,14
61,3791,-5.4916666666666725,0.360655737704918,4.344262295081967,1,17,61
62,3828,-22.018333333333334,0.6756756756756757,3.864864864864865,1,11,37
63,4028,35.466666666666676,0.275,6.82,0,73,200
64,4111,3.243333333333343,0.22891566265060237,5.903614457831325,1,27,83
65,4128,-20.36,0.5294117647058824,4.235294117647059,1,7,17
66,4171,-13.28,0.34883720930232553,4.883720930232558,1,17,43
67,4216,-7.0799999999999965,0.24444444444444446,5.6,1,14,45
68,4243,-18.673333333333332,0.5555555555555556,5.185185185185185,1,6,27
69,4249,-20.966666666666665,1.0,1.6666666666666667,1,0,6
70,4327,-26.07833333333333,0.6153846153846154,6.064102564102564,1,22,78
71,4446,4.375000000000014,0.2941176470588235,6.73109243697479,1,35,119
72,4492,-35.365,0.9130434782608696,4.239130434782608,1,17,46
73,4501,-22.381666666666668,0.8888888888888888,3.4444444444444446,1,3,9
74,4590,-28.451666666666668,0.6741573033707865,5.876404494382022,1,21,89
75,4790,45.56666666666667,0.16500000000000004,8.23,0,72,200
76,4799,-21.87333333333333,1.0,1.5555555555555556,1,1,9
77,4822,-26.188333333333333,1.0,2.5652173913043477,1,5,23
78,5022,62.60833333333333,0.10999999999999999,9.065,0,52,200
79,5118,-32.49833333333334,0.6875,5.052083333333333,1,30,96
80,5143,-23.02166666666667,0.6,3.64,1,12,25
81,5161,-20.01833333333333,0.7222222222222222,3.2777777777777777,1,4,18
82,5173,-17.211666666666666,0.5,3.0833333333333335,1,2,12
83,5325,22.69833333333334,0.19736842105263153,7.072368421052632,1,45,152
84,5344,-26.10666666666667,1.0,2.1052631578947367,1,6,19
85,5350,-22.115000000000002,1.0,4.5,1,1,6
86,5550,47.06333333333333,0.22999999999999998,7.01,0,63,200
87,5556,-19.515,0.8333333333333334,1.5,1,0,6
88,5607,-14.201666666666675,0.3529411764705882,6.254901960784314,1,20,51
89,5768,37.09833333333333,0.09316770186335399,7.795031055900621,1,48,161
90,5795,-13.206666666666667,0.4444444444444444,2.814814814814815,1,6,27
91,5819,-20.588333333333335,0.6666666666666667,3.7083333333333335,1,6,24
92,5848,-10.503333333333329,0.31034482758620685,4.0,1,7,29
93,5898,-34.54666666666667,0.8200000000000001,4.28,1,19,50
94,5919,-20.316666666666666,0.6666666666666667,3.9047619047619047,1,5,21
95,5952,-25.083333333333332,0.7272727272727273,3.515151515151515,1,12,33
96,5969,-25.368333333333332,0.8235294117647058,4.529411764705882,1,7,17
97,5986,-21.993333333333332,0.8235294117647058,2.9411764705882355,1,3,17
98,6034,-26.16,0.6666666666666667,4.875,1,17,48
99,6042,-20.915,0.875,2.625,1,1,8
100,6194,-13.010000000000005,0.48684210526315785,5.2894736842105265,1,51,152
101,6243,-21.478333333333328,0.5510204081632653,6.346938775510204,1,14,49
102,6321,-27.381666666666668,0.5128205128205128,6.782051282051282,1,32,78
103,6478,-15.813333333333338,0.4840764331210191,5.439490445859873,1,60,157
104,6533,-31.795,0.7454545454545455,4.745454545454545,1,20,55
105,6733,20.084999999999994,0.275,8.625,0,74,200
106,6855,0.1566666666666805,0.2622950819672131,7.934426229508197,1,41,122
107,6958,-21.935,0.46601941747572817,7.427184466019417,1,35,103
108,7004,-35.27333333333334,0.9347826086956522,3.1739130434782608,1,17,46
109,7023,-16.7,0.42105263157894735,4.421052631578948,1,5,19
110,7223,47.198333333333366,0.10499999999999998,9.365,0,74,200
111,7423,64.49666666666668,0.10999999999999999,8.2,0,63,200
112,7456,-9.81,0.303030303030303,3.8181818181818183,1,10,33
113,7656,41.49,0.21499999999999997,8.37,0,62,200
114,7856,60.69333333333332,0.10499999999999998,8.6,0,64,200
115,7881,-21.838333333333335,0.72,2.84,1,8,25
116,8081,18.43999999999998,0.29000000000000004,9.12,0,64,200
117,8098,-26.015,0.8823529411764706,2.2941176470588234,1,8,17
118,8105,-20.063333333333333,0.8571428571428572,2.0,1,0,7
119,8118,-20.755,0.7692307692307692,2.076923076923077,1,3,13
120,8131,-22.788333333333334,1.0,2.6923076923076925,1,1,13
121,8161,-27.765,0.8666666666666667,5.5,1,7,30
122,8195,-28.009999999999998,0.8529411764705882,4.411764705882353,1,9,34
123,8232,-25.520000000000003,0.6216216216216216,5.351351351351352,1,15,37
124,8279,-11.678333333333333,0.34042553191489366,4.446808510638298,1,20,47
125,8479,52.341666666666654,0.09999999999999998,9.085,0,70,200
126,8485,-20.928333333333335,0.8333333333333334,2.8333333333333335,1,2,6
127,8685,32.15833333333334,0.20999999999999996,8.945,0,74,200
128,8692,-21.323333333333334,0.8571428571428572,3.7142857142857144,1,1,7
129,8892,42.100000000000016,0.24,7.41,0,65,200
130,8903,-17.515,0.5454545454545454,2.4545454545454546,1,1,11
131,8916,-22.845,0.8461538461538461,2.5384615384615383,1,4,13
132,8927,-22.181666666666665,0.9090909090909091,1.7272727272727273,1,3,11
133,9127,34.56166666666667,0.30000000000000004,7.435,0,59,200
134,9327,60.601666666666716,0.10999999999999999,8.785,0,60,200
135,9429,-20.040000000000003,0.5294117647058824,6.117647058823529,1,30,102
136,9460,-32.79,0.935483870967742,4.838709677419355,1,11,31
137,9660,55.19,0.09999999999999998,8.94,0,70,200
138,9672,-22.535,0.9166666666666666,2.75,1,3,12
139,9803,1.291666666666682,0.3129770992366412,6.129770992366412,1,48,131
140,9813,-22.273333333333333,0.8,3.2,1,4,10
141,9844,-24.398333333333333,0.6129032258064516,6.354838709677419,1,11,31
142,9912,-7.405000000000001,0.38235294117647056,4.544117647058823,1,22,68
143,9939,-14.036666666666664,0.37037037037037035,4.37037037037037,1,8,27
144,10139,29.605,0.20499999999999996,9.105,0,76,200
145,10339,38.99166666666666,0.15500000000000003,9.985,0,62,200
146,10450,-13.565000000000001,0.3513513513513513,7.4324324324324325,1,43,111
147,10503,-16.578333333333333,0.5660377358490566,4.509433962264151,1,12,53
148,10524,-13.00333333333333,0.33333333333333337,2.9523809523809526,1,6,21
149,10546,-25.361666666666665,1.0,1.9545454545454546,1,5,22
150,10746,8.849999999999998,0.385,8.07,0,66,200
151,10756,-23.901666666666664,1.0,3.7,1,3,10
152,10938,-6.164999999999996,0.39560439560439564,7.664835164835165,1,50,182
153,11119,27.948333333333334,0.2320441988950276,6.602209944751381,1,56,181
154,11170,-20.488333333333337,0.6274509803921569,3.627450980392157,1,16,51
155,11370,41.031666666666716,0.27,6.985,0,63,200
156,11427,-18.468333333333334,0.6491228070175439,2.719298245614035,1,15,57
157,11463,-19.225,0.5555555555555556,6.583333333333333,1,5,36
158,11663,64.14499999999998,0.09499999999999997,8.115,0,66,200
159,11863,36.543333333333315,0.31000000000000005,7.22,0,57,200
160,11898,-31.418333333333333,0.8857142857142857,3.4,1,14,35
161,11909,-20.081666666666667,0.8181818181818181,2.272727272727273,1,1,11
162,12109,63.05000000000002,0.03500000000000003,10.29,0,58,200
163,12236,1.3216666666666796,0.39370078740157477,5.566929133858268,1,34,127
164,12436,-12.87666666666667,0.495,7.07,0,78,200
165,12636,27.43166666666667,0.30500000000000005,8.125,0,60,200
166,12836,66.88499999999999,0.125,7.845,0,58,200
167,13036,44.13666666666671,0.17000000000000004,8.8,0,63,200
168,13047,-22.595,0.9090909090909091,3.0,1,2,11
169,13247,71.29333333333338,0.06499999999999995,8.21,0,63,200
170,13257,-21.31,0.9,3.0,1,1,10
171,13268,-24.775,1.0,4.090909090909091,1,4,11
172,13283,-21.865000000000002,0.8,2.6,1,4,15
173,13296,-22.55,0.9230769230769231,3.6923076923076925,1,2,13
174,13330,-28.02166666666667,0.8823529411764706,2.323529411764706,1,12,34
175,13353,-16.2,0.5652173913043479,2.869565217391304,1,4,23
176,13408,-1.7349999999999994,0.21818181818181814,5.945454545454545,1,15,55
177,13608,45.30833333333331,0.24,7.925,0,52,200
178,13651,-16.638333333333332,0.6046511627906976,3.604651162790698,1,9,43
179,13662,-19.744999999999997,0.6363636363636364,3.5454545454545454,1,2,11
180,13862,37.06999999999999,0.17500000000000004,9.96,0,63,200
181,13873,-17.791666666666668,0.5454545454545454,2.272727272727273,1,2,11
182,14073,43.16166666666666,0.18999999999999995,9.205,0,55,200
183,14120,-15.058333333333337,0.5106382978723405,5.085106382978723,1,11,47
184,14164,-19.14666666666667,0.6363636363636364,2.1363636363636362,1,15,44
185,14231,-24.093333333333334,0.5522388059701493,5.7611940298507465,1,24,67
186,14253,-21.53333333333333,0.6818181818181819,2.5454545454545454,1,8,22
187,14453,46.908333333333324,0.14,9.305,0,63,200
188,14537,-32.07,0.75,3.857142857142857,1,27,84
189,14542,-21.098333333333333,1.0,2.2,1,1,5
190,14698,-1.1633333333333162,0.41666666666666663,6.282051282051282,1,41,156
191,14841,-16.601666666666677,0.4125874125874126,7.34965034965035,1,49,143
192,14878,-29.906666666666666,0.8378378378378378,3.3513513513513513,1,14,37
193,14883,-20.950000000000003,1.0,1.2,1,1,5
194,14906,-15.31333333333333,0.5652173913043479,2.1739130434782608,1,5,23
195,14964,-10.218333333333337,0.3793103448275862,5.568965517241379,1,18,58
196,14983,-24.284999999999997,0.8947368421052632,2.3684210526315788,1,6,19
197,15004,-22.733333333333334,0.7142857142857143,4.666666666666667,1,6,21
198,15195,4.171666666666695,0.3612565445026178,7.722513089005235,1,47,191
199,15377,-19.029999999999994,0.510989010989011,6.758241758241758,1,48,182
200,15577,42.288333333333334,0.255,8.105,0,54,200
201,15777,68.05833333333331,0.050000000000000044,9.425,0,56,200
202,15977,42.214999999999954,0.21999999999999997,7.845,0,67,200
203,16177,11.89999999999999,0.365,8.64,0,55,200
204,16377,17.538333333333338,0.31499999999999995,9.125,0,58,200
205,16430,-41.42166666666667,0.9811320754716981,5.452830188679245,1,15,53
206,16481,-19.688333333333333,0.5686274509803921,4.450980392156863,1,16,51
207,16681,73.93833333333333,0.015000000000000013,9.785,0,56,200
208,16881,39.14500000000003,0.11499999999999999,10.785,0,65,200
209,17081,2.2650000000000046,0.385,8.445,0,68,200
210,17281,53.705,0.16000000000000003,8.295,0,61,200
211,17481,67.95666666666666,0.04500000000000004,9.7,0,55,200
212,17681,72.87333333333333,0.050000000000000044,8.36,0,65,200
213,17881,43.54333333333335,0.16000000000000003,9.29,0,63,200
214,17890,-22.036666666666665,1.0,2.4444444444444446,1,1,9
215,18090,72.37833333333329,0.07499999999999996,8.765,0,54,200
216,18102,-20.761666666666667,0.9166666666666666,2.5833333333333335,1,0,12
217,18302,43.66333333333335,0.275,7.28,0,54,200
218,18358,-5.783333333333335,0.2857142857142857,6.464285714285714,1,15,56
219,18451,-0.9950000000000045,0.31182795698924726,5.193548387096774,1,35,93
220,18651,56.786666666666704,0.16000000000000003,8.29,0,56,200
221,18704,-16.22166666666667,0.4716981132075472,4.433962264150943,1,19,53
222,18904,46.38666666666666,0.255,7.42,0,54,200
223,18932,-12.661666666666667,0.4285714285714286,3.4642857142857144,1,6,28
224,19132,66.00833333333337,0.17500000000000004,8.735,0,32,200
225,19138,-21.583333333333332,1.0,1.3333333333333333,1,1,6
226,19338,24.26166666666665,0.41000000000000003,4.705,0,75,200
227,19538,57.76166666666667,0.245,5.905,0,60,200
228,19738,47.276666666666685,0.18500000000000005,8.68,0,60,200
229,19843,0.9716666666666711,0.35238095238095235,6.104761904761904,1,28,105
230,20043,37.94833333333332,0.255,8.435,0,55,200
231,20243,67.85833333333333,0.14500000000000002,7.535,0,54,200
232,20269,-27.953333333333333,0.9615384615384616,2.1538461538461537,1,9,26
233,20440,34.28500000000001,0.1228070175438597,8.017543859649123,1,53,171
234,20490,-19.78333333333333,0.5800000000000001,4.72,1,15,50
235,20690,32.523333333333326,0.265,8.87,0,50,200
236,20872,-2.5483333333333036,0.42307692307692313,7.082417582417582,1,43,182
237,20883,-19.653333333333332,0.6363636363636364,3.4545454545454546,1,3,11
238,21069,14.078333333333326,0.34408602150537637,6.198924731182796,1,54,186
239,21269,56.98166666666667,0.17500000000000004,7.855,0,59,200
240,21303,-19.21666666666667,0.6764705882352942,3.2941176470588234,1,7,34
241,21503,70.30333333333337,0.09999999999999998,8.45,0,52,200
242,21703,47.12500000000001,0.18000000000000005,9.375,0,48,200
243,21776,-18.690000000000005,0.4794520547945206,6.821917808219178,1,22,73
244,21795,-22.435000000000002,0.8421052631578947,3.9473684210526314,1,3,19
245,21806,-22.678333333333335,0.9090909090909091,3.1818181818181817,1,3,11
246,21838,-16.185,0.59375,2.53125,1,8,32
247,21862,-20.133333333333333,0.6666666666666667,3.3333333333333335,1,6,24
248,21894,-28.726666666666667,0.96875,3.3125,1,7,32
249,22094,38.64,0.21999999999999997,9.33,0,54,200
250,22133,-32.08166666666667,0.8974358974358975,5.102564102564102,1,11,39
251,22333,6.460000000000019,0.5,5.88,0,61,200
252,22368,-32.42166666666667,0.9428571428571428,5.0,1,10,35
253,22568,37.69500000000005,0.22999999999999998,8.565,0,64,200
254,22576,-20.903333333333332,0.875,1.75,1,2,8
255,22776,39.78666666666668,0.275,7.81,0,54,200
256,22813,-33.29666666666667,0.9189189189189189,3.8378378378378377,1,15,37
257,22953,3.1433333333333664,0.3928571428571429,5.0,1,43,140
258,23153,16.58499999999999,0.45499999999999996,5.355,0,67,200
259,23353,57.181666666666665,0.125,9.085,0,56,200
260,23408,2.6166666666666742,0.10909090909090913,6.036363636363636,1,18,55
261,23608,66.25666666666672,0.025000000000000022,10.42,0,54,200
262,23738,26.40166666666671,0.09999999999999998,8.392307692307693,1,33,130
263,23775,-11.80666666666667,0.43243243243243246,4.162162162162162,1,9,37
264,23975,79.7816666666666,0.07499999999999996,7.765,0,58,200
265,24113,-19.515000000000008,0.5507246376811594,4.934782608695652,1,47,138
266,24313,47.11000000000004,0.135,8.7,0,75,200
267,24513,41.91166666666665,0.22499999999999998,7.585,0,71,200
268,24713,33.62166666666669,0.32499999999999996,6.325,0,68,200
269,24913,48.731666666666676,0.135,8.965,0,69,200
270,24929,-12.794999999999998,0.3125,2.8125,1,3,16
271,25129,71.59500000000011,0.05500000000000005,10.095,0,43,200
272,25329,41.07666666666668,0.18500000000000005,9.22,0,62,200
273,25352,-16.019999999999996,0.3913043478260869,6.260869565217392,1,5,23
274,25552,82.0683333333333,0.010000000000000009,9.215,0,54,200
275,25623,-7.1466666666666665,0.3802816901408451,6.056338028169014,1,17,71
276,25714,-1.4516666666666573,0.39560439560439564,4.956043956043956,1,23,91
277,25914,69.5816666666667,0.18999999999999995,6.535,0,52,200
278,26114,38.238333333333344,0.18999999999999995,9.185,0,66,200
279,26314,53.94166666666667,0.19499999999999995,7.375,0,60,200
280,26355,-20.33666666666667,0.5365853658536586,5.219512195121951,1,14,41
281,26555,5.493333333333342,0.36,9.59,0,56,200
282,26755,0.9666666666666648,0.5,7.09,0,59,200
283,26927,2.4133333333333375,0.40116279069767447,6.1976744186046515,1,49,172
284,27127,59.360000000000014,0.20499999999999996,7.32,0,54,200
285,27327,45.283333333333324,0.18500000000000005,8.72,0,63,200
286,27433,-7.393333333333334,0.42452830188679247,5.226415094339623,1,38,106
287,27494,-9.196666666666665,0.3770491803278688,6.262295081967213,1,15,61
288,27507,-17.060000000000002,0.6153846153846154,2.769230769230769,1,0,13
289,27521,-24.275,0.9285714285714286,4.071428571428571,1,4,14
290,27545,-29.688333333333333,1.0,5.208333333333333,1,7,24
291,27745,41.19833333333339,0.21499999999999997,8.645,0,62,200
292,27945,58.45833333333336,0.05500000000000005,9.965,0,65,200
293,28145,39.910000000000004,0.17000000000000004,10.17,0,57,200
294,28345,28.50500000000003,0.355,7.455,0,52,200
295,28434,5.710000000000022,0.2921348314606742,5.123595505617978,1,26,89
296,28634,36.548333333333346,0.17000000000000004,10.025,0,62,200
297,28834,69.08166666666664,0.020000000000000018,10.645,0,51,200
298,28843,-21.816666666666666,0.8888888888888888,2.4444444444444446,1,3,9
299,28852,-22.268333333333334,1.0,2.5555555555555554,1,2,9
300,29052,40.76666666666667,0.28500000000000003,7.24,0,58,200
301,29252,51.4466666666667,0.16000000000000003,8.68,0,60,200
302,29259,-22.02,1.0,2.5714285714285716,1,2,7
303,29459,57.53166666666669,0.10499999999999998,9.625,0,61,200
304,29531,-23.983333333333334,0.6805555555555556,4.027777777777778,1,20,72
305,29731,35.00333333333332,0.21999999999999997,9.23,0,62,200
306,29784,-5.076666666666668,0.28301886792452835,5.283018867924528,1,15,53
307,29984,51.178333333333384,0.13,9.785,0,56,200
308,29991,-21.228333333333335,1.0,1.5714285714285714,1,1,7
309,30191,49.18833333333336,0.11499999999999999,10.145,0,61,200
310,30391,56.9766666666667,0.04500000000000004,9.58,0,78,200
311,30426,-23.88,0.6571428571428571,5.828571428571428,1,11,35
312,30626,36.855000000000025,0.19499999999999995,9.795,0,59,200
313,30826,28.939999999999998,0.17500000000000004,9.69,0,80,200
314,31026,63.03833333333338,0.15000000000000002,8.165,0,54,200
315,31226,54.90333333333334,0.14500000000000002,9.56,0,48,200
316,31426,69.42833333333333,0.025000000000000022,10.415,0,49,200
317,31626,55.43999999999997,0.17500000000000004,8.07,0,56,200
318,31826,68.68333333333334,0.020000000000000018,10.7,0,52,200
319,31850,-17.866666666666667,0.5,5.166666666666667,1,8,24
320,32050,17.943333333333353,0.46499999999999997,5.66,0,61,200
321,32204,2.6916666666666664,0.3571428571428571,5.954545454545454,1,57,154
322,32404,28.759999999999998,0.21999999999999997,9.36,0,70,200
323,32604,28.090000000000003,0.27,8.97,0,63,200
324,32804,44.43666666666668,0.10499999999999998,10.18,0,69,200
325,33004,34.85500000000001,0.245,8.745,0,60,200
326,33204,59.08000000000003,0.07499999999999996,10.5,0,51,200
327,33404,29.183333333333344,0.20999999999999996,9.62,0,69,200
328,33604,70.09333333333339,0.020000000000000018,10.61,0,52,200
329,33609,-21.544999999999998,1.0,4.2,1,1,5
330,33622,-20.898333333333333,0.6923076923076923,2.6923076923076925,1,5,13
331,33822,30.54166666666668,0.16500000000000004,9.985,0,75,200
332,34022,56.49833333333335,0.05500000000000005,9.935,0,69,200
333,34222,19.531666666666638,0.30500000000000005,8.305,0,69,200
334,34230,-22.98333333333333,1.0,5.5,1,1,8
335,34430,49.95333333333334,0.16000000000000003,8.78,0,62,200
336,34630,37.03166666666668,0.18000000000000005,9.385,0,69,200
337,34830,42.77500000000002,0.18999999999999995,9.885,0,50,200
338,35030,65.89166666666667,0.030000000000000027,10.195,0,59,200
339,35230,25.411666666666736,0.27,8.995,0,61,200
340,35430,56.766666666666694,0.025000000000000022,10.6,0,70,200
341,35630,32.77833333333331,0.16500000000000004,10.055,0,68,200
342,35653,-8.663333333333334,0.26086956521739135,2.9565217391304346,1,3,23
343,35853,58.62166666666677,0.025000000000000022,10.615,0,63,200
344,36053,62.99833333333339,0.015000000000000013,10.445,0,64,200
345,36253,13.570000000000013,0.33499999999999996,8.01,0,74,200
346,36453,52.64500000000002,0.09999999999999998,10.815,0,50,200
347,36653,58.84666666666673,0.08499999999999996,10.78,0,43,200
348,36853,51.58,0.07499999999999996,10.65,0,64,200
349,37053,62.800000000000026,0.08999999999999997,9.51,0,58,200
350,37253,11.384999999999993,0.36,8.355,0,66,200
351,37453,67.89666666666662,0.06499999999999995,8.71,0,66,200
352,37653,57.01833333333334,0.09499999999999997,8.615,0,74,200
353,37853,61.3516666666667,0.09999999999999998,9.355,0,55,200
354,38053,14.579999999999997,0.36,8.88,0,54,200
355,38253,44.46333333333334,0.15000000000000002,10.37,0,53,200
356,38453,46.85666666666668,0.125,9.85,0,67,200
357,38653,57.08999999999999,0.040000000000000036,10.86,0,60,200
358,38686,-22.69833333333333,0.696969696969697,4.151515151515151,1,10,33
359,38886,30.51166666666668,0.28500000000000003,7.975,0,65,200
360,39086,59.016666666666744,0.05500000000000005,10.96,0,49,200
361,39286,43.57833333333335,0.19999999999999996,7.985,0,71,200
362,39486,55.29500000000005,0.07499999999999996,9.825,0,67,200
363,39686,67.76000000000006,0.015000000000000013,9.87,0,65,200
364,39886,59.595000000000034,0.0050000000000000044,11.175,0,61,200
365,40086,40.63333333333338,0.245,8.66,0,55,200
366,40286,34.84666666666672,0.21499999999999997,9.19,0,63,200
367,40486,45.096666666666664,0.13,10.0,0,62,200
368,40686,44.83000000000001,0.18000000000000005,9.18,0,55,200
369,40886,50.85166666666671,0.16500000000000004,9.865,0,46,200
370,41086,70.69500000000004,0.025000000000000022,10.485,0,51,200
371,41286,66.97833333333331,0.09999999999999998,8.915,0,54,200
372,41486,47.148333333333305,0.10999999999999999,10.475,0,62,200
373,41637,10.038333333333341,0.3774834437086093,5.529801324503311,1,41,151
374,41837,50.92166666666667,0.08499999999999996,10.615,0,61,200
375,42037,51.528333333333364,0.09499999999999997,10.445,0,60,200
376,42237,51.24666666666679,0.08499999999999996,9.91,0,67,200
377,42244,-21.291666666666664,0.8571428571428572,1.8571428571428572,1,2,7
378,42444,13.569999999999983,0.38,7.41,0,68,200
379,42644,11.945,0.30000000000000004,9.315,0,67,200
380,42844,50.90666666666674,0.09999999999999998,9.85,0,66,200
381,42868,-13.293333333333331,0.45833333333333337,3.8333333333333335,1,3,24
382,43068,39.846666666666685,0.16500000000000004,10.21,0,60,200
383,43268,63.04166666666669,0.0050000000000000044,10.525,0,70,200
384,43468,12.98666666666669,0.42000000000000004,7.45,0,55,200
385,43510,-30.078333333333333,0.8571428571428572,5.119047619047619,1,10,42
386,43710,55.454999999999984,0.10999999999999999,10.515,0,52,200
387,43910,48.89000000000001,0.11499999999999999,10.59,0,54,200
388,44110,31.395000000000007,0.16000000000000003,11.025,0,60,200
389,44125,-23.015,0.8666666666666667,5.0,1,3,15
390,44241,-9.280000000000003,0.5086206896551724,5.275862068965517,1,28,116
391,44441,40.48833333333338,0.17000000000000004,10.025,0,60,200
392,44641,73.34666666666668,0.015000000000000013,10.69,0,46,200
393,44652,-22.398333333333333,0.9090909090909091,3.727272727272727,1,2,11
394,44852,70.77666666666666,0.09999999999999998,8.41,0,52,200
395,45052,40.99000000000003,0.18500000000000005,10.14,0,52,200
396,45252,51.47500000000004,0.12,10.335,0,56,200
397,45452,61.63500000000006,0.040000000000000036,10.605,0,58,200
398,45652,56.78666666666672,0.08499999999999996,10.51,0,53,200
399,45852,66.83500000000005,0.08499999999999996,8.565,0,63,200
400,45879,-22.365,0.6296296296296297,6.111111111111111,1,7,27
401,46079,53.54333333333338,0.09499999999999997,10.31,0,55,200
402,46279,64.19666666666674,0.06999999999999995,8.83,0,67,200
403,46479,48.38333333333338,0.19499999999999995,8.27,0,61,200
404,46679,43.366666666666745,0.18500000000000005,9.58,0,53,200
405,46879,51.445000000000014,0.13,9.855,0,58,200
406,47079,29.593333333333334,0.18000000000000005,9.89,0,71,200
407,47091,-17.445,0.5833333333333333,3.25,1,1,12
408,47291,41.84833333333338,0.14,9.635,0,70,200
409,47491,60.290000000000056,0.030000000000000027,10.68,0,63,200
410,47499,-19.736666666666665,0.75,2.0,1,1,8
411,47699,44.14000000000004,0.13,10.05,0,63,200
412,47899,58.90833333333338,0.125,8.255,0,64,200
413,48099,56.85000000000005,0.13,9.66,0,49,200
414,48299,68.95333333333336,0.0,11.0,0,52,200
415,48348,-29.198333333333338,0.6326530612244898,5.244897959183674,1,24,49
416,48548,57.69000000000002,0.09999999999999998,10.29,0,51,200
417,48607,-19.84166666666666,0.47457627118644063,6.11864406779661,1,22,59
418,48807,45.20166666666669,0.14,10.285,0,55,200
419,49007,30.35833333333334,0.25,9.905,0,51,200
420,49207,70.93000000000005,0.0,10.95,0,50,200
421,49407,45.54833333333336,0.16500000000000004,10.625,0,44,200
422,49607,51.35166666666672,0.19999999999999996,8.275,0,52,200
423,49807,54.25500000000008,0.10499999999999998,9.765,0,58,200
424,50007,64.24000000000007,0.06000000000000005,9.33,0,65,200
425,50207,65.06333333333336,0.04500000000000004,10.49,0,55,200
426,50407,16.01833333333333,0.375,7.415,0,66,200
427,50607,42.96166666666669,0.11499999999999999,10.285,0,70,200
428,50807,59.446666666666786,0.08499999999999996,10.0,0,54,200
429,50990,40.11166666666672,0.04371584699453557,10.453551912568306,1,48,183
430,51190,57.330000000000034,0.040000000000000036,11.1,0,57,200
431,51390,53.86166666666673,0.07999999999999996,10.645,0,58,200
432,51590,39.198333333333345,0.14,11.045,0,52,200
433,51790,24.513333333333325,0.28500000000000003,8.15,0,72,200
434,51990,41.24833333333335,0.17000000000000004,9.005,0,69,200
435,52081,-17.183333333333334,0.4945054945054945,7.142857142857143,1,22,91
436,52281,52.01500000000007,0.09499999999999997,10.575,0,51,200
437,52481,68.36166666666672,0.0,10.675,0,59,200
438,52681,20.028333333333336,0.265,9.575,0,66,200
439,52693,-22.958333333333336,0.75,6.916666666666667,1,3,12
440,52893,71.1566666666668,0.010000000000000009,10.99,0,44,200
441,53093,38.89500000000001,0.18000000000000005,9.825,0,59,200
442,53293,73.1533333333334,0.0050000000000000044,10.88,0,49,200
443,53493,14.481666666666698,0.31999999999999995,9.205,0,66,200
444,53693,54.79333333333337,0.040000000000000036,10.85,0,63,200
445,53893,55.656666666666716,0.08999999999999997,10.18,0,57,200
446,54093,56.44166666666665,0.07999999999999996,10.555,0,55,200
447,54293,50.74666666666669,0.09999999999999998,10.33,0,62,200
448,54493,61.730000000000075,0.020000000000000018,10.95,0,58,200
449,54693,43.22333333333337,0.16500000000000004,9.68,0,58,200
450,54893,49.83166666666667,0.16000000000000003,9.805,0,50,200
451,55093,63.810000000000024,0.07499999999999996,9.9,0,52,200
452,55293,70.76500000000006,0.015000000000000013,10.395,0,57,200
453,55493,45.57666666666672,0.08999999999999997,10.54,0,67,200
454,55693,32.63500000000002,0.19499999999999995,10.005,0,65,200
455,55738,-31.115000000000002,0.8,5.933333333333334,1,13,45
456,55938,43.463333333333345,0.135,10.61,0,58,200
457,56138,49.09166666666677,0.09999999999999998,10.525,0,56,200
458,56180,-29.793333333333337,0.8095238095238095,6.333333333333333,1,9,42
459,56380,50.078333333333326,0.07499999999999996,10.865,0,61,200
460,56580,59.996666666666705,0.04500000000000004,10.45,0,61,200
461,56780,54.138333333333414,0.13,10.175,0,46,200
462,56980,64.96333333333335,0.0,11.06,0,56,200
463,57180,56.25833333333339,0.09999999999999998,10.235,0,53,200
464,57380,29.16333333333335,0.19499999999999995,10.46,0,66,200
465,57564,19.751666666666686,0.17391304347826086,10.429347826086957,1,45,184
466,57574,-20.611666666666665,0.7,1.9,1,3,10
467,57774,40.985,0.135,10.035,0,72,200
468,57974,70.10333333333337,0.0050000000000000044,11.03,0,50,200
469,58174,75.22500000000001,0.0,11.145,0,44,200
470,58374,48.33000000000002,0.14,9.87,0,59,200
471,58574,62.97833333333337,0.010000000000000009,11.045,0,58,200
472,58774,68.66500000000005,0.015000000000000013,10.785,0,51,200
473,58974,55.8516666666667,0.07999999999999996,10.495,0,53,200
474,59174,51.241666666666696,0.11499999999999999,10.675,0,51,200
475,59374,48.12166666666668,0.125,10.285,0,58,200
476,59574,57.78833333333336,0.08499999999999996,9.935,0,60,200
477,59774,64.1733333333334,0.0050000000000000044,11.12,0,58,200
478,59792,-25.244999999999997,0.9444444444444444,4.166666666666667,1,4,18
479,59824,-24.5,0.75,4.875,1,9,32
480,59891,-38.40333333333333,0.8059701492537313,5.402985074626866,1,23,67
481,60091,37.745000000000005,0.17500000000000004,9.585,0,66,200
482,60291,50.44000000000005,0.08499999999999996,11.16,0,50,200
483,60491,62.19166666666671,0.020000000000000018,10.915,0,57,200
484,60691,27.390000000000015,0.21999999999999997,10.38,0,58,200
485,60891,43.81666666666669,0.13,9.55,0,74,200
486,61091,36.998333333333356,0.135,10.895,0,64,200
487,61291,53.62833333333344,0.09499999999999997,10.805,0,46,200
488,61491,59.593333333333355,0.030000000000000027,10.28,0,67,200
489,61509,-25.71166666666667,0.8333333333333334,5.388888888888889,1,7,18
490,61709,56.32500000000006,0.09499999999999997,11.175,0,39,200
491,61909,68.23166666666678,0.0050000000000000044,11.575,0,43,200
492,61963,-37.16,0.9259259259259259,5.333333333333333,1,13,54
493,62163,49.24833333333335,0.135,9.965,0,55,200
494,62363,66.39999999999996,0.020000000000000018,11.13,0,48,200
495,62563,77.07,0.0,11.07,0,43,200
496,62575,-26.52,1.0,4.5,1,6,12
497,62775,55.81500000000005,0.03500000000000003,10.875,0,62,200
498,62975,57.358333333333306,0.06999999999999995,11.255,0,45,200
499,63175,36.0916666666667,0.15000000000000002,10.375,0,65,200
500,63375,30.980000000000015,0.125,11.07,0,74,200
501,63380,-20.37,1.0,1.2,1,0,5
502,63580,56.64000000000004,0.06000000000000005,10.35,0,63,200
503,63606,-19.018333333333334,0.5384615384615384,5.730769230769231,1,7,26
504,63806,64.665,0.06999999999999995,10.635,0,46,200
505,64006,55.72833333333336,0.11499999999999999,10.355,0,50,200
506,64206,36.39833333333335,0.17500000000000004,10.385,0,58,200
507,64406,64.5616666666667,0.0050000000000000044,10.885,0,63,200
508,64606,48.651666666666706,0.09499999999999997,10.345,0,66,200
509,64619,-21.391666666666666,0.9230769230769231,2.8461538461538463,1,1,13
510,64819,73.09500000000004,0.0,10.845,0,48,200
511,64847,-29.005000000000003,0.8928571428571429,4.178571428571429,1,10,28
512,65047,71.9900000000001,0.0050000000000000044,10.53,0,52,200
513,65247,39.548333333333325,0.17500000000000004,10.235,0,55,200
514,65447,58.06833333333336,0.050000000000000044,10.835,0,59,200
515,65647,52.04000000000001,0.04500000000000004,10.59,0,72,200
516,65847,74.1133333333334,0.03500000000000003,10.37,0,44,200
517,66047,67.87333333333338,0.0,10.94,0,52,200
518,66247,39.426666666666684,0.17000000000000004,10.57,0,55,200
519,66447,33.49166666666667,0.21499999999999997,9.715,0,59,200
520,66647,66.16000000000001,0.04500000000000004,10.68,0,47,200
521,66847,43.79666666666669,0.135,10.48,0,58,200
522,67047,56.30166666666668,0.10999999999999999,10.615,0,47,200
523,67247,72.21000000000006,0.040000000000000036,10.38,0,44,200
524,67447,61.32166666666672,0.04500000000000004,11.245,0,47,200
525,67647,67.41166666666675,0.010000000000000009,11.395,0,45,200
526,67847,58.603333333333325,0.10499999999999998,10.01,0,51,200
527,68047,54.15833333333335,0.06000000000000005,10.745,0,61,200
528,68247,74.26833333333335,0.0,11.045,0,45,200
529,68447,51.41166666666665,0.06499999999999995,11.035,0,59,200
530,68647,61.91000000000007,0.020000000000000018,11.16,0,54,200
531,68847,67.5916666666667,0.03500000000000003,10.615,0,51,200
532,69047,44.136666666666734,0.11499999999999999,11.08,0,55,200
533,69247,20.938333333333322,0.31499999999999995,8.615,0,61,200
534,69255,-22.849999999999998,0.875,4.5,1,3,8
535,69455,58.15500000000008,0.12,9.915,0,47,200
536,69655,51.261666666666734,0.13,10.825,0,41,200
537,69855,59.03499999999996,0.06499999999999995,10.515,0,55,200
538,70055,29.066666666666745,0.17000000000000004,11.17,0,60,200
539,70255,69.11500000000001,0.0050000000000000044,11.325,0,50,200
540,70455,46.931666666666715,0.15000000000000002,10.465,0,50,200
541,70655,64.795,0.050000000000000044,10.725,0,51,200
542,70855,53.435,0.07499999999999996,10.995,0,59,200
543,71055,61.03500000000003,0.07499999999999996,10.605,0,53,200
544,71255,67.98500000000003,0.0050000000000000044,10.935,0,57,200
545,71455,47.36666666666671,0.17500000000000004,10.36,0,41,200
546,71655,50.426666666666726,0.09499999999999997,10.63,0,60,200
547,71855,68.07166666666672,0.020000000000000018,10.585,0,54,200
548,71869,-25.74,0.9285714285714286,5.142857142857143,1,5,14
549,72069,54.61500000000007,0.025000000000000022,11.295,0,64,200
550,72269,31.255000000000003,0.17500000000000004,10.815,0,59,200
551,72469,61.13500000000008,0.040000000000000036,10.995,0,56,200
552,72669,40.67666666666667,0.13,11.26,0,52,200
553,72869,69.82833333333338,0.025000000000000022,10.985,0,46,200
554,73069,43.343333333333405,0.10999999999999999,10.82,0,65,200
555,73269,66.92000000000007,0.0,11.46,0,50,200
556,73469,68.8433333333334,0.015000000000000013,10.76,0,53,200
557,73669,54.185000000000095,0.07499999999999996,10.815,0,56,200
558,73869,78.10166666666679,0.0,10.945,0,40,200
559,74069,61.2266666666667,0.040000000000000036,11.11,0,54,200
560,74078,-22.5,0.8888888888888888,2.6666666666666665,1,3,9
561,74278,62.12,0.06499999999999995,10.29,0,54,200
562,74478,63.60500000000006,0.015000000000000013,10.755,0,60,200
563,74678,64.78666666666669,0.020000000000000018,10.96,0,57,200
564,74878,68.16499999999999,0.0050000000000000044,11.175,0,54,200
565,75078,62.13666666666671,0.0050000000000000044,10.9,0,67,200
566,75091,-17.154999999999998,0.46153846153846156,5.3076923076923075,1,2,13
567,75291,48.006666666666675,0.15000000000000002,10.0,0,53,200
568,75491,62.141666666666765,0.03500000000000003,11.335,0,47,200
569,75691,51.56333333333334,0.12,10.22,0,53,200
570,75891,55.02500000000006,0.10999999999999999,10.455,0,48,200
571,76091,59.298333333333325,0.06499999999999995,11.015,0,51,200
572,76291,68.62333333333329,0.0,10.85,0,57,200
573,76491,45.385000000000005,0.10999999999999999,10.605,0,60,200
574,76516,-20.11,0.6,6.24,1,4,25
575,76716,27.535000000000004,0.22499999999999998,10.005,0,63,200
576,76916,64.34833333333341,0.0,11.315,0,59,200
577,77116,60.12166666666676,0.06000000000000005,10.945,0,50,200
578,77316,69.15500000000006,0.06999999999999995,10.515,0,37,200
579,77516,57.02333333333337,0.08499999999999996,10.49,0,53,200
580,77716,66.78333333333333,0.04500000000000004,10.55,0,50,200
581,77916,64.40666666666667,0.06999999999999995,11.02,0,42,200
582,78116,72.95833333333337,0.0050000000000000044,11.015,0,45,200
583,78316,56.53000000000003,0.09499999999999997,10.8,0,46,200
584,78516,79.95833333333343,0.030000000000000027,10.775,0,30,200
585,78716,65.78500000000004,0.050000000000000044,10.365,0,51,200
586,78916,52.49833333333336,0.09999999999999998,11.045,0,47,200
587,79116,48.27166666666663,0.13,10.105,0,56,200
588,79316,71.15666666666672,0.010000000000000009,10.87,0,50,200
589,79516,39.15333333333332,0.19999999999999996,10.22,0,49,200
590,79716,73.18,0.010000000000000009,11.22,0,39,200
591,79916,65.72333333333337,0.0050000000000000044,11.39,0,51,200
592,80116,69.3616666666667,0.010000000000000009,11.335,0,44,200
593,80316,68.38000000000007,0.0,11.22,0,54,200
594,80516,48.266666666666694,0.16000000000000003,10.42,0,45,200
595,80716,34.67666666666666,0.18999999999999995,10.72,0,53,200
596,80739,-21.243333333333336,0.5217391304347826,4.782608695652174,1,10,23
597,80939,50.481666666666655,0.12,10.225,0,57,200
598,81139,63.95000000000003,0.06000000000000005,11.1,0,43,200
599,81339,57.5916666666667,0.06000000000000005,11.065,0,54,200
600,81539,72.98666666666671,0.050000000000000044,10.36,0,42,200
601,81739,68.44833333333337,0.04500000000000004,10.595,0,48,200
602,81939,63.07666666666675,0.010000000000000009,11.35,0,57,200
603,82139,66.73333333333336,0.040000000000000036,10.34,0,53,200
604,82339,54.87333333333335,0.10999999999999999,10.79,0,45,200
605,82539,66.98000000000008,0.0050000000000000044,10.95,0,58,200
606,82739,59.62666666666673,0.06000000000000005,11.14,0,47,200
607,82939,45.56000000000001,0.09499999999999997,10.92,0,64,200
608,83139,68.20666666666675,0.025000000000000022,10.72,0,54,200
609,83339,74.51166666666673,0.040000000000000036,10.855,0,37,200
610,83539,60.48166666666668,0.040000000000000036,11.155,0,57,200
611,83739,56.92166666666673,0.06000000000000005,11.245,0,50,200
612,83939,59.64000000000004,0.06999999999999995,11.16,0,45,200
613,84139,52.92333333333337,0.08999999999999997,10.7,0,55,200
614,84339,71.29166666666666,0.010000000000000009,11.215,0,48,200
615,84428,-31.823333333333338,0.696629213483146,5.213483146067416,1,29,89
616,84628,23.18833333333333,0.31999999999999995,8.375,0,60,200
617,84828,19.443333333333364,0.255,10.52,0,56,200
618,85028,65.10833333333338,0.020000000000000018,11.315,0,55,200
619,85228,74.21833333333336,0.010000000000000009,11.195,0,40,200
620,85247,-19.938333333333333,0.5263157894736843,4.052631578947368,1,8,19
621,85447,76.20000000000007,0.0,11.28,0,39,200
622,85647,61.55000000000009,0.08499999999999996,10.89,0,43,200
623,85847,56.89999999999999,0.07499999999999996,10.74,0,55,200
624,86047,27.960000000000004,0.18500000000000005,10.95,0,60,200
625,86247,66.91833333333335,0.030000000000000027,11.435,0,43,200
626,86286,-19.356666666666666,0.5384615384615384,5.948717948717949,1,11,39
627,86486,73.50666666666669,0.0050000000000000044,10.57,0,53,200
628,86686,49.775000000000034,0.13,10.185,0,56,200
629,86886,49.48666666666668,0.16000000000000003,10.12,0,47,200
630,87086,69.64333333333333,0.03500000000000003,10.49,0,52,200
631,87286,57.90833333333338,0.08999999999999997,11.135,0,43,200
632,87486,66.74499999999999,0.050000000000000044,10.965,0,44,200
633,87686,66.54166666666663,0.06999999999999995,10.315,0,41,200
634,87886,56.42500000000007,0.08999999999999997,10.425,0,56,200
635,88086,49.88166666666668,0.12,11.155,0,45,200
636,88286,64.09000000000005,0.040000000000000036,10.86,0,51,200
637,88486,67.4983333333334,0.025000000000000022,10.745,0,52,200
638,88686,67.02833333333332,0.06000000000000005,11.195,0,38,200
639,88886,54.95166666666671,0.10499999999999998,10.225,0,54,200
640,88894,-21.206666666666663,0.875,3.5,1,1,8
641,89094,59.27500000000002,0.03500000000000003,11.205,0,56,200
642,89294,44.16,0.15000000000000002,10.35,0,55,200
643,89494,60.84166666666669,0.03500000000000003,10.645,0,60,200
644,89694,54.365,0.050000000000000044,10.845,0,64,200
645,89894,70.09333333333326,0.025000000000000022,11.27,0,40,200
646,90094,53.556666666666736,0.08499999999999996,10.66,0,55,200
647,90294,47.97500000000009,0.125,10.725,0,51,200
648,90494,73.78166666666668,0.015000000000000013,10.555,0,49,200
649,90694,44.89000000000002,0.15500000000000003,10.65,0,47,200
650,90894,45.3733333333334,0.16000000000000003,10.37,0,48,200
651,91094,74.25000000000003,0.025000000000000022,11.07,0,39,200
652,91124,-27.21166666666667,0.8666666666666667,5.033333333333333,1,8,30
653,91324,70.06999999999998,0.0,11.16,0,55,200
654,91524,63.99333333333337,0.040000000000000036,10.4,0,61,200
655,91724,46.38500000000003,0.16500000000000004,10.065,0,53,200
656,91924,67.5766666666667,0.015000000000000013,11.17,0,52,200
657,92124,58.4766666666667,0.09499999999999997,10.99,0,44,200
658,92324,78.62333333333333,0.0,11.54,0,34,200
659,92524,50.64333333333339,0.10999999999999999,11.0,0,48,200
660,92724,48.74166666666669,0.14,10.225,0,54,200
661,92924,70.48166666666671,0.040000000000000036,11.125,0,37,200
662,93124,75.0233333333334,0.025000000000000022,10.4,0,45,200
663,93324,59.53000000000007,0.06000000000000005,10.59,0,54,200
664,93524,72.77166666666672,0.0,11.275,0,44,200
665,93724,55.58333333333336,0.11499999999999999,10.22,0,51,200
666,93924,58.04333333333332,0.04500000000000004,11.09,0,59,200
667,94124,65.48333333333342,0.0050000000000000044,11.36,0,54,200
668,94324,74.31499999999997,0.020000000000000018,11.025,0,40,200
669,94524,63.09666666666669,0.06999999999999995,10.81,0,46,200
670,94724,75.27499999999999,0.020000000000000018,10.575,0,44,200
671,94924,25.88833333333334,0.265,10.055,0,54,200
672,95124,78.60000000000004,0.015000000000000013,11.04,0,34,200
673,95324,72.50166666666672,0.025000000000000022,10.615,0,46,200
674,95524,62.27333333333338,0.020000000000000018,10.88,0,58,200
675,95724,53.78333333333331,0.09999999999999998,11.15,0,40,200
676,95924,75.215,0.0,11.445,0,42,200
677,96124,72.64833333333338,0.020000000000000018,10.595,0,48,200
678,96324,68.43000000000002,0.03500000000000003,11.1,0,42,200
679,96524,81.66833333333338,0.0,11.345,0,30,200
680,96724,64.3733333333333,0.06000000000000005,11.03,0,43,200
681,96924,70.58833333333335,0.0,11.375,0,50,200
682,97124,67.95500000000004,0.07499999999999996,11.115,0,30,200
683,97324,63.92000000000003,0.06499999999999995,10.77,0,46,200
684,97524,69.97833333333334,0.010000000000000009,10.925,0,52,200
685,97724,66.545,0.0050000000000000044,11.475,0,51,200
686,97924,68.56499999999997,0.025000000000000022,11.145,0,48,200
687,98124,68.29500000000003,0.04500000000000004,10.815,0,49,200
688,98324,78.80500000000012,0.010000000000000009,11.145,0,30,200
689,98524,37.698333333333316,0.17500000000000004,10.925,0,47,200
690,98724,53.134999999999984,0.07499999999999996,11.025,0,54,200
691,98924,48.19166666666664,0.16500000000000004,10.405,0,44,200
692,99124,60.50333333333328,0.125,10.55,0,36,200
693,99324,49.301666666666655,0.15500000000000003,9.805,0,55,200
694,99524,54.15166666666667,0.08999999999999997,10.825,0,51,200
695,99724,64.72166666666672,0.050000000000000044,11.065,0,46,200
696,99924,76.31333333333335,0.0,11.27,0,39,200
697,100124,75.5483333333333,0.0,10.835,0,46,200
698,100324,61.663333333333235,0.14500000000000002,10.34,0,31,200
699,100524,76.42666666666666,0.030000000000000027,11.35,0,29,200
700,100724,69.24166666666669,0.015000000000000013,11.005,0,50,200
701,100924,61.644999999999975,0.06000000000000005,10.965,0,48,200
702,101124,54.989999999999974,0.125,10.59,0,43,200
703,101324,75.80500000000004,0.010000000000000009,11.055,0,38,200
704,101358,-24.340000000000003,0.7352941176470589,5.117647058823529,1,9,34
705,101558,74.19333333333337,0.0,11.0,0,47,200
706,101758,48.675000000000054,0.15500000000000003,10.335,0,47,200
707,101958,57.09833333333338,0.09999999999999998,11.135,0,39,200
708,102158,59.18333333333336,0.09499999999999997,10.1,0,53,200
709,102358,56.94000000000005,0.050000000000000044,11.01,0,59,200
710,102558,63.300000000000054,0.07999999999999996,10.71,0,44,200
711,102758,73.05333333333333,0.0,11.15,0,48,200
712,102958,58.48666666666669,0.04500000000000004,11.35,0,51,200
713,103158,72.49833333333336,0.0,11.195,0,45,200
714,103358,79.28500000000004,0.0,11.295,0,35,200
715,103558,48.89499999999998,0.10499999999999998,11.205,0,46,200
716,103758,52.67500000000004,0.15000000000000002,10.785,0,35,200
717,103958,68.575,0.03500000000000003,10.755,0,48,200
718,104158,67.78833333333334,0.050000000000000044,10.835,0,44,200
719,104358,66.19833333333332,0.07999999999999996,10.685,0,42,200
720,104558,75.32500000000002,0.030000000000000027,11.025,0,37,200
721,104758,74.32833333333336,0.0,11.285,0,42,200
722,104958,54.73666666666675,0.06999999999999995,10.75,0,58,200
723,105158,71.00833333333337,0.040000000000000036,11.165,0,35,200
724,105358,74.68333333333327,0.0,11.06,0,45,200
725,105558,48.435000000000024,0.09999999999999998,10.725,0,62,200
726,105758,76.54333333333335,0.0,11.06,0,45,200
727,105958,74.44333333333336,0.025000000000000022,11.15,0,38,200
728,106158,68.8166666666667,0.06499999999999995,10.54,0,40,200
729,106358,64.09500000000001,0.07499999999999996,10.995,0,38,200
730,106558,56.99333333333333,0.06000000000000005,11.39,0,49,200
731,106758,75.71833333333339,0.0,11.465,0,40,200
732,106958,65.55000000000003,0.015000000000000013,11.07,0,56,200
733,107158,69.04333333333332,0.03500000000000003,11.12,0,45,200
734,107358,79.03833333333334,0.0,11.435,0,33,200
735,107558,61.370000000000026,0.07999999999999996,11.07,0,41,200
736,107758,53.81666666666675,0.14,10.99,0,33,200
737,107958,66.91500000000003,0.06499999999999995,10.485,0,43,200
738,108158,56.63500000000001,0.15500000000000003,10.095,0,38,200
739,108358,62.70500000000003,0.06000000000000005,11.205,0,42,200
740,108558,78.27833333333334,0.025000000000000022,10.655,0,38,200
741,108758,81.94666666666674,0.0,10.96,0,36,200
742,108958,51.54833333333339,0.08499999999999996,10.805,0,58,200
743,109158,67.98000000000003,0.0,11.01,0,58,200
744,109358,77.10500000000003,0.0,11.415,0,35,200
745,109558,83.28333333333333,0.0,11.15,0,30,200
746,109758,67.45166666666664,0.0,11.275,0,54,200
747,109958,51.29999999999999,0.10999999999999999,11.22,0,47,200
748,110158,49.24166666666672,0.14,10.735,0,46,200
749,110358,78.79666666666665,0.0,11.41,0,38,200
750,110558,65.68666666666671,0.0,11.14,0,61,200
751,110758,72.99333333333333,0.06000000000000005,11.06,0,29,200
752,110958,67.8633333333334,0.05500000000000005,11.0,0,37,200
753,111158,47.380000000000095,0.19499999999999995,9.93,0,40,200
754,111358,68.30999999999995,0.030000000000000027,11.25,0,43,200
755,111558,76.74999999999999,0.0,11.22,0,40,200
756,111758,56.27666666666667,0.135,10.18,0,42,200
757,111768,-22.319999999999997,0.9,4.8,1,2,10
758,111968,33.54666666666668,0.20499999999999996,10.18,0,57,200
759,112168,57.84666666666671,0.04500000000000004,11.08,0,56,200
760,112368,74.18166666666667,0.0,11.455,0,41,200
761,112568,55.37500000000001,0.125,11.205,0,35,200
762,112768,77.70500000000004,0.010000000000000009,11.445,0,32,200
763,112968,77.98666666666666,0.0050000000000000044,11.41,0,32,200
764,113168,41.38166666666671,0.17000000000000004,10.585,0,50,200
765,113368,56.55333333333331,0.06999999999999995,10.85,0,58,200
766,113568,42.94333333333336,0.15000000000000002,10.85,0,53,200
767,113768,70.55500000000002,0.025000000000000022,11.265,0,43,200
768,113968,68.86000000000001,0.06000000000000005,11.49,0,30,200
769,114168,63.63166666666662,0.020000000000000018,11.455,0,50,200
770,114368,67.14333333333333,0.020000000000000018,11.06,0,50,200
771,114378,-22.806666666666665,1.0,1.6,1,3,10
772,114578,62.45500000000001,0.11499999999999999,10.575,0,35,200
773,114778,72.34166666666677,0.030000000000000027,11.035,0,38,200
774,114978,57.32000000000009,0.09999999999999998,10.74,0,46,200
775,115178,64.95666666666666,0.06499999999999995,10.66,0,50,200
776,115378,70.18000000000005,0.03500000000000003,11.07,0,40,200
777,115578,51.83833333333334,0.15000000000000002,10.505,0,43,200
778,115778,57.736666666666665,0.08999999999999997,10.24,0,56,200
779,115978,55.921666666666695,0.14,10.615,0,36,200
780,116178,79.69666666666669,0.025000000000000022,11.41,0,24,200
781,116378,66.7816666666667,0.040000000000000036,11.215,0,41,200
782,116578,74.91333333333336,0.0050000000000000044,11.36,0,41,200
783,116778,59.27333333333342,0.07999999999999996,10.88,0,45,200
784,116978,66.59333333333325,0.08999999999999997,9.65,0,48,200
785,117178,69.79000000000003,0.04500000000000004,10.65,0,44,200
786,117378,58.02833333333338,0.10999999999999999,11.255,0,32,200
787,117578,64.56500000000011,0.010000000000000009,11.325,0,54,200
788,117778,65.99333333333337,0.050000000000000044,11.0,0,44,200
789,117978,61.35833333333336,0.10999999999999999,10.295,0,41,200
790,118178,59.526666666666664,0.08999999999999997,10.45,0,47,200
791,118378,41.145,0.22499999999999998,10.215,0,39,200
792,118578,73.16833333333335,0.06499999999999995,11.195,0,27,200
793,118778,73.02,0.0050000000000000044,11.37,0,44,200
794,118978,54.47333333333333,0.14,10.79,0,39,200
795,119178,63.640000000000036,0.04500000000000004,11.04,0,48,200
796,119378,67.9766666666667,0.0,11.35,0,53,200
797,119578,64.19666666666666,0.07999999999999996,10.9,0,42,200
798,119778,74.77166666666672,0.020000000000000018,11.425,0,35,200
799,119978,68.83166666666668,0.05500000000000005,10.675,0,43,200
800,120178,68.28333333333337,0.07999999999999996,11.15,0,30,200
801,120378,78.41000000000001,0.030000000000000027,11.34,0,25,200
802,120578,71.08333333333333,0.030000000000000027,11.24,0,42,200
803,120778,80.76333333333335,0.020000000000000018,11.42,0,26,200
804,120978,64.38833333333338,0.05500000000000005,11.195,0,42,200
805,121178,68.1383333333333,0.040000000000000036,11.195,0,45,200
806,121378,72.20333333333336,0.04500000000000004,11.03,0,37,200
807,121578,78.70166666666667,0.0,11.455,0,35,200
808,121778,51.71666666666668,0.09499999999999997,11.44,0,47,200
809,121978,75.58333333333341,0.0,11.3,0,41,200
810,122178,71.89166666666667,0.0,11.515,0,43,200
811,122378,52.54333333333333,0.15000000000000002,10.61,0,38,200
812,122578,69.385,0.025000000000000022,11.295,0,46,200
813,122778,72.03166666666667,0.020000000000000018,10.645,0,51,200
814,122978,73.45500000000006,0.010000000000000009,11.565,0,36,200
815,123178,65.4566666666667,0.05500000000000005,11.38,0,38,200
816,123378,67.37000000000002,0.06999999999999995,11.4,0,31,200
817,123578,59.616666666666696,0.08999999999999997,10.9,0,42,200
818,123778,60.868333333333396,0.07999999999999996,11.195,0,37,200
819,123978,59.97333333333337,0.06999999999999995,11.03,0,48,200
820,124178,34.533333333333324,0.22499999999999998,11.09,0,36,200
821,124378,72.55666666666667,0.0,11.41,0,44,200
822,124578,74.55166666666672,0.020000000000000018,11.485,0,35,200
823,124778,62.09000000000002,0.13,10.02,0,38,200
824,124978,77.95333333333336,0.015000000000000013,11.36,0,30,200
825,125178,67.58000000000001,0.050000000000000044,11.16,0,37,200
826,125378,38.91666666666667,0.18500000000000005,10.99,0,44,200
827,125578,74.50166666666667,0.025000000000000022,11.065,0,35,200
828,125778,66.89500000000004,0.06999999999999995,11.295,0,32,200
829,125978,72.195,0.0050000000000000044,11.145,0,49,200
830,126178,70.82166666666667,0.04500000000000004,11.125,0,39,200
831,126378,73.73166666666656,0.03500000000000003,11.245,0,34,200
832,126578,60.606666666666705,0.09499999999999997,10.84,0,40,200
833,126778,78.33833333333338,0.0,11.375,0,34,200
834,126978,68.50666666666673,0.10999999999999999,10.81,0,24,200
835,127178,46.568333333333335,0.14500000000000002,11.075,0,41,200
836,127378,50.98000000000001,0.125,11.22,0,40,200
837,127578,47.17000000000002,0.18000000000000005,9.9,0,49,200
838,127778,77.41999999999994,0.0050000000000000044,10.62,0,48,200
839,127978,71.21333333333332,0.040000000000000036,10.97,0,40,200
840,128178,72.80833333333335,0.04500000000000004,11.285,0,30,200
841,128378,77.08000000000006,0.0050000000000000044,10.77,0,44,200
842,128578,83.47500000000002,0.0,11.235,0,31,200
843,128778,76.11333333333339,0.020000000000000018,10.67,0,41,200
844,128978,73.43833333333338,0.0,11.225,0,44,200
845,129178,79.20166666666668,0.0,11.035,0,37,200
846,129378,77.29333333333341,0.0,11.09,0,39,200
847,129578,79.27000000000001,0.010000000000000009,10.86,0,38,200
848,129778,67.87500000000003,0.025000000000000022,10.995,0,52,200
849,129978,67.33333333333334,0.030000000000000027,10.7,0,51,200
850,130178,66.62666666666671,0.09499999999999997,10.54,0,35,200
851,130378,74.90500000000002,0.04500000000000004,11.475,0,25,200
852,130578,72.4133333333334,0.0050000000000000044,11.24,0,45,200
853,130778,25.941666666666663,0.36,8.605,0,40,200
854,130978,82.50166666666671,0.0,11.485,0,28,200
855,131178,72.3233333333334,0.030000000000000027,11.24,0,34,200
856,131378,72.54833333333336,0.03500000000000003,11.465,0,33,200
857,131578,67.78333333333333,0.04500000000000004,10.88,0,46,200
858,131778,72.75166666666668,0.05500000000000005,11.065,0,28,200
859,131978,60.01166666666668,0.09499999999999997,11.155,0,39,200
860,132178,34.843333333333334,0.275,9.47,0,43,200
861,132378,50.18500000000001,0.18500000000000005,10.095,0,37,200
862,132578,79.85000000000007,0.015000000000000013,11.04,0,31,200
863,132778,79.10166666666673,0.050000000000000044,11.245,0,21,200
864,132978,79.98000000000005,0.010000000000000009,10.95,0,35,200
865,133178,35.25,0.21499999999999997,10.26,0,51,200
866,133378,75.80833333333331,0.015000000000000013,11.195,0,37,200
867,133578,64.59666666666666,0.10499999999999998,11.2,0,26,200
868,133778,58.8283333333333,0.14500000000000002,10.265,0,36,200
869,133978,74.30666666666667,0.03500000000000003,10.87,0,37,200
870,134178,69.00500000000001,0.06000000000000005,10.785,0,41,200
871,134378,63.8266666666667,0.05500000000000005,11.32,0,43,200
872,134578,71.5933333333333,0.06000000000000005,11.15,0,32,200
873,134778,79.62999999999998,0.015000000000000013,11.16,0,36,200
874,134978,44.843333333333355,0.15500000000000003,11.21,0,39,200
875,135178,73.5,0.040000000000000036,10.77,0,44,200
876,135378,82.05000000000005,0.0050000000000000044,10.95,0,32,200
877,135578,71.93499999999999,0.04500000000000004,11.085,0,33,200
878,135778,75.46666666666671,0.0,11.29,0,43,200
879,135978,78.69333333333331,0.0,10.97,0,43,200
880,136178,84.2433333333333,0.0,11.3,0,28,200
881,136378,81.51000000000005,0.0050000000000000044,11.31,0,27,200
882,136388,-20.316666666666666,0.6,4.6,1,4,10
883,136588,74.01833333333333,0.04500000000000004,11.285,0,30,200
884,136788,80.045,0.0,11.295,0,34,200
885,136988,79.64000000000004,0.0050000000000000044,11.37,0,33,200
886,137188,76.35000000000004,0.030000000000000027,11.46,0,28,200
887,137388,59.731666666666676,0.10499999999999998,10.405,0,46,200
888,137588,85.46833333333338,0.0,11.645,0,22,200
889,137788,74.24166666666676,0.0050000000000000044,11.275,0,41,200
890,137988,70.55166666666673,0.040000000000000036,11.275,0,38,200
891,138188,75.29500000000006,0.025000000000000022,11.475,0,32,200
892,138388,64.32833333333335,0.06999999999999995,11.135,0,42,200
893,138588,75.31,0.030000000000000027,10.71,0,40,200
894,138788,74.97000000000006,0.0,11.31,0,40,200
895,138988,59.8816666666667,0.10999999999999999,10.885,0,39,200
896,139188,73.8516666666667,0.020000000000000018,11.335,0,38,200
897,139388,78.30833333333337,0.0,11.135,0,39,200
898,139588,45.211666666666645,0.18999999999999995,11.125,0,30,200
899,139788,67.96666666666658,0.135,10.75,0,17,200
900,139988,81.73166666666657,0.0,11.065,0,34,200
901,140188,62.406666666666695,0.050000000000000044,11.26,0,49,200
902,140388,81.09166666666671,0.025000000000000022,10.855,0,30,200
903,140588,75.47333333333339,0.0050000000000000044,11.3,0,40,200
904,140788,60.74000000000005,0.08499999999999996,10.86,0,43,200
905,140988,73.31000000000007,0.015000000000000013,11.49,0,36,200
906,141188,67.28833333333333,0.06000000000000005,11.315,0,39,200
907,141388,83.61666666666672,0.0050000000000000044,11.38,0,26,200
908,141588,62.316666666666684,0.10999999999999999,10.63,0,35,200
909,141788,81.23666666666662,0.020000000000000018,11.53,0,25,200
910,141988,56.99333333333334,0.05500000000000005,11.0,0,60,200
911,142188,73.98499999999999,0.0,11.325,0,43,200
912,142194,-23.716666666666665,1.0,4.666666666666667,1,3,6
913,142394,69.25666666666669,0.03500000000000003,10.93,0,44,200
914,142594,49.30500000000001,0.17000000000000004,10.515,0,41,200
915,142794,67.23833333333334,0.020000000000000018,11.165,0,52,200
916,142994,79.61666666666655,0.0,11.32,0,36,200
917,143194,67.41833333333332,0.030000000000000027,11.465,0,41,200
918,143394,48.15166666666669,0.17500000000000004,10.195,0,43,200
919,143594,78.8266666666667,0.010000000000000009,11.11,0,36,200
920,143794,84.66666666666687,0.015000000000000013,11.02,0,22,200
921,143994,86.16499999999996,0.0,11.205,0,24,200
922,144194,63.94000000000005,0.08499999999999996,11.13,0,33,200
923,144394,73.29666666666664,0.020000000000000018,11.14,0,39,200
924,144594,81.82333333333331,0.0,11.39,0,33,200
925,144794,65.44999999999995,0.12,10.53,0,28,200
926,144813,-19.603333333333335,0.631578947368421,5.157894736842105,1,3,19
927,145013,75.79333333333334,0.0050000000000000044,11.06,0,42,200
928,145213,81.95333333333333,0.015000000000000013,11.27,0,27,200
929,145413,72.69499999999998,0.010000000000000009,10.905,0,47,200
930,145613,65.80666666666666,0.08999999999999997,11.14,0,30,200
931,145813,67.07333333333338,0.07499999999999996,11.3,0,31,200
932,146013,71.75833333333333,0.04500000000000004,11.555,0,29,200
933,146213,73.51000000000006,0.07499999999999996,11.13,0,22,200
934,146413,74.30166666666665,0.020000000000000018,11.215,0,39,200
935,146613,61.813333333333354,0.07999999999999996,11.09,0,41,200
936,146813,66.27333333333333,0.06999999999999995,11.42,0,33,200
937,147013,81.67,0.0050000000000000044,11.34,0,32,200
938,147213,80.84499999999998,0.0,11.475,0,32,200
939,147413,70.43333333333331,0.025000000000000022,11.15,0,44,200
940,147613,68.91166666666668,0.07499999999999996,11.065,0,31,200
941,147813,74.77500000000003,0.010000000000000009,11.565,0,37,200
942,148013,74.8183333333333,0.040000000000000036,11.105,0,32,200
943,148213,79.9116666666666,0.0,11.185,0,40,200
944,148413,74.97166666666672,0.015000000000000013,11.215,0,39,200
945,148613,66.63000000000001,0.10999999999999999,10.89,0,28,200
946,148813,74.05333333333333,0.06000000000000005,11.3,0,25,200
947,149013,74.73000000000002,0.025000000000000022,11.04,0,38,200
948,149213,74.28333333333337,0.025000000000000022,11.36,0,34,200
949,149413,75.7866666666667,0.03500000000000003,11.26,0,32,200
950,149613,54.583333333333414,0.14,11.18,0,31,200
951,149813,60.28666666666671,0.10999999999999999,10.96,0,35,200
952,150013,82.92333333333333,0.0,11.45,0,28,200
953,150213,60.975000000000065,0.04500000000000004,11.175,0,52,200
954,150413,59.7716666666667,0.11499999999999999,11.245,0,30,200
955,150613,68.22499999999998,0.0,11.295,0,56,200
956,150813,62.30833333333335,0.09999999999999998,11.195,0,34,200
957,151013,58.99000000000008,0.07499999999999996,11.13,0,47,200
958,151213,82.215,0.015000000000000013,11.685,0,21,200
959,151413,68.6516666666667,0.07999999999999996,11.035,0,29,200
960,151613,78.61833333333341,0.03500000000000003,11.405,0,24,200
961,151813,65.27666666666664,0.04500000000000004,11.53,0,40,200
962,152013,63.15333333333334,0.11499999999999999,10.91,0,28,200
963,152213,77.47833333333332,0.0050000000000000044,10.895,0,43,200
964,152413,83.78166666666657,0.015000000000000013,11.005,0,29,200
965,152613,76.97833333333338,0.06000000000000005,11.195,0,22,200
966,152813,71.94500000000002,0.05500000000000005,10.995,0,32,200
967,153013,75.2166666666667,0.025000000000000022,11.29,0,32,200
968,153213,80.74499999999995,0.0,11.235,0,32,200
969,153413,53.68166666666667,0.12,11.245,0,37,200
970,153613,53.54333333333334,0.135,11.24,0,34,200
971,153813,64.4433333333334,0.06499999999999995,11.15,0,42,200
972,154013,69.065,0.07999999999999996,10.755,0,32,200
973,154213,80.42166666666665,0.0,11.155,0,36,200
974,154413,83.08000000000004,0.0,11.55,0,28,200
975,154613,77.72500000000004,0.0,11.385,0,39,200
976,154813,65.51000000000008,0.06499999999999995,11.22,0,38,200
977,154824,-18.976666666666667,0.6363636363636364,3.6363636363636362,1,2,11
978,155024,76.00833333333331,0.0,11.555,0,38,200
979,155224,65.56333333333339,0.06999999999999995,11.33,0,38,200
980,155424,70.14666666666662,0.06499999999999995,11.41,0,33,200
981,155624,72.73333333333333,0.0050000000000000044,11.3,0,45,200
982,155824,72.93666666666661,0.04500000000000004,10.18,0,50,200
983,156024,69.61166666666672,0.06999999999999995,11.545,0,22,200
984,156224,70.93666666666674,0.050000000000000044,11.53,0,32,200
985,156424,48.81333333333336,0.20999999999999996,10.16,0,31,200
986,156624,54.376666666666736,0.14,11.17,0,31,200
987,156824,85.92499999999991,0.0,11.325,0,24,200
988,157024,68.5416666666667,0.09499999999999997,10.675,0,31,200
989,157224,76.22000000000003,0.06000000000000005,10.38,0,33,200
990,157424,54.24666666666666,0.17500000000000004,10.84,0,24,200
991,157624,56.73333333333343,0.15500000000000003,11.33,0,21,200
992,157824,82.28,0.0,10.95,0,35,200
993,158024,65.86666666666672,0.08999999999999997,11.08,0,31,200
994,158224,76.7,0.040000000000000036,10.8,0,33,200
995,158424,83.6983333333334,0.0,11.195,0,30,200
996,158624,76.5800000000001,0.06000000000000005,11.1,0,21,200
997,158824,76.2266666666667,0.06999999999999995,10.69,0,22,200
998,159024,55.63000000000001,0.16000000000000003,10.11,0,41,200
999,159224,47.34333333333333,0.18500000000000005,10.19,0,45,200
1000,159424,73.43000000000005,0.05500000000000005,11.04,0,31,200
1001,159624,65.64000000000004,0.125,10.92,0,22,200
1002,159824,88.29666666666668,0.0,11.14,0,24,200
1003,160024,58.6883333333334,0.135,10.415,0,37,200
1004,160224,87.52499999999999,0.0050000000000000044,11.295,0,23,200
1005,160424,72.59999999999995,0.07499999999999996,11.34,0,23,200
1006,160624,78.90499999999993,0.020000000000000018,10.905,0,37,200
1007,160824,79.02833333333339,0.025000000000000022,11.135,0,30,200
1008,161024,79.68999999999998,0.0,11.25,0,37,200
1009,161224,77.47166666666672,0.040000000000000036,10.945,0,32,200
1010,161424,89.95000000000006,0.0,11.52,0,16,200
1011,161624,87.74833333333333,0.0,11.105,0,27,200
1012,161824,85.5716666666667,0.0,11.215,0,27,200
1013,162024,79.695,0.06000000000000005,10.575,0,25,200
1014,162224,66.97833333333332,0.09999999999999998,11.165,0,25,200
1015,162424,67.19166666666656,0.10999999999999999,10.195,0,34,200
1016,162624,70.77833333333335,0.030000000000000027,11.345,0,37,200
1017,162824,30.318333333333342,0.30000000000000004,10.175,0,33,200
1018,163024,76.46833333333328,0.040000000000000036,11.165,0,27,200
1019,163224,82.36666666666653,0.025000000000000022,11.05,0,24,200
1020,163424,78.8966666666666,0.030000000000000027,11.29,0,27,200
1021,163624,61.50999999999999,0.10499999999999998,10.68,0,40,200
1022,163824,70.76333333333335,0.11499999999999999,9.89,0,31,200
1023,164024,84.94500000000004,0.0,11.145,0,29,200
1024,164224,66.42166666666668,0.09999999999999998,10.555,0,35,200
1025,164424,87.73166666666677,0.0,11.335,0,22,200
1026,164624,80.80000000000001,0.025000000000000022,11.19,0,28,200
1027,164824,76.96666666666668,0.025000000000000022,10.84,0,38,200
1028,165024,65.81333333333336,0.06000000000000005,11.3,0,38,200
1029,165224,84.39500000000005,0.010000000000000009,11.265,0,27,200
1030,165424,88.6316666666667,0.0,11.005,0,25,200
1031,165624,60.890000000000015,0.125,10.47,0,36,200
1032,165824,91.05166666666665,0.0,10.915,0,24,200
1033,166024,84.55666666666669,0.03500000000000003,11.44,0,15,200
1034,166224,68.26166666666668,0.10499999999999998,10.435,0,31,200
1035,166424,84.60000000000001,0.040000000000000036,11.22,0,16,200
1036,166624,76.4766666666667,0.05500000000000005,11.23,0,20,200
1037,166824,80.1533333333333,0.03500000000000003,10.88,0,28,200
1038,167024,75.00166666666676,0.06000000000000005,10.915,0,26,200
1039,167224,74.57,0.07499999999999996,10.53,0,28,200
1040,167424,79.1216666666667,0.020000000000000018,10.855,0,35,200
1041,167624,61.723333333333386,0.125,11.12,0,27,200
1042,167824,76.69000000000007,0.050000000000000044,10.98,0,25,200
1043,168024,84.17833333333331,0.040000000000000036,10.985,0,22,200
1044,168224,62.97666666666668,0.08999999999999997,10.9,0,37,200
1045,168424,82.04333333333331,0.015000000000000013,10.7,0,34,200
1046,168624,81.58833333333331,0.030000000000000027,10.475,0,35,200
1047,168824,66.56166666666667,0.08999999999999997,11.095,0,29,200
1048,169024,77.61999999999993,0.010000000000000009,11.1,0,36,200
1049,169224,69.94833333333338,0.08999999999999997,11.195,0,24,200
1050,169424,78.04833333333335,0.010000000000000009,10.985,0,38,200
1051,169624,70.22000000000006,0.07999999999999996,10.53,0,34,200
1052,169824,73.81666666666669,0.08999999999999997,10.39,0,30,200
1053,170024,65.19666666666672,0.12,9.94,0,36,200
1054,170224,59.76166666666678,0.10499999999999998,10.795,0,40,200
1055,170424,79.1916666666666,0.05500000000000005,10.555,0,28,200
1056,170624,69.95666666666668,0.11499999999999999,10.45,0,25,200
1057,170824,82.92499999999995,0.03500000000000003,10.995,0,24,200
1058,171024,69.31166666666667,0.09499999999999997,10.915,0,27,200
1059,171224,72.43500000000002,0.040000000000000036,10.635,0,45,200
1060,171424,81.91000000000011,0.03500000000000003,10.83,0,24,200
1061,171624,80.35000000000005,0.03500000000000003,10.89,0,28,200
1062,171824,71.61166666666668,0.04500000000000004,10.915,0,40,200
1063,172024,83.54166666666669,0.03500000000000003,10.735,0,25,200
1064,172224,74.87500000000003,0.05500000000000005,11.085,0,27,200
1065,172424,88.30000000000004,0.0,11.28,0,22,200
1066,172624,87.8833333333333,0.020000000000000018,11.09,0,18,200
1067,172824,65.60166666666672,0.07999999999999996,11.035,0,36,200
1068,173024,67.74333333333334,0.11499999999999999,10.73,0,25,200
1069,173224,88.84333333333338,0.015000000000000013,11.12,0,18,200
1070,173424,64.52999999999992,0.11499999999999999,11.01,0,26,200
1071,173624,77.64000000000003,0.06999999999999995,9.99,0,35,200
1072,173824,45.96999999999999,0.21999999999999997,10.44,0,30,200
1073,174024,84.52999999999993,0.015000000000000013,10.68,0,32,200
1074,174224,55.90499999999998,0.15000000000000002,11.115,0,26,200
1075,174424,87.80500000000002,0.015000000000000013,11.025,0,23,200
1076,174624,76.065,0.030000000000000027,11.505,0,24,200
1077,174824,75.31833333333336,0.03500000000000003,11.135,0,32,200
1078,175024,62.64666666666666,0.11499999999999999,11.2,0,25,200
1079,175224,89.98666666666664,0.0,11.08,0,23,200
1080,175424,69.275,0.050000000000000044,11.295,0,35,200
1081,175624,74.8683333333333,0.05500000000000005,11.315,0,24,200
1082,175824,75.23999999999995,0.040000000000000036,11.19,0,32,200
1083,176024,49.895000000000046,0.14,10.425,0,48,200
1084,176224,65.08333333333336,0.10499999999999998,11.33,0,24,200
1085,176424,83.16666666666667,0.010000000000000009,11.35,0,27,200
1086,176452,-25.953333333333333,0.8571428571428572,5.428571428571429,1,6,28
1087,176652,83.43833333333336,0.015000000000000013,11.255,0,24,200
1088,176852,78.38666666666666,0.025000000000000022,10.78,0,34,200
1089,177052,56.386666666666656,0.10999999999999999,10.66,0,47,200
1090,177252,79.66333333333333,0.03500000000000003,10.85,0,28,200
1091,177452,74.75166666666665,0.06999999999999995,10.945,0,24,200
1092,177652,78.58499999999997,0.04500000000000004,11.145,0,24,200
1093,177852,83.54499999999999,0.0,11.295,0,28,200
1094,178052,59.155000000000044,0.14500000000000002,10.275,0,33,200
1095,178252,67.49833333333336,0.09499999999999997,10.865,0,31,200
1096,178452,76.34833333333333,0.040000000000000036,11.195,0,26,200
1097,178652,72.47166666666669,0.04500000000000004,11.155,0,30,200
1098,178852,72.06333333333338,0.07999999999999996,11.39,0,20,200
1099,179052,64.88999999999996,0.09999999999999998,11.49,0,21,200
1100,179252,75.52833333333332,0.015000000000000013,11.345,0,36,200
1101,179452,83.13166666666659,0.0050000000000000044,11.365,0,29,200
1102,179652,89.1800000000002,0.010000000000000009,11.43,0,13,200
1103,179852,86.10166666666667,0.0,11.575,0,20,200
1104,180052,74.02833333333335,0.010000000000000009,11.195,0,39,200
1105,180252,79.25166666666662,0.06499999999999995,9.805,0,35,200
1106,180452,68.225,0.06000000000000005,11.055,0,37,200
1107,180652,82.69000000000001,0.0050000000000000044,11.31,0,29,200
1108,180852,68.3766666666667,0.08499999999999996,10.9,0,33,200
1109,181052,73.44833333333334,0.050000000000000044,11.465,0,29,200
1110,181252,88.095,0.015000000000000013,11.415,0,18,200
1111,181452,78.67500000000007,0.0,11.535,0,35,200
1112,181652,80.58000000000001,0.025000000000000022,11.22,0,28,200
1113,181852,83.43166666666669,0.010000000000000009,11.095,0,29,200
1114,182052,85.71999999999997,0.0,10.98,0,29,200
1115,182252,89.26833333333333,0.010000000000000009,11.345,0,15,200
1116,182452,87.60666666666661,0.0,11.08,0,26,200
1117,182652,84.52333333333328,0.0050000000000000044,11.33,0,24,200
1118,182852,83.09833333333336,0.010000000000000009,11.105,0,31,200
1119,183052,73.17333333333329,0.040000000000000036,11.06,0,36,200
1120,183252,83.06999999999998,0.010000000000000009,11.04,0,28,200
1121,183452,80.33499999999995,0.010000000000000009,11.385,0,26,200
1122,183652,58.99333333333334,0.10499999999999998,11.51,0,28,200
1123,183852,83.05333333333333,0.0,11.39,0,27,200
1124,184052,82.72333333333329,0.0,10.94,0,36,200
1125,184252,63.57499999999999,0.10999999999999999,11.355,0,24,200
1126,184452,81.215,0.030000000000000027,11.205,0,26,200
1127,184652,81.11999999999998,0.03500000000000003,11.1,0,24,200
1128,184852,78.28833333333336,0.04500000000000004,10.985,0,26,200
1129,185052,87.13499999999998,0.010000000000000009,11.535,0,16,200
1130,185252,88.56000000000002,0.0,11.16,0,23,200
1131,185452,82.77333333333333,0.025000000000000022,11.21,0,23,200
1132,185652,72.6616666666667,0.040000000000000036,11.485,0,33,200
1133,185852,82.70333333333333,0.020000000000000018,11.51,0,25,200
1134,186052,77.34666666666665,0.0050000000000000044,11.44,0,33,200
1135,186252,65.61333333333339,0.11499999999999999,11.21,0,20,200
1136,186452,62.11000000000002,0.13,10.68,0,32,200
1137,186652,79.79000000000005,0.015000000000000013,11.37,0,30,200
1138,186852,82.19166666666663,0.0,11.155,0,34,200
1139,187052,61.315000000000055,0.14,11.325,0,17,200
1140,187252,79.98999999999994,0.030000000000000027,11.04,0,30,200
1141,187452,67.79166666666664,0.09499999999999997,11.125,0,25,200
1142,187652,80.51833333333333,0.0050000000000000044,10.925,0,39,200
1143,187852,81.47999999999995,0.030000000000000027,11.16,0,25,200
1144,188052,69.71999999999997,0.08499999999999996,11.16,0,26,200
1145,188252,70.06333333333333,0.08999999999999997,11.48,0,19,200
1146,188452,66.13999999999993,0.08499999999999996,10.77,0,36,200
1147,188652,84.62499999999993,0.0050000000000000044,10.965,0,33,200
1148,188852,88.39833333333338,0.0050000000000000044,11.015,0,25,200
1149,189052,69.12,0.07499999999999996,10.95,0,32,200
1150,189252,68.40166666666667,0.08499999999999996,10.885,0,30,200
1151,189452,75.5416666666667,0.03500000000000003,11.365,0,32,200
1152,189652,83.48833333333337,0.025000000000000022,11.645,0,18,200
1153,189852,89.69500000000002,0.010000000000000009,11.535,0,14,200
1154,190052,68.35500000000003,0.08499999999999996,11.505,0,22,200
1155,190252,84.63999999999999,0.0,11.76,0,22,200
1156,190452,54.72000000000002,0.14500000000000002,11.55,0,27,200
1157,190652,82.13000000000008,0.025000000000000022,11.25,0,22,200
1158,190852,85.58166666666668,0.0050000000000000044,11.335,0,24,200
1159,191052,77.29166666666669,0.030000000000000027,11.545,0,26,200
1160,191252,77.56500000000005,0.030000000000000027,11.505,0,28,200
1161,191452,89.36166666666666,0.0,11.185,0,22,200
1162,191652,79.785,0.020000000000000018,11.505,0,25,200
1163,191852,86.75166666666668,0.015000000000000013,11.305,0,20,200
1164,192052,65.39000000000001,0.12,10.8,0,27,200
1165,192252,83.0916666666666,0.015000000000000013,10.915,0,34,200
1166,192452,76.66666666666669,0.03500000000000003,11.38,0,27,200
1167,192652,72.99666666666666,0.07499999999999996,11.02,0,26,200
1168,192852,81.00166666666661,0.025000000000000022,11.125,0,29,200
1169,193052,58.45000000000002,0.17000000000000004,10.74,0,26,200
1170,193252,80.23500000000003,0.0,11.535,0,33,200
1171,193452,87.52666666666664,0.0,11.68,0,21,200
1172,193652,56.466666666666654,0.21499999999999997,10.09,0,21,200
1173,193852,69.01666666666671,0.09499999999999997,11.05,0,26,200
1174,194052,86.98833333333334,0.0,11.345,0,26,200
1175,194252,83.81833333333333,0.0,11.525,0,27,200
1176,194452,89.27333333333345,0.0,11.57,0,15,200
1177,194652,70.07500000000002,0.08499999999999996,11.505,0,20,200
1178,194852,85.75833333333334,0.0,11.435,0,27,200
1179,195052,73.53666666666675,0.06999999999999995,11.32,0,22,200
1180,195252,78.74500000000003,0.0,11.325,0,38,200
1181,195452,87.81500000000004,0.0,11.685,0,19,200
1182,195652,83.74500000000002,0.010000000000000009,11.145,0,30,200
1183,195852,79.37333333333332,0.015000000000000013,11.27,0,34,200
1184,196052,37.87333333333332,0.22999999999999998,11.12,0,30,200
1185,196252,79.07166666666669,0.030000000000000027,11.215,0,29,200
1186,196287,-31.034999999999997,0.8857142857142857,5.4,1,10,35
1187,196487,37.15000000000002,0.28500000000000003,9.96,0,29,200
1188,196687,70.24333333333338,0.07999999999999996,10.94,0,29,200
1189,196887,71.87000000000008,0.05500000000000005,11.37,0,30,200
1190,197087,67.19333333333341,0.08999999999999997,11.48,0,24,200
1191,197287,88.57333333333332,0.0050000000000000044,11.36,0,21,200
1192,197487,80.18000000000004,0.010000000000000009,10.8,0,39,200
1193,197687,89.6133333333333,0.0,11.39,0,19,200
1194,197887,82.72333333333337,0.0,11.54,0,29,200
1195,198087,71.16999999999996,0.06999999999999995,11.43,0,28,200
1196,198287,57.53499999999999,0.16000000000000003,10.605,0,28,200
1197,198487,83.88833333333339,0.025000000000000022,11.435,0,20,200
1198,198687,73.33833333333335,0.04500000000000004,11.255,0,34,200
1199,198887,80.42166666666671,0.010000000000000009,11.365,0,29,200
1200,199087,88.29999999999998,0.0050000000000000044,11.43,0,20,200
1201,199287,60.260000000000026,0.11499999999999999,11.67,0,25,200
1202,199487,67.265,0.125,10.875,0,24,200
1203,199687,46.44166666666669,0.17000000000000004,11.365,0,30,200
1204,199887,85.4316666666666,0.0,11.395,0,27,200
1205,200087,81.13833333333339,0.0050000000000000044,11.585,0,26,200
1206,200287,79.47166666666676,0.030000000000000027,11.335,0,24,200
1207,200487,83.2783333333333,0.010000000000000009,11.345,0,27,200
1208,200687,70.41166666666672,0.06000000000000005,11.185,0,32,200
1209,200887,63.59833333333334,0.14,11.165,0,19,200
1210,201087,58.20500000000004,0.14500000000000002,11.565,0,19,200
1211,201287,87.49833333333336,0.010000000000000009,11.615,0,18,200
1212,201487,80.83666666666667,0.03500000000000003,11.53,0,21,200
1213,201687,78.32666666666668,0.09499999999999997,10.72,0,18,200
1214,201887,91.34666666666668,0.0,11.47,0,17,200
1215,202087,90.44999999999983,0.0,11.34,0,17,200
1216,202287,87.42833333333341,0.0,11.015,0,28,200
1217,202487,83.08333333333337,0.0050000000000000044,11.39,0,28,200
1218,202687,86.91333333333333,0.0,11.54,0,22,200
1219,202887,89.45833333333334,0.010000000000000009,11.015,0,21,200
1220,203087,90.58999999999992,0.0,11.16,0,20,200
1221,203287,88.6299999999999,0.0050000000000000044,11.01,0,23,200
1222,203487,91.03833333333324,0.0,11.135,0,18,200
1223,203687,82.53000000000002,0.06499999999999995,10.8,0,20,200
1224,203887,62.44166666666675,0.12,11.305,0,25,200
1225,204087,90.97166666666668,0.0050000000000000044,11.395,0,13,200
1226,204287,68.40833333333342,0.10499999999999998,10.715,0,25,200
1227,204487,88.93666666666665,0.010000000000000009,11.17,0,19,200
1228,204687,83.97833333333331,0.04500000000000004,10.955,0,21,200
1229,204887,84.00666666666669,0.010000000000000009,10.96,0,34,200
1230,205087,75.48166666666665,0.03500000000000003,10.975,0,37,200
1231,205287,81.51166666666683,0.020000000000000018,11.455,0,21,200
1232,205487,83.41166666666669,0.0,11.275,0,30,200
1233,205687,90.60166666666672,0.0,11.155,0,23,200
1234,205887,81.84666666666668,0.010000000000000009,11.05,0,33,200
1235,206087,63.14333333333329,0.15500000000000003,9.77,0,36,200
1236,206287,88.465,0.0,11.295,0,22,200
1237,206487,58.47833333333326,0.13,10.715,0,34,200
1238,206687,85.28333333333332,0.030000000000000027,11.42,0,16,200
1239,206887,87.31666666666672,0.0,11.11,0,25,200
1240,207087,86.24333333333335,0.0050000000000000044,11.27,0,24,200
1241,207287,79.32999999999998,0.04500000000000004,11.04,0,27,200
1242,207487,89.68833333333333,0.0,11.405,0,19,200
1243,207687,80.82333333333335,0.05500000000000005,11.09,0,19,200
1244,207887,73.36000000000001,0.06499999999999995,11.49,0,22,200
1245,208087,58.71166666666669,0.16000000000000003,10.525,0,31,200
1246,208287,73.06833333333348,0.06999999999999995,11.315,0,20,200
1247,208487,63.528333333333336,0.135,11.315,0,19,200
1248,208687,85.47333333333341,0.0,11.27,0,26,200
1249,208887,86.94166666666669,0.0050000000000000044,11.395,0,21,200
1250,209087,82.46833333333339,0.03500000000000003,11.225,0,22,200
1251,209287,71.89500000000004,0.09499999999999997,10.965,0,24,200
1252,209487,87.28166666666667,0.015000000000000013,11.275,0,18,200
1253,209687,74.80666666666666,0.06999999999999995,11.17,0,24,200
1254,209887,90.74833333333339,0.0,11.345,0,18,200
1255,210087,81.11999999999989,0.06499999999999995,10.95,0,17,200
1256,210287,86.76166666666661,0.0,10.885,0,30,200
1257,210487,68.07833333333342,0.07999999999999996,11.075,0,31,200
1258,210687,77.68166666666666,0.05500000000000005,10.345,0,36,200
1259,210887,87.04999999999984,0.010000000000000009,11.4,0,18,200
1260,211087,83.08666666666672,0.04500000000000004,11.2,0,16,200
1261,211287,89.47333333333319,0.0050000000000000044,11.15,0,20,200
1262,211487,81.95833333333321,0.0050000000000000044,10.985,0,35,200
1263,211687,84.62,0.025000000000000022,11.4,0,18,200
1264,211887,73.675,0.07499999999999996,10.905,0,27,200
1265,212087,82.37166666666661,0.010000000000000009,11.335,0,28,200
1266,212287,76.00333333333327,0.06499999999999995,11.36,0,18,200
1267,212487,88.20666666666666,0.0050000000000000044,11.38,0,18,200
1268,212687,93.21666666666647,0.0,11.02,0,17,200
1269,212887,87.12500000000009,0.0,10.935,0,23,200
1270,213087,62.94000000000017,0.12,11.43,0,21,200
1271,213287,89.16333333333337,0.0,11.48,0,18,200
1272,213487,93.31166666666667,0.0,11.575,0,11,200
1273,213687,82.1566666666666,0.0050000000000000044,11.2,0,30,200
1274,213887,67.875,0.14,10.485,0,23,200
1275,214087,73.85000000000005,0.11499999999999999,9.99,0,23,200
1276,214287,67.86833333333331,0.12,10.955,0,21,200
1277,214487,86.3866666666667,0.0050000000000000044,11.26,0,24,200
1278,214687,75.47666666666667,0.09999999999999998,11.26,0,12,200
1279,214887,86.38333333333331,0.0,11.06,0,28,200
1280,215087,67.5583333333334,0.14500000000000002,10.655,0,18,200
1281,215287,74.07666666666665,0.06000000000000005,11.5,0,19,200
1282,215487,89.95500000000007,0.0,11.475,0,17,200
1283,215687,64.74000000000004,0.125,11.25,0,22,200
1284,215887,72.98833333333337,0.125,10.625,0,15,200
1285,216087,89.28833333333331,0.010000000000000009,11.345,0,16,200
1286,216287,75.07500000000002,0.06499999999999995,10.485,0,34,200
1287,216487,70.92333333333337,0.09499999999999997,11.0,0,24,200
1288,216687,75.89333333333326,0.08499999999999996,11.03,0,20,200
1289,216887,80.3533333333334,0.06000000000000005,10.55,0,27,200
1290,217087,80.8266666666667,0.040000000000000036,11.17,0,22,200
1291,217287,92.61666666666673,0.0050000000000000044,11.56,0,10,200
1292,217487,91.09499999999986,0.0050000000000000044,10.725,0,26,200
1293,217687,85.57999999999996,0.015000000000000013,11.25,0,19,200
1294,217887,83.28499999999997,0.030000000000000027,10.935,0,26,200
1295,218087,73.49000000000002,0.08499999999999996,11.28,0,18,200
1296,218287,79.81666666666669,0.04500000000000004,11.2,0,22,200
1297,218487,77.13,0.050000000000000044,10.77,0,32,200
1298,218687,87.68999999999996,0.0,11.43,0,21,200
1299,218887,81.90833333333335,0.020000000000000018,10.835,0,32,200
1300,219087,71.55166666666663,0.07999999999999996,11.215,0,24,200
1301,219287,86.05499999999998,0.020000000000000018,11.535,0,17,200
1302,219487,79.4366666666667,0.05500000000000005,11.29,0,18,200
1303,219687,73.18666666666668,0.08999999999999997,11.2,0,19,200
1304,219887,79.77166666666675,0.06999999999999995,11.125,0,15,200
1305,220087,83.36833333333337,0.040000000000000036,11.225,0,20,200
1306,220287,91.91333333333337,0.0,11.48,0,15,200
1307,220487,73.4616666666667,0.06000000000000005,11.245,0,28,200
1308,220687,88.24166666666669,0.0,11.575,0,22,200
1309,220887,83.74333333333335,0.0,11.66,0,24,200
1310,221087,75.13499999999999,0.09499999999999997,10.935,0,19,200
1311,221287,69.36166666666671,0.06000000000000005,11.245,0,36,200
1312,221487,56.06833333333338,0.16500000000000004,11.165,0,24,200
1313,221687,64.65333333333334,0.135,10.64,0,28,200
1314,221887,54.605,0.16000000000000003,11.085,0,29,200
1315,222087,69.75833333333343,0.08499999999999996,11.045,0,29,200
1316,222287,67.38833333333334,0.07999999999999996,11.255,0,31,200
1317,222487,81.8,0.06000000000000005,11.25,0,11,200
1318,222687,88.54666666666678,0.0,11.41,0,19,200
1319,222887,73.76166666666674,0.07499999999999996,11.425,0,17,200
1320,223087,91.11666666666667,0.0,11.62,0,13,200
1321,223287,83.96999999999996,0.010000000000000009,11.04,0,29,200
1322,223487,70.07500000000002,0.06499999999999995,11.145,0,33,200
1323,223687,82.34000000000002,0.025000000000000022,11.07,0,28,200
1324,223887,93.86833333333342,0.0,11.075,0,17,200
1325,224087,88.75333333333334,0.0,11.27,0,23,200
1326,224287,67.84000000000002,0.13,10.23,0,29,200
1327,224487,81.13500000000003,0.010000000000000009,10.965,0,35,200
1328,224687,75.33666666666669,0.06999999999999995,10.96,0,27,200
1329,224887,83.66166666666673,0.015000000000000013,11.605,0,18,200
1330,225087,85.98166666666668,0.0050000000000000044,11.455,0,23,200
1331,225287,90.09833333333337,0.0,11.195,0,21,200
1332,225301,-19.66166666666667,0.5,6.071428571428571,1,5,14
1333,225501,82.02500000000005,0.015000000000000013,11.745,0,21,200
1334,225701,86.46333333333334,0.0,11.54,0,22,200
1335,225901,82.5,0.0,11.25,0,35,200
1336,226101,39.96166666666666,0.245,10.645,0,29,200
1337,226301,72.82000000000004,0.050000000000000044,11.37,0,28,200
1338,226501,81.08666666666676,0.020000000000000018,11.5,0,26,200
1339,226701,81.6383333333334,0.03500000000000003,11.615,0,15,200
1340,226901,86.87,0.0,11.43,0,24,200
1341,227101,89.38166666666667,0.0050000000000000044,11.545,0,17,200
1342,227301,70.85833333333332,0.08499999999999996,10.685,0,33,200
1343,227501,75.78666666666668,0.06499999999999995,11.14,0,23,200
1344,227701,88.52166666666662,0.0050000000000000044,11.425,0,21,200
1345,227901,85.08333333333334,0.015000000000000013,11.45,0,22,200
1346,228101,72.14833333333334,0.11499999999999999,10.625,0,23,200
1347,228301,77.32499999999999,0.06999999999999995,11.145,0,20,200
1348,228501,82.23166666666661,0.020000000000000018,11.275,0,24,200
1349,228701,82.83166666666665,0.06999999999999995,11.065,0,12,200
1350,228901,88.49333333333331,0.0,11.42,0,22,200
1351,229101,55.74833333333334,0.15500000000000003,11.135,0,29,200
1352,229301,77.50333333333326,0.06000000000000005,11.0,0,25,200
1353,229501,90.28499999999998,0.015000000000000013,11.325,0,15,200
1354,229701,84.1983333333333,0.015000000000000013,11.525,0,20,200
1355,229901,71.16499999999998,0.09999999999999998,10.935,0,20,200
1356,230101,92.20500000000001,0.0,11.355,0,15,200
1357,230301,71.04833333333332,0.09499999999999997,11.045,0,23,200
1358,230501,56.06666666666676,0.16500000000000004,11.2,0,21,200
1359,230701,69.35499999999999,0.06999999999999995,11.265,0,29,200
1360,230901,87.3583333333333,0.0050000000000000044,11.165,0,24,200
1361,231101,85.57499999999999,0.020000000000000018,11.325,0,18,200
1362,231301,81.80166666666666,0.03500000000000003,10.945,0,26,200
1363,231501,85.33500000000001,0.0,11.325,0,30,200
1364,231701,83.26833333333337,0.010000000000000009,11.465,0,24,200
1365,231901,85.64833333333331,0.0050000000000000044,11.585,0,25,200
1366,232101,81.975,0.04500000000000004,11.175,0,21,200
1367,232301,77.39333333333333,0.050000000000000044,11.36,0,26,200
1368,232501,87.60833333333342,0.0050000000000000044,11.495,0,19,200
1369,232701,82.25666666666672,0.040000000000000036,11.65,0,15,200
1370,232901,74.09500000000004,0.07499999999999996,11.325,0,21,200
1371,233101,84.90333333333334,0.0050000000000000044,11.48,0,26,200
1372,233301,89.13166666666672,0.0050000000000000044,11.155,0,22,200
1373,233501,73.51833333333335,0.08999999999999997,11.015,0,21,200
1374,233701,71.45166666666665,0.08499999999999996,11.515,0,21,200
1375,233901,83.96333333333335,0.015000000000000013,11.48,0,23,200
1376,234101,82.44666666666663,0.06000000000000005,11.53,0,10,200
1377,234301,84.92166666666672,0.030000000000000027,11.305,0,20,200
1378,234501,62.12166666666669,0.135,11.155,0,25,200
1379,234701,86.84666666666666,0.0,11.62,0,23,200
1380,234901,89.515,0.0,11.415,0,21,200
1381,235101,91.25000000000003,0.0,11.58,0,17,200
1382,235301,82.00500000000007,0.0050000000000000044,11.535,0,26,200
1383,235501,74.11333333333334,0.08499999999999996,11.0,0,25,200
1384,235701,66.35500000000002,0.125,10.455,0,33,200
1385,235901,94.49333333333337,0.0,11.57,0,10,200
1386,236101,65.11166666666668,0.125,11.485,0,18,200
1387,236301,68.2616666666667,0.08499999999999996,11.485,0,26,200
1388,236501,78.62499999999996,0.08499999999999996,11.175,0,14,200
1389,236701,80.3016666666667,0.050000000000000044,11.275,0,22,200
1390,236901,80.27000000000001,0.07499999999999996,10.32,0,25,200
1391,237101,84.22999999999999,0.010000000000000009,11.19,0,29,200
1392,237301,73.63333333333334,0.06000000000000005,11.57,0,21,200
1393,237501,65.795,0.125,10.785,0,24,200
1394,237701,83.005,0.04500000000000004,11.085,0,18,200
1395,237901,83.7116666666666,0.06499999999999995,10.495,0,22,200
1396,238101,76.36666666666672,0.06999999999999995,11.38,0,19,200
1397,238301,86.54500000000006,0.030000000000000027,11.235,0,18,200
1398,238501,96.51000000000005,0.0,11.46,0,9,200
1399,238701,85.25666666666672,0.040000000000000036,11.35,0,13,200
1400,238901,89.00666666666673,0.015000000000000013,11.14,0,18,200
1401,239101,76.59999999999998,0.06499999999999995,11.28,0,20,200
1402,239301,81.92333333333342,0.020000000000000018,11.54,0,20,200
1403,239501,70.69500000000002,0.13,10.695,0,19,200
1404,239701,78.67333333333339,0.08499999999999996,10.85,0,17,200
1405,239901,89.59500000000006,0.010000000000000009,11.235,0,17,200
1406,240101,77.60166666666665,0.08499999999999996,11.065,0,17,200
1407,240301,90.59499999999996,0.0,11.205,0,21,200
1408,240501,82.4716666666667,0.030000000000000027,11.335,0,19,200
1409,240701,80.18999999999997,0.050000000000000044,11.22,0,19,200
1410,240901,86.38666666666668,0.0,11.26,0,26,200
1411,241101,88.91499999999994,0.0,11.025,0,27,200
1412,241301,93.37833333333336,0.0050000000000000044,11.075,0,17,200
1413,241501,67.8366666666666,0.10999999999999999,10.96,0,24,200
1414,241701,91.11499999999995,0.0,10.965,0,25,200
1415,241901,84.96166666666666,0.050000000000000044,11.005,0,17,200
1416,242101,90.99499999999998,0.015000000000000013,11.085,0,18,200
1417,242301,84.52666666666674,0.03500000000000003,11.17,0,18,200
1418,242501,78.57166666666672,0.040000000000000036,11.455,0,21,200
1419,242701,88.97833333333334,0.015000000000000013,11.315,0,17,200
1420,242901,84.25666666666669,0.040000000000000036,11.41,0,16,200
1421,243101,94.19666666666666,0.0,11.5,0,12,200
1422,243301,92.47833333333332,0.015000000000000013,11.345,0,11,200
1423,243501,90.38333333333328,0.0,11.09,0,22,200
1424,243701,89.92666666666666,0.0,11.2,0,23,200
1425,243901,51.30833333333331,0.18500000000000005,10.685,0,30,200
1426,244101,78.19500000000006,0.050000000000000044,10.815,0,28,200
1427,244301,88.22166666666668,0.015000000000000013,11.365,0,15,200
1428,244501,94.28666666666665,0.0,11.05,0,17,200
1429,244701,85.44500000000005,0.04500000000000004,10.995,0,17,200
1430,244901,93.05333333333336,0.0,11.15,0,17,200
1431,245101,69.99833333333333,0.09999999999999998,10.745,0,27,200
1432,245301,74.72166666666662,0.08499999999999996,10.435,0,29,200
1433,245501,80.83166666666666,0.03500000000000003,11.275,0,23,200
1434,245701,89.94999999999995,0.010000000000000009,11.01,0,20,200
1435,245901,82.69166666666665,0.04500000000000004,11.335,0,18,200
1436,246101,91.11666666666665,0.0,11.5,0,16,200
1437,246301,92.41500000000002,0.0,11.115,0,19,200
1438,246501,95.75333333333332,0.0,11.66,0,7,200
1439,246701,91.265,0.0,11.535,0,15,200
1440,246901,61.62833333333336,0.16000000000000003,10.655,0,24,200
1441,247101,86.83833333333337,0.010000000000000009,11.375,0,20,200
1442,247301,93.69000000000003,0.0,11.55,0,10,200
1443,247501,92.0083333333333,0.0,11.345,0,16,200
1444,247701,95.29833333333337,0.0,11.615,0,7,200
1445,247901,95.38666666666673,0.0,11.35,0,13,200
1446,248101,84.90333333333332,0.030000000000000027,11.06,0,24,200
1447,248301,92.44333333333336,0.010000000000000009,11.12,0,16,200
1448,248501,83.14166666666661,0.03500000000000003,11.245,0,20,200
1449,248701,92.99666666666667,0.0,11.23,0,17,200
1450,248901,88.41666666666667,0.020000000000000018,10.72,0,27,200
1451,249101,95.48166666666665,0.0,11.095,0,14,200
1452,249301,86.46166666666669,0.04500000000000004,11.485,0,10,200
1453,249501,89.20333333333335,0.020000000000000018,10.73,0,21,200
1454,249701,94.42000000000003,0.0,11.4,0,13,200
1455,249901,88.00000000000001,0.0,10.98,0,30,200
1456,250101,85.27833333333336,0.025000000000000022,11.105,0,25,200
1457,250301,92.45166666666658,0.0,11.215,0,19,200
1458,250501,95.86333333333319,0.0,10.88,0,18,200
1459,250701,88.20166666666668,0.010000000000000009,11.335,0,22,200
1460,250901,76.21166666666663,0.10999999999999999,11.065,0,12,200
1461,251101,94.64666666666669,0.0050000000000000044,11.11,0,15,200
1462,251301,79.74000000000001,0.05500000000000005,11.19,0,21,200
1463,251501,65.91666666666666,0.13,10.75,0,25,200
1464,251514,-24.805,1.0,5.3076923076923075,1,3,13
1465,251714,95.4466666666667,0.0,11.26,0,13,200
1466,251914,81.44166666666663,0.06000000000000005,11.215,0,18,200
1467,252114,88.75000000000009,0.0,11.13,0,24,200
1468,252314,91.15666666666662,0.015000000000000013,11.2,0,18,200
1469,252514,80.80333333333334,0.030000000000000027,11.15,0,29,200
1470,252714,86.4833333333334,0.030000000000000027,11.06,0,21,200
1471,252914,86.03166666666668,0.030000000000000027,11.365,0,17,200
1472,253114,84.18333333333337,0.020000000000000018,11.18,0,24,200
1473,253314,91.43166666666663,0.0,11.305,0,18,200
1474,253514,90.77833333333322,0.010000000000000009,11.225,0,18,200
1475,253714,79.78499999999993,0.06499999999999995,10.545,0,24,200
1476,253914,83.15666666666674,0.06999999999999995,10.57,0,19,200
1477,254114,93.0433333333333,0.0,11.3,0,14,200
1478,254314,88.39166666666667,0.0,11.365,0,22,200
1479,254514,82.42999999999998,0.04500000000000004,10.35,0,30,200
1480,254714,91.05499999999995,0.0,11.535,0,14,200
1481,254914,90.86000000000008,0.0050000000000000044,11.19,0,18,200
1482,255114,96.00166666666672,0.0,11.335,0,10,200
1483,255314,91.16000000000001,0.020000000000000018,11.19,0,14,200
1484,255514,90.76000000000003,0.020000000000000018,11.55,0,11,200
1485,255714,81.7833333333333,0.040000000000000036,11.36,0,21,200
1486,255914,93.41500000000002,0.0,11.415,0,15,200
1487,256114,97.15499999999994,0.0,11.265,0,8,200
1488,256314,83.26000000000009,0.030000000000000027,11.43,0,17,200
1489,256514,93.77166666666669,0.0,11.515,0,10,200
1490,256714,95.17833333333336,0.0,11.645,0,7,200
1491,256914,82.10333333333338,0.050000000000000044,11.27,0,19,200
1492,257114,79.94666666666669,0.05500000000000005,11.35,0,21,200
1493,257314,85.67500000000007,0.025000000000000022,11.325,0,20,200
1494,257514,91.44333333333333,0.0,11.03,0,24,200
1495,257714,77.52333333333338,0.08499999999999996,11.69,0,6,200
1496,257914,89.08833333333332,0.03500000000000003,10.865,0,17,200
1497,257931,-23.953333333333333,0.8823529411764706,5.0588235294117645,1,3,17
1498,258131,78.21500000000005,0.10499999999999998,10.905,0,9,200
1499,258331,92.9833333333333,0.0050000000000000044,11.27,0,13,200
1500,258531,92.92500000000008,0.0,11.115,0,19,200
1501,258731,90.55000000000005,0.0,11.37,0,19,200
1502,258931,89.76000000000008,0.015000000000000013,11.22,0,18,200
1503,259131,90.27166666666672,0.0,11.245,0,20,200
1504,259331,88.82999999999994,0.010000000000000009,10.95,0,26,200
1505,259531,91.0116666666666,0.020000000000000018,10.975,0,19,200
1506,259731,94.71500000000002,0.0,11.445,0,11,200
1507,259931,92.56333333333332,0.0050000000000000044,11.09,0,16,200
1508,260131,94.11166666666665,0.0,11.125,0,19,200
1509,260331,77.3116666666667,0.07999999999999996,10.735,0,22,200
1510,260531,70.15333333333338,0.10499999999999998,10.94,0,22,200
1511,260731,92.63166666666666,0.0050000000000000044,11.155,0,17,200
1512,260931,92.68166666666673,0.0050000000000000044,11.215,0,16,200
1513,261131,58.39166666666666,0.16500000000000004,10.825,0,26,200
1514,261331,88.91499999999981,0.025000000000000022,10.935,0,19,200
1515,261531,93.90000000000008,0.010000000000000009,11.55,0,7,200
1516,261731,84.19333333333326,0.020000000000000018,11.0,0,26,200
1517,261931,91.05666666666652,0.0,11.35,0,18,200
1518,262131,75.3066666666667,0.10999999999999999,10.75,0,15,200
1519,262331,82.04000000000005,0.06999999999999995,10.77,0,17,200
1520,262342,-24.22833333333333,1.0,4.2727272727272725,1,4,11
1521,262542,84.67499999999987,0.040000000000000036,10.905,0,20,200
1522,262742,97.01833333333319,0.0,11.225,0,12,200
1523,262942,78.88166666666667,0.06999999999999995,11.365,0,15,200
1524,263142,85.12499999999997,0.050000000000000044,10.395,0,23,200
1525,263342,90.37333333333339,0.025000000000000022,11.57,0,9,200
1526,263542,92.45166666666668,0.0,11.365,0,14,200
1527,263742,93.79666666666674,0.0,11.47,0,10,200
1528,263942,82.04333333333336,0.0050000000000000044,11.51,0,25,200
1529,264142,82.5366666666666,0.050000000000000044,11.47,0,14,200
1530,264342,87.89166666666665,0.020000000000000018,11.095,0,21,200
1531,264542,83.57166666666673,0.050000000000000044,11.395,0,12,200
1532,264742,94.78000000000003,0.0,11.37,0,12,200
1533,264942,87.79833333333332,0.040000000000000036,11.135,0,14,200
1534,265142,94.19166666666668,0.010000000000000009,10.915,0,14,200
1535,265342,85.31166666666668,0.07499999999999996,9.865,0,24,200
1536,265542,87.39666666666669,0.04500000000000004,10.93,0,15,200
1537,265742,92.1233333333334,0.0,10.88,0,22,200
1538,265942,79.23833333333337,0.06999999999999995,11.195,0,15,200
1539,266142,94.20166666666667,0.0,11.185,0,14,200
1540,266342,72.41333333333343,0.14,10.79,0,9,200
1541,266542,81.48666666666671,0.07999999999999996,10.36,0,21,200
1542,266742,92.01000000000009,0.0050000000000000044,11.46,0,14,200
1543,266942,88.6283333333334,0.020000000000000018,11.405,0,13,200
1544,267142,88.72166666666674,0.025000000000000022,11.425,0,9,200
1545,267342,91.52333333333338,0.020000000000000018,11.06,0,14,200
1546,267542,95.50833333333333,0.0,11.375,0,11,200
1547,267742,94.54499999999997,0.0,11.145,0,16,200
1548,267942,94.42333333333339,0.0,11.36,0,14,200
1549,268142,84.88833333333336,0.050000000000000044,10.955,0,16,200
1550,268342,54.031666666666624,0.19999999999999996,10.555,0,23,200
1551,268542,91.7616666666665,0.0050000000000000044,10.705,0,26,200
1552,268742,69.115,0.15500000000000003,10.365,0,17,200
1553,268942,89.74500000000005,0.020000000000000018,11.295,0,15,200
1554,269142,69.56500000000008,0.10999999999999999,11.235,0,18,200
1555,269342,79.78999999999999,0.06000000000000005,11.16,0,17,200
1556,269542,85.9100000000001,0.03500000000000003,11.31,0,15,200
1557,269742,96.29833333333343,0.0,11.615,0,4,200
1558,269942,72.89500000000017,0.09499999999999997,11.115,0,15,200
1559,270142,74.37333333333336,0.08499999999999996,11.33,0,15,200
1560,270342,89.85500000000005,0.015000000000000013,11.025,0,19,200
1561,270542,86.87666666666668,0.040000000000000036,11.26,0,13,200
1562,270742,69.18166666666674,0.13,11.365,0,9,200
1563,270942,92.28333333333339,0.010000000000000009,11.03,0,15,200
1564,271142,73.11000000000001,0.06999999999999995,10.89,0,29,200
1565,271342,99.09166666666668,0.0050000000000000044,11.005,0,9,200
1566,271542,97.45833333333344,0.0,10.955,0,13,200
1567,271742,94.67499999999997,0.0,10.845,0,21,200
1568,271942,76.19166666666662,0.07499999999999996,10.765,0,27,200
1569,272142,81.66166666666668,0.06499999999999995,11.245,0,16,200
1570,272342,95.99833333333332,0.0,11.045,0,15,200
1571,272542,64.35666666666661,0.15500000000000003,10.66,0,20,200
1572,272742,82.48166666666668,0.06499999999999995,11.215,0,13,200
1573,272942,77.80666666666664,0.06999999999999995,11.02,0,19,200
1574,273142,93.04000000000003,0.0,11.07,0,19,200
1575,273342,81.21666666666665,0.07999999999999996,10.99,0,13,200
1576,273542,76.4866666666667,0.06499999999999995,11.17,0,24,200
1577,273742,91.77666666666676,0.0050000000000000044,11.26,0,13,200
1578,273942,92.36000000000006,0.0,11.28,0,16,200
1579,274142,96.40500000000004,0.0,11.385,0,8,200
1580,274342,93.80166666666678,0.0,11.035,0,19,200
1581,274542,95.00333333333334,0.0,11.12,0,15,200
1582,274742,90.195,0.040000000000000036,10.785,0,14,200
1583,274942,92.90666666666664,0.0050000000000000044,10.9,0,20,200
1584,275142,91.89499999999997,0.0,11.145,0,19,200
1585,275342,87.94000000000005,0.010000000000000009,11.07,0,23,200
1586,275542,91.71333333333335,0.010000000000000009,11.36,0,13,200
1587,275742,79.75333333333334,0.05500000000000005,11.42,0,16,200
1588,275942,92.23166666666667,0.0,11.335,0,16,200
1589,276142,97.01666666666667,0.0,11.2,0,12,200
1590,276342,87.38666666666661,0.025000000000000022,11.17,0,19,200
1591,276542,86.62166666666653,0.04500000000000004,10.915,0,15,200
1592,276742,94.48833333333326,0.0,11.345,0,13,200
1593,276942,75.50833333333331,0.09999999999999998,10.985,0,17,200
1594,277142,90.25166666666665,0.015000000000000013,11.275,0,17,200
1595,277342,92.28000000000002,0.0050000000000000044,11.07,0,19,200
1596,277542,83.43499999999995,0.050000000000000044,11.175,0,18,200
1597,277742,85.23833333333334,0.06000000000000005,11.015,0,13,200
1598,277942,90.08,0.010000000000000009,11.25,0,18,200
1599,278142,96.52500000000002,0.0050000000000000044,11.265,0,9,200
1600,278342,90.46000000000005,0.0050000000000000044,11.25,0,19,200
1601,278542,87.1466666666666,0.025000000000000022,11.02,0,19,200
1602,278742,88.345,0.040000000000000036,11.265,0,12,200
1603,278942,93.93833333333338,0.015000000000000013,11.165,0,12,200
1604,279142,94.08166666666672,0.0,11.125,0,16,200
1605,279342,93.03500000000001,0.015000000000000013,11.235,0,12,200
1606,279542,90.1983333333333,0.0,11.255,0,22,200
1607,279742,64.43999999999993,0.17500000000000004,10.32,0,20,200
1608,279942,87.83333333333337,0.03500000000000003,10.85,0,18,200
1609,280142,84.55000000000003,0.030000000000000027,10.89,0,27,200
1610,280342,51.84999999999999,0.18999999999999995,11.34,0,21,200
1611,280542,95.09000000000006,0.0,11.4,0,12,200
1612,280742,87.59500000000003,0.015000000000000013,11.265,0,21,200
1613,280942,91.85833333333332,0.0,10.925,0,25,200
1614,281142,83.8483333333333,0.040000000000000036,11.315,0,19,200
1615,281342,89.48333333333332,0.040000000000000036,11.24,0,11,200
1616,281542,85.32000000000001,0.06000000000000005,11.22,0,10,200
1617,281742,91.34166666666668,0.030000000000000027,11.215,0,12,200
1618,281942,93.35000000000001,0.010000000000000009,11.28,0,12,200
1619,282142,83.23000000000005,0.04500000000000004,11.31,0,17,200
1620,282342,87.73666666666661,0.040000000000000036,11.17,0,12,200
1621,282542,87.56999999999998,0.020000000000000018,11.19,0,20,200
1622,282742,90.61333333333332,0.015000000000000013,11.3,0,16,200
1623,282770,-26.17,0.8214285714285714,6.0,1,7,28
1624,282970,95.88833333333335,0.0,11.225,0,11,200
1625,283170,95.68000000000005,0.0,11.34,0,11,200
1626,283370,93.22166666666674,0.0,11.155,0,16,200
1627,283570,96.43500000000002,0.0,11.235,0,12,200
1628,283770,81.2016666666667,0.06999999999999995,11.305,0,14,200
1629,283970,93.81,0.0,11.37,0,15,200
1630,284170,86.85000000000001,0.04500000000000004,11.04,0,16,200
1631,284370,97.66166666666665,0.0,10.975,0,15,200
1632,284570,96.27,0.0,11.25,0,12,200
1633,284770,79.7666666666667,0.06999999999999995,11.17,0,16,200
1634,284970,91.16166666666669,0.030000000000000027,11.095,0,13,200
1635,285170,92.69666666666669,0.0,11.17,0,19,200
1636,285370,94.19166666666668,0.0,11.215,0,16,200
1637,285570,91.79166666666671,0.0050000000000000044,11.215,0,17,200
1638,285770,89.18166666666662,0.015000000000000013,11.425,0,11,200
1639,285970,83.08499999999998,0.06499999999999995,11.295,0,11,200
1640,286170,97.12666666666667,0.0050000000000000044,11.2,0,11,200
1641,286370,89.1233333333333,0.0,11.0,0,26,200
1642,286570,87.84500000000001,0.0050000000000000044,11.055,0,26,200
1643,286770,83.85500000000003,0.05500000000000005,11.205,0,15,200
1644,286970,91.72333333333327,0.030000000000000027,10.76,0,15,200
1645,287170,91.69166666666665,0.0,11.065,0,23,200
1646,287370,94.76833333333327,0.010000000000000009,11.105,0,14,200
1647,287570,91.25833333333331,0.0,11.105,0,21,200
1648,287770,84.76499999999993,0.06499999999999995,10.995,0,14,200
1649,287970,77.25999999999996,0.06499999999999995,11.16,0,23,200
1650,288170,82.31666666666669,0.025000000000000022,11.32,0,23,200
1651,288370,53.03999999999993,0.19499999999999995,11.1,0,17,200
1652,288570,92.36333333333333,0.0,11.45,0,13,200
1653,288770,81.24166666666672,0.08499999999999996,11.305,0,6,200
1654,288970,87.29666666666661,0.025000000000000022,11.2,0,20,200
1655,289170,91.69833333333342,0.0,11.315,0,20,200
1656,289370,81.3733333333334,0.03500000000000003,11.18,0,23,200
1657,289570,93.37333333333332,0.0,11.42,0,12,200
1658,289770,85.07833333333329,0.04500000000000004,11.015,0,18,200
1659,289970,76.53,0.07499999999999996,11.19,0,19,200
1660,290170,94.83666666666674,0.0050000000000000044,11.35,0,10,200
1661,290370,99.08333333333339,0.0,11.06,0,10,200
1662,290570,87.74833333333336,0.030000000000000027,11.255,0,14,200
1663,290770,94.15333333333334,0.0050000000000000044,11.21,0,12,200
1664,290970,93.45666666666672,0.010000000000000009,11.29,0,11,200
1665,291170,98.6316666666667,0.0,11.215,0,7,200
1666,291370,89.70000000000002,0.0,11.25,0,19,200
1667,291570,88.14666666666679,0.025000000000000022,11.47,0,11,200
1668,291770,92.08166666666668,0.025000000000000022,11.395,0,6,200
1669,291970,92.30333333333341,0.010000000000000009,10.85,0,20,200
1670,292170,94.18166666666669,0.0,11.215,0,15,200
1671,292370,80.4800000000001,0.05500000000000005,11.37,0,15,200
1672,292570,83.68833333333339,0.050000000000000044,11.165,0,14,200
1673,292770,95.23833333333341,0.0,11.225,0,15,200
1674,292970,91.63500000000003,0.0,11.295,0,18,200
1675,293170,91.6616666666666,0.010000000000000009,11.395,0,13,200
1676,293370,83.22166666666668,0.03500000000000003,11.425,0,14,200
1677,293570,88.98333333333345,0.050000000000000044,11.24,0,8,200
1678,293770,96.28333333333336,0.0,11.24,0,12,200
1679,293970,86.925,0.040000000000000036,10.935,0,17,200
1680,294170,65.8033333333334,0.11499999999999999,11.6,0,15,200
1681,294370,87.44500000000002,0.030000000000000027,10.875,0,21,200
1682,294570,70.72333333333331,0.14,10.97,0,11,200
1683,294770,96.22166666666678,0.0,11.095,0,12,200
1684,294970,91.68833333333342,0.0,11.345,0,15,200
1685,295170,75.11499999999997,0.11499999999999999,11.295,0,7,200
1686,295370,71.38499999999996,0.11499999999999999,11.085,0,17,200
1687,295570,93.41000000000008,0.020000000000000018,11.34,0,8,200
1688,295770,85.89333333333335,0.050000000000000044,11.24,0,12,200
1689,295970,94.74666666666671,0.0,11.32,0,14,200
1690,296170,93.4500000000001,0.0,11.43,0,14,200
1691,296370,90.07333333333337,0.0050000000000000044,11.39,0,16,200
1692,296570,93.97166666666669,0.0,11.305,0,13,200
1693,296770,92.76833333333344,0.0,11.255,0,15,200
1694,296970,93.81166666666665,0.0,11.215,0,15,200
1695,297170,81.41999999999994,0.06999999999999995,11.16,0,14,200
1696,297370,94.39,0.010000000000000009,11.01,0,16,200
1697,297570,100.19500000000006,0.0,11.265,0,5,200
1698,297770,89.15333333333335,0.03500000000000003,11.39,0,11,200
1699,297970,84.01333333333334,0.050000000000000044,11.06,0,17,200
1700,298170,74.56833333333336,0.09999999999999998,11.345,0,14,200
1701,298370,92.22166666666668,0.0,11.035,0,23,200
1702,298570,64.46333333333332,0.15000000000000002,10.67,0,24,200
1703,298770,93.91833333333342,0.0,11.255,0,15,200
1704,298970,94.23666666666668,0.0,11.11,0,14,200
1705,299170,89.61500000000004,0.020000000000000018,11.385,0,15,200
1706,299370,68.6233333333334,0.10499999999999998,11.21,0,20,200
1707,299570,91.85166666666669,0.020000000000000018,11.125,0,14,200
1708,299770,99.36000000000013,0.0,11.19,0,6,200
1709,299970,93.58166666666665,0.0,11.065,0,19,200
1710,300170,96.23333333333336,0.0,11.09,0,13,200
1711,300370,91.17,0.025000000000000022,10.77,0,17,200
1712,300570,100.00500000000004,0.0,11.025,0,10,200
1713,300770,87.16166666666666,0.03500000000000003,11.335,0,12,200
1714,300970,70.97499999999997,0.10999999999999999,11.205,0,16,200
1715,301170,95.28333333333343,0.0050000000000000044,11.27,0,9,200
1716,301370,96.44166666666675,0.0050000000000000044,11.365,0,7,200
1717,301570,75.94666666666664,0.08499999999999996,11.32,0,18,200
1718,301770,93.21500000000003,0.0050000000000000044,11.295,0,13,200
1719,301970,94.81833333333341,0.0,10.985,0,20,200
1720,302170,76.55499999999996,0.07999999999999996,10.845,0,25,200
1721,302370,86.41833333333331,0.050000000000000044,10.925,0,16,200
1722,302570,92.8783333333335,0.0050000000000000044,11.075,0,17,200
1723,302770,92.94666666666669,0.0,11.26,0,15,200
1724,302970,94.17833333333331,0.0,11.375,0,12,200
1725,303170,89.35166666666683,0.010000000000000009,11.365,0,14,200
1726,303370,46.140000000000065,0.22999999999999998,11.49,0,13,200
1727,303570,93.81333333333333,0.010000000000000009,11.09,0,13,200
1728,303770,81.33333333333348,0.06499999999999995,11.24,0,12,200
1729,303970,83.33333333333326,0.025000000000000022,11.39,0,19,200
1730,304170,95.42833333333341,0.0,11.405,0,11,200
1731,304370,90.12166666666674,0.020000000000000018,11.605,0,8,200
1732,304570,85.56333333333342,0.050000000000000044,11.21,0,12,200
1733,304770,98.0483333333334,0.0,11.165,0,12,200
1734,304970,81.26166666666664,0.050000000000000044,11.185,0,17,200
1735,305170,98.01500000000006,0.0,11.385,0,4,200
1736,305370,85.97666666666666,0.025000000000000022,10.99,0,26,200
1737,305570,83.53833333333337,0.08499999999999996,10.745,0,10,200
1738,305770,85.27833333333335,0.020000000000000018,11.465,0,18,200
1739,305970,87.03500000000007,0.030000000000000027,11.265,0,16,200
1740,306170,92.86333333333337,0.0,11.42,0,13,200
1741,306370,77.10833333333336,0.10999999999999999,10.595,0,15,200
1742,306570,65.94166666666663,0.11499999999999999,11.455,0,16,200
1743,306770,92.93166666666674,0.0,11.515,0,9,200
1744,306970,95.88333333333331,0.0,11.24,0,13,200
1745,307170,94.8833333333333,0.0050000000000000044,11.24,0,12,200
1746,307370,97.0116666666667,0.0,11.215,0,10,200
1747,307570,88.08833333333338,0.030000000000000027,11.285,0,15,200
1748,307770,88.78333333333337,0.010000000000000009,11.3,0,19,200
1749,307970,78.89666666666662,0.06499999999999995,11.35,0,16,200
1750,308170,87.21333333333325,0.020000000000000018,11.3,0,19,200
1751,308370,93.24000000000001,0.0,11.19,0,18,200
1752,308570,94.80499999999994,0.0,11.055,0,16,200
1753,308770,59.265,0.18000000000000005,10.965,0,16,200
1754,308970,92.35833333333338,0.010000000000000009,11.375,0,12,200
1755,309170,72.55499999999996,0.08499999999999996,10.935,0,27,200
1756,309370,95.53500000000005,0.0,11.385,0,12,200
1757,309570,97.47333333333336,0.0,11.6,0,5,200
1758,309770,97.09,0.0,11.61,0,7,200
1759,309970,94.31166666666671,0.0050000000000000044,11.545,0,8,200
1760,310170,92.40166666666669,0.0,11.305,0,16,200
1761,310370,78.95333333333332,0.09499999999999997,10.94,0,11,200
1762,310570,94.06166666666668,0.0050000000000000044,11.275,0,12,200
1763,310770,88.09000000000015,0.030000000000000027,11.34,0,12,200
1764,310970,88.72000000000007,0.030000000000000027,11.49,0,11,200
1765,311170,92.84166666666677,0.0,11.515,0,11,200
1766,311370,75.69833333333338,0.08999999999999997,11.315,0,15,200
1767,311570,83.90666666666672,0.06000000000000005,11.44,0,8,200
1768,311770,89.85666666666674,0.04500000000000004,11.11,0,10,200
1769,311970,83.76333333333335,0.04500000000000004,11.27,0,18,200
1770,312170,83.9883333333333,0.05500000000000005,10.775,0,22,200
1771,312370,92.22166666666675,0.0050000000000000044,11.245,0,18,200
1772,312570,95.02499999999998,0.0,11.295,0,14,200
1773,312770,92.26499999999997,0.0,11.205,0,18,200
1774,312970,89.21666666666665,0.020000000000000018,11.23,0,16,200
1775,313170,81.10833333333328,0.06999999999999995,11.195,0,11,200
1776,313370,88.96666666666673,0.040000000000000036,11.29,0,11,200
1777,313570,68.5933333333334,0.135,10.82,0,15,200
1778,313770,84.37333333333339,0.03500000000000003,11.24,0,19,200
1779,313970,83.82833333333322,0.05500000000000005,10.835,0,18,200
1780,314170,89.60833333333338,0.03500000000000003,11.255,0,10,200
1781,314370,88.16333333333334,0.03500000000000003,11.03,0,18,200
1782,314570,100.75666666666673,0.0,11.26,0,4,200
1783,314770,88.3049999999999,0.030000000000000027,11.115,0,19,200
1784,314970,85.98000000000005,0.020000000000000018,11.1,0,26,200
1785,315170,73.86666666666673,0.10499999999999998,11.11,0,15,200
1786,315370,64.00500000000002,0.16500000000000004,10.965,0,14,200
1787,315570,80.88,0.05500000000000005,11.52,0,16,200
1788,315770,86.23000000000006,0.08999999999999997,10.92,0,4,200
1789,315970,91.89333333333343,0.020000000000000018,11.48,0,10,200
1790,316170,91.72166666666661,0.015000000000000013,10.915,0,18,200
1791,316370,95.55166666666672,0.0050000000000000044,11.245,0,11,200
1792,316570,90.26166666666683,0.020000000000000018,11.485,0,10,200
1793,316770,93.88666666666668,0.020000000000000018,11.29,0,9,200
1794,316970,81.06500000000003,0.06499999999999995,10.995,0,20,200
1795,317170,96.04500000000003,0.0,11.325,0,12,200
1796,317370,79.08333333333333,0.06999999999999995,11.18,0,15,200
1797,317570,88.52166666666668,0.03500000000000003,11.515,0,10,200
1798,317770,92.01333333333328,0.015000000000000013,11.27,0,14,200
1799,317970,95.88500000000003,0.0,11.325,0,10,200
1800,318170,91.37166666666667,0.015000000000000013,11.185,0,14,200
1801,318370,97.85333333333338,0.0,11.15,0,12,200
1802,318570,89.61666666666672,0.03500000000000003,11.26,0,12,200
1803,318770,93.48166666666668,0.030000000000000027,10.915,0,11,200
1804,318970,79.78499999999997,0.07999999999999996,10.815,0,17,200
1805,319170,95.97166666666665,0.0,11.215,0,13,200
1806,319370,92.21999999999994,0.0,11.37,0,15,200
1807,319388,-25.82,0.9444444444444444,5.333333333333333,1,4,18
1808,319588,95.40999999999998,0.0,11.28,0,13,200
1809,319788,93.60500000000009,0.015000000000000013,11.295,0,9,200
1810,319988,88.74166666666682,0.0,11.305,0,19,200
1811,320188,91.24333333333344,0.025000000000000022,11.3,0,10,200
1812,320388,93.5566666666667,0.010000000000000009,11.32,0,10,200
1813,320588,97.73666666666665,0.0,11.11,0,11,200
1814,320788,82.9133333333333,0.06000000000000005,11.15,0,13,200
1815,320988,89.2066666666667,0.025000000000000022,11.35,0,11,200
1816,321188,89.56666666666669,0.03500000000000003,11.2,0,11,200
1817,321388,93.91833333333335,0.0,11.135,0,15,200
1818,321588,83.59833333333337,0.06000000000000005,11.045,0,15,200
1819,321788,80.93666666666674,0.06999999999999995,11.2,0,12,200
1820,321988,93.365,0.0050000000000000044,11.295,0,13,200
1821,322188,93.13000000000004,0.020000000000000018,11.19,0,13,200
1822,322388,79.23333333333338,0.07999999999999996,11.3,0,11,200
1823,322588,97.54833333333342,0.015000000000000013,11.135,0,6,200
1824,322788,77.50999999999992,0.08999999999999997,11.43,0,7,200
1825,322988,95.98333333333336,0.0050000000000000044,11.12,0,13,200
1826,323188,97.19333333333334,0.0,11.21,0,11,200
1827,323388,59.78833333333331,0.15500000000000003,11.345,0,17,200
1828,323588,87.14500000000005,0.040000000000000036,11.205,0,13,200
1829,323788,94.69166666666663,0.0,11.095,0,15,200
1830,323988,98.22,0.0,11.25,0,7,200
1831,324188,92.9833333333333,0.015000000000000013,11.24,0,12,200
1832,324388,49.233333333333306,0.255,10.25,0,19,200
1833,324588,98.825,0.0,11.085,0,10,200
1834,324788,100.37500000000006,0.0,11.295,0,3,200
1835,324988,77.55500000000005,0.09999999999999998,11.025,0,11,200
1836,325188,93.46333333333337,0.025000000000000022,11.24,0,7,200
1837,325388,87.19166666666662,0.030000000000000027,10.945,0,20,200
1838,325588,89.16666666666674,0.030000000000000027,11.14,0,13,200
1839,325788,95.01500000000009,0.0,11.115,0,15,200
1840,325988,84.54333333333332,0.04500000000000004,11.36,0,11,200
1841,326188,99.355,0.0050000000000000044,11.115,0,6,200
1842,326388,79.12333333333338,0.08999999999999997,11.18,0,12,200
1843,326588,98.1833333333334,0.0,11.33,0,9,200
1844,326788,99.0633333333334,0.0,11.09,0,9,200
1845,326988,97.64666666666675,0.0050000000000000044,11.05,0,11,200
1846,327188,87.06833333333338,0.04500000000000004,11.045,0,14,200
1847,327388,98.89500000000001,0.0,10.995,0,10,200
1848,327588,97.58166666666669,0.020000000000000018,11.125,0,5,200
1849,327788,88.21499999999996,0.040000000000000036,11.415,0,9,200
1850,327988,94.74,0.0050000000000000044,11.01,0,16,200
1851,328188,70.71166666666664,0.135,10.795,0,15,200
1852,328388,80.0,0.08499999999999996,10.74,0,18,200
1853,328588,91.12166666666667,0.025000000000000022,11.485,0,8,200
1854,328788,84.4116666666667,0.06000000000000005,11.305,0,10,200
1855,328988,98.8283333333333,0.0,11.345,0,6,200
1856,329188,99.04833333333336,0.0,11.165,0,10,200
1857,329388,94.35666666666665,0.0,11.05,0,18,200
1858,329588,78.4733333333333,0.07499999999999996,11.39,0,15,200
1859,329788,97.72166666666672,0.0,11.095,0,12,200
1860,329988,85.89166666666667,0.050000000000000044,11.305,0,12,200
1861,330188,68.22666666666663,0.16000000000000003,10.48,0,16,200
1862,330388,60.66166666666662,0.16500000000000004,11.335,0,14,200
1863,330588,68.85166666666673,0.12,11.245,0,13,200
1864,330788,91.83000000000003,0.020000000000000018,11.1,0,15,200
1865,330988,97.36833333333338,0.0,11.225,0,9,200
1866,331188,90.1983333333333,0.0050000000000000044,11.015,0,24,200
1867,331388,94.80666666666673,0.010000000000000009,11.14,0,12,200
1868,331588,99.76500000000003,0.0,11.115,0,8,200
1869,331788,92.11833333333342,0.0,11.195,0,17,200
1870,331988,93.0733333333334,0.025000000000000022,11.45,0,5,200
1871,332188,85.47499999999995,0.06499999999999995,11.235,0,8,200
1872,332388,96.28500000000003,0.0,11.055,0,14,200
1873,332588,97.85833333333342,0.0050000000000000044,11.105,0,8,200
1874,332788,89.36333333333336,0.03500000000000003,11.36,0,8,200
1875,332988,91.07166666666664,0.0050000000000000044,11.215,0,21,200
1876,333188,87.4366666666667,0.025000000000000022,11.53,0,13,200
1877,333388,60.641666666666744,0.15000000000000002,11.275,0,17,200
1878,333588,69.79833333333333,0.11499999999999999,11.285,0,16,200
1879,333788,83.90500000000013,0.06499999999999995,11.325,0,9,200
1880,333988,94.05833333333338,0.0,11.315,0,12,200
1881,334188,88.62500000000004,0.03500000000000003,11.325,0,12,200
1882,334388,86.02499999999999,0.06000000000000005,11.055,0,13,200
1883,334588,92.8700000000001,0.0,11.4,0,14,200
1884,334788,95.15666666666674,0.0,11.47,0,9,200
1885,334988,80.33000000000003,0.08999999999999997,11.25,0,7,200
1886,335188,84.33666666666673,0.040000000000000036,11.47,0,10,200
1887,335388,97.24000000000004,0.0,11.25,0,10,200
1888,335588,78.47999999999998,0.06499999999999995,11.28,0,18,200
1889,335788,96.11500000000001,0.0,11.025,0,14,200
1890,335988,95.2266666666666,0.0,11.53,0,9,200
1891,336188,84.41333333333338,0.05500000000000005,11.18,0,15,200
1892,336388,94.57499999999995,0.0,11.175,0,15,200
1893,336588,84.45833333333343,0.06499999999999995,11.315,0,7,200
1894,336788,93.5166666666667,0.0,11.2,0,16,200
1895,336988,76.02166666666666,0.08999999999999997,11.365,0,14,200
1896,337188,78.77166666666672,0.09999999999999998,10.765,0,12,200
1897,337388,82.9083333333334,0.06499999999999995,10.985,0,16,200
1898,337588,96.9983333333334,0.0,11.285,0,11,200
1899,337788,96.61499999999998,0.0,11.355,0,10,200
1900,337988,96.27666666666676,0.0,11.29,0,11,200
1901,338188,98.8666666666667,0.0,11.26,0,8,200
1902,338388,91.2683333333333,0.015000000000000013,11.195,0,14,200
1903,338588,73.48666666666676,0.125,11.29,0,6,200
1904,338788,91.985,0.020000000000000018,11.355,0,10,200
1905,338988,76.40666666666671,0.09499999999999997,11.17,0,13,200
1906,339188,96.02000000000002,0.0,11.19,0,14,200
1907,339388,93.3433333333334,0.0050000000000000044,11.24,0,12,200
1908,339588,97.10166666666674,0.015000000000000013,11.125,0,8,200
1909,339788,95.85666666666671,0.010000000000000009,11.17,0,10,200
1910,339988,78.59166666666663,0.09999999999999998,10.855,0,13,200
1911,340188,83.52333333333337,0.040000000000000036,11.45,0,16,200
1912,340388,92.18833333333328,0.015000000000000013,10.745,0,20,200
1913,340588,92.47166666666675,0.0,11.275,0,16,200
1914,340788,86.76500000000007,0.03500000000000003,11.385,0,12,200
1915,340988,95.07000000000002,0.0,10.95,0,18,200
1916,341188,92.24166666666669,0.010000000000000009,11.395,0,14,200
1917,341388,74.80666666666666,0.125,10.45,0,17,200
1918,341588,89.41000000000004,0.0050000000000000044,11.28,0,22,200
1919,341788,92.87166666666683,0.0050000000000000044,11.455,0,11,200
1920,341988,79.02833333333335,0.06999999999999995,11.645,0,11,200
1921,342188,95.02666666666673,0.0050000000000000044,11.38,0,11,200
1922,342388,73.38833333333334,0.125,11.555,0,4,200
1923,342588,97.93833333333336,0.0050000000000000044,11.105,0,9,200
1924,342788,98.89833333333321,0.0,11.255,0,7,200
1925,342988,97.47999999999998,0.0,11.07,0,14,200
1926,343188,88.09500000000008,0.050000000000000044,11.085,0,11,200
1927,343388,97.89833333333327,0.0,11.075,0,14,200
1928,343588,99.16166666666675,0.0,11.035,0,10,200
1929,343788,89.29333333333338,0.030000000000000027,11.15,0,16,200
1930,343988,94.54666666666665,0.0,11.35,0,13,200
1931,344188,92.09166666666665,0.0,11.245,0,17,200
1932,344388,97.5,0.0,11.22,0,9,200
1933,344588,99.12166666666674,0.0,11.005,0,11,200
1934,344788,94.06500000000007,0.0050000000000000044,11.385,0,12,200
1935,344988,97.91166666666672,0.0,11.365,0,8,200
1936,345188,86.98333333333323,0.04500000000000004,11.39,0,11,200
1937,345388,93.82666666666672,0.0,11.05,0,16,200
1938,345588,90.02166666666665,0.03500000000000003,11.125,0,13,200
1939,345788,93.8433333333334,0.025000000000000022,11.33,0,8,200
1940,345988,89.13333333333337,0.040000000000000036,11.27,0,12,200
1941,346188,83.18166666666666,0.07499999999999996,11.425,0,5,200
1942,346388,89.18500000000004,0.040000000000000036,11.295,0,9,200
1943,346588,95.20999999999998,0.020000000000000018,11.07,0,10,200
1944,346788,85.9083333333334,0.06000000000000005,11.285,0,8,200
1945,346988,71.615,0.10999999999999999,11.385,0,14,200
1946,347188,90.37333333333333,0.015000000000000013,11.21,0,17,200
1947,347388,93.72666666666662,0.015000000000000013,11.38,0,10,200
1948,347588,81.28166666666664,0.06499999999999995,10.945,0,17,200
1949,347788,85.68499999999996,0.03500000000000003,11.295,0,16,200
1950,347988,81.1316666666666,0.08999999999999997,11.245,0,7,200
1951,348188,92.68833333333338,0.015000000000000013,11.285,0,12,200
1952,348388,93.0433333333335,0.0050000000000000044,11.54,0,6,200
1953,348588,94.005,0.0,11.295,0,12,200
1954,348788,91.78500000000003,0.025000000000000022,11.085,0,14,200
1955,348988,83.53000000000014,0.06499999999999995,11.1,0,10,200
1956,349188,94.57166666666667,0.015000000000000013,11.125,0,10,200
1957,349388,96.65166666666669,0.015000000000000013,11.185,0,8,200
1958,349588,67.36999999999996,0.16000000000000003,10.29,0,19,200
1959,349788,98.39166666666674,0.0050000000000000044,11.065,0,8,200
1960,349988,92.98833333333329,0.010000000000000009,11.075,0,15,200
1961,350188,84.67500000000001,0.05500000000000005,11.235,0,11,200
1962,350388,84.69666666666672,0.04500000000000004,11.2,0,15,200
1963,350588,93.84666666666674,0.015000000000000013,10.57,0,20,200
1964,350788,86.65666666666665,0.04500000000000004,11.29,0,10,200
1965,350988,94.62333333333338,0.010000000000000009,11.0,0,15,200
1966,351188,89.84500000000001,0.04500000000000004,11.235,0,8,200
1967,351388,98.5666666666667,0.0,10.81,0,14,200
1968,351588,91.58333333333333,0.010000000000000009,11.24,0,18,200
1969,351788,93.16666666666674,0.025000000000000022,11.32,0,8,200
1970,351988,87.88,0.040000000000000036,11.01,0,16,200
1971,352188,98.66666666666671,0.0,11.41,0,5,200
1972,352388,97.50500000000004,0.0,11.055,0,11,200
1973,352588,95.25333333333343,0.0050000000000000044,11.3,0,11,200
1974,352788,95.18666666666681,0.015000000000000013,11.35,0,6,200
1975,352988,90.89833333333335,0.06000000000000005,10.865,0,7,200
1976,353188,94.16500000000008,0.020000000000000018,10.935,0,14,200
1977,353388,81.64500000000002,0.06999999999999995,11.115,0,13,200
1978,353588,94.97833333333334,0.010000000000000009,11.195,0,10,200
1979,353788,101.24500000000002,0.0,10.875,0,10,200
1980,353988,83.99833333333343,0.050000000000000044,10.895,0,20,200
1981,354188,94.83166666666665,0.020000000000000018,11.035,0,11,200
1982,354388,93.9866666666665,0.025000000000000022,11.29,0,4,200
1983,354588,94.55833333333341,0.015000000000000013,11.165,0,11,200
1984,354788,95.86999999999995,0.010000000000000009,11.16,0,9,200
1985,354988,97.02333333333333,0.0,11.06,0,13,200
1986,355188,96.19666666666669,0.015000000000000013,11.32,0,5,200
1987,355388,91.53833333333338,0.04500000000000004,11.045,0,9,200
1988,355588,90.01166666666671,0.06499999999999995,10.885,0,6,200
1989,355788,93.5566666666667,0.025000000000000022,10.99,0,12,200
1990,355988,98.58833333333335,0.0,11.255,0,8,200
1991,356188,79.80833333333335,0.07999999999999996,11.015,0,16,200
1992,356388,100.14833333333344,0.0,11.135,0,7,200
1993,356588,99.9683333333334,0.015000000000000013,11.015,0,5,200
1994,356788,101.12000000000002,0.0050000000000000044,11.31,0,3,200
1995,356988,92.71666666666671,0.050000000000000044,10.57,0,12,200
1996,357188,97.68166666666674,0.0050000000000000044,10.885,0,12,200
1997,357388,77.20833333333336,0.08999999999999997,11.135,0,15,200
1998,357588,94.215,0.010000000000000009,11.055,0,14,200
1999,357788,98.94000000000007,0.010000000000000009,11.49,0,0,200
2000,357988,82.84333333333342,0.050000000000000044,11.42,0,12,200
2001,358188,97.78999999999994,0.0,11.04,0,13,200
2002,358388,65.6566666666666,0.14500000000000002,11.26,0,14,200
2003,358588,91.71833333333329,0.025000000000000022,11.165,0,14,200
2004,358788,71.51666666666661,0.12,11.29,0,12,200
2005,358988,93.84166666666675,0.0050000000000000044,11.245,0,14,200
2006,359188,91.61500000000004,0.025000000000000022,11.475,0,9,200
2007,359388,94.9616666666667,0.0,11.335,0,14,200
2008,359588,85.13999999999997,0.06499999999999995,11.31,0,8,200
2009,359788,97.45999999999998,0.0,11.52,0,7,200
2010,359988,94.83666666666674,0.0050000000000000044,10.84,0,17,200
2011,360188,81.26,0.09999999999999998,11.1,0,7,200
2012,360388,91.73166666666673,0.020000000000000018,11.545,0,7,200
2013,360588,67.15833333333332,0.18000000000000005,10.355,0,14,200
2014,360788,100.54166666666667,0.0,11.125,0,8,200
2015,360988,65.53666666666673,0.15500000000000003,11.29,0,11,200
2016,361188,93.58833333333341,0.030000000000000027,11.285,0,7,200
2017,361388,84.33166666666666,0.05500000000000005,11.275,0,13,200
2018,361588,98.80500000000004,0.0,11.625,0,3,200
2019,361788,97.79666666666677,0.0,11.35,0,8,200
2020,361988,83.77333333333334,0.03500000000000003,11.06,0,21,200
2021,362188,90.78000000000003,0.015000000000000013,11.73,0,7,200
2022,362388,97.53333333333336,0.0050000000000000044,11.36,0,8,200
2023,362588,72.83666666666669,0.125,11.41,0,7,200
2024,362788,99.9383333333334,0.0,11.105,0,10,200
2025,362988,72.74666666666666,0.09499999999999997,11.26,0,18,200
2026,363188,97.95166666666667,0.0,11.095,0,10,200
2027,363388,97.8483333333333,0.0,11.375,0,7,200
2028,363588,86.06666666666659,0.040000000000000036,11.14,0,18,200
2029,363788,94.58000000000023,0.020000000000000018,11.31,0,7,200
2030,363988,87.93000000000012,0.040000000000000036,11.22,0,12,200
2031,364188,91.09166666666678,0.040000000000000036,11.215,0,9,200
2032,364388,95.17166666666678,0.0,11.545,0,7,200
2033,364588,87.39000000000001,0.050000000000000044,11.07,0,12,200
2034,364788,81.0033333333335,0.08999999999999997,10.94,0,12,200
2035,364988,87.92999999999999,0.050000000000000044,11.01,0,9,200
2036,365188,98.2533333333334,0.0050000000000000044,11.03,0,11,200
2037,365388,89.14833333333331,0.040000000000000036,11.255,0,9,200
2038,365588,81.18166666666674,0.06999999999999995,11.185,0,15,200
2039,365788,72.57000000000004,0.09499999999999997,11.19,0,19,200
2040,365988,57.173333333333304,0.16000000000000003,11.15,0,25,200
2041,366188,91.19500000000009,0.020000000000000018,11.415,0,9,200
2042,366388,96.80333333333343,0.0,11.18,0,11,200
2043,366588,95.52000000000002,0.0050000000000000044,10.98,0,14,200
2044,366788,97.2466666666667,0.0,11.32,0,10,200
2045,366988,80.7366666666667,0.09499999999999997,10.81,0,13,200
2046,367188,73.50166666666661,0.09499999999999997,11.095,0,21,200
2047,367388,95.12166666666671,0.030000000000000027,11.035,0,7,200
2048,367588,96.79333333333325,0.010000000000000009,11.27,0,8,200
2049,367788,102.11333333333343,0.0,11.03,0,4,200
2050,367988,94.00999999999996,0.030000000000000027,11.13,0,7,200
2051,368188,97.45833333333334,0.015000000000000013,11.135,0,5,200
2052,368388,95.77499999999999,0.0,11.025,0,14,200
2053,368588,93.48000000000012,0.040000000000000036,10.8,0,12,200
2054,368788,76.86500000000001,0.07999999999999996,11.265,0,18,200
2055,368988,91.56333333333339,0.030000000000000027,11.15,0,11,200
2056,369188,85.02333333333333,0.06000000000000005,11.15,0,10,200
2057,369388,82.58833333333331,0.07499999999999996,11.105,0,11,200
2058,369588,90.16500000000002,0.040000000000000036,11.355,0,6,200
2059,369788,97.05500000000005,0.010000000000000009,11.025,0,9,200
2060,369988,63.143333333333345,0.15000000000000002,11.33,0,18,200
2061,370188,90.43833333333325,0.025000000000000022,11.195,0,13,200
2062,370388,84.36833333333334,0.06000000000000005,11.015,0,13,200
2063,370588,92.13500000000005,0.025000000000000022,11.355,0,7,200
2064,370788,80.64833333333335,0.06999999999999995,11.135,0,15,200
2065,370988,94.19833333333334,0.0,11.435,0,11,200
2066,371188,95.42333333333329,0.010000000000000009,11.09,0,12,200
2067,371388,85.42333333333337,0.06499999999999995,11.3,0,7,200
2068,371588,78.43666666666655,0.08499999999999996,11.08,0,17,200
2069,371788,84.335,0.06000000000000005,11.235,0,12,200
2070,371988,96.67,0.0050000000000000044,11.37,0,9,200
2071,372188,93.38833333333348,0.015000000000000013,11.555,0,7,200
2072,372388,87.69333333333338,0.07499999999999996,10.79,0,6,200
2073,372588,96.20333333333335,0.0,11.42,0,7,200
2074,372788,93.01666666666664,0.015000000000000013,11.47,0,9,200
2075,372988,93.93833333333335,0.0050000000000000044,11.015,0,14,200
2076,373188,87.02166666666665,0.030000000000000027,11.455,0,9,200
2077,373388,96.77833333333322,0.0,10.535,0,19,200
2078,373588,96.04833333333342,0.0,11.345,0,10,200
2079,373788,96.0550000000001,0.010000000000000009,11.385,0,7,200
2080,373988,99.76666666666672,0.0,11.29,0,7,200
2081,374188,83.15000000000002,0.09499999999999997,10.89,0,5,200
2082,374388,66.01666666666672,0.15500000000000003,11.29,0,8,200
2083,374588,97.09333333333343,0.0,11.24,0,11,200
2084,374788,93.33833333333331,0.015000000000000013,11.255,0,12,200
2085,374988,97.1833333333333,0.0,11.12,0,13,200
2086,375188,98.02000000000004,0.0,11.25,0,9,200
2087,375388,96.17500000000008,0.0,11.175,0,11,200
2088,375588,102.13666666666674,0.0,11.5,0,1,200
2089,375788,98.27500000000009,0.0,11.355,0,8,200
2090,375988,98.88666666666671,0.0050000000000000044,11.02,0,9,200
2091,376188,97.88999999999999,0.0,11.07,0,13,200
2092,376388,89.68833333333332,0.025000000000000022,11.135,0,18,200
2093,376588,100.54000000000009,0.0050000000000000044,11.22,0,4,200
2094,376788,99.67166666666671,0.0,11.185,0,8,200
2095,376988,79.71499999999997,0.07999999999999996,11.265,0,14,200
2096,377188,96.7583333333334,0.0,11.555,0,8,200
2097,377388,96.64333333333337,0.015000000000000013,11.15,0,6,200
2098,377588,92.77166666666669,0.020000000000000018,11.365,0,11,200
2099,377788,91.22499999999997,0.03500000000000003,11.265,0,8,200
2100,377988,95.08500000000005,0.020000000000000018,11.385,0,6,200
2101,378188,99.50333333333333,0.0,11.24,0,8,200
2102,378388,74.00500000000002,0.135,10.695,0,13,200
2103,378588,98.15333333333339,0.0050000000000000044,11.15,0,9,200
2104,378788,85.30000000000008,0.05500000000000005,11.37,0,11,200
2105,378988,76.20333333333325,0.135,10.25,0,16,200
2106,379188,96.915,0.0,11.505,0,7,200
2107,379388,99.13333333333328,0.0050000000000000044,11.51,0,4,200
2108,379588,96.85166666666672,0.0,11.305,0,11,200
2109,379788,97.8833333333334,0.0,11.66,0,4,200
2110,379988,81.95000000000005,0.08999999999999997,11.01,0,10,200
2111,380188,95.92833333333338,0.015000000000000013,11.195,0,9,200
2112,380388,101.74666666666675,0.0,11.14,0,5,200
2113,380588,95.88666666666667,0.010000000000000009,10.81,0,15,200
2114,380788,89.23833333333337,0.03500000000000003,11.195,0,12,200
2115,380988,96.01666666666667,0.0,11.17,0,14,200
2116,381188,94.43666666666665,0.020000000000000018,11.26,0,8,200
2117,381388,88.23666666666648,0.04500000000000004,10.9,0,18,200
2118,381588,77.91500000000003,0.10499999999999998,11.055,0,9,200
2119,381788,74.08666666666667,0.14,10.45,0,13,200
2120,381988,96.7299999999999,0.0050000000000000044,11.28,0,10,200
2121,382188,86.00333333333342,0.050000000000000044,11.39,0,8,200
2122,382388,98.50666666666667,0.0,11.17,0,11,200
2123,382588,82.83833333333338,0.07999999999999996,11.315,0,7,200
2124,382788,101.79166666666669,0.0,11.215,0,4,200
2125,382988,77.7166666666667,0.09999999999999998,11.26,0,10,200
2126,383188,91.27,0.020000000000000018,11.28,0,12,200
2127,383388,89.43333333333327,0.030000000000000027,11.45,0,10,200
2128,383588,95.945,0.0050000000000000044,11.295,0,9,200
2129,383788,97.69666666666654,0.0,11.08,0,11,200
2130,383988,89.8433333333333,0.03500000000000003,11.39,0,9,200
2131,384188,82.9516666666667,0.06000000000000005,11.605,0,4,200
2132,384388,80.0933333333333,0.07499999999999996,11.6,0,9,200
2133,384588,85.7349999999999,0.040000000000000036,10.995,0,20,200
2134,384788,96.26333333333329,0.0050000000000000044,11.48,0,6,200
2135,384988,78.0116666666667,0.11499999999999999,11.005,0,9,200
2136,385188,90.38166666666663,0.04500000000000004,11.425,0,6,200
2137,385388,99.37,0.0,11.55,0,3,200
2138,385588,86.57499999999992,0.03500000000000003,11.445,0,13,200
2139,385788,101.185,0.0,11.505,0,2,200
2140,385988,90.32500000000003,0.020000000000000018,11.475,0,9,200
2141,386188,93.10333333333332,0.010000000000000009,11.27,0,13,200
2142,386388,92.05500000000004,0.030000000000000027,11.325,0,8,200
2143,386588,98.10999999999999,0.0,11.01,0,12,200
2144,386788,93.5100000000001,0.020000000000000018,11.25,0,10,200
2145,386988,87.5183333333333,0.050000000000000044,11.345,0,9,200
2146,387188,98.61500000000001,0.0,11.235,0,9,200
2147,387388,101.44166666666676,0.0,11.155,0,4,200
2148,387588,95.99666666666667,0.0050000000000000044,11.35,0,12,200
2149,387788,98.9550000000001,0.015000000000000013,11.265,0,2,200
2150,387988,89.12333333333339,0.050000000000000044,11.3,0,7,200
2151,388188,98.83166666666673,0.0,11.185,0,10,200
2152,388388,69.35833333333333,0.14,11.315,0,8,200
2153,388588,88.82500000000009,0.030000000000000027,11.055,0,17,200
2154,388788,97.64333333333336,0.010000000000000009,11.3,0,7,200
2155,388988,84.73833333333336,0.04500000000000004,11.255,0,14,200
2156,389188,77.40999999999998,0.09499999999999997,10.98,0,14,200
2157,389388,96.29833333333328,0.0,11.345,0,8,200
2158,389588,95.30166666666658,0.0,11.125,0,12,200
2159,389788,89.04166666666674,0.030000000000000027,11.485,0,9,200
2160,389988,81.33833333333328,0.07499999999999996,11.105,0,15,200
2161,390188,97.8366666666667,0.0,11.44,0,5,200
2162,390388,94.61833333333334,0.010000000000000009,11.165,0,11,200
2163,390588,93.87666666666668,0.025000000000000022,11.26,0,7,200
2164,390788,89.50000000000013,0.030000000000000027,11.4,0,9,200
2165,390988,73.63666666666678,0.13,11.29,0,4,200
2166,391188,74.465,0.125,11.325,0,5,200
2167,391388,73.88666666666666,0.10499999999999998,11.29,0,11,200
2168,391588,98.24000000000007,0.0,11.4,0,6,200
2169,391788,73.25333333333337,0.13,10.43,0,17,200
2170,391988,98.85166666666669,0.0,11.185,0,8,200
2171,392188,87.01333333333334,0.040000000000000036,11.18,0,13,200
2172,392388,89.61166666666672,0.050000000000000044,11.095,0,8,200
2173,392588,88.71166666666673,0.03500000000000003,11.185,0,12,200
2174,392788,97.59000000000003,0.0,11.1,0,12,200
2175,392988,80.80666666666673,0.07999999999999996,11.38,0,7,200
2176,393188,99.09500000000013,0.020000000000000018,11.265,0,2,200
2177,393388,96.91000000000001,0.0050000000000000044,11.22,0,7,200
2178,393588,85.56500000000011,0.07499999999999996,11.025,0,9,200
2179,393788,86.41833333333335,0.06000000000000005,11.015,0,11,200
2180,393988,95.89666666666668,0.010000000000000009,10.93,0,15,200
2181,394188,73.89499999999998,0.11499999999999999,11.175,0,13,200
2182,394388,70.78333333333329,0.13,11.39,0,8,200
2183,394588,87.95000000000016,0.050000000000000044,11.04,0,11,200
2184,394788,72.85333333333342,0.08999999999999997,11.36,0,15,200
2185,394988,97.37666666666668,0.0,11.29,0,7,200
2186,395188,91.52166666666672,0.010000000000000009,11.425,0,11,200
2187,395388,98.42333333333337,0.010000000000000009,11.3,0,4,200
2188,395588,92.62499999999996,0.015000000000000013,11.235,0,11,200
2189,395788,91.32666666666674,0.040000000000000036,11.29,0,6,200
2190,395794,-22.416666666666668,1.0,4.666666666666667,1,2,6
2191,395994,94.16833333333334,0.0050000000000000044,11.375,0,11,200
2192,396194,96.35333333333334,0.020000000000000018,11.24,0,7,200
2193,396394,74.7666666666667,0.10499999999999998,11.38,0,10,200
2194,396594,74.61333333333329,0.09499999999999997,11.3,0,16,200
2195,396794,92.69166666666673,0.010000000000000009,11.575,0,9,200
2196,396994,76.93999999999998,0.08999999999999997,11.64,0,7,200
2197,397194,82.59833333333336,0.06999999999999995,11.345,0,9,200
2198,397394,95.98833333333333,0.0,11.255,0,12,200
2199,397594,91.80666666666667,0.025000000000000022,11.59,0,6,200
2200,397794,79.39833333333331,0.08499999999999996,11.375,0,9,200
2201,397994,96.71166666666672,0.0,11.515,0,6,200
2202,398194,88.24500000000016,0.03500000000000003,11.265,0,9,200
2203,398394,98.0400000000001,0.0,11.28,0,8,200
2204,398594,96.85833333333333,0.0,11.585,0,7,200
2205,398794,73.10500000000013,0.10499999999999998,11.505,0,9,200
2206,398994,98.14500000000004,0.0,11.295,0,5,200
2207,399194,96.25166666666668,0.0,11.275,0,8,200
2208,399394,98.33666666666656,0.0,11.2,0,9,200
2209,399594,79.61000000000001,0.06000000000000005,11.37,0,16,200
2210,399794,94.83166666666686,0.0050000000000000044,11.305,0,9,200
2211,399994,83.74499999999995,0.06999999999999995,11.235,0,10,200
2212,400194,97.91166666666676,0.0,11.245,0,7,200
2213,400394,96.98333333333342,0.0,11.45,0,9,200
2214,400594,100.11833333333338,0.0,11.075,0,8,200
2215,400794,100.89000000000021,0.015000000000000013,10.89,0,7,200
2216,400994,94.40666666666671,0.0,11.11,0,16,200
2217,401194,91.51166666666671,0.040000000000000036,11.125,0,9,200
2218,401230,-36.224999999999994,0.9722222222222222,5.25,1,16,36
2219,401430,100.64000000000001,0.0,11.07,0,8,200
2220,401630,92.69166666666679,0.020000000000000018,11.035,0,13,200
2221,401830,92.2466666666667,0.025000000000000022,10.63,0,19,200
2222,402030,85.12166666666671,0.06000000000000005,10.915,0,15,200
2223,402230,88.71333333333347,0.04500000000000004,10.7,0,18,200
2224,402430,103.73833333333349,0.0,10.775,0,8,200
2225,402630,87.73166666666677,0.050000000000000044,10.735,0,17,200
2226,402830,96.91333333333345,0.010000000000000009,10.34,0,22,200
2227,403030,91.32666666666678,0.040000000000000036,10.75,0,15,200
2228,403230,83.3033333333334,0.06499999999999995,10.61,0,21,200
2229,403430,79.23000000000002,0.09999999999999998,10.62,0,17,200
2230,403630,78.05666666666673,0.08499999999999996,10.93,0,21,200
2231,403830,92.50333333333342,0.040000000000000036,10.91,0,10,200
2232,404030,84.5400000000001,0.06499999999999995,10.92,0,14,200
2233,404230,103.61500000000008,0.0,10.725,0,9,200
2234,404430,100.31333333333352,0.0,10.58,0,16,200
2235,404469,-27.19,0.8205128205128205,5.846153846153846,1,8,39
2236,404669,98.54833333333342,0.0,10.835,0,15,200
2237,404869,87.16333333333321,0.050000000000000044,10.67,0,17,200
2238,405069,91.91166666666666,0.020000000000000018,10.825,0,17,200
2239,405269,96.51999999999988,0.0,10.5,0,23,200
2240,405469,83.31166666666677,0.050000000000000044,10.435,0,27,200
2241,405669,79.81333333333339,0.09499999999999997,10.22,0,24,200
2242,405869,98.89999999999999,0.0,10.74,0,15,200
2243,406069,90.57499999999999,0.025000000000000022,10.665,0,20,200
2244,406269,81.56500000000005,0.06999999999999995,10.425,0,24,200
2245,406469,92.88500000000013,0.0050000000000000044,10.605,0,26,200
2246,406669,83.25833333333341,0.04500000000000004,10.985,0,21,200
2247,406869,98.33000000000008,0.0050000000000000044,10.65,0,16,200
2248,407069,97.06666666666665,0.0,10.66,0,19,200
2249,407269,101.83166666666672,0.0,10.795,0,9,200
2250,407469,94.92499999999988,0.020000000000000018,10.965,0,10,200
2251,407669,88.69500000000004,0.050000000000000044,11.415,0,4,200
2252,407869,95.46333333333341,0.025000000000000022,11.06,0,6,200
2253,408069,90.26499999999992,0.025000000000000022,10.755,0,18,200
2254,408269,97.53333333333339,0.020000000000000018,10.01,0,19,200
2255,408469,103.98500000000006,0.0,10.935,0,4,200
2256,408669,76.06999999999995,0.13,10.11,0,19,200
2257,408869,101.2033333333332,0.0,10.55,0,12,200
2258,409069,101.46999999999984,0.0050000000000000044,10.74,0,8,200
2259,409269,99.31666666666685,0.0,10.69,0,14,200
2260,409469,93.91500000000003,0.040000000000000036,10.815,0,9,200
2261,409669,92.95666666666669,0.030000000000000027,11.05,0,10,200
2262,409869,99.92666666666675,0.020000000000000018,10.39,0,12,200
2263,410069,93.59000000000006,0.040000000000000036,10.71,0,10,200
2264,410269,89.33833333333342,0.04500000000000004,11.135,0,9,200
2265,410469,88.35833333333335,0.06999999999999995,11.015,0,5,200
2266,410669,75.76833333333332,0.135,10.835,0,7,200
2267,410869,96.26500000000013,0.03500000000000003,10.875,0,7,200
2268,411069,81.34666666666675,0.08499999999999996,11.2,0,8,200
2269,411269,98.39500000000005,0.0,11.145,0,11,200
2270,411469,101.47000000000014,0.0,10.83,0,9,200
2271,411669,98.2783333333334,0.015000000000000013,10.895,0,11,200
2272,411869,70.65333333333328,0.18000000000000005,9.74,0,19,200
2273,412069,92.64666666666666,0.050000000000000044,10.9,0,7,200
2274,412269,100.41000000000004,0.0,10.95,0,8,200
2275,412469,77.34333333333338,0.08999999999999997,11.21,0,13,200
2276,412669,99.64000000000011,0.0,10.89,0,12,200
2277,412869,59.01999999999996,0.19999999999999996,11.13,0,10,200
2278,413069,76.83833333333331,0.13,10.985,0,5,200
2279,413269,99.49833333333322,0.0,11.195,0,7,200
2280,413469,94.10500000000008,0.0050000000000000044,11.055,0,15,200
2281,413669,93.57500000000006,0.010000000000000009,11.205,0,12,200
2282,413869,70.76000000000012,0.11499999999999999,11.25,0,14,200
2283,414069,97.14000000000007,0.0,11.07,0,12,200
2284,414269,102.01500000000017,0.0,10.725,0,10,200
2285,414469,100.89833333333354,0.0050000000000000044,10.985,0,5,200
2286,414669,77.77833333333342,0.10999999999999999,11.135,0,7,200
2287,414869,101.36333333333336,0.0,11.09,0,6,200
2288,415069,103.29500000000006,0.0,10.965,0,5,200
2289,415269,84.81000000000013,0.06499999999999995,11.46,0,4,200
2290,415469,99.06000000000012,0.0,10.95,0,12,200
2291,415669,101.70166666666675,0.0,11.065,0,8,200
2292,415869,82.0816666666666,0.08999999999999997,10.525,0,19,200
2293,416069,95.88166666666686,0.015000000000000013,11.185,0,9,200
2294,416269,96.18000000000009,0.0050000000000000044,11.13,0,14,200
2295,416469,100.4933333333334,0.0050000000000000044,11.09,0,7,200
2296,416669,82.19333333333341,0.06000000000000005,11.36,0,11,200
2297,416869,101.12,0.0,11.28,0,3,200
2298,417069,102.38500000000019,0.0,10.755,0,10,200
2299,417269,101.72833333333351,0.0050000000000000044,11.075,0,6,200
2300,417469,101.96166666666687,0.0,11.125,0,6,200
2301,417669,102.27666666666677,0.0,11.14,0,5,200
2302,417869,95.17333333333355,0.030000000000000027,11.15,0,7,200
2303,418069,79.25666666666672,0.10499999999999998,11.11,0,8,200
2304,418269,100.36166666666678,0.015000000000000013,11.065,0,4,200
2305,418469,93.96500000000002,0.040000000000000036,10.995,0,8,200
2306,418669,99.78499999999998,0.0,10.845,0,15,200
2307,418869,99.59499999999996,0.0050000000000000044,10.905,0,11,200
2308,419069,100.14833333333328,0.0,10.925,0,11,200
2309,419269,99.42666666666656,0.0050000000000000044,11.02,0,8,200
2310,419469,97.34999999999991,0.0,10.95,0,14,200
2311,419669,97.9916666666666,0.0050000000000000044,11.035,0,11,200
2312,419869,84.31333333333345,0.07999999999999996,11.3,0,4,200
2313,420069,92.30999999999997,0.03500000000000003,11.16,0,8,200
2314,420269,83.71999999999987,0.06999999999999995,11.07,0,11,200
2315,420469,104.27000000000021,0.0050000000000000044,10.8,0,5,200
2316,420669,100.56833333333344,0.0,10.895,0,11,200
2317,420869,85.00166666666665,0.06499999999999995,11.155,0,9,200
2318,421069,71.2783333333333,0.17500000000000004,9.815,0,17,200
2319,421269,104.13500000000009,0.0,10.905,0,6,200
2320,421469,98.00833333333334,0.020000000000000018,11.075,0,4,200
2321,421669,97.18333333333344,0.050000000000000044,10.64,0,5,200
2322,421869,95.01499999999992,0.0050000000000000044,11.325,0,10,200
2323,422069,91.57000000000018,0.040000000000000036,11.25,0,5,200
2324,422269,85.11833333333335,0.06000000000000005,11.165,0,12,200
2325,422469,89.27666666666684,0.05500000000000005,11.11,0,8,200
2326,422669,95.1283333333334,0.020000000000000018,11.375,0,6,200
2327,422869,97.87166666666673,0.015000000000000013,11.065,0,7,200
2328,423069,97.19000000000005,0.0,10.89,0,15,200
2329,423269,92.85333333333341,0.015000000000000013,11.48,0,8,200
2330,423469,87.01666666666662,0.050000000000000044,11.05,0,12,200
2331,423669,63.794999999999945,0.21499999999999997,9.825,0,17,200
2332,423869,101.97000000000004,0.0,11.01,0,7,200
2333,424069,77.88166666666667,0.125,10.645,0,10,200
2334,424269,93.87833333333339,0.030000000000000027,11.135,0,8,200
2335,424469,95.74499999999995,0.010000000000000009,11.025,0,13,200
2336,424669,97.88166666666673,0.0050000000000000044,11.185,0,7,200
2337,424869,94.60000000000004,0.030000000000000027,11.28,0,5,200
2338,425069,94.32500000000006,0.025000000000000022,11.055,0,10,200
2339,425269,102.34333333333343,0.0,11.3,0,3,200
2340,425469,97.6183333333334,0.0050000000000000044,11.255,0,9,200
2341,425669,101.32000000000005,0.0,11.22,0,5,200
2342,425869,101.38333333333335,0.0,11.12,0,7,200
2343,426069,84.98333333333338,0.06499999999999995,11.3,0,7,200
2344,426269,89.97000000000004,0.03500000000000003,11.16,0,11,200
2345,426469,101.20166666666672,0.0050000000000000044,11.095,0,6,200
2346,426669,84.21999999999996,0.06000000000000005,11.28,0,11,200
2347,426869,95.39500000000005,0.030000000000000027,11.085,0,4,200
2348,427069,99.68666666666675,0.0,11.17,0,8,200
2349,427269,98.84833333333341,0.0050000000000000044,11.075,0,10,200
2350,427469,98.02500000000008,0.010000000000000009,11.175,0,8,200
2351,427669,98.79500000000004,0.020000000000000018,11.145,0,4,200
2352,427869,100.06833333333338,0.0,11.225,0,6,200
2353,428069,65.73833333333327,0.17500000000000004,10.595,0,14,200
2354,428269,91.60166666666673,0.03500000000000003,10.945,0,13,200
2355,428469,98.68000000000002,0.0,11.13,0,10,200
2356,428669,100.01000000000006,0.0,11.19,0,8,200
2357,428869,88.84166666666675,0.03500000000000003,11.365,0,7,200
2358,429069,96.77333333333341,0.030000000000000027,11.12,0,3,200
2359,429269,95.94000000000011,0.010000000000000009,11.28,0,7,200
2360,429469,90.08333333333343,0.04500000000000004,11.24,0,6,200
2361,429669,91.10833333333339,0.04500000000000004,11.105,0,7,200
2362,429869,95.61666666666669,0.0,11.23,0,13,200
2363,430069,84.42333333333333,0.07499999999999996,11.18,0,9,200
2364,430269,91.83666666666669,0.03500000000000003,11.23,0,7,200
2365,430469,78.6783333333334,0.09499999999999997,11.285,0,8,200
2366,430669,101.00833333333335,0.0,11.225,0,4,200
2367,430869,98.27000000000005,0.0,11.19,0,11,200
2368,431069,87.93833333333338,0.06499999999999995,11.195,0,4,200
2369,431269,99.86166666666672,0.0,11.005,0,10,200
2370,431469,78.92833333333336,0.11499999999999999,10.535,0,14,200
2371,431669,99.15666666666675,0.0,11.35,0,3,200
2372,431869,99.55166666666683,0.0,11.395,0,3,200
2373,432069,97.31166666666671,0.0050000000000000044,11.155,0,10,200
2374,432269,85.57833333333345,0.04500000000000004,11.555,0,7,200
2375,432469,87.94333333333329,0.050000000000000044,11.3,0,7,200
2376,432669,83.34666666666678,0.08499999999999996,11.35,0,3,200
2377,432869,98.77000000000008,0.0,11.1,0,9,200
2378,433069,92.685,0.025000000000000022,11.355,0,9,200
2379,433269,92.0150000000001,0.04500000000000004,11.295,0,4,200
2380,433469,89.46833333333338,0.050000000000000044,11.405,0,4,200
2381,433669,102.06666666666673,0.0,11.17,0,4,200
2382,433869,93.70999999999991,0.0050000000000000044,11.31,0,13,200
2383,434069,95.07166666666683,0.015000000000000013,11.305,0,7,200
2384,434269,100.71333333333334,0.0,11.15,0,6,200
2385,434469,73.31333333333332,0.11499999999999999,11.15,0,15,200
2386,434669,92.58500000000011,0.03500000000000003,11.235,0,7,200
2387,434869,80.18333333333341,0.10499999999999998,10.76,0,11,200
2388,435069,97.46999999999981,0.0,11.31,0,9,200
2389,435269,92.59500000000001,0.030000000000000027,10.785,0,16,200
2390,435469,96.66666666666671,0.0,11.32,0,10,200
2391,435669,98.85499999999996,0.0050000000000000044,10.605,0,15,200
2392,435869,99.83666666666673,0.0,11.11,0,7,200
2393,436069,90.28833333333338,0.05500000000000005,11.045,0,6,200
2394,436269,95.02500000000002,0.015000000000000013,11.325,0,7,200
2395,436469,99.28,0.0,11.19,0,7,200
2396,436669,89.66500000000008,0.040000000000000036,11.295,0,7,200
2397,436691,-26.1,0.9545454545454546,5.7272727272727275,1,3,22
2398,436891,98.71166666666677,0.0,11.245,0,7,200
2399,437091,94.59166666666658,0.015000000000000013,11.365,0,8,200
2400,437291,99.33333333333329,0.0,11.15,0,7,200
2401,437491,98.88999999999992,0.0,11.07,0,10,200
2402,437691,91.04666666666675,0.03500000000000003,11.17,0,9,200
2403,437891,79.80833333333337,0.08999999999999997,11.225,0,8,200
2404,438091,102.84666666666686,0.0,11.17,0,2,200
2405,438291,88.5116666666667,0.06499999999999995,11.035,0,7,200
2406,438491,101.2366666666668,0.0,10.96,0,7,200
2407,438691,101.09666666666674,0.0,11.02,0,9,200
2408,438891,102.60666666666681,0.0050000000000000044,10.93,0,6,200
2409,439091,102.9200000000001,0.0,10.77,0,9,200
2410,439291,97.51666666666672,0.020000000000000018,10.93,0,8,200
2411,439491,77.32000000000001,0.09999999999999998,11.19,0,10,200
2412,439691,93.34833333333336,0.020000000000000018,10.985,0,15,200
2413,439891,89.7266666666666,0.030000000000000027,11.14,0,13,200
2414,440091,90.09166666666668,0.040000000000000036,11.245,0,9,200
2415,440291,96.44166666666693,0.020000000000000018,11.365,0,2,200
2416,440491,96.25000000000013,0.025000000000000022,11.07,0,7,200
2417,440691,97.28333333333332,0.020000000000000018,11.09,0,6,200
2418,440891,89.71833333333336,0.050000000000000044,11.315,0,6,200
2419,441091,91.29666666666655,0.03500000000000003,11.23,0,10,200
2420,441291,77.11166666666666,0.12,10.975,0,8,200
2421,441491,96.04499999999992,0.025000000000000022,11.115,0,5,200
2422,441691,95.38166666666659,0.0050000000000000044,11.215,0,11,200
2423,441891,100.23166666666665,0.0,11.065,0,8,200
2424,442091,101.39333333333335,0.0,11.27,0,4,200
2425,442106,-19.153333333333336,0.5333333333333333,5.333333333333333,1,4,15
2426,442306,101.48833333333339,0.0,11.225,0,4,200
2427,442506,103.56833333333334,0.0,11.255,0,2,200
2428,442706,85.11833333333344,0.05500000000000005,11.345,0,9,200
2429,442906,94.21000000000004,0.020000000000000018,11.22,0,10,200
2430,443106,98.81500000000004,0.015000000000000013,11.145,0,5,200
2431,443306,89.50833333333335,0.06999999999999995,10.775,0,8,200
2432,443506,93.54333333333336,0.03500000000000003,11.0,0,8,200
2433,443706,83.79000000000002,0.10499999999999998,10.38,0,12,200
2434,443906,88.00666666666669,0.05500000000000005,11.41,0,7,200
2435,444106,92.17166666666674,0.040000000000000036,11.125,0,9,200
2436,444306,102.4033333333334,0.0,11.03,0,7,200
2437,444506,75.38333333333333,0.125,10.67,0,15,200
2438,444706,101.08166666666672,0.0,11.125,0,8,200
2439,444906,98.93000000000004,0.020000000000000018,11.04,0,5,200
2440,445106,70.38333333333328,0.15500000000000003,10.49,0,16,200
2441,445306,84.44333333333331,0.07499999999999996,11.12,0,9,200
2442,445506,98.26000000000008,0.0,11.13,0,10,200
2443,445706,80.20833333333327,0.125,10.745,0,5,200
2444,445906,99.08333333333339,0.0,11.3,0,9,200
2445,446106,99.30000000000008,0.010000000000000009,11.04,0,6,200
2446,446306,97.85500000000006,0.015000000000000013,11.175,0,7,200
2447,446506,67.23833333333334,0.17000000000000004,10.295,0,18,200
2448,446706,83.7633333333334,0.09499999999999997,11.12,0,4,200
2449,446906,97.99333333333335,0.020000000000000018,11.36,0,2,200
2450,447106,96.76500000000014,0.010000000000000009,11.385,0,5,200
2451,447306,100.69666666666669,0.0,11.23,0,4,200
2452,447506,87.57166666666674,0.06499999999999995,11.215,0,5,200
2453,447706,96.4133333333334,0.020000000000000018,11.3,0,5,200
2454,447906,94.60500000000008,0.0050000000000000044,11.355,0,11,200
2455,448106,102.26833333333335,0.0,11.255,0,4,200
2456,448306,70.51999999999998,0.135,11.34,0,7,200
2457,448506,97.94333333333336,0.020000000000000018,11.12,0,4,200
2458,448706,94.65833333333327,0.030000000000000027,11.135,0,6,200
2459,448906,94.04000000000006,0.025000000000000022,11.07,0,8,200
2460,449106,101.62000000000002,0.0,11.1,0,7,200
2461,449306,92.34166666666668,0.040000000000000036,11.305,0,5,200
2462,449506,94.40166666666674,0.025000000000000022,11.185,0,8,200
2463,449706,98.91666666666669,0.010000000000000009,11.11,0,8,200
2464,449906,82.83500000000005,0.07499999999999996,11.325,0,9,200
2465,450106,100.64833333333343,0.0050000000000000044,11.135,0,6,200
2466,450306,92.59500000000006,0.040000000000000036,11.235,0,6,200
2467,450506,90.77833333333334,0.040000000000000036,11.135,0,11,200
2468,450706,101.72333333333341,0.0050000000000000044,11.06,0,4,200
2469,450906,100.11499999999992,0.0,11.055,0,9,200
2470,451106,96.72000000000003,0.03500000000000003,11.16,0,3,200
2471,451306,92.74166666666669,0.04500000000000004,11.005,0,8,200
2472,451506,76.56333333333328,0.10499999999999998,11.39,0,7,200
2473,451706,98.62166666666674,0.0050000000000000044,11.155,0,8,200
2474,451712,-22.353333333333335,1.0,4.333333333333333,1,2,6
2475,451912,93.03333333333342,0.030000000000000027,11.18,0,9,200
2476,452112,85.51499999999997,0.07499999999999996,10.995,0,9,200
2477,452312,84.35833333333336,0.06499999999999995,11.225,0,13,200
2478,452512,83.35833333333338,0.06999999999999995,10.865,0,15,200
2479,452712,84.40999999999993,0.08499999999999996,10.95,0,6,200
2480,452912,92.55833333333348,0.04500000000000004,11.015,0,5,200
2481,453112,93.90833333333337,0.0,11.195,0,15,200
2482,453312,98.58166666666673,0.0,11.185,0,9,200
2483,453512,92.65500000000017,0.015000000000000013,11.325,0,8,200
2484,453712,87.20500000000004,0.04500000000000004,11.265,0,12,200
2485,453912,87.31333333333338,0.06499999999999995,10.85,0,13,200
2486,454112,97.0233333333334,0.0,11.51,0,7,200
2487,454312,90.6533333333334,0.025000000000000022,11.57,0,6,200
2488,454512,99.25000000000006,0.0,11.46,0,5,200
2489,454712,96.02000000000008,0.0,11.82,0,2,200
2490,454912,98.76666666666668,0.0,11.32,0,9,200
2491,455112,90.67333333333335,0.050000000000000044,11.18,0,5,200
2492,455312,100.18833333333345,0.0,11.045,0,9,200
2493,455512,91.53000000000002,0.06000000000000005,10.89,0,7,200
2494,455712,95.98666666666664,0.015000000000000013,11.38,0,8,200
2495,455912,102.06166666666681,0.0,11.005,0,7,200
2496,456112,100.01000000000005,0.015000000000000013,11.04,0,5,200
2497,456312,97.51833333333323,0.0,11.495,0,7,200
2498,456512,99.55166666666663,0.0,11.305,0,8,200
2499,456712,98.94333333333341,0.010000000000000009,11.21,0,8,200
2500,456912,97.27500000000013,0.020000000000000018,10.995,0,9,200
2501,457112,94.4433333333334,0.03500000000000003,11.0,0,8,200
2502,457312,101.55166666666668,0.0,11.065,0,8,200
2503,457512,92.59666666666665,0.030000000000000027,11.29,0,9,200
2504,457712,96.47333333333331,0.03500000000000003,10.94,0,7,200
2505,457912,91.31000000000009,0.050000000000000044,11.22,0,6,200
2506,458112,100.89000000000013,0.0,11.1,0,8,200
2507,458312,80.58000000000006,0.09999999999999998,11.1,0,9,200
2508,458512,103.23166666666681,0.0,11.005,0,7,200
2509,458712,85.96833333333339,0.06999999999999995,11.225,0,8,200
2510,458912,99.25999999999999,0.0,11.16,0,9,200
2511,459112,101.59500000000006,0.0,11.115,0,7,200
2512,459312,100.85333333333347,0.025000000000000022,10.85,0,4,200
2513,459512,98.93166666666673,0.015000000000000013,10.975,0,9,200
2514,459712,102.53833333333343,0.015000000000000013,10.805,0,6,200
2515,459912,99.78500000000003,0.010000000000000009,11.055,0,8,200
2516,460112,87.18666666666667,0.06999999999999995,11.08,0,7,200
2517,460312,97.59000000000006,0.025000000000000022,11.01,0,6,200
2518,460512,93.30666666666663,0.040000000000000036,11.11,0,7,200
2519,460712,101.18666666666665,0.0,11.02,0,9,200
2520,460912,99.7049999999999,0.0050000000000000044,10.665,0,13,200
2521,461112,93.96000000000001,0.025000000000000022,10.98,0,11,200
2522,461312,93.38333333333304,0.020000000000000018,11.09,0,12,200
2523,461512,88.39999999999986,0.06499999999999995,10.83,0,9,200
2524,461712,101.71333333333341,0.0,11.18,0,5,200
2525,461912,91.86833333333338,0.025000000000000022,11.435,0,9,200
2526,462112,72.00499999999997,0.135,11.385,0,8,200
2527,462312,99.15500000000004,0.0050000000000000044,11.235,0,9,200
2528,462512,93.28333333333339,0.050000000000000044,11.09,0,5,200
2529,462712,80.52833333333335,0.09499999999999997,11.255,0,8,200
2530,462912,92.66833333333341,0.025000000000000022,11.195,0,11,200
2531,463112,98.08500000000002,0.0,11.385,0,7,200
2532,463312,90.67166666666674,0.04500000000000004,11.275,0,7,200
2533,463512,81.67166666666667,0.06999999999999995,11.215,0,15,200
2534,463712,100.30833333333337,0.0050000000000000044,10.925,0,8,200
2535,463912,99.82166666666672,0.0,11.275,0,8,200
2536,464112,89.93000000000004,0.06999999999999995,10.83,0,7,200
2537,464312,80.64333333333333,0.07499999999999996,11.57,0,9,200
2538,464512,71.31333333333333,0.13,11.0,0,15,200
2539,464712,93.07166666666673,0.030000000000000027,11.515,0,4,200
2540,464912,100.33500000000006,0.0,11.175,0,7,200
2541,465112,88.09166666666673,0.050000000000000044,11.455,0,6,200
2542,465312,93.57166666666666,0.04500000000000004,11.155,0,3,200
2543,465512,93.78166666666665,0.010000000000000009,11.575,0,7,200
2544,465712,91.85833333333339,0.020000000000000018,11.225,0,12,200
2545,465912,99.43833333333325,0.0,11.315,0,5,200
2546,466112,79.2366666666667,0.08499999999999996,11.26,0,12,200
2547,466312,92.14500000000008,0.025000000000000022,11.235,0,8,200
2548,466512,97.76166666666676,0.0,11.425,0,7,200
2549,466712,95.53499999999994,0.025000000000000022,10.935,0,12,200
2550,466912,97.06666666666678,0.0050000000000000044,11.35,0,7,200
2551,467112,99.39500000000008,0.0,11.325,0,5,200
2552,467312,94.80500000000006,0.030000000000000027,11.055,0,8,200
2553,467512,103.34000000000013,0.0,10.95,0,5,200
2554,467712,98.70333333333339,0.010000000000000009,11.09,0,9,200
2555,467912,90.60166666666676,0.050000000000000044,11.065,0,5,200
2556,468112,98.81333333333338,0.0,11.24,0,8,200
2557,468312,91.95833333333343,0.020000000000000018,11.615,0,7,200
2558,468512,93.30666666666673,0.015000000000000013,11.71,0,3,200
2559,468712,94.49999999999999,0.020000000000000018,11.52,0,5,200
2560,468912,96.90333333333335,0.0,11.6,0,6,200
2561,469112,97.42333333333337,0.0,11.48,0,7,200
2562,469312,95.54833333333343,0.015000000000000013,11.555,0,3,200
2563,469512,82.82166666666667,0.07999999999999996,11.095,0,11,200
2564,469712,59.158333333333395,0.19499999999999995,11.495,0,4,200
2565,469912,77.47333333333333,0.09999999999999998,11.36,0,9,200
2566,470112,98.35166666666666,0.0,11.635,0,2,200
2567,470312,93.14833333333333,0.030000000000000027,11.675,0,2,200
2568,470512,93.05833333333337,0.04500000000000004,11.225,0,4,200
2569,470712,100.715,0.0,11.535,0,3,200
2570,470912,92.09333333333338,0.03500000000000003,11.57,0,5,200
2571,471112,96.99000000000005,0.0050000000000000044,11.46,0,6,200
2572,471312,65.91333333333334,0.20499999999999996,10.13,0,12,200
2573,471512,101.87,0.0,10.86,0,9,200
2574,471712,92.15500000000009,0.040000000000000036,11.055,0,10,200
2575,471912,92.1783333333333,0.04500000000000004,11.165,0,6,200
2576,472112,98.98333333333338,0.0050000000000000044,11.33,0,6,200
2577,472312,90.99000000000008,0.050000000000000044,11.28,0,4,200
2578,472512,90.19999999999996,0.05500000000000005,11.1,0,7,200
2579,472712,76.515,0.10999999999999999,11.325,0,7,200
2580,472912,74.31333333333333,0.14500000000000002,10.55,0,9,200
2581,473112,94.33666666666664,0.0050000000000000044,11.35,0,12,200
2582,473312,97.33166666666652,0.0,11.515,0,6,200
2583,473512,91.1583333333332,0.015000000000000013,11.435,0,13,200
2584,473712,92.15999999999997,0.015000000000000013,11.37,0,9,200
2585,473912,95.09666666666679,0.010000000000000009,11.38,0,5,200
2586,474112,102.76000000000008,0.0,10.68,0,10,200
2587,474312,95.11666666666675,0.0050000000000000044,10.09,0,26,200
2588,474512,95.2116666666668,0.015000000000000013,10.915,0,11,200
2589,474712,92.57166666666666,0.0050000000000000044,11.065,0,17,200
2590,474912,73.13333333333331,0.10999999999999999,10.7,0,23,200
2591,475112,98.26166666666686,0.0,11.335,0,5,200
2592,475312,99.00500000000001,0.0,11.115,0,9,200
2593,475512,98.60166666666667,0.0,11.155,0,7,200
2594,475712,86.83333333333331,0.03500000000000003,11.48,0,8,200
2595,475912,97.12500000000001,0.0,11.835,0,2,200
2596,476112,92.95333333333336,0.0,11.57,0,13,200
2597,476312,94.34166666666675,0.040000000000000036,11.215,0,4,200
2598,476512,98.40000000000012,0.010000000000000009,11.34,0,3,200
2599,476712,81.65000000000013,0.11499999999999999,10.53,0,9,200
2600,476912,98.95833333333336,0.0050000000000000044,11.315,0,2,200
2601,477112,86.28666666666685,0.06499999999999995,11.32,0,6,200
2602,477312,87.72000000000017,0.050000000000000044,11.52,0,7,200
2603,477512,103.18000000000013,0.0,11.37,0,2,200
2604,477712,95.59666666666679,0.010000000000000009,11.32,0,8,200
2605,477912,81.62333333333329,0.06999999999999995,11.21,0,11,200
2606,478112,97.325,0.0,11.025,0,15,200
2607,478312,95.50666666666673,0.010000000000000009,10.84,0,12,200
2608,478512,81.06333333333346,0.09499999999999997,10.64,0,14,200
2609,478712,97.89333333333326,0.0,11.18,0,10,200
2610,478912,101.01833333333327,0.0,10.985,0,9,200
2611,479112,98.19999999999997,0.0,11.19,0,9,200
2612,479312,94.99000000000001,0.025000000000000022,11.13,0,7,200
2613,479512,103.09333333333319,0.0,10.82,0,7,200
2614,479712,100.0983333333335,0.010000000000000009,11.105,0,6,200
2615,479912,97.01500000000016,0.03500000000000003,11.115,0,3,200
2616,480112,104.06166666666671,0.0,10.975,0,5,200
2617,480312,73.62000000000002,0.14500000000000002,11.16,0,4,200
2618,480512,102.0016666666667,0.0,11.275,0,4,200
2619,480712,99.70000000000009,0.0,10.98,0,9,200
2620,480912,100.90499999999999,0.0,11.325,0,4,200
2621,481112,100.76833333333333,0.0,11.285,0,5,200
2622,481312,98.55000000000013,0.0,11.46,0,5,200
2623,481512,99.81999999999996,0.0,11.4,0,7,200
2624,481712,102.55500000000006,0.0,11.055,0,6,200
2625,481912,101.92666666666672,0.0,11.32,0,3,200
2626,482112,91.60333333333338,0.030000000000000027,11.36,0,8,200
2627,482312,98.60999999999996,0.0,11.31,0,9,200
2628,482512,95.17166666666678,0.020000000000000018,11.275,0,7,200
2629,482712,92.86000000000008,0.03500000000000003,11.43,0,5,200
2630,482912,101.95333333333333,0.0,11.18,0,4,200
2631,483112,73.85833333333333,0.10499999999999998,11.075,0,16,200
2632,483312,92.17000000000019,0.010000000000000009,11.58,0,8,200
2633,483512,99.84333333333333,0.0,11.36,0,5,200
2634,483712,91.91166666666666,0.03500000000000003,11.245,0,9,200
2635,483912,100.89833333333338,0.0,11.075,0,8,200
2636,484112,99.81833333333343,0.0050000000000000044,11.255,0,3,200
2637,484312,78.00666666666663,0.11499999999999999,11.02,0,8,200
2638,484512,102.13166666666676,0.0050000000000000044,11.275,0,2,200
2639,484712,98.41499999999994,0.0,11.295,0,9,200
2640,484912,100.96666666666657,0.0,11.26,0,6,200
2641,485112,88.25333333333342,0.050000000000000044,11.09,0,10,200
2642,485312,92.37166666666668,0.040000000000000036,11.155,0,8,200
2643,485512,99.23500000000007,0.0,11.265,0,10,200
2644,485712,93.95833333333336,0.015000000000000013,11.495,0,8,200
2645,485912,84.63166666666672,0.06000000000000005,11.305,0,10,200
2646,486112,99.03333333333339,0.0050000000000000044,11.21,0,6,200
2647,486312,101.08333333333341,0.0,11.42,0,3,200
2648,486512,98.30500000000006,0.010000000000000009,11.355,0,4,200
2649,486712,87.99499999999995,0.050000000000000044,11.175,0,10,200
2650,486912,93.2533333333334,0.020000000000000018,11.42,0,7,200
2651,487112,83.5016666666667,0.07499999999999996,11.275,0,8,200
2652,487312,99.02833333333331,0.0,11.075,0,12,200
2653,487333,-25.991666666666667,0.9523809523809523,6.0476190476190474,1,3,21
2654,487533,100.11833333333321,0.0,11.195,0,6,200
2655,487733,100.24666666666678,0.0,11.29,0,5,200
2656,487933,98.58833333333335,0.0,11.045,0,13,200
2657,488133,100.87500000000011,0.0050000000000000044,11.145,0,5,200
2658,488333,101.96166666666664,0.0,11.155,0,7,200
2659,488533,96.78500000000008,0.030000000000000027,11.235,0,2,200
2660,488733,98.12333333333345,0.0,11.39,0,8,200
2661,488933,88.49833333333336,0.08499999999999996,10.895,0,3,200
2662,489133,96.48833333333336,0.0,11.465,0,9,200
2663,489333,99.33833333333317,0.0,11.255,0,6,200
2664,489533,96.71666666666664,0.0,11.35,0,8,200
2665,489733,77.8,0.09499999999999997,11.19,0,12,200
2666,489933,99.60333333333334,0.0050000000000000044,11.21,0,6,200
2667,490133,98.165,0.0050000000000000044,11.325,0,6,200
2668,490333,97.22499999999997,0.010000000000000009,11.325,0,8,200
2669,490533,99.61666666666673,0.0,11.26,0,7,200
2670,490733,98.13999999999999,0.0050000000000000044,11.61,0,3,200
2671,490933,97.40666666666672,0.010000000000000009,11.74,0,2,200
2672,491133,102.04333333333332,0.0,11.24,0,4,200
2673,491333,93.4383333333335,0.03500000000000003,11.465,0,1,200
2674,491533,100.57333333333332,0.0,11.24,0,6,200
2675,491733,80.27000000000008,0.07999999999999996,11.43,0,8,200
2676,491933,99.14000000000009,0.0,11.25,0,7,200
2677,492133,102.2016666666668,0.0,11.365,0,1,200
2678,492333,96.18500000000007,0.0050000000000000044,11.385,0,7,200
2679,492533,93.95500000000011,0.025000000000000022,11.415,0,4,200
2680,492733,96.77166666666675,0.0,11.455,0,9,200
2681,492933,100.32166666666669,0.0,11.365,0,5,200
2682,493133,72.18333333333347,0.15500000000000003,11.0,0,3,200
2683,493333,98.10000000000005,0.0050000000000000044,11.22,0,10,200
2684,493533,97.87666666666681,0.0,11.41,0,7,200
2685,493733,76.93499999999999,0.11499999999999999,11.235,0,7,200
2686,493933,96.60166666666676,0.020000000000000018,11.125,0,8,200
2687,494133,100.39833333333334,0.0,11.225,0,9,200
2688,494333,70.63833333333332,0.14500000000000002,11.465,0,5,200
2689,494533,95.26666666666674,0.010000000000000009,11.26,0,9,200
2690,494733,99.52333333333338,0.010000000000000009,11.15,0,7,200
2691,494933,94.10666666666675,0.020000000000000018,11.32,0,6,200
2692,495133,86.80000000000021,0.04500000000000004,11.31,0,7,200
2693,495333,100.1716666666667,0.0,11.365,0,5,200
2694,495533,98.17666666666672,0.010000000000000009,11.23,0,5,200
2695,495733,98.7016666666668,0.0,11.485,0,3,200
2696,495933,100.59833333333337,0.0,11.285,0,3,200
2697,496133,100.26666666666681,0.0,11.35,0,2,200
2698,496333,96.85333333333345,0.010000000000000009,11.24,0,6,200
2699,496533,100.4433333333334,0.0,11.36,0,3,200
2700,496733,102.3766666666668,0.0,10.96,0,6,200
2701,496933,99.9583333333333,0.0,10.865,0,14,200
2702,497133,102.13666666666668,0.0,10.99,0,6,200
2703,497333,99.17166666666672,0.0,11.245,0,7,200
2704,497533,96.02833333333345,0.030000000000000027,11.225,0,4,200
2705,497733,99.05000000000011,0.0,11.37,0,5,200
2706,497933,98.80833333333338,0.0,11.285,0,8,200
2707,498133,79.82000000000009,0.10999999999999999,10.68,0,11,200
2708,498333,101.63500000000008,0.0,11.265,0,4,200
2709,498533,81.64166666666664,0.09499999999999997,10.945,0,8,200
2710,498733,98.25666666666675,0.010000000000000009,11.29,0,5,200
2711,498933,91.07666666666675,0.030000000000000027,10.93,0,12,200
2712,499133,98.79333333333338,0.010000000000000009,11.18,0,7,200
2713,499333,71.29833333333329,0.15500000000000003,10.175,0,17,200
2714,499533,100.5166666666667,0.010000000000000009,11.08,0,6,200
2715,499733,79.04833333333337,0.14,10.205,0,9,200
2716,499933,89.28333333333337,0.04500000000000004,10.79,0,13,200
2717,500133,83.6533333333333,0.07499999999999996,11.27,0,6,200
2718,500333,101.62333333333338,0.0,11.12,0,7,200
2719,500533,103.7483333333334,0.0,11.225,0,2,200
2720,500733,102.6816666666667,0.0,11.185,0,4,200
2721,500933,102.75333333333339,0.0,11.21,0,3,200
2722,501133,96.26833333333339,0.015000000000000013,11.225,0,7,200
2723,501333,95.68166666666677,0.010000000000000009,11.395,0,8,200
2724,501533,101.73666666666675,0.0,11.02,0,9,200
2725,501733,95.09333333333332,0.010000000000000009,11.36,0,8,200
2726,501933,101.59833333333337,0.0050000000000000044,11.285,0,2,200
2727,502133,93.86500000000012,0.03500000000000003,11.325,0,4,200
2728,502333,99.03500000000001,0.0,11.175,0,11,200
2729,502533,67.45999999999994,0.15000000000000002,11.04,0,14,200
2730,502733,99.04500000000014,0.0,11.265,0,8,200
2731,502933,102.25500000000002,0.0,11.205,0,4,200
2732,503133,95.14000000000007,0.020000000000000018,11.28,0,7,200
2733,503333,101.0066666666667,0.0,11.2,0,6,200
2734,503533,93.28833333333344,0.030000000000000027,11.315,0,7,200
2735,503733,100.27500000000005,0.010000000000000009,11.115,0,5,200
2736,503933,99.08000000000003,0.0,11.19,0,9,200
2737,504133,100.70833333333337,0.0,11.255,0,6,200
2738,504333,100.26833333333335,0.0,11.255,0,7,200
2739,504533,99.38000000000002,0.0,11.25,0,8,200
2740,504733,101.54500000000009,0.0,10.905,0,10,200
2741,504933,98.26166666666673,0.025000000000000022,11.305,0,1,200
2742,505133,91.39333333333337,0.04500000000000004,11.24,0,7,200
2743,505333,92.12000000000013,0.04500000000000004,11.19,0,5,200
2744,505533,92.6216666666667,0.03500000000000003,11.335,0,6,200
2745,505733,93.72500000000005,0.020000000000000018,11.505,0,3,200
2746,505933,87.56666666666672,0.05500000000000005,11.26,0,8,200
2747,506133,89.85666666666664,0.05500000000000005,11.32,0,4,200
2748,506167,-25.465,0.8235294117647058,5.911764705882353,1,5,34
2749,506367,94.61333333333334,0.020000000000000018,11.27,0,8,200
2750,506567,103.32666666666672,0.0,11.29,0,2,200
2751,506767,98.19833333333337,0.015000000000000013,11.195,0,6,200
2752,506967,97.50833333333335,0.010000000000000009,11.435,0,5,200
2753,507167,85.63666666666668,0.05500000000000005,11.23,0,12,200
2754,507367,95.22833333333345,0.015000000000000013,11.495,0,5,200
2755,507567,100.88500000000003,0.0,11.505,0,3,200
2756,507767,75.43166666666669,0.11499999999999999,11.455,0,5,200
2757,507967,99.62833333333339,0.0,11.285,0,7,200
2758,508167,92.8166666666667,0.020000000000000018,11.41,0,10,200
2759,508367,98.65833333333337,0.0,11.105,0,12,200
2760,508567,99.95333333333329,0.0,11.3,0,7,200
2761,508767,91.93166666666673,0.040000000000000036,11.485,0,4,200
2762,508967,101.00500000000005,0.0,11.625,0,1,200
2763,509167,93.07500000000002,0.03500000000000003,11.385,0,5,200
2764,509367,102.15500000000009,0.0,11.265,0,4,200
2765,509567,90.37166666666668,0.040000000000000036,11.425,0,8,200
2766,509767,98.58666666666669,0.010000000000000009,11.14,0,7,200
2767,509967,102.52666666666656,0.0,11.14,0,5,200
2768,510167,103.105,0.0,10.995,0,6,200
2769,510367,94.21000000000005,0.03500000000000003,11.34,0,4,200
2770,510567,93.67666666666656,0.015000000000000013,11.41,0,10,200
2771,510767,98.02833333333335,0.0,11.435,0,7,200
2772,510967,97.50666666666655,0.0,11.38,0,7,200
2773,511167,101.5533333333334,0.010000000000000009,10.97,0,5,200
2774,511367,100.51000000000005,0.0,11.34,0,5,200
2775,511567,102.86833333333338,0.0,11.255,0,3,200
2776,511767,88.67999999999998,0.07999999999999996,10.8,0,7,200
2777,511967,101.34666666666678,0.0,11.29,0,5,200
2778,512167,84.6433333333333,0.08999999999999997,10.76,0,10,200
2779,512367,89.89500000000004,0.05500000000000005,11.235,0,6,200
2780,512567,103.99833333333352,0.0050000000000000044,10.985,0,3,200
2781,512767,100.54833333333339,0.0,11.075,0,7,200
2782,512967,106.18166666666693,0.0,10.825,0,4,200
2783,513167,101.95833333333344,0.0,11.165,0,4,200
2784,513367,78.615,0.08999999999999997,11.055,0,17,200
2785,513567,75.57666666666668,0.15000000000000002,10.54,0,8,200
2786,513767,102.9183333333334,0.0,11.045,0,5,200
2787,513967,102.32500000000019,0.0050000000000000044,11.115,0,5,200
2788,514167,92.5933333333334,0.025000000000000022,11.3,0,8,200
2789,514367,103.47666666666677,0.0,10.99,0,7,200
2790,514567,93.94333333333348,0.030000000000000027,11.18,0,5,200
2791,514767,102.03833333333348,0.0,10.895,0,8,200
2792,514967,99.21000000000012,0.0,11.1,0,9,200
2793,515167,80.56166666666684,0.07999999999999996,11.365,0,9,200
2794,515367,77.91999999999997,0.135,10.44,0,10,200
2795,515567,103.95333333333342,0.0,10.94,0,6,200
2796,515767,100.18833333333349,0.010000000000000009,11.015,0,5,200
2797,515967,102.34666666666682,0.0,11.17,0,2,200
2798,516167,105.11833333333355,0.0,10.925,0,3,200
2799,516367,70.37166666666664,0.19499999999999995,10.195,0,7,200
2800,516567,100.09500000000033,0.0,11.085,0,9,200
2801,516767,92.8150000000001,0.040000000000000036,11.325,0,5,200
2802,516967,94.12833333333346,0.030000000000000027,11.165,0,6,200
2803,517167,90.79833333333342,0.04500000000000004,10.955,0,8,200
2804,517367,79.67833333333344,0.10499999999999998,11.285,0,4,200
2805,517567,98.79333333333342,0.015000000000000013,10.88,0,8,200
2806,517767,96.71833333333328,0.010000000000000009,11.285,0,7,200
2807,517967,82.81833333333343,0.10999999999999999,10.415,0,10,200
2808,518167,99.01333333333334,0.0050000000000000044,11.15,0,8,200
2809,518367,91.41666666666654,0.04500000000000004,10.75,0,11,200
2810,518567,87.6300000000001,0.06000000000000005,11.13,0,10,200
2811,518767,82.8516666666668,0.10499999999999998,10.375,0,14,200
2812,518967,99.60166666666682,0.010000000000000009,11.095,0,8,200
2813,519167,102.0466666666668,0.010000000000000009,11.02,0,4,200
2814,519367,101.32666666666661,0.0,11.05,0,7,200
2815,519567,87.45666666666668,0.06000000000000005,11.11,0,10,200
2816,519767,101.24499999999975,0.0,11.205,0,5,200
2817,519967,104.1716666666667,0.0,10.885,0,6,200
2818,520167,61.62999999999988,0.20999999999999996,10.5,0,12,200
2819,520367,101.33000000000013,0.0050000000000000044,11.22,0,4,200
2820,520567,96.42833333333337,0.020000000000000018,10.895,0,11,200
2821,520767,103.35166666666687,0.0,10.975,0,5,200
2822,520967,87.86000000000011,0.09999999999999998,10.41,0,7,200
2823,521167,70.39666666666663,0.16000000000000003,11.14,0,3,200
2824,521179,-23.958333333333336,1.0,5.416666666666667,1,2,12
2825,521379,102.5916666666668,0.0,10.975,0,9,200
2826,521579,100.16000000000003,0.0,11.04,0,9,200
2827,521779,99.46833333333346,0.015000000000000013,11.075,0,7,200
2828,521979,97.09333333333342,0.03500000000000003,10.97,0,5,200
2829,522179,101.93,0.010000000000000009,11.01,0,3,200
2830,522379,73.66499999999998,0.15000000000000002,10.815,0,7,200
2831,522579,91.97000000000008,0.050000000000000044,11.04,0,7,200
2832,522779,102.36000000000017,0.0,11.01,0,7,200
2833,522979,89.77833333333346,0.06499999999999995,10.865,0,7,200
2834,523179,89.45833333333347,0.06999999999999995,11.045,0,4,200
2835,523379,106.22666666666682,0.0050000000000000044,10.81,0,3,200
2836,523579,72.74833333333328,0.15000000000000002,11.015,0,6,200
2837,523779,99.7883333333334,0.0,10.925,0,11,200
2838,523979,97.60999999999987,0.015000000000000013,11.22,0,4,200
2839,524179,80.2883333333333,0.10999999999999999,10.385,0,16,200
2840,524379,93.88166666666665,0.03500000000000003,11.065,0,7,200
2841,524579,81.88166666666666,0.125,10.345,0,10,200
2842,524779,99.40333333333349,0.0,11.12,0,10,200
2843,524979,95.89333333333349,0.025000000000000022,11.15,0,6,200
2844,525179,92.24166666666673,0.050000000000000044,10.885,0,9,200
2845,525379,101.70666666666685,0.030000000000000027,10.72,0,4,200
2846,525579,93.76166666666677,0.050000000000000044,10.885,0,7,200
2847,525779,86.22000000000003,0.08499999999999996,10.77,0,9,200
2848,525979,96.90666666666668,0.040000000000000036,10.81,0,5,200
2849,526179,70.65166666666657,0.18500000000000005,9.805,0,16,200
2850,526379,94.7516666666667,0.03500000000000003,11.035,0,7,200
2851,526579,106.27166666666675,0.0,10.945,0,2,200
2852,526779,88.06499999999997,0.08499999999999996,10.845,0,4,200
2853,526979,92.64500000000008,0.05500000000000005,10.815,0,7,200
2854,527179,87.92166666666671,0.06499999999999995,10.975,0,9,200
2855,527379,102.51333333333328,0.0,10.79,0,8,200
2856,527579,98.85166666666682,0.0050000000000000044,11.065,0,7,200
2857,527779,91.91166666666665,0.03500000000000003,11.185,0,7,200
2858,527979,95.1166666666668,0.015000000000000013,11.17,0,11,200
2859,528179,89.8933333333334,0.04500000000000004,11.36,0,6,200
2860,528379,90.92666666666665,0.010000000000000009,11.5,0,14,200
2861,528579,99.64666666666673,0.020000000000000018,11.08,0,4,200
2862,528779,72.72833333333337,0.135,11.015,0,7,200
2863,528979,81.64166666666677,0.07999999999999996,11.185,0,11,200
2864,529179,99.23666666666654,0.0,11.05,0,10,200
2865,529379,98.54000000000003,0.0050000000000000044,11.64,0,2,200
2866,529579,91.83166666666669,0.015000000000000013,11.605,0,10,200
2867,529779,92.395,0.050000000000000044,11.115,0,6,200
2868,529979,100.85500000000005,0.0050000000000000044,11.565,0,0,200
2869,530179,96.16333333333333,0.0,11.69,0,5,200
2870,530379,96.28,0.020000000000000018,11.61,0,3,200
2871,530579,81.50333333333329,0.08999999999999997,11.39,0,4,200
2872,530779,100.39333333333332,0.010000000000000009,11.24,0,4,200
2873,530979,101.48166666666668,0.0,11.665,0,1,200
2874,531179,87.98666666666674,0.06499999999999995,11.35,0,3,200
2875,531379,100.1166666666669,0.0,11.41,0,4,200
2876,531579,95.77000000000015,0.0,11.13,0,16,200
2877,531779,94.85333333333334,0.025000000000000022,11.54,0,3,200
2878,531979,94.13666666666666,0.015000000000000013,11.77,0,4,200
2879,532179,99.1066666666667,0.0,11.26,0,8,200
2880,532379,101.21333333333342,0.0,11.6,0,0,200
2881,532579,98.88333333333334,0.0,11.75,0,2,200
2882,532779,102.69166666666692,0.0,11.335,0,2,200
2883,532979,98.85666666666671,0.020000000000000018,10.96,0,8,200
2884,533179,97.42333333333347,0.020000000000000018,11.21,0,5,200
2885,533379,103.69333333333337,0.0,10.79,0,9,200
2886,533403,-21.986666666666668,0.7916666666666666,6.166666666666667,1,1,24
2887,533603,103.6316666666668,0.0,10.975,0,4,200
2888,533803,94.78833333333333,0.040000000000000036,11.285,0,0,200
2889,534003,77.81833333333331,0.10499999999999998,11.345,0,4,200
2890,534203,104.66500000000003,0.0,11.115,0,3,200
2891,534403,98.29666666666687,0.020000000000000018,11.14,0,5,200
2892,534603,100.27166666666679,0.0,11.185,0,8,200
2893,534803,104.5233333333335,0.0,11.21,0,0,200
2894,535003,101.96500000000005,0.0,11.145,0,6,200
2895,535203,94.37833333333298,0.05500000000000005,10.865,0,4,200
2896,535403,101.56500000000014,0.0,11.265,0,5,200
2897,535603,94.61333333333327,0.030000000000000027,11.15,0,6,200
2898,535803,93.40500000000006,0.050000000000000044,11.085,0,3,200
2899,536003,93.7033333333334,0.040000000000000036,10.85,0,9,200
2900,536203,103.22666666666662,0.0,10.96,0,5,200
2901,536403,99.1850000000001,0.015000000000000013,11.175,0,4,200
2902,536603,91.75166666666674,0.040000000000000036,11.395,0,5,200
2903,536803,85.44,0.08999999999999997,10.95,0,5,200
2904,537003,90.57166666666674,0.05500000000000005,11.275,0,3,200
2905,537203,101.07166666666677,0.015000000000000013,11.095,0,4,200
2906,537403,97.08666666666672,0.0050000000000000044,11.44,0,8,200
2907,537603,100.22333333333343,0.0,11.42,0,3,200
2908,537803,102.78833333333337,0.0,11.135,0,2,200
2909,538003,101.27333333333343,0.0,11.36,0,4,200
2910,538203,91.62833333333329,0.040000000000000036,11.315,0,6,200
2911,538403,89.30333333333333,0.04500000000000004,11.39,0,6,200
2912,538603,101.21666666666673,0.0,11.26,0,5,200
2913,538803,90.07,0.03500000000000003,11.52,0,5,200
2914,539003,83.28666666666673,0.06999999999999995,11.23,0,10,200
2915,539203,97.18833333333343,0.010000000000000009,11.315,0,5,200
2916,539403,89.83666666666664,0.05500000000000005,10.93,0,10,200
2917,539603,100.16166666666666,0.0,11.245,0,5,200
2918,539803,92.94000000000003,0.025000000000000022,11.4,0,8,200
2919,540003,93.04500000000014,0.0050000000000000044,11.415,0,11,200
2920,540203,98.65000000000015,0.0,11.34,0,4,200
2921,540403,82.545,0.10499999999999998,11.145,0,2,200
2922,540603,100.03666666666675,0.0,11.2,0,6,200
2923,540803,99.72666666666674,0.0,11.32,0,6,200
2924,541003,88.01666666666675,0.07499999999999996,11.11,0,2,200
2925,541203,104.75166666666675,0.0,11.155,0,1,200
2926,541403,94.31666666666679,0.015000000000000013,11.5,0,5,200
2927,541603,96.9033333333335,0.0050000000000000044,11.39,0,7,200
2928,541803,100.56333333333343,0.0,11.42,0,2,200
2929,542003,71.52000000000005,0.12,11.52,0,8,200
2930,542203,95.47166666666676,0.020000000000000018,11.275,0,5,200
2931,542403,96.26666666666671,0.015000000000000013,11.62,0,3,200
2932,542603,100.335,0.0,11.835,0,0,200
2933,542803,68.82000000000006,0.17500000000000004,10.86,0,4,200
2934,543003,97.3316666666668,0.0,11.485,0,4,200
2935,543203,79.26000000000003,0.08999999999999997,11.49,0,4,200
2936,543403,86.8883333333333,0.06499999999999995,11.195,0,5,200
2937,543603,99.95333333333338,0.0050000000000000044,11.3,0,5,200
2938,543803,93.66166666666678,0.03500000000000003,11.275,0,5,200
2939,544003,97.97500000000011,0.020000000000000018,11.175,0,4,200
2940,544203,92.18500000000002,0.03500000000000003,11.115,0,9,200
2941,544403,88.8083333333334,0.030000000000000027,11.255,0,14,200
2942,544603,92.76999999999987,0.010000000000000009,10.98,0,19,200
2943,544803,100.82666666666677,0.0,11.11,0,7,200
2944,545003,99.55500000000006,0.015000000000000013,11.385,0,1,200
2945,545203,103.32000000000015,0.0,11.04,0,5,200
2946,545403,100.48833333333349,0.020000000000000018,10.895,0,4,200
2947,545603,81.74833333333338,0.10499999999999998,11.105,0,4,200
2948,545803,101.62166666666684,0.0,11.185,0,5,200
2949,546003,99.85833333333345,0.015000000000000013,11.195,0,5,200
2950,546203,100.70833333333343,0.010000000000000009,11.165,0,4,200
2951,546403,101.03500000000003,0.010000000000000009,11.205,0,2,200
2952,546603,80.44500000000008,0.10499999999999998,11.145,0,5,200
2953,546803,99.51833333333352,0.020000000000000018,10.985,0,4,200
2954,547003,91.83166666666676,0.025000000000000022,11.515,0,7,200
2955,547203,89.8216666666668,0.030000000000000027,11.335,0,7,200
2956,547403,90.06000000000012,0.05500000000000005,11.01,0,6,200
2957,547603,94.44666666666679,0.030000000000000027,11.11,0,5,200
2958,547803,103.35500000000009,0.0,11.085,0,3,200
2959,548003,102.62333333333343,0.0,11.24,0,3,200
2960,548203,104.06333333333342,0.0,11.3,0,1,200
2961,548403,97.8083333333334,0.020000000000000018,11.195,0,5,200
2962,548603,86.81500000000007,0.06999999999999995,11.265,0,5,200
2963,548803,100.53500000000004,0.0050000000000000044,11.145,0,6,200
2964,549003,99.61833333333334,0.0,11.705,0,2,200
2965,549203,100.05500000000005,0.0,11.475,0,4,200
2966,549403,90.07833333333335,0.06000000000000005,11.525,0,1,200
2967,549603,97.40833333333333,0.0050000000000000044,11.555,0,6,200
2968,549803,98.00000000000003,0.025000000000000022,11.4,0,1,200
2969,550003,100.53666666666668,0.010000000000000009,11.08,0,5,200
2970,550203,101.36000000000006,0.0,11.58,0,1,200
2971,550403,96.43333333333335,0.0,11.54,0,11,200
2972,550603,98.39666666666668,0.0,11.68,0,5,200
2973,550803,97.54833333333333,0.010000000000000009,11.585,0,4,200
2974,551003,100.66333333333338,0.0,11.72,0,1,200
2975,551203,82.22833333333321,0.05500000000000005,11.255,0,16,200
2976,551403,99.32666666666677,0.0,11.02,0,10,200
2977,551603,97.67500000000005,0.0,11.325,0,9,200
2978,551803,88.73666666666671,0.04500000000000004,11.68,0,5,200
2979,552003,96.90499999999996,0.0,11.535,0,8,200
2980,552203,89.6216666666667,0.07999999999999996,10.915,0,3,200
2981,552403,99.55333333333336,0.0,11.75,0,1,200
2982,552603,88.56500000000005,0.050000000000000044,11.385,0,6,200
2983,552803,98.14500000000002,0.0,11.685,0,5,200
2984,553003,75.02,0.135,11.19,0,5,200
2985,553203,94.21833333333338,0.030000000000000027,11.555,0,4,200
2986,553403,97.22333333333337,0.010000000000000009,11.6,0,5,200
2987,553603,94.76500000000017,0.015000000000000013,11.475,0,6,200
2988,553803,71.09500000000003,0.125,11.175,0,15,200
2989,554003,96.72166666666668,0.0,11.275,0,13,200
2990,554203,98.29166666666676,0.03500000000000003,10.795,0,5,200
2991,554403,85.26833333333346,0.06499999999999995,11.285,0,7,200
2992,554603,91.71999999999993,0.04500000000000004,11.28,0,7,200
2993,554803,95.00333333333349,0.015000000000000013,11.51,0,5,200
2994,555003,90.0700000000001,0.040000000000000036,11.37,0,7,200
2995,555203,95.19166666666663,0.03500000000000003,10.885,0,8,200
2996,555403,96.79499999999999,0.025000000000000022,11.115,0,5,200
2997,555603,99.11666666666666,0.0,11.68,0,3,200
2998,555803,84.59500000000001,0.06999999999999995,11.475,0,7,200
2999,556003,99.52166666666669,0.0,11.695,0,3,200
