episode,timestep,reward,sla_violation,mean_replicas,crashes,flapping_incidents,length
0,96,-9.085,0.5729166666666667,5.53125,0,39,96
1,192,39.111666666666686,0.11458333333333337,6.052083333333333,0,29,96
2,233,-23.263333333333332,0.6585365853658536,3.4146341463414633,1,15,41
3,247,-23.17833333333333,0.8571428571428572,3.357142857142857,1,4,14
4,343,14.531666666666668,0.3125,5.614583333333333,0,40,96
5,439,-21.265,0.5625,5.96875,1,25,96
6,451,-19.17,0.6666666666666667,2.5,1,2,12
7,547,29.75166666666667,0.13541666666666663,7.739583333333333,0,29,96
8,643,-1.8733333333333329,0.5,4.958333333333333,0,42,96
9,678,-24.035,0.5714285714285714,4.714285714285714,1,17,35
10,703,-20.59166666666667,0.6,5.08,1,7,25
11,730,-27.228333333333335,0.9259259259259259,2.8518518518518516,1,8,27
12,826,21.44499999999999,0.0625,8.65625,0,48,96
13,854,-24.613333333333337,0.8214285714285714,2.857142857142857,1,8,28
14,936,-48.861666666666665,0.9390243902439024,3.231707317073171,1,33,82
15,1032,5.655,0.40625,6.40625,0,35,96
16,1051,-24.735,0.8947368421052632,3.6315789473684212,1,5,19
17,1147,15.113333333333333,0.15625,9.479166666666666,0,36,96
18,1196,-10.383333333333333,0.326530612244898,6.040816326530612,1,14,49
19,1292,33.88166666666666,0.0625,7.177083333333333,0,39,96
20,1307,-25.536666666666665,0.9333333333333333,3.066666666666667,1,6,15
21,1318,-20.401666666666664,0.8181818181818181,2.8181818181818183,1,1,11
22,1380,-20.575,0.5967741935483871,4.016129032258065,1,21,62
23,1423,-27.141666666666666,0.7906976744186046,3.372093023255814,1,13,43
24,1444,-24.016666666666666,0.9047619047619048,3.3333333333333335,1,4,21
25,1516,-5.005000000000003,0.2222222222222222,7.541666666666667,1,24,72
26,1612,17.373333333333328,0.22916666666666663,7.729166666666667,0,38,96
27,1708,-19.516666666666662,0.6979166666666667,6.104166666666667,0,33,96
28,1719,-22.42833333333333,0.8181818181818181,2.6363636363636362,1,4,11
29,1777,-25.279999999999998,0.5689655172413793,5.689655172413793,1,22,58
30,1873,24.216666666666658,0.04166666666666663,9.395833333333334,0,45,96
31,1883,-22.298333333333332,0.9,2.9,1,2,10
32,1919,-20.333333333333332,0.5277777777777778,4.888888888888889,1,13,36
33,1934,-25.25333333333333,0.8666666666666667,4.933333333333334,1,5,15
34,2030,29.14166666666667,0.16666666666666663,6.052083333333333,0,39,96
35,2126,-35.28666666666666,0.7708333333333334,3.2291666666666665,1,33,96
36,2134,-21.875,1.0,1.875,1,1,8
37,2203,-36.839999999999996,0.8115942028985508,4.782608695652174,1,23,69
38,2208,-20.866666666666664,1.0,2.0,1,0,5
39,2304,-0.6366666666666687,0.46875,8.166666666666666,0,25,96
40,2336,-10.703333333333333,0.3125,5.5,1,6,32
41,2357,-22.598333333333333,0.7619047619047619,3.6666666666666665,1,5,21
42,2413,-30.449999999999996,0.7321428571428572,4.285714285714286,1,19,56
43,2496,-16.365000000000002,0.4457831325301205,6.469879518072289,1,26,83
44,2515,-22.343333333333334,0.736842105263158,3.5789473684210527,1,6,19
45,2611,24.049999999999997,0.21875,7.75,0,26,96
46,2707,-31.67499999999999,0.78125,8.09375,0,28,96
47,2803,18.39333333333334,0.14583333333333337,9.729166666666666,0,34,96
48,2821,-23.01833333333333,0.8888888888888888,2.9444444444444446,1,3,18
49,2830,-22.593333333333334,1.0,3.5555555555555554,1,2,9
50,2926,0.9300000000000032,0.38541666666666663,6.875,0,44,96
51,3022,32.33000000000001,0.21875,5.9375,0,26,96
52,3030,-21.648333333333333,1.0,3.625,1,0,8
53,3126,21.90333333333334,0.05208333333333337,9.791666666666666,0,41,96
54,3222,20.078333333333337,0.125,8.822916666666666,0,39,96
55,3232,-21.41166666666667,0.9,2.5,1,1,10
56,3328,2.2149999999999985,0.42708333333333337,6.71875,0,35,96
57,3336,-21.606666666666666,1.0,2.75,1,1,8
58,3383,-8.763333333333337,0.34042553191489366,4.8936170212765955,1,14,47
59,3448,-28.22,0.5846153846153845,7.569230769230769,1,18,65
60,3517,-8.11333333333334,0.3623188405797102,5.942028985507246,1,19,69
61,3526,-23.766666666666666,0.8888888888888888,3.7777777777777777,1,6,9
62,3586,1.8850000000000051,0.30000000000000004,4.95,1,10,60
63,3621,-17.505,0.6571428571428571,3.857142857142857,1,4,35
64,3717,1.2016666666666604,0.5,6.614583333333333,0,27,96
65,3724,-20.69,1.0,1.7142857142857142,1,0,7
66,3820,16.896666666666672,0.22916666666666663,7.333333333333333,0,38,96
67,3867,-28.69333333333333,0.7872340425531915,3.872340425531915,1,14,47
68,3887,-21.081666666666667,0.65,3.05,1,7,20
69,3980,-31.843333333333334,0.6559139784946236,4.537634408602151,1,36,93
70,4009,-21.551666666666666,0.6551724137931034,3.9655172413793105,1,9,29
71,4069,-14.701666666666666,0.43333333333333335,4.216666666666667,1,24,60
72,4088,-28.490000000000002,1.0,3.789473684210526,1,7,19
73,4184,-0.5116666666666749,0.47916666666666663,7.010416666666667,0,31,96
74,4206,-15.99,0.40909090909090906,5.454545454545454,1,5,22
75,4302,27.37,0.11458333333333337,7.5625,0,38,96
76,4398,22.751666666666676,0.17708333333333337,8.677083333333334,0,29,96
77,4494,-19.463333333333317,0.6770833333333333,5.833333333333333,0,37,96
78,4519,-17.701666666666668,0.6,4.12,1,4,25
79,4532,-23.231666666666666,0.9230769230769231,3.3076923076923075,1,3,13
80,4547,-22.861666666666665,0.8,2.8666666666666667,1,5,15
81,4643,30.953333333333315,0.09375,8.791666666666666,0,27,96
82,4684,-32.41333333333334,0.9024390243902439,4.146341463414634,1,13,41
83,4780,14.045000000000002,0.20833333333333337,9.28125,0,34,96
84,4804,-11.281666666666668,0.29166666666666663,4.791666666666667,1,4,24
85,4836,-18.860000000000003,0.59375,4.6875,1,8,32
86,4923,-13.910000000000004,0.32183908045977017,8.344827586206897,1,31,87
87,4937,-22.951666666666668,0.8571428571428572,5.214285714285714,1,2,14
88,5033,27.99333333333334,0.0625,9.729166666666666,0,29,96
89,5129,-16.24666666666668,0.6145833333333333,7.479166666666667,0,30,96
90,5203,-14.98,0.3648648648648649,7.54054054054054,1,25,74
91,5299,31.94000000000001,0.09375,8.75,0,28,96
92,5325,-27.173333333333332,0.8076923076923077,3.769230769230769,1,10,26
93,5388,-34.10666666666667,0.7936507936507937,4.253968253968254,1,22,63
94,5422,-18.209999999999997,0.5,5.294117647058823,1,10,34
95,5451,-13.54166666666667,0.3448275862068966,4.172413793103448,1,10,29
96,5547,25.511666666666667,0.28125,5.927083333333333,0,27,96
97,5609,-31.623333333333335,0.6451612903225806,6.516129032258065,1,23,62
98,5621,-21.211666666666666,0.75,4.583333333333333,1,2,12
99,5646,-25.185000000000002,0.8,3.24,1,9,25
100,5704,-23.24,0.5689655172413793,4.9655172413793105,1,22,58
101,5764,-29.526666666666664,0.7333333333333334,4.966666666666667,1,18,60
102,5860,13.751666666666658,0.28125,6.739583333333333,0,39,96
103,5870,-23.119999999999997,1.0,3.0,1,2,10
104,5965,-24.826666666666664,0.49473684210526314,6.294736842105263,1,38,95
105,6061,12.281666666666668,0.28125,7.989583333333333,0,33,96
106,6123,-36.265,0.7419354838709677,4.596774193548387,1,28,62
107,6140,-25.66166666666667,0.9411764705882353,2.5294117647058822,1,6,17
108,6147,-23.71666666666667,1.0,3.142857142857143,1,3,7
109,6211,-2.1499999999999915,0.296875,5.8125,1,16,64
110,6223,-25.615000000000002,1.0,3.75,1,5,12
111,6319,17.451666666666664,0.1875,9.177083333333334,0,32,96
112,6328,-22.311666666666667,1.0,2.7777777777777777,1,1,9
113,6424,-19.215000000000003,0.7083333333333333,5.96875,0,33,96
114,6435,-21.42833333333333,0.8181818181818181,2.6363636363636362,1,2,11
115,6442,-20.85333333333333,1.0,2.0,1,0,7
116,6476,-26.811666666666667,0.9705882352941176,2.8529411764705883,1,4,34
117,6496,-21.813333333333333,0.65,4.0,1,7,20
118,6542,-22.571666666666665,0.6304347826086957,5.108695652173913,1,14,46
119,6618,-6.339999999999986,0.4473684210526315,4.342105263157895,1,17,76
120,6714,11.371666666666666,0.27083333333333337,8.177083333333334,0,35,96
121,6782,-14.508333333333333,0.38235294117647056,6.161764705882353,1,28,68
122,6860,0.00833333333333286,0.15384615384615385,7.628205128205129,1,29,78
123,6930,-28.108333333333338,0.6285714285714286,5.042857142857143,1,28,70
124,6995,-12.931666666666672,0.4307692307692308,6.015384615384615,1,18,65
125,7015,-25.636666666666667,0.95,2.6,1,5,20
126,7111,12.70166666666666,0.39583333333333337,6.427083333333333,0,26,96
127,7125,-18.95,0.5714285714285714,4.285714285714286,1,3,14
128,7131,-22.916666666666664,1.0,4.666666666666667,1,2,6
129,7227,1.3783333333333352,0.45833333333333337,6.572916666666667,0,34,96
130,7323,-23.233333333333334,0.78125,5.020833333333333,0,34,96
131,7413,-17.651666666666667,0.5666666666666667,4.877777777777778,1,23,90
132,7509,-31.611666666666657,0.7916666666666666,5.197916666666667,0,43,96
133,7605,4.0416666666666705,0.4375,5.302083333333333,0,39,96
134,7701,19.14333333333333,0.125,9.854166666666666,0,36,96
135,7733,-26.313333333333333,0.84375,3.625,1,9,32
136,7829,34.42666666666667,0.01041666666666663,9.708333333333334,0,29,96
137,7925,-18.356666666666676,0.6666666666666667,5.854166666666667,0,36,96
138,7966,-34.095,1.0,2.707317073170732,1,13,41
139,8062,-2.871666666666668,0.5520833333333333,6.947916666666667,0,23,96
140,8158,15.634999999999994,0.20833333333333337,8.65625,0,37,96
141,8254,14.616666666666674,0.22916666666666663,8.770833333333334,0,34,96
142,8350,-11.763333333333337,0.59375,6.833333333333333,0,32,96
143,8446,8.90666666666666,0.48958333333333337,4.833333333333333,0,28,96
144,8542,-10.921666666666674,0.6145833333333333,4.760416666666667,0,41,96
145,8565,-29.328333333333333,1.0,3.347826086956522,1,8,23
146,8576,-23.191666666666666,0.7272727272727273,3.909090909090909,1,5,11
147,8600,-18.748333333333335,0.5416666666666667,3.4583333333333335,1,8,24
148,8696,24.523333333333333,0.1875,8.354166666666666,0,26,96
149,8792,17.101666666666663,0.21875,9.489583333333334,0,27,96
150,8833,-30.655,0.8536585365853658,3.1463414634146343,1,15,41
151,8929,32.14499999999999,0.09375,9.90625,0,18,96
152,8952,-30.328333333333333,0.9565217391304348,2.5652173913043477,1,13,23
153,8970,-18.68,0.5555555555555556,4.333333333333333,1,4,18
154,8987,-17.388333333333335,0.3529411764705882,5.588235294117647,1,6,17
155,9046,-25.058333333333337,0.728813559322034,3.6440677966101696,1,16,59
156,9058,-22.37833333333333,0.9166666666666666,2.4166666666666665,1,3,12
157,9154,36.52666666666667,0.13541666666666663,6.958333333333333,0,24,96
158,9250,19.99166666666666,0.09375,9.989583333333334,0,38,96
159,9346,4.819999999999994,0.47916666666666663,5.1875,0,34,96
160,9368,-19.003333333333334,0.5454545454545454,6.090909090909091,1,4,22
161,9401,-26.228333333333335,0.6060606060606061,5.787878787878788,1,15,33
162,9463,-22.28,0.564516129032258,6.774193548387097,1,16,62
163,9483,-26.311666666666667,0.85,3.35,1,10,20
164,9490,-22.986666666666668,0.8571428571428572,4.0,1,3,7
165,9586,36.38500000000001,0.07291666666666663,6.96875,0,33,96
166,9682,38.32333333333335,0.01041666666666663,8.104166666666666,0,34,96
167,9778,16.786666666666676,0.27083333333333337,8.083333333333334,0,29,96
168,9874,-3.741666666666672,0.5625,5.322916666666667,0,34,96
169,9912,-23.401666666666667,0.631578947368421,6.026315789473684,1,11,38
170,9931,-27.15,1.0,3.1578947368421053,1,7,19
171,10027,31.655000000000015,0.19791666666666663,5.09375,0,34,96
172,10097,-36.129999999999995,0.8285714285714285,3.7714285714285714,1,24,70
173,10174,-15.661666666666669,0.4545454545454546,6.012987012987013,1,26,77
174,10182,-21.0,0.75,4.5,1,2,8
175,10278,7.408333333333322,0.375,8.760416666666666,0,25,96
176,10374,23.080000000000016,0.29166666666666663,5.875,0,29,96
177,10470,-0.50666666666667,0.5,5.354166666666667,0,38,96
178,10566,-4.678333333333335,0.46875,7.364583333333333,0,35,96
179,10658,-44.39,0.8043478260869565,4.630434782608695,1,33,92
180,10754,3.5449999999999955,0.30208333333333337,9.28125,0,36,96
181,10780,-29.48166666666667,0.9230769230769231,3.5,1,11,26
182,10876,41.64000000000001,0.01041666666666663,8.9375,0,21,96
183,10939,-0.3666666666666458,0.2222222222222222,5.111111111111111,1,21,63
184,10948,-22.87666666666667,1.0,4.444444444444445,1,2,9
185,11044,41.60666666666667,0.04166666666666663,8.020833333333334,0,25,96
186,11068,-16.183333333333334,0.45833333333333337,4.083333333333333,1,7,24
187,11164,8.796666666666672,0.42708333333333337,5.208333333333333,0,33,96
188,11198,-18.494999999999997,0.38235294117647056,5.5588235294117645,1,15,34
189,11294,-3.3533333333333317,0.53125,6.270833333333333,0,30,96
190,11390,31.774999999999988,0.28125,5.53125,0,19,96
191,11486,5.053333333333335,0.5,5.541666666666667,0,27,96
192,11546,-3.276666666666671,0.23333333333333328,5.866666666666666,1,21,60
193,11642,0.7950000000000015,0.33333333333333337,9.53125,0,32,96
194,11664,-21.606666666666666,0.7727272727272727,3.727272727272727,1,5,22
195,11670,-23.395,1.0,3.5,1,3,6
196,11724,-17.158333333333335,0.4444444444444444,6.314814814814815,1,18,54
197,11748,-15.69,0.5,4.0,1,5,24
198,11791,-33.34666666666667,0.8372093023255813,5.255813953488372,1,15,43
199,11828,-14.500000000000004,0.4864864864864865,4.702702702702703,1,8,37
200,11924,33.41,0.03125,9.25,0,32,96
201,12020,34.68,0.14583333333333337,6.5625,0,29,96
202,12083,-18.741666666666664,0.47619047619047616,6.015873015873016,1,22,63
203,12179,33.59833333333332,0.0625,9.072916666666666,0,27,96
204,12275,12.10833333333333,0.38541666666666663,5.947916666666667,0,33,96
205,12322,-12.73,0.44680851063829785,6.382978723404255,1,8,47
206,12406,-12.065000000000007,0.44047619047619047,5.607142857142857,1,26,84
207,12502,22.108333333333327,0.19791666666666663,8.385416666666666,0,29,96
208,12566,-25.166666666666668,0.703125,5.3125,1,13,64
209,12653,1.546666666666674,0.25287356321839083,7.67816091954023,1,19,87
210,12743,-12.125000000000004,0.4222222222222223,5.633333333333334,1,32,90
211,12839,38.47333333333333,0.17708333333333337,5.104166666666667,0,28,96
212,12935,0.2999999999999945,0.5,5.25,0,36,96
213,12961,-20.78333333333333,0.6923076923076923,4.6923076923076925,1,5,26
214,12974,-24.403333333333332,0.9230769230769231,2.0,1,6,13
215,13025,-19.6,0.5098039215686274,5.529411764705882,1,17,51
216,13055,-30.975,0.9333333333333333,4.3,1,10,30
217,13081,-18.798333333333332,0.5384615384615384,5.269230769230769,1,7,26
218,13177,20.51166666666666,0.28125,5.864583333333333,0,36,96
219,13201,-19.691666666666663,0.5833333333333333,3.7916666666666665,1,8,24
220,13297,1.0816666666666652,0.48958333333333337,7.364583333333333,0,23,96
221,13393,16.420000000000005,0.35416666666666663,6.5,0,27,96
222,13489,12.41166666666667,0.4375,5.489583333333333,0,27,96
223,13585,30.78000000000001,0.17708333333333337,7.4375,0,25,96
224,13647,-18.08833333333333,0.532258064516129,5.306451612903226,1,18,62
225,13743,23.92666666666667,0.29166666666666663,6.333333333333333,0,26,96
226,13839,11.925,0.29166666666666663,7.28125,0,38,96
227,13935,16.90166666666666,0.32291666666666663,7.552083333333333,0,24,96
228,13959,-14.295000000000002,0.41666666666666663,5.875,1,2,24
229,13987,-17.291666666666664,0.5357142857142857,3.6785714285714284,1,8,28
230,14083,-5.101666666666665,0.5416666666666667,7.510416666666667,0,25,96
231,14179,25.463333333333335,0.25,5.666666666666667,0,32,96
232,14275,35.255,0.15625,6.34375,0,29,96
233,14286,-23.87833333333333,1.0,2.090909090909091,1,4,11
234,14382,11.141666666666662,0.46875,5.614583333333333,0,23,96
235,14433,-20.474999999999998,0.5686274509803921,5.9411764705882355,1,14,51
236,14513,-1.9983333333333242,0.32499999999999996,5.4625,1,23,80
237,14609,15.783333333333324,0.39583333333333337,4.916666666666667,0,33,96
238,14705,3.25833333333333,0.5104166666666667,5.010416666666667,0,32,96
239,14718,-23.775,0.9230769230769231,5.3076923076923075,1,3,13
240,14750,-30.303333333333335,0.90625,2.875,1,13,32
241,14846,27.251666666666683,0.25,6.489583333333333,0,23,96
242,14868,-27.556666666666665,0.9545454545454546,2.909090909090909,1,8,22
243,14953,11.800000000000008,0.22352941176470587,5.011764705882353,1,22,85
244,15049,34.151666666666664,0.11458333333333337,7.677083333333333,0,28,96
245,15145,-14.775000000000002,0.6875,4.96875,0,34,96
246,15198,-15.740000000000004,0.49056603773584906,3.9622641509433962,1,19,53
247,15294,9.345,0.38541666666666663,7.15625,0,27,96
248,15329,-23.36,0.6571428571428571,4.457142857142857,1,13,35
249,15425,-1.2000000000000015,0.5520833333333333,6.0,0,27,96
250,15487,-41.56333333333333,0.9032258064516129,5.161290322580645,1,19,62
251,15583,22.12166666666668,0.14583333333333337,8.302083333333334,0,38,96
252,15618,-28.376666666666665,0.8571428571428572,3.8857142857142857,1,11,35
253,15714,37.93666666666667,0.07291666666666663,8.083333333333334,0,26,96
254,15810,-0.6750000000000029,0.5520833333333333,4.03125,0,40,96
255,15906,-4.171666666666669,0.5833333333333333,5.885416666666667,0,28,96
256,16002,6.7083333333333375,0.42708333333333337,7.572916666666667,0,24,96
257,16085,-16.653333333333336,0.4457831325301205,6.602409638554217,1,27,83
258,16130,-19.798333333333336,0.6222222222222222,5.044444444444444,1,10,45
259,16159,-31.11666666666667,1.0,2.6206896551724137,1,11,29
260,16255,34.15499999999998,0.14583333333333337,6.65625,0,28,96
261,16351,-0.026666666666669725,0.5416666666666667,5.229166666666667,0,33,96
262,16447,-6.413333333333339,0.5833333333333333,6.208333333333333,0,28,96
263,16543,-7.583333333333336,0.5833333333333333,5.958333333333333,0,33,96
264,16639,-14.681666666666676,0.6666666666666667,4.385416666666667,0,42,96
265,16668,-18.668333333333333,0.5862068965517242,4.310344827586207,1,7,29
266,16764,27.774999999999995,0.20833333333333337,7.09375,0,27,96
267,16860,13.759999999999998,0.1875,9.1875,0,36,96
268,16890,-14.725,0.3666666666666667,5.7,1,9,30
269,16949,-19.893333333333334,0.6271186440677966,5.11864406779661,1,13,59
270,17045,25.06999999999998,0.25,6.375,0,31,96
271,17082,-22.30666666666667,0.5675675675675675,5.783783783783784,1,13,37
272,17178,-6.846666666666668,0.5520833333333333,5.729166666666667,0,36,96
273,17274,28.308333333333323,0.25,6.322916666666667,0,24,96
274,17315,-14.331666666666669,0.36585365853658536,5.7317073170731705,1,13,41
275,17411,25.356666666666655,0.13541666666666663,9.395833333333334,0,27,96
276,17507,13.016666666666683,0.46875,4.208333333333333,0,31,96
277,17603,17.895000000000007,0.40625,5.78125,0,21,96
278,17615,-23.41,1.0,2.5,1,3,12
279,17711,36.289999999999985,0.13541666666666663,7.3125,0,23,96
280,17723,-21.655,1.0,2.25,1,0,12
281,17819,5.696666666666661,0.5104166666666667,5.833333333333333,0,24,96
282,17907,4.838333333333313,0.23863636363636365,6.215909090909091,1,28,88
283,18003,-0.3950000000000056,0.5520833333333333,5.84375,0,28,96
284,18099,0.07833333333332981,0.46875,6.697916666666667,0,35,96
285,18121,-28.72,0.9545454545454546,4.636363636363637,1,8,22
286,18217,16.378333333333334,0.30208333333333337,7.510416666666667,0,26,96
287,18255,-29.87,0.8421052631578947,4.894736842105263,1,12,38
288,18351,16.606666666666662,0.3125,5.895833333333333,0,36,96
289,18447,26.263333333333335,0.1875,7.229166666666667,0,30,96
290,18543,-10.423333333333334,0.65625,6.333333333333333,0,25,96
291,18639,29.933333333333326,0.25,6.104166666666667,0,25,96
292,18674,-20.221666666666668,0.5142857142857142,5.514285714285714,1,13,35
293,18693,-26.581666666666667,0.8947368421052632,4.7894736842105265,1,6,19
294,18710,-25.423333333333332,0.8823529411764706,3.2941176470588234,1,7,17
295,18806,9.134999999999996,0.46875,4.96875,0,32,96
296,18902,18.089999999999982,0.27083333333333337,7.0,0,34,96
297,18976,-8.825000000000006,0.41891891891891897,6.283783783783784,1,17,74
298,19072,19.876666666666676,0.33333333333333337,6.270833333333333,0,25,96
299,19168,21.316666666666677,0.26041666666666663,7.270833333333333,0,27,96
300,19264,17.009999999999987,0.40625,5.4375,0,24,96
301,19329,-20.97833333333334,0.6153846153846154,5.707692307692308,1,13,65
302,19425,1.45166666666666,0.47916666666666663,6.114583333333333,0,34,96
303,19467,-23.49833333333333,0.5714285714285714,6.833333333333333,1,12,42
304,19563,-3.5050000000000043,0.6041666666666667,5.40625,0,29,96
305,19659,15.996666666666659,0.375,6.333333333333333,0,27,96
306,19721,-15.45666666666667,0.5483870967741935,5.774193548387097,1,11,62
307,19817,0.35333333333332845,0.5208333333333333,6.041666666666667,0,31,96
308,19913,24.61500000000001,0.19791666666666663,7.28125,0,33,96
309,20009,20.053333333333335,0.23958333333333337,7.541666666666667,0,31,96
310,20030,-23.511666666666663,0.9047619047619048,3.4761904761904763,1,3,21
311,20037,-20.153333333333332,0.8571428571428572,2.0,1,0,7
312,20133,35.28333333333335,0.0625,8.041666666666666,0,30,96
313,20159,-18.463333333333335,0.6153846153846154,4.230769230769231,1,5,26
314,20200,-32.075,0.8780487804878049,5.487804878048781,1,10,41
315,20296,-5.651666666666672,0.5729166666666667,6.072916666666667,0,31,96
316,20392,26.79333333333333,0.23958333333333337,6.291666666666667,0,31,96
317,20488,15.369999999999996,0.30208333333333337,7.125,0,34,96
318,20535,-10.036666666666665,0.36170212765957444,5.574468085106383,1,13,47
319,20631,23.33666666666667,0.1875,6.583333333333333,0,40,96
320,20727,31.869999999999994,0.11458333333333337,7.25,0,33,96
321,20823,23.790000000000006,0.28125,5.625,0,33,96
322,20919,17.891666666666662,0.36458333333333337,7.114583333333333,0,19,96
323,21015,8.909999999999997,0.44791666666666663,5.375,0,31,96
324,21111,30.143333333333317,0.27083333333333337,6.229166666666667,0,20,96
325,21207,15.181666666666656,0.44791666666666663,6.114583333333333,0,17,96
326,21256,-36.44833333333334,0.9183673469387755,4.510204081632653,1,14,49
327,21324,-18.808333333333334,0.5882352941176471,5.455882352941177,1,15,68
328,21350,-18.435000000000002,0.5,4.269230769230769,1,10,26
329,21446,16.22999999999999,0.34375,6.375,0,30,96
330,21542,15.746666666666664,0.375,6.395833333333333,0,27,96
331,21638,-2.6916666666666664,0.5104166666666667,6.135416666666667,0,35,96
332,21734,1.2299999999999989,0.4375,7.875,0,28,96
333,21761,-26.58,0.8148148148148149,3.111111111111111,1,13,27
334,21857,24.673333333333314,0.20833333333333337,6.229166666666667,0,36,96
335,21953,19.28333333333333,0.33333333333333337,6.354166666666667,0,28,96
336,22049,26.115,0.27083333333333337,6.03125,0,27,96
337,22145,12.89166666666666,0.34375,5.489583333333333,0,39,96
338,22241,16.71666666666667,0.28125,8.520833333333334,0,22,96
339,22286,-7.53000000000001,0.2222222222222222,6.133333333333334,1,14,45
340,22382,13.581666666666656,0.34375,7.364583333333333,0,27,96
341,22478,30.21333333333334,0.17708333333333337,5.791666666666667,0,36,96
342,22574,18.976666666666635,0.29166666666666663,7.458333333333333,0,28,96
343,22581,-20.694999999999997,0.8571428571428572,2.142857142857143,1,1,7
344,22677,35.251666666666694,0.13541666666666663,6.614583333333333,0,28,96
345,22773,-8.126666666666674,0.625,6.166666666666667,0,24,96
346,22869,35.833333333333336,0.10416666666666663,7.604166666666667,0,28,96
347,22965,38.01833333333333,0.11458333333333337,7.010416666666667,0,25,96
348,23061,35.72333333333333,0.07291666666666663,6.729166666666667,0,37,96
349,23157,39.39999999999999,0.0625,6.1875,0,36,96
350,23253,-4.363333333333334,0.5104166666666667,6.333333333333333,0,38,96
351,23349,30.918333333333315,0.23958333333333337,6.260416666666667,0,24,96
352,23445,-10.05166666666667,0.625,6.010416666666667,0,32,96
353,23490,-10.350000000000001,0.2222222222222222,6.133333333333334,1,20,45
354,23586,5.868333333333334,0.5,5.822916666666667,0,25,96
355,23682,26.841666666666658,0.20833333333333337,7.677083333333333,0,25,96
356,23778,44.35833333333334,0.05208333333333337,7.010416666666667,0,25,96
357,23865,12.614999999999998,0.16091954022988508,5.896551724137931,1,26,87
358,23961,21.786666666666658,0.17708333333333337,6.645833333333333,0,45,96
359,24057,34.41166666666666,0.09375,8.302083333333334,0,26,96
360,24153,20.191666666666656,0.25,8.802083333333334,0,19,96
361,24249,37.846666666666664,0.0625,7.020833333333333,0,35,96
362,24345,9.923333333333328,0.375,6.729166666666667,0,35,96
363,24441,38.59333333333332,0.10416666666666663,6.541666666666667,0,30,96
364,24537,43.94666666666671,0.08333333333333337,6.458333333333333,0,26,96
365,24633,41.58333333333331,0.02083333333333337,6.666666666666667,0,36,96
366,24729,2.5499999999999994,0.45833333333333337,6.9375,0,30,96
367,24825,30.13666666666665,0.19791666666666663,7.083333333333333,0,27,96
368,24870,-9.323333333333332,0.19999999999999996,6.5777777777777775,1,19,45
369,24966,9.15666666666666,0.39583333333333337,7.208333333333333,0,27,96
370,24989,-29.588333333333335,0.9565217391304348,6.478260869565218,1,6,23
371,25085,30.69333333333331,0.17708333333333337,6.729166666666667,0,29,96
372,25136,-19.738333333333333,0.5490196078431373,6.568627450980392,1,12,51
373,25232,15.009999999999996,0.33333333333333337,6.5625,0,32,96
374,25328,-5.031666666666671,0.59375,6.072916666666667,0,28,96
375,25372,-15.934999999999999,0.40909090909090906,6.068181818181818,1,15,44
376,25468,7.046666666666661,0.47916666666666663,6.395833333333333,0,24,96
377,25564,11.65333333333333,0.33333333333333337,8.729166666666666,0,23,96
378,25660,38.525,0.09375,7.15625,0,27,96
379,25756,43.06833333333334,0.07291666666666663,6.822916666666667,0,26,96
380,25775,-20.284999999999997,0.5263157894736843,5.842105263157895,1,6,19
381,25835,-3.960000000000001,0.2666666666666667,6.4,1,16,60
382,25931,8.81833333333333,0.45833333333333337,6.947916666666667,0,22,96
383,26027,35.15,0.09375,8.4375,0,26,96
384,26123,37.443333333333314,0.125,6.416666666666667,0,30,96
385,26145,-21.345,0.7272727272727273,4.2272727272727275,1,4,22
386,26241,-15.916666666666671,0.6875,6.916666666666667,0,26,96
387,26337,20.156666666666666,0.32291666666666663,5.895833333333333,0,32,96
388,26409,-13.190000000000003,0.4444444444444444,6.083333333333333,1,21,72
389,26505,39.82833333333334,0.13541666666666663,6.697916666666667,0,22,96
390,26601,26.45166666666666,0.125,7.927083333333333,0,38,96
391,26697,22.706666666666674,0.30208333333333337,6.583333333333333,0,26,96
392,26782,-3.0366666666666866,0.3058823529411765,7.105882352941176,1,21,85
393,26878,0.1416666666666672,0.5208333333333333,5.427083333333333,0,33,96
394,26974,27.82833333333332,0.19791666666666663,6.260416666666667,0,36,96
395,27020,-31.45666666666667,0.7391304347826086,5.695652173913044,1,18,46
396,27116,40.21,0.07291666666666663,6.75,0,31,96
397,27131,-25.006666666666668,0.8666666666666667,3.8666666666666667,1,6,15
398,27146,-23.756666666666668,0.8666666666666667,3.466666666666667,1,6,15
399,27175,-24.38,0.7241379310344828,4.9655172413793105,1,9,29
400,27271,-4.308333333333336,0.5208333333333333,6.677083333333333,0,34,96
401,27367,20.35833333333332,0.23958333333333337,7.072916666666667,0,34,96
402,27406,-18.084999999999997,0.5897435897435898,6.384615384615385,1,5,39
403,27473,-17.343333333333337,0.5223880597014925,6.208955223880597,1,17,67
404,27569,9.456666666666656,0.375,6.770833333333333,0,32,96
405,27665,16.39499999999999,0.36458333333333337,6.15625,0,27,96
406,27761,36.31500000000001,0.08333333333333337,7.78125,0,28,96
407,27783,-23.261666666666667,0.7272727272727273,4.409090909090909,1,7,22
408,27879,34.858333333333334,0.125,6.697916666666667,0,31,96
409,27975,22.233333333333327,0.27083333333333337,6.041666666666667,0,33,96
410,28071,17.623333333333356,0.36458333333333337,6.416666666666667,0,26,96
411,28167,8.838333333333319,0.41666666666666663,6.697916666666667,0,28,96
412,28205,-20.046666666666667,0.5263157894736843,6.578947368421052,1,10,38
413,28301,31.20166666666664,0.13541666666666663,6.614583333333333,0,35,96
414,28397,32.38666666666664,0.20833333333333337,6.208333333333333,0,25,96
415,28493,9.35666666666666,0.30208333333333337,7.395833333333333,0,39,96
416,28589,-10.365000000000004,0.65625,5.78125,0,30,96
417,28685,15.223333333333315,0.375,5.916666666666667,0,29,96
418,28781,44.34000000000001,0.0625,6.125,0,29,96
419,28866,3.503333333333348,0.2823529411764706,5.552941176470588,1,24,85
420,28962,17.843333333333312,0.25,6.791666666666667,0,37,96
421,29058,31.741666666666646,0.21875,6.552083333333333,0,23,96
422,29154,41.91333333333333,0.04166666666666663,6.916666666666667,0,30,96
423,29250,4.221666666666661,0.39583333333333337,7.177083333333333,0,34,96
424,29346,21.558333333333312,0.25,7.385416666666667,0,28,96
425,29442,1.4316666666666586,0.47916666666666663,5.864583333333333,0,38,96
426,29523,1.2083333333333286,0.24691358024691357,6.382716049382716,1,27,81
427,29535,-16.668333333333333,0.5,3.4166666666666665,1,1,12
428,29602,-3.1849999999999845,0.29850746268656714,5.865671641791045,1,19,67
429,29698,2.5099999999999962,0.48958333333333337,6.375,0,30,96
430,29794,12.596666666666662,0.35416666666666663,7.020833333333333,0,29,96
431,29885,-4.421666666666663,0.2857142857142857,6.538461538461538,1,35,91
432,29981,31.294999999999987,0.21875,6.03125,0,27,96
433,30077,12.753333333333327,0.34375,6.666666666666667,0,34,96
434,30173,10.141666666666666,0.32291666666666663,7.364583333333333,0,37,96
435,30269,9.56166666666666,0.5104166666666667,6.052083333333333,0,18,96
436,30365,11.531666666666665,0.39583333333333337,6.177083333333333,0,30,96
437,30397,-17.61,0.4375,6.1875,1,11,32
438,30493,-1.6100000000000083,0.5416666666666667,6.1875,0,30,96
439,30589,19.000000000000007,0.15625,6.3125,1,22,96
440,30633,-16.39333333333334,0.34090909090909094,6.863636363636363,1,18,44
441,30717,-1.1633333333333518,0.25,7.523809523809524,1,25,84
442,30790,-31.259999999999998,0.7123287671232876,6.739726027397261,1,15,73
443,30886,17.293333333333337,0.27083333333333337,6.604166666666667,0,39,96
444,30982,34.87666666666666,0.07291666666666663,6.645833333333333,0,43,96
445,31053,-11.48666666666667,0.4084507042253521,5.971830985915493,1,23,71
446,31107,-12.690000000000001,0.33333333333333337,6.111111111111111,1,22,54
447,31203,31.501666666666683,0.23958333333333337,6.114583333333333,0,23,96
448,31240,-13.236666666666665,0.43243243243243246,5.945945945945946,1,6,37
449,31336,18.654999999999998,0.33333333333333337,6.09375,0,29,96
450,31432,21.114999999999984,0.21875,7.21875,0,36,96
451,31528,23.868333333333332,0.22916666666666663,6.760416666666667,0,32,96
452,31624,-11.061666666666671,0.625,6.010416666666667,0,31,96
453,31717,8.388333333333325,0.20430107526881724,6.913978494623656,1,26,93
454,31813,18.013333333333314,0.34375,6.729166666666667,0,24,96
455,31825,-22.77333333333333,0.8333333333333334,2.6666666666666665,1,4,12
456,31839,-22.196666666666665,0.7857142857142857,3.2857142857142856,1,4,14
457,31935,31.683333333333312,0.09375,7.104166666666667,0,39,96
458,32031,-26.183333333333337,0.8645833333333334,4.645833333333333,0,30,96
459,32127,-4.88333333333334,0.5833333333333333,5.458333333333333,0,33,96
460,32223,28.97333333333331,0.20833333333333337,6.854166666666667,0,29,96
461,32319,7.033333333333329,0.375,7.479166666666667,0,32,96
462,32415,19.706666666666656,0.34375,6.645833333333333,0,24,96
463,32432,-26.593333333333334,0.9411764705882353,4.0,1,6,17
464,32528,25.876666666666644,0.26041666666666663,6.145833333333333,0,29,96
465,32611,10.451666666666668,0.1686746987951807,5.9879518072289155,1,24,83
466,32707,6.799999999999997,0.38541666666666663,7.5,0,29,96
467,32783,-12.175000000000008,0.42105263157894735,6.592105263157895,1,22,76
468,32879,26.24833333333333,0.25,6.572916666666667,0,27,96
469,32975,22.008333333333326,0.28125,6.635416666666667,0,30,96
470,33071,14.74166666666666,0.35416666666666663,6.114583333333333,0,32,96
471,33111,-11.005000000000004,0.4,5.475,1,9,40
472,33207,27.849999999999987,0.28125,6.5,0,20,96
473,33303,4.706666666666666,0.41666666666666663,7.083333333333333,0,33,96
474,33399,45.03666666666667,0.02083333333333337,6.770833333333333,0,32,96
475,33495,10.039999999999994,0.4375,6.875,0,22,96
476,33591,40.196666666666665,0.14583333333333337,5.645833333333333,0,28,96
477,33687,18.248333333333335,0.38541666666666663,6.010416666666667,0,23,96
478,33783,32.769999999999996,0.14583333333333337,6.875,0,32,96
479,33845,-21.611666666666668,0.5806451612903225,6.112903225806452,1,17,62
480,33941,24.356666666666666,0.25,6.020833333333333,0,33,96
481,34037,38.01,0.14583333333333337,6.6875,0,25,96
482,34133,13.649999999999995,0.29166666666666663,7.25,0,35,96
483,34229,25.438333333333333,0.1875,6.572916666666667,0,35,96
484,34325,31.54166666666665,0.1875,6.552083333333333,0,28,96
485,34421,19.930000000000017,0.29166666666666663,5.9375,0,37,96
486,34517,33.225000000000016,0.13541666666666663,7.15625,0,29,96
487,34613,36.903333333333364,0.11458333333333337,6.354166666666667,0,33,96
488,34635,-21.281666666666666,0.6818181818181819,4.136363636363637,1,6,22
489,34731,33.09499999999999,0.13541666666666663,6.15625,0,37,96
490,34827,19.730000000000004,0.20833333333333337,9.0625,0,29,96
491,34923,27.891666666666666,0.28125,5.614583333333333,0,26,96
492,35019,31.96500000000001,0.19791666666666663,5.28125,0,36,96
493,35115,19.835,0.32291666666666663,6.53125,0,27,96
494,35211,17.20833333333333,0.34375,6.385416666666667,0,27,96
495,35307,43.121666666666655,0.05208333333333337,6.864583333333333,0,30,96
496,35403,27.64,0.27083333333333337,7.0,0,18,96
497,35499,20.76499999999999,0.26041666666666663,6.71875,0,32,96
498,35595,26.90333333333333,0.19791666666666663,6.916666666666667,0,33,96
499,35691,14.206666666666663,0.33333333333333337,6.520833333333333,0,36,96
500,35722,-27.083333333333332,0.7741935483870968,5.290322580645161,1,10,31
501,35818,26.511666666666642,0.25,6.552083333333333,0,27,96
502,35831,-23.091666666666665,0.6923076923076923,4.230769230769231,1,8,13
503,35927,19.20666666666667,0.36458333333333337,6.395833333333333,0,21,96
504,36023,29.97000000000001,0.16666666666666663,6.9375,0,32,96
505,36119,34.84499999999999,0.17708333333333337,6.90625,0,22,96
506,36215,12.054999999999994,0.35416666666666663,6.40625,0,34,96
507,36311,-6.493333333333334,0.5104166666666667,7.020833333333333,0,36,96
508,36366,-20.423333333333332,0.49090909090909096,7.236363636363636,1,17,55
509,36462,46.46833333333335,0.0625,6.510416666666667,0,25,96
510,36558,5.244999999999994,0.46875,6.03125,0,29,96
511,36654,13.703333333333326,0.27083333333333337,8.916666666666666,0,27,96
512,36750,31.47,0.125,8.3125,0,25,96
513,36846,40.690000000000005,0.15625,6.625,0,17,96
514,36942,40.29666666666666,0.11458333333333337,7.020833333333333,0,23,96
515,37038,34.77833333333333,0.15625,6.760416666666667,0,26,96
516,37134,0.20499999999999274,0.5416666666666667,6.34375,0,24,96
517,37230,-14.275000000000013,0.7083333333333333,6.40625,0,24,96
518,37249,-23.33833333333333,0.7894736842105263,3.4210526315789473,1,8,19
519,37345,16.616666666666667,0.45833333333333337,5.645833333333333,0,16,96
520,37441,34.14,0.11458333333333337,6.4375,0,34,96
521,37537,22.048333333333343,0.29166666666666663,7.010416666666667,0,24,96
522,37633,34.90666666666665,0.16666666666666663,6.333333333333333,0,28,96
523,37729,41.61833333333333,0.04166666666666663,8.447916666666666,0,24,96
524,37825,9.711666666666666,0.45833333333333337,6.427083333333333,0,21,96
525,37921,13.873333333333328,0.38541666666666663,6.229166666666667,0,29,96
526,38017,12.111666666666649,0.40625,6.177083333333333,0,30,96
527,38053,-10.915000000000001,0.41666666666666663,5.416666666666667,1,4,36
528,38149,31.031666666666666,0.25,6.427083333333333,0,20,96
529,38245,28.75,0.27083333333333337,6.3125,0,22,96
530,38282,-22.03333333333333,0.5405405405405406,5.72972972972973,1,14,37
531,38378,31.521666666666636,0.19791666666666663,6.427083333333333,0,29,96
532,38474,29.451666666666657,0.21875,6.614583333333333,0,26,96
533,38570,16.903333333333325,0.40625,6.229166666666667,0,21,96
534,38666,4.371666666666662,0.5208333333333333,6.052083333333333,0,25,96
535,38762,31.74333333333333,0.21875,6.604166666666667,0,24,96
536,38858,-0.418333333333339,0.48958333333333337,6.864583333333333,0,32,96
537,38875,-18.735,0.5294117647058824,3.3529411764705883,1,5,17
538,38971,19.97833333333334,0.3125,5.572916666666667,0,34,96
539,39067,13.458333333333337,0.42708333333333337,6.135416666666667,0,23,96
540,39163,16.67,0.39583333333333337,5.5625,0,27,96
541,39259,26.114999999999977,0.3125,6.40625,0,18,96
542,39338,-16.73833333333334,0.5569620253164558,5.455696202531645,1,18,79
543,39377,-22.843333333333334,0.717948717948718,4.358974358974359,1,10,39
544,39473,50.43166666666668,0.03125,6.177083333333333,0,26,96
545,39569,27.54333333333334,0.22916666666666663,5.854166666666667,0,32,96
546,39665,29.003333333333316,0.20833333333333337,6.979166666666667,0,28,96
547,39761,29.56999999999999,0.19791666666666663,6.375,0,30,96
548,39857,4.648333333333328,0.46875,6.697916666666667,0,27,96
549,39953,17.65,0.39583333333333337,6.5,0,20,96
550,39980,-15.531666666666666,0.33333333333333337,5.37037037037037,1,10,27
551,40076,10.639999999999999,0.41666666666666663,6.375,0,28,96
552,40172,17.988333333333333,0.34375,5.947916666666667,0,31,96
553,40237,-6.493333333333334,0.3384615384615385,4.8307692307692305,1,22,65
554,40333,42.79166666666668,0.08333333333333337,6.552083333333333,0,27,96
555,40387,-8.683333333333335,0.2777777777777778,5.925925925925926,1,20,54
556,40426,-13.955000000000002,0.3076923076923077,6.230769230769231,1,15,39
557,40522,20.485000000000007,0.36458333333333337,6.28125,0,21,96
558,40618,17.851666666666663,0.3125,6.239583333333333,0,33,96
559,40652,-29.0,0.9117647058823529,4.764705882352941,1,7,34
560,40748,35.93833333333333,0.15625,6.322916666666667,0,28,96
561,40844,11.60333333333332,0.38541666666666663,5.979166666666667,0,33,96
562,40940,27.928333333333338,0.14583333333333337,8.197916666666666,0,28,96
563,41036,26.89833333333331,0.22916666666666663,6.510416666666667,0,29,96
564,41079,-12.361666666666673,0.37209302325581395,6.023255813953488,1,12,43
565,41175,2.4833333333333227,0.48958333333333337,6.104166666666667,0,32,96
566,41271,4.374999999999993,0.4375,7.34375,0,29,96
567,41367,-1.3333333333333346,0.5208333333333333,6.520833333333333,0,31,96
568,41463,25.09499999999998,0.22916666666666663,6.40625,0,33,96
569,41559,0.5583333333333307,0.4375,6.385416666666667,0,40,96
570,41630,12.70333333333333,0.15492957746478875,6.47887323943662,1,12,71
571,41726,4.514999999999995,0.5,6.40625,0,23,96
572,41822,6.5550000000000015,0.46875,5.90625,0,28,96
573,41918,15.75166666666667,0.39583333333333337,6.989583333333333,0,19,96
574,42014,-10.886666666666672,0.6458333333333333,6.416666666666667,0,28,96
575,42110,40.75999999999999,0.16666666666666663,6.1875,0,19,96
576,42206,30.666666666666664,0.1875,6.958333333333333,0,29,96
577,42302,9.938333333333327,0.44791666666666663,6.885416666666667,0,20,96
578,42398,5.236666666666652,0.5104166666666667,6.395833333333333,0,21,96
579,42494,18.144999999999975,0.32291666666666663,6.78125,0,30,96
580,42533,-5.06666666666667,0.20512820512820518,6.410256410256411,1,7,39
581,42629,19.558333333333326,0.35416666666666663,6.447916666666667,0,23,96
582,42725,28.985000000000007,0.20833333333333337,6.15625,0,32,96
583,42821,13.18333333333331,0.375,6.354166666666667,0,29,96
584,42917,23.56333333333333,0.34375,6.604166666666667,0,16,96
585,43013,0.48333333333333545,0.5208333333333333,6.729166666666667,0,25,96
586,43109,20.98666666666668,0.3125,6.020833333333333,0,27,96
587,43205,21.013333333333314,0.36458333333333337,6.416666666666667,0,19,96
588,43301,37.62833333333332,0.11458333333333337,6.697916666666667,0,29,96
589,43397,21.78499999999999,0.32291666666666663,5.90625,0,29,96
590,43493,-10.658333333333335,0.6666666666666667,6.114583333333333,0,26,96
591,43589,36.68333333333331,0.125,6.729166666666667,0,30,96
592,43685,-3.6833333333333416,0.5833333333333333,6.145833333333333,0,28,96
593,43725,-15.941666666666666,0.5,5.875,1,9,40
594,43821,31.89333333333334,0.26041666666666663,6.541666666666667,0,16,96
595,43917,38.988333333333344,0.125,6.260416666666667,0,28,96
596,44013,40.65499999999998,0.10416666666666663,6.28125,0,29,96
597,44109,27.236666666666647,0.25,6.520833333333333,0,27,96
598,44205,16.083333333333336,0.38541666666666663,6.729166666666667,0,21,96
599,44301,11.079999999999997,0.4375,6.3125,0,24,96
600,44397,32.139999999999986,0.17708333333333337,6.1875,0,30,96
601,44493,40.346666666666714,0.08333333333333337,6.520833333333333,0,32,96
602,44589,28.468333333333312,0.23958333333333337,7.010416666666667,0,23,96
603,44685,12.46333333333333,0.3125,6.854166666666667,0,37,96
604,44781,27.363333333333323,0.27083333333333337,6.416666666666667,0,24,96
605,44877,27.921666666666663,0.22916666666666663,6.489583333333333,0,29,96
606,44916,-11.98166666666667,0.41025641025641024,4.948717948717949,1,9,39
607,45012,8.639999999999997,0.4375,6.0,0,34,96
608,45108,11.479999999999995,0.44791666666666663,6.4375,0,22,96
609,45204,44.69666666666667,0.02083333333333337,6.458333333333333,0,33,96
610,45300,38.900000000000006,0.09375,6.6875,0,31,96
611,45396,39.95333333333333,0.08333333333333337,6.541666666666667,0,30,96
612,45489,-34.451666666666675,0.6451612903225806,5.881720430107527,1,35,93
613,45585,21.818333333333324,0.21875,6.572916666666667,0,40,96
614,45681,14.905,0.375,6.09375,0,28,96
615,45777,2.884999999999999,0.44791666666666663,7.15625,0,32,96
616,45837,-37.22666666666666,0.7833333333333333,5.566666666666666,1,24,60
617,45933,43.98333333333332,0.07291666666666663,6.166666666666667,0,28,96
618,46011,-8.795000000000007,0.41025641025641024,6.346153846153846,1,19,78
619,46107,1.09,0.53125,7.0625,0,21,96
620,46203,19.91999999999999,0.34375,6.25,0,26,96
621,46299,16.96666666666666,0.29166666666666663,6.395833333333333,0,39,96
622,46373,-3.7416666666666565,0.3648648648648649,5.9324324324324325,1,16,74
623,46469,20.119999999999994,0.33333333333333337,5.75,0,33,96
624,46565,21.238333333333323,0.28125,6.447916666666667,0,32,96
625,46636,-16.933333333333334,0.5352112676056338,5.859154929577465,1,18,71
626,46732,5.684999999999997,0.41666666666666663,7.96875,0,26,96
627,46828,1.3899999999999957,0.5104166666666667,6.375,0,28,96
628,46924,18.71833333333333,0.35416666666666663,6.010416666666667,0,27,96
629,47020,27.201666666666664,0.22916666666666663,6.114583333333333,0,30,96
630,47052,-7.555000000000005,0.21875,5.90625,1,6,32
631,47148,38.41166666666666,0.15625,6.239583333333333,0,23,96
632,47244,0.6683333333333351,0.45833333333333337,6.510416666666667,0,38,96
633,47340,48.75333333333334,0.0625,6.229166666666667,0,21,96
634,47391,-23.684999999999995,0.6274509803921569,5.235294117647059,1,16,51
635,47487,40.59333333333333,0.1875,6.229166666666667,0,16,96
636,47583,7.526666666666664,0.5,5.770833333333333,0,24,96
637,47679,35.95999999999999,0.16666666666666663,6.5,0,24,96
638,47775,36.82999999999998,0.16666666666666663,6.5625,0,22,96
639,47795,-22.463333333333335,0.7,4.3,1,7,20
640,47810,-19.476666666666667,0.6666666666666667,5.466666666666667,1,1,15
641,47906,11.345000000000002,0.42708333333333337,5.96875,0,29,96
642,48002,1.9616666666666625,0.44791666666666663,6.302083333333333,0,37,96
643,48098,26.54999999999999,0.21875,6.3125,0,32,96
644,48194,17.466666666666676,0.40625,6.208333333333333,0,22,96
645,48290,8.58333333333332,0.46875,6.541666666666667,0,23,96
646,48386,11.588333333333328,0.42708333333333337,5.635416666666667,0,29,96
647,48482,-13.524999999999999,0.7083333333333333,5.96875,0,24,96
648,48578,0.5533333333333306,0.5520833333333333,5.979166666666667,0,26,96
649,48674,1.5833333333333293,0.5416666666666667,5.791666666666667,0,26,96
650,48770,22.99333333333332,0.19791666666666663,8.041666666666666,0,30,96
651,48866,1.9716666666666636,0.5,6.239583333333333,0,29,96
652,48962,26.239999999999988,0.23958333333333337,6.25,0,32,96
653,49058,12.379999999999999,0.44791666666666663,5.875,0,24,96
654,49154,18.54333333333333,0.36458333333333337,6.291666666666667,0,24,96
655,49250,28.69,0.20833333333333337,6.9375,0,28,96
656,49346,-6.035000000000006,0.6041666666666667,6.28125,0,26,96
657,49442,37.50166666666666,0.15625,5.677083333333333,0,28,96
658,49521,-23.430000000000003,0.5696202531645569,6.227848101265823,1,23,79
659,49591,-23.453333333333333,0.5428571428571429,6.285714285714286,1,24,70
660,49687,44.54833333333334,0.14583333333333337,6.197916666666667,0,16,96
661,49720,-20.99833333333333,0.5757575757575757,5.606060606060606,1,9,33
662,49816,32.85833333333333,0.1875,6.385416666666667,0,27,96
663,49912,19.17333333333334,0.38541666666666663,6.166666666666667,0,22,96
664,50008,39.59999999999996,0.16666666666666663,6.25,0,22,96
665,50104,9.694999999999997,0.375,6.78125,0,35,96
666,50200,13.13833333333333,0.44791666666666663,6.260416666666667,0,19,96
667,50296,20.711666666666645,0.34375,6.489583333333333,0,24,96
668,50392,-3.080000000000002,0.59375,5.5625,0,29,96
669,50488,29.463333333333328,0.21875,6.229166666666667,0,29,96
670,50584,35.58500000000001,0.15625,6.28125,0,29,96
671,50680,13.501666666666667,0.48958333333333337,5.677083333333333,0,17,96
672,50776,4.198333333333336,0.53125,5.885416666666667,0,25,96
673,50872,35.96333333333333,0.1875,5.979166666666667,0,26,96
674,50932,-10.115000000000002,0.4,5.95,1,15,60
675,51028,17.869999999999997,0.35416666666666663,6.1875,0,27,96
676,51124,34.62666666666665,0.1875,6.583333333333333,0,23,96
677,51220,22.33333333333332,0.26041666666666663,6.916666666666667,0,31,96
678,51316,9.91166666666666,0.42708333333333337,5.864583333333333,0,32,96
679,51412,8.703333333333335,0.46875,5.979166666666667,0,26,96
680,51508,1.6933333333333316,0.5625,5.979166666666667,0,22,96
681,51604,14.878333333333332,0.38541666666666663,6.572916666666667,0,24,96
682,51700,25.649999999999974,0.26041666666666663,6.8125,0,25,96
683,51712,-25.665,1.0,4.75,1,5,12
684,51808,39.06166666666667,0.10416666666666663,6.302083333333333,0,31,96
685,51904,29.926666666666648,0.26041666666666663,7.083333333333333,0,17,96
686,52000,4.841666666666658,0.48958333333333337,6.364583333333333,0,26,96
687,52096,33.841666666666676,0.23958333333333337,6.177083333333333,0,20,96
688,52192,31.865000000000002,0.21875,6.34375,0,26,96
689,52223,-23.361666666666665,0.6129032258064516,6.419354838709677,1,9,31
690,52319,-1.920000000000005,0.6041666666666667,5.75,0,24,96
691,52415,15.784999999999988,0.38541666666666663,6.03125,0,28,96
692,52511,-6.8383333333333285,0.59375,5.989583333333333,0,30,96
693,52607,3.66666666666666,0.4375,7.520833333333333,0,28,96
694,52703,37.915,0.21875,5.71875,0,20,96
695,52799,28.38499999999999,0.17708333333333337,7.09375,0,32,96
696,52895,32.454999999999984,0.13541666666666663,7.46875,0,29,96
697,52991,35.18499999999999,0.22916666666666663,6.53125,0,16,96
698,53087,35.113333333333294,0.23958333333333337,5.854166666666667,0,20,96
699,53108,-23.343333333333334,0.8571428571428572,3.238095238095238,1,4,21
700,53204,27.756666666666653,0.26041666666666663,6.458333333333333,0,23,96
701,53300,21.59166666666667,0.33333333333333337,6.364583333333333,0,22,96
702,53396,21.919999999999987,0.33333333333333337,6.3125,0,23,96
703,53492,38.868333333333325,0.11458333333333337,6.697916666666667,0,28,96
704,53588,32.86333333333332,0.20833333333333337,6.291666666666667,0,26,96
705,53684,36.18999999999999,0.21875,6.1875,0,19,96
706,53780,40.92166666666665,0.0625,6.739583333333333,0,31,96
707,53876,4.998333333333323,0.5,6.072916666666667,0,27,96
708,53972,37.538333333333334,0.07291666666666663,6.572916666666667,0,36,96
709,54068,13.496666666666673,0.42708333333333337,5.458333333333333,0,28,96
710,54112,-13.46166666666667,0.4545454545454546,4.931818181818182,1,11,44
711,54208,16.29666666666666,0.27083333333333337,6.520833333333333,0,40,96
712,54222,-20.48166666666667,0.6428571428571428,5.214285714285714,1,3,14
713,54292,1.3000000000000078,0.2857142857142857,6.0,1,16,70
714,54388,49.988333333333365,0.0,6.447916666666667,0,31,96
715,54484,1.424999999999999,0.5416666666666667,6.59375,0,24,96
716,54580,13.683333333333328,0.4375,5.604166666666667,0,26,96
717,54676,8.951666666666663,0.47916666666666663,5.614583333333333,0,26,96
718,54772,-8.05166666666667,0.6458333333333333,5.385416666666667,0,27,96
719,54786,-24.71,0.8571428571428572,6.428571428571429,1,4,14
720,54882,32.00000000000001,0.20833333333333337,5.75,0,28,96
721,54978,29.518333333333327,0.25,6.072916666666667,0,25,96
722,55074,21.086666666666655,0.34375,6.208333333333333,0,24,96
723,55170,45.22333333333333,0.0625,6.604166666666667,0,27,96
724,55266,4.1783333333333275,0.48958333333333337,6.635416666666667,0,26,96
725,55362,7.171666666666654,0.48958333333333337,5.927083333333333,0,27,96
726,55458,49.02666666666668,0.0625,6.583333333333333,0,20,96
727,55554,43.93833333333332,0.0625,6.572916666666667,0,28,96
728,55650,9.936666666666664,0.47916666666666663,6.270833333333333,0,22,96
729,55746,42.686666666666675,0.125,6.458333333333333,0,21,96
730,55817,-32.74000000000001,0.7464788732394366,5.746478873239437,1,21,71
731,55913,49.70166666666669,0.04166666666666663,6.489583333333333,0,27,96
732,56009,24.919999999999977,0.27083333333333337,6.0,0,34,96
733,56104,-7.271666666666675,0.43157894736842106,6.2,1,24,95
734,56200,-2.7933333333333312,0.5520833333333333,6.020833333333333,0,32,96
735,56296,17.77166666666663,0.39583333333333337,6.427083333333333,0,21,96
736,56392,23.773333333333312,0.25,6.416666666666667,0,36,96
737,56487,-18.229999999999997,0.5157894736842106,6.378947368421053,1,28,95
738,56509,-18.795,0.5454545454545454,6.136363636363637,1,5,22
739,56550,-34.803333333333335,0.975609756097561,5.463414634146342,1,9,41
740,56646,-10.111666666666679,0.625,6.260416666666667,0,31,96
741,56742,43.29499999999999,0.09375,6.28125,0,27,96
742,56838,37.18833333333332,0.19791666666666663,6.197916666666667,0,23,96
743,56934,29.455000000000005,0.19791666666666663,6.34375,0,31,96
744,57030,11.251666666666658,0.40625,6.489583333333333,0,31,96
745,57126,-8.08166666666667,0.6458333333333333,7.010416666666667,0,20,96
746,57222,50.87333333333337,0.03125,6.604166666666667,0,22,96
747,57318,-8.285,0.65625,6.46875,0,21,96
748,57362,-7.863333333333335,0.25,6.045454545454546,1,16,44
749,57458,40.19500000000002,0.13541666666666663,6.46875,0,23,96
750,57554,44.806666666666715,0.125,5.895833333333333,0,23,96
751,57650,35.231666666666655,0.17708333333333337,6.677083333333333,0,24,96
752,57746,26.891666666666655,0.28125,6.302083333333333,0,24,96
753,57842,8.471666666666655,0.5208333333333333,6.239583333333333,0,20,96
754,57938,45.09000000000002,0.09375,6.375,0,23,96
755,58034,23.99499999999999,0.34375,6.40625,0,19,96
756,58130,35.63666666666665,0.16666666666666663,6.395833333333333,0,26,96
757,58226,30.408333333333317,0.30208333333333337,6.135416666666667,0,16,96
758,58309,1.574999999999985,0.2530120481927711,6.325301204819277,1,27,83
759,58405,49.963333333333345,0.04166666666666663,6.229166666666667,0,24,96
760,58501,52.693333333333335,0.0,6.291666666666667,0,26,96
761,58597,11.34,0.42708333333333337,6.0,0,29,96
762,58649,-17.103333333333335,0.4423076923076923,7.1923076923076925,1,15,52
763,58745,39.40333333333333,0.13541666666666663,6.416666666666667,0,24,96
764,58841,47.269999999999996,0.08333333333333337,6.5,0,20,96
765,58937,15.208333333333325,0.38541666666666663,6.322916666666667,0,25,96
766,59033,35.385,0.11458333333333337,6.65625,0,32,96
767,59121,-11.541666666666666,0.46590909090909094,6.3522727272727275,1,22,88
768,59217,33.058333333333316,0.23958333333333337,6.510416666666667,0,18,96
769,59313,42.25999999999999,0.11458333333333337,6.6875,0,23,96
770,59409,8.598333333333331,0.44791666666666663,6.010416666666667,0,30,96
771,59505,21.88499999999998,0.27083333333333337,6.84375,0,30,96
772,59601,49.79333333333336,0.02083333333333337,6.166666666666667,0,28,96
773,59697,27.878333333333337,0.26041666666666663,6.635416666666667,0,23,96
774,59793,13.681666666666663,0.34375,6.239583333333333,0,35,96
775,59889,36.14333333333333,0.13541666666666663,6.166666666666667,0,32,96
776,59985,46.74,0.02083333333333337,6.5625,0,28,96
777,60081,18.608333333333327,0.29166666666666663,6.885416666666667,0,30,96
778,60177,40.60833333333334,0.07291666666666663,6.322916666666667,0,32,96
779,60273,16.609999999999985,0.34375,6.375,0,34,96
780,60369,29.84833333333334,0.26041666666666663,5.885416666666667,0,27,96
781,60465,32.765,0.13541666666666663,6.59375,0,34,96
782,60484,-21.441666666666666,0.631578947368421,6.052631578947368,1,5,19
783,60580,39.58499999999999,0.09375,6.15625,0,34,96
784,60676,8.719999999999995,0.44791666666666663,6.0625,0,29,96
785,60697,-24.625,0.7619047619047619,6.142857142857143,1,6,21
786,60793,43.138333333333335,0.04166666666666663,6.197916666666667,0,33,96
787,60879,0.996666666666659,0.3023255813953488,6.232558139534884,1,25,86
788,60975,3.5933333333333355,0.5416666666666667,6.041666666666667,0,22,96
789,61071,23.98166666666666,0.3125,6.739583333333333,0,19,96
790,61167,37.123333333333335,0.15625,6.666666666666667,0,24,96
791,61263,22.13833333333333,0.26041666666666663,6.885416666666667,0,31,96
792,61359,31.426666666666662,0.1875,6.083333333333333,0,33,96
793,61455,16.755000000000006,0.34375,6.40625,0,29,96
794,61551,10.904999999999996,0.41666666666666663,6.21875,0,30,96
795,61613,-0.6466666666666754,0.14516129032258063,6.548387096774194,1,23,62
796,61689,-1.0616666666666745,0.3421052631578947,6.565789473684211,1,13,76
797,61785,20.28666666666666,0.29166666666666663,6.583333333333333,0,31,96
798,61881,9.006666666666662,0.46875,6.083333333333333,0,24,96
799,61977,23.37999999999999,0.32291666666666663,6.5625,0,22,96
800,62059,-8.50666666666668,0.3414634146341463,6.341463414634147,1,30,82
801,62155,25.95333333333334,0.20833333333333337,6.979166666666667,0,36,96
802,62251,10.303333333333331,0.42708333333333337,6.416666666666667,0,29,96
803,62347,22.943333333333317,0.28125,6.541666666666667,0,29,96
804,62443,29.58833333333332,0.20833333333333337,6.572916666666667,0,31,96
805,62539,-0.6966666666666731,0.5416666666666667,6.291666666666667,0,30,96
806,62635,47.30333333333334,0.07291666666666663,6.854166666666667,0,20,96
807,62731,33.33,0.25,6.375,0,17,96
808,62827,26.898333333333316,0.27083333333333337,6.135416666666667,0,26,96
809,62923,39.388333333333335,0.13541666666666663,6.697916666666667,0,24,96
810,63019,39.251666666666665,0.14583333333333337,6.614583333333333,0,22,96
811,63115,2.56333333333333,0.53125,6.541666666666667,0,24,96
812,63211,35.32333333333332,0.14583333333333337,6.916666666666667,0,27,96
813,63307,17.251666666666647,0.26041666666666663,6.864583333333333,0,38,96
814,63333,-14.488333333333332,0.3076923076923077,6.653846153846154,1,8,26
815,63429,23.44333333333332,0.33333333333333337,6.291666666666667,0,22,96
816,63525,5.990000000000002,0.44791666666666663,6.1875,0,33,96
817,63621,32.339999999999975,0.25,6.625,0,18,96
818,63717,49.555000000000014,0.04166666666666663,7.03125,0,19,96
819,63813,15.629999999999978,0.38541666666666663,6.0,0,27,96
820,63909,22.138333333333343,0.32291666666666663,6.447916666666667,0,26,96
821,64005,30.068333333333328,0.25,6.260416666666667,0,24,96
822,64101,19.78499999999999,0.33333333333333337,6.71875,0,25,96
823,64197,20.51833333333333,0.29166666666666663,6.947916666666667,0,30,96
824,64293,27.51833333333333,0.26041666666666663,6.697916666666667,0,26,96
825,64361,-7.4183333333333294,0.3970588235294118,6.6911764705882355,1,13,68
826,64434,-0.1749999999999936,0.23287671232876717,6.123287671232877,1,24,73
827,64530,32.428333333333335,0.23958333333333337,6.135416666666667,0,21,96
828,64626,48.94500000000005,0.07291666666666663,6.53125,0,20,96
829,64722,42.91166666666668,0.11458333333333337,6.739583333333333,0,21,96
830,64767,-8.651666666666666,0.28888888888888886,6.555555555555555,1,12,45
831,64863,40.27333333333334,0.13541666666666663,6.604166666666667,0,23,96
832,64959,29.63166666666667,0.28125,5.927083333333333,0,21,96
833,65055,50.211666666666694,0.02083333333333337,7.302083333333333,0,20,96
834,65151,36.02999999999996,0.16666666666666663,6.5,0,27,96
835,65247,45.05333333333335,0.09375,6.979166666666667,0,20,96
836,65283,-18.173333333333332,0.5555555555555556,6.388888888888889,1,6,36
837,65379,49.45666666666668,0.05208333333333337,6.708333333333333,0,20,96
838,65475,11.628333333333327,0.36458333333333337,6.572916666666667,0,34,96
839,65571,46.65500000000001,0.05208333333333337,6.78125,0,23,96
840,65667,51.17999999999999,0.0625,6.6875,0,18,96
841,65754,7.9749999999999766,0.22988505747126442,6.862068965517241,1,22,87
842,65850,50.089999999999996,0.03125,6.9375,0,22,96
843,65946,28.831666666666656,0.23958333333333337,6.552083333333333,0,24,96
844,66042,21.03333333333333,0.34375,6.604166666666667,0,23,96
845,66138,46.500000000000014,0.0625,6.8125,0,22,96
846,66234,15.891666666666644,0.39583333333333337,6.739583333333333,0,23,96
847,66330,16.496666666666673,0.41666666666666663,6.208333333333333,0,22,96
848,66426,45.77999999999997,0.08333333333333337,6.875,0,21,96
849,66522,49.995000000000005,0.01041666666666663,6.65625,0,24,96
850,66618,22.593333333333312,0.29166666666666663,6.604166666666667,0,29,96
851,66714,30.621666666666638,0.28125,6.427083333333333,0,16,96
852,66810,40.55666666666667,0.16666666666666663,6.770833333333333,0,18,96
853,66906,49.40833333333333,0.03125,6.885416666666667,0,22,96
854,67002,50.84166666666671,0.02083333333333337,6.802083333333333,0,23,96
855,67098,29.4,0.23958333333333337,6.5625,0,26,96
856,67180,-10.940000000000001,0.524390243902439,5.853658536585366,1,13,82
857,67276,11.995,0.42708333333333337,5.90625,0,28,96
858,67372,-14.071666666666683,0.71875,6.010416666666667,0,24,96
859,67468,37.01333333333333,0.16666666666666663,6.854166666666667,0,23,96
860,67564,15.384999999999998,0.375,5.96875,0,30,96
861,67660,39.315,0.19791666666666663,6.34375,0,17,96
862,67756,18.783333333333307,0.375,6.104166666666667,0,25,96
863,67852,49.54999999999999,0.0625,6.8125,0,18,96
864,67948,44.23666666666664,0.08333333333333337,6.770833333333333,0,22,96
865,68044,28.83666666666663,0.28125,6.583333333333333,0,19,96
866,68140,21.66833333333333,0.3125,6.197916666666667,0,28,96
867,68236,27.999999999999968,0.25,6.3125,0,28,96
868,68332,39.57333333333332,0.125,6.791666666666667,0,24,96
869,68428,9.969999999999999,0.40625,7.0625,0,26,96
870,68524,35.28166666666666,0.17708333333333337,6.802083333333333,0,24,96
871,68620,36.47166666666667,0.15625,7.114583333333333,0,22,96
872,68716,15.863333333333339,0.4375,6.104166666666667,0,20,96
873,68812,40.854999999999976,0.11458333333333337,7.03125,0,23,96
874,68908,50.788333333333355,0.0,6.822916666666667,0,26,96
875,69004,53.42666666666668,0.01041666666666663,6.895833333333333,0,19,96
876,69100,8.708333333333329,0.47916666666666663,6.635416666666667,0,21,96
877,69196,27.761666666666645,0.27083333333333337,6.552083333333333,0,21,96
878,69292,3.8583333333333343,0.48958333333333337,6.510416666666667,0,28,96
879,69319,-21.573333333333338,0.5555555555555556,6.296296296296297,1,10,27
880,69415,16.971666666666657,0.35416666666666663,6.677083333333333,0,28,96
881,69511,27.923333333333325,0.28125,7.166666666666667,0,15,96
882,69607,45.395,0.08333333333333337,6.84375,0,20,96
883,69632,-24.006666666666668,0.64,5.92,1,10,25
884,69728,49.955000000000034,0.01041666666666663,6.21875,0,26,96
885,69824,55.56499999999999,0.0,6.90625,0,18,96
886,69920,31.409999999999982,0.15625,7.25,0,29,96
887,70016,32.10999999999998,0.20833333333333337,6.6875,0,24,96
888,70112,23.70333333333334,0.33333333333333337,6.229166666666667,0,20,96
889,70208,33.64499999999999,0.21875,6.46875,0,23,96
890,70304,30.904999999999966,0.22916666666666663,6.15625,0,26,96
891,70398,-3.9766666666666666,0.36170212765957444,7.829787234042553,1,17,94
892,70444,-21.151666666666667,0.5652173913043479,6.543478260869565,1,11,46
893,70540,18.97166666666667,0.32291666666666663,5.552083333333333,0,34,96
894,70636,5.363333333333336,0.5,6.604166666666667,0,24,96
895,70732,46.6616666666667,0.02083333333333337,6.927083333333333,0,27,96
896,70828,34.97999999999999,0.15625,6.5625,0,27,96
897,70924,49.10499999999997,0.03125,6.40625,0,24,96
898,71020,9.628333333333332,0.48958333333333337,6.447916666666667,0,19,96
899,71116,18.044999999999998,0.34375,6.59375,0,27,96
900,71212,47.59666666666671,0.08333333333333337,6.458333333333333,0,22,96
901,71308,37.214999999999996,0.10416666666666663,6.78125,0,32,96
902,71404,22.48166666666665,0.32291666666666663,6.364583333333333,0,23,96
903,71500,33.275000000000006,0.25,6.40625,0,17,96
904,71596,23.81666666666667,0.28125,6.958333333333333,0,24,96
905,71672,-5.290000000000003,0.3157894736842105,6.631578947368421,1,23,76
906,71768,25.841666666666647,0.29166666666666663,6.177083333333333,0,24,96
907,71864,38.87166666666668,0.1875,6.739583333333333,0,16,96
908,71960,44.30000000000002,0.11458333333333337,6.4375,0,21,96
909,72056,33.09166666666663,0.20833333333333337,6.364583333333333,0,28,96
910,72152,42.9816666666667,0.14583333333333337,6.427083333333333,0,19,96
911,72248,13.92666666666665,0.39583333333333337,6.145833333333333,0,29,96
912,72344,22.24666666666664,0.21875,6.520833333333333,0,41,96
913,72440,26.291666666666654,0.26041666666666663,6.677083333333333,0,27,96
914,72536,16.779999999999998,0.32291666666666663,6.5,0,33,96
915,72632,28.394999999999968,0.17708333333333337,6.59375,0,36,96
916,72728,20.488333333333312,0.22916666666666663,6.572916666666667,0,42,96
917,72824,26.468333333333305,0.15625,6.572916666666667,0,45,96
918,72920,24.488333333333312,0.29166666666666663,6.260416666666667,0,28,96
919,73016,41.79666666666667,0.08333333333333337,7.020833333333333,0,25,96
920,73112,34.71833333333332,0.125,7.635416666666667,0,26,96
921,73208,16.393333333333334,0.34375,6.916666666666667,0,29,96
922,73304,13.641666666666653,0.3125,6.614583333333333,0,40,96
923,73373,-9.276666666666667,0.34782608695652173,6.231884057971015,1,25,69
924,73469,32.24833333333334,0.20833333333333337,6.197916666666667,0,28,96
925,73565,27.953333333333326,0.22916666666666663,6.979166666666667,0,27,96
926,73661,19.323333333333323,0.29166666666666663,6.416666666666667,0,34,96
927,73757,28.516666666666676,0.20833333333333337,7.395833333333333,0,25,96
928,73853,11.939999999999998,0.36458333333333337,7.5,0,28,96
929,73949,33.86333333333332,0.08333333333333337,6.354166666666667,0,44,96
930,74045,39.188333333333325,0.11458333333333337,6.635416666666667,0,26,96
931,74141,41.13333333333333,0.15625,6.104166666666667,0,23,96
932,74200,-4.153333333333332,0.23728813559322037,6.6440677966101696,1,18,59
933,74296,51.21999999999999,0.05208333333333337,6.5,0,20,96
934,74392,34.91333333333331,0.20833333333333337,6.729166666666667,0,19,96
935,74488,33.848333333333315,0.20833333333333337,6.510416666666667,0,24,96
936,74584,38.95833333333334,0.13541666666666663,6.635416666666667,0,25,96
937,74680,15.314999999999989,0.39583333333333337,6.28125,0,25,96
938,74776,29.384999999999977,0.28125,6.65625,0,19,96
939,74872,49.82666666666665,0.05208333333333337,6.708333333333333,0,18,96
940,74968,52.549999999999976,0.02083333333333337,6.5625,0,18,96
941,75064,15.39499999999999,0.39583333333333337,6.46875,0,26,96
942,75160,21.923333333333314,0.32291666666666663,6.354166666666667,0,25,96
943,75256,38.74166666666663,0.19791666666666663,6.739583333333333,0,15,96
944,75352,41.495,0.15625,6.28125,0,21,96
945,75441,-15.02666666666667,0.5168539325842696,6.449438202247191,1,20,89
946,75537,4.784999999999994,0.5416666666666667,6.21875,0,18,96
947,75633,26.77833333333332,0.26041666666666663,6.822916666666667,0,23,96
948,75729,48.55500000000002,0.07291666666666663,6.59375,0,21,96
949,75825,41.93666666666669,0.16666666666666663,6.520833333333333,0,17,96
950,75921,41.146666666666675,0.11458333333333337,6.770833333333333,0,23,96
951,76017,34.91666666666666,0.1875,7.020833333333333,0,20,96
952,76113,3.7516666666666643,0.5416666666666667,6.302083333333333,0,22,96
953,76209,22.926666666666645,0.30208333333333337,6.708333333333333,0,22,96
954,76305,23.57333333333332,0.3125,6.541666666666667,0,21,96
955,76401,42.209999999999965,0.0625,7.0,0,29,96
956,76497,9.511666666666665,0.5104166666666667,6.489583333333333,0,16,96
957,76593,19.69166666666666,0.30208333333333337,6.739583333333333,0,28,96
958,76689,39.31333333333334,0.14583333333333337,6.791666666666667,0,23,96
959,76785,31.83166666666666,0.1875,7.427083333333333,0,24,96
960,76881,-4.643333333333343,0.6145833333333333,6.708333333333333,0,22,96
961,76977,2.658333333333333,0.5729166666666667,6.260416666666667,0,18,96
962,77073,49.21333333333333,0.0625,7.041666666666667,0,18,96
963,77169,51.40166666666668,0.02083333333333337,6.739583333333333,0,22,96
964,77265,10.716666666666665,0.45833333333333337,6.583333333333333,0,20,96
965,77361,46.370000000000005,0.10416666666666663,6.8125,0,19,96
966,77457,38.74166666666665,0.11458333333333337,6.427083333333333,0,29,96
967,77553,43.24833333333331,0.09375,6.010416666666667,0,29,96
968,77649,20.038333333333327,0.36458333333333337,6.260416666666667,0,25,96
969,77745,29.56833333333332,0.22916666666666663,6.572916666666667,0,26,96
970,77841,23.831666666666656,0.36458333333333337,6.364583333333333,0,15,96
971,77937,47.45500000000001,0.07291666666666663,6.78125,0,19,96
972,78033,34.144999999999975,0.25,6.28125,0,19,96
973,78129,8.986666666666661,0.5104166666666667,5.958333333333333,0,21,96
974,78225,37.73500000000002,0.1875,6.71875,0,18,96
975,78321,57.33333333333333,0.01041666666666663,6.791666666666667,0,13,96
976,78417,18.076666666666657,0.34375,6.333333333333333,0,29,96
977,78513,17.248333333333328,0.32291666666666663,6.822916666666667,0,32,96
978,78552,-15.67666666666667,0.4871794871794872,6.410256410256411,1,7,39
979,78561,-20.811666666666667,0.7777777777777778,3.4444444444444446,1,2,9
980,78657,30.218333333333323,0.29166666666666663,6.385416666666667,0,17,96
981,78753,22.464999999999993,0.375,6.28125,0,16,96
982,78849,37.87499999999998,0.17708333333333337,6.78125,0,18,96
983,78945,49.93833333333336,0.07291666666666663,6.947916666666667,0,15,96
984,79041,39.241666666666646,0.19791666666666663,6.802083333333333,0,13,96
985,79137,41.46333333333334,0.14583333333333337,6.666666666666667,0,19,96
986,79170,-18.785,0.6060606060606061,5.0,1,7,33
987,79266,36.45833333333329,0.1875,6.697916666666667,0,21,96
988,79362,13.418333333333331,0.40625,6.697916666666667,0,25,96
989,79458,31.911666666666655,0.1875,6.614583333333333,0,29,96
990,79554,51.20333333333335,0.03125,6.666666666666667,0,22,96
991,79650,22.448333333333295,0.28125,6.760416666666667,0,31,96
992,79746,20.42333333333329,0.34375,6.604166666666667,0,22,96
993,79842,-0.8283333333333405,0.5416666666666667,6.489583333333333,0,27,96
994,79938,51.30999999999999,0.03125,6.6875,0,21,96
995,80034,49.076666666666625,0.04166666666666663,6.770833333333333,0,24,96
996,80130,30.83166666666666,0.15625,6.802083333333333,0,35,96
997,80226,36.03499999999998,0.20833333333333337,6.65625,0,19,96
998,80316,25.733333333333366,0.06666666666666665,6.511111111111111,1,20,90
999,80412,42.3983333333333,0.0,6.885416666666667,0,42,96
1000,80508,44.03166666666666,0.14583333333333337,6.614583333333333,0,14,96
1001,80604,46.38500000000001,0.09375,6.59375,0,21,96
1002,80700,41.016666666666666,0.13541666666666663,6.645833333333333,0,22,96
1003,80796,24.11666666666665,0.28125,7.458333333333333,0,21,96
1004,80892,50.3733333333333,0.0625,6.354166666666667,0,20,96
1005,80988,8.879999999999994,0.5,6.75,0,17,96
1006,81013,-16.561666666666664,0.31999999999999995,6.28,1,10,25
1007,81109,24.959999999999972,0.30208333333333337,6.375,0,24,96
1008,81205,41.305000000000014,0.13541666666666663,6.78125,0,21,96
1009,81301,20.23833333333333,0.3125,6.697916666666667,0,27,96
1010,81397,36.919999999999995,0.17708333333333337,6.625,0,21,96
1011,81493,31.838333333333313,0.1875,6.447916666666667,0,31,96
1012,81589,52.61333333333333,0.02083333333333337,6.729166666666667,0,21,96
1013,81685,35.271666666666654,0.15625,6.864583333333333,0,27,96
1014,81781,43.98666666666671,0.10416666666666663,6.833333333333333,0,21,96
1015,81877,22.02333333333332,0.25,6.604166666666667,0,35,96
1016,81931,-17.795000000000005,0.5925925925925926,6.277777777777778,1,8,54
1017,82027,28.81166666666664,0.20833333333333337,6.552083333333333,0,33,96
1018,82123,26.099999999999984,0.30208333333333337,6.375,0,24,96
1019,82219,17.789999999999978,0.41666666666666663,6.4375,0,19,96
1020,82315,28.524999999999967,0.28125,6.59375,0,20,96
1021,82411,51.89166666666667,0.04166666666666663,6.989583333333333,0,16,96
1022,82456,-6.965000000000007,0.2666666666666667,6.066666666666666,1,13,45
1023,82552,47.32166666666668,0.07291666666666663,6.552083333333333,0,23,96
1024,82648,30.92166666666665,0.23958333333333337,6.427083333333333,0,25,96
1025,82744,23.169999999999998,0.30208333333333337,6.5625,0,27,96
1026,82840,33.67166666666665,0.04166666666666663,6.989583333333333,0,49,96
1027,82936,24.453333333333333,0.26041666666666663,7.041666666666667,0,28,96
1028,83032,48.545000000000016,0.10416666666666663,6.65625,0,14,96
1029,83128,11.35166666666667,0.47916666666666663,6.552083333333333,0,17,96
1030,83224,34.96833333333329,0.17708333333333337,6.572916666666667,0,26,96
1031,83320,46.51500000000003,0.05208333333333337,6.78125,0,25,96
1032,83416,38.52333333333335,0.14583333333333337,6.729166666666667,0,25,96
1033,83508,-8.771666666666674,0.4782608695652174,6.5978260869565215,1,17,92
1034,83604,24.03666666666663,0.3125,6.645833333333333,0,22,96
1035,83700,9.300000000000006,0.5,6.5625,0,19,96
1036,83796,17.566666666666666,0.375,6.645833333333333,0,25,96
1037,83892,38.368333333333325,0.13541666666666663,6.697916666666667,0,26,96
1038,83988,32.19333333333333,0.15625,6.916666666666667,0,31,96
1039,84084,46.518333333333366,0.05208333333333337,6.885416666666667,0,24,96
1040,84180,31.813333333333304,0.22916666666666663,6.729166666666667,0,23,96
1041,84273,10.353333333333332,0.24731182795698925,6.301075268817204,1,22,93
1042,84369,33.079999999999984,0.1875,6.9375,0,24,96
1043,84465,27.31666666666666,0.22916666666666663,6.583333333333333,0,30,96
1044,84513,-10.411666666666672,0.39583333333333337,6.395833333333333,1,8,48
1045,84609,24.731666666666644,0.32291666666666663,6.802083333333333,0,18,96
1046,84705,19.224999999999987,0.34375,6.65625,0,27,96
1047,84801,45.140000000000015,0.125,6.75,0,18,96
1048,84897,40.38166666666665,0.17708333333333337,6.739583333333333,0,17,96
1049,84993,25.554999999999996,0.21875,6.65625,0,36,96
1050,85089,25.21333333333332,0.22916666666666663,6.666666666666667,0,31,96
1051,85185,20.583333333333314,0.33333333333333337,6.604166666666667,0,26,96
1052,85281,47.31166666666667,0.01041666666666663,6.927083333333333,0,30,96
1053,85377,22.188333333333315,0.29166666666666663,6.760416666666667,0,29,96
1054,85473,35.47333333333333,0.14583333333333337,6.979166666666667,0,28,96
1055,85569,-16.881666666666682,0.6666666666666667,6.572916666666667,0,35,96
1056,85665,-0.895,0.5,6.34375,0,35,96
1057,85761,14.33666666666666,0.35416666666666663,6.520833333333333,0,32,96
1058,85857,35.75999999999999,0.13541666666666663,6.0625,0,35,96
1059,85886,-15.73,0.3448275862068966,6.206896551724138,1,11,29
1060,85982,30.91499999999999,0.14583333333333337,6.71875,0,35,96
1061,86078,-7.2883333333333375,0.5833333333333333,6.239583333333333,0,34,96
1062,86174,14.503333333333334,0.32291666666666663,6.604166666666667,0,38,96
1063,86270,19.011666666666642,0.35416666666666663,6.677083333333333,0,23,96
1064,86366,33.60166666666665,0.14583333333333337,6.614583333333333,0,34,96
1065,86462,42.203333333333326,0.04166666666666663,6.791666666666667,0,34,96
1066,86558,-0.9400000000000037,0.53125,6.6875,0,28,96
1067,86654,28.303333333333352,0.15625,7.416666666666667,0,35,96
1068,86750,33.58333333333331,0.17708333333333337,6.791666666666667,0,28,96
1069,86846,28.29166666666666,0.23958333333333337,6.864583333333333,0,24,96
1070,86942,22.05166666666667,0.28125,7.802083333333333,0,21,96
1071,87038,3.231666666666664,0.5104166666666667,6.614583333333333,0,25,96
1072,87134,33.89499999999999,0.16666666666666663,6.78125,0,29,96
1073,87230,18.848333333333343,0.34375,6.635416666666667,0,25,96
1074,87326,32.946666666666715,0.16666666666666663,6.583333333333333,0,34,96
1075,87422,-0.12666666666667536,0.5625,6.729166666666667,0,22,96
1076,87518,17.039999999999996,0.3125,6.375,0,36,96
1077,87614,44.94500000000001,0.07291666666666663,6.65625,0,24,96
1078,87710,35.39333333333335,0.09375,6.916666666666667,0,34,96
1079,87806,36.01999999999997,0.11458333333333337,6.25,0,38,96
1080,87902,32.499999999999986,0.20833333333333337,6.4375,0,25,96
1081,87998,14.279999999999994,0.3125,6.25,0,43,96
1082,88094,11.429999999999989,0.375,6.6875,0,32,96
1083,88190,6.029999999999999,0.41666666666666663,6.5625,0,37,96
1084,88286,51.27000000000003,0.01041666666666663,6.1875,0,25,96
1085,88312,-25.006666666666668,0.8076923076923077,6.153846153846154,1,4,26
1086,88408,21.108333333333317,0.33333333333333337,7.010416666666667,0,22,96
1087,88504,21.43,0.375,6.6875,0,16,96
1088,88600,24.28999999999999,0.28125,6.6875,0,27,96
1089,88696,55.65666666666667,0.02083333333333337,6.583333333333333,0,16,96
1090,88792,22.91333333333332,0.26041666666666663,6.916666666666667,0,30,96
1091,88888,7.604999999999999,0.42708333333333337,6.96875,0,28,96
1092,88984,26.254999999999978,0.30208333333333337,6.65625,0,21,96
1093,89080,17.72166666666667,0.42708333333333337,6.489583333333333,0,13,96
1094,89176,44.070000000000014,0.04166666666666663,6.8125,0,27,96
1095,89271,-0.36333333333334394,0.34736842105263155,6.463157894736842,1,24,95
1096,89367,18.58999999999999,0.39583333333333337,5.75,0,24,96
1097,89463,8.066666666666658,0.45833333333333337,6.083333333333333,0,31,96
1098,89559,7.901666666666666,0.5104166666666667,6.239583333333333,0,21,96
1099,89655,18.66833333333333,0.375,6.260416666666667,0,24,96
1100,89751,39.065,0.14583333333333337,6.90625,0,22,96
1101,89847,16.34333333333334,0.35416666666666663,6.291666666666667,0,29,96
1102,89941,23.226666666666695,0.11702127659574468,6.659574468085107,1,20,94
1103,90037,38.06666666666666,0.19791666666666663,6.333333333333333,0,19,96
1104,90133,24.789999999999978,0.34375,6.375,0,20,96
1105,90229,19.093333333333327,0.35416666666666663,6.291666666666667,0,26,96
1106,90325,14.484999999999992,0.375,6.34375,0,32,96
1107,90421,25.785000000000007,0.25,6.71875,0,27,96
1108,90517,34.09666666666668,0.19791666666666663,6.083333333333333,0,27,96
1109,90613,28.08499999999998,0.25,6.71875,0,25,96
1110,90709,0.7566666666666593,0.53125,6.520833333333333,0,27,96
1111,90805,58.47499999999997,0.0,6.34375,0,15,96
1112,90901,15.069999999999997,0.41666666666666663,6.125,0,25,96
1113,90997,25.00833333333332,0.27083333333333337,6.822916666666667,0,28,96
1114,91093,29.17333333333332,0.26041666666666663,6.416666666666667,0,26,96
1115,91189,32.666666666666686,0.16666666666666663,6.020833333333333,0,34,96
1116,91285,26.11833333333333,0.30208333333333337,6.322916666666667,0,21,96
1117,91381,39.919999999999995,0.14583333333333337,6.5,0,24,96
1118,91467,-5.485000000000012,0.39534883720930236,6.244186046511628,1,25,86
1119,91556,-20.251666666666672,0.6292134831460674,5.674157303370786,1,17,89
1120,91652,37.87333333333331,0.16666666666666663,6.666666666666667,0,22,96
1121,91748,13.568333333333328,0.4375,6.385416666666667,0,22,96
1122,91844,41.79333333333338,0.125,6.479166666666667,0,23,96
1123,91940,54.39333333333336,0.02083333333333337,6.479166666666667,0,19,96
1124,92036,23.384999999999998,0.30208333333333337,6.59375,0,24,96
1125,92044,-21.87,1.0,4.5,1,0,8
1126,92114,-6.341666666666669,0.3857142857142857,6.271428571428571,1,16,70
1127,92156,-21.576666666666668,0.6428571428571428,5.9523809523809526,1,8,42
1128,92252,32.02833333333331,0.22916666666666663,6.697916666666667,0,21,96
1129,92348,48.87499999999999,0.05208333333333337,6.78125,0,20,96
1130,92444,17.644999999999996,0.38541666666666663,6.53125,0,21,96
1131,92540,53.17500000000002,0.02083333333333337,6.34375,0,23,96
1132,92614,2.7483333333333206,0.28378378378378377,6.5,1,14,74
1133,92710,18.111666666666665,0.42708333333333337,6.177083333333333,0,17,96
1134,92785,9.344999999999985,0.22666666666666668,6.04,1,14,75
1135,92881,33.304999999999986,0.22916666666666663,6.65625,0,21,96
1136,92977,47.525,0.09375,6.53125,0,19,96
1137,93073,41.64499999999999,0.15625,6.78125,0,18,96
1138,93169,55.57666666666667,0.01041666666666663,6.333333333333333,0,18,96
1139,93265,4.749999999999997,0.5625,6.0,0,20,96
1140,93361,51.7716666666667,0.04166666666666663,6.614583333333333,0,20,96
1141,93457,23.144999999999996,0.35416666666666663,6.71875,0,18,96
1142,93553,52.78000000000004,0.0625,6.8125,0,13,96
1143,93649,46.25999999999998,0.07291666666666663,7.0,0,20,96
1144,93745,41.73166666666668,0.14583333333333337,6.802083333333333,0,17,96
1145,93841,-0.781666666666671,0.5833333333333333,6.197916666666667,0,25,96
1146,93937,25.711666666666652,0.29166666666666663,6.677083333333333,0,21,96
1147,94033,12.57833333333333,0.46875,6.885416666666667,0,14,96
1148,94129,54.4866666666667,0.04166666666666663,6.520833333333333,0,14,96
1149,94225,-3.3500000000000165,0.6041666666666667,6.3125,0,24,96
1150,94321,13.26333333333333,0.41666666666666663,6.666666666666667,0,23,96
1151,94417,40.22666666666668,0.13541666666666663,6.770833333333333,0,25,96
1152,94513,21.29333333333332,0.3125,6.666666666666667,0,28,96
1153,94609,44.89000000000003,0.03125,6.25,0,35,96
1154,94705,12.373333333333333,0.41666666666666663,6.041666666666667,0,31,96
1155,94801,14.531666666666649,0.375,6.302083333333333,0,28,96
1156,94897,10.396666666666661,0.41666666666666663,6.395833333333333,0,28,96
1157,94993,43.17000000000001,0.10416666666666663,6.625,0,23,96
1158,95089,22.9,0.34375,6.6875,0,19,96
1159,95185,0.8116666666666636,0.5208333333333333,6.552083333333333,0,29,96
1160,95279,-19.575,0.5638297872340425,6.351063829787234,1,24,94
1161,95375,14.173333333333323,0.45833333333333337,6.291666666666667,0,18,96
1162,95471,43.17000000000002,0.10416666666666663,6.6875,0,23,96
1163,95567,7.136666666666657,0.48958333333333337,6.458333333333333,0,25,96
1164,95663,13.013333333333328,0.33333333333333337,6.666666666666667,0,37,96
1165,95759,29.959999999999994,0.23958333333333337,6.625,0,24,96
1166,95855,-9.838333333333335,0.6145833333333333,6.177083333333333,0,34,96
1167,95951,15.163333333333332,0.35416666666666663,6.104166666666667,0,33,96
1168,95980,-13.658333333333337,0.3448275862068966,6.793103448275862,1,6,29
1169,96076,37.90500000000001,0.15625,6.90625,0,22,96
1170,96172,34.06333333333332,0.22916666666666663,6.604166666666667,0,19,96
1171,96268,28.138333333333314,0.28125,6.385416666666667,0,22,96
1172,96364,24.32666666666665,0.1875,6.895833333333333,0,40,96
1173,96460,20.664999999999985,0.30208333333333337,6.15625,0,32,96
1174,96556,46.086666666666694,0.10416666666666663,6.520833333333333,0,20,96
1175,96652,27.39166666666666,0.27083333333333337,6.302083333333333,0,25,96
1176,96748,49.47333333333336,0.0625,6.791666666666667,0,19,96
1177,96844,-4.798333333333334,0.59375,6.614583333333333,0,27,96
1178,96940,30.455,0.20833333333333337,6.46875,0,31,96
1179,97036,41.35666666666669,0.08333333333333337,6.458333333333333,0,33,96
1180,97132,9.398333333333312,0.41666666666666663,6.510416666666667,0,30,96
1181,97228,26.86499999999999,0.23958333333333337,6.59375,0,31,96
1182,97324,22.52999999999997,0.3125,6.5,0,29,96
1183,97420,35.05333333333333,0.17708333333333337,6.354166666666667,0,27,96
1184,97516,49.53000000000001,0.0,6.375,0,33,96
1185,97612,12.549999999999995,0.33333333333333337,6.625,0,41,96
1186,97708,35.25666666666665,0.15625,6.583333333333333,0,29,96
1187,97804,27.31833333333329,0.3125,6.447916666666667,0,18,96
1188,97900,32.738333333333316,0.14583333333333337,6.697916666666667,0,33,96
1189,97996,19.648333333333326,0.32291666666666663,6.510416666666667,0,28,96
1190,98092,45.95333333333334,0.03125,7.229166666666667,0,27,96
1191,98188,49.63166666666665,0.02083333333333337,7.114583333333333,0,23,96
1192,98284,43.36333333333335,0.125,6.729166666666667,0,20,96
1193,98380,30.25333333333331,0.17708333333333337,7.604166666666667,0,28,96
1194,98476,9.83833333333333,0.48958333333333337,6.697916666666667,0,18,96
1195,98572,38.95000000000003,0.16666666666666663,6.5625,0,22,96
1196,98668,48.81500000000001,0.10416666666666663,6.40625,0,15,96
1197,98764,11.75333333333333,0.42708333333333337,6.604166666666667,0,26,96
1198,98860,34.90999999999999,0.25,6.75,0,16,96
1199,98956,46.62000000000002,0.08333333333333337,6.8125,0,20,96
1200,99052,-5.40500000000001,0.5625,6.78125,0,30,96
1201,99148,2.273333333333327,0.5,6.604166666666667,0,30,96
1202,99244,-5.638333333333336,0.5833333333333333,6.802083333333333,0,29,96
1203,99340,53.303333333333356,0.03125,6.604166666666667,0,18,96
1204,99436,24.37166666666666,0.19791666666666663,7.364583333333333,0,35,96
1205,99532,49.28000000000003,0.07291666666666663,6.625,0,20,96
1206,99628,46.24666666666666,0.0625,6.520833333333333,0,27,96
1207,99724,27.313333333333315,0.23958333333333337,6.604166666666667,0,31,96
1208,99820,27.843333333333316,0.26041666666666663,6.604166666666667,0,25,96
1209,99916,23.45666666666664,0.33333333333333337,6.520833333333333,0,21,96
1210,100012,46.435000000000024,0.07291666666666663,6.59375,0,26,96
1211,100108,57.84333333333338,0.02083333333333337,6.729166666666667,0,14,96
1212,100204,32.059999999999974,0.22916666666666663,6.5625,0,24,96
1213,100300,32.5933333333333,0.23958333333333337,6.541666666666667,0,22,96
1214,100396,41.36833333333334,0.17708333333333337,6.447916666666667,0,16,96
1215,100492,46.33833333333334,0.07291666666666663,6.697916666666667,0,24,96
1216,100588,23.953333333333312,0.3125,6.416666666666667,0,25,96
1217,100684,10.821666666666639,0.44791666666666663,6.552083333333333,0,24,96
1218,100780,22.054999999999986,0.3125,6.59375,0,26,96
1219,100876,4.818333333333324,0.4375,6.510416666666667,0,36,96
1220,100972,18.213333333333324,0.36458333333333337,6.666666666666667,0,26,96
1221,101068,42.176666666666655,0.14583333333333337,6.645833333333333,0,19,96
1222,101164,26.604999999999976,0.30208333333333337,7.03125,0,17,96
1223,101260,55.050000000000054,0.04166666666666663,6.6875,0,15,96
1224,101356,34.031666666666716,0.20833333333333337,6.739583333333333,0,22,96
1225,101452,53.436666666666675,0.0,6.770833333333333,0,21,96
1226,101548,21.164999999999985,0.34375,6.65625,0,23,96
1227,101644,11.729999999999999,0.4375,6.6875,0,23,96
1228,101740,0.9333333333333286,0.48958333333333337,7.166666666666667,0,27,96
1229,101836,37.74,0.15625,6.0625,0,27,96
1230,101932,22.051666666666645,0.375,6.239583333333333,0,20,96
1231,102028,52.42833333333337,0.05208333333333337,6.572916666666667,0,17,96
1232,102124,29.25999999999999,0.26041666666666663,6.75,0,20,96
1233,102220,12.758333333333336,0.375,7.447916666666667,0,25,96
1234,102316,18.99499999999998,0.42708333333333337,6.15625,0,16,96
1235,102412,23.195000000000004,0.34375,6.09375,0,21,96
1236,102508,18.941666666666666,0.375,6.489583333333333,0,23,96
1237,102604,-13.021666666666677,0.625,6.447916666666667,0,36,96
1238,102700,-5.533333333333341,0.6354166666666667,6.395833333333333,0,22,96
1239,102796,20.758333333333308,0.375,6.197916666666667,0,20,96
1240,102892,18.678333333333324,0.34375,6.447916666666667,0,28,96
1241,102988,47.63666666666669,0.01041666666666663,6.895833333333333,0,29,96
1242,103084,-13.139999999999999,0.6666666666666667,6.4375,0,30,96
1243,103180,15.779999999999978,0.35416666666666663,6.4375,0,31,96
1244,103276,42.783333333333346,0.04166666666666663,6.479166666666667,0,35,96
1245,103372,16.508333333333304,0.32291666666666663,6.322916666666667,0,36,96
1246,103468,33.938333333333304,0.21875,6.635416666666667,0,20,96
1247,103564,14.746666666666657,0.40625,6.458333333333333,0,25,96
1248,103660,19.509999999999984,0.25,6.6875,0,42,96
1249,103756,8.771666666666654,0.38541666666666663,6.739583333333333,0,35,96
1250,103852,5.1883333333333335,0.44791666666666663,6.635416666666667,0,34,96
1251,103948,34.348333333333315,0.13541666666666663,6.947916666666667,0,32,96
1252,104044,28.251666666666647,0.22916666666666663,6.802083333333333,0,27,96
1253,104140,21.221666666666643,0.29166666666666663,6.489583333333333,0,32,96
1254,104236,26.356666666666637,0.25,6.645833333333333,0,29,96
1255,104332,45.358333333333306,0.10416666666666663,6.510416666666667,0,19,96
1256,104428,10.12166666666666,0.40625,6.677083333333333,0,29,96
1257,104524,40.04333333333332,0.14583333333333337,6.729166666666667,0,21,96
1258,104571,-19.08,0.5106382978723405,6.638297872340425,1,13,47
1259,104667,37.78499999999998,0.13541666666666663,6.84375,0,26,96
1260,104763,30.709999999999983,0.25,6.625,0,20,96
1261,104859,50.288333333333334,0.04166666666666663,6.947916666666667,0,19,96
1262,104955,17.129999999999995,0.38541666666666663,6.4375,0,25,96
1263,105051,47.620000000000026,0.07291666666666663,6.75,0,20,96
1264,105147,18.07166666666665,0.35416666666666663,6.427083333333333,0,28,96
1265,105243,45.46666666666665,0.125,6.958333333333333,0,16,96
1266,105339,20.648333333333305,0.39583333333333337,6.447916666666667,0,17,96
1267,105435,15.141666666666666,0.33333333333333337,7.052083333333333,0,31,96
1268,105531,57.14333333333337,0.0,6.541666666666667,0,17,96
1269,105627,20.579999999999973,0.32291666666666663,6.75,0,26,96
1270,105723,17.568333333333328,0.35416666666666663,6.697916666666667,0,26,96
1271,105819,33.66,0.1875,6.4375,0,28,96
1272,105915,23.574999999999992,0.27083333333333337,6.34375,0,31,96
1273,106011,48.94499999999999,0.05208333333333337,6.21875,0,23,96
1274,106107,10.903333333333324,0.34375,6.541666666666667,0,40,96
1275,106203,16.09333333333333,0.35416666666666663,6.604166666666667,0,29,96
1276,106299,25.123333333333317,0.32291666666666663,6.166666666666667,0,24,96
1277,106395,-8.80166666666667,0.625,6.322916666666667,0,30,96
1278,106491,29.84166666666665,0.29166666666666663,6.114583333333333,0,20,96
1279,106587,-2.386666666666674,0.5625,6.291666666666667,0,30,96
1280,106683,42.148333333333326,0.05208333333333337,6.385416666666667,0,35,96
1281,106779,12.473333333333327,0.4375,6.291666666666667,0,23,96
1282,106875,-2.2200000000000104,0.5104166666666667,6.375,0,37,96
1283,106971,18.46333333333331,0.3125,6.479166666666667,0,33,96
1284,107067,55.54833333333335,0.05208333333333337,6.197916666666667,0,14,96
1285,107163,48.64666666666668,0.08333333333333337,6.770833333333333,0,19,96
1286,107259,19.92499999999998,0.34375,6.59375,0,26,96
1287,107355,58.27500000000004,0.03125,6.78125,0,10,96
1288,107361,-21.75333333333333,1.0,4.333333333333333,1,1,6
1289,107444,-7.136666666666667,0.4337349397590361,6.554216867469879,1,17,83
1290,107540,33.236666666666665,0.19791666666666663,6.708333333333333,0,25,96
1291,107636,10.719999999999997,0.44791666666666663,6.625,0,24,96
1292,107732,18.433333333333326,0.35416666666666663,6.354166666666667,0,28,96
1293,107828,54.88500000000002,0.01041666666666663,6.71875,0,20,96
1294,107924,9.089999999999996,0.45833333333333337,6.3125,0,28,96
1295,108020,14.873333333333312,0.41666666666666663,6.166666666666667,0,26,96
1296,108116,21.03666666666667,0.34375,6.395833333333333,0,24,96
1297,108212,26.20333333333334,0.3125,6.166666666666667,0,24,96
1298,108308,43.460000000000015,0.13541666666666663,6.625,0,19,96
1299,108404,17.67333333333332,0.38541666666666663,6.291666666666667,0,24,96
1300,108500,27.82999999999999,0.30208333333333337,6.75,0,16,96
1301,108596,45.37500000000001,0.09375,6.84375,0,20,96
1302,108692,54.89833333333338,0.02083333333333337,6.760416666666667,0,17,96
1303,108788,10.136666666666668,0.48958333333333337,6.458333333333333,0,21,96
1304,108884,28.968333333333366,0.3125,6.760416666666667,0,13,96
1305,108980,21.763333333333296,0.34375,6.541666666666667,0,23,96
1306,109076,8.499999999999995,0.5208333333333333,6.6875,0,16,96
1307,109172,17.104999999999997,0.29166666666666663,6.90625,0,37,96
1308,109268,6.821666666666665,0.4375,7.239583333333333,0,30,96
1309,109364,43.048333333333346,0.10416666666666663,6.635416666666667,0,25,96
1310,109460,34.19666666666668,0.1875,6.833333333333333,0,26,96
1311,109556,26.081666666666656,0.35416666666666663,6.239583333333333,0,15,96
1312,109652,18.994999999999983,0.375,6.65625,0,21,96
1313,109748,4.124999999999998,0.4375,6.78125,0,37,96
1314,109844,-10.30333333333334,0.5520833333333333,7.395833333333333,0,37,96
1315,109940,33.89333333333336,0.26041666666666663,5.979166666666667,0,18,96
1316,110036,24.493333333333332,0.32291666666666663,6.791666666666667,0,21,96
1317,110132,22.551666666666677,0.33333333333333337,6.614583333333333,0,22,96
1318,110228,29.748333333333324,0.26041666666666663,6.197916666666667,0,24,96
1319,110324,26.641666666666666,0.30208333333333337,6.302083333333333,0,21,96
1320,110420,48.353333333333325,0.11458333333333337,6.291666666666667,0,15,96
1321,110516,30.920000000000016,0.30208333333333337,6.125,0,16,96
1322,110612,-13.568333333333342,0.6875,6.364583333333333,0,28,96
1323,110708,28.334999999999983,0.27083333333333337,6.46875,0,25,96
1324,110804,5.948333333333327,0.5208333333333333,6.322916666666667,0,20,96
1325,110900,28.781666666666656,0.22916666666666663,6.489583333333333,0,29,96
1326,110996,15.734999999999975,0.40625,6.40625,0,24,96
1327,111092,26.37666666666665,0.26041666666666663,6.708333333333333,0,28,96
1328,111188,30.25999999999999,0.22916666666666663,6.625,0,26,96
1329,111284,52.92333333333335,0.04166666666666663,6.291666666666667,0,22,96
1330,111380,31.333333333333314,0.29166666666666663,6.291666666666667,0,16,96
1331,111476,25.713333333333306,0.25,6.229166666666667,0,34,96
1332,111572,20.340000000000007,0.35416666666666663,6.125,0,27,96
1333,111668,-6.196666666666667,0.5416666666666667,6.291666666666667,0,36,96
1334,111764,10.831666666666665,0.39583333333333337,6.302083333333333,0,34,96
1335,111860,23.304999999999986,0.3125,6.40625,0,25,96
1336,111956,33.028333333333315,0.25,6.572916666666667,0,17,96
1337,112052,37.133333333333326,0.19791666666666663,6.666666666666667,0,19,96
1338,112148,31.541666666666643,0.27083333333333337,6.427083333333333,0,18,96
1339,112244,45.328333333333354,0.125,6.635416666666667,0,17,96
1340,112340,27.82499999999998,0.28125,6.59375,0,23,96
1341,112436,4.206666666666657,0.46875,6.583333333333333,0,30,96
1342,112532,37.88999999999999,0.1875,6.5625,0,20,96
1343,112628,53.64499999999999,0.04166666666666663,6.84375,0,15,96
1344,112724,37.24666666666664,0.19791666666666663,6.583333333333333,0,21,96
1345,112820,35.44833333333334,0.25,6.697916666666667,0,13,96
1346,112916,54.726666666666674,0.02083333333333337,6.833333333333333,0,15,96
1347,113012,55.320000000000014,0.0,6.4375,0,21,96
1348,113108,49.17333333333337,0.0625,6.791666666666667,0,18,96
1349,113204,26.684999999999967,0.29166666666666663,6.84375,0,20,96
1350,113300,13.673333333333323,0.4375,6.229166666666667,0,22,96
1351,113381,-14.111666666666672,0.4691358024691358,6.604938271604938,1,21,81
1352,113477,4.413333333333327,0.47916666666666663,6.666666666666667,0,28,96
1353,113573,31.63,0.26041666666666663,6.8125,0,17,96
1354,113669,28.46499999999999,0.21875,6.53125,0,30,96
1355,113765,28.09166666666664,0.3125,6.489583333333333,0,17,96
1356,113861,16.919999999999998,0.39583333333333337,6.625,0,21,96
1357,113957,43.6666666666667,0.15625,6.583333333333333,0,17,96
1358,114053,41.574999999999996,0.125,6.90625,0,22,96
1359,114149,26.25999999999999,0.26041666666666663,6.75,0,25,96
1360,114245,35.20999999999996,0.17708333333333337,6.8125,0,23,96
1361,114341,28.213333333333303,0.27083333333333337,6.729166666666667,0,22,96
1362,114437,46.14666666666667,0.09375,7.020833333333333,0,18,96
1363,114533,-14.681666666666672,0.6770833333333333,6.260416666666667,0,31,96
1364,114629,37.0666666666667,0.14583333333333337,6.895833333333333,0,26,96
1365,114725,-2.363333333333337,0.6354166666666667,5.895833333333333,0,20,96
1366,114821,20.08166666666666,0.34375,6.927083333333333,0,20,96
1367,114917,20.79999999999998,0.34375,6.625,0,24,96
1368,115013,29.243333333333325,0.28125,6.854166666666667,0,16,96
1369,115109,52.93333333333335,0.02083333333333337,6.854166666666667,0,19,96
1370,115205,13.07333333333333,0.40625,6.479166666666667,0,28,96
1371,115301,12.870000000000005,0.41666666666666663,7.5625,0,17,96
1372,115397,57.69333333333338,0.01041666666666663,6.729166666666667,0,14,96
1373,115493,25.77999999999998,0.30208333333333337,6.625,0,21,96
1374,115589,25.176666666666666,0.26041666666666663,6.645833333333333,0,30,96
1375,115685,27.386666666666663,0.28125,6.958333333333333,0,20,96
1376,115781,40.82999999999999,0.15625,6.9375,0,16,96
1377,115877,41.68999999999999,0.11458333333333337,6.8125,0,23,96
1378,115973,43.21166666666667,0.13541666666666663,6.614583333333333,0,19,96
1379,116069,44.218333333333334,0.08333333333333337,7.010416666666667,0,24,96
1380,116165,20.783333333333324,0.36458333333333337,6.666666666666667,0,19,96
1381,116261,51.171666666666695,0.04166666666666663,6.552083333333333,0,21,96
1382,116357,2.463333333333326,0.53125,6.479166666666667,0,24,96
1383,116453,35.16500000000001,0.21875,6.46875,0,20,96
1384,116549,25.419999999999984,0.28125,7.0,0,23,96
1385,116645,33.644999999999996,0.17708333333333337,6.78125,0,27,96
1386,116741,30.991666666666674,0.16666666666666663,7.364583333333333,0,31,96
1387,116811,-28.965,0.6,6.642857142857143,1,28,70
1388,116907,32.678333333333306,0.1875,6.885416666666667,0,25,96
1389,117003,43.530000000000015,0.09375,7.1875,0,20,96
1390,117099,6.501666666666662,0.42708333333333337,8.052083333333334,0,23,96
1391,117195,36.16833333333337,0.19791666666666663,6.635416666666667,0,21,96
1392,117291,27.481666666666648,0.27083333333333337,6.677083333333333,0,23,96
1393,117387,23.668333333333305,0.3125,6.385416666666667,0,25,96
1394,117483,45.02500000000001,0.04166666666666663,6.34375,0,37,96
1395,117579,25.494999999999976,0.23958333333333337,6.46875,0,34,96
1396,117675,-14.236666666666672,0.6145833333333333,6.541666666666667,0,41,96
1397,117771,13.114999999999997,0.375,6.46875,0,35,96
1398,117867,38.78166666666666,0.14583333333333337,6.614583333333333,0,26,96
1399,117963,51.575000000000045,0.0625,6.59375,0,17,96
1400,118059,34.31166666666669,0.20833333333333337,6.677083333333333,0,23,96
1401,118155,32.03833333333332,0.23958333333333337,6.760416666666667,0,22,96
1402,118251,39.24166666666666,0.125,7.052083333333333,0,24,96
1403,118347,-9.725000000000007,0.59375,6.21875,0,39,96
1404,118443,45.553333333333356,0.07291666666666663,6.416666666666667,0,26,96
1405,118539,41.841666666666654,0.05208333333333337,6.802083333333333,0,35,96
1406,118635,46.72166666666664,0.04166666666666663,6.614583333333333,0,27,96
1407,118731,41.338333333333345,0.07291666666666663,7.197916666666667,0,28,96
1408,118827,-20.251666666666676,0.7083333333333333,6.260416666666667,0,39,96
1409,118923,32.388333333333314,0.15625,6.885416666666667,0,32,96
1410,119019,56.58833333333336,0.01041666666666663,6.822916666666667,0,15,96
1411,119115,20.734999999999992,0.32291666666666663,6.71875,0,27,96
1412,119211,26.23833333333331,0.26041666666666663,6.572916666666667,0,28,96
1413,119307,21.564999999999973,0.3125,6.28125,0,29,96
1414,119403,30.766666666666655,0.19791666666666663,6.895833333333333,0,28,96
1415,119499,51.95666666666672,0.02083333333333337,6.520833333333333,0,23,96
1416,119595,26.821666666666665,0.25,7.052083333333333,0,25,96
1417,119691,-17.541666666666686,0.6666666666666667,6.385416666666667,0,38,96
1418,119787,3.363333333333328,0.45833333333333337,6.541666666666667,0,35,96
1419,119883,33.346666666666664,0.17708333333333337,6.833333333333333,0,28,96
1420,119979,8.61333333333333,0.38541666666666663,6.729166666666667,0,36,96
1421,120075,41.020000000000024,0.10416666666666663,6.625,0,28,96
1422,120171,41.366666666666696,0.125,6.583333333333333,0,23,96
1423,120267,33.70833333333332,0.23958333333333337,6.697916666666667,0,18,96
1424,120363,47.24500000000003,0.03125,6.46875,0,33,96
1425,120459,36.796666666666646,0.19791666666666663,6.583333333333333,0,19,96
1426,120475,-25.515,0.9375,5.4375,1,4,16
1427,120571,8.586666666666668,0.46875,6.270833333333333,0,25,96
1428,120667,48.498333333333356,0.05208333333333337,6.697916666666667,0,23,96
1429,120763,37.37666666666668,0.15625,6.645833333333333,0,25,96
1430,120859,15.903333333333315,0.39583333333333337,6.479166666666667,0,24,96
1431,120955,36.043333333333315,0.1875,6.666666666666667,0,23,96
1432,121051,12.604999999999984,0.40625,6.53125,0,28,96
1433,121147,28.019999999999982,0.27083333333333337,7.0,0,20,96
1434,121229,-15.631666666666671,0.47560975609756095,6.451219512195122,1,26,82
1435,121325,36.559999999999995,0.08333333333333337,5.875,0,45,96
1436,121421,20.38999999999997,0.29166666666666663,6.9375,0,28,96
1437,121517,10.738333333333332,0.375,7.260416666666667,0,29,96
1438,121613,31.0983333333333,0.26041666666666663,7.010416666666667,0,18,96
1439,121709,47.521666666666704,0.04166666666666663,6.489583333333333,0,27,96
1440,121805,18.369999999999994,0.35416666666666663,6.6875,0,24,96
1441,121901,15.764999999999995,0.38541666666666663,6.46875,0,26,96
1442,121997,50.2716666666667,0.09375,6.614583333333333,0,14,96
1443,122093,36.410000000000025,0.20833333333333337,6.75,0,17,96
1444,122189,54.25166666666668,0.02083333333333337,6.614583333333333,0,21,96
1445,122285,24.5783333333333,0.29166666666666663,6.697916666666667,0,25,96
1446,122381,48.36333333333336,0.08333333333333337,6.791666666666667,0,18,96
1447,122477,42.270000000000024,0.07291666666666663,6.5,0,30,96
1448,122573,19.556666666666636,0.25,6.270833333333333,0,44,96
1449,122669,33.63999999999998,0.14583333333333337,6.8125,0,33,96
1450,122765,14.538333333333304,0.38541666666666663,6.010416666666667,0,30,96
1451,122861,26.88333333333331,0.28125,6.416666666666667,0,25,96
1452,122957,-7.085000000000014,0.5625,6.90625,0,32,96
1453,123053,17.33833333333333,0.375,6.072916666666667,0,27,96
1454,123149,39.711666666666666,0.15625,6.552083333333333,0,22,96
1455,123245,39.84166666666669,0.1875,6.489583333333333,0,18,96
1456,123341,40.210000000000015,0.13541666666666663,7.0625,0,21,96
1457,123437,43.84,0.13541666666666663,6.625,0,18,96
1458,123533,31.92000000000001,0.26041666666666663,6.625,0,18,96
1459,123629,51.413333333333355,0.09375,6.791666666666667,0,11,96
1460,123725,13.723333333333331,0.38541666666666663,6.854166666666667,0,27,96
1461,123821,-1.9550000000000054,0.5104166666666667,6.78125,0,33,96
1462,123917,22.943333333333314,0.27083333333333337,6.479166666666667,0,33,96
1463,124013,18.45833333333332,0.39583333333333337,6.510416666666667,0,19,96
1464,124109,5.058333333333326,0.5104166666666667,6.447916666666667,0,25,96
1465,124205,12.11666666666666,0.4375,6.520833333333333,0,26,96
1466,124301,47.27,0.11458333333333337,6.6875,0,15,96
1467,124397,45.896666666666675,0.08333333333333337,7.083333333333333,0,22,96
1468,124493,51.631666666666675,0.10416666666666663,6.239583333333333,0,11,96
1469,124589,36.55499999999999,0.1875,6.59375,0,21,96
1470,124685,40.763333333333335,0.15625,7.041666666666667,0,18,96
1471,124781,51.58666666666671,0.07291666666666663,7.020833333333333,0,12,96
1472,124877,55.88000000000002,0.0625,6.625,0,10,96
1473,124973,34.421666666666624,0.23958333333333337,6.614583333333333,0,20,96
1474,125069,10.014999999999999,0.47916666666666663,6.59375,0,21,96
1475,125165,10.556666666666658,0.44791666666666663,6.458333333333333,0,27,96
1476,125261,53.04666666666664,0.07291666666666663,6.458333333333333,0,13,96
1477,125357,45.20000000000001,0.125,6.75,0,18,96
1478,125453,30.101666666666656,0.27083333333333337,6.739583333333333,0,18,96
1479,125549,27.689999999999976,0.27083333333333337,6.375,0,25,96
1480,125645,15.823333333333327,0.30208333333333337,6.916666666666667,0,39,96
1481,125741,20.62499999999998,0.23958333333333337,6.96875,0,41,96
1482,125837,34.983333333333306,0.0625,6.666666666666667,0,45,96
1483,125933,28.8783333333333,0.19791666666666663,6.385416666666667,0,36,96
1484,126029,24.598333333333304,0.20833333333333337,6.572916666666667,0,41,96
1485,126125,38.14166666666669,0.14583333333333337,6.677083333333333,0,26,96
1486,126221,34.12333333333332,0.11458333333333337,7.166666666666667,0,35,96
1487,126315,3.8166666666666487,0.17021276595744683,6.659574468085107,1,46,94
1488,126411,19.71499999999999,0.25,6.46875,0,42,96
1489,126507,0.6616666666666657,0.48958333333333337,6.489583333333333,0,34,96
1490,126603,48.29666666666669,0.08333333333333337,6.583333333333333,0,20,96
1491,126699,41.355,0.125,7.03125,0,20,96
1492,126795,28.823333333333288,0.27083333333333337,6.604166666666667,0,23,96
1493,126891,26.086666666666623,0.33333333333333337,6.708333333333333,0,17,96
1494,126987,49.493333333333354,0.02083333333333337,6.916666666666667,0,26,96
1495,127083,30.214999999999986,0.23958333333333337,6.84375,0,22,96
1496,127179,8.404999999999992,0.4375,6.71875,0,28,96
1497,127275,56.591666666666704,0.02083333333333337,6.927083333333333,0,15,96
1498,127371,54.188333333333354,0.04166666666666663,7.010416666666667,0,15,96
1499,127467,44.02333333333337,0.13541666666666663,6.729166666666667,0,18,96
1500,127543,15.045000000000023,0.14473684210526316,6.75,1,14,76
1501,127639,3.768333333333312,0.5416666666666667,6.510416666666667,0,24,96
1502,127735,57.16000000000004,0.04166666666666663,6.6875,0,11,96
1503,127831,1.656666666666657,0.5520833333333333,6.395833333333333,0,24,96
1504,127927,33.49333333333328,0.23958333333333337,6.541666666666667,0,19,96
1505,128023,25.716666666666644,0.25,6.520833333333333,0,32,96
1506,128119,22.17666666666665,0.29166666666666663,6.270833333333333,0,34,96
1507,128215,49.785000000000025,0.03125,6.71875,0,25,96
1508,128311,25.783333333333324,0.30208333333333337,6.354166666666667,0,24,96
1509,128407,22.946666666666637,0.3125,6.395833333333333,0,26,96
1510,128503,3.9666666666666544,0.48958333333333337,6.520833333333333,0,31,96
1511,128599,37.27166666666667,0.125,6.239583333333333,0,36,96
1512,128695,30.9333333333333,0.28125,6.729166666666667,0,17,96
1513,128791,3.565000000000004,0.5520833333333333,6.53125,0,19,96
1514,128887,58.12500000000005,0.01041666666666663,6.71875,0,13,96
1515,128938,-14.961666666666668,0.4509803921568627,6.8431372549019605,1,12,51
1516,129034,46.79833333333332,0.0625,7.010416666666667,0,21,96
1517,129130,12.613333333333319,0.40625,6.604166666666667,0,27,96
1518,129226,1.409999999999997,0.5,6.375,0,34,96
1519,129322,54.136666666666684,0.02083333333333337,6.708333333333333,0,18,96
1520,129418,52.00166666666671,0.07291666666666663,6.739583333333333,0,15,96
1521,129514,59.231666666666726,0.01041666666666663,6.802083333333333,0,14,96
1522,129610,57.63666666666667,0.01041666666666663,6.770833333333333,0,14,96
1523,129706,57.61333333333338,0.02083333333333337,6.729166666666667,0,14,96
1524,129802,-4.71333333333334,0.6041666666666667,6.520833333333333,0,24,96
1525,129898,45.921666666666674,0.14583333333333337,6.614583333333333,0,13,96
1526,129994,10.685000000000002,0.44791666666666663,6.78125,0,22,96
1527,130090,54.60500000000005,0.02083333333333337,6.71875,0,17,96
1528,130186,32.129999999999974,0.23958333333333337,6.25,0,23,96
1529,130282,10.466666666666661,0.42708333333333337,6.395833333333333,0,31,96
1530,130343,-13.278333333333332,0.4426229508196722,6.475409836065574,1,16,61
1531,130439,37.82499999999998,0.19791666666666663,6.65625,0,19,96
1532,130535,19.133333333333297,0.42708333333333337,6.541666666666667,0,14,96
1533,130631,40.71833333333332,0.14583333333333337,6.947916666666667,0,21,96
1534,130727,51.25333333333336,0.04166666666666663,6.729166666666667,0,20,96
1535,130823,-0.8933333333333344,0.5625,6.520833333333333,0,24,96
1536,130919,35.99333333333334,0.13541666666666663,6.416666666666667,0,33,96
1537,131015,25.344999999999985,0.21875,6.84375,0,34,96
1538,131111,24.211666666666616,0.25,6.364583333333333,0,36,96
1539,131207,29.21833333333336,0.28125,6.510416666666667,0,21,96
1540,131303,20.916666666666654,0.38541666666666663,6.833333333333333,0,16,96
1541,131399,41.10833333333338,0.17708333333333337,6.760416666666667,0,14,96
1542,131495,23.97666666666663,0.33333333333333337,6.708333333333333,0,20,96
1543,131591,39.99666666666667,0.17708333333333337,6.583333333333333,0,17,96
1544,131687,36.483333333333356,0.20833333333333337,6.729166666666667,0,17,96
1545,131783,17.501666666666623,0.38541666666666663,6.614583333333333,0,23,96
1546,131879,51.55333333333331,0.05208333333333337,6.979166666666667,0,15,96
1547,131975,19.15666666666666,0.35416666666666663,6.333333333333333,0,27,96
1548,132071,31.91833333333329,0.25,6.760416666666667,0,19,96
1549,132105,-10.125,0.2941176470588235,6.4411764705882355,1,7,34
1550,132201,30.50166666666669,0.21875,6.427083333333333,0,29,96
1551,132297,33.629999999999974,0.17708333333333337,6.6875,0,28,96
1552,132393,23.448333333333323,0.27083333333333337,6.697916666666667,0,30,96
1553,132489,49.626666666666694,0.02083333333333337,6.583333333333333,0,26,96
1554,132585,24.964999999999968,0.30208333333333337,6.53125,0,24,96
1555,132681,41.28833333333338,0.11458333333333337,6.635416666666667,0,30,96
1556,132777,16.96166666666665,0.32291666666666663,6.364583333333333,0,35,96
1557,132873,24.319999999999983,0.30208333333333337,6.625,0,24,96
1558,132969,19.994999999999962,0.34375,6.59375,0,25,96
1559,133065,49.70166666666667,0.05208333333333337,6.739583333333333,0,20,96
1560,133161,59.78333333333339,0.0,6.604166666666667,0,14,96
1561,133225,-13.355000000000004,0.46875,6.515625,1,13,64
1562,133321,48.320000000000014,0.09375,6.8125,0,16,96
1563,133417,46.00833333333336,0.10416666666666663,6.635416666666667,0,20,96
1564,133513,50.77166666666669,0.10416666666666663,6.802083333333333,0,10,96
1565,133609,18.82333333333331,0.38541666666666663,6.604166666666667,0,21,96
1566,133705,33.138333333333314,0.25,6.697916666666667,0,19,96
1567,133801,37.38333333333331,0.1875,6.854166666666667,0,20,96
1568,133897,26.281666666666645,0.30208333333333337,6.427083333333333,0,22,96
1569,133993,25.44666666666666,0.3125,6.583333333333333,0,22,96
1570,134089,49.95333333333337,0.07291666666666663,6.791666666666667,0,16,96
1571,134185,29.105000000000036,0.28125,6.65625,0,20,96
1572,134225,-12.065,0.4,6.675,1,7,40
1573,134321,53.86333333333337,0.07291666666666663,6.729166666666667,0,12,96
1574,134417,6.45166666666666,0.48958333333333337,6.489583333333333,0,25,96
1575,134513,27.979999999999983,0.30208333333333337,6.75,0,16,96
1576,134609,29.334999999999958,0.28125,6.59375,0,20,96
1577,134705,58.82000000000004,0.01041666666666663,6.9375,0,11,96
1578,134801,23.683333333333334,0.27083333333333337,7.541666666666667,0,22,96
1579,134897,6.548333333333324,0.5104166666666667,6.822916666666667,0,21,96
1580,134993,16.548333333333332,0.35416666666666663,6.760416666666667,0,30,96
1581,135089,14.854999999999968,0.375,6.65625,0,29,96
1582,135185,45.70333333333335,0.0625,6.541666666666667,0,29,96
1583,135281,9.861666666666661,0.375,6.427083333333333,0,40,96
1584,135377,1.8249999999999942,0.46875,6.15625,0,42,96
1585,135473,40.04333333333338,0.125,6.666666666666667,0,27,96
1586,135569,49.31000000000002,0.02083333333333337,6.5,0,30,96
1587,135665,28.746666666666645,0.17708333333333337,6.083333333333333,0,44,96
1588,135761,27.23333333333332,0.23958333333333337,6.541666666666667,0,31,96
1589,135857,35.526666666666635,0.13541666666666663,6.395833333333333,0,34,96
1590,135953,30.85833333333331,0.19791666666666663,6.572916666666667,0,32,96
1591,136049,43.1616666666667,0.0625,6.614583333333333,0,33,96
1592,136145,-2.5416666666666696,0.5416666666666667,6.510416666666667,0,31,96
1593,136241,22.566666666666656,0.28125,6.770833333333333,0,29,96
1594,136337,39.41833333333333,0.20833333333333337,6.822916666666667,0,14,96
1595,136433,51.19500000000002,0.04166666666666663,6.71875,0,21,96
1596,136529,57.32833333333337,0.01041666666666663,6.822916666666667,0,14,96
1597,136625,19.45833333333332,0.39583333333333337,6.510416666666667,0,18,96
1598,136721,40.15333333333336,0.17708333333333337,6.666666666666667,0,18,96
1599,136817,21.10499999999997,0.32291666666666663,6.53125,0,28,96
1600,136913,33.306666666666686,0.15625,6.458333333333333,0,34,96
1601,137009,46.69500000000003,0.04166666666666663,6.65625,0,30,96
1602,137105,39.41000000000004,0.13541666666666663,6.6875,0,26,96
1603,137201,37.158333333333324,0.15625,6.072916666666667,0,33,96
1604,137297,15.096666666666646,0.34375,6.145833333333333,0,38,96
1605,137393,38.57166666666667,0.10416666666666663,6.427083333333333,0,34,96
1606,137489,16.17999999999999,0.28125,6.75,0,39,96
1607,137585,15.451666666666654,0.35416666666666663,6.614583333333333,0,32,96
1608,137681,21.571666666666633,0.29166666666666663,6.489583333333333,0,31,96
1609,137777,29.408333333333314,0.22916666666666663,6.697916666666667,0,26,96
1610,137873,-6.816666666666667,0.5625,6.479166666666667,0,37,96
1611,137969,11.201666666666659,0.39583333333333337,6.614583333333333,0,31,96
1612,138065,29.471666666666653,0.27083333333333337,6.614583333333333,0,21,96
1613,138161,39.501666666666665,0.1875,6.489583333333333,0,18,96
1614,138257,11.674999999999995,0.44791666666666663,6.28125,0,25,96
1615,138353,28.72833333333333,0.29166666666666663,6.697916666666667,0,18,96
1616,138449,50.903333333333364,0.10416666666666663,6.854166666666667,0,11,96
1617,138545,37.24999999999997,0.21875,6.625,0,19,96
1618,138641,33.00666666666666,0.22916666666666663,6.708333333333333,0,21,96
1619,138737,37.30499999999999,0.23958333333333337,6.65625,0,12,96
1620,138833,21.663333333333306,0.35416666666666663,6.541666666666667,0,22,96
1621,138929,15.151666666666664,0.42708333333333337,6.427083333333333,0,20,96
1622,139025,-3.0666666666666655,0.5104166666666667,6.791666666666667,0,33,96
1623,139121,23.588333333333324,0.34375,6.885416666666667,0,17,96
1624,139217,25.89,0.32291666666666663,6.5625,0,19,96
1625,139313,54.29000000000004,0.05208333333333337,6.75,0,14,96
1626,139409,49.86833333333337,0.125,6.635416666666667,0,12,96
1627,139505,38.40333333333338,0.20833333333333337,6.541666666666667,0,15,96
1628,139601,31.739999999999977,0.20833333333333337,6.4375,0,29,96
1629,139697,36.09166666666663,0.1875,6.677083333333333,0,23,96
1630,139793,55.378333333333366,0.03125,6.822916666666667,0,14,96
1631,139889,58.94500000000004,0.03125,6.90625,0,9,96
1632,139985,45.50833333333336,0.16666666666666663,6.947916666666667,0,9,96
1633,140081,18.804999999999993,0.375,6.65625,0,22,96
1634,140177,39.82333333333332,0.19791666666666663,6.604166666666667,0,16,96
1635,140227,-5.415000000000003,0.31999999999999995,6.78,1,7,50
1636,140323,40.724999999999994,0.16666666666666663,6.78125,0,17,96
1637,140419,14.251666666666647,0.40625,6.489583333333333,0,26,96
1638,140515,50.261666666666684,0.0625,6.989583333333333,0,17,96
1639,140611,27.53499999999999,0.32291666666666663,6.65625,0,17,96
1640,140707,31.82833333333331,0.25,6.822916666666667,0,19,96
1641,140803,24.89999999999999,0.32291666666666663,7.0,0,17,96
1642,140843,-9.77,0.35,6.45,1,7,40
1643,140939,24.1933333333333,0.32291666666666663,6.416666666666667,0,23,96
1644,141035,49.933333333333366,0.09375,6.604166666666667,0,15,96
1645,141131,42.216666666666676,0.15625,7.083333333333333,0,14,96
1646,141227,41.311666666666696,0.14583333333333337,6.989583333333333,0,18,96
1647,141323,3.9799999999999973,0.46875,6.375,0,36,96
1648,141419,38.30833333333332,0.17708333333333337,6.197916666666667,0,27,96
1649,141515,11.631666666666655,0.44791666666666663,6.677083333333333,0,20,96
1650,141611,43.919999999999995,0.11458333333333337,6.875,0,18,96
1651,141707,42.42666666666664,0.11458333333333337,6.833333333333333,0,23,96
1652,141803,28.103333333333318,0.35416666666666663,6.229166666666667,0,12,96
1653,141899,22.493333333333318,0.38541666666666663,6.666666666666667,0,13,96
1654,141965,-2.378333333333341,0.33333333333333337,6.348484848484849,1,11,66
1655,142061,29.726666666666656,0.3125,6.208333333333333,0,17,96
1656,142157,29.60333333333334,0.23958333333333337,6.541666666666667,0,27,96
1657,142253,35.21666666666665,0.15625,6.520833333333333,0,31,96
1658,142349,-14.391666666666685,0.6979166666666667,6.197916666666667,0,27,96
1659,142445,15.428333333333327,0.38541666666666663,6.510416666666667,0,27,96
1660,142541,17.52333333333333,0.40625,6.541666666666667,0,21,96
1661,142637,46.695,0.09375,6.90625,0,18,96
1662,142733,28.56999999999998,0.28125,7.0,0,18,96
1663,142755,-18.203333333333337,0.5,6.090909090909091,1,5,22
1664,142851,26.853333333333318,0.28125,6.541666666666667,0,24,96
1665,142947,47.84333333333334,0.125,6.854166666666667,0,12,96
1666,143043,22.15999999999997,0.36458333333333337,6.6875,0,19,96
1667,143139,53.44666666666671,0.0625,6.895833333333333,0,12,96
1668,143235,35.865,0.17708333333333337,7.03125,0,24,96
1669,143331,30.808333333333316,0.30208333333333337,6.885416666666667,0,13,96
1670,143427,40.02000000000003,0.20833333333333337,6.6875,0,14,96
1671,143523,50.61666666666669,0.0625,6.895833333333333,0,16,96
1672,143619,23.493333333333318,0.39583333333333337,6.666666666666667,0,11,96
1673,143650,-10.278333333333332,0.19354838709677424,6.161290322580645,1,12,31
1674,143746,40.876666666666694,0.13541666666666663,7.145833333333333,0,19,96
1675,143842,44.31500000000005,0.0625,6.53125,0,30,96
1676,143938,44.633333333333354,0.0625,6.479166666666667,0,31,96
1677,144034,28.673333333333325,0.29166666666666663,6.416666666666667,0,21,96
1678,144130,28.40999999999999,0.25,6.8125,0,24,96
1679,144226,30.543333333333305,0.22916666666666663,6.229166666666667,0,30,96
1680,144322,25.689999999999976,0.26041666666666663,6.375,0,31,96
1681,144418,38.40000000000001,0.11458333333333337,6.1875,0,35,96
1682,144514,19.651666666666664,0.32291666666666663,6.739583333333333,0,30,96
1683,144610,20.25833333333332,0.25,6.135416666666667,0,46,96
1684,144706,44.59,0.03125,6.625,0,36,96
1685,144802,-11.85,0.6770833333333333,6.3125,0,27,96
1686,144898,30.70833333333331,0.16666666666666663,6.510416666666667,0,38,96
1687,144994,22.314999999999987,0.36458333333333337,6.53125,0,19,96
1688,145090,39.03833333333334,0.17708333333333337,7.135416666666667,0,15,96
1689,145186,2.554999999999995,0.5520833333333333,6.53125,0,21,96
1690,145282,64.13000000000004,0.01041666666666663,6.1875,0,8,96
1691,145378,10.51,0.46875,6.0625,0,24,96
1692,145411,-26.305,0.7878787878787878,6.090909090909091,1,8,33
1693,145507,56.05500000000002,0.02083333333333337,6.84375,0,14,96
1694,145603,50.655,0.02083333333333337,6.84375,0,20,96
1695,145699,10.758333333333315,0.47916666666666663,6.260416666666667,0,22,96
1696,145795,55.97833333333336,0.0,7.010416666666667,0,17,96
1697,145891,21.02666666666664,0.32291666666666663,6.833333333333333,0,25,96
1698,145987,-2.31666666666667,0.5625,6.729166666666667,0,26,96
1699,146083,30.328333333333305,0.29166666666666663,6.635416666666667,0,14,96
1700,146179,24.446666666666662,0.34375,6.458333333333333,0,18,96
1701,146274,12.938333333333361,0.3052631578947368,6.2,1,11,95
1702,146370,56.5966666666667,0.01041666666666663,6.583333333333333,0,16,96
1703,146466,33.026666666666664,0.26041666666666663,6.583333333333333,0,17,96
1704,146562,19.845000000000002,0.34375,6.53125,0,25,96
1705,146658,39.800000000000004,0.13541666666666663,6.875,0,21,96
1706,146754,29.298333333333336,0.30208333333333337,6.572916666666667,0,17,96
1707,146850,31.520000000000046,0.26041666666666663,7.875,0,10,96
1708,146886,-13.851666666666663,0.4722222222222222,6.527777777777778,1,4,36
1709,146982,-3.9383333333333352,0.65625,6.364583333333333,0,17,96
1710,147078,48.38333333333335,0.08333333333333337,6.666666666666667,0,18,96
1711,147174,53.32833333333333,0.03125,7.197916666666667,0,14,96
1712,147270,27.96666666666665,0.29166666666666663,7.020833333333333,0,19,96
1713,147366,50.32666666666665,0.04166666666666663,7.020833333333333,0,20,96
1714,147462,22.789999999999992,0.35416666666666663,6.25,0,22,96
1715,147558,17.076666666666657,0.41666666666666663,6.333333333333333,0,20,96
1716,147654,26.599999999999994,0.26041666666666663,6.3125,0,29,96
1717,147750,30.01666666666666,0.23958333333333337,6.208333333333333,0,28,96
1718,147846,42.37999999999999,0.08333333333333337,6.875,0,28,96
1719,147942,15.413333333333334,0.38541666666666663,6.479166666666667,0,26,96
1720,148038,35.53333333333331,0.13541666666666663,6.979166666666667,0,28,96
1721,148134,16.029999999999998,0.39583333333333337,6.4375,0,26,96
1722,148230,22.58333333333333,0.30208333333333337,6.604166666666667,0,27,96
1723,148326,34.94166666666664,0.16666666666666663,6.427083333333333,0,30,96
1724,148422,45.37000000000002,0.08333333333333337,6.5625,0,25,96
1725,148518,35.034999999999975,0.14583333333333337,6.40625,0,34,96
1726,148614,30.906666666666645,0.21875,6.333333333333333,0,31,96
1727,148710,31.661666666666644,0.21875,6.427083333333333,0,26,96
1728,148806,43.02166666666668,0.125,6.177083333333333,0,26,96
1729,148886,11.133333333333319,0.17500000000000004,6.65,1,21,80
1730,148982,29.726666666666627,0.3125,6.333333333333333,0,17,96
1731,149078,34.86666666666667,0.20833333333333337,6.770833333333333,0,20,96
1732,149174,43.58166666666667,0.17708333333333337,6.802083333333333,0,11,96
1733,149270,36.128333333333366,0.25,6.697916666666667,0,12,96
1734,149366,26.176666666666655,0.34375,6.520833333333333,0,14,96
1735,149462,34.42166666666666,0.19791666666666663,6.177083333333333,0,29,96
1736,149513,-19.66833333333333,0.5294117647058824,6.215686274509804,1,18,51
1737,149609,21.631666666666657,0.3125,6.239583333333333,0,30,96
1738,149705,48.766666666666666,0.04166666666666663,6.395833333333333,0,28,96
1739,149801,32.63833333333331,0.16666666666666663,6.260416666666667,0,34,96
1740,149897,29.131666666666657,0.29166666666666663,6.114583333333333,0,23,96
1741,149993,35.589999999999975,0.1875,6.25,0,29,96
1742,150089,46.008333333333354,0.0625,6.260416666666667,0,32,96
1743,150185,35.719999999999985,0.16666666666666663,6.1875,0,32,96
1744,150281,25.88666666666666,0.25,6.208333333333333,0,36,96
1745,150377,30.468333333333327,0.28125,6.072916666666667,0,22,96
1746,150473,-11.850000000000005,0.6666666666666667,6.0625,0,30,96
1747,150569,14.81333333333333,0.35416666666666663,6.229166666666667,0,37,96
1748,150665,13.443333333333316,0.3125,6.354166666666667,0,46,96
1749,150761,43.04666666666669,0.09375,6.583333333333333,0,29,96
1750,150857,39.795,0.15625,6.65625,0,22,96
1751,150953,41.70333333333331,0.125,6.729166666666667,0,21,96
1752,151049,-5.2083333333333375,0.5625,6.364583333333333,0,36,96
1753,151145,21.169999999999973,0.36458333333333337,6.5,0,21,96
1754,151241,-9.111666666666679,0.5625,6.635416666666667,0,42,96
1755,151337,54.325000000000024,0.0625,6.65625,0,13,96
1756,151433,58.843333333333376,0.02083333333333337,6.791666666666667,0,11,96
1757,151529,29.806666666666644,0.28125,6.770833333333333,0,19,96
1758,151625,37.749999999999986,0.125,6.625,0,31,96
1759,151721,27.226666666666638,0.28125,6.583333333333333,0,23,96
1760,151817,58.55000000000001,0.02083333333333337,6.875,0,12,96
1761,151913,26.211666666666655,0.3125,6.802083333333333,0,20,96
1762,152009,42.98999999999999,0.15625,6.625,0,16,96
1763,152105,27.10666666666665,0.28125,6.770833333333333,0,23,96
1764,152201,31.01999999999998,0.25,6.6875,0,21,96
1765,152297,-10.986666666666675,0.5833333333333333,6.666666666666667,0,40,96
1766,152393,42.16500000000001,0.11458333333333337,6.71875,0,25,96
1767,152489,7.916666666666667,0.44791666666666663,6.770833333333333,0,29,96
1768,152585,16.836666666666652,0.30208333333333337,6.645833333333333,0,39,96
1769,152681,-17.270000000000007,0.59375,6.5625,0,49,96
1770,152777,44.923333333333304,0.03125,6.916666666666667,0,34,96
1771,152873,-10.348333333333343,0.5520833333333333,7.177083333333333,0,39,96
1772,152969,28.963333333333296,0.28125,6.979166666666667,0,18,96
1773,153031,-12.011666666666668,0.3709677419354839,6.596774193548387,1,20,62
1774,153127,58.43833333333339,0.01041666666666663,6.697916666666667,0,15,96
1775,153223,49.7066666666667,0.05208333333333337,7.020833333333333,0,17,96
1776,153271,-19.043333333333337,0.5625,6.791666666666667,1,11,48
1777,153367,45.92000000000004,0.14583333333333337,6.6875,0,14,96
1778,153463,18.061666666666667,0.40625,6.614583333333333,0,19,96
1779,153559,35.19333333333333,0.1875,6.104166666666667,0,28,96
1780,153655,24.876666666666672,0.30208333333333337,6.770833333333333,0,25,96
1781,153751,55.64833333333337,0.01041666666666663,6.822916666666667,0,16,96
1782,153847,4.593333333333332,0.45833333333333337,6.604166666666667,0,32,96
1783,153943,42.713333333333345,0.01041666666666663,6.791666666666667,0,36,96
1784,154039,28.683333333333294,0.22916666666666663,6.604166666666667,0,29,96
1785,154135,16.52499999999999,0.38541666666666663,6.53125,0,25,96
1786,154231,17.953333333333326,0.33333333333333337,6.229166666666667,0,35,96
1787,154327,28.459999999999983,0.19791666666666663,6.5,0,36,96
1788,154423,37.666666666666664,0.09375,6.145833333333333,0,41,96
1789,154519,22.766666666666644,0.27083333333333337,6.708333333333333,0,33,96
1790,154615,38.323333333333316,0.17708333333333337,6.479166666666667,0,21,96
1791,154711,19.08166666666665,0.35416666666666663,6.489583333333333,0,26,96
1792,154807,55.23833333333334,0.01041666666666663,7.072916666666667,0,16,96
1793,154903,37.503333333333366,0.19791666666666663,6.229166666666667,0,22,96
1794,154999,41.138333333333335,0.17708333333333337,6.072916666666667,0,18,96
1795,155095,41.58166666666669,0.11458333333333337,6.239583333333333,0,28,96
1796,155191,56.48666666666673,0.04166666666666663,6.395833333333333,0,13,96
1797,155287,58.33166666666668,0.01041666666666663,6.114583333333333,0,16,96
1798,155383,44.11999999999998,0.14583333333333337,6.4375,0,17,96
1799,155479,20.778333333333304,0.29166666666666663,6.885416666666667,0,32,96
1800,155575,59.936666666666646,0.02083333333333337,6.020833333333333,0,13,96
1801,155671,52.44166666666667,0.05208333333333337,6.989583333333333,0,16,96
1802,155767,34.40000000000002,0.19791666666666663,6.625,0,25,96
1803,155863,54.74500000000003,0.04166666666666663,6.96875,0,13,96
1804,155932,-21.641666666666666,0.5797101449275363,6.36231884057971,1,19,69
1805,156001,6.953333333333326,0.17391304347826086,6.579710144927536,1,17,69
1806,156097,5.326666666666661,0.48958333333333337,6.270833333333333,0,28,96
1807,156193,41.593333333333334,0.16666666666666663,6.166666666666667,0,18,96
1808,156289,47.841666666666676,0.125,6.239583333333333,0,14,96
1809,156385,49.58666666666669,0.10416666666666663,6.208333333333333,0,15,96
1810,156481,4.496666666666666,0.48958333333333337,6.208333333333333,0,32,96
1811,156577,32.06000000000003,0.25,6.0625,0,23,96
1812,156673,45.59833333333338,0.15625,6.697916666666667,0,11,96
1813,156769,33.49166666666666,0.26041666666666663,6.177083333333333,0,18,96
1814,156865,22.681666666666658,0.32291666666666663,6.114583333333333,0,30,96
1815,156961,25.02333333333333,0.3125,6.166666666666667,0,24,96
1816,157057,21.381666666666643,0.22916666666666663,6.489583333333333,0,42,96
1817,157153,-12.056666666666672,0.6145833333333333,6.541666666666667,0,36,96
1818,157249,22.26166666666663,0.3125,6.677083333333333,0,26,96
1819,157345,36.524999999999984,0.17708333333333337,6.46875,0,27,96
1820,157441,31.871666666666638,0.13541666666666663,6.427083333333333,0,40,96
1821,157537,-11.358333333333333,0.6666666666666667,6.302083333333333,0,29,96
1822,157633,41.88666666666669,0.125,6.520833333333333,0,26,96
1823,157729,37.119999999999976,0.20833333333333337,6.5,0,19,96
1824,157821,-29.064999999999998,0.6413043478260869,6.293478260869565,1,27,92
1825,157917,46.533333333333346,0.03125,6.791666666666667,0,30,96
1826,158013,29.25999999999997,0.14583333333333337,6.625,0,44,96
1827,158109,29.566666666666656,0.14583333333333337,6.645833333333333,0,44,96
1828,158205,42.90666666666666,0.125,5.958333333333333,0,26,96
1829,158301,21.038333333333327,0.34375,6.197916666666667,0,26,96
1830,158339,-4.99666666666667,0.1578947368421053,6.105263157894737,1,11,38
1831,158435,-16.253333333333334,0.6979166666666667,6.520833333333333,0,28,96
1832,158531,16.533333333333317,0.3125,6.354166666666667,0,40,96
1833,158627,48.83666666666669,0.08333333333333337,6.520833333333333,0,20,96
1834,158723,-12.453333333333338,0.6666666666666667,6.145833333333333,0,31,96
1835,158819,42.68166666666667,0.1875,6.364583333333333,0,14,96
1836,158915,28.028333333333347,0.27083333333333337,6.072916666666667,0,24,96
1837,159011,24.461666666666666,0.32291666666666663,6.177083333333333,0,25,96
1838,159107,37.23,0.15625,6.5,0,24,96
1839,159203,44.31833333333333,0.11458333333333337,6.385416666666667,0,19,96
1840,159299,36.8933333333333,0.20833333333333337,6.416666666666667,0,18,96
1841,159395,25.61,0.30208333333333337,6.75,0,21,96
1842,159491,33.56166666666665,0.22916666666666663,6.802083333333333,0,19,96
1843,159587,16.956666666666656,0.30208333333333337,6.833333333333333,0,36,96
1844,159683,24.503333333333337,0.21875,7.291666666666667,0,30,96
1845,159779,0.6899999999999991,0.53125,6.75,0,26,96
1846,159875,42.72333333333336,0.15625,6.729166666666667,0,16,96
1847,159971,57.66333333333334,0.02083333333333337,6.729166666666667,0,14,96
1848,160067,35.97666666666665,0.21875,6.333333333333333,0,19,96
1849,160163,48.99666666666667,0.14583333333333337,6.708333333333333,0,6,96
1850,160259,21.793333333333333,0.36458333333333337,6.541666666666667,0,20,96
1851,160355,9.975000000000003,0.45833333333333337,6.46875,0,25,96
1852,160451,30.53833333333332,0.22916666666666663,6.947916666666667,0,23,96
1853,160547,36.30333333333335,0.20833333333333337,6.729166666666667,0,19,96
1854,160643,1.941666666666666,0.5208333333333333,6.802083333333333,0,27,96
1855,160739,-9.785000000000005,0.59375,7.78125,0,25,96
1856,160835,7.858333333333319,0.46875,6.635416666666667,0,24,96
1857,160931,6.636666666666654,0.44791666666666663,6.833333333333333,0,31,96
1858,161027,32.42499999999998,0.23958333333333337,6.71875,0,20,96
1859,161123,18.35833333333333,0.35416666666666663,6.197916666666667,0,30,96
1860,161219,27.590000000000025,0.23958333333333337,5.9375,0,31,96
1861,161315,52.57999999999999,0.05208333333333337,6.25,0,22,96
1862,161411,27.943333333333307,0.27083333333333337,5.979166666666667,0,29,96
1863,161507,43.73666666666666,0.16666666666666663,6.708333333333333,0,12,96
1864,161603,14.219999999999994,0.4375,6.4375,0,20,96
1865,161699,44.621666666666705,0.13541666666666663,6.552083333333333,0,16,96
1866,161795,38.06500000000005,0.19791666666666663,6.46875,0,17,96
1867,161891,26.34999999999999,0.32291666666666663,6.4375,0,19,96
1868,161987,3.936666666666662,0.5208333333333333,6.270833333333333,0,27,96
1869,162083,35.341666666666654,0.19791666666666663,6.864583333333333,0,18,96
1870,162179,29.603333333333314,0.3125,6.541666666666667,0,14,96
1871,162275,31.65999999999998,0.21875,6.375,0,27,96
1872,162371,5.9366666666666585,0.5,6.458333333333333,0,24,96
1873,162467,57.08500000000003,0.03125,6.65625,0,12,96
1874,162563,19.13333333333333,0.45833333333333337,6.416666666666667,0,10,96
1875,162659,33.73999999999998,0.26041666666666663,6.75,0,14,96
1876,162755,17.789999999999953,0.42708333333333337,6.75,0,13,96
1877,162851,15.398333333333317,0.39583333333333337,6.822916666666667,0,23,96
1878,162947,52.445000000000014,0.05208333333333337,6.71875,0,16,96
1879,163043,47.05666666666664,0.11458333333333337,7.020833333333333,0,13,96
1880,163139,12.093333333333332,0.44791666666666663,6.604166666666667,0,21,96
1881,163235,55.35500000000001,0.01041666666666663,7.03125,0,17,96
1882,163331,57.806666666666715,0.01041666666666663,6.958333333333333,0,13,96
1883,163427,6.294999999999996,0.47916666666666663,6.34375,0,29,96
1884,163523,27.944999999999972,0.34375,6.96875,0,10,96
1885,163619,52.576666666666675,0.05208333333333337,7.083333333333333,0,13,96
1886,163715,40.03666666666667,0.19791666666666663,6.958333333333333,0,14,96
1887,163811,25.33833333333333,0.35416666666666663,6.447916666666667,0,17,96
1888,163907,36.86999999999998,0.15625,6.4375,0,28,96
1889,164003,44.46500000000002,0.09375,6.71875,0,24,96
1890,164099,33.480000000000004,0.21875,6.625,0,23,96
1891,164195,46.606666666666705,0.08333333333333337,6.520833333333333,0,25,96
1892,164291,29.956666666666656,0.19791666666666663,7.020833333333333,0,28,96
1893,164387,21.13999999999998,0.30208333333333337,6.75,0,27,96
1894,164483,30.81166666666665,0.26041666666666663,7.114583333333333,0,17,96
1895,164579,34.96666666666667,0.21875,7.145833333333333,0,16,96
1896,164675,39.69333333333333,0.19791666666666663,6.729166666666667,0,16,96
1897,164771,42.66,0.16666666666666663,7.0625,0,14,96
1898,164867,41.88500000000003,0.15625,6.90625,0,17,96
1899,164963,26.169999999999987,0.3125,7.4375,0,15,96
1900,165059,54.790000000000006,0.02083333333333337,7.0,0,14,96
1901,165155,55.28333333333336,0.03125,6.791666666666667,0,14,96
1902,165251,21.083333333333318,0.33333333333333337,7.166666666666667,0,21,96
1903,165321,4.2983333333333285,0.2571428571428571,6.7,1,11,70
1904,165417,34.07333333333331,0.26041666666666663,6.666666666666667,0,16,96
1905,165513,39.67333333333336,0.20833333333333337,6.729166666666667,0,12,96
1906,165609,38.845,0.1875,6.84375,0,16,96
1907,165705,3.2049999999999947,0.53125,6.53125,0,25,96
1908,165801,53.15833333333338,0.11458333333333337,6.697916666666667,0,6,96
1909,165897,28.029999999999973,0.21875,6.5625,0,28,96
1910,165993,25.773333333333316,0.32291666666666663,6.729166666666667,0,19,96
1911,166089,36.40499999999998,0.25,6.65625,0,13,96
1912,166185,36.31333333333337,0.25,6.854166666666667,0,10,96
1913,166281,35.275,0.27083333333333337,6.34375,0,14,96
1914,166377,55.24000000000003,0.08333333333333337,6.25,0,9,96
1915,166473,32.230000000000004,0.28125,6.6875,0,14,96
1916,166569,32.34166666666665,0.23958333333333337,6.864583333333333,0,21,96
1917,166665,59.245000000000005,0.05208333333333337,6.53125,0,7,96
1918,166761,32.30999999999998,0.26041666666666663,6.9375,0,15,96
1919,166857,58.5466666666667,0.01041666666666663,6.895833333333333,0,12,96
1920,166953,38.05666666666665,0.14583333333333337,7.833333333333333,0,17,96
1921,167049,39.036666666666655,0.17708333333333337,6.895833333333333,0,18,96
1922,167145,15.051666666666668,0.42708333333333337,6.989583333333333,0,18,96
1923,167241,25.30833333333331,0.38541666666666663,6.635416666666667,0,10,96
1924,167337,51.386666666666706,0.08333333333333337,6.770833333333333,0,13,96
1925,167359,-24.82,0.7727272727272727,6.818181818181818,1,6,22
1926,167455,48.473333333333336,0.09375,6.916666666666667,0,14,96
1927,167551,21.47166666666666,0.39583333333333337,6.989583333333333,0,12,96
1928,167647,48.79333333333334,0.11458333333333337,7.041666666666667,0,11,96
1929,167743,46.066666666666706,0.13541666666666663,6.770833333333333,0,13,96
1930,167839,36.323333333333316,0.26041666666666663,6.979166666666667,0,10,96
1931,167935,18.60333333333334,0.45833333333333337,6.604166666666667,0,10,96
1932,168031,60.58166666666669,0.01041666666666663,6.739583333333333,0,9,96
1933,168127,5.525,0.5625,6.71875,0,13,96
1934,168223,36.625,0.26041666666666663,6.78125,0,9,96
1935,168319,17.929999999999996,0.45833333333333337,6.375,0,12,96
1936,168415,60.54500000000002,0.03125,6.59375,0,8,96
1937,168511,48.51166666666669,0.13541666666666663,6.927083333333333,0,9,96
1938,168607,8.956666666666667,0.5416666666666667,6.645833333333333,0,11,96
1939,168703,-7.676666666666661,0.7291666666666667,6.729166666666667,0,9,96
1940,168799,49.02333333333335,0.11458333333333337,6.729166666666667,0,14,96
1941,168895,37.600000000000065,0.25,6.625,0,10,96
1942,168923,-19.993333333333332,0.6785714285714286,6.285714285714286,1,2,28
1943,169019,49.34000000000004,0.02083333333333337,6.375,0,28,96
1944,169115,0.01833333333333176,0.5625,6.760416666666667,0,23,96
1945,169211,37.40833333333333,0.16666666666666663,6.572916666666667,0,24,96
1946,169307,44.34166666666668,0.125,6.489583333333333,0,20,96
1947,169403,27.139999999999972,0.30208333333333337,7.375,0,13,96
1948,169499,56.28000000000006,0.02083333333333337,6.625,0,18,96
1949,169595,22.736666666666657,0.40625,6.333333333333333,0,13,96
1950,169691,59.85000000000006,0.01041666666666663,6.75,0,12,96
1951,169787,15.745000000000003,0.41666666666666663,6.59375,0,20,96
1952,169883,9.784999999999997,0.47916666666666663,6.53125,0,23,96
1953,169979,-2.0150000000000032,0.5729166666666667,6.59375,0,28,96
1954,170075,19.24333333333333,0.38541666666666663,6.041666666666667,0,25,96
1955,170171,35.65166666666668,0.1875,6.677083333333333,0,26,96
1956,170267,8.089999999999991,0.47916666666666663,6.3125,0,25,96
1957,170363,53.04333333333336,0.02083333333333337,6.291666666666667,0,25,96
1958,170459,-8.01666666666667,0.6041666666666667,6.791666666666667,0,30,96
1959,170555,35.86833333333333,0.21875,6.947916666666667,0,17,96
1960,170651,43.060000000000045,0.14583333333333337,6.9375,0,16,96
1961,170747,57.41500000000003,0.01041666666666663,6.78125,0,15,96
1962,170843,47.81500000000001,0.13541666666666663,6.78125,0,12,96
1963,170939,30.70499999999999,0.29166666666666663,6.65625,0,16,96
1964,171035,30.900000000000023,0.27083333333333337,6.5625,0,19,96
1965,171131,-3.1133333333333333,0.6145833333333333,6.708333333333333,0,20,96
1966,171227,20.906666666666645,0.375,6.645833333333333,0,18,96
1967,171323,58.31333333333338,0.02083333333333337,6.854166666666667,0,11,96
1968,171382,-11.108333333333334,0.4576271186440678,6.593220338983051,1,10,59
1969,171478,27.65166666666664,0.27083333333333337,6.802083333333333,0,22,96
1970,171574,38.70666666666669,0.19791666666666663,6.770833333333333,0,16,96
1971,171670,41.56166666666671,0.19791666666666663,6.739583333333333,0,13,96
1972,171766,40.528333333333336,0.1875,6.822916666666667,0,16,96
1973,171862,41.64333333333334,0.1875,6.729166666666667,0,12,96
1974,171958,54.46999999999998,0.07291666666666663,6.625,0,10,96
1975,172054,26.133333333333333,0.30208333333333337,6.729166666666667,0,20,96
1976,172150,25.9833333333333,0.34375,6.416666666666667,0,17,96
1977,172246,56.895000000000024,0.05208333333333337,6.65625,0,9,96
1978,172342,45.145000000000024,0.14583333333333337,6.84375,0,13,96
1979,172438,14.468333333333335,0.4375,6.447916666666667,0,21,96
1980,172534,30.318333333333317,0.3125,6.572916666666667,0,14,96
1981,172630,36.66500000000003,0.25,6.03125,0,16,96
1982,172726,43.9316666666667,0.19791666666666663,6.677083333333333,0,8,96
1983,172822,41.72166666666667,0.20833333333333337,6.552083333333333,0,11,96
1984,172918,4.158333333333333,0.5833333333333333,6.260416666666667,0,16,96
1985,173014,32.795000000000044,0.29166666666666663,6.53125,0,13,96
1986,173110,4.388333333333333,0.5104166666666667,6.572916666666667,0,26,96
1987,173206,50.110000000000014,0.125,6.5625,0,11,96
1988,173302,44.696666666666694,0.17708333333333337,6.708333333333333,0,10,96
1989,173398,55.46833333333335,0.08333333333333337,6.635416666666667,0,7,96
1990,173494,33.76,0.28125,6.5,0,12,96
1991,173590,1.2099999999999935,0.5625,6.5625,0,22,96
1992,173686,42.499999999999986,0.20833333333333337,6.1875,0,9,96
1993,173782,30.38999999999999,0.35416666666666663,6.625,0,7,96
1994,173878,26.511666666666642,0.30208333333333337,6.427083333333333,0,20,96
1995,173974,26.783333333333346,0.32291666666666663,6.916666666666667,0,15,96
1996,174070,18.946666666666665,0.44791666666666663,6.583333333333333,0,11,96
1997,174166,46.389999999999986,0.02083333333333337,7.3125,0,28,96
1998,174262,14.239999999999997,0.45833333333333337,6.5625,0,17,96
1999,174358,29.143333333333324,0.29166666666666663,6.416666666666667,0,19,96
2000,174454,20.414999999999985,0.375,6.65625,0,19,96
2001,174550,23.241666666666656,0.28125,6.989583333333333,0,29,96
2002,174646,47.08000000000004,0.02083333333333337,6.5,0,35,96
2003,174742,36.03833333333334,0.1875,6.385416666666667,0,27,96
2004,174838,24.261666666666663,0.36458333333333337,6.364583333333333,0,17,96
2005,174934,41.75833333333333,0.11458333333333337,7.072916666666667,0,21,96
2006,175030,16.881666666666657,0.40625,6.677083333333333,0,19,96
2007,175126,-1.5900000000000023,0.5833333333333333,6.5,0,25,96
2008,175222,15.43666666666665,0.30208333333333337,6.208333333333333,0,41,96
2009,175288,-33.59,0.7727272727272727,6.454545454545454,1,17,66
2010,175318,-15.201666666666668,0.4,6.633333333333334,1,8,30
2011,175414,22.373333333333292,0.36458333333333337,6.104166666666667,0,21,96
2012,175510,6.409999999999999,0.5104166666666667,6.375,0,24,96
2013,175606,34.13333333333332,0.26041666666666663,6.541666666666667,0,17,96
2014,175702,-10.733333333333333,0.71875,6.333333333333333,0,18,96
2015,175798,43.29166666666671,0.17708333333333337,6.114583333333333,0,14,96
2016,175894,26.141666666666666,0.35416666666666663,6.552083333333333,0,14,96
2017,175990,57.273333333333355,0.01041666666666663,6.229166666666667,0,18,96
2018,176086,40.20666666666669,0.125,6.333333333333333,0,32,96
2019,176182,16.863333333333326,0.35416666666666663,5.916666666666667,0,32,96
2020,176278,34.96666666666666,0.19791666666666663,6.520833333333333,0,26,96
2021,176374,30.53666666666666,0.3125,6.270833333333333,0,15,96
2022,176470,50.389999999999986,0.07291666666666663,6.0,0,20,96
2023,176566,24.73999999999999,0.3125,6.625,0,23,96
2024,176662,21.909999999999975,0.3125,6.125,0,32,96
2025,176758,59.67333333333332,0.01041666666666663,5.979166666666667,0,14,96
2026,176854,32.99499999999999,0.22916666666666663,6.28125,0,26,96
2027,176950,43.33333333333336,0.0625,6.229166666666667,0,38,96
2028,177046,21.913333333333327,0.32291666666666663,6.354166666666667,0,28,96
2029,177142,44.36833333333335,0.15625,6.385416666666667,0,13,96
2030,177238,45.93333333333334,0.16666666666666663,6.104166666666667,0,13,96
2031,177334,55.40666666666663,0.04166666666666663,5.895833333333333,0,17,96
2032,177430,12.346666666666666,0.5,6.458333333333333,0,12,96
2033,177526,27.07499999999998,0.28125,6.40625,0,23,96
2034,177622,30.534999999999997,0.28125,6.34375,0,19,96
2035,177718,42.961666666666666,0.0625,7.177083333333333,0,26,96
2036,177814,54.59666666666666,0.04166666666666663,6.333333333333333,0,15,96
2037,177910,36.56666666666666,0.15625,6.083333333333333,0,32,96
2038,178006,13.095000000000004,0.41666666666666663,6.59375,0,26,96
2039,178102,46.10500000000005,0.13541666666666663,6.59375,0,15,96
2040,178198,-6.334999999999994,0.65625,6.78125,0,17,96
2041,178294,7.62666666666666,0.47916666666666663,6.333333333333333,0,28,96
2042,178390,-1.1066666666666711,0.5416666666666667,6.479166666666667,0,31,96
2043,178486,12.100000000000001,0.53125,5.875,0,13,96
2044,178582,25.880000000000006,0.36458333333333337,5.9375,0,17,96
2045,178678,30.491666666666635,0.35416666666666663,6.552083333333333,0,6,96
2046,178774,14.784999999999997,0.5,6.03125,0,13,96
2047,178870,-2.1433333333333344,0.6041666666666667,6.020833333333333,0,27,96
2048,178966,47.16166666666669,0.125,6.427083333333333,0,14,96
2049,179035,7.1299999999999955,0.21739130434782605,6.0,1,13,69
2050,179131,19.108333333333334,0.42708333333333337,5.822916666666667,0,20,96
2051,179227,8.960000000000008,0.5,6.125,0,19,96
2052,179323,16.56999999999999,0.42708333333333337,6.0625,0,22,96
2053,179419,14.26999999999999,0.46875,6.375,0,15,96
2054,179515,57.890000000000015,0.09375,6.1875,0,4,96
2055,179611,48.015000000000015,0.0625,6.34375,0,24,96
2056,179707,43.868333333333325,0.16666666666666663,6.510416666666667,0,16,96
2057,179803,41.70666666666667,0.17708333333333337,6.333333333333333,0,17,96
2058,179899,33.91833333333339,0.29166666666666663,6.322916666666667,0,13,96
2059,179995,17.158333333333324,0.4375,6.510416666666667,0,17,96
2060,180091,34.03333333333333,0.17708333333333337,5.979166666666667,0,35,96
2061,180187,22.89833333333333,0.36458333333333337,5.885416666666667,0,24,96
2062,180283,12.44666666666666,0.41666666666666663,6.145833333333333,0,32,96
2063,180379,44.16333333333332,0.09375,6.229166666666667,0,28,96
2064,180475,18.844999999999985,0.29166666666666663,6.53125,0,39,96
2065,180571,46.96833333333335,0.13541666666666663,6.510416666666667,0,12,96
2066,180667,33.48,0.26041666666666663,6.5,0,18,96
2067,180763,49.09833333333335,0.13541666666666663,6.572916666666667,0,10,96
2068,180859,42.503333333333366,0.14583333333333337,6.729166666666667,0,17,96
2069,180955,22.43333333333332,0.38541666666666663,6.416666666666667,0,16,96
2070,181051,56.97666666666669,0.04166666666666663,6.645833333333333,0,11,96
2071,181147,14.041666666666645,0.47916666666666663,6.677083333333333,0,14,96
2072,181243,36.504999999999974,0.25,6.59375,0,13,96
2073,181339,61.459999999999994,0.01041666666666663,6.8125,0,7,96
2074,181435,49.09333333333334,0.03125,7.041666666666667,0,24,96
2075,181531,39.25833333333332,0.23958333333333337,6.760416666666667,0,9,96
2076,181627,49.69500000000001,0.09375,6.71875,0,15,96
2077,181723,-12.920000000000005,0.6770833333333333,6.3125,0,30,96
2078,181819,-10.13666666666667,0.6145833333333333,6.666666666666667,0,31,96
2079,181915,34.92833333333335,0.21875,6.510416666666667,0,21,96
2080,182011,30.85500000000002,0.3125,6.65625,0,11,96
2081,182107,54.56833333333336,0.0625,6.885416666666667,0,11,96
2082,182203,28.61999999999997,0.36458333333333337,6.5625,0,8,96
2083,182299,14.33666666666667,0.45833333333333337,6.770833333333333,0,14,96
2084,182395,61.83333333333338,0.01041666666666663,6.791666666666667,0,9,96
2085,182491,24.96499999999999,0.28125,6.53125,0,25,96
2086,182587,46.986666666666686,0.14583333333333337,6.708333333333333,0,10,96
2087,182683,7.9583333333333295,0.53125,6.510416666666667,0,17,96
2088,182779,20.316666666666656,0.41666666666666663,6.645833333333333,0,13,96
2089,182875,48.80833333333335,0.11458333333333337,6.760416666666667,0,13,96
2090,182889,-26.156666666666666,0.9285714285714286,5.857142857142857,1,6,14
2091,182985,39.595000000000034,0.1875,6.84375,0,17,96
2092,183081,15.97333333333328,0.42708333333333337,6.541666666666667,0,20,96
2093,183177,35.665,0.23958333333333337,6.71875,0,16,96
2094,183273,26.17666666666666,0.34375,6.770833333333333,0,15,96
2095,183369,11.823333333333315,0.47916666666666663,6.666666666666667,0,16,96
2096,183465,52.47833333333335,0.11458333333333337,6.260416666666667,0,10,96
2097,183561,32.815,0.29166666666666663,6.09375,0,14,96
2098,183657,30.191666666666663,0.35416666666666663,6.302083333333333,0,9,96
2099,183753,34.515,0.26041666666666663,6.09375,0,15,96
2100,183849,25.128333333333334,0.34375,6.572916666666667,0,17,96
2101,183945,21.109999999999992,0.41666666666666663,6.375,0,13,96
2102,184041,49.566666666666684,0.125,6.208333333333333,0,12,96
2103,184137,35.45166666666666,0.23958333333333337,6.552083333333333,0,17,96
2104,184233,57.75666666666667,0.02083333333333337,6.270833333333333,0,14,96
2105,184329,51.68666666666669,0.11458333333333337,6.333333333333333,0,11,96
2106,184425,24.361666666666668,0.34375,6.239583333333333,0,21,96
2107,184521,53.39833333333336,0.08333333333333337,6.260416666666667,0,13,96
2108,184617,8.678333333333327,0.33333333333333337,6.197916666666667,1,15,96
2109,184713,8.364999999999998,0.45833333333333337,6.40625,0,28,96
2110,184809,59.624999999999964,0.0,6.34375,0,13,96
2111,184905,45.12000000000002,0.16666666666666663,6.4375,0,9,96
2112,185001,4.531666666666668,0.44791666666666663,6.614583333333333,0,33,96
2113,185097,37.855,0.23958333333333337,6.34375,0,12,96
2114,185193,34.00166666666667,0.25,6.364583333333333,0,17,96
2115,185289,24.396666666666647,0.33333333333333337,6.458333333333333,0,21,96
2116,185385,17.96333333333333,0.36458333333333337,6.604166666666667,0,24,96
2117,185481,28.17333333333333,0.32291666666666663,6.166666666666667,0,17,96
2118,185577,49.86,0.07291666666666663,6.375,0,20,96
2119,185673,20.144999999999985,0.33333333333333337,6.40625,0,28,96
2120,185769,27.365,0.3125,6.53125,0,19,96
2121,185865,42.19166666666667,0.19791666666666663,6.677083333333333,0,9,96
2122,185961,-5.216666666666668,0.6041666666666667,6.416666666666667,0,26,96
2123,186057,43.416666666666664,0.19791666666666663,6.333333333333333,0,11,96
2124,186153,18.845000000000002,0.42708333333333337,6.46875,0,14,96
2125,186249,46.595000000000034,0.125,6.21875,0,19,96
2126,186345,30.86499999999995,0.32291666666666663,6.59375,0,11,96
2127,186441,22.81333333333329,0.375,6.791666666666667,0,16,96
2128,186537,32.039999999999964,0.3125,6.75,0,10,96
2129,186633,51.88500000000006,0.08333333333333337,6.84375,0,14,96
2130,186729,43.83166666666667,0.14583333333333337,6.489583333333333,0,18,96
2131,186825,7.2016666666666636,0.5625,6.489583333333333,0,12,96
2132,186921,25.78500000000001,0.14583333333333337,6.15625,1,17,96
2133,187017,46.065,0.16666666666666663,6.40625,0,12,96
2134,187113,22.47000000000001,0.39583333333333337,6.4375,0,14,96
2135,187209,30.15499999999998,0.29166666666666663,6.28125,0,17,96
2136,187305,42.80833333333332,0.19791666666666663,6.072916666666667,0,11,96
2137,187401,55.680000000000014,0.0625,6.125,0,13,96
2138,187497,47.578333333333376,0.15625,6.322916666666667,0,10,96
2139,187593,57.43333333333335,0.05208333333333337,6.416666666666667,0,11,96
2140,187689,57.135000000000026,0.0625,6.28125,0,11,96
2141,187785,54.24833333333338,0.11458333333333337,6.322916666666667,0,8,96
2142,187881,43.13833333333335,0.16666666666666663,6.260416666666667,0,16,96
2143,187977,39.215,0.26041666666666663,6.03125,0,10,96
2144,188073,17.446666666666626,0.4375,6.520833333333333,0,14,96
2145,188169,9.215,0.5520833333333333,6.34375,0,12,96
2146,188265,9.588333333333335,0.5729166666666667,6.385416666666667,0,8,96
2147,188361,26.611666666666633,0.34375,6.739583333333333,0,15,96
2148,188457,63.68000000000005,0.02083333333333337,6.5,0,5,96
2149,188553,62.398333333333355,0.01041666666666663,6.385416666666667,0,10,96
2150,188649,38.27999999999997,0.23958333333333337,6.75,0,12,96
2151,188745,42.385000000000026,0.1875,6.59375,0,12,96
2152,188841,36.88000000000001,0.25,6.5,0,11,96
2153,188937,42.69666666666671,0.21875,6.458333333333333,0,9,96
2154,189033,33.96666666666664,0.29166666666666663,6.583333333333333,0,10,96
2155,189129,24.046666666666667,0.4375,6.458333333333333,0,6,96
2156,189225,22.316666666666638,0.4375,6.458333333333333,0,7,96
2157,189321,37.12499999999999,0.27083333333333337,6.59375,0,8,96
2158,189417,38.22499999999999,0.25,6.46875,0,10,96
2159,189513,54.038333333333334,0.10416666666666663,6.510416666666667,0,6,96
2160,189575,3.6283333333333303,0.25806451612903225,6.596774193548387,1,7,62
2161,189671,32.15333333333333,0.27083333333333337,6.541666666666667,0,17,96
2162,189767,37.44166666666664,0.25,6.427083333333333,0,12,96
2163,189863,36.12666666666671,0.25,6.645833333333333,0,15,96
2164,189904,-14.33666666666667,0.46341463414634143,6.097560975609756,1,8,41
2165,190000,42.413333333333384,0.14583333333333337,6.541666666666667,0,21,96
2166,190096,43.76666666666669,0.14583333333333337,6.583333333333333,0,17,96
2167,190192,40.291666666666664,0.15625,6.364583333333333,0,24,96
2168,190288,50.79000000000004,0.05208333333333337,6.3125,0,24,96
2169,190384,2.636666666666666,0.48958333333333337,6.520833333333333,0,31,96
2170,190480,2.636666666666674,0.5,6.333333333333333,0,31,96
2171,190576,27.130000000000003,0.25,6.625,0,29,96
2172,190672,31.566666666666638,0.26041666666666663,6.458333333333333,0,20,96
2173,190768,19.561666666666653,0.34375,7.302083333333333,0,21,96
2174,190864,31.23499999999999,0.25,6.71875,0,20,96
2175,190960,45.76166666666669,0.10416666666666663,6.739583333333333,0,21,96
2176,191056,25.221666666666657,0.26041666666666663,6.614583333333333,0,31,96
2177,191152,30.971666666666646,0.27083333333333337,6.364583333333333,0,21,96
2178,191248,35.63333333333331,0.21875,6.791666666666667,0,20,96
2179,191344,57.08500000000002,0.04166666666666663,6.90625,0,9,96
2180,191440,44.28333333333333,0.15625,6.729166666666667,0,15,96
2181,191536,46.793333333333344,0.15625,6.729166666666667,0,11,96
2182,191632,51.096666666666685,0.10416666666666663,6.520833333333333,0,12,96
2183,191728,39.86500000000006,0.19791666666666663,6.90625,0,13,96
2184,191824,37.883333333333326,0.17708333333333337,6.854166666666667,0,22,96
2185,191920,29.23333333333328,0.33333333333333337,6.666666666666667,0,11,96
2186,192016,-15.726666666666683,0.71875,6.729166666666667,0,23,96
2187,192112,51.80666666666671,0.08333333333333337,6.833333333333333,0,14,96
2188,192208,48.69666666666671,0.05208333333333337,6.645833333333333,0,25,96
2189,192304,35.574999999999996,0.22916666666666663,6.46875,0,18,96
2190,192400,2.949999999999994,0.5104166666666667,6.625,0,27,96
2191,192496,8.745,0.5,6.78125,0,17,96
2192,192592,17.679999999999982,0.39583333333333337,6.6875,0,22,96
2193,192688,17.866666666666664,0.39583333333333337,6.458333333333333,0,22,96
2194,192784,28.02999999999996,0.28125,6.5625,0,23,96
2195,192880,39.843333333333305,0.20833333333333337,6.729166666666667,0,14,96
2196,192976,54.690000000000055,0.05208333333333337,6.625,0,15,96
2197,193072,57.78833333333338,0.02083333333333337,6.822916666666667,0,12,96
2198,193168,-1.4633333333333667,0.5520833333333333,6.645833333333333,0,26,96
2199,193264,24.63166666666664,0.38541666666666663,6.552083333333333,0,13,96
2200,193360,25.083333333333325,0.36458333333333337,6.541666666666667,0,15,96
2201,193456,56.52500000000003,0.05208333333333337,6.90625,0,9,96
2202,193552,42.14833333333334,0.17708333333333337,6.697916666666667,0,16,96
2203,193648,22.51333333333332,0.39583333333333337,6.604166666666667,0,12,96
2204,193691,-4.358333333333352,0.2093023255813954,6.813953488372093,1,9,43
2205,193787,54.093333333333355,0.03125,6.791666666666667,0,18,96
2206,193828,-3.601666666666681,0.19512195121951215,6.902439024390244,1,6,41
2207,193924,32.32833333333328,0.3125,6.697916666666667,0,10,96
2208,194020,47.11000000000002,0.13541666666666663,6.8125,0,13,96
2209,194116,41.96166666666665,0.14583333333333337,6.739583333333333,0,20,96
2210,194212,44.84166666666669,0.02083333333333337,6.364583333333333,0,41,96
2211,194308,52.80500000000002,0.01041666666666663,6.53125,0,25,96
2212,194404,31.57000000000001,0.25,6.6875,0,22,96
2213,194500,40.741666666666674,0.08333333333333337,6.302083333333333,0,39,96
2214,194596,20.664999999999974,0.29166666666666663,6.40625,0,37,96
2215,194692,38.70833333333333,0.21875,6.697916666666667,0,14,96
2216,194788,39.193333333333314,0.19791666666666663,6.604166666666667,0,16,96
2217,194884,59.67666666666674,0.01041666666666663,6.770833333333333,0,12,96
2218,194980,8.71166666666665,0.53125,6.677083333333333,0,16,96
2219,195076,22.473333333333315,0.39583333333333337,6.729166666666667,0,14,96
2220,195172,35.21166666666661,0.28125,6.802083333333333,0,10,96
2221,195268,46.82166666666666,0.14583333333333337,6.677083333333333,0,13,96
2222,195364,10.646666666666672,0.47916666666666663,6.520833333333333,0,19,96
2223,195460,40.92666666666671,0.23958333333333337,6.770833333333333,0,7,96
2224,195556,3.9283333333333403,0.5729166666666667,6.572916666666667,0,16,96
2225,195652,21.476666666666645,0.40625,6.645833333333333,0,13,96
2226,195748,40.05666666666664,0.22916666666666663,6.645833333333333,0,11,96
2227,195844,48.60500000000002,0.13541666666666663,6.40625,0,12,96
2228,195940,28.395000000000056,0.3125,6.59375,0,18,96
2229,196036,31.77833333333332,0.30208333333333337,6.510416666666667,0,15,96
2230,196132,33.03666666666669,0.27083333333333337,6.583333333333333,0,17,96
2231,196228,32.59666666666666,0.26041666666666663,6.708333333333333,0,16,96
2232,196324,56.40000000000008,0.05208333333333337,6.6875,0,11,96
2233,196386,-9.881666666666668,0.4354838709677419,6.5,1,13,62
2234,196482,60.095000000000034,0.02083333333333337,6.84375,0,8,96
2235,196578,26.32500000000001,0.3125,6.53125,0,21,96
2236,196674,19.04999999999997,0.40625,6.625,0,18,96
2237,196770,62.27333333333341,0.0,6.729166666666667,0,10,96
2238,196866,25.71166666666665,0.33333333333333337,6.552083333333333,0,18,96
2239,196962,45.553333333333356,0.15625,6.666666666666667,0,13,96
2240,197058,60.810000000000045,0.02083333333333337,6.8125,0,7,96
2241,197154,-1.2750000000000048,0.5208333333333333,6.65625,0,31,96
2242,197250,30.894999999999982,0.28125,6.71875,0,17,96
2243,197346,37.41833333333331,0.22916666666666663,6.697916666666667,0,15,96
2244,197442,61.57833333333339,0.01041666666666663,6.822916666666667,0,9,96
2245,197538,38.45500000000007,0.22916666666666663,6.65625,0,14,96
2246,197634,30.551666666666645,0.28125,6.677083333333333,0,17,96
2247,197730,34.19833333333332,0.20833333333333337,6.635416666666667,0,25,96
2248,197826,61.27833333333341,0.02083333333333337,6.572916666666667,0,8,96
2249,197922,36.459999999999994,0.21875,6.8125,0,17,96
2250,198018,13.544999999999987,0.42708333333333337,6.71875,0,24,96
2251,198114,34.25499999999997,0.27083333333333337,6.65625,0,15,96
2252,198210,9.86,0.39583333333333337,6.4375,0,37,96
2253,198306,9.37333333333333,0.40625,6.354166666666667,0,38,96
2254,198402,14.523333333333305,0.36458333333333337,6.541666666666667,0,34,96
2255,198498,34.49000000000001,0.1875,6.5625,0,27,96
2256,198594,21.82499999999997,0.3125,6.53125,0,29,96
2257,198690,17.476666666666635,0.27083333333333337,6.895833333333333,0,43,96
2258,198786,28.438333333333308,0.13541666666666663,7.135416666666667,0,45,96
2259,198882,6.036666666666655,0.36458333333333337,6.645833333333333,0,48,96
2260,198978,34.89999999999998,0.125,6.75,0,37,96
2261,199074,34.72999999999999,0.15625,6.375,0,35,96
2262,199170,-1.7233333333333385,0.46875,6.333333333333333,0,46,96
2263,199266,-0.7366666666666698,0.46875,6.229166666666667,0,45,96
2264,199338,1.9433333333333174,0.16666666666666663,6.138888888888889,1,33,72
2265,199434,48.411666666666704,0.10416666666666663,5.864583333333333,0,21,96
2266,199530,47.27500000000001,0.09375,6.53125,0,20,96
2267,199626,15.539999999999978,0.32291666666666663,6.5,0,39,96
2268,199722,39.41833333333332,0.13541666666666663,6.322916666666667,0,29,96
2269,199818,8.279999999999989,0.41666666666666663,6.4375,0,37,96
2270,199914,29.594999999999967,0.16666666666666663,6.53125,0,41,96
2271,199944,-19.848333333333333,0.5333333333333333,5.966666666666667,1,10,30
2272,200040,36.654999999999966,0.07291666666666663,6.15625,0,47,96
2273,200136,10.613333333333324,0.44791666666666663,6.229166666666667,0,28,96
2274,200232,10.484999999999998,0.42708333333333337,6.40625,0,30,96
2275,200328,32.179999999999986,0.21875,5.75,0,33,96
2276,200424,37.523333333333326,0.20833333333333337,6.354166666666667,0,19,96
2277,200520,39.71666666666668,0.1875,6.020833333333333,0,20,96
2278,200616,17.124999999999993,0.42708333333333337,5.90625,0,23,96
2279,200712,45.925000000000026,0.14583333333333337,5.96875,0,19,96
2280,200808,25.11833333333332,0.3125,6.260416666666667,0,24,96
2281,200904,53.6566666666667,0.03125,6.208333333333333,0,23,96
2282,201000,27.469999999999978,0.22916666666666663,6.25,0,36,96
2283,201096,51.16166666666669,0.02083333333333337,5.989583333333333,0,31,96
2284,201192,32.71666666666663,0.22916666666666663,6.145833333333333,0,26,96
2285,201288,39.31166666666667,0.17708333333333337,6.427083333333333,0,22,96
2286,201384,11.934999999999976,0.44791666666666663,6.53125,0,23,96
2287,201480,30.298333333333314,0.27083333333333337,6.572916666666667,0,22,96
2288,201576,32.30999999999996,0.26041666666666663,6.6875,0,17,96
2289,201672,43.03500000000004,0.10416666666666663,6.65625,0,25,96
2290,201768,42.17500000000003,0.13541666666666663,6.34375,0,23,96
2291,201864,12.443333333333316,0.41666666666666663,7.416666666666667,0,22,96
2292,201960,37.34166666666669,0.19791666666666663,6.614583333333333,0,20,96
2293,202056,40.040000000000035,0.16666666666666663,6.8125,0,18,96
2294,202152,20.17666666666666,0.38541666666666663,6.645833333333333,0,18,96
2295,202248,45.26833333333335,0.09375,6.822916666666667,0,21,96
2296,202335,-5.998333333333342,0.3908045977011494,6.471264367816092,1,25,87
2297,202431,-3.716666666666666,0.5833333333333333,6.479166666666667,0,28,96
2298,202527,25.44999999999998,0.28125,6.5625,0,27,96
2299,202623,18.243333333333318,0.3125,6.604166666666667,0,33,96
2300,202719,6.438333333333331,0.47916666666666663,6.635416666666667,0,27,96
2301,202815,29.838333333333292,0.29166666666666663,6.635416666666667,0,18,96
2302,202911,24.238333333333344,0.28125,6.260416666666667,0,32,96
2303,203007,27.216666666666654,0.3125,6.520833333333333,0,20,96
2304,203103,45.255000000000045,0.04166666666666663,6.28125,0,36,96
2305,203199,18.884999999999987,0.32291666666666663,6.34375,0,36,96
2306,203295,17.896666666666658,0.36458333333333337,6.333333333333333,0,30,96
2307,203391,8.764999999999992,0.40625,6.34375,0,38,96
2308,203487,32.868333333333354,0.22916666666666663,7.135416666666667,0,19,96
2309,203583,14.381666666666664,0.41666666666666663,6.552083333333333,0,25,96
2310,203679,57.42666666666671,0.02083333333333337,6.583333333333333,0,16,96
2311,203775,48.168333333333365,0.10416666666666663,6.510416666666667,0,18,96
2312,203871,8.011666666666663,0.4375,6.802083333333333,0,30,96
2313,203967,33.19,0.14583333333333337,7.3125,0,32,96
2314,204063,30.31833333333327,0.29166666666666663,6.697916666666667,0,16,96
2315,204159,29.076666666666647,0.30208333333333337,6.770833333333333,0,16,96
2316,204255,15.719999999999974,0.4375,6.625,0,18,96
2317,204318,7.3116666666666426,0.15873015873015872,6.746031746031746,1,11,63
2318,204414,43.55333333333333,0.10416666666666663,7.104166666666667,0,23,96
2319,204510,43.591666666666654,0.15625,6.739583333333333,0,14,96
2320,204606,17.83999999999999,0.40625,6.5625,0,18,96
2321,204702,38.068333333333335,0.21875,6.885416666666667,0,15,96
2322,204798,31.14499999999999,0.30208333333333337,6.90625,0,11,96
2323,204894,46.94500000000002,0.04166666666666663,7.46875,0,26,96
2324,204990,60.078333333333404,0.01041666666666663,6.635416666666667,0,12,96
2325,205086,10.31666666666666,0.5,6.520833333333333,0,17,96
2326,205182,32.46666666666672,0.28125,6.833333333333333,0,14,96
2327,205278,12.965,0.44791666666666663,6.46875,0,25,96
2328,205374,28.43166666666668,0.25,7.364583333333333,0,23,96
2329,205470,55.931666666666715,0.01041666666666663,7.052083333333333,0,17,96
2330,205566,59.34666666666672,0.01041666666666663,6.708333333333333,0,12,96
2331,205662,57.15500000000005,0.04166666666666663,6.28125,0,13,96
2332,205758,34.054999999999986,0.25,6.46875,0,18,96
2333,205854,24.24833333333333,0.3125,7.010416666666667,0,21,96
2334,205950,58.031666666666716,0.03125,6.739583333333333,0,11,96
2335,206046,53.07000000000005,0.09375,6.5,0,10,96
2336,206142,59.45166666666671,0.0,6.677083333333333,0,15,96
2337,206238,9.229999999999997,0.5833333333333333,6.5,0,6,96
2338,206334,16.749999999999982,0.44791666666666663,6.4375,0,14,96
2339,206413,11.226666666666684,0.20253164556962022,6.632911392405063,1,15,79
2340,206509,47.91833333333332,0.09375,6.947916666666667,0,18,96
2341,206605,15.151666666666678,0.46875,6.427083333333333,0,16,96
2342,206701,50.208333333333364,0.10416666666666663,6.947916666666667,0,12,96
2343,206797,22.831666666666642,0.40625,6.239583333333333,0,12,96
2344,206893,26.818333333333314,0.36458333333333337,6.635416666666667,0,12,96
2345,206989,52.598333333333365,0.09375,6.697916666666667,0,10,96
2346,207085,39.77333333333331,0.15625,6.666666666666667,0,22,96
2347,207181,39.286666666666655,0.1875,6.708333333333333,0,17,96
2348,207277,35.849999999999994,0.13541666666666663,6.1875,0,36,96
2349,207373,36.16999999999998,0.1875,6.8125,0,23,96
2350,207469,18.429999999999993,0.3125,7.125,0,32,96
2351,207565,35.473333333333386,0.22916666666666663,7.104166666666667,0,14,96
2352,207661,58.00500000000006,0.01041666666666663,6.84375,0,15,96
2353,207757,58.031666666666716,0.03125,6.802083333333333,0,11,96
2354,207853,54.30666666666668,0.04166666666666663,7.083333333333333,0,14,96
2355,207949,34.66000000000001,0.25,6.5625,0,17,96
2356,208045,37.92000000000003,0.1875,6.4375,0,22,96
2357,208090,-5.234999999999999,0.24444444444444446,6.733333333333333,1,10,45
2358,208186,28.046666666666635,0.26041666666666663,6.395833333333333,0,27,96
2359,208282,57.53500000000001,0.0,6.78125,0,17,96
2360,208378,38.41999999999998,0.19791666666666663,6.875,0,18,96
2361,208474,26.486666666666615,0.32291666666666663,6.583333333333333,0,19,96
2362,208570,39.2866666666667,0.19791666666666663,6.833333333333333,0,16,96
2363,208666,30.79999999999996,0.26041666666666663,6.6875,0,20,96
2364,208762,48.39166666666669,0.10416666666666663,6.864583333333333,0,14,96
2365,208858,53.341666666666676,0.04166666666666663,7.177083333333333,0,14,96
2366,208954,41.965000000000046,0.17708333333333337,6.59375,0,16,96
2367,209050,48.159999999999975,0.11458333333333337,6.6875,0,14,96
2368,209146,35.16166666666665,0.26041666666666663,6.614583333333333,0,15,96
2369,209242,45.02000000000005,0.16666666666666663,6.5625,0,12,96
2370,209338,-0.9800000000000055,0.5416666666666667,6.375,0,33,96
2371,209434,30.428333333333317,0.21875,6.572916666666667,0,29,96
2372,209530,20.976666666666656,0.36458333333333337,6.708333333333333,0,20,96
2373,209626,30.83833333333329,0.25,6.697916666666667,0,21,96
2374,209722,48.88166666666669,0.10416666666666663,6.614583333333333,0,16,96
2375,209818,16.579999999999973,0.41666666666666663,6.5625,0,21,96
2376,209914,55.4416666666667,0.05208333333333337,6.989583333333333,0,11,96
2377,210010,59.05166666666669,0.02083333333333337,6.927083333333333,0,10,96
2378,210106,31.053333333333327,0.23958333333333337,6.479166666666667,0,25,96
2379,210202,36.32666666666666,0.16666666666666663,6.458333333333333,0,30,96
2380,210298,8.641666666666648,0.40625,6.427083333333333,0,38,96
2381,210394,9.268333333333315,0.41666666666666663,6.197916666666667,0,37,96
2382,210490,36.998333333333356,0.1875,5.822916666666667,0,28,96
2383,210586,39.293333333333315,0.125,6.666666666666667,0,29,96
2384,210682,42.51666666666663,0.09375,6.708333333333333,0,28,96
2385,210778,8.548333333333328,0.4375,7.072916666666667,0,27,96
2386,210874,39.95666666666666,0.08333333333333337,6.395833333333333,0,34,96
2387,210970,43.41000000000001,0.09375,6.375,0,30,96
2388,211066,23.746666666666638,0.29166666666666663,6.270833333333333,0,31,96
2389,211162,15.774999999999974,0.30208333333333337,6.15625,0,42,96
2390,211258,11.71833333333333,0.44791666666666663,6.260416666666667,0,26,96
2391,211354,49.63000000000004,0.05208333333333337,6.125,0,27,96
2392,211450,41.906666666666666,0.15625,6.208333333333333,0,24,96
2393,211546,49.098333333333315,0.04166666666666663,6.260416666666667,0,30,96
2394,211642,61.90333333333334,0.02083333333333337,6.104166666666667,0,10,96
2395,211738,20.848333333333315,0.33333333333333337,6.260416666666667,0,28,96
2396,211834,29.86166666666663,0.19791666666666663,6.302083333333333,0,37,96
2397,211930,-0.24833333333333574,0.48958333333333337,6.364583333333333,0,40,96
2398,212026,38.518333333333324,0.23958333333333337,6.385416666666667,0,14,96
2399,212122,32.00999999999998,0.29166666666666663,6.25,0,18,96
2400,212218,6.476666666666655,0.5,6.145833333333333,0,27,96
2401,212314,32.968333333333305,0.27083333333333337,6.072916666666667,0,19,96
2402,212410,44.52333333333335,0.16666666666666663,6.166666666666667,0,14,96
2403,212506,51.97999999999999,0.08333333333333337,6.25,0,13,96
2404,212602,17.683333333333323,0.41666666666666663,6.166666666666667,0,21,96
2405,212698,-7.515000000000004,0.59375,6.46875,0,33,96
2406,212794,23.759999999999998,0.28125,6.1875,0,29,96
2407,212890,23.96166666666666,0.3125,6.239583333333333,0,27,96
2408,212986,45.67666666666667,0.14583333333333337,6.395833333333333,0,17,96
2409,213082,23.826666666666643,0.3125,6.520833333333333,0,26,96
2410,213178,55.79500000000004,0.04166666666666663,6.78125,0,14,96
2411,213274,19.854999999999993,0.41666666666666663,6.21875,0,17,96
2412,213370,31.936666666666703,0.26041666666666663,6.770833333333333,0,18,96
2413,213466,55.500000000000014,0.01041666666666663,7.125,0,16,96
2414,213562,25.258333333333354,0.34375,6.447916666666667,0,19,96
2415,213658,62.27500000000006,0.0,6.78125,0,9,96
2416,213754,42.54500000000004,0.16666666666666663,6.84375,0,13,96
2417,213850,43.62166666666668,0.19791666666666663,6.302083333333333,0,12,96
2418,213926,13.23833333333333,0.19736842105263153,6.565789473684211,1,10,76
2419,214022,47.14333333333336,0.125,7.354166666666667,0,10,96
2420,214118,30.199999999999967,0.3125,6.375,0,17,96
2421,214214,19.98499999999999,0.28125,6.34375,0,39,96
2422,214289,-15.111666666666668,0.42666666666666664,6.333333333333333,1,30,75
2423,214385,25.231666666666655,0.30208333333333337,6.427083333333333,0,26,96
2424,214481,30.56166666666664,0.27083333333333337,6.614583333333333,0,20,96
2425,214577,53.82833333333337,0.09375,6.697916666666667,0,8,96
2426,214673,41.71666666666666,0.20833333333333337,6.333333333333333,0,14,96
2427,214769,43.555000000000035,0.17708333333333337,6.78125,0,12,96
2428,214865,62.20500000000008,0.01041666666666663,6.71875,0,8,96
2429,214961,30.771666666666643,0.29166666666666663,6.802083333333333,0,17,96
2430,215057,38.651666666666685,0.23958333333333337,6.552083333333333,0,12,96
2431,215153,22.264999999999958,0.35416666666666663,6.84375,0,18,96
2432,215249,25.434999999999963,0.36458333333333337,6.34375,0,15,96
2433,215345,60.95666666666674,0.03125,6.770833333333333,0,7,96
2434,215441,45.326666666666725,0.17708333333333337,6.645833333333333,0,11,96
2435,215537,57.7233333333334,0.04166666666666663,6.729166666666667,0,12,96
2436,215631,22.58833333333337,0.17021276595744683,6.776595744680851,1,13,94
2437,215727,57.44000000000007,0.04166666666666663,6.75,0,11,96
2438,215823,21.719999999999963,0.375,6.8125,0,16,96
2439,215919,19.099999999999966,0.39583333333333337,6.875,0,15,96
2440,216015,36.541666666666636,0.26041666666666663,6.864583333333333,0,10,96
2441,216111,52.06833333333339,0.10416666666666663,6.885416666666667,0,9,96
2442,216207,62.40166666666674,0.02083333333333337,6.427083333333333,0,9,96
2443,216303,30.854999999999983,0.28125,6.65625,0,18,96
2444,216399,58.288333333333384,0.04166666666666663,6.760416666666667,0,9,96
2445,216495,36.95333333333331,0.23958333333333337,6.729166666666667,0,12,96
2446,216591,8.223333333333326,0.5625,6.729166666666667,0,10,96
2447,216687,62.28666666666674,0.01041666666666663,6.708333333333333,0,9,96
2448,216783,16.563333333333325,0.4375,6.604166666666667,0,17,96
2449,216879,59.2983333333334,0.03125,6.822916666666667,0,9,96
2450,216975,61.38000000000008,0.01041666666666663,6.6875,0,9,96
2451,217071,57.78833333333335,0.0,7.010416666666667,0,15,96
2452,217167,58.89333333333341,0.03125,6.729166666666667,0,10,96
2453,217263,40.51500000000001,0.21875,6.65625,0,11,96
2454,217359,41.68333333333332,0.15625,7.354166666666667,0,13,96
2455,217455,20.433333333333326,0.39583333333333337,6.604166666666667,0,18,96
2456,217551,17.488333333333333,0.42708333333333337,6.947916666666667,0,14,96
2457,217647,56.31666666666671,0.04166666666666663,6.770833333333333,0,13,96
2458,217743,48.47166666666669,0.14583333333333337,6.552083333333333,0,10,96
2459,217839,59.71666666666673,0.02083333333333337,6.645833333333333,0,11,96
2460,217935,38.943333333333314,0.23958333333333337,6.854166666666667,0,9,96
2461,218031,56.475000000000044,0.07291666666666663,6.59375,0,9,96
2462,218127,39.6233333333334,0.25,6.666666666666667,0,7,96
2463,218223,36.46999999999997,0.25,6.75,0,13,96
2464,218319,59.65666666666674,0.02083333333333337,6.895833333333333,0,8,96
2465,218415,31.97166666666662,0.3125,6.677083333333333,0,10,96
2466,218511,59.76833333333339,0.02083333333333337,7.010416666666667,0,9,96
2467,218607,39.26999999999999,0.23958333333333337,6.8125,0,9,96
2468,218703,18.588333333333328,0.41666666666666663,6.697916666666667,0,15,96
2469,218799,50.596666666666735,0.10416666666666663,6.583333333333333,0,13,96
2470,218895,39.618333333333375,0.13541666666666663,6.822916666666667,0,26,96
2471,218991,24.67666666666662,0.30208333333333337,6.395833333333333,0,27,96
2472,219087,-2.801666666666668,0.5729166666666667,6.572916666666667,0,30,96
2473,219183,26.43999999999994,0.32291666666666663,6.6875,0,19,96
2474,219279,19.336666666666645,0.39583333333333337,6.708333333333333,0,18,96
2475,219375,61.10166666666674,0.02083333333333337,6.802083333333333,0,9,96
2476,219471,38.681666666666636,0.17708333333333337,6.677083333333333,0,21,96
2477,219567,30.53333333333332,0.3125,6.666666666666667,0,14,96
2478,219663,26.438333333333304,0.35416666666666663,6.697916666666667,0,13,96
2479,219759,48.54333333333341,0.13541666666666663,6.791666666666667,0,10,96
2480,219855,43.85333333333336,0.15625,6.729166666666667,0,16,96
2481,219951,41.94833333333335,0.19791666666666663,6.635416666666667,0,12,96
2482,220047,12.173333333333336,0.5,6.666666666666667,0,14,96
2483,220143,52.796666666666724,0.08333333333333337,6.770833333333333,0,11,96
2484,220239,51.14000000000006,0.13541666666666663,6.625,0,7,96
2485,220335,20.30166666666665,0.42708333333333337,6.614583333333333,0,12,96
2486,220431,-12.195000000000004,0.7916666666666666,6.46875,0,9,96
2487,220527,48.8383333333334,0.14583333333333337,6.447916666666667,0,9,96
2488,220623,37.3116666666667,0.27083333333333337,6.677083333333333,0,8,96
2489,220719,61.55166666666675,0.02083333333333337,6.677083333333333,0,8,96
2490,220815,34.273333333333355,0.26041666666666663,6.791666666666667,0,14,96
2491,220911,47.821666666666694,0.13541666666666663,6.739583333333333,0,12,96
2492,221007,37.025000000000006,0.25,6.71875,0,12,96
2493,221103,56.048333333333396,0.0625,6.510416666666667,0,12,96
2494,221199,63.331666666666734,0.01041666666666663,6.739583333333333,0,7,96
2495,221295,43.725,0.1875,6.71875,0,11,96
2496,221391,46.85500000000006,0.14583333333333337,6.65625,0,14,96
2497,221487,41.67833333333334,0.19791666666666663,6.760416666666667,0,11,96
2498,221583,44.51833333333335,0.15625,6.760416666666667,0,13,96
2499,221679,26.038333333333277,0.38541666666666663,6.447916666666667,0,10,96
2500,221775,31.15999999999998,0.30208333333333337,6.75,0,12,96
2501,221871,19.738333333333294,0.42708333333333337,6.635416666666667,0,11,96
2502,221967,36.76666666666666,0.26041666666666663,6.583333333333333,0,11,96
2503,222063,44.24833333333335,0.16666666666666663,6.572916666666667,0,15,96
2504,222159,49.650000000000034,0.13541666666666663,6.5625,0,12,96
2505,222255,4.8783333333333365,0.6041666666666667,6.447916666666667,0,9,96
2506,222351,35.23666666666663,0.27083333333333337,6.583333333333333,0,11,96
2507,222447,58.73000000000006,0.04166666666666663,6.5625,0,11,96
2508,222543,45.50333333333334,0.19791666666666663,6.604166666666667,0,7,96
2509,222639,28.9533333333333,0.35416666666666663,6.416666666666667,0,11,96
2510,222735,36.931666666666665,0.25,6.552083333333333,0,15,96
2511,222831,28.320000000000004,0.3125,6.6875,0,17,96
2512,222927,62.83000000000008,0.01041666666666663,6.625,0,8,96
2513,223023,53.40666666666674,0.10416666666666663,6.708333333333333,0,7,96
2514,223119,18.12166666666666,0.48958333333333337,6.364583333333333,0,7,96
2515,223215,34.42500000000005,0.27083333333333337,6.78125,0,13,96
2516,223311,49.67000000000002,0.13541666666666663,6.4375,0,11,96
2517,223407,65.32166666666674,0.0,6.802083333333333,0,4,96
2518,223503,58.82833333333339,0.01041666666666663,6.697916666666667,0,12,96
2519,223599,41.18666666666667,0.19791666666666663,6.708333333333333,0,13,96
2520,223695,42.77500000000004,0.15625,6.59375,0,17,96
2521,223791,38.316666666666656,0.20833333333333337,6.708333333333333,0,16,96
2522,223887,7.510000000000002,0.35416666666666663,6.5625,1,12,96
2523,223949,-2.3116666666666816,0.3870967741935484,6.403225806451613,1,5,62
2524,224045,47.26000000000004,0.17708333333333337,6.625,0,7,96
2525,224071,-16.541666666666668,0.5769230769230769,6.269230769230769,1,1,26
2526,224167,53.13833333333338,0.10416666666666663,6.822916666666667,0,8,96
2527,224263,27.199999999999967,0.375,6.5625,0,10,96
2528,224310,1.998333333333317,0.21276595744680848,6.659574468085107,1,2,47
2529,224406,56.700000000000045,0.05208333333333337,6.8125,0,10,96
2530,224502,37.865,0.26041666666666663,6.46875,0,10,96
2531,224598,32.08166666666664,0.29166666666666663,6.739583333333333,0,15,96
2532,224685,-8.385000000000003,0.5057471264367817,6.517241379310345,1,11,87
2533,224781,62.37166666666674,0.01041666666666663,6.864583333333333,0,7,96
2534,224877,25.478333333333293,0.32291666666666663,6.510416666666667,0,22,96
2535,224973,18.07999999999998,0.45833333333333337,6.5,0,12,96
2536,225069,40.176666666666655,0.21875,6.770833333333333,0,11,96
2537,225165,44.17333333333334,0.17708333333333337,6.604166666666667,0,11,96
2538,225261,14.626666666666669,0.44791666666666663,6.583333333333333,0,19,96
2539,225357,59.688333333333404,0.01041666666666663,6.697916666666667,0,11,96
2540,225453,25.51499999999996,0.36458333333333337,6.46875,0,15,96
2541,225549,40.90499999999998,0.19791666666666663,6.59375,0,15,96
2542,225645,17.706666666666646,0.4375,6.708333333333333,0,15,96
2543,225741,13.340000000000003,0.4375,6.75,0,20,96
2544,225837,48.81000000000003,0.03125,6.6875,0,29,96
2545,225933,39.016666666666666,0.07291666666666663,6.520833333333333,0,40,96
2546,226029,28.006666666666653,0.20833333333333337,6.395833333333333,0,36,96
2547,226125,3.2283333333333326,0.40625,6.385416666666667,0,48,96
2548,226221,43.76666666666668,0.03125,6.333333333333333,0,40,96
2549,226317,38.339999999999996,0.08333333333333337,6.4375,0,40,96
2550,226413,26.86999999999995,0.20833333333333337,6.3125,0,39,96
2551,226509,4.589999999999996,0.45833333333333337,6.25,0,36,96
2552,226605,3.944999999999996,0.48958333333333337,6.53125,0,32,96
2553,226701,12.393333333333334,0.39583333333333337,6.416666666666667,0,34,96
2554,226797,22.5433333333333,0.25,6.604166666666667,0,37,96
2555,226893,47.54333333333334,0.02083333333333337,6.416666666666667,0,35,96
2556,226989,51.21500000000005,0.04166666666666663,6.78125,0,20,96
2557,227085,24.72333333333331,0.22916666666666663,6.291666666666667,0,42,96
2558,227181,11.901666666666653,0.36458333333333337,6.677083333333333,0,38,96
2559,227277,43.77166666666668,0.05208333333333337,6.364583333333333,0,36,96
2560,227373,38.22166666666669,0.17708333333333337,6.302083333333333,0,24,96
2561,227469,45.9133333333333,0.03125,6.916666666666667,0,31,96
2562,227565,49.220000000000006,0.05208333333333337,7.0,0,21,96
2563,227661,33.5133333333333,0.15625,7.166666666666667,0,29,96
2564,227757,42.889999999999965,0.11458333333333337,6.875,0,22,96
2565,227853,56.4533333333334,0.03125,6.541666666666667,0,17,96
2566,227949,32.209999999999994,0.20833333333333337,6.6875,0,27,96
2567,228045,12.234999999999985,0.44791666666666663,6.34375,0,25,96
2568,228051,-21.583333333333332,1.0,3.3333333333333335,1,1,6
2569,228147,23.1083333333333,0.3125,6.572916666666667,0,25,96
2570,228243,25.573333333333295,0.29166666666666663,6.666666666666667,0,24,96
2571,228339,42.989999999999995,0.07291666666666663,6.3125,0,36,96
2572,228435,21.219999999999995,0.32291666666666663,6.375,0,31,96
2573,228531,31.508333333333336,0.19791666666666663,6.510416666666667,0,31,96
2574,228627,5.044999999999997,0.46875,6.34375,0,32,96
2575,228723,55.048333333333396,0.01041666666666663,6.510416666666667,0,21,96
2576,228819,20.476666666666645,0.33333333333333337,6.208333333333333,0,30,96
2577,228915,36.05166666666663,0.19791666666666663,6.364583333333333,0,26,96
2578,229011,13.636666666666645,0.33333333333333337,6.020833333333333,0,44,96
2579,229107,21.901666666666646,0.3125,6.239583333333333,0,30,96
2580,229203,14.57,0.44791666666666663,6.1875,0,21,96
2581,229287,0.13166666666666416,0.3928571428571429,5.916666666666667,1,16,84
2582,229383,36.100000000000016,0.25,6.3125,0,17,96
2583,229454,-18.865000000000002,0.5492957746478873,6.380281690140845,1,20,71
2584,229550,-18.40666666666667,0.6979166666666667,6.604166666666667,0,35,96
2585,229646,51.04000000000004,0.09375,5.8125,0,21,96
2586,229742,36.106666666666655,0.23958333333333337,5.958333333333333,0,22,96
2587,229791,-2.0516666666666694,0.26530612244897955,6.020408163265306,1,8,49
2588,229887,39.615,0.26041666666666663,6.21875,0,8,96
2589,229983,47.41833333333331,0.125,6.572916666666667,0,14,96
2590,230079,61.721666666666735,0.0,6.802083333333333,0,11,96
2591,230175,26.60166666666665,0.34375,6.302083333333333,0,17,96
2592,230271,26.179999999999986,0.3125,6.5625,0,21,96
2593,230367,34.22666666666666,0.22916666666666663,6.645833333333333,0,21,96
2594,230463,-2.9750000000000023,0.5833333333333333,6.46875,0,27,96
2595,230559,16.923333333333293,0.375,6.604166666666667,0,26,96
2596,230655,20.25499999999996,0.22916666666666663,6.78125,0,45,96
2597,230751,4.098333333333328,0.48958333333333337,6.447916666666667,0,32,96
2598,230847,2.3849999999999927,0.38541666666666663,6.96875,0,45,96
2599,230943,51.94833333333333,0.01041666666666663,6.447916666666667,0,27,96
2600,231039,35.19833333333329,0.16666666666666663,6.697916666666667,0,31,96
2601,231135,2.043333333333324,0.5520833333333333,6.541666666666667,0,24,96
2602,231231,43.718333333333355,0.04166666666666663,6.572916666666667,0,36,96
2603,231327,50.59333333333333,0.13541666666666663,6.479166666666667,0,8,96
2604,231423,49.29500000000003,0.125,6.40625,0,14,96
2605,231475,-7.013333333333337,0.3846153846153846,5.8076923076923075,1,10,52
2606,231517,0.751666666666658,0.1428571428571429,6.690476190476191,1,5,42
2607,231613,34.68333333333336,0.22916666666666663,5.666666666666667,0,28,96
2608,231673,-0.8283333333333545,0.23333333333333328,5.883333333333334,1,19,60
2609,231769,30.756666666666682,0.19791666666666663,6.458333333333333,0,35,96
2610,231865,59.156666666666695,0.02083333333333337,6.645833333333333,0,12,96
2611,231961,43.510000000000026,0.16666666666666663,6.6875,0,14,96
2612,232057,34.03499999999998,0.25,6.53125,0,16,96
2613,232153,16.838333333333324,0.44791666666666663,6.572916666666667,0,16,96
2614,232203,-4.540000000000013,0.28,6.48,1,11,50
2615,232299,40.925000000000026,0.125,6.59375,0,28,96
2616,232395,42.433333333333415,0.1875,6.166666666666667,0,14,96
2617,232491,34.76333333333333,0.20833333333333337,6.604166666666667,0,20,96
2618,232587,-3.3650000000000047,0.6354166666666667,6.71875,0,17,96
2619,232683,29.154999999999983,0.30208333333333337,6.59375,0,18,96
2620,232779,27.76166666666666,0.15625,6.427083333333333,0,46,96
2621,232875,31.10500000000004,0.21875,6.40625,0,31,96
2622,232971,63.011666666666734,0.01041666666666663,6.864583333333333,0,7,96
2623,233067,-4.240000000000005,0.5833333333333333,6.6875,0,28,96
2624,233163,59.66833333333341,0.03125,6.822916666666667,0,8,96
2625,233259,32.833333333333314,0.26041666666666663,6.791666666666667,0,18,96
2626,233355,26.403333333333315,0.20833333333333337,6.729166666666667,0,39,96
2627,233451,4.948333333333324,0.32291666666666663,6.697916666666667,0,58,96
2628,233547,0.34166666666666656,0.5104166666666667,6.552083333333333,0,34,96
2629,233643,45.328333333333326,0.04166666666666663,6.697916666666667,0,33,96
2630,233739,23.48166666666665,0.35416666666666663,6.677083333333333,0,18,96
2631,233835,35.424999999999976,0.27083333333333337,6.78125,0,11,96
2632,233931,59.60666666666674,0.01041666666666663,6.708333333333333,0,11,96
2633,234027,57.79166666666673,0.05208333333333337,6.739583333333333,0,10,96
2634,234123,52.226666666666695,0.08333333333333337,6.708333333333333,0,13,96
2635,234219,53.615000000000016,0.05208333333333337,6.84375,0,15,96
2636,234315,52.621666666666734,0.09375,6.739583333333333,0,11,96
2637,234411,35.42499999999998,0.23958333333333337,6.59375,0,16,96
2638,234507,10.831666666666656,0.5104166666666667,6.364583333333333,0,17,96
2639,234599,11.743333333333332,0.15217391304347827,6.239130434782608,1,39,92
2640,234695,19.473333333333308,0.30208333333333337,6.229166666666667,0,39,96
2641,234791,25.41833333333328,0.20833333333333337,6.322916666666667,0,43,96
2642,234887,40.08000000000005,0.125,6.5625,0,30,96
2643,234983,18.323333333333327,0.29166666666666663,6.479166666666667,0,41,96
2644,235079,47.33166666666671,0.10416666666666663,6.552083333333333,0,20,96
2645,235175,50.82000000000005,0.02083333333333337,6.4375,0,29,96
2646,235271,42.161666666666726,0.125,6.427083333333333,0,26,96
2647,235367,54.29333333333338,0.04166666666666663,6.541666666666667,0,17,96
2648,235463,25.973333333333308,0.13541666666666663,6.416666666666667,0,51,96
2649,235559,39.83833333333333,0.03125,6.197916666666667,0,46,96
2650,235655,40.63833333333335,0.05208333333333337,6.260416666666667,0,45,96
2651,235751,20.858333333333324,0.28125,6.510416666666667,0,37,96
2652,235847,37.15666666666663,0.19791666666666663,6.458333333333333,0,23,96
2653,235943,11.226666666666658,0.39583333333333337,6.645833333333333,0,32,96
2654,236039,21.863333333333326,0.32291666666666663,6.729166666666667,0,26,96
2655,236135,45.803333333333384,0.14583333333333337,6.791666666666667,0,14,96
2656,236231,24.07833333333331,0.27083333333333337,6.322916666666667,0,34,96
2657,236327,-5.411666666666667,0.6041666666666667,6.572916666666667,0,27,96
2658,236423,30.913333333333306,0.22916666666666663,6.166666666666667,0,31,96
2659,236519,33.32999999999999,0.15625,6.0,0,41,96
2660,236615,52.853333333333374,0.02083333333333337,6.479166666666667,0,26,96
2661,236711,33.00333333333337,0.21875,6.604166666666667,0,25,96
2662,236807,24.260000000000005,0.30208333333333337,6.125,0,30,96
2663,236903,49.54666666666671,0.10416666666666663,5.458333333333333,0,24,96
2664,236999,28.339999999999954,0.3125,6.625,0,18,96
2665,237095,30.413333333333334,0.26041666666666663,5.916666666666667,0,28,96
2666,237191,26.266666666666627,0.34375,6.520833333333333,0,16,96
2667,237287,22.018333333333324,0.375,6.510416666666667,0,19,96
2668,237383,45.865000000000045,0.07291666666666663,5.65625,0,33,96
2669,237479,43.365,0.16666666666666663,6.96875,0,13,96
2670,237575,32.03666666666664,0.17708333333333337,6.583333333333333,0,34,96
2671,237671,45.943333333333385,0.10416666666666663,6.666666666666667,0,20,96
2672,237767,36.660000000000046,0.20833333333333337,6.5,0,20,96
2673,237863,39.191666666666656,0.20833333333333337,6.614583333333333,0,14,96
2674,237959,41.42000000000003,0.17708333333333337,6.75,0,17,96
2675,238055,40.595,0.17708333333333337,6.71875,0,17,96
2676,238151,38.68000000000002,0.23958333333333337,6.625,0,11,96
2677,238247,56.3583333333334,0.05208333333333337,6.572916666666667,0,12,96
2678,238343,29.51166666666667,0.27083333333333337,6.552083333333333,0,21,96
2679,238439,41.71666666666674,0.16666666666666663,6.270833333333333,0,19,96
2680,238535,36.24666666666672,0.25,6.520833333333333,0,14,96
2681,238631,22.515,0.32291666666666663,6.46875,0,27,96
2682,238727,51.00000000000004,0.08333333333333337,6.75,0,16,96
2683,238823,54.5866666666667,0.05208333333333337,6.083333333333333,0,15,96
2684,238919,32.476666666666695,0.28125,6.645833333333333,0,12,96
2685,239015,32.756666666666646,0.26041666666666663,6.770833333333333,0,19,96
2686,239111,46.9133333333334,0.11458333333333337,6.541666666666667,0,20,96
2687,239207,8.46166666666666,0.5,6.739583333333333,0,21,96
2688,239303,29.87166666666665,0.30208333333333337,6.302083333333333,0,17,96
2689,239399,31.20999999999998,0.28125,6.5,0,17,96
2690,239495,54.1633333333334,0.0625,6.729166666666667,0,14,96
2691,239591,37.654999999999994,0.25,6.84375,0,10,96
2692,239687,56.14000000000005,0.07291666666666663,6.3125,0,10,96
2693,239783,34.57999999999999,0.30208333333333337,6.3125,0,9,96
2694,239879,58.848333333333386,0.03125,6.697916666666667,0,10,96
2695,239975,14.298333333333325,0.46875,6.510416666666667,0,15,96
2696,240071,25.08499999999997,0.39583333333333337,6.59375,0,8,96
2697,240167,38.584999999999994,0.16666666666666663,6.65625,0,23,96
2698,240263,29.321666666666616,0.15625,6.864583333333333,0,40,96
2699,240359,26.48499999999997,0.23958333333333337,6.90625,0,33,96
2700,240455,-5.689999999999997,0.6354166666666667,6.875,0,20,96
2701,240551,40.29000000000002,0.20833333333333337,6.3125,0,15,96
2702,240647,37.6833333333333,0.19791666666666663,6.666666666666667,0,20,96
2703,240655,-20.958333333333336,0.75,3.625,1,2,8
2704,240751,15.50999999999999,0.39583333333333337,6.4375,0,28,96
2705,240847,46.698333333333366,0.08333333333333337,6.385416666666667,0,23,96
2706,240943,15.976666666666642,0.44791666666666663,6.708333333333333,0,16,96
2707,241039,49.48833333333338,0.0625,7.072916666666667,0,17,96
2708,241135,16.370000000000008,0.48958333333333337,6.5,0,8,96
2709,241231,27.231666666666637,0.34375,6.677083333333333,0,13,96
2710,241327,16.704999999999963,0.45833333333333337,6.78125,0,11,96
2711,241423,51.44000000000001,0.03125,7.25,0,18,96
2712,241519,18.32166666666666,0.4375,6.677083333333333,0,11,96
2713,241615,55.153333333333336,0.125,6.354166666666667,0,3,96
2714,241711,39.226666666666645,0.23958333333333337,6.833333333333333,0,8,96
2715,241807,19.97499999999996,0.4375,6.59375,0,10,96
2716,241903,13.52333333333333,0.48958333333333337,6.791666666666667,0,12,96
2717,241999,13.053333333333333,0.38541666666666663,7.041666666666667,0,27,96
2718,242095,18.811666666666632,0.27083333333333337,6.989583333333333,0,36,96
2719,242191,5.983333333333332,0.5208333333333333,6.479166666666667,0,23,96
2720,242287,39.268333333333324,0.22916666666666663,6.635416666666667,0,11,96
2721,242383,39.31166666666664,0.19791666666666663,6.802083333333333,0,15,96
2722,242479,43.386666666666684,0.16666666666666663,6.833333333333333,0,14,96
2723,242575,56.585000000000036,0.0625,6.65625,0,10,96
2724,242671,36.86833333333334,0.23958333333333337,7.197916666666667,0,11,96
2725,242767,60.603333333333346,0.03125,6.604166666666667,0,6,96
2726,242863,42.65166666666668,0.1875,6.489583333333333,0,12,96
2727,242959,40.313333333333325,0.1875,6.916666666666667,0,15,96
2728,243055,39.065,0.22916666666666663,6.59375,0,12,96
2729,243151,31.501666666666647,0.29166666666666663,6.302083333333333,0,16,96
2730,243247,7.570000000000002,0.48958333333333337,6.6875,0,21,96
2731,243329,13.115000000000027,0.23170731707317072,6.402439024390244,1,12,82
2732,243425,54.25333333333337,0.05208333333333337,6.291666666666667,0,16,96
2733,243521,7.843333333333332,0.44791666666666663,6.291666666666667,0,31,96
2734,243617,47.144999999999996,0.09375,6.28125,0,20,96
2735,243713,25.309999999999988,0.28125,6.4375,0,30,96
2736,243809,38.19833333333336,0.1875,6.385416666666667,0,20,96
2737,243905,11.431666666666656,0.47916666666666663,6.239583333333333,0,23,96
2738,244001,27.974999999999984,0.27083333333333337,6.40625,0,22,96
2739,244097,8.106666666666667,0.39583333333333337,6.770833333333333,0,37,96
2740,244193,39.865,0.16666666666666663,6.21875,0,20,96
2741,244289,55.52666666666671,0.02083333333333337,6.520833333333333,0,22,96
2742,244385,-2.666666666666668,0.46875,7.041666666666667,0,41,96
2743,244481,31.583333333333343,0.1875,7.041666666666667,0,31,96
2744,244577,27.473333333333315,0.3125,6.729166666666667,0,18,96
2745,244673,42.92166666666668,0.09375,6.364583333333333,0,31,96
2746,244769,56.06833333333337,0.03125,6.072916666666667,0,19,96
2747,244865,3.7916666666666625,0.48958333333333337,6.677083333333333,0,30,96
2748,244961,39.81500000000002,0.22916666666666663,6.15625,0,14,96
2749,245057,35.42166666666667,0.25,6.302083333333333,0,16,96
2750,245153,43.48000000000004,0.10416666666666663,6.0625,0,24,96
2751,245249,31.088333333333363,0.3125,6.760416666666667,0,11,96
2752,245345,30.77666666666663,0.3125,6.395833333333333,0,15,96
2753,245441,32.928333333333384,0.30208333333333337,6.385416666666667,0,13,96
2754,245537,17.37166666666666,0.41666666666666663,6.489583333333333,0,18,96
2755,245633,21.594999999999967,0.40625,6.28125,0,15,96
2756,245729,28.571666666666676,0.22916666666666663,6.239583333333333,0,29,96
2757,245825,55.710000000000065,0.01041666666666663,7.0,0,19,96
2758,245921,33.45333333333332,0.25,6.229166666666667,0,19,96
2759,246017,1.0383333333333304,0.5416666666666667,6.322916666666667,0,26,96
2760,246113,40.20833333333332,0.21875,6.510416666666667,0,12,96
2761,246209,36.41499999999997,0.21875,6.53125,0,21,96
2762,246305,17.363333333333333,0.36458333333333337,6.291666666666667,0,27,96
2763,246401,4.506666666666657,0.44791666666666663,6.708333333333333,0,35,96
2764,246497,36.14833333333333,0.22916666666666663,6.697916666666667,0,18,96
2765,246593,37.69000000000002,0.15625,6.375,0,29,96
2766,246689,32.62,0.28125,6.1875,0,15,96
2767,246785,37.525,0.17708333333333337,6.34375,0,25,96
2768,246881,15.274999999999995,0.3125,6.46875,0,40,96
2769,246977,50.68166666666669,0.05208333333333337,6.177083333333333,0,22,96
2770,247073,25.98333333333333,0.29166666666666663,6.291666666666667,0,28,96
2771,247169,14.456666666666663,0.42708333333333337,5.958333333333333,0,26,96
2772,247265,8.249999999999993,0.5416666666666667,5.8125,0,19,96
2773,247350,34.208333333333364,0.07058823529411762,5.235294117647059,1,7,85
2774,247446,35.35666666666666,0.20833333333333337,5.583333333333333,0,29,96
2775,247542,40.78833333333334,0.10416666666666663,5.572916666666667,0,38,96
2776,247638,48.14833333333333,0.04166666666666663,5.322916666666667,0,38,96
2777,247734,24.121666666666666,0.35416666666666663,6.177083333333333,0,17,96
2778,247830,20.03499999999999,0.32291666666666663,6.03125,0,30,96
2779,247926,15.304999999999998,0.40625,6.46875,0,23,96
2780,248022,50.37833333333338,0.07291666666666663,5.885416666666667,0,24,96
2781,248118,30.509999999999994,0.16666666666666663,5.9375,0,44,96
2782,248214,4.2766666666666655,0.45833333333333337,6.333333333333333,0,37,96
2783,248310,22.469999999999985,0.27083333333333337,6.625,0,33,96
2784,248406,32.67499999999999,0.19791666666666663,6.53125,0,29,96
2785,248502,46.05,0.01041666666666663,6.3125,0,40,96
2786,248598,40.755,0.15625,6.40625,0,23,96
2787,248694,9.106666666666662,0.47916666666666663,6.458333333333333,0,23,96
2788,248790,14.794999999999993,0.33333333333333337,6.40625,0,39,96
2789,248886,12.99166666666666,0.33333333333333337,6.114583333333333,0,45,96
2790,248982,33.39999999999997,0.09375,6.25,0,49,96
2791,249078,29.688333333333322,0.27083333333333337,6.385416666666667,0,23,96
2792,249174,42.97999999999999,0.08333333333333337,6.5625,0,29,96
2793,249270,41.599999999999994,0.07291666666666663,6.5,0,34,96
2794,249366,45.910000000000004,0.02083333333333337,6.6875,0,36,96
2795,249462,49.728333333333346,0.02083333333333337,6.635416666666667,0,28,96
2796,249558,26.504999999999978,0.23958333333333337,6.40625,0,34,96
2797,249654,32.854999999999976,0.125,6.53125,0,40,96
2798,249750,-0.29500000000000637,0.46875,6.53125,0,42,96
2799,249846,33.95833333333336,0.13541666666666663,6.322916666666667,0,38,96
2800,249942,17.645,0.34375,6.40625,0,32,96
2801,250038,38.65833333333334,0.11458333333333337,6.635416666666667,0,30,96
2802,250134,16.45333333333332,0.39583333333333337,6.416666666666667,0,26,96
2803,250230,25.161666666666633,0.32291666666666663,6.489583333333333,0,23,96
2804,250326,-3.2166666666666694,0.5520833333333333,6.354166666666667,0,34,96
2805,250422,26.771666666666658,0.29166666666666663,6.364583333333333,0,26,96
2806,250518,55.840000000000046,0.04166666666666663,6.6875,0,13,96
2807,250614,10.161666666666662,0.48958333333333337,6.677083333333333,0,19,96
2808,250710,53.201666666666696,0.02083333333333337,6.614583333333333,0,22,96
2809,250806,28.17666666666665,0.3125,6.645833333333333,0,18,96
2810,250902,23.191666666666652,0.35416666666666663,6.614583333333333,0,19,96
2811,250998,7.644999999999981,0.5,6.65625,0,22,96
2812,251094,37.526666666666664,0.11458333333333337,6.645833333333333,0,34,96
2813,251190,11.86333333333333,0.33333333333333337,6.791666666666667,0,42,96
2814,251286,15.45833333333333,0.30208333333333337,6.885416666666667,0,41,96
2815,251382,16.839999999999975,0.27083333333333337,6.6875,0,45,96
2816,251478,15.533333333333317,0.3125,6.416666666666667,0,42,96
2817,251574,-1.6599999999999993,0.5520833333333333,6.375,0,32,96
2818,251670,40.58333333333336,0.125,6.229166666666667,0,29,96
2819,251766,11.706666666666656,0.36458333333333337,6.520833333333333,0,39,96
2820,251862,32.80833333333333,0.16666666666666663,6.760416666666667,0,33,96
2821,251958,34.463333333333324,0.15625,6.416666666666667,0,35,96
2822,252054,49.343333333333376,0.03125,5.979166666666667,0,33,96
2823,252150,27.636666666666645,0.23958333333333337,6.583333333333333,0,32,96
2824,252246,39.24500000000002,0.15625,6.46875,0,26,96
2825,252342,39.860000000000035,0.14583333333333337,6.625,0,27,96
2826,252438,29.581666666666653,0.23958333333333337,6.239583333333333,0,31,96
2827,252534,48.0716666666667,0.0,6.739583333333333,0,34,96
2828,252559,-21.15,0.52,6.48,1,10,25
2829,252655,0.15999999999999837,0.5,6.375,0,37,96
2830,252751,40.79333333333335,0.16666666666666663,6.229166666666667,0,23,96
2831,252847,28.77333333333331,0.21875,6.729166666666667,0,32,96
2832,252943,12.003333333333325,0.33333333333333337,7.166666666666667,0,38,96
2833,253039,30.734999999999975,0.14583333333333337,6.96875,0,38,96
2834,253135,26.524999999999988,0.21875,6.34375,0,37,96
2835,253231,32.74333333333334,0.17708333333333337,6.666666666666667,0,30,96
2836,253327,31.831666666666646,0.19791666666666663,6.489583333333333,0,33,96
2837,253423,32.43166666666664,0.15625,6.302083333333333,0,39,96
2838,253519,47.261666666666656,0.125,6.489583333333333,0,17,96
2839,253615,32.97500000000002,0.28125,6.21875,0,16,96
2840,253711,48.234999999999985,0.10416666666666663,6.28125,0,19,96
2841,253807,30.476666666666663,0.19791666666666663,6.583333333333333,0,32,96
2842,253903,41.844999999999956,0.07291666666666663,6.65625,0,35,96
2843,253999,8.008333333333333,0.36458333333333337,7.135416666666667,0,42,96
2844,254095,0.2099999999999953,0.5104166666666667,6.6875,0,32,96
2845,254191,25.618333333333357,0.20833333333333337,7.510416666666667,0,34,96
2846,254287,38.53833333333333,0.0625,7.197916666666667,0,39,96
2847,254383,26.58833333333332,0.21875,6.510416666666667,0,36,96
2848,254479,23.98333333333332,0.29166666666666663,6.291666666666667,0,31,96
2849,254575,28.11166666666668,0.20833333333333337,6.614583333333333,0,36,96
2850,254671,5.506666666666658,0.40625,6.708333333333333,0,42,96
2851,254732,-2.4200000000000053,0.2622950819672131,6.786885245901639,1,16,61
2852,254828,31.24333333333329,0.16666666666666663,7.291666666666667,0,33,96
2853,254924,52.910000000000025,0.0625,6.875,0,14,96
2854,255020,36.10333333333333,0.21875,6.666666666666667,0,21,96
2855,255116,37.109999999999985,0.21875,6.875,0,17,96
2856,255212,29.064999999999976,0.1875,6.34375,0,38,96
2857,255308,45.15666666666665,0.08333333333333337,7.020833333333333,0,24,96
2858,255404,55.07500000000003,0.01041666666666663,6.34375,0,23,96
2859,255500,58.421666666666695,0.0,6.802083333333333,0,16,96
2860,255596,40.02166666666667,0.20833333333333337,6.864583333333333,0,13,96
2861,255692,43.99666666666667,0.125,6.458333333333333,0,23,96
2862,255788,54.81500000000001,0.01041666666666663,6.78125,0,22,96
2863,255884,2.324999999999997,0.5104166666666667,6.71875,0,29,96
2864,255980,40.62166666666665,0.1875,6.864583333333333,0,15,96
2865,256076,46.043333333333386,0.02083333333333337,6.229166666666667,0,39,96
2866,256172,28.96499999999998,0.30208333333333337,6.84375,0,18,96
2867,256268,18.224999999999966,0.39583333333333337,6.59375,0,22,96
2868,256364,14.794999999999993,0.38541666666666663,6.84375,0,28,96
2869,256460,32.88833333333334,0.19791666666666663,6.572916666666667,0,28,96
2870,256556,33.430000000000014,0.17708333333333337,6.625,0,32,96
2871,256652,42.29000000000001,0.11458333333333337,6.75,0,24,96
2872,256748,37.27000000000002,0.13541666666666663,6.5625,0,30,96
2873,256844,-9.986666666666668,0.6354166666666667,6.291666666666667,0,33,96
2874,256940,22.63833333333333,0.29166666666666663,6.572916666666667,0,30,96
2875,257036,47.51499999999999,0.05208333333333337,5.53125,0,35,96
2876,257132,25.525000000000013,0.26041666666666663,5.84375,0,38,96
2877,257172,-21.185000000000002,0.55,6.375,1,13,40
2878,257268,40.786666666666676,0.16666666666666663,5.395833333333333,0,30,96
2879,257364,22.22333333333334,0.3125,6.479166666666667,0,29,96
2880,257460,17.578333333333326,0.32291666666666663,6.322916666666667,0,37,96
2881,257556,63.386666666666635,0.03125,5.583333333333333,0,10,96
2882,257652,7.378333333333327,0.48958333333333337,6.385416666666667,0,25,96
2883,257748,27.529999999999973,0.3125,6.625,0,19,96
2884,257844,11.284999999999988,0.44791666666666663,6.15625,0,27,96
2885,257940,21.82166666666665,0.36458333333333337,6.614583333333333,0,21,96
2886,258036,29.688333333333304,0.1875,6.822916666666667,0,36,96
2887,258132,33.26,0.14583333333333337,6.4375,0,39,96
2888,258228,32.62333333333333,0.14583333333333337,6.979166666666667,0,36,96
2889,258324,29.396666666666643,0.1875,6.395833333333333,0,38,96
2890,258420,20.968333333333312,0.28125,6.697916666666667,0,37,96
2891,258516,27.224999999999977,0.29166666666666663,6.71875,0,22,96
2892,258612,0.8400000000000027,0.48958333333333337,6.8125,0,35,96
2893,258708,31.934999999999995,0.14583333333333337,7.15625,0,33,96
2894,258804,39.15166666666662,0.10416666666666663,7.239583333333333,0,28,96
2895,258900,35.171666666666646,0.13541666666666663,7.614583333333333,0,26,96
2896,258996,41.11499999999995,0.15625,6.90625,0,18,96
2897,259092,34.738333333333294,0.25,6.697916666666667,0,17,96
2898,259188,48.29666666666663,0.03125,7.395833333333333,0,22,96
2899,259284,41.73499999999997,0.0625,7.40625,0,28,96
2900,259380,17.881666666666646,0.3125,7.239583333333333,0,28,96
2901,259476,40.41833333333331,0.05208333333333337,7.510416666666667,0,31,96
2902,259572,38.95499999999996,0.15625,7.03125,0,21,96
2903,259668,12.584999999999996,0.42708333333333337,6.71875,0,25,96
2904,259764,-10.726666666666665,0.6145833333333333,6.479166666666667,0,37,96
2905,259860,2.858333333333333,0.4375,7.010416666666667,0,38,96
2906,259956,46.04499999999997,0.125,6.84375,0,15,96
2907,260052,36.32499999999998,0.19791666666666663,6.84375,0,21,96
2908,260148,22.213333333333342,0.35416666666666663,6.854166666666667,0,19,96
2909,260244,25.963333333333317,0.3125,6.479166666666667,0,24,96
2910,260340,24.72166666666668,0.39583333333333337,6.489583333333333,0,9,96
2911,260436,31.37999999999998,0.28125,6.8125,0,14,96
2912,260532,15.123333333333328,0.42708333333333337,6.666666666666667,0,19,96
2913,260628,14.804999999999973,0.4375,6.34375,0,22,96
2914,260724,36.83833333333331,0.26041666666666663,6.510416666666667,0,12,96
2915,260820,16.39333333333333,0.39583333333333337,6.541666666666667,0,24,96
2916,260916,35.304999999999964,0.27083333333333337,6.46875,0,11,96
2917,261012,32.23166666666664,0.32291666666666663,6.614583333333333,0,8,96
2918,261108,34.6316666666667,0.26041666666666663,6.739583333333333,0,15,96
2919,261204,15.451666666666654,0.44791666666666663,6.614583333333333,0,18,96
2920,261300,60.03000000000003,0.02083333333333337,7.0,0,8,96
2921,261396,13.633333333333335,0.48958333333333337,6.229166666666667,0,16,96
2922,261492,7.576666666666662,0.5416666666666667,6.458333333333333,0,16,96
2923,261588,34.62499999999999,0.23958333333333337,6.59375,0,18,96
2924,261684,49.46500000000004,0.09375,6.71875,0,15,96
2925,261780,40.08166666666667,0.27083333333333337,6.614583333333333,0,5,96
2926,261876,60.16166666666673,0.03125,6.177083333333333,0,12,96
2927,261972,15.018333333333318,0.47916666666666663,6.572916666666667,0,13,96
2928,262068,36.91833333333332,0.26041666666666663,6.572916666666667,0,12,96
2929,262164,54.28500000000003,0.09375,6.71875,0,8,96
2930,262260,34.621666666666684,0.28125,6.364583333333333,0,12,96
2931,262356,57.30166666666672,0.07291666666666663,6.989583333333333,0,5,96
2932,262452,39.78000000000001,0.22916666666666663,6.8125,0,11,96
2933,262548,31.608333333333317,0.30208333333333337,6.385416666666667,0,15,96
2934,262644,46.74166666666674,0.16666666666666663,6.614583333333333,0,11,96
2935,262740,58.90833333333338,0.0625,6.822916666666667,0,5,96
2936,262836,15.406666666666661,0.4375,6.395833333333333,0,21,96
2937,262932,28.57166666666665,0.34375,6.364583333333333,0,14,96
2938,263028,51.43000000000003,0.15625,5.875,0,7,96
2939,263124,9.659999999999975,0.48958333333333337,6.5625,0,22,96
2940,263220,31.423333333333307,0.3125,6.291666666666667,0,14,96
2941,263316,-9.053333333333338,0.6458333333333333,6.583333333333333,0,26,96
2942,263412,42.15166666666667,0.09375,6.552083333333333,0,32,96
2943,263508,36.0483333333334,0.20833333333333337,6.072916666666667,0,24,96
2944,263604,49.33666666666669,0.03125,6.458333333333333,0,30,96
2945,263700,57.94666666666669,0.04166666666666663,6.458333333333333,0,13,96
2946,263796,38.058333333333294,0.16666666666666663,6.447916666666667,0,26,96
2947,263892,6.06666666666667,0.53125,6.208333333333333,0,22,96
2948,263988,20.43,0.36458333333333337,6.125,0,25,96
2949,264084,33.71833333333334,0.21875,6.135416666666667,0,25,96
2950,264180,30.14333333333332,0.23958333333333337,6.041666666666667,0,29,96
2951,264276,26.043333333333337,0.32291666666666663,6.666666666666667,0,18,96
2952,264372,25.17666666666664,0.3125,5.833333333333333,0,30,96
2953,264468,24.67666666666665,0.3125,6.458333333333333,0,22,96
2954,264564,13.37333333333333,0.40625,6.166666666666667,0,31,96
2955,264660,59.788333333333355,0.02083333333333337,6.822916666666667,0,9,96
2956,264756,34.64166666666665,0.22916666666666663,6.302083333333333,0,24,96
2957,264852,34.823333333333366,0.22916666666666663,6.291666666666667,0,23,96
2958,264948,39.483333333333356,0.13541666666666663,6.354166666666667,0,30,96
2959,265044,38.52000000000002,0.16666666666666663,6.4375,0,26,96
2960,265140,26.661666666666665,0.30208333333333337,6.177083333333333,0,27,96
2961,265236,38.87333333333335,0.1875,6.479166666666667,0,22,96
2962,265332,14.716666666666658,0.4375,6.333333333333333,0,22,96
2963,265428,9.103333333333328,0.5,6.229166666666667,0,23,96
2964,265500,-4.611666666666675,0.33333333333333337,6.013888888888889,1,25,72
2965,265596,2.9233333333333302,0.48958333333333337,6.166666666666667,0,35,96
2966,265692,16.254999999999978,0.34375,6.21875,0,35,96
2967,265788,45.58333333333337,0.0625,6.354166666666667,0,31,96
2968,265884,38.89333333333333,0.09375,5.666666666666667,0,43,96
2969,265980,18.54666666666665,0.29166666666666663,6.083333333333333,0,42,96
2970,266076,35.44666666666668,0.15625,6.145833333333333,0,34,96
2971,266172,21.734999999999957,0.39583333333333337,6.78125,0,15,96
2972,266268,24.208333333333325,0.3125,6.947916666666667,0,22,96
2973,266364,16.904999999999987,0.40625,6.53125,0,22,96
2974,266460,54.73000000000006,0.0,6.5625,0,25,96
2975,266556,35.774999999999984,0.23958333333333337,6.53125,0,18,96
2976,266652,29.363333333333312,0.28125,6.479166666666667,0,22,96
2977,266748,26.673333333333304,0.25,6.354166666666667,0,34,96
2978,266844,46.73166666666668,0.16666666666666663,6.427083333333333,0,12,96
2979,266940,2.666666666666661,0.5520833333333333,6.395833333333333,0,23,96
2980,267036,30.93500000000001,0.28125,6.46875,0,20,96
2981,267132,34.538333333333355,0.20833333333333337,6.697916666666667,0,21,96
2982,267228,26.164999999999974,0.23958333333333337,6.28125,0,37,96
2983,267324,35.276666666666664,0.23958333333333337,6.270833333333333,0,18,96
2984,267420,27.97166666666664,0.30208333333333337,6.489583333333333,0,20,96
2985,267516,32.206666666666656,0.29166666666666663,6.833333333333333,0,12,96
2986,267612,59.78500000000004,0.03125,6.71875,0,8,96
2987,267708,33.01333333333332,0.29166666666666663,6.479166666666667,0,13,96
2988,267804,44.44666666666666,0.13541666666666663,7.145833333333333,0,13,96
2989,267900,-11.283333333333333,0.7395833333333333,7.208333333333333,0,11,96
2990,267996,46.44666666666671,0.14583333333333337,6.833333333333333,0,10,96
2991,268092,26.393333333333278,0.36458333333333337,6.791666666666667,0,10,96
2992,268188,46.28500000000002,0.15625,6.90625,0,10,96
2993,268284,60.28166666666672,0.03125,6.864583333333333,0,6,96
2994,268380,8.85166666666666,0.5104166666666667,6.302083333333333,0,20,96
2995,268476,39.143333333333345,0.23958333333333337,6.854166666666667,0,9,96
2996,268572,59.368333333333396,0.03125,6.822916666666667,0,9,96
2997,268668,23.761666666666656,0.35416666666666663,6.614583333333333,0,18,96
2998,268764,59.39000000000006,0.01041666666666663,6.8125,0,12,96
2999,268860,39.496666666666705,0.1875,6.333333333333333,0,20,96
